portfolio_id,portfolio_name,ticker,model_name,signal_source,strategy_name,label_mode,label_version,decision_id,signal_id,transaction_id,action,decision_timestamp_utc,market_date,execution_date,execution_price,previous_close,open,high,low,close,volume,quantity,shares_before,shares_after,cash_before,cash_after,position_value_before,position_value_after,portfolio_value_before,portfolio_value_after,weight_target,weight_actual_before,weight_actual,score,confidence,probability_up,threshold_used,rsi,macd,macd_signal,macd_hist,bb_upper,bb_lower,bb_middle,sma20,sma50,return_1d_after,return_5d_after,return_20d_after,trade_pnl_abs,trade_pnl_pct,holding_period_days,hit,reason,triggered_rules,data_version,strategy_version,generated_at_utc,cumulative_pnl,drawdown_after_trade,max_drawdown_to_date
experimental_ensemble,Experimental – Model Consensus,PG,ensemble_majority,ensemble_majority,ensemble_majority,binary,binary-2026-05,D-experimental_ensemble-ae8f3f9f0ecc,S-PG-ensemble_majority-20230605-53c815,T-experimental_ensemble-44452c7bf477,BUY,2026-05-17T18:43:36Z,2023-06-05,2023-06-05,146.05,146.52,146.05,147.85,145.73,145.94,4753700,114.0,0.0,114.0,100000.0,83350.3,0.0,16649.7,100000.0,99987.46,0.1667,0.0,0.1665,2.0,0.5,0.7,2.0,31.84,,,,,,,,,-0.009936,-0.003632,0.043168,,,,,majority_buy>=2,majority_buy>=2,2026-05-15,1.0,2026-05-17T18:43:36Z,0.0,0.0,0.0
experimental_ensemble,Experimental – Model Consensus,UNH,ensemble_majority,ensemble_majority,ensemble_majority,binary,binary-2026-05,D-experimental_ensemble-50b2061f82ee,S-UNH-ensemble_majority-20230614-46f811,T-experimental_ensemble-4aaf4c74f21a,BUY,2026-05-17T18:43:36Z,2023-06-14,2023-06-14,454.64,491.31,454.64,460.63,445.68,459.86,14672400,36.0,0.0,36.0,83350.3,66983.26,0.0,16367.04,100042.18,100230.1,0.1667,0.0,0.1633,3.0,0.75,0.8,2.0,31.72,,,,502.5046,467.3724,484.9385,484.9385,,0.013113,0.04173,0.044166,,,,,majority_buy>=2,majority_buy>=2,2026-05-15,1.0,2026-05-17T18:43:36Z,0.0,0.0,0.0
experimental_ensemble,Experimental – Model Consensus,XOM,ensemble_majority,ensemble_majority,ensemble_majority,binary,binary-2026-05,D-experimental_ensemble-bda67e165cbe,S-XOM-ensemble_majority-20230714-d4c9c8,T-experimental_ensemble-3de709dbce50,BUY,2026-05-17T18:43:36Z,2023-07-14,2023-07-14,104.05,104.54,104.05,104.05,100.53,100.94,28181900,162.0,0.0,162.0,66983.26,50127.16,0.0,16856.1,101375.08,100871.26,0.1667,0.0,0.1671,2.0,0.5,0.7,2.0,38.4,-0.2444,0.0499,-0.2943,108.2404,101.2176,104.729,104.729,,0.004359,0.029225,0.107886,,,,,majority_buy>=2,majority_buy>=2,2026-05-15,1.0,2026-05-17T18:43:36Z,0.0,0.0,0.0
experimental_ensemble,Experimental – Model Consensus,XOM,ensemble_majority,ensemble_majority,ensemble_majority,binary,binary-2026-05,D-experimental_ensemble-9fe51150875f,S-XOM-ensemble_majority-20230720-40c3ee,T-experimental_ensemble-949ee79c2751,SELL,2026-05-17T18:43:36Z,2023-07-20,2023-07-20,102.54,101.62,102.54,103.66,102.36,103.41,15740200,162.0,162.0,0.0,50127.16,66738.64,16611.48,0.0,102196.06,102055.12,0.1667,0.1625,0.0,2.0,0.5,0.3,2.0,47.89,-0.7318,-0.3923,-0.3395,108.3914,100.0386,104.215,104.215,,0.004642,0.019437,0.048254,-244.62,-0.014512,6,False,majority_sell>=2,majority_sell>=2,2026-05-15,1.0,2026-05-17T18:43:36Z,-244.62,0.0,0.0
experimental_ensemble,Experimental – Model Consensus,MSFT,ensemble_majority,ensemble_majority,ensemble_majority,binary,binary-2026-05,D-experimental_ensemble-d0647b7efecf,S-MSFT-ensemble_majority-20230721-a20576,T-experimental_ensemble-d3c440b898d1,BUY,2026-05-17T18:43:36Z,2023-07-21,2023-07-21,349.15,346.87,349.15,350.3,339.83,343.77,69405400,48.0,0.0,48.0,66738.64,49979.44,0.0,16759.2,102407.74,102149.5,0.1667,0.0,0.1641,2.0,0.5,0.7,2.0,53.67,4.7181,4.1977,0.5204,355.1252,325.3348,340.23,340.23,,0.003898,-0.015708,-0.079384,,,,,majority_buy>=2,majority_buy>=2,2026-05-15,1.0,2026-05-17T18:43:36Z,-244.62,0.0,0.0
experimental_ensemble,Experimental – Model Consensus,PG,ensemble_majority,ensemble_majority,ensemble_majority,binary,binary-2026-05,D-experimental_ensemble-5954f553a86e,S-PG-ensemble_majority-20230725-fbe798,T-experimental_ensemble-cc231844fdf0,SELL,2026-05-17T18:43:36Z,2023-07-25,2023-07-25,153.48,153.42,153.48,153.86,152.45,153.78,5883800,114.0,114.0,0.0,49979.44,67476.16,17496.72,0.0,102750.88,102716.68,0.1667,0.1703,0.0,2.0,0.5,0.3,2.0,65.29,0.8577,0.4141,0.4436,153.9492,147.1198,150.5345,150.5345,,0.00104,0.016062,-0.01268,847.02,0.050873,50,True,majority_sell>=2,majority_sell>=2,2026-05-15,1.0,2026-05-17T18:43:36Z,602.4,0.0,0.0
experimental_ensemble,Experimental – Model Consensus,MSFT,ensemble_majority,ensemble_majority,ensemble_majority,binary,binary-2026-05,D-experimental_ensemble-cdd8e9d0c0e1,S-MSFT-ensemble_majority-20230726-ec8643,T-experimental_ensemble-49df84dc48c9,SELL,2026-05-17T18:43:36Z,2023-07-26,2023-07-26,341.44,350.98,341.44,344.67,333.11,337.77,58383700,48.0,48.0,0.0,67476.16,83865.28,16389.12,0.0,101977.12,102153.28,0.1667,0.1607,0.0,2.0,0.5,0.3,2.0,47.79,3.6104,4.1682,-0.5577,356.1324,327.8946,342.0135,342.0135,,-0.020872,-0.030405,-0.031886,-370.08,-0.022082,5,False,majority_sell>=2,majority_sell>=2,2026-05-15,1.0,2026-05-17T18:43:36Z,232.32,-0.614343,-0.614343
experimental_ensemble,Experimental – Model Consensus,XOM,ensemble_majority,ensemble_majority,ensemble_majority,binary,binary-2026-05,D-experimental_ensemble-70f7a58729d5,S-XOM-ensemble_majority-20230726-edc6f7,T-experimental_ensemble-ac89a42bb7b2,BUY,2026-05-17T18:43:36Z,2023-07-26,2023-07-26,105.11,105.68,105.11,105.72,104.64,105.09,15159600,161.0,0.0,161.0,83865.28,66942.57,0.0,16922.71,101977.12,102150.06,0.1667,0.0,0.1657,2.0,0.5,0.7,2.0,52.8,-0.1254,-0.3398,0.2144,108.6465,100.3475,104.497,104.497,,0.00314,0.001903,0.019602,,,,,majority_buy>=2,majority_buy>=2,2026-05-15,1.0,2026-05-17T18:43:36Z,232.32,-0.614343,-0.614343
experimental_ensemble,Experimental – Model Consensus,UNH,ensemble_majority,ensemble_majority,ensemble_majority,binary,binary-2026-05,D-experimental_ensemble-c8f97218dce6,S-UNH-ensemble_majority-20230816-dc4f25,T-experimental_ensemble-aa119107ba8f,SELL,2026-05-17T18:43:36Z,2023-08-16,2023-08-16,508.0,506.69,508.0,510.5,502.83,503.56,1454100,36.0,36.0,0.0,66942.57,85230.57,18288.0,0.0,102191.47,102351.31,0.1667,0.179,0.0,3.0,0.75,0.2,2.0,54.07,5.2812,6.2571,-0.9759,511.4143,500.7257,506.07,506.07,488.2362,-0.019064,-0.02804,-0.039638,1920.96,0.117368,63,True,majority_sell>=2,majority_sell>=2,2026-05-15,1.0,2026-05-17T18:43:36Z,2153.28,0.0,-0.614343
experimental_ensemble,Experimental – Model Consensus,MSFT,ensemble_majority,ensemble_majority,ensemble_majority,binary,binary-2026-05,D-experimental_ensemble-37ccd715ae97,S-MSFT-ensemble_majority-20230823-22dba9,T-experimental_ensemble-4fae7cd01df9,BUY,2026-05-17T18:43:36Z,2023-08-23,2023-08-23,323.82,322.46,323.82,329.2,323.46,327.0,21166400,52.0,0.0,52.0,85230.57,68391.93,0.0,16838.64,102481.72,102647.08,0.1667,0.0,0.164,2.0,0.5,0.7,2.0,49.03,-4.012,-4.1906,0.1785,337.7304,313.9316,325.831,325.831,334.5692,-0.021498,0.005474,-0.022844,,,,,majority_buy>=2,majority_buy>=2,2026-05-15,1.0,2026-05-17T18:43:36Z,2153.28,0.0,-0.614343
experimental_ensemble,Experimental – Model Consensus,XOM,ensemble_majority,ensemble_majority,ensemble_majority,binary,binary-2026-05,D-experimental_ensemble-ced74c1b3f69,S-XOM-ensemble_majority-20230823-4e6e4f,T-experimental_ensemble-3c48aca05d28,SELL,2026-05-17T18:43:36Z,2023-08-23,2023-08-23,107.04,108.1,107.04,107.3,105.72,107.15,11435600,161.0,161.0,0.0,68391.93,85625.37,17233.44,0.0,102481.72,102629.37,0.1667,0.1682,0.0,3.0,0.75,0.2,2.0,49.33,0.8333,1.0507,-0.2174,111.8824,103.9706,107.9265,107.9265,105.8444,-0.007466,0.034811,0.071022,310.73,0.018362,28,True,majority_sell>=2,majority_sell>=2,2026-05-15,1.0,2026-05-17T18:43:36Z,2464.01,0.0,-0.614343
experimental_ensemble,Experimental – Model Consensus,WMT,ensemble_majority,ensemble_majority,ensemble_majority,binary,binary-2026-05,D-experimental_ensemble-98c1cfaa2b7c,S-WMT-ensemble_majority-20230905-8fade7,T-experimental_ensemble-3af2f601c8af,BUY,2026-05-17T18:43:36Z,2023-09-05,2023-09-05,53.95,53.8567,53.95,54.2667,53.3933,53.4233,15209400,318.0,0.0,318.0,85625.37,68469.27,0.0,17156.1,102969.97,102802.49,0.1667,0.0,0.1669,3.0,0.75,0.8,2.0,54.55,0.26,0.1832,0.0768,54.3043,51.9234,53.1138,53.1138,52.6459,0.007487,0.026518,-0.007363,,,,,majority_buy>=2,majority_buy>=2,2026-05-15,1.0,2026-05-17T18:43:36Z,2464.01,0.0,-0.614343
experimental_ensemble,Experimental – Model Consensus,AAPL,ensemble_majority,ensemble_majority,ensemble_majority,binary,binary-2026-05,D-experimental_ensemble-a408fa64d531,S-AAPL-ensemble_majority-20230906-92d420,T-experimental_ensemble-6682cb995e31,BUY,2026-05-17T18:43:36Z,2023-09-06,2023-09-06,188.4,189.7,188.4,188.85,181.47,182.91,81755800,91.0,0.0,91.0,68469.27,51324.87,0.0,17144.4,102894.85,102395.26,0.1667,0.0,0.1674,3.0,0.75,0.8,2.0,48.86,0.4018,-0.926,1.3278,189.9992,170.7008,180.35,180.35,186.722,-0.029249,-0.047564,-0.050571,,,,,majority_buy>=2,majority_buy>=2,2026-05-15,1.0,2026-05-17T18:43:36Z,2464.01,0.0,-0.614343
experimental_ensemble,Experimental – Model Consensus,JPM,ensemble_majority,ensemble_majority,ensemble_majority,binary,binary-2026-05,D-experimental_ensemble-6065d53ef3a0,S-JPM-ensemble_majority-20230915-83c37e,T-experimental_ensemble-1cc14b74779b,BUY,2026-05-17T18:43:36Z,2023-09-15,2023-09-15,148.92,149.25,148.92,149.73,148.31,148.81,19863400,114.0,0.0,114.0,51324.87,34347.99,0.0,16976.88,101874.06,101861.52,0.1667,0.0,0.1667,3.0,0.75,0.8,2.0,53.05,-0.9625,-1.3814,0.4188,150.2956,143.4134,146.8545,146.8545,150.8092,0.002083,-0.020698,-0.005443,,,,,majority_buy>=2,majority_buy>=2,2026-05-15,1.0,2026-05-17T18:43:36Z,2464.01,0.0,-0.614343
experimental_ensemble,Experimental – Model Consensus,UNH,ensemble_majority,ensemble_majority,ensemble_majority,binary,binary-2026-05,D-experimental_ensemble-664f0d84a5c6,S-UNH-ensemble_majority-20230915-29f064,T-experimental_ensemble-281cb2ee2e1e,BUY,2026-05-17T18:43:36Z,2023-09-15,2023-09-15,485.74,483.6,485.74,489.82,484.14,486.7,5334300,34.0,0.0,34.0,34347.99,17832.83,0.0,16515.16,101874.06,101894.16,0.1667,0.0,0.1621,2.0,0.5,0.7,2.0,49.14,-3.6342,-3.8362,0.202,499.2983,472.3347,485.8165,485.8165,491.7322,-0.001315,0.03986,0.10828,,,,,majority_buy>=2,majority_buy>=2,2026-05-15,1.0,2026-05-17T18:43:36Z,2464.01,0.0,-0.614343
experimental_ensemble,Experimental – Model Consensus,AAPL,ensemble_majority,ensemble_majority,ensemble_majority,binary,binary-2026-05,D-experimental_ensemble-ed926682b250,S-AAPL-ensemble_majority-20230918-ccfa10,T-experimental_ensemble-74fc5030e783,SELL,2026-05-17T18:43:36Z,2023-09-18,2023-09-18,176.48,175.01,176.48,179.38,176.17,177.97,67257600,91.0,91.0,0.0,17832.83,33892.51,16059.68,0.0,101987.46,101851.87,0.1667,0.1575,0.0,2.0,0.5,0.3,2.0,45.57,-1.8761,-1.3969,-0.4792,190.0007,170.5403,180.2705,180.2705,184.4656,0.006181,-0.01062,0.004214,-1084.72,-0.06327,12,False,majority_sell>=2,majority_sell>=2,2026-05-15,1.0,2026-05-17T18:43:36Z,1379.29,-0.440225,-0.614343
experimental_ensemble,Experimental – Model Consensus,JNJ,ensemble_majority,ensemble_majority,ensemble_majority,binary,binary-2026-05,D-experimental_ensemble-f8e86a9d428d,S-JNJ-ensemble_majority-20230920-6052a8,T-experimental_ensemble-6620c3f991d8,BUY,2026-05-17T18:43:36Z,2023-09-20,2023-09-20,162.19,162.2,162.19,163.54,161.66,162.91,3837400,104.0,0.0,104.0,33892.51,17024.75,0.0,16867.76,101585.63,101660.51,0.1667,0.0,0.1659,3.0,0.75,0.8,2.0,46.34,-1.2605,-1.4937,0.2332,166.5547,158.7093,162.632,162.632,166.3844,-0.007673,-0.035602,-0.062489,,,,,majority_buy>=2,majority_buy>=2,2026-05-15,1.0,2026-05-17T18:43:36Z,1379.29,-0.440225,-0.614343
experimental_ensemble,Experimental – Model Consensus,WMT,ensemble_majority,ensemble_majority,ensemble_majority,binary,binary-2026-05,D-experimental_ensemble-52ad3595d64b,S-WMT-ensemble_majority-20230921-dd77ae,T-experimental_ensemble-1b583db43ba3,SELL,2026-05-17T18:43:36Z,2023-09-21,2023-09-21,54.7533,54.6367,54.7533,54.8333,53.93,53.9733,18782400,318.0,318.0,0.0,17024.75,34436.31,17411.56,0.0,101429.19,101677.23,0.1667,0.1717,0.0,3.0,0.75,0.2,2.0,50.6,0.4138,0.4667,-0.0529,55.6313,52.4947,54.063,54.063,53.2915,0.002656,0.003829,-0.007102,255.46,0.01489,16,True,majority_sell>=2,majority_sell>=2,2026-05-15,1.0,2026-05-17T18:43:36Z,1634.75,-0.336549,-0.614343
experimental_ensemble,Experimental – Model Consensus,MSFT,ensemble_majority,ensemble_majority,ensemble_majority,binary,binary-2026-05,D-experimental_ensemble-1d53f7af04aa,S-MSFT-ensemble_majority-20231002-7461d5,T-experimental_ensemble-9557313f68ea,SELL,2026-05-17T18:43:36Z,2023-10-02,2023-10-02,316.28,315.75,316.28,321.89,315.18,321.8,20570000,52.0,52.0,0.0,34436.31,50882.87,16446.56,0.0,101190.67,100903.63,0.1667,0.1625,0.0,3.0,0.75,0.2,2.0,47.72,-3.5686,-2.6242,-0.9444,343.1485,308.2495,325.699,325.699,326.8946,-0.026134,0.024922,0.048198,-392.08,-0.023285,40,False,majority_sell>=2,majority_sell>=2,2026-05-15,1.0,2026-05-17T18:43:36Z,1242.67,-0.495672,-0.614343
experimental_ensemble,Experimental – Model Consensus,AAPL,ensemble_majority,ensemble_majority,ensemble_majority,binary,binary-2026-05,D-experimental_ensemble-5ceaf783af37,S-AAPL-ensemble_majority-20231005-4faa95,T-experimental_ensemble-d23088a5814c,BUY,2026-05-17T18:43:36Z,2023-10-05,2023-10-05,173.79,173.66,173.79,175.45,172.68,174.91,48527900,96.0,0.0,96.0,50882.87,34199.03,0.0,16683.84,101067.85,101175.37,0.1667,0.0,0.1649,3.0,0.75,0.8,2.0,47.36,-2.0889,-2.3174,0.2285,179.8946,169.6194,174.757,174.757,179.704,0.01475,0.03316,0.015208,,,,,majority_buy>=2,majority_buy>=2,2026-05-15,1.0,2026-05-17T18:43:36Z,1242.67,-0.495672,-0.614343
experimental_ensemble,Experimental – Model Consensus,JPM,ensemble_majority,ensemble_majority,ensemble_majority,binary,binary-2026-05,D-experimental_ensemble-e4490911e2f9,S-JPM-ensemble_majority-20231006-8bb42f,T-experimental_ensemble-237aab975ebd,SELL,2026-05-17T18:43:36Z,2023-10-06,2023-10-06,142.91,142.9,142.91,145.88,142.14,145.1,10270600,114.0,114.0,0.0,34199.03,50490.77,16291.74,0.0,102017.57,101767.91,0.1667,0.1597,0.0,2.0,0.5,0.3,2.0,46.46,-1.1749,-1.0157,-0.1592,150.2033,142.0057,146.1045,146.1045,148.8518,-0.002274,0.019986,-0.014473,-685.14,-0.040357,21,False,majority_sell>=2,majority_sell>=2,2026-05-15,1.0,2026-05-17T18:43:36Z,557.53,-0.773731,-0.773731
experimental_ensemble,Experimental – Model Consensus,JPM,ensemble_majority,ensemble_majority,ensemble_majority,binary,binary-2026-05,D-experimental_ensemble-52da4452ac05,S-JPM-ensemble_majority-20231011-4efb44,T-experimental_ensemble-b4f93d7949fc,BUY,2026-05-17T18:43:36Z,2023-10-11,2023-10-11,146.51,145.65,146.51,147.23,145.02,146.15,8698200,115.0,0.0,115.0,50490.77,33642.12,0.0,16848.65,101814.71,101773.31,0.1667,0.0,0.1656,2.0,0.5,0.7,2.0,50.43,-0.7955,-0.9731,0.1775,150.1497,141.9953,146.0725,146.0725,148.1422,-0.002326,-0.001642,-0.009784,,,,,majority_buy>=2,majority_buy>=2,2026-05-15,1.0,2026-05-17T18:43:36Z,557.53,-0.773731,-0.773731
experimental_ensemble,Experimental – Model Consensus,MSFT,ensemble_majority,ensemble_majority,ensemble_majority,binary,binary-2026-05,D-experimental_ensemble-cea1681d8bd5,S-MSFT-ensemble_majority-20231013-eb1ff1,T-experimental_ensemble-82ea7f737c6d,BUY,2026-05-17T18:43:36Z,2023-10-13,2023-10-13,332.38,331.16,332.38,333.83,326.36,327.73,21072400,51.0,0.0,51.0,33642.12,16690.74,0.0,16951.38,102483.72,102246.57,0.1667,0.0,0.1658,3.0,0.75,0.8,2.0,53.16,0.7556,-0.8899,1.6455,335.1432,308.5738,321.8585,321.8585,324.877,0.014982,-0.003234,0.127971,,,,,majority_buy>=2,majority_buy>=2,2026-05-15,1.0,2026-05-17T18:43:36Z,557.53,-0.773731,-0.773731
experimental_ensemble,Experimental – Model Consensus,WMT,ensemble_majority,ensemble_majority,ensemble_majority,binary,binary-2026-05,D-experimental_ensemble-025983470510,S-WMT-ensemble_majority-20231017-e532c7,T-experimental_ensemble-05cb8d447995,BUY,2026-05-17T18:43:36Z,2023-10-17,2023-10-17,53.58,53.7367,53.58,53.9033,53.4633,53.8067,10893000,311.0,0.0,311.0,16690.74,27.36,0.0,16663.38,102077.61,102148.1,0.1667,0.0,0.1631,2.0,0.5,0.7,2.0,54.21,-0.1456,-0.1912,0.0457,54.8882,52.0018,53.445,53.445,53.549,0.000743,0.011337,0.038595,,,,,majority_buy>=2,majority_buy>=2,2026-05-15,1.0,2026-05-17T18:43:36Z,557.53,-0.773731,-0.773731
experimental_ensemble,Experimental – Model Consensus,UNH,ensemble_majority,ensemble_majority,ensemble_majority,binary,binary-2026-05,D-experimental_ensemble-fc12f4f2879c,S-UNH-ensemble_majority-20231027-e451dc,T-experimental_ensemble-4731893778f1,SELL,2026-05-17T18:43:36Z,2023-10-27,2023-10-27,525.99,528.36,525.99,527.74,521.26,524.66,2585600,34.0,34.0,0.0,27.36,17911.02,17883.66,0.0,98289.94,98335.16,0.1667,0.1819,0.0,3.0,0.75,0.2,2.0,54.62,6.4498,8.0996,-1.6498,542.2306,509.2414,525.736,525.736,504.6178,0.010159,0.011894,0.036081,1368.5,0.082863,42,True,majority_sell>=2,majority_sell>=2,2026-05-15,1.0,2026-05-17T18:43:36Z,1926.03,-0.218335,-0.773731
experimental_ensemble,Experimental – Model Consensus,PG,ensemble_majority,ensemble_majority,ensemble_majority,binary,binary-2026-05,D-experimental_ensemble-e2475363fa1c,S-PG-ensemble_majority-20231027-3959c5,T-experimental_ensemble-6232911114ae,BUY,2026-05-17T18:43:36Z,2023-10-27,2023-10-27,148.98,149.8,148.98,149.95,146.28,147.16,8131800,109.0,0.0,109.0,17911.02,1672.2,0.0,16238.82,98289.94,98136.78,0.1667,0.0,0.1655,3.0,0.75,0.8,2.0,46.67,-0.093,-0.6923,0.5994,151.1928,141.6032,146.398,146.398,149.9508,0.01427,0.019774,0.027725,,,,,majority_buy>=2,majority_buy>=2,2026-05-15,1.0,2026-05-17T18:43:36Z,1926.03,-0.218335,-0.773731
experimental_ensemble,Experimental – Model Consensus,AAPL,ensemble_majority,ensemble_majority,ensemble_majority,binary,binary-2026-05,D-experimental_ensemble-90a8c5c68de3,S-AAPL-ensemble_majority-20231101-df6041,T-experimental_ensemble-cda308632871,SELL,2026-05-17T18:43:36Z,2023-11-01,2023-11-01,171.0,170.77,171.0,174.23,170.12,173.97,56934900,96.0,96.0,0.0,1672.2,18088.2,16416.0,0.0,100863.76,100578.64,0.1667,0.1628,0.0,2.0,0.5,0.3,2.0,49.54,-1.6725,-1.4376,-0.2349,182.6151,167.0719,174.8435,174.8435,176.6534,0.020693,0.051273,0.091855,-267.84,-0.016054,27,False,majority_sell>=2,majority_sell>=2,2026-05-15,1.0,2026-05-17T18:43:36Z,1658.19,-0.327036,-0.773731
experimental_ensemble,Experimental – Model Consensus,JPM,ensemble_majority,ensemble_majority,ensemble_majority,binary,binary-2026-05,D-experimental_ensemble-ae3f85f63403,S-JPM-ensemble_majority-20231102-668015,T-experimental_ensemble-64c84487a499,SELL,2026-05-17T18:43:36Z,2023-11-02,2023-11-02,140.09,138.94,140.09,141.48,139.23,141.42,10186200,115.0,115.0,0.0,18088.2,34198.55,16110.35,0.0,101406.65,101253.7,0.1667,0.1589,0.0,2.0,0.5,0.3,2.0,45.94,-1.9224,-1.6427,-0.2797,150.1612,135.9258,143.0435,143.0435,144.9496,0.011172,0.020294,0.109037,-738.3,-0.04382,22,False,majority_sell>=2,majority_sell>=2,2026-05-15,1.0,2026-05-17T18:43:36Z,919.89,-0.62667,-0.773731
experimental_ensemble,Experimental – Model Consensus,AAPL,ensemble_majority,ensemble_majority,ensemble_majority,binary,binary-2026-05,D-experimental_ensemble-e00447bca1ae,S-AAPL-ensemble_majority-20231103-985a62,T-experimental_ensemble-84444ac6ffef,BUY,2026-05-17T18:43:36Z,2023-11-03,2023-11-03,174.24,177.57,174.24,176.82,173.35,176.65,79829200,96.0,0.0,96.0,34198.55,17471.51,0.0,16727.04,101358.09,101589.45,0.1667,0.0,0.1647,2.0,0.5,0.7,2.0,54.55,-0.7763,-1.2571,0.4808,182.7513,167.1177,174.9345,174.9345,176.5878,0.014605,0.055194,0.072346,,,,,majority_buy>=2,majority_buy>=2,2026-05-15,1.0,2026-05-17T18:43:36Z,919.89,-0.62667,-0.773731
experimental_ensemble,Experimental – Model Consensus,JPM,ensemble_majority,ensemble_majority,ensemble_majority,binary,binary-2026-05,D-experimental_ensemble-02ea27a2cf04,S-JPM-ensemble_majority-20231103-3897b3,T-experimental_ensemble-85cfb12bd452,BUY,2026-05-17T18:43:36Z,2023-11-03,2023-11-03,142.19,141.42,142.19,143.77,141.85,143.0,9538700,118.0,0.0,118.0,17471.51,693.09,0.0,16778.42,101358.09,101685.03,0.1667,0.0,0.165,2.0,0.5,0.7,2.0,50.43,-1.6052,-1.6352,0.03,149.9934,135.8836,142.9385,142.9385,144.865,0.007552,0.023986,0.104825,,,,,majority_buy>=2,majority_buy>=2,2026-05-15,1.0,2026-05-17T18:43:36Z,919.89,-0.62667,-0.773731
experimental_ensemble,Experimental – Model Consensus,PG,ensemble_majority,ensemble_majority,ensemble_majority,binary,binary-2026-05,D-experimental_ensemble-2c42cfdc8dd7,S-PG-ensemble_majority-20231121-e5a6df,T-experimental_ensemble-ba87b4888097,SELL,2026-05-17T18:43:36Z,2023-11-21,2023-11-21,149.85,150.27,149.85,150.01,148.83,149.61,7310400,109.0,109.0,0.0,693.09,17026.74,16333.65,0.0,104253.02,104279.18,0.1667,0.1567,0.0,2.0,0.5,0.3,2.0,48.0,0.6105,0.7282,-0.1177,153.0192,148.0858,150.5525,150.5525,149.1428,0.009425,0.01016,-0.038099,94.83,0.00584,25,True,majority_sell>=2,majority_sell>=2,2026-05-15,1.0,2026-05-17T18:43:36Z,1014.72,-0.588183,-0.773731
experimental_ensemble,Experimental – Model Consensus,MSFT,ensemble_majority,ensemble_majority,ensemble_majority,binary,binary-2026-05,D-experimental_ensemble-60af205c485e,S-MSFT-ensemble_majority-20231124-715b00,T-experimental_ensemble-5f5482f1ba55,SELL,2026-05-17T18:43:36Z,2023-11-24,2023-11-24,377.33,377.85,377.33,377.97,375.14,377.43,10176600,51.0,51.0,0.0,17026.74,36270.57,19243.83,0.0,104668.73,104663.63,0.1667,0.1839,0.0,2.0,0.5,0.3,2.0,68.09,11.2737,10.6272,0.6465,389.6419,332.5051,361.0735,361.0735,339.4014,0.003126,-0.007736,-0.007551,2292.45,0.135237,42,True,majority_sell>=2,majority_sell>=2,2026-05-15,1.0,2026-05-17T18:43:36Z,3307.17,0.0,-0.773731
experimental_ensemble,Experimental – Model Consensus,AAPL,ensemble_majority,ensemble_majority,ensemble_majority,binary,binary-2026-05,D-experimental_ensemble-d55f5fd49be3,S-AAPL-ensemble_majority-20231128-782512,T-experimental_ensemble-1da512352a0a,SELL,2026-05-17T18:43:36Z,2023-11-28,2023-11-28,189.78,189.79,189.78,191.08,189.4,190.4,38415400,96.0,96.0,0.0,36270.57,54489.45,18218.88,0.0,104881.89,104822.37,0.1667,0.1737,0.0,2.0,0.5,0.3,2.0,67.46,3.8941,3.5303,0.3638,197.0227,172.4693,184.746,184.746,178.6102,-0.00541,0.015861,0.014443,1491.84,0.089187,25,True,majority_sell>=2,majority_sell>=2,2026-05-15,1.0,2026-05-17T18:43:36Z,4799.01,0.0,-0.773731
experimental_ensemble,Experimental – Model Consensus,XOM,ensemble_majority,ensemble_majority,ensemble_majority,binary,binary-2026-05,D-experimental_ensemble-005b4a45b852,S-XOM-ensemble_majority-20231205-b892ff,T-experimental_ensemble-c1598d0189c9,BUY,2026-05-17T18:43:36Z,2023-12-05,2023-12-05,102.27,102.43,102.27,102.34,100.29,100.44,22250300,172.0,0.0,172.0,54489.45,36899.01,0.0,17590.44,105763.12,105448.36,0.1667,0.0,0.1668,3.0,0.75,0.8,2.0,33.03,-1.4853,-1.4388,-0.0465,105.6752,101.3648,103.52,103.52,107.7096,-0.013242,-0.023795,0.018718,,,,,majority_buy>=2,majority_buy>=2,2026-05-15,1.0,2026-05-17T18:43:36Z,4799.01,0.0,-0.773731
experimental_ensemble,Experimental – Model Consensus,JPM,ensemble_majority,ensemble_majority,ensemble_majority,binary,binary-2026-05,D-experimental_ensemble-27ead9b739a0,S-JPM-ensemble_majority-20231207-24de6c,T-experimental_ensemble-0fd33fea33b1,SELL,2026-05-17T18:43:36Z,2023-12-07,2023-12-07,156.69,156.31,156.69,157.31,156.15,156.79,8130900,118.0,118.0,0.0,36899.01,55388.43,18489.42,0.0,104295.09,104283.29,0.1667,0.1773,0.0,2.0,0.5,0.3,2.0,70.64,3.1671,2.914,0.2532,160.5725,144.9385,152.7555,152.7555,147.1426,0.011034,0.045921,0.097136,1711.0,0.101976,34,True,majority_sell>=2,majority_sell>=2,2026-05-15,1.0,2026-05-17T18:43:36Z,6510.01,0.0,-0.773731
experimental_ensemble,Experimental – Model Consensus,JNJ,ensemble_majority,ensemble_majority,ensemble_majority,binary,binary-2026-05,D-experimental_ensemble-678ec281e8e4,S-JNJ-ensemble_majority-20231220-2f4249,T-experimental_ensemble-5db40b4a3c88,SELL,2026-05-17T18:43:36Z,2023-12-20,2023-12-20,156.54,156.46,156.54,156.66,153.11,153.27,7008300,104.0,104.0,0.0,55388.43,71668.59,16280.16,0.0,104681.55,105021.63,0.1667,0.1555,0.0,2.0,0.5,0.3,2.0,46.71,0.8117,0.9867,-0.1749,159.586,150.251,154.9185,154.9185,152.5292,0.010243,0.021596,0.060025,-587.6,-0.034836,91,False,majority_sell>=2,majority_sell>=2,2026-05-15,1.0,2026-05-17T18:43:36Z,5922.41,-0.090261,-0.773731
experimental_ensemble,Experimental – Model Consensus,PG,ensemble_majority,ensemble_majority,ensemble_majority,binary,binary-2026-05,D-experimental_ensemble-bf35dfe11d8d,S-PG-ensemble_majority-20231229-d4d0ba,T-experimental_ensemble-9f538124ecfa,BUY,2026-05-17T18:43:36Z,2023-12-29,2023-12-29,146.0,145.73,146.0,146.96,145.73,146.54,5300900,120.0,0.0,120.0,71668.59,54148.59,0.0,17520.0,105208.2,105273.0,0.1667,0.0,0.1664,3.0,0.75,0.8,2.0,47.98,-1.0228,-1.1739,0.1511,150.916,141.964,146.44,146.44,148.8956,0.015013,0.014672,0.074724,,,,,majority_buy>=2,majority_buy>=2,2026-05-15,1.0,2026-05-17T18:43:36Z,5922.41,-0.090261,-0.773731
experimental_ensemble,Experimental – Model Consensus,UNH,ensemble_majority,ensemble_majority,ensemble_majority,binary,binary-2026-05,D-experimental_ensemble-1c42574fc472,S-UNH-ensemble_majority-20240105-84a977,T-experimental_ensemble-a649895b5279,BUY,2026-05-17T18:43:36Z,2024-01-05,2024-01-05,547.0,545.42,547.0,547.0,533.73,537.38,2815400,32.0,0.0,32.0,54148.59,36644.59,0.0,17504.0,105736.95,105429.11,0.1667,0.0,0.166,3.0,0.75,0.8,2.0,52.82,-0.3142,-2.059,1.7448,555.5774,511.1106,533.344,533.344,536.6584,-0.0016,-0.029532,-0.064052,,,,,majority_buy>=2,majority_buy>=2,2026-05-15,1.0,2026-05-17T18:43:36Z,5922.41,-0.090261,-0.773731
experimental_ensemble,Experimental – Model Consensus,AAPL,ensemble_majority,ensemble_majority,ensemble_majority,binary,binary-2026-05,D-experimental_ensemble-2c5f0e77a7c9,S-AAPL-ensemble_majority-20240129-f7166c,T-experimental_ensemble-5d431b445e8e,BUY,2026-05-17T18:43:36Z,2024-01-29,2024-01-29,192.01,192.42,192.01,192.2,189.58,191.73,47145600,92.0,0.0,92.0,36644.59,18979.67,0.0,17664.92,106376.58,106350.82,0.1667,0.0,0.1661,3.0,0.75,0.8,2.0,53.93,0.9436,0.18,0.7636,197.1871,179.0429,188.115,188.115,190.9246,-0.019246,-0.021123,-0.047463,,,,,majority_buy>=2,majority_buy>=2,2026-05-15,1.0,2026-05-17T18:43:36Z,5922.41,-0.090261,-0.773731
experimental_ensemble,Experimental – Model Consensus,WMT,ensemble_majority,ensemble_majority,ensemble_majority,binary,binary-2026-05,D-experimental_ensemble-28c1024c41c8,S-WMT-ensemble_majority-20240129-2165c4,T-experimental_ensemble-500d43b7d018,SELL,2026-05-17T18:43:36Z,2024-01-29,2024-01-29,54.7833,54.7567,54.7833,55.1367,54.5067,55.0133,18240300,311.0,311.0,0.0,18979.67,36017.29,17037.62,0.0,106376.58,106279.29,0.1667,0.1602,0.0,2.0,0.5,0.3,2.0,65.47,0.588,0.4905,0.0975,55.1288,52.1495,53.6392,53.6392,52.5293,0.003333,0.021934,0.083192,374.24,0.022459,104,True,majority_sell>=2,majority_sell>=2,2026-05-15,1.0,2026-05-17T18:43:36Z,6296.65,-0.032774,-0.773731
experimental_ensemble,Experimental – Model Consensus,AAPL,ensemble_majority,ensemble_majority,ensemble_majority,binary,binary-2026-05,D-experimental_ensemble-413d824b08f5,S-AAPL-ensemble_majority-20240205-b45514,T-experimental_ensemble-ccb540fa5eb2,SELL,2026-05-17T18:43:36Z,2024-02-05,2024-02-05,188.15,185.85,188.15,189.25,185.84,187.68,69668800,92.0,92.0,0.0,36017.29,53327.08,17309.8,0.0,105830.37,105873.61,0.1667,0.1636,0.0,2.0,0.5,0.3,2.0,47.3,-0.4478,-0.0504,-0.3974,196.2577,180.7043,188.481,188.481,190.5912,0.008632,-0.002824,-0.093564,-355.12,-0.020103,7,False,majority_sell>=2,majority_sell>=2,2026-05-15,1.0,2026-05-17T18:43:36Z,5941.53,-0.087324,-0.773731
experimental_ensemble,Experimental – Model Consensus,PG,ensemble_majority,ensemble_majority,ensemble_majority,binary,binary-2026-05,D-experimental_ensemble-9a4205a9a41a,S-PG-ensemble_majority-20240221-a0e483,T-experimental_ensemble-e4a0c00b503d,SELL,2026-05-17T18:43:36Z,2024-02-21,2024-02-21,159.19,158.51,159.19,160.4,159.19,160.4,7121000,120.0,120.0,0.0,53327.08,72429.89,19102.8,0.0,107312.32,107167.12,0.1667,0.178,0.0,3.0,0.75,0.2,2.0,67.92,1.8814,2.009,-0.1276,160.8089,153.8641,157.3365,157.3365,151.3974,0.000998,-0.002182,0.009913,1582.8,0.090342,54,True,majority_sell>=2,majority_sell>=2,2026-05-15,1.0,2026-05-17T18:43:36Z,7524.33,0.0,-0.773731
experimental_ensemble,Experimental – Model Consensus,JNJ,ensemble_majority,ensemble_majority,ensemble_majority,binary,binary-2026-05,D-experimental_ensemble-695ddcdf78f7,S-JNJ-ensemble_majority-20240304-7930fa,T-experimental_ensemble-5c59d5789a0b,BUY,2026-05-17T18:43:36Z,2024-03-04,2024-03-04,161.32,162.12,161.32,161.61,158.27,159.84,8532900,109.0,0.0,109.0,72429.89,54846.0,0.0,17583.88,105799.65,105638.32,0.1667,0.0,0.1665,3.0,0.75,0.8,2.0,51.83,0.7804,0.4773,0.3032,162.9824,154.5196,158.751,158.751,159.0362,0.000813,0.008696,-0.013201,,,,,majority_buy>=2,majority_buy>=2,2026-05-15,1.0,2026-05-17T18:43:36Z,7524.33,0.0,-0.773731
experimental_ensemble,Experimental – Model Consensus,JNJ,ensemble_majority,ensemble_majority,ensemble_majority,binary,binary-2026-05,D-experimental_ensemble-60d00a9f120f,S-JNJ-ensemble_majority-20240307-04905a,T-experimental_ensemble-76be6100643c,SELL,2026-05-17T18:43:36Z,2024-03-07,2024-03-07,160.0,159.34,160.0,160.36,158.24,158.87,5188700,109.0,109.0,0.0,54846.0,72286.0,17440.0,0.0,105951.43,106074.6,0.1667,0.1646,0.0,2.0,0.5,0.3,2.0,47.93,0.455,0.5203,-0.0652,163.0575,155.0785,159.068,159.068,159.3284,0.004091,0.00214,-0.040788,-143.88,-0.008183,3,False,majority_sell>=2,majority_sell>=2,2026-05-15,1.0,2026-05-17T18:43:36Z,7380.45,-0.019122,-0.773731
experimental_ensemble,Experimental – Model Consensus,AAPL,ensemble_majority,ensemble_majority,ensemble_majority,binary,binary-2026-05,D-experimental_ensemble-bb0e8d4a2769,S-AAPL-ensemble_majority-20240313-8974ab,T-experimental_ensemble-7678bbe6a853,BUY,2026-05-17T18:43:36Z,2024-03-13,2024-03-13,172.77,173.23,172.77,173.19,170.76,171.13,52488700,102.0,0.0,102.0,72286.0,54663.46,0.0,17622.54,106741.16,106573.88,0.1667,0.0,0.1654,2.0,0.5,0.7,2.0,32.14,-4.1653,-3.6741,-0.4911,189.0032,166.7858,177.8945,177.8945,183.7712,0.010927,0.04406,0.022848,,,,,majority_buy>=2,majority_buy>=2,2026-05-15,1.0,2026-05-17T18:43:36Z,7380.45,-0.019122,-0.773731
experimental_ensemble,Experimental – Model Consensus,JNJ,ensemble_majority,ensemble_majority,ensemble_majority,binary,binary-2026-05,D-experimental_ensemble-f64b42aa8bc6,S-JNJ-ensemble_majority-20240313-852eaf,T-experimental_ensemble-99ac900aaa2c,BUY,2026-05-17T18:43:36Z,2024-03-13,2024-03-13,162.53,162.74,162.53,162.68,159.81,161.1,6260000,109.0,0.0,109.0,54663.46,36947.69,0.0,17715.77,106741.16,106418.02,0.1667,0.0,0.1665,2.0,0.5,0.7,2.0,54.74,0.6672,0.5547,0.1125,163.5774,156.2696,159.9235,159.9235,159.704,-0.011732,-0.033147,-0.076412,,,,,majority_buy>=2,majority_buy>=2,2026-05-15,1.0,2026-05-17T18:43:36Z,7380.45,-0.019122,-0.773731
experimental_ensemble,Experimental – Model Consensus,JNJ,ensemble_majority,ensemble_majority,ensemble_majority,binary,binary-2026-05,D-experimental_ensemble-81a09836567a,S-JNJ-ensemble_majority-20240327-b8cc21,T-experimental_ensemble-b30d4367c63c,SELL,2026-05-17T18:43:36Z,2024-03-27,2024-03-27,155.99,155.77,155.99,158.22,155.44,157.96,8461600,109.0,109.0,0.0,36947.69,53950.6,17002.91,0.0,107397.0,107182.26,0.1667,0.1583,0.0,3.0,0.75,0.2,2.0,49.51,-0.8718,-0.5634,-0.3084,163.348,153.868,158.608,158.608,158.7892,0.001456,-0.034566,-0.070524,-712.86,-0.040239,14,False,majority_sell>=2,majority_sell>=2,2026-05-15,1.0,2026-05-17T18:43:36Z,6667.59,-0.113863,-0.773731
experimental_ensemble,Experimental – Model Consensus,XOM,ensemble_majority,ensemble_majority,ensemble_majority,binary,binary-2026-05,D-experimental_ensemble-969316ea9c6b,S-XOM-ensemble_majority-20240411-d9c874,T-experimental_ensemble-3fa041905001,SELL,2026-05-17T18:43:36Z,2024-04-11,2024-04-11,122.69,122.2,122.69,122.69,120.34,121.79,17555900,172.0,172.0,0.0,53950.6,75053.29,21102.68,0.0,106887.6,107042.4,0.1667,0.1974,0.0,2.0,0.5,0.3,2.0,79.57,3.7599,3.493,0.2669,123.912,109.101,116.5065,116.5065,109.2084,-0.011659,-0.02685,-0.027506,3512.24,0.199668,128,True,majority_sell>=2,majority_sell>=2,2026-05-15,1.0,2026-05-17T18:43:36Z,10179.83,0.0,-0.773731
experimental_ensemble,Experimental – Model Consensus,JNJ,ensemble_majority,ensemble_majority,ensemble_majority,binary,binary-2026-05,D-experimental_ensemble-f95e21b9219d,S-JNJ-ensemble_majority-20240426-f413fb,T-experimental_ensemble-b7dc8b480867,BUY,2026-05-17T18:43:36Z,2024-04-26,2024-04-26,146.7,146.82,146.7,147.18,145.95,146.14,6183000,122.0,0.0,122.0,75053.29,57155.89,0.0,17897.4,108173.09,108104.77,0.1667,0.0,0.1656,3.0,0.75,0.8,2.0,33.84,-2.4602,-2.5652,0.105,157.2607,142.3073,149.784,149.784,155.253,0.004653,0.021418,0.005679,,,,,majority_buy>=2,majority_buy>=2,2026-05-15,1.0,2026-05-17T18:43:36Z,10179.83,0.0,-0.773731
experimental_ensemble,Experimental – Model Consensus,JPM,ensemble_majority,ensemble_majority,ensemble_majority,binary,binary-2026-05,D-experimental_ensemble-6f1b71e4e111,S-JPM-ensemble_majority-20240430-65c184,T-experimental_ensemble-be552351ce7c,BUY,2026-05-17T18:43:36Z,2024-04-30,2024-04-30,192.81,193.28,192.81,194.99,191.64,191.74,8153700,93.0,0.0,93.0,57155.89,39224.56,0.0,17931.33,107647.93,107548.42,0.1667,0.0,0.1667,3.0,0.75,0.8,2.0,52.23,0.2301,-0.1794,0.4095,203.1824,178.6226,190.9025,190.9025,190.4708,0.000626,5.2e-05,0.033222,,,,,majority_buy>=2,majority_buy>=2,2026-05-15,1.0,2026-05-17T18:43:36Z,10179.83,0.0,-0.773731
experimental_ensemble,Experimental – Model Consensus,MSFT,ensemble_majority,ensemble_majority,ensemble_majority,binary,binary-2026-05,D-experimental_ensemble-26c009e31965,S-MSFT-ensemble_majority-20240506-d7aa0d,T-experimental_ensemble-06140a64fec8,BUY,2026-05-17T18:43:36Z,2024-05-06,2024-05-06,408.76,406.66,408.76,413.93,406.37,413.54,16996600,44.0,0.0,44.0,39224.56,21239.12,0.0,17985.44,109561.9,109772.22,0.1667,0.0,0.1638,2.0,0.5,0.7,2.0,53.53,-3.695,-4.019,0.3239,429.2848,387.7482,408.5165,408.5165,413.539,-0.010156,0.000435,0.006118,,,,,majority_buy>=2,majority_buy>=2,2026-05-15,1.0,2026-05-17T18:43:36Z,10179.83,0.0,-0.773731
experimental_ensemble,Experimental – Model Consensus,WMT,ensemble_majority,ensemble_majority,ensemble_majority,binary,binary-2026-05,D-experimental_ensemble-0b9da1699d02,S-WMT-ensemble_majority-20240508-a645bd,T-experimental_ensemble-215e203c36ba,BUY,2026-05-17T18:43:36Z,2024-05-08,2024-05-08,60.63,60.62,60.63,60.85,60.22,60.3,11015700,303.0,0.0,303.0,21239.12,2868.23,0.0,18370.89,110412.43,110312.43,0.1667,0.0,0.1665,2.0,0.5,0.7,2.0,54.22,0.0741,0.017,0.0571,60.6983,58.9687,59.8335,59.8335,60.09,0.002322,-0.007794,0.113599,,,,,majority_buy>=2,majority_buy>=2,2026-05-15,1.0,2026-05-17T18:43:36Z,10179.83,0.0,-0.773731
experimental_ensemble,Experimental – Model Consensus,UNH,ensemble_majority,ensemble_majority,ensemble_majority,binary,binary-2026-05,D-experimental_ensemble-ef1018c14d0e,S-UNH-ensemble_majority-20240522-aa7f04,T-experimental_ensemble-ab5900f2d6ba,SELL,2026-05-17T18:43:36Z,2024-05-22,2024-05-22,522.82,523.55,522.82,526.28,520.65,521.35,2299100,32.0,32.0,0.0,2868.23,19598.47,16730.24,0.0,114906.68,114953.72,0.1667,0.1456,0.0,2.0,0.5,0.3,2.0,65.27,10.5396,9.1218,1.4178,531.7167,478.3893,505.053,505.053,488.183,-0.00867,-0.076148,-0.074345,-773.76,-0.044205,138,False,majority_sell>=2,majority_sell>=2,2026-05-15,1.0,2026-05-17T18:43:36Z,9406.07,-0.076009,-0.773731
experimental_ensemble,Experimental – Model Consensus,AAPL,ensemble_majority,ensemble_majority,ensemble_majority,binary,binary-2026-05,D-experimental_ensemble-bc8e0d3124b0,S-AAPL-ensemble_majority-20240530-20ee09,T-experimental_ensemble-cc36f789070a,SELL,2026-05-17T18:43:36Z,2024-05-30,2024-05-30,190.76,190.29,190.76,192.18,190.63,191.29,49889100,102.0,102.0,0.0,19598.47,39055.98,19457.52,0.0,113279.05,113224.99,0.1667,0.1718,0.0,3.0,0.75,0.2,2.0,65.63,4.2324,4.3432,-0.1107,196.0907,177.5833,186.837,186.837,176.9002,0.005019,0.016676,0.101051,1834.98,0.104127,78,True,majority_sell>=2,majority_sell>=2,2026-05-15,1.0,2026-05-17T18:43:36Z,11241.05,0.0,-0.773731
experimental_ensemble,Experimental – Model Consensus,MSFT,ensemble_majority,ensemble_majority,ensemble_majority,binary,binary-2026-05,D-experimental_ensemble-7d57662ea26b,S-MSFT-ensemble_majority-20240531-4d973d,T-experimental_ensemble-5460ac53f9c8,SELL,2026-05-17T18:43:36Z,2024-05-31,2024-05-31,416.75,414.67,416.75,416.75,404.51,415.13,47995300,44.0,44.0,0.0,39055.98,57392.98,18337.0,0.0,113985.32,114056.6,0.1667,0.1609,0.0,2.0,0.5,0.3,2.0,46.61,3.1278,3.644,-0.5163,435.0452,404.2598,419.6525,419.6525,416.448,-0.003878,0.021005,0.10021,351.56,0.019547,25,True,majority_sell>=2,majority_sell>=2,2026-05-15,1.0,2026-05-17T18:43:36Z,11592.61,0.0,-0.773731
experimental_ensemble,Experimental – Model Consensus,JNJ,ensemble_majority,ensemble_majority,ensemble_majority,binary,binary-2026-05,D-experimental_ensemble-294bcfc71ee1,S-JNJ-ensemble_majority-20240603-3797e2,T-experimental_ensemble-6b9e4a3722a1,SELL,2026-05-17T18:43:36Z,2024-06-03,2024-06-03,147.25,146.67,147.25,148.9,146.77,147.74,7329200,122.0,122.0,0.0,57392.98,75357.48,17964.5,0.0,114129.99,114070.21,0.1667,0.1574,0.0,3.0,0.75,0.2,2.0,46.05,-1.0856,-0.6331,-0.4524,155.5209,143.6181,149.5695,149.5695,150.2244,0.000406,-0.004129,-0.011574,67.1,0.003749,38,True,majority_sell>=2,majority_sell>=2,2026-05-15,1.0,2026-05-17T18:43:36Z,11659.71,0.0,-0.773731
experimental_ensemble,Experimental – Model Consensus,JPM,ensemble_majority,ensemble_majority,ensemble_majority,binary,binary-2026-05,D-experimental_ensemble-1f91ef248e9a,S-JPM-ensemble_majority-20240604-b21644,T-experimental_ensemble-822d0845d762,SELL,2026-05-17T18:43:36Z,2024-06-04,2024-06-04,200.16,201.82,200.16,201.98,198.28,199.16,6848300,93.0,93.0,0.0,75357.48,93972.37,18614.88,0.0,114059.16,114152.16,0.1667,0.1632,0.0,2.0,0.5,0.3,2.0,52.84,1.8344,1.9927,-0.1583,205.0489,193.4381,199.2435,199.2435,195.1424,-0.00954,-0.024101,0.047851,683.55,0.03812,35,True,majority_sell>=2,majority_sell>=2,2026-05-15,1.0,2026-05-17T18:43:36Z,12343.26,0.0,-0.773731
experimental_ensemble,Experimental – Model Consensus,WMT,ensemble_majority,ensemble_majority,ensemble_majority,binary,binary-2026-05,D-experimental_ensemble-a8b8f69426ef,S-WMT-ensemble_majority-20240610-cc615e,T-experimental_ensemble-78047dbfdde1,SELL,2026-05-17T18:43:36Z,2024-06-10,2024-06-10,67.19,65.88,67.19,67.33,66.27,66.96,21659500,303.0,303.0,0.0,93972.37,114330.94,20358.57,0.0,114261.24,114330.94,0.1667,0.1782,0.0,2.0,0.5,0.3,2.0,69.06,1.5326,1.4598,0.0728,68.9656,60.4014,64.6835,64.6835,61.7878,-0.003435,0.00687,0.051523,1987.68,0.108197,33,True,majority_sell>=2,majority_sell>=2,2026-05-15,1.0,2026-05-17T18:43:36Z,14330.94,0.0,-0.773731
experimental_ensemble,Experimental – Model Consensus,JNJ,ensemble_majority,ensemble_majority,ensemble_majority,binary,binary-2026-05,D-experimental_ensemble-02a0a3f9870a,S-JNJ-ensemble_majority-20240620-29decd,T-experimental_ensemble-5d3436f22135,BUY,2026-05-17T18:43:36Z,2024-06-20,2024-06-20,145.27,145.65,145.27,148.08,145.01,147.78,8749700,131.0,0.0,131.0,114330.94,95300.57,0.0,19030.37,114330.94,114659.75,0.1667,0.0,0.166,2.0,0.5,0.7,2.0,51.03,-0.8859,-1.0137,0.1278,150.739,142.823,146.781,146.781,148.145,0.006564,-0.013398,0.046759,,,,,majority_buy>=2,majority_buy>=2,2026-05-15,1.0,2026-05-17T18:43:36Z,14330.94,0.0,-0.773731
experimental_ensemble,Experimental – Model Consensus,XOM,ensemble_majority,ensemble_majority,ensemble_majority,binary,binary-2026-05,D-experimental_ensemble-2c424f83ffd9,S-XOM-ensemble_majority-20240624-42524c,T-experimental_ensemble-6de7866ef350,BUY,2026-05-17T18:43:36Z,2024-06-24,2024-06-24,111.64,110.76,111.64,114.53,111.64,114.05,16266700,171.0,0.0,171.0,95300.57,76210.13,0.0,19090.44,114835.28,115247.4,0.1667,0.0,0.1656,2.0,0.5,0.7,2.0,52.6,-1.352,-1.5316,0.1797,116.7845,108.1895,112.487,112.487,115.9254,0.002806,0.007979,-0.005612,,,,,majority_buy>=2,majority_buy>=2,2026-05-15,1.0,2026-05-17T18:43:36Z,14330.94,0.0,-0.773731
experimental_ensemble,Experimental – Model Consensus,UNH,ensemble_majority,ensemble_majority,ensemble_majority,binary,binary-2026-05,D-experimental_ensemble-e62153889a20,S-UNH-ensemble_majority-20240701-b185fa,T-experimental_ensemble-ee7425160e1d,BUY,2026-05-17T18:43:36Z,2024-07-01,2024-07-01,506.75,509.26,506.75,508.91,492.89,494.65,4523100,37.0,0.0,37.0,76210.13,57460.38,0.0,18749.75,115051.93,114604.23,0.1667,0.0,0.1636,2.0,0.5,0.7,2.0,50.33,-1.7479,-2.6952,0.9472,508.8103,477.5527,493.1815,493.1815,498.419,0.007258,-0.005135,0.165127,,,,,majority_buy>=2,majority_buy>=2,2026-05-15,1.0,2026-05-17T18:43:36Z,14330.94,0.0,-0.773731
experimental_ensemble,Experimental – Model Consensus,PG,ensemble_majority,ensemble_majority,ensemble_majority,binary,binary-2026-05,D-experimental_ensemble-0d9eef5523fe,S-PG-ensemble_majority-20240723-7c9d42,T-experimental_ensemble-17395f5316a7,BUY,2026-05-17T18:43:36Z,2024-07-23,2024-07-23,168.11,168.25,168.11,168.42,166.32,166.62,4863400,116.0,0.0,116.0,57460.38,37959.62,0.0,19500.76,117335.24,117162.4,0.1667,0.0,0.1664,3.0,0.75,0.8,2.0,50.24,0.4838,0.3252,0.1586,169.569,162.918,166.2435,166.2435,166.3684,0.008282,-0.029528,0.022746,,,,,majority_buy>=2,majority_buy>=2,2026-05-15,1.0,2026-05-17T18:43:36Z,14330.94,0.0,-0.773731
experimental_ensemble,Experimental – Model Consensus,PG,ensemble_majority,ensemble_majority,ensemble_majority,binary,binary-2026-05,D-experimental_ensemble-89c260a06831,S-PG-ensemble_majority-20240801-387adc,T-experimental_ensemble-612c195470ac,SELL,2026-05-17T18:43:36Z,2024-08-01,2024-08-01,160.88,160.76,160.88,166.31,160.68,165.69,12532700,116.0,116.0,0.0,37959.62,56621.7,18662.08,0.0,119430.16,118872.2,0.1667,0.1563,0.0,3.0,0.75,0.2,2.0,48.95,-0.3091,0.1617,-0.4709,171.0613,162.0057,166.5335,166.5335,166.2542,0.026495,0.031263,0.026193,-838.68,-0.043008,9,False,majority_sell>=2,majority_sell>=2,2026-05-15,1.0,2026-05-17T18:43:36Z,13492.26,-0.058522,-0.773731
experimental_ensemble,Experimental – Model Consensus,XOM,ensemble_majority,ensemble_majority,ensemble_majority,binary,binary-2026-05,D-experimental_ensemble-f314a15f805e,S-XOM-ensemble_majority-20240806-e1a2e5,T-experimental_ensemble-68e83a2253bf,SELL,2026-05-17T18:43:36Z,2024-08-06,2024-08-06,114.45,114.77,114.45,115.63,113.63,114.16,13647800,171.0,171.0,0.0,56621.7,76192.65,19570.95,0.0,117997.08,118046.66,0.1667,0.1659,0.0,2.0,0.5,0.3,2.0,45.83,0.4991,0.7254,-0.2262,119.6125,112.0145,115.8135,115.8135,114.104,0.013315,0.032411,-0.000876,480.51,0.02517,43,True,majority_sell>=2,majority_sell>=2,2026-05-15,1.0,2026-05-17T18:43:36Z,13972.77,-0.024993,-0.773731
experimental_ensemble,Experimental – Model Consensus,PG,ensemble_majority,ensemble_majority,ensemble_majority,binary,binary-2026-05,D-experimental_ensemble-ed7de7c61b08,S-PG-ensemble_majority-20240806-efc716,T-experimental_ensemble-71d932c8cf5a,BUY,2026-05-17T18:43:36Z,2024-08-06,2024-08-06,167.9,168.06,167.9,170.33,167.85,168.09,7454900,117.0,0.0,117.0,76192.65,56548.35,0.0,19644.3,117997.08,118068.89,0.1667,0.0,0.1664,2.0,0.5,0.7,2.0,52.73,0.2555,0.166,0.0895,171.7382,162.2128,166.9755,166.9755,166.3458,0.011482,-0.004759,0.046463,,,,,majority_buy>=2,majority_buy>=2,2026-05-15,1.0,2026-05-17T18:43:36Z,13972.77,-0.024993,-0.773731
experimental_ensemble,Experimental – Model Consensus,UNH,ensemble_majority,ensemble_majority,ensemble_majority,binary,binary-2026-05,D-experimental_ensemble-680cbe75387a,S-UNH-ensemble_majority-20240809-6d0960,T-experimental_ensemble-3ffc8b43fa2a,SELL,2026-05-17T18:43:36Z,2024-08-09,2024-08-09,564.54,566.24,564.54,565.93,557.63,558.76,2976700,37.0,37.0,0.0,56548.35,77436.33,20887.98,0.0,118216.86,118430.72,0.1667,0.1767,0.0,3.0,0.75,0.2,2.0,54.73,13.7017,16.6812,-2.9795,592.3611,535.7189,564.04,564.04,521.9172,0.011687,0.033861,0.063247,2138.23,0.11404,39,True,majority_sell>=2,majority_sell>=2,2026-05-15,1.0,2026-05-17T18:43:36Z,16111.0,0.0,-0.773731
experimental_ensemble,Experimental – Model Consensus,JNJ,ensemble_majority,ensemble_majority,ensemble_majority,binary,binary-2026-05,D-experimental_ensemble-ac9413fe70a7,S-JNJ-ensemble_majority-20240813-669b33,T-experimental_ensemble-257f50eff478,SELL,2026-05-17T18:43:36Z,2024-08-13,2024-08-13,160.27,159.88,160.27,160.37,156.44,158.39,9711400,131.0,131.0,0.0,77436.33,98431.7,20995.37,0.0,117758.34,118004.63,0.1667,0.1783,0.0,3.0,0.75,0.2,2.0,54.12,2.4178,2.8065,-0.3887,164.141,152.93,158.5355,158.5355,151.7132,0.000568,0.011175,0.040596,1965.0,0.103256,54,True,majority_sell>=2,majority_sell>=2,2026-05-15,1.0,2026-05-17T18:43:36Z,18076.0,0.0,-0.773731
experimental_ensemble,Experimental – Model Consensus,MSFT,ensemble_majority,ensemble_majority,ensemble_majority,binary,binary-2026-05,D-experimental_ensemble-d5c2093438cd,S-MSFT-ensemble_majority-20240815-3d4f60,T-experimental_ensemble-9b4a59779a46,BUY,2026-05-17T18:43:36Z,2024-08-15,2024-08-15,419.8,416.86,419.8,421.11,417.66,421.03,20752100,46.0,0.0,46.0,98431.7,79120.9,0.0,19310.8,118078.34,118134.92,0.1667,0.0,0.1635,3.0,0.75,0.8,2.0,49.34,-7.5771,-9.0464,1.4693,445.3007,389.8673,417.584,417.584,435.6516,-0.00608,-0.013016,0.022706,,,,,majority_buy>=2,majority_buy>=2,2026-05-15,1.0,2026-05-17T18:43:36Z,18076.0,0.0,-0.773731
experimental_ensemble,Experimental – Model Consensus,XOM,ensemble_majority,ensemble_majority,ensemble_majority,binary,binary-2026-05,D-experimental_ensemble-fcc2959864d2,S-XOM-ensemble_majority-20240919-add7d7,T-experimental_ensemble-b1eed6e096ce,BUY,2026-05-17T18:43:36Z,2024-09-19,2024-09-19,116.16,114.58,116.16,117.58,115.19,116.0,12660600,171.0,0.0,171.0,79120.9,59257.54,0.0,19863.36,119370.82,119343.46,0.1667,0.0,0.1664,2.0,0.5,0.7,2.0,54.1,-0.6883,-0.8922,0.2039,119.6738,109.4132,114.5435,114.5435,115.7462,-0.006293,-0.027586,0.0375,,,,,majority_buy>=2,majority_buy>=2,2026-05-15,1.0,2026-05-17T18:43:36Z,18076.0,0.0,-0.773731
experimental_ensemble,Experimental – Model Consensus,PG,ensemble_majority,ensemble_majority,ensemble_majority,binary,binary-2026-05,D-experimental_ensemble-a148c30fdb92,S-PG-ensemble_majority-20240919-8b138e,T-experimental_ensemble-179e6980719d,SELL,2026-05-17T18:43:36Z,2024-09-19,2024-09-19,172.88,173.92,172.88,173.16,170.38,171.54,8692000,117.0,117.0,0.0,59257.54,79484.5,20226.96,0.0,119370.82,119500.24,0.1667,0.1694,0.0,3.0,0.75,0.2,2.0,47.46,1.3774,1.7162,-0.3388,178.8404,167.6526,173.2465,173.2465,169.9354,0.015623,0.009735,0.004314,582.66,0.029661,44,True,majority_sell>=2,majority_sell>=2,2026-05-15,1.0,2026-05-17T18:43:36Z,18658.66,0.0,-0.773731
experimental_ensemble,Experimental – Model Consensus,AAPL,ensemble_majority,ensemble_majority,ensemble_majority,binary,binary-2026-05,D-experimental_ensemble-41dd5f83c650,S-AAPL-ensemble_majority-20241001-053abc,T-experimental_ensemble-579b5352697f,BUY,2026-05-17T18:43:36Z,2024-10-01,2024-10-01,229.52,233.0,229.52,229.65,223.74,226.21,63285000,86.0,0.0,86.0,79484.5,59745.78,0.0,19738.72,119344.27,119059.61,0.1667,0.0,0.1658,2.0,0.5,0.7,2.0,52.26,1.6956,1.1696,0.526,232.318,215.542,223.93,223.93,222.3106,0.00252,-0.001945,0.032978,,,,,majority_buy>=2,majority_buy>=2,2026-05-15,1.0,2026-05-17T18:43:36Z,18658.66,0.0,-0.773731
experimental_ensemble,Experimental – Model Consensus,MSFT,ensemble_majority,ensemble_majority,ensemble_majority,binary,binary-2026-05,D-experimental_ensemble-cc30663d214c,S-MSFT-ensemble_majority-20241001-006ef0,T-experimental_ensemble-c514b85b224f,SELL,2026-05-17T18:43:36Z,2024-10-01,2024-10-01,428.45,430.3,428.45,428.48,418.81,420.69,19092900,46.0,46.0,0.0,59745.78,79454.48,19708.7,0.0,119344.27,119416.57,0.1667,0.1651,0.0,2.0,0.5,0.3,2.0,45.78,2.6393,3.1743,-0.535,446.2917,403.2993,424.7955,424.7955,419.329,-0.008462,-0.014215,0.026766,397.9,0.020605,47,True,majority_sell>=2,majority_sell>=2,2026-05-15,1.0,2026-05-17T18:43:36Z,19056.56,0.0,-0.773731
experimental_ensemble,Experimental – Model Consensus,JPM,ensemble_majority,ensemble_majority,ensemble_majority,binary,binary-2026-05,D-experimental_ensemble-5fd14093752c,S-JPM-ensemble_majority-20241008-49a7ed,T-experimental_ensemble-ea84c5e8815e,BUY,2026-05-17T18:43:36Z,2024-10-08,2024-10-08,210.58,210.93,210.58,211.33,208.38,210.75,6021800,94.0,0.0,94.0,79454.48,59659.96,0.0,19794.52,119739.54,119755.52,0.1667,0.0,0.1653,2.0,0.5,0.7,2.0,50.77,-0.6235,-0.7832,0.1597,213.3925,204.7255,209.059,209.059,211.0182,0.012669,0.055231,0.050961,,,,,majority_buy>=2,majority_buy>=2,2026-05-15,1.0,2026-05-17T18:43:36Z,19056.56,0.0,-0.773731
experimental_ensemble,Experimental – Model Consensus,PG,ensemble_majority,ensemble_majority,ensemble_majority,binary,binary-2026-05,D-experimental_ensemble-68a95cece429,S-PG-ensemble_majority-20241016-3084c2,T-experimental_ensemble-55ed0de0a0f6,BUY,2026-05-17T18:43:36Z,2024-10-16,2024-10-16,171.88,173.57,171.88,172.59,170.89,172.38,6117000,117.0,0.0,117.0,59659.96,39550.0,0.0,20109.96,121248.06,121306.56,0.1667,0.0,0.1658,2.0,0.5,0.7,2.0,52.39,-0.2231,-0.3895,0.1664,175.7317,167.4683,171.6,171.6,171.6904,-0.00058,-0.016243,-0.033647,,,,,majority_buy>=2,majority_buy>=2,2026-05-15,1.0,2026-05-17T18:43:36Z,19056.56,0.0,-0.773731
experimental_ensemble,Experimental – Model Consensus,XOM,ensemble_majority,ensemble_majority,ensemble_majority,binary,binary-2026-05,D-experimental_ensemble-352da7652f34,S-XOM-ensemble_majority-20241018-0b3ad6,T-experimental_ensemble-34142d4f87dd,SELL,2026-05-17T18:43:36Z,2024-10-18,2024-10-18,120.44,120.35,120.44,120.64,119.15,120.01,12898600,171.0,171.0,0.0,39550.0,60145.24,20595.24,0.0,121506.25,121579.78,0.1667,0.1695,0.0,3.0,0.75,0.2,2.0,51.45,1.4144,1.7442,-0.3299,127.0376,113.5204,120.279,120.279,117.4048,0.000583,-0.004333,-0.005833,731.88,0.036846,29,True,majority_sell>=2,majority_sell>=2,2026-05-15,1.0,2026-05-17T18:43:36Z,19788.44,0.0,-0.773731
experimental_ensemble,Experimental – Model Consensus,JNJ,ensemble_majority,ensemble_majority,ensemble_majority,binary,binary-2026-05,D-experimental_ensemble-83a74bcb8b29,S-JNJ-ensemble_majority-20241021-0b6734,T-experimental_ensemble-acb60a2368f2,BUY,2026-05-17T18:43:36Z,2024-10-21,2024-10-21,165.1,165.12,165.1,165.25,162.31,162.83,6082700,122.0,0.0,122.0,60145.24,40003.04,0.0,20142.2,121280.7,121003.75,0.1667,0.0,0.1665,3.0,0.75,0.8,2.0,51.12,0.2563,-0.1137,0.3699,165.0019,158.6401,161.821,161.821,162.9238,0.003808,-0.007554,-0.049499,,,,,majority_buy>=2,majority_buy>=2,2026-05-15,1.0,2026-05-17T18:43:36Z,19788.44,0.0,-0.773731
experimental_ensemble,Experimental – Model Consensus,AAPL,ensemble_majority,ensemble_majority,ensemble_majority,binary,binary-2026-05,D-experimental_ensemble-d84e34b02324,S-AAPL-ensemble_majority-20241030-788c28,T-experimental_ensemble-214f4779396e,SELL,2026-05-17T18:43:36Z,2024-10-30,2024-10-30,232.61,233.67,232.61,233.47,229.55,230.1,47070900,86.0,86.0,0.0,40003.04,60007.5,20004.46,0.0,119921.32,120137.18,0.1667,0.1668,0.0,3.0,0.75,0.2,2.0,50.2,1.7142,2.0273,-0.3131,237.9538,223.2852,230.6195,230.6195,227.176,-0.018209,-0.032073,0.020991,265.74,0.013463,29,True,majority_sell>=2,majority_sell>=2,2026-05-15,1.0,2026-05-17T18:43:36Z,20054.18,0.0,-0.773731
experimental_ensemble,Experimental – Model Consensus,MSFT,ensemble_majority,ensemble_majority,ensemble_majority,binary,binary-2026-05,D-experimental_ensemble-ccc1bbda7f86,S-MSFT-ensemble_majority-20241031-cb09b1,T-experimental_ensemble-76054b72e3a0,BUY,2026-05-17T18:43:36Z,2024-10-31,2024-10-31,415.36,432.53,415.36,416.16,406.3,406.35,53971000,48.0,0.0,48.0,60007.5,40070.22,0.0,19937.28,119696.95,119264.48,0.1667,0.0,0.1672,2.0,0.5,0.7,2.0,36.58,0.5109,0.5761,-0.0651,433.5583,406.4417,420.0,420.0,420.791,0.009893,0.046955,0.042107,,,,,majority_buy>=2,majority_buy>=2,2026-05-15,1.0,2026-05-17T18:43:36Z,20054.18,0.0,-0.773731
experimental_ensemble,Experimental – Model Consensus,JPM,ensemble_majority,ensemble_majority,ensemble_majority,binary,binary-2026-05,D-experimental_ensemble-490bf1100fcf,S-JPM-ensemble_majority-20241104-b0a9a0,T-experimental_ensemble-0d39c083ddd8,SELL,2026-05-17T18:43:36Z,2024-11-04,2024-11-04,222.65,222.94,222.65,223.76,219.17,219.78,8229600,94.0,94.0,0.0,40070.22,60999.32,20929.1,0.0,118955.26,119225.04,0.1667,0.1759,0.0,3.0,0.75,0.2,2.0,50.34,2.362,2.9217,-0.5596,229.868,213.319,221.5935,221.5935,216.0408,0.007781,0.088771,0.113932,1134.58,0.057318,27,True,majority_sell>=2,majority_sell>=2,2026-05-15,1.0,2026-05-17T18:43:36Z,21188.76,0.0,-0.773731
experimental_ensemble,Experimental – Model Consensus,PG,ensemble_majority,ensemble_majority,ensemble_majority,binary,binary-2026-05,D-experimental_ensemble-16981656493c,S-PG-ensemble_majority-20241108-4e8a2b,T-experimental_ensemble-01fddceb24d5,SELL,2026-05-17T18:43:36Z,2024-11-08,2024-11-08,164.02,163.41,164.02,167.75,163.93,167.71,7506200,117.0,117.0,0.0,60999.32,80189.66,19190.34,0.0,119870.65,119438.92,0.1667,0.1601,0.0,3.0,0.75,0.2,2.0,49.21,-1.7874,-1.557,-0.2304,174.7741,161.6859,168.23,168.23,171.0704,-0.010017,0.010912,0.018365,-919.62,-0.04573,23,False,majority_sell>=2,majority_sell>=2,2026-05-15,1.0,2026-05-17T18:43:36Z,20269.14,-0.043401,-0.773731
experimental_ensemble,Experimental – Model Consensus,XOM,ensemble_majority,ensemble_majority,ensemble_majority,binary,binary-2026-05,D-experimental_ensemble-ed9557b2cef4,S-XOM-ensemble_majority-20241111-aaca83,T-experimental_ensemble-037d265a7a4b,BUY,2026-05-17T18:43:36Z,2024-11-11,2024-11-11,121.0,121.11,121.0,121.62,120.07,120.47,11969700,164.0,0.0,164.0,80189.66,60345.66,0.0,19844.0,119169.02,119082.1,0.1667,0.0,0.1666,2.0,0.5,0.7,2.0,54.35,0.275,0.1064,0.1686,122.7156,116.0244,119.37,119.37,117.9524,-0.000996,-0.001328,-0.064746,,,,,majority_buy>=2,majority_buy>=2,2026-05-15,1.0,2026-05-17T18:43:36Z,20269.14,-0.043401,-0.773731
experimental_ensemble,Experimental – Model Consensus,UNH,ensemble_majority,ensemble_majority,ensemble_majority,binary,binary-2026-05,D-experimental_ensemble-09b870379fc9,S-UNH-ensemble_majority-20241114-8e9e6f,T-experimental_ensemble-363f0608a204,BUY,2026-05-17T18:43:36Z,2024-11-14,2024-11-14,603.48,605.87,603.48,606.0,588.99,593.15,3079200,32.0,0.0,32.0,60345.66,41034.3,0.0,19311.36,119136.36,118805.8,0.1667,0.0,0.1625,3.0,0.75,0.8,2.0,53.17,8.0602,4.0487,4.0115,623.4028,537.1002,580.2515,580.2515,582.8866,-0.001551,0.007317,-0.122515,,,,,majority_buy>=2,majority_buy>=2,2026-05-15,1.0,2026-05-17T18:43:36Z,20269.14,-0.043401,-0.773731
experimental_ensemble,Experimental – Model Consensus,PG,ensemble_majority,ensemble_majority,ensemble_majority,binary,binary-2026-05,D-experimental_ensemble-7e41737b2e74,S-PG-ensemble_majority-20241114-63a006,T-experimental_ensemble-00550dbaaec2,BUY,2026-05-17T18:43:36Z,2024-11-14,2024-11-14,166.71,166.58,166.71,168.04,166.51,167.08,7444300,119.0,0.0,119.0,41034.3,21195.81,0.0,19838.49,119136.36,118849.83,0.1667,0.0,0.1669,3.0,0.75,0.8,2.0,48.44,-1.2295,-1.4793,0.2498,171.7962,162.1428,166.9695,166.9695,170.4324,0.014723,0.033936,0.023821,,,,,majority_buy>=2,majority_buy>=2,2026-05-15,1.0,2026-05-17T18:43:36Z,20269.14,-0.043401,-0.773731
experimental_ensemble,Experimental – Model Consensus,AAPL,ensemble_majority,ensemble_majority,ensemble_majority,binary,binary-2026-05,D-experimental_ensemble-7cf5d1ed024c,S-AAPL-ensemble_majority-20241119-ec7733,T-experimental_ensemble-2a52192b9a39,BUY,2026-05-17T18:43:36Z,2024-11-19,2024-11-19,226.98,228.02,226.98,230.16,226.66,228.28,36211800,86.0,0.0,86.0,21195.81,1675.53,0.0,19520.28,118155.49,118267.29,0.1667,0.0,0.1651,2.0,0.5,0.7,2.0,51.99,-0.4853,-0.6204,0.1351,234.1711,220.2739,227.2225,227.2225,227.3448,0.003154,0.0297,0.086604,,,,,majority_buy>=2,majority_buy>=2,2026-05-15,1.0,2026-05-17T18:43:36Z,20269.14,-0.043401,-0.773731
experimental_ensemble,Experimental – Model Consensus,MSFT,ensemble_majority,ensemble_majority,ensemble_majority,binary,binary-2026-05,D-experimental_ensemble-ba6547d90ae0,S-MSFT-ensemble_majority-20241119-5de663,T-experimental_ensemble-505ce0cd8ebe,SELL,2026-05-17T18:43:36Z,2024-11-19,2024-11-19,413.11,415.76,413.11,417.94,411.55,417.79,18133500,48.0,48.0,0.0,1675.53,21504.81,19829.28,0.0,118155.49,118042.64,0.1667,0.1678,0.0,2.0,0.5,0.3,2.0,47.86,-0.5161,-0.2762,-0.2399,435.5736,405.9284,420.751,420.751,422.6158,-0.005505,0.024414,0.046914,-108.0,-0.005417,19,False,majority_sell>=2,majority_sell>=2,2026-05-15,1.0,2026-05-17T18:43:36Z,20161.14,-0.048498,-0.773731
experimental_ensemble,Experimental – Model Consensus,UNH,ensemble_majority,ensemble_majority,ensemble_majority,binary,binary-2026-05,D-experimental_ensemble-ce34746b7b45,S-UNH-ensemble_majority-20241119-72eecb,T-experimental_ensemble-62818beadf71,SELL,2026-05-17T18:43:36Z,2024-11-19,2024-11-19,582.72,589.65,582.72,586.84,576.77,577.0,3198300,32.0,32.0,0.0,21504.81,40151.84,18647.04,0.0,118155.49,118225.68,0.1667,0.1578,0.0,2.0,0.5,0.3,2.0,45.46,4.5719,4.9363,-0.3644,625.402,539.895,582.6485,582.6485,582.264,0.040728,0.051629,-0.133934,-664.32,-0.0344,5,False,majority_sell>=2,majority_sell>=2,2026-05-15,1.0,2026-05-17T18:43:36Z,19496.82,-0.079851,-0.773731
experimental_ensemble,Experimental – Model Consensus,MSFT,ensemble_majority,ensemble_majority,ensemble_majority,binary,binary-2026-05,D-experimental_ensemble-7397f949244d,S-MSFT-ensemble_majority-20241127-dfdac7,T-experimental_ensemble-60d6c796fe86,BUY,2026-05-17T18:43:36Z,2024-11-27,2024-11-27,425.11,427.99,425.11,427.23,422.02,422.99,18332400,47.0,0.0,47.0,40151.84,20171.68,0.0,19980.17,119954.7,119855.06,0.1667,0.0,0.1667,2.0,0.5,0.7,2.0,52.69,0.1005,-0.4977,0.5981,430.2236,405.9364,418.08,418.08,421.3598,0.001111,0.046408,0.017826,,,,,majority_buy>=2,majority_buy>=2,2026-05-15,1.0,2026-05-17T18:43:36Z,19496.82,-0.079851,-0.773731
experimental_ensemble,Experimental – Model Consensus,PG,ensemble_majority,ensemble_majority,ensemble_majority,binary,binary-2026-05,D-experimental_ensemble-82cb1105e61b,S-PG-ensemble_majority-20241210-75dbea,T-experimental_ensemble-6c321bdcc780,SELL,2026-05-17T18:43:36Z,2024-12-10,2024-12-10,170.42,170.79,170.42,172.93,169.93,172.28,6219900,119.0,119.0,0.0,20171.68,40451.66,20279.98,0.0,119501.66,119280.32,0.1667,0.1697,0.0,3.0,0.75,0.2,2.0,48.68,1.2668,1.7917,-0.5249,182.0497,164.8442,173.447,173.447,170.5624,-0.009577,-0.011319,-0.079638,441.49,0.022254,26,True,majority_sell>=2,majority_sell>=2,2026-05-15,1.0,2026-05-17T18:43:36Z,19938.31,-0.059015,-0.773731
experimental_ensemble,Experimental – Model Consensus,MSFT,ensemble_majority,ensemble_majority,ensemble_majority,binary,binary-2026-05,D-experimental_ensemble-772e5f9f4624,S-MSFT-ensemble_majority-20241220-2c33a4,T-experimental_ensemble-3551cb8446a0,SELL,2026-05-17T18:43:36Z,2024-12-20,2024-12-20,433.11,437.03,433.11,443.74,428.63,436.6,64263700,47.0,47.0,0.0,40451.66,60807.82,20356.17,0.0,117846.02,117681.99,0.1667,0.1727,0.0,3.0,0.75,0.2,2.0,51.03,5.2517,6.1684,-0.9167,459.2315,415.5945,437.413,437.413,426.8626,-0.003092,-0.026958,0.023156,376.0,0.018819,23,True,majority_sell>=2,majority_sell>=2,2026-05-15,1.0,2026-05-17T18:43:36Z,20314.31,-0.04127,-0.773731
experimental_ensemble,Experimental – Model Consensus,AAPL,ensemble_majority,ensemble_majority,ensemble_majority,binary,binary-2026-05,D-experimental_ensemble-2167c3a2f4a9,S-AAPL-ensemble_majority-20250102-b654e4,T-experimental_ensemble-de68d06a4c47,SELL,2026-05-17T18:43:36Z,2025-01-02,2025-01-02,248.93,250.42,248.93,249.1,241.82,243.85,55740700,86.0,86.0,0.0,60807.82,82215.8,21407.98,0.0,116948.21,117385.08,0.1667,0.1831,0.0,3.0,0.75,0.2,2.0,46.03,4.0567,5.2513,-1.1946,259.5793,240.1597,249.8695,249.8695,237.7504,-0.002009,-0.028706,-0.064958,1887.7,0.096705,44,True,majority_sell>=2,majority_sell>=2,2026-05-15,1.0,2026-05-17T18:43:36Z,22202.01,0.0,-0.773731
experimental_ensemble,Experimental – Model Consensus,UNH,ensemble_majority,ensemble_majority,ensemble_majority,binary,binary-2026-05,D-experimental_ensemble-54e7a81cb68c,S-UNH-ensemble_majority-20250107-17c171,T-experimental_ensemble-f479058eea15,BUY,2026-05-17T18:43:36Z,2025-01-07,2025-01-07,518.85,513.67,518.85,519.5,511.22,514.25,3914500,37.0,0.0,37.0,82215.8,63018.35,0.0,19197.45,117890.86,117720.66,0.1667,0.0,0.1631,4.0,1.0,0.9,2.0,42.04,-15.2126,-18.635,3.4224,552.067,474.0699,513.0685,513.0685,559.2416,0.019971,0.056723,0.030705,,,,,majority_buy>=2,majority_buy>=2,2026-05-15,1.0,2026-05-17T18:43:36Z,22202.01,0.0,-0.773731
experimental_ensemble,Experimental – Model Consensus,MSFT,ensemble_majority,ensemble_majority,ensemble_majority,binary,binary-2026-05,D-experimental_ensemble-c984e6ed89f6,S-MSFT-ensemble_majority-20250121-43bd0e,T-experimental_ensemble-f32d0db4786b,BUY,2026-05-17T18:43:36Z,2025-01-21,2025-01-21,430.2,429.03,430.2,430.9,425.6,428.5,26085700,46.0,0.0,46.0,63018.35,43229.15,0.0,19789.2,118798.36,118720.16,0.1667,0.0,0.1667,2.0,0.5,0.7,2.0,50.73,-2.174,-2.4491,0.2751,441.135,412.877,427.006,427.006,429.0588,0.041307,0.043641,-0.032042,,,,,majority_buy>=2,majority_buy>=2,2026-05-15,1.0,2026-05-17T18:43:36Z,22202.01,0.0,-0.773731
experimental_ensemble,Experimental – Model Consensus,PG,ensemble_majority,ensemble_majority,ensemble_majority,binary,binary-2026-05,D-experimental_ensemble-a6821ffdec3f,S-PG-ensemble_majority-20250122-934c92,T-experimental_ensemble-1207b4c8a24b,BUY,2026-05-17T18:43:36Z,2025-01-22,2025-01-22,167.1,161.72,167.1,168.14,164.44,164.74,14356700,118.0,0.0,118.0,43229.15,23511.35,0.0,19717.8,118669.85,118391.37,0.1667,0.0,0.1665,2.0,0.5,0.7,2.0,49.6,-2.3303,-2.6048,0.2745,171.6751,156.2779,163.9765,163.9765,168.758,0.008559,0.009044,0.014993,,,,,majority_buy>=2,majority_buy>=2,2026-05-15,1.0,2026-05-17T18:43:36Z,22202.01,0.0,-0.773731
experimental_ensemble,Experimental – Model Consensus,AAPL,ensemble_majority,ensemble_majority,ensemble_majority,binary,binary-2026-05,D-experimental_ensemble-e2bcb4f6b15d,S-AAPL-ensemble_majority-20250129-d55cc4,T-experimental_ensemble-a0b2790373d7,BUY,2026-05-17T18:43:36Z,2025-01-29,2025-01-29,234.12,238.26,234.12,239.86,234.01,239.36,45486100,85.0,0.0,85.0,23511.35,3611.15,0.0,19900.2,119645.55,120090.95,0.1667,0.0,0.1657,2.0,0.5,0.7,2.0,53.42,-3.3245,-3.6402,0.3158,253.751,218.326,236.0385,236.0385,239.8206,-0.007395,-0.028785,-0.008606,,,,,majority_buy>=2,majority_buy>=2,2026-05-15,1.0,2026-05-17T18:43:36Z,22202.01,0.0,-0.773731
experimental_ensemble,Experimental – Model Consensus,UNH,ensemble_majority,ensemble_majority,ensemble_majority,binary,binary-2026-05,D-experimental_ensemble-416a206e6f89,S-UNH-ensemble_majority-20250212-c286c6,T-experimental_ensemble-59214cdbac08,SELL,2026-05-17T18:43:36Z,2025-02-12,2025-02-12,539.85,533.92,539.85,542.35,525.51,527.4,3859200,37.0,37.0,0.0,3611.15,23585.6,19974.45,0.0,118632.3,119092.95,0.1667,0.1684,0.0,2.0,0.5,0.3,2.0,46.34,0.5303,1.2738,-0.7435,555.2324,511.5796,533.406,533.406,532.4582,0.007167,-0.047364,-0.086993,777.0,0.040474,36,True,majority_sell>=2,majority_sell>=2,2026-05-15,1.0,2026-05-17T18:43:36Z,22979.01,0.0,-0.773731
experimental_ensemble,Experimental – Model Consensus,PG,ensemble_majority,ensemble_majority,ensemble_majority,binary,binary-2026-05,D-experimental_ensemble-12af58c1f1b9,S-PG-ensemble_majority-20250219-76bfbf,T-experimental_ensemble-efbebfaacaee,SELL,2026-05-17T18:43:36Z,2025-02-19,2025-02-19,166.1,165.43,166.1,166.87,165.24,166.49,7910700,118.0,118.0,0.0,23585.6,43185.4,19599.8,0.0,120476.57,120430.55,0.1667,0.1627,0.0,2.0,0.5,0.3,2.0,49.32,0.2637,0.4349,-0.1712,171.3689,163.1921,167.2805,167.2805,166.912,0.004325,0.028891,0.012493,-118.0,-0.005984,28,False,majority_sell>=2,majority_sell>=2,2026-05-15,1.0,2026-05-17T18:43:36Z,22861.01,-0.005135,-0.773731
experimental_ensemble,Experimental – Model Consensus,AAPL,ensemble_majority,ensemble_majority,ensemble_majority,binary,binary-2026-05,D-experimental_ensemble-2eace5ded5fd,S-AAPL-ensemble_majority-20250303-35109f,T-experimental_ensemble-b481f95face2,SELL,2026-05-17T18:43:36Z,2025-03-03,2025-03-03,241.79,241.84,241.79,244.03,236.11,238.03,47184000,85.0,85.0,0.0,43185.4,63737.55,20552.15,0.0,119369.29,119688.89,0.1667,0.1722,0.0,2.0,0.5,0.3,2.0,48.33,1.4565,1.5781,-0.1216,251.6735,225.3055,238.4895,238.4895,239.9608,-0.008822,-0.044322,-0.066798,651.95,0.032761,33,True,majority_sell>=2,majority_sell>=2,2026-05-15,1.0,2026-05-17T18:43:36Z,23512.96,0.0,-0.773731
experimental_ensemble,Experimental – Model Consensus,XOM,ensemble_majority,ensemble_majority,ensemble_majority,binary,binary-2026-05,D-experimental_ensemble-ef284a5bd266,S-XOM-ensemble_majority-20250306-d32465,T-experimental_ensemble-1479dc87616f,SELL,2026-05-17T18:43:36Z,2025-03-06,2025-03-06,105.43,105.44,105.43,108.11,104.36,107.62,17150200,164.0,164.0,0.0,63737.55,81028.07,17290.52,0.0,119875.43,119516.27,0.1667,0.1442,0.0,3.0,0.75,0.2,2.0,45.58,-0.4935,-0.1165,-0.377,112.7795,105.9315,109.3555,109.3555,108.8258,0.013009,0.009757,0.044694,-2553.48,-0.128678,115,False,majority_sell>=2,majority_sell>=2,2026-05-15,1.0,2026-05-17T18:43:36Z,20959.48,-0.108599,-0.773731
experimental_ensemble,Experimental – Model Consensus,JNJ,ensemble_majority,ensemble_majority,ensemble_majority,binary,binary-2026-05,D-experimental_ensemble-953d4e8cbd6d,S-JNJ-ensemble_majority-20250306-49406b,T-experimental_ensemble-c6bd341ff26e,SELL,2026-05-17T18:43:36Z,2025-03-06,2025-03-06,165.0,165.12,165.0,165.87,163.51,165.83,8037900,122.0,122.0,0.0,81028.07,101158.07,20130.0,0.0,119875.43,119415.01,0.1667,0.1679,0.0,2.0,0.5,0.3,2.0,66.88,3.939,3.7142,0.2248,169.8619,150.7211,160.2915,160.2915,152.356,0.005186,-0.017126,-0.036242,-12.2,-0.000606,136,False,majority_sell>=2,majority_sell>=2,2026-05-15,1.0,2026-05-17T18:43:36Z,20947.28,-0.109118,-0.773731
experimental_ensemble,Experimental – Model Consensus,UNH,ensemble_majority,ensemble_majority,ensemble_majority,binary,binary-2026-05,D-experimental_ensemble-5ad10802f5dd,S-UNH-ensemble_majority-20250314-a933cc,T-experimental_ensemble-bd43392a2eff,BUY,2026-05-17T18:43:36Z,2025-03-14,2025-03-14,481.0,481.52,481.0,489.45,478.24,488.65,3915900,41.0,0.0,41.0,101158.07,81437.07,0.0,19721.0,119031.83,119345.48,0.1667,0.0,0.1652,3.0,0.75,0.8,2.0,47.45,-8.7485,-11.4314,2.6829,515.3022,450.6488,482.9755,482.9755,510.8038,0.021222,0.05771,0.226788,,,,,majority_buy>=2,majority_buy>=2,2026-05-15,1.0,2026-05-17T18:43:36Z,20947.28,-0.109118,-0.773731
experimental_ensemble,Experimental – Model Consensus,JPM,ensemble_majority,ensemble_majority,ensemble_majority,binary,binary-2026-05,D-experimental_ensemble-d06f2c155296,S-JPM-ensemble_majority-20250324-7d4932,T-experimental_ensemble-769ac6b25c02,BUY,2026-05-17T18:43:36Z,2025-03-24,2025-03-24,245.48,241.63,245.48,248.69,244.41,248.06,9422700,81.0,0.0,81.0,81437.07,61553.19,0.0,19883.88,120695.25,120904.23,0.1667,0.0,0.1645,3.0,0.75,0.8,2.0,51.45,-5.6476,-6.8637,1.2162,267.3632,220.1078,243.7355,243.7355,256.953,0.012376,-0.011126,-0.05027,,,,,majority_buy>=2,majority_buy>=2,2026-05-15,1.0,2026-05-17T18:43:36Z,20947.28,-0.109118,-0.773731
experimental_ensemble,Experimental – Model Consensus,AAPL,ensemble_majority,ensemble_majority,ensemble_majority,binary,binary-2026-05,D-experimental_ensemble-07c3e5612d9a,S-AAPL-ensemble_majority-20250331-a1de73,T-experimental_ensemble-ac2372c3f453,BUY,2026-05-17T18:43:36Z,2025-03-31,2025-03-31,217.01,217.9,217.01,225.62,216.23,222.13,65299300,92.0,0.0,92.0,61553.19,41588.27,0.0,19964.92,120164.18,120635.23,0.1667,0.0,0.1655,3.0,0.75,0.8,2.0,46.83,-3.675,-4.565,0.89,238.8507,205.0223,221.9365,221.9365,230.2496,0.004772,-0.183091,-0.04916,,,,,majority_buy>=2,majority_buy>=2,2026-05-15,1.0,2026-05-17T18:43:36Z,20947.28,-0.109118,-0.773731
experimental_ensemble,Experimental – Model Consensus,WMT,ensemble_majority,ensemble_majority,ensemble_majority,binary,binary-2026-05,D-experimental_ensemble-ff0a25193418,S-WMT-ensemble_majority-20250331-0f4b0a,T-experimental_ensemble-cef54475513c,BUY,2026-05-17T18:43:36Z,2025-03-31,2025-03-31,84.76,85.15,84.76,88.2,84.37,87.79,30269300,236.0,0.0,236.0,41588.27,21584.91,0.0,20003.36,120164.18,121350.31,0.1667,0.0,0.1648,3.0,0.75,0.8,2.0,45.45,-2.5161,-2.8083,0.2922,94.7609,80.7211,87.741,87.741,94.3164,0.011846,-0.045108,0.093974,,,,,majority_buy>=2,majority_buy>=2,2026-05-15,1.0,2026-05-17T18:43:36Z,20947.28,-0.109118,-0.773731
experimental_ensemble,Experimental – Model Consensus,PG,ensemble_majority,ensemble_majority,ensemble_majority,binary,binary-2026-05,D-experimental_ensemble-b0ac35784129,S-PG-ensemble_majority-20250401-9f6885,T-experimental_ensemble-eccacc65b024,BUY,2026-05-17T18:43:36Z,2025-04-01,2025-04-01,170.57,170.42,170.57,171.05,169.06,170.56,7021100,119.0,0.0,119.0,21584.91,1287.08,0.0,20297.83,121847.39,121846.2,0.1667,0.0,0.1666,2.0,0.5,0.7,2.0,53.73,-0.3725,-0.4828,0.1103,176.6363,162.6247,169.6305,169.6305,168.929,-0.006215,-0.071353,-0.046846,,,,,majority_buy>=2,majority_buy>=2,2026-05-15,1.0,2026-05-17T18:43:36Z,20947.28,-0.109118,-0.773731
experimental_ensemble,Experimental – Model Consensus,JPM,ensemble_majority,ensemble_majority,ensemble_majority,binary,binary-2026-05,D-experimental_ensemble-351e12d65b13,S-JPM-ensemble_majority-20250409-ff6f1a,T-experimental_ensemble-09b727ca75c8,SELL,2026-05-17T18:43:36Z,2025-04-09,2025-04-09,212.5,216.87,212.5,237.48,211.0,234.34,24022400,81.0,81.0,0.0,1287.08,18499.58,17212.5,0.0,120705.54,118936.5,0.1667,0.1426,0.0,3.0,0.75,0.2,2.0,47.04,-6.826,-5.4075,-1.4186,259.8685,212.8185,236.3435,236.3435,251.864,-0.030853,-0.020184,0.081634,-2671.38,-0.134349,16,False,majority_sell>=2,majority_sell>=2,2026-05-15,1.0,2026-05-17T18:43:36Z,18275.9,-0.222731,-0.773731
experimental_ensemble,Experimental – Model Consensus,JNJ,ensemble_majority,ensemble_majority,ensemble_majority,binary,binary-2026-05,D-experimental_ensemble-129e18f05531,S-JNJ-ensemble_majority-20250417-2c252f,T-experimental_ensemble-9f9145546ec4,BUY,2026-05-17T18:43:36Z,2025-04-17,2025-04-17,154.16,153.91,154.16,159.44,154.16,157.47,10981100,120.0,0.0,120.0,18499.58,0.38,0.0,18499.2,114463.02,114860.22,0.1667,0.0,0.1611,2.0,0.5,0.7,2.0,51.19,-1.9797,-2.0599,0.0803,167.4605,146.0775,156.769,156.769,159.6642,-0.003493,-0.018353,-0.038992,,,,,majority_buy>=2,majority_buy>=2,2026-05-15,1.0,2026-05-17T18:43:36Z,18275.9,-0.222731,-0.773731
experimental_ensemble,Experimental – Model Consensus,WMT,ensemble_majority,ensemble_majority,ensemble_majority,binary,binary-2026-05,D-experimental_ensemble-c9117d1a498e,S-WMT-ensemble_majority-20250513-72388d,T-experimental_ensemble-21e7b9fa6035,SELL,2026-05-17T18:43:36Z,2025-05-13,2025-05-13,96.5,96.75,96.5,97.32,95.23,95.88,19746700,236.0,236.0,0.0,0.38,22774.38,22774.0,0.0,112346.31,112492.63,0.1667,0.2027,0.0,3.0,0.75,0.2,2.0,53.59,1.709,1.9455,-0.2365,100.2645,91.7045,95.9845,95.9845,91.1382,0.009908,0.020025,-0.000834,2770.64,0.138509,43,True,majority_sell>=2,majority_sell>=2,2026-05-15,1.0,2026-05-17T18:43:36Z,21046.54,-0.104896,-0.773731
experimental_ensemble,Experimental – Model Consensus,XOM,ensemble_majority,ensemble_majority,ensemble_majority,binary,binary-2026-05,D-experimental_ensemble-7e54ef5bc705,S-XOM-ensemble_majority-20250514-f978c8,T-experimental_ensemble-1448a16865c5,BUY,2026-05-17T18:43:36Z,2025-05-14,2025-05-14,108.86,109.46,108.86,108.86,107.93,108.48,15494900,171.0,0.0,171.0,22774.38,4159.32,0.0,18615.06,112139.97,112074.99,0.1667,0.0,0.1661,3.0,0.75,0.8,2.0,52.83,-0.1883,-0.7337,0.5455,110.4383,103.2627,106.8505,106.8505,109.2544,0.000922,-0.044432,0.011523,,,,,majority_buy>=2,majority_buy>=2,2026-05-15,1.0,2026-05-17T18:43:36Z,21046.54,-0.104896,-0.773731
experimental_ensemble,Experimental – Model Consensus,JNJ,ensemble_majority,ensemble_majority,ensemble_majority,binary,binary-2026-05,D-experimental_ensemble-9236be3ffa78,S-JNJ-ensemble_majority-20250519-057a48,T-experimental_ensemble-96fc3ca853a0,SELL,2026-05-17T18:43:36Z,2025-05-19,2025-05-19,151.89,151.33,151.89,152.66,151.05,152.49,12639900,120.0,120.0,0.0,4159.32,22386.12,18226.8,0.0,113539.39,113467.39,0.1667,0.1605,0.0,2.0,0.5,0.3,2.0,46.9,-1.5761,-1.2949,-0.2813,159.7451,148.2359,153.9905,153.9905,156.9484,0.007673,0.004984,-0.000721,-272.4,-0.014725,32,False,majority_sell>=2,majority_sell>=2,2026-05-15,1.0,2026-05-17T18:43:36Z,20774.14,-0.116481,-0.773731
experimental_ensemble,Experimental – Model Consensus,MSFT,ensemble_majority,ensemble_majority,ensemble_majority,binary,binary-2026-05,D-experimental_ensemble-48265eff397b,S-MSFT-ensemble_majority-20250521-41ac4a,T-experimental_ensemble-cd709fefe249,SELL,2026-05-17T18:43:36Z,2025-05-21,2025-05-21,454.57,458.17,454.57,457.78,451.81,452.57,19216900,46.0,46.0,0.0,22386.12,43296.34,20910.22,0.0,111630.83,111722.83,0.1667,0.1873,0.0,2.0,0.5,0.3,2.0,70.97,17.8688,16.5342,1.3347,480.4557,382.3813,431.4185,431.4185,400.4668,0.00506,0.013501,0.054864,1121.02,0.056648,120,True,majority_sell>=2,majority_sell>=2,2026-05-15,1.0,2026-05-17T18:43:36Z,21895.16,-0.068805,-0.773731
experimental_ensemble,Experimental – Model Consensus,JNJ,ensemble_majority,ensemble_majority,ensemble_majority,binary,binary-2026-05,D-experimental_ensemble-4fb93d8ab5ee,S-JNJ-ensemble_majority-20250529-69b0d9,T-experimental_ensemble-0c3e9167a4be,BUY,2026-05-17T18:43:36Z,2025-05-29,2025-05-29,151.75,152.43,151.75,154.04,151.56,153.58,6810600,122.0,0.0,122.0,43296.34,24782.84,0.0,18513.5,111535.34,111758.6,0.1667,0.0,0.1657,3.0,0.75,0.8,2.0,49.92,-0.7079,-1.0027,0.2948,158.1038,148.0212,153.0625,153.0625,155.3954,0.010613,0.000521,-0.007618,,,,,majority_buy>=2,majority_buy>=2,2026-05-15,1.0,2026-05-17T18:43:36Z,21895.16,-0.068805,-0.773731
experimental_ensemble,Experimental – Model Consensus,AAPL,ensemble_majority,ensemble_majority,ensemble_majority,binary,binary-2026-05,D-experimental_ensemble-7af6dc03dfbb,S-AAPL-ensemble_majority-20250530-883a40,T-experimental_ensemble-080899a32691,SELL,2026-05-17T18:43:36Z,2025-05-30,2025-05-30,199.37,199.95,199.37,201.96,196.78,200.85,70819900,92.0,92.0,0.0,24782.84,43124.88,18342.04,0.0,112285.18,112149.02,0.1667,0.1634,0.0,2.0,0.5,0.3,2.0,45.7,-1.6845,-1.1216,-0.5628,214.966,191.991,203.4785,203.4785,205.4002,0.004232,0.015285,0.021509,-1622.88,-0.081287,60,False,majority_sell>=2,majority_sell>=2,2026-05-15,1.0,2026-05-17T18:43:36Z,20272.28,-0.137825,-0.773731
experimental_ensemble,Experimental – Model Consensus,PG,ensemble_majority,ensemble_majority,ensemble_majority,binary,binary-2026-05,D-experimental_ensemble-7c8959051e29,S-PG-ensemble_majority-20250606-def4ae,T-experimental_ensemble-3b23ac40850a,SELL,2026-05-17T18:43:36Z,2025-06-06,2025-06-06,163.29,162.8,163.29,165.24,163.28,164.02,5697700,119.0,119.0,0.0,43124.88,62556.39,19431.51,0.0,111819.11,111732.24,0.1667,0.1738,0.0,2.0,0.5,0.3,2.0,48.05,0.6505,0.7702,-0.1197,171.2323,157.6377,164.435,164.435,164.424,-0.008901,-0.022802,-0.037374,-866.32,-0.042681,66,False,majority_sell>=2,majority_sell>=2,2026-05-15,1.0,2026-05-17T18:43:36Z,19405.96,-0.17467,-0.773731
experimental_ensemble,Experimental – Model Consensus,AAPL,ensemble_majority,ensemble_majority,ensemble_majority,binary,binary-2026-05,D-experimental_ensemble-2f17b07f9754,S-AAPL-ensemble_majority-20250623-a1fce7,T-experimental_ensemble-84c6103d898e,BUY,2026-05-17T18:43:36Z,2025-06-23,2025-06-23,201.63,201.0,201.63,202.3,198.96,201.5,55814300,92.0,0.0,92.0,62556.39,44006.43,0.0,18549.96,112452.85,112440.89,0.1667,0.0,0.165,2.0,0.5,0.7,2.0,50.39,-1.4211,-1.5684,0.1472,204.956,195.117,200.0365,200.0365,202.408,-0.005955,0.018213,0.06402,,,,,majority_buy>=2,majority_buy>=2,2026-05-15,1.0,2026-05-17T18:43:36Z,19405.96,-0.17467,-0.773731
experimental_ensemble,Experimental – Model Consensus,JNJ,ensemble_majority,ensemble_majority,ensemble_majority,binary,binary-2026-05,D-experimental_ensemble-c6c8d6e93ba0,S-JNJ-ensemble_majority-20250624-04f974,T-experimental_ensemble-f5a49268c0c9,SELL,2026-05-17T18:43:36Z,2025-06-24,2025-06-24,151.5,151.32,151.5,152.72,150.98,152.19,9544200,122.0,122.0,0.0,44006.43,62489.43,18483.0,0.0,112057.77,111973.59,0.1667,0.1649,0.0,2.0,0.5,0.3,2.0,45.71,-0.5835,-0.1684,-0.4151,157.8574,149.9956,153.9265,153.9265,153.9748,0.000591,0.024509,0.111111,-30.5,-0.001647,26,False,majority_sell>=2,majority_sell>=2,2026-05-15,1.0,2026-05-17T18:43:36Z,19375.46,-0.175967,-0.773731
experimental_ensemble,Experimental – Model Consensus,XOM,ensemble_majority,ensemble_majority,ensemble_majority,binary,binary-2026-05,D-experimental_ensemble-457c2304052d,S-XOM-ensemble_majority-20250630-906329,T-experimental_ensemble-dc60bce75493,SELL,2026-05-17T18:43:36Z,2025-06-30,2025-06-30,108.64,109.38,108.64,108.84,107.72,107.8,19199000,171.0,171.0,0.0,62489.43,81066.87,18577.44,0.0,112589.64,112733.28,0.1667,0.165,0.0,2.0,0.5,0.3,2.0,48.24,0.9968,1.2328,-0.2361,116.2069,100.6521,108.4295,108.4295,106.9976,0.013358,0.059276,0.047124,-37.62,-0.002021,47,False,majority_sell>=2,majority_sell>=2,2026-05-15,1.0,2026-05-17T18:43:36Z,19337.84,-0.177567,-0.773731
experimental_ensemble,Experimental – Model Consensus,PG,ensemble_majority,ensemble_majority,ensemble_majority,binary,binary-2026-05,D-experimental_ensemble-eab36c301c30,S-PG-ensemble_majority-20250702-599522,T-experimental_ensemble-e9380039ea20,BUY,2026-05-17T18:43:36Z,2025-07-02,2025-07-02,161.14,161.22,161.14,161.35,159.86,161.2,8848700,117.0,0.0,117.0,81066.87,62213.49,0.0,18853.38,113221.31,113228.33,0.1667,0.0,0.1665,2.0,0.5,0.7,2.0,48.87,-0.9939,-1.1007,0.1068,165.0971,156.9859,161.0415,161.0415,162.2824,-0.002295,-0.016811,-0.066563,,,,,majority_buy>=2,majority_buy>=2,2026-05-15,1.0,2026-05-17T18:43:36Z,19337.84,-0.177567,-0.773731
experimental_ensemble,Experimental – Model Consensus,WMT,ensemble_majority,ensemble_majority,ensemble_majority,binary,binary-2026-05,D-experimental_ensemble-beb64fc20d8d,S-WMT-ensemble_majority-20250702-2ebe08,T-experimental_ensemble-155a1e612c43,BUY,2026-05-17T18:43:36Z,2025-07-02,2025-07-02,98.13,98.24,98.13,98.38,97.06,97.61,12502000,192.0,0.0,192.0,62213.49,43372.53,0.0,18840.96,113221.31,113128.49,0.1667,0.0,0.1665,2.0,0.5,0.7,2.0,53.99,0.2769,0.1222,0.1547,99.6474,93.7945,96.721,96.721,96.995,0.007684,-0.028173,0.003791,,,,,majority_buy>=2,majority_buy>=2,2026-05-15,1.0,2026-05-17T18:43:36Z,19337.84,-0.177567,-0.773731
experimental_ensemble,Experimental – Model Consensus,WMT,ensemble_majority,ensemble_majority,ensemble_majority,binary,binary-2026-05,D-experimental_ensemble-40816cf5a129,S-WMT-ensemble_majority-20250714-6971e1,T-experimental_ensemble-214112833816,SELL,2026-05-17T18:43:36Z,2025-07-14,2025-07-14,94.51,94.4,94.51,95.84,94.38,95.78,13779100,192.0,192.0,0.0,43372.53,61518.45,18145.92,0.0,111269.03,111025.19,0.1667,0.1631,0.0,2.0,0.5,0.3,2.0,46.27,-0.1811,0.0998,-0.2808,99.6219,93.4671,96.5445,96.5445,97.143,-0.004072,-0.001148,0.085091,-695.04,-0.03689,12,False,majority_sell>=2,majority_sell>=2,2026-05-15,1.0,2026-05-17T18:43:36Z,18642.8,-0.207127,-0.773731
experimental_ensemble,Experimental – Model Consensus,JNJ,ensemble_majority,ensemble_majority,ensemble_majority,binary,binary-2026-05,D-experimental_ensemble-86b39e18bca9,S-JNJ-ensemble_majority-20250715-a82da5,T-experimental_ensemble-3273946c4620,BUY,2026-05-17T18:43:36Z,2025-07-15,2025-07-15,156.36,156.82,156.36,157.19,154.8,155.17,6873200,117.0,0.0,117.0,61518.45,43224.33,0.0,18294.12,110580.24,110441.01,0.1667,0.0,0.1656,3.0,0.75,0.8,2.0,51.41,0.7276,0.4738,0.2538,158.7117,149.5373,154.1245,154.1245,153.9384,0.061932,0.082232,0.113488,,,,,majority_buy>=2,majority_buy>=2,2026-05-15,1.0,2026-05-17T18:43:36Z,18642.8,-0.207127,-0.773731
experimental_ensemble,Experimental – Model Consensus,AAPL,ensemble_majority,ensemble_majority,ensemble_majority,binary,binary-2026-05,D-experimental_ensemble-e5a517764408,S-AAPL-ensemble_majority-20250729-dcdda3,T-experimental_ensemble-eade2a737df1,SELL,2026-05-17T18:43:36Z,2025-07-29,2025-07-29,214.18,214.05,214.18,214.81,210.82,211.27,51411700,92.0,92.0,0.0,43224.33,62928.89,19704.56,0.0,111357.28,111625.0,0.1667,0.1769,0.0,2.0,0.5,0.3,2.0,54.51,2.318,2.4073,-0.0893,215.4772,207.6788,211.578,211.578,205.435,-0.010508,-0.039523,0.085388,1154.6,0.062243,36,True,majority_sell>=2,majority_sell>=2,2026-05-15,1.0,2026-05-17T18:43:36Z,19797.4,-0.158022,-0.773731
experimental_ensemble,Experimental – Model Consensus,JNJ,ensemble_majority,ensemble_majority,ensemble_majority,binary,binary-2026-05,D-experimental_ensemble-6aed5925e36c,S-JNJ-ensemble_majority-20250804-555beb,T-experimental_ensemble-90c938149c41,SELL,2026-05-17T18:43:36Z,2025-08-04,2025-08-04,167.03,167.33,167.03,171.19,166.64,171.04,12679100,117.0,117.0,0.0,62928.89,82471.4,19542.51,0.0,110459.67,109990.5,0.1667,0.1769,0.0,2.0,0.5,0.3,2.0,67.57,3.4161,3.2238,0.1924,174.0118,153.3942,163.703,163.703,157.807,-0.001754,0.016254,0.041043,1248.39,0.06824,20,True,majority_sell>=2,majority_sell>=2,2026-05-15,1.0,2026-05-17T18:43:36Z,21045.79,-0.104928,-0.773731
experimental_ensemble,Experimental – Model Consensus,XOM,ensemble_majority,ensemble_majority,ensemble_majority,binary,binary-2026-05,D-experimental_ensemble-d952ea3b5585,S-XOM-ensemble_majority-20250820-4cc210,T-experimental_ensemble-d60b161d243d,BUY,2026-05-17T18:43:36Z,2025-08-20,2025-08-20,107.88,107.42,107.88,109.33,107.68,108.53,18959700,175.0,0.0,175.0,82471.4,63592.4,0.0,18879.0,113427.51,113541.26,0.1667,0.0,0.1663,2.0,0.5,0.7,2.0,50.39,-0.8097,-0.8702,0.0605,112.8763,103.9897,108.433,108.433,110.0798,0.00645,0.038883,0.049756,,,,,majority_buy>=2,majority_buy>=2,2026-05-15,1.0,2026-05-17T18:43:36Z,21045.79,-0.104928,-0.773731
experimental_ensemble,Experimental – Model Consensus,WMT,ensemble_majority,ensemble_majority,ensemble_majority,binary,binary-2026-05,D-experimental_ensemble-8c0b1199608e,S-WMT-ensemble_majority-20250910-a2336e,T-experimental_ensemble-a9432dd0cd58,BUY,2026-05-17T18:43:36Z,2025-09-10,2025-09-10,101.95,102.29,101.95,102.45,100.39,100.41,17934900,189.0,0.0,189.0,63592.4,44323.85,0.0,19268.55,115907.83,115616.77,0.1667,0.0,0.1667,3.0,0.75,0.8,2.0,53.97,0.5159,0.1864,0.3295,103.8366,94.7824,99.3095,99.3095,98.546,0.022309,0.038442,0.024798,,,,,majority_buy>=2,majority_buy>=2,2026-05-15,1.0,2026-05-17T18:43:36Z,21045.79,-0.104928,-0.773731
experimental_ensemble,Experimental – Model Consensus,PG,ensemble_majority,ensemble_majority,ensemble_majority,binary,binary-2026-05,D-experimental_ensemble-71eb70207bb1,S-PG-ensemble_majority-20250915-299609,T-experimental_ensemble-84d9c4fbd611,SELL,2026-05-17T18:43:36Z,2025-09-15,2025-09-15,157.88,157.9,157.88,158.52,156.2,156.83,5995000,117.0,117.0,0.0,44323.85,62795.81,18471.96,0.0,116195.11,116317.96,0.1667,0.159,0.0,2.0,0.5,0.3,2.0,48.15,0.5313,0.6154,-0.0841,160.4834,155.2516,157.8675,157.8675,156.2172,0.007779,-0.023975,-0.059555,-381.42,-0.020231,75,False,majority_sell>=2,majority_sell>=2,2026-05-15,1.0,2026-05-17T18:43:36Z,20664.37,-0.12115,-0.773731
experimental_ensemble,Experimental – Model Consensus,MSFT,ensemble_majority,ensemble_majority,ensemble_majority,binary,binary-2026-05,D-experimental_ensemble-f158f7f0ace0,S-MSFT-ensemble_majority-20250916-f7b2f3,T-experimental_ensemble-011fa56c8e38,BUY,2026-05-17T18:43:36Z,2025-09-16,2025-09-16,516.88,515.36,516.88,517.23,508.6,509.04,19711900,37.0,0.0,37.0,62795.81,43671.25,0.0,19124.56,116342.17,116052.09,0.1667,0.0,0.1648,3.0,0.75,0.8,2.0,51.6,-1.0164,-1.8524,0.836,514.579,495.627,505.103,505.103,510.9492,0.001925,0.000373,0.008899,,,,,majority_buy>=2,majority_buy>=2,2026-05-15,1.0,2026-05-17T18:43:36Z,20664.37,-0.12115,-0.773731
experimental_ensemble,Experimental – Model Consensus,UNH,ensemble_majority,ensemble_majority,ensemble_majority,binary,binary-2026-05,D-experimental_ensemble-4121a0b88610,S-UNH-ensemble_majority-20250917-f3669a,T-experimental_ensemble-b54f332f10d5,SELL,2026-05-17T18:43:36Z,2025-09-17,2025-09-17,337.69,339.78,337.69,343.0,337.69,341.61,8467700,41.0,41.0,0.0,43671.25,57516.54,13845.29,0.0,116430.78,116270.06,0.1667,0.1189,0.0,2.0,0.5,0.3,2.0,66.39,15.9564,14.0079,1.9485,360.7468,281.7272,321.237,321.237,294.2008,-0.019876,0.029859,0.0572,-5875.71,-0.297942,187,False,majority_sell>=2,majority_sell>=2,2026-05-15,1.0,2026-05-17T18:43:36Z,14788.66,-0.371042,-0.773731
experimental_ensemble,Experimental – Model Consensus,XOM,ensemble_majority,ensemble_majority,ensemble_majority,binary,binary-2026-05,D-experimental_ensemble-c417a60f9831,S-XOM-ensemble_majority-20251001-12f3a3,T-experimental_ensemble-fc4579e51f65,SELL,2026-05-17T18:43:36Z,2025-10-01,2025-10-01,112.56,112.75,112.56,113.02,111.29,111.99,16614000,175.0,175.0,0.0,57516.54,77214.54,19698.0,0.0,115614.5,115714.25,0.1667,0.1704,0.0,2.0,0.5,0.3,2.0,47.6,0.8035,1.0059,-0.2023,116.8223,109.2077,113.015,113.015,110.9924,-0.006251,0.018127,0.039825,819.0,0.043382,42,True,majority_sell>=2,majority_sell>=2,2026-05-15,1.0,2026-05-17T18:43:36Z,15607.66,-0.33621,-0.773731
experimental_ensemble,Experimental – Model Consensus,WMT,ensemble_majority,ensemble_majority,ensemble_majority,binary,binary-2026-05,D-experimental_ensemble-4038166a974e,S-WMT-ensemble_majority-20251001-4348f7,T-experimental_ensemble-bdf6b53d99c7,SELL,2026-05-17T18:43:36Z,2025-10-01,2025-10-01,102.56,103.06,102.56,102.86,100.55,101.96,16142800,189.0,189.0,0.0,77214.54,96598.38,19383.84,0.0,115614.5,115827.65,0.1667,0.1677,0.0,3.0,0.75,0.2,2.0,50.95,0.7797,0.9423,-0.1625,104.6177,100.6073,102.6125,102.6125,100.5686,-0.00255,0.009219,0.004904,115.29,0.005983,21,True,majority_sell>=2,majority_sell>=2,2026-05-15,1.0,2026-05-17T18:43:36Z,15722.95,-0.331307,-0.773731
experimental_ensemble,Experimental – Model Consensus,MSFT,ensemble_majority,ensemble_majority,ensemble_majority,binary,binary-2026-05,D-experimental_ensemble-2a0ee2384254,S-MSFT-ensemble_majority-20251013-da9f33,T-experimental_ensemble-28214feb6ced,SELL,2026-05-17T18:43:36Z,2025-10-13,2025-10-13,516.41,510.96,516.41,516.41,511.68,514.05,14284200,37.0,37.0,0.0,96598.38,115705.55,19107.17,0.0,115618.23,115705.55,0.1667,0.1653,0.0,2.0,0.5,0.3,2.0,49.52,2.5334,2.7807,-0.2472,527.3354,503.4566,515.396,515.396,513.2698,-0.000934,0.00533,-0.01566,-17.39,-0.000909,27,False,majority_sell>=2,majority_sell>=2,2026-05-15,1.0,2026-05-17T18:43:36Z,15705.56,-0.332047,-0.773731
experimental_ensemble,Experimental – Model Consensus,PG,ensemble_majority,ensemble_majority,ensemble_majority,binary,binary-2026-05,D-experimental_ensemble-6713aebb5581,S-PG-ensemble_majority-20251020-6fc1f5,T-experimental_ensemble-077ab4384103,BUY,2026-05-17T18:43:36Z,2025-10-20,2025-10-20,151.59,151.4,151.59,152.39,151.3,151.96,5601300,127.0,0.0,127.0,115705.55,96453.62,0.0,19251.93,115705.55,115752.54,0.1667,0.0,0.1663,3.0,0.75,0.8,2.0,49.14,-1.4666,-1.6459,0.1793,154.8276,147.6914,151.2595,151.2595,154.8186,-0.002238,-0.001448,-0.040405,,,,,majority_buy>=2,majority_buy>=2,2026-05-15,1.0,2026-05-17T18:43:36Z,15705.56,-0.332047,-0.773731
experimental_ensemble,Experimental – Model Consensus,JPM,ensemble_majority,ensemble_majority,ensemble_majority,binary,binary-2026-05,D-experimental_ensemble-7926e2156dc8,S-JPM-ensemble_majority-20251029-482000,T-experimental_ensemble-6e0d43ca2b90,BUY,2026-05-17T18:43:36Z,2025-10-29,2025-10-29,303.51,305.36,303.51,308.25,303.01,305.51,7520300,63.0,0.0,63.0,96453.62,77332.49,0.0,19121.13,115347.41,115473.41,0.1667,0.0,0.1656,2.0,0.5,0.7,2.0,52.9,-1.0123,-1.2949,0.2825,312.2905,293.7395,303.015,303.015,304.0892,0.012864,0.020196,0.006972,,,,,majority_buy>=2,majority_buy>=2,2026-05-15,1.0,2026-05-17T18:43:36Z,15705.56,-0.332047,-0.773731
experimental_ensemble,Experimental – Model Consensus,MSFT,ensemble_majority,ensemble_majority,ensemble_majority,binary,binary-2026-05,D-experimental_ensemble-a6d8c15726d4,S-MSFT-ensemble_majority-20251030-44afd9,T-experimental_ensemble-74ff375d05d9,BUY,2026-05-17T18:43:36Z,2025-10-30,2025-10-30,530.48,541.55,530.48,534.97,522.12,525.76,41023100,36.0,0.0,36.0,77332.49,58235.21,0.0,19097.28,115823.87,115653.95,0.1667,0.0,0.1651,3.0,0.75,0.8,2.0,54.17,5.0955,3.4521,1.6434,539.1929,504.2481,521.7205,521.7205,513.554,-0.015121,-0.054512,-0.064193,,,,,majority_buy>=2,majority_buy>=2,2026-05-15,1.0,2026-05-17T18:43:36Z,15705.56,-0.332047,-0.773731
experimental_ensemble,Experimental – Model Consensus,XOM,ensemble_majority,ensemble_majority,ensemble_majority,binary,binary-2026-05,D-experimental_ensemble-e00681bad099,S-XOM-ensemble_majority-20251030-5747f8,T-experimental_ensemble-3368bbf20962,BUY,2026-05-17T18:43:36Z,2025-10-30,2025-10-30,116.43,116.45,116.43,116.52,114.53,114.69,16172900,165.0,0.0,165.0,58235.21,39024.26,0.0,19210.95,115823.87,115366.85,0.1667,0.0,0.1665,3.0,0.75,0.8,2.0,53.51,0.763,0.5084,0.2545,116.9607,110.2393,113.6,113.6,113.0864,-0.002877,-0.001657,0.010725,,,,,majority_buy>=2,majority_buy>=2,2026-05-15,1.0,2026-05-17T18:43:36Z,15705.56,-0.332047,-0.773731
experimental_ensemble,Experimental – Model Consensus,MSFT,ensemble_majority,ensemble_majority,ensemble_majority,binary,binary-2026-05,D-experimental_ensemble-859f7615f983,S-MSFT-ensemble_majority-20251103-f0b04f,T-experimental_ensemble-76f74b0fc329,SELL,2026-05-17T18:43:36Z,2025-11-03,2025-11-03,519.81,517.81,519.81,524.96,514.59,517.03,22374700,36.0,36.0,0.0,39024.26,57737.42,18713.16,0.0,114695.33,114795.41,0.1667,0.1632,0.0,2.0,0.5,0.3,2.0,47.08,3.1148,3.4796,-0.3648,538.4382,503.8948,521.1665,521.1665,514.0214,-0.005222,-0.021333,-0.052279,-384.12,-0.020114,4,False,majority_sell>=2,majority_sell>=2,2026-05-15,1.0,2026-05-17T18:43:36Z,15321.44,-0.348383,-0.773731
experimental_ensemble,Experimental – Model Consensus,PG,ensemble_majority,ensemble_majority,ensemble_majority,binary,binary-2026-05,D-experimental_ensemble-333004e57dd9,S-PG-ensemble_majority-20251111-d1183d,T-experimental_ensemble-259a529d0747,SELL,2026-05-17T18:43:36Z,2025-11-11,2025-11-11,145.96,145.5,145.96,148.65,145.67,148.54,7332500,127.0,127.0,0.0,57737.42,76274.34,18536.92,0.0,116249.76,115922.1,0.1667,0.1595,0.0,2.0,0.5,0.3,2.0,46.35,-1.5153,-1.3622,-0.1531,154.0868,144.7992,149.443,149.443,152.5008,-0.003568,-0.010435,-0.058705,-715.01,-0.03714,22,False,majority_sell>=2,majority_sell>=2,2026-05-15,1.0,2026-05-17T18:43:36Z,14606.43,-0.378792,-0.773731
experimental_ensemble,Experimental – Model Consensus,XOM,ensemble_majority,ensemble_majority,ensemble_majority,binary,binary-2026-05,D-experimental_ensemble-28bfd5f79b7f,S-XOM-ensemble_majority-20251124-861817,T-experimental_ensemble-5db91b298787,SELL,2026-05-17T18:43:36Z,2025-11-24,2025-11-24,117.2,117.08,117.2,117.2,114.74,115.97,18034900,165.0,165.0,0.0,76274.34,95612.34,19338.0,0.0,114183.39,114386.34,0.1667,0.1694,0.0,3.0,0.75,0.2,2.0,49.26,0.8916,1.1173,-0.2257,120.4578,112.7582,116.608,116.608,114.766,-0.012589,-0.005088,0.029749,127.05,0.006613,25,True,majority_sell>=2,majority_sell>=2,2026-05-15,1.0,2026-05-17T18:43:36Z,14733.48,-0.373389,-0.773731
experimental_ensemble,Experimental – Model Consensus,WMT,ensemble_majority,ensemble_majority,ensemble_majority,binary,binary-2026-05,D-experimental_ensemble-0bd19e0ba4e2,S-WMT-ensemble_majority-20251124-3e4870,T-experimental_ensemble-1cbe7017c212,BUY,2026-05-17T18:43:36Z,2025-11-24,2025-11-24,105.36,105.32,105.36,106.27,103.76,104.06,42519200,180.0,0.0,180.0,95612.34,76647.54,0.0,18964.8,114183.39,114152.34,0.1667,0.0,0.1661,3.0,0.75,0.8,2.0,52.24,0.1445,-0.1271,0.2716,105.63,99.81,102.72,102.72,103.5418,0.028253,0.080242,0.065731,,,,,majority_buy>=2,majority_buy>=2,2026-05-15,1.0,2026-05-17T18:43:36Z,14733.48,-0.373389,-0.773731
experimental_ensemble,Experimental – Model Consensus,JPM,ensemble_majority,ensemble_majority,ensemble_majority,binary,binary-2026-05,D-experimental_ensemble-111b9066c198,S-JPM-ensemble_majority-20251125-566220,T-experimental_ensemble-ac2082c13811,SELL,2026-05-17T18:43:36Z,2025-11-25,2025-11-25,300.05,298.0,300.05,304.5,295.56,303.0,8877200,63.0,63.0,0.0,76647.54,95550.69,18903.15,0.0,114996.54,114810.69,0.1667,0.1644,0.0,3.0,0.75,0.2,2.0,47.38,-1.6701,-0.3802,-1.2898,320.8066,294.2374,307.522,307.522,307.0986,0.015314,0.030132,0.08637,-217.98,-0.0114,27,False,majority_sell>=2,majority_sell>=2,2026-05-15,1.0,2026-05-17T18:43:36Z,14515.5,-0.38266,-0.773731
experimental_ensemble,Experimental – Model Consensus,PG,ensemble_majority,ensemble_majority,ensemble_majority,binary,binary-2026-05,D-experimental_ensemble-e2a488c16592,S-PG-ensemble_majority-20251125-4581cb,T-experimental_ensemble-1fc248f786f7,BUY,2026-05-17T18:43:36Z,2025-11-25,2025-11-25,147.32,146.98,147.32,148.65,147.22,148.49,10477700,130.0,0.0,130.0,95550.69,76399.09,0.0,19151.6,114996.54,114962.79,0.1667,0.0,0.1666,3.0,0.75,0.8,2.0,49.26,-0.6731,-1.001,0.3279,150.5997,144.8873,147.7435,147.7435,150.369,-0.001616,-0.011987,-0.026938,,,,,majority_buy>=2,majority_buy>=2,2026-05-15,1.0,2026-05-17T18:43:36Z,14515.5,-0.38266,-0.773731
experimental_ensemble,Experimental – Model Consensus,UNH,ensemble_majority,ensemble_majority,ensemble_majority,binary,binary-2026-05,D-experimental_ensemble-e2f2d7237f97,S-UNH-ensemble_majority-20251126-cfa1ca,T-experimental_ensemble-e73bcd38613d,BUY,2026-05-17T18:43:36Z,2025-11-26,2025-11-26,326.59,326.28,326.59,335.19,325.89,329.71,5504200,58.0,0.0,58.0,76399.09,57456.87,0.0,18942.22,115309.59,115490.55,0.1667,0.0,0.164,2.0,0.5,0.7,2.0,49.14,-6.5612,-7.3864,0.8252,344.4484,307.2166,325.8325,325.8325,343.6444,0.000182,0.011465,0.00643,,,,,majority_buy>=2,majority_buy>=2,2026-05-15,1.0,2026-05-17T18:43:36Z,14515.5,-0.38266,-0.773731
experimental_ensemble,Experimental – Model Consensus,JPM,ensemble_majority,ensemble_majority,ensemble_majority,binary,binary-2026-05,D-experimental_ensemble-797d3e7682d5,S-JPM-ensemble_majority-20251201-dea714,T-experimental_ensemble-a2292d8f8c50,BUY,2026-05-17T18:43:36Z,2025-12-01,2025-12-01,312.95,313.08,312.95,314.04,308.54,308.92,7727300,61.0,0.0,61.0,57456.87,38366.92,0.0,19089.95,115445.65,115199.82,0.1667,0.0,0.1657,2.0,0.5,0.7,2.0,53.27,-0.087,-0.4297,0.3427,321.0717,294.3293,307.7005,307.7005,306.8962,-0.003367,0.020361,0.046938,,,,,majority_buy>=2,majority_buy>=2,2026-05-15,1.0,2026-05-17T18:43:36Z,14515.5,-0.38266,-0.773731
experimental_ensemble,Experimental – Model Consensus,MSFT,ensemble_majority,ensemble_majority,ensemble_majority,binary,binary-2026-05,D-experimental_ensemble-e4f0ea32fc42,S-MSFT-ensemble_majority-20251208-0ba4bf,T-experimental_ensemble-c32f588e62eb,BUY,2026-05-17T18:43:36Z,2025-12-08,2025-12-08,484.89,483.16,484.89,492.3,484.38,491.02,21965900,39.0,0.0,39.0,38366.92,19456.21,0.0,18910.71,114789.69,115028.76,0.1667,0.0,0.1644,3.0,0.75,0.8,2.0,47.83,-6.9411,-7.825,0.884,515.8998,465.7232,490.8115,490.8115,507.3778,0.002037,-0.032993,-0.015376,,,,,majority_buy>=2,majority_buy>=2,2026-05-15,1.0,2026-05-17T18:43:36Z,14515.5,-0.38266,-0.773731
experimental_ensemble,Experimental – Model Consensus,XOM,ensemble_majority,ensemble_majority,ensemble_majority,binary,binary-2026-05,D-experimental_ensemble-128672ca7f0c,S-XOM-ensemble_majority-20251215-82b574,T-experimental_ensemble-43f115e4f43d,BUY,2026-05-17T18:43:36Z,2025-12-15,2025-12-15,119.01,118.82,119.01,119.03,116.85,117.76,16358700,163.0,0.0,163.0,19456.21,57.58,0.0,19398.63,117168.31,116964.56,0.1667,0.0,0.1659,2.0,0.5,0.7,2.0,52.99,0.7207,0.5975,0.1232,119.9912,114.2798,117.1355,117.1355,115.6662,-0.026155,0.003312,0.105639,,,,,majority_buy>=2,majority_buy>=2,2026-05-15,1.0,2026-05-17T18:43:36Z,14515.5,-0.38266,-0.773731
experimental_ensemble,Experimental – Model Consensus,XOM,ensemble_majority,ensemble_majority,ensemble_majority,binary,binary-2026-05,D-experimental_ensemble-5ee53249749d,S-XOM-ensemble_majority-20251218-409289,T-experimental_ensemble-725bc6084456,SELL,2026-05-17T18:43:36Z,2025-12-18,2025-12-18,116.99,117.41,116.99,116.99,115.63,116.54,13705600,163.0,163.0,0.0,57.58,19126.95,19069.37,0.0,115640.94,115714.29,0.1667,0.1649,0.0,3.0,0.75,0.2,2.0,49.1,0.3128,0.487,-0.1743,119.7563,113.9717,116.864,116.864,115.7892,0.001287,0.022053,0.119444,-329.26,-0.016973,3,False,majority_sell>=2,majority_sell>=2,2026-05-15,1.0,2026-05-17T18:43:36Z,14186.24,-0.396663,-0.773731
experimental_ensemble,Experimental – Model Consensus,WMT,ensemble_majority,ensemble_majority,ensemble_majority,binary,binary-2026-05,D-experimental_ensemble-71087a8c908d,S-WMT-ensemble_majority-20251222-fb5162,T-experimental_ensemble-478ceac5bc06,SELL,2026-05-17T18:43:36Z,2025-12-22,2025-12-22,114.01,114.36,114.01,114.32,112.22,112.6,21473900,180.0,180.0,0.0,19126.95,39648.75,20521.8,0.0,115424.3,115678.1,0.1667,0.1778,0.0,3.0,0.75,0.2,2.0,53.5,2.3384,2.7303,-0.3918,119.5606,106.7044,113.1325,113.1325,107.6692,-0.015098,-0.006039,0.046448,1557.0,0.082099,28,True,majority_sell>=2,majority_sell>=2,2026-05-15,1.0,2026-05-17T18:43:36Z,15743.24,-0.330444,-0.773731
experimental_ensemble,Experimental – Model Consensus,PG,ensemble_majority,ensemble_majority,ensemble_majority,binary,binary-2026-05,D-experimental_ensemble-0cac45c45fea,S-PG-ensemble_majority-20260109-31976c,T-experimental_ensemble-fce155aeabfc,SELL,2026-05-17T18:43:36Z,2026-01-09,2026-01-09,141.7,141.53,141.7,142.33,140.83,141.87,9528500,130.0,130.0,0.0,39648.75,58069.75,18421.0,0.0,116815.2,116793.1,0.1667,0.1577,0.0,2.0,0.5,0.3,2.0,45.68,-1.3242,-1.1755,-0.1486,147.6042,138.6228,143.1135,143.1135,145.2032,0.011208,0.01875,0.108973,-730.6,-0.038148,45,False,majority_sell>=2,majority_sell>=2,2026-05-15,1.0,2026-05-17T18:43:36Z,15012.64,-0.361516,-0.773731
experimental_ensemble,Experimental – Model Consensus,PG,ensemble_majority,ensemble_majority,ensemble_majority,binary,binary-2026-05,D-experimental_ensemble-8648f843aeb7,S-PG-ensemble_majority-20260112-c1d068,T-experimental_ensemble-74d8c7b71efb,BUY,2026-05-17T18:43:36Z,2026-01-12,2026-01-12,142.28,141.87,142.28,143.88,141.71,143.46,12812000,136.0,0.0,136.0,58069.75,38719.67,0.0,19350.08,116223.24,116383.72,0.1667,0.0,0.1663,2.0,0.5,0.7,2.0,50.35,-1.1033,-1.1611,0.0578,147.6085,138.8885,143.2485,143.2485,145.097,0.005437,0.024676,0.10888,,,,,majority_buy>=2,majority_buy>=2,2026-05-15,1.0,2026-05-17T18:43:36Z,15012.64,-0.361516,-0.773731
experimental_ensemble,Experimental – Model Consensus,UNH,ensemble_majority,ensemble_majority,ensemble_majority,binary,binary-2026-05,D-experimental_ensemble-f653a520c741,S-UNH-ensemble_majority-20260116-952107,T-experimental_ensemble-2d26a7be8fbe,SELL,2026-05-17T18:43:36Z,2026-01-16,2026-01-16,334.86,338.96,334.86,336.2,330.43,331.02,8039100,58.0,58.0,0.0,38719.67,58141.55,19421.88,0.0,114570.12,114792.84,0.1667,0.1695,0.0,2.0,0.5,0.3,2.0,46.34,1.4961,2.0673,-0.5712,349.0095,320.5345,334.772,334.772,330.0776,0.022385,0.062292,-0.126669,479.66,0.025322,51,True,majority_sell>=2,majority_sell>=2,2026-05-15,1.0,2026-05-17T18:43:36Z,15492.3,-0.341117,-0.773731
experimental_ensemble,Experimental – Model Consensus,MSFT,ensemble_majority,ensemble_majority,ensemble_majority,binary,binary-2026-05,D-experimental_ensemble-d23857cd4a15,S-MSFT-ensemble_majority-20260123-81ebe8,T-experimental_ensemble-b682f3b82d1c,SELL,2026-05-17T18:43:36Z,2026-01-23,2026-01-23,451.87,451.14,451.87,471.1,450.53,465.95,38000200,39.0,39.0,0.0,58141.55,75764.48,17622.93,0.0,114894.92,114345.8,0.1667,0.1534,0.0,3.0,0.75,0.2,2.0,46.05,-8.214,-6.8181,-1.3959,498.3764,445.4796,471.928,471.928,481.0074,0.009293,-0.076532,-0.174869,-1287.78,-0.068098,46,False,majority_sell>=2,majority_sell>=2,2026-05-15,1.0,2026-05-17T18:43:36Z,14204.52,-0.395886,-0.773731
experimental_ensemble,Experimental – Model Consensus,AAPL,ensemble_majority,ensemble_majority,ensemble_majority,binary,binary-2026-05,D-experimental_ensemble-92abf6c60089,S-AAPL-ensemble_majority-20260129-62a5ae,T-experimental_ensemble-15019a089c56,BUY,2026-05-17T18:43:36Z,2026-01-29,2026-01-29,258.0,256.44,258.0,259.65,254.41,258.28,67253000,74.0,0.0,74.0,75764.48,56672.48,0.0,19092.0,114842.5,114863.22,0.1667,0.0,0.1662,3.0,0.75,0.8,2.0,46.32,-4.0841,-4.7387,0.6546,271.9348,244.6022,258.2685,258.2685,268.4548,0.004646,0.068259,0.022843,,,,,majority_buy>=2,majority_buy>=2,2026-05-15,1.0,2026-05-17T18:43:36Z,14204.52,-0.395886,-0.773731
experimental_ensemble,Experimental – Model Consensus,MSFT,ensemble_majority,ensemble_majority,ensemble_majority,binary,binary-2026-05,D-experimental_ensemble-bbabc441b69f,S-MSFT-ensemble_majority-20260129-c29e38,T-experimental_ensemble-625c28a12e5b,BUY,2026-05-17T18:43:36Z,2026-01-29,2026-01-29,439.99,481.63,439.99,442.5,421.02,433.5,128855300,43.0,0.0,43.0,56672.48,37752.91,0.0,18919.57,114842.5,114584.15,0.1667,0.0,0.1651,2.0,0.5,0.7,2.0,33.57,-6.183,-5.9936,-0.1894,495.3179,440.1061,467.712,467.712,477.6614,-0.007405,-0.09188,-0.094025,,,,,majority_buy>=2,majority_buy>=2,2026-05-15,1.0,2026-05-17T18:43:36Z,14204.52,-0.395886,-0.773731
experimental_ensemble,Experimental – Model Consensus,JPM,ensemble_majority,ensemble_majority,ensemble_majority,binary,binary-2026-05,D-experimental_ensemble-e24db726c6de,S-JPM-ensemble_majority-20260217-d88bfe,T-experimental_ensemble-b0de165d8a68,SELL,2026-05-17T18:43:36Z,2026-02-17,2026-02-17,302.76,302.55,302.76,308.24,302.5,307.13,8896800,61.0,61.0,0.0,37752.91,56221.27,18468.36,0.0,114778.74,114512.17,0.1667,0.1609,0.0,2.0,0.5,0.3,2.0,46.26,-1.3749,-1.0583,-0.3166,322.4793,293.2107,307.845,307.845,315.0222,0.005372,-0.032006,-0.0659,-621.59,-0.032561,78,False,majority_sell>=2,majority_sell>=2,2026-05-15,1.0,2026-05-17T18:43:36Z,13582.93,-0.422322,-0.773731
experimental_ensemble,Experimental – Model Consensus,AAPL,ensemble_majority,ensemble_majority,ensemble_majority,binary,binary-2026-05,D-experimental_ensemble-53badb09f3b8,S-AAPL-ensemble_majority-20260220-25e0ef,T-experimental_ensemble-d085ea8c7782,SELL,2026-05-17T18:43:36Z,2026-02-20,2026-02-20,258.97,260.58,258.97,264.75,258.16,264.58,42070500,74.0,74.0,0.0,56221.27,75385.05,19163.78,0.0,114747.16,114332.02,0.1667,0.167,0.0,2.0,0.5,0.3,2.0,49.57,0.073,0.6716,-0.5986,281.9865,248.0765,265.0315,265.0315,266.1126,0.006047,-0.001512,-0.062703,71.78,0.00376,22,True,majority_sell>=2,majority_sell>=2,2026-05-15,1.0,2026-05-17T18:43:36Z,13654.71,-0.419269,-0.773731
experimental_ensemble,Experimental – Model Consensus,PG,ensemble_majority,ensemble_majority,ensemble_majority,binary,binary-2026-05,D-experimental_ensemble-024e5be7c1f1,S-PG-ensemble_majority-20260220-c4fbb5,T-experimental_ensemble-427b3abbe1df,SELL,2026-05-17T18:43:36Z,2026-02-20,2026-02-20,159.13,158.56,159.13,161.06,158.16,160.78,11508100,136.0,136.0,0.0,75385.05,97026.73,21641.68,0.0,114747.16,114107.62,0.1667,0.1886,0.0,3.0,0.75,0.2,2.0,66.35,3.4444,3.4638,-0.0194,164.6573,146.7017,155.6795,155.6795,148.4302,0.027304,0.03993,-0.102625,2291.6,0.118428,39,True,majority_sell>=2,majority_sell>=2,2026-05-15,1.0,2026-05-17T18:43:36Z,15946.31,-0.321808,-0.773731
experimental_ensemble,Experimental – Model Consensus,UNH,ensemble_majority,ensemble_majority,ensemble_majority,binary,binary-2026-05,D-experimental_ensemble-417f03d678d9,S-UNH-ensemble_majority-20260225-d01008,T-experimental_ensemble-c7acdb7ce682,BUY,2026-05-17T18:43:36Z,2026-02-25,2026-02-25,277.29,273.95,277.29,284.74,276.87,284.2,11380600,68.0,0.0,68.0,97026.73,78171.01,0.0,18855.72,114252.53,114722.41,0.1667,0.0,0.1644,4.0,1.0,0.9,2.0,43.12,-9.3016,-10.8705,1.5689,297.8131,268.9099,283.3615,283.3615,314.8538,0.008656,0.027305,-0.04803,,,,,majority_buy>=2,majority_buy>=2,2026-05-15,1.0,2026-05-17T18:43:36Z,15946.31,-0.321808,-0.773731
experimental_ensemble,Experimental – Model Consensus,JPM,ensemble_majority,ensemble_majority,ensemble_majority,binary,binary-2026-05,D-experimental_ensemble-4f0fbc2cd4fd,S-JPM-ensemble_majority-20260324-37bb1b,T-experimental_ensemble-4dabed2eb596,BUY,2026-05-17T18:43:36Z,2026-03-24,2026-03-24,286.17,289.91,286.17,295.48,285.37,292.4,11092300,65.0,0.0,65.0,78171.01,59569.96,0.0,18601.05,112713.87,113118.82,0.1667,0.0,0.1644,3.0,0.75,0.8,2.0,46.98,-4.4449,-5.281,0.8361,305.2626,278.7474,292.005,292.005,301.6916,0.010328,0.006019,0.07052,,,,,majority_buy>=2,majority_buy>=2,2026-05-15,1.0,2026-05-17T18:43:36Z,15946.31,-0.321808,-0.773731
experimental_ensemble,Experimental – Model Consensus,AAPL,ensemble_majority,ensemble_majority,ensemble_majority,binary,binary-2026-05,D-experimental_ensemble-5c7036c4fc13,S-AAPL-ensemble_majority-20260401-5c6c7e,T-experimental_ensemble-450a633b6d4a,BUY,2026-05-17T18:43:36Z,2026-04-01,2026-04-01,254.08,253.79,254.08,256.18,253.33,255.63,40059400,74.0,0.0,74.0,59569.96,40768.04,0.0,18801.92,113283.21,113397.91,0.1667,0.0,0.1658,2.0,0.5,0.7,2.0,49.94,-2.8808,-3.3957,0.5148,262.2667,244.9913,253.629,253.629,260.1976,0.001134,0.019012,0.061495,,,,,majority_buy>=2,majority_buy>=2,2026-05-15,1.0,2026-05-17T18:43:36Z,15946.31,-0.321808,-0.773731
experimental_ensemble,Experimental – Model Consensus,WMT,ensemble_majority,ensemble_majority,ensemble_majority,binary,binary-2026-05,D-experimental_ensemble-7889cd88a44c,S-WMT-ensemble_majority-20260401-143f87,T-experimental_ensemble-7430946278cf,BUY,2026-05-17T18:43:36Z,2026-04-01,2026-04-01,123.8,124.28,123.8,125.23,123.13,124.74,17039700,152.0,0.0,152.0,40768.04,21950.44,0.0,18817.6,113283.21,113540.79,0.1667,0.0,0.1657,2.0,0.5,0.7,2.0,53.17,-0.2985,-0.444,0.1455,127.0846,119.7644,123.4245,123.4245,124.357,0.008418,0.035193,0.05764,,,,,majority_buy>=2,majority_buy>=2,2026-05-15,1.0,2026-05-17T18:43:36Z,15946.31,-0.321808,-0.773731
experimental_ensemble,Experimental – Model Consensus,PG,ensemble_majority,ensemble_majority,ensemble_majority,binary,binary-2026-05,D-experimental_ensemble-59d416770ed9,S-PG-ensemble_majority-20260402-60d5b7,T-experimental_ensemble-4325c270e997,BUY,2026-05-17T18:43:36Z,2026-04-02,2026-04-02,144.09,144.09,144.09,144.21,142.58,143.12,5941700,131.0,0.0,131.0,21950.44,3074.65,0.0,18875.79,114070.06,113942.99,0.1667,0.0,0.1657,3.0,0.75,0.8,2.0,34.08,-3.2942,-3.0958,-0.1984,156.7118,138.4212,147.5665,147.5665,153.5032,-0.002445,0.014254,0.028927,,,,,majority_buy>=2,majority_buy>=2,2026-05-15,1.0,2026-05-17T18:43:36Z,15946.31,-0.321808,-0.773731
experimental_ensemble,Experimental – Model Consensus,XOM,ensemble_majority,ensemble_majority,ensemble_majority,binary,binary-2026-05,D-experimental_ensemble-b392eef92fb1,S-XOM-ensemble_majority-20260430-d3659e,T-experimental_ensemble-9d64c9933b24,BUY,2026-05-17T18:43:36Z,2026-04-30,2026-04-30,152.43,154.67,152.43,155.69,151.34,154.33,22885900,20.0,0.0,20.0,3074.65,26.05,0.0,3048.6,125563.83,125601.83,0.1667,0.0,0.0243,2.0,0.5,0.7,2.0,52.18,-1.3303,-1.5761,0.2458,162.6022,142.7758,152.689,152.689,154.787,-0.010238,-0.050217,,,,,,majority_buy>=2,majority_buy>=2,2026-05-15,1.0,2026-05-17T18:43:36Z,15946.31,-0.321808,-0.773731
experimental_ensemble,Experimental – Model Consensus,JPM,ensemble_majority,ensemble_majority,ensemble_majority,binary,binary-2026-05,D-experimental_ensemble-8d8debdca7be,S-JPM-ensemble_majority-20260504-dba867,T-experimental_ensemble-4b37f349df86,SELL,2026-05-17T18:43:36Z,2026-05-04,2026-05-04,310.62,312.47,310.62,310.65,306.51,307.65,7338200,65.0,65.0,0.0,26.05,20216.35,20190.3,0.0,125177.36,125370.41,0.1667,0.1613,0.0,3.0,0.75,0.2,2.0,51.18,3.2021,3.8064,-0.6043,317.9187,302.6013,310.26,310.26,299.471,0.005688,-0.024866,,1589.25,0.085439,41,True,majority_sell>=2,majority_sell>=2,2026-05-15,1.0,2026-05-17T18:43:36Z,17535.56,-0.254217,-0.773731
experimental_ensemble,Experimental – Model Consensus,UNH,ensemble_majority,ensemble_majority,ensemble_majority,binary,binary-2026-05,D-experimental_ensemble-b633a625b59e,S-UNH-ensemble_majority-20260505-8446a6,T-experimental_ensemble-89ab92705101,SELL,2026-05-17T18:43:36Z,2026-05-05,2026-05-05,370.48,370.75,370.48,371.8,361.81,363.87,6489000,68.0,68.0,0.0,20216.35,45408.99,25192.64,0.0,125637.74,126087.23,0.1667,0.2005,0.0,2.0,0.5,0.3,2.0,74.53,20.5464,18.8515,1.6949,389.8283,289.9777,339.903,339.903,304.4992,0.009371,0.089373,,6336.92,0.336074,69,True,majority_sell>=2,majority_sell>=2,2026-05-15,1.0,2026-05-17T18:43:36Z,23872.48,0.0,-0.773731
experimental_ensemble,Experimental – Model Consensus,MSFT,ensemble_majority,ensemble_majority,ensemble_majority,binary,binary-2026-05,D-experimental_ensemble-beb0aa4ac462,S-MSFT-ensemble_majority-20260508-558333,T-experimental_ensemble-6125ac4aa8b6,SELL,2026-05-17T18:43:36Z,2026-05-08,2026-05-08,417.39,420.77,417.39,418.63,414.0,415.12,33383800,43.0,43.0,0.0,45408.99,63356.76,17947.77,0.0,126862.61,126960.22,0.1667,0.1415,0.0,3.0,0.75,0.2,2.0,53.89,5.8774,6.9574,-1.08,438.4695,393.8175,416.1435,416.1435,398.147,-0.005926,0.016381,,-971.8,-0.051365,99,False,majority_sell>=2,majority_sell>=2,2026-05-15,1.0,2026-05-17T18:43:36Z,22900.68,-0.040708,-0.773731
experimental_ensemble,Experimental – Model Consensus,XOM,ensemble_majority,ensemble_majority,ensemble_majority,binary,binary-2026-05,D-experimental_ensemble-ac2032a9e1db,S-XOM-ensemble_majority-20260511-1c4fc3,T-experimental_ensemble-5b803ecf149b,SELL,2026-05-17T18:43:36Z,2026-05-11,2026-05-11,146.02,144.57,146.02,149.72,146.0,149.68,14849500,20.0,20.0,0.0,63356.76,66277.16,2920.4,0.0,126182.52,126109.32,0.1667,0.0231,0.0,2.0,0.5,0.3,2.0,46.64,-1.625,-1.362,-0.263,155.6703,144.3537,150.012,150.012,154.8364,0.006347,,,-128.2,-0.042052,11,False,majority_sell>=2,majority_sell>=2,2026-05-15,1.0,2026-05-17T18:43:36Z,22772.48,-0.046078,-0.773731
experimental_ensemble,Experimental – Model Consensus,JNJ,ensemble_majority,ensemble_majority,ensemble_majority,binary,binary-2026-05,D-experimental_ensemble-04d3ca8e6e2a,S-JNJ-ensemble_majority-20260511-2d9114,T-experimental_ensemble-19dc8b7ac330,BUY,2026-05-17T18:43:36Z,2026-05-11,2026-05-11,221.32,221.32,221.32,223.28,220.37,221.43,6223200,95.0,0.0,95.0,66277.16,45251.76,0.0,21025.4,126182.52,126119.77,0.1667,0.0,0.1667,2.0,0.5,0.7,2.0,33.14,-3.9653,-3.5028,-0.4626,238.5095,218.0645,228.287,228.287,235.8718,0.012781,,,,,,,majority_buy>=2,majority_buy>=2,2026-05-15,1.0,2026-05-17T18:43:36Z,22772.48,-0.046078,-0.773731
experimental_ensemble,Experimental – Model Consensus,WMT,ensemble_majority,ensemble_majority,ensemble_majority,binary,binary-2026-05,D-experimental_ensemble-0ba855415791,S-WMT-ensemble_majority-20260511-2ff657,T-experimental_ensemble-9d8297deb94b,SELL,2026-05-17T18:43:36Z,2026-05-11,2026-05-11,130.18,130.43,130.18,130.6,126.38,127.59,18699200,152.0,152.0,0.0,45251.76,65039.12,19787.36,0.0,126182.52,126513.45,0.1667,0.1568,0.0,2.0,0.5,0.3,2.0,47.95,1.087,1.3135,-0.2265,133.3012,124.4708,128.886,128.886,126.2366,0.021632,,,969.76,0.051535,40,True,majority_sell>=2,majority_sell>=2,2026-05-15,1.0,2026-05-17T18:43:36Z,23742.24,-0.005456,-0.773731
experimental_ensemble,Experimental – Model Consensus,XOM,ensemble_majority,ensemble_majority,ensemble_majority,binary,binary-2026-05,D-experimental_ensemble-38d20f18382c,S-XOM-ensemble_majority-20260513-a48381,T-experimental_ensemble-b0f72271dae9,BUY,2026-05-17T18:43:36Z,2026-05-13,2026-05-13,150.06,150.63,150.06,151.79,149.68,151.57,15772800,141.0,0.0,141.0,65039.12,43880.66,0.0,21158.46,127678.84,127891.75,0.1667,0.0,0.1654,2.0,0.5,0.7,2.0,49.8,-1.2418,-1.3539,0.1121,155.8754,144.5437,150.2095,150.2095,154.7594,0.007983,,,,,,,majority_buy>=2,majority_buy>=2,2026-05-15,1.0,2026-05-17T18:43:36Z,23742.24,-0.005456,-0.773731
