portfolio_id,portfolio_name,ticker,model_name,signal_source,strategy_name,label_mode,label_version,decision_id,signal_id,transaction_id,action,decision_timestamp_utc,market_date,execution_date,execution_price,previous_close,open,high,low,close,volume,quantity,shares_before,shares_after,cash_before,cash_after,position_value_before,position_value_after,portfolio_value_before,portfolio_value_after,weight_target,weight_actual_before,weight_actual,score,confidence,probability_up,threshold_used,rsi,macd,macd_signal,macd_hist,bb_upper,bb_lower,bb_middle,sma20,sma50,return_1d_after,return_5d_after,return_20d_after,trade_pnl_abs,trade_pnl_pct,holding_period_days,hit,reason,triggered_rules,data_version,strategy_version,generated_at_utc,cumulative_pnl,drawdown_after_trade,max_drawdown_to_date
ml_xgboost,ML – XGBoost,MSFT,xgboost,xgboost,xgboost,binary,binary-2026-05,D-ml_xgboost-fd3322985766,S-MSFT-xgboost-20230526-0e9d2e,T-ml_xgboost-cc41332e0866,BUY,2026-05-17T18:43:31Z,2023-05-26,2023-05-26,324.02,325.92,324.02,333.4,323.88,332.89,36630600,61.0,0.0,61.0,100000.0,80234.78,0.0,19765.22,100000.0,100541.07,0.2,0.0,0.1966,55.69,0.1138,0.5569,0.55,,,,,,,,,,-0.005047,0.009162,0.005047,,,,,prob_above_buy_threshold,prob_above_buy_threshold,2026-05-15,1.0,2026-05-17T18:43:31Z,0.0,0.0,0.0
ml_xgboost,ML – XGBoost,AAPL,xgboost,xgboost,xgboost,binary,binary-2026-05,D-ml_xgboost-2ff973f8b5f1,S-AAPL-xgboost-20230601-66d07a,T-ml_xgboost-36082f4a20d0,BUY,2026-05-17T18:43:31Z,2023-06-01,2023-06-01,177.7,177.25,177.7,180.12,176.93,180.09,68901800,113.0,0.0,113.0,80234.78,60154.68,0.0,20080.1,100522.16,100792.23,0.2,0.0,0.1992,55.97,0.1195,0.5597,0.55,,,,,,,,,,0.004775,0.002665,0.077073,,,,,prob_above_buy_threshold,prob_above_buy_threshold,2026-05-15,1.0,2026-05-17T18:43:31Z,0.0,0.0,0.0
ml_xgboost,ML – XGBoost,UNH,xgboost,xgboost,xgboost,binary,binary-2026-05,D-ml_xgboost-3543032999b7,S-UNH-xgboost-20230602-f42ef6,T-ml_xgboost-b3e7d4f04264,BUY,2026-05-17T18:43:31Z,2023-06-02,2023-06-02,492.0,493.63,492.0,501.02,490.36,499.58,3064500,41.0,0.0,41.0,60154.68,39982.68,0.0,20172.0,101061.43,101372.21,0.2,0.0,0.199,55.7,0.114,0.557,0.55,,,,,,,,,,-0.002782,-0.01193,-0.043436,,,,,prob_above_buy_threshold,prob_above_buy_threshold,2026-05-15,1.0,2026-05-17T18:43:31Z,0.0,0.0,0.0
ml_xgboost,ML – XGBoost,AAPL,xgboost,xgboost,xgboost,binary,binary-2026-05,D-ml_xgboost-7ed7c29904eb,S-AAPL-xgboost-20230605-a39bb6,T-ml_xgboost-36cb1643492f,SELL,2026-05-17T18:43:31Z,2023-06-05,2023-06-05,182.63,180.95,182.63,184.95,178.04,179.58,121946500,113.0,113.0,0.0,39982.68,60619.87,20637.19,0.0,101193.35,101538.0,0.2,0.2039,0.0,35.21,0.2958,0.3521,0.55,71.84,,,,,,,,,-0.00206,0.023444,0.06543,557.09,0.027743,4,True,prob_below_sell_threshold,prob_below_sell_threshold,2026-05-15,1.0,2026-05-17T18:43:31Z,557.09,0.0,0.0
ml_xgboost,ML – XGBoost,MSFT,xgboost,xgboost,xgboost,binary,binary-2026-05,D-ml_xgboost-942c89f167da,S-MSFT-xgboost-20230605-5d6591,T-ml_xgboost-ee8f6d35d142,SELL,2026-05-17T18:43:31Z,2023-06-05,2023-06-05,335.22,335.4,335.22,338.56,334.66,335.94,21307100,61.0,61.0,0.0,60619.87,81068.29,20448.42,0.0,101193.35,101494.08,0.2,0.2021,0.0,30.93,0.3814,0.3093,0.55,75.47,,,,,,,,,-0.006727,-0.012175,0.006579,683.2,0.034566,10,True,prob_below_sell_threshold,prob_below_sell_threshold,2026-05-15,1.0,2026-05-17T18:43:31Z,1240.29,0.0,0.0
ml_xgboost,ML – XGBoost,UNH,xgboost,xgboost,xgboost,binary,binary-2026-05,D-ml_xgboost-51e6cd6b37d3,S-UNH-xgboost-20230605-16006f,T-ml_xgboost-34f07db599f3,SELL,2026-05-17T18:43:31Z,2023-06-05,2023-06-05,500.7,499.58,500.7,502.9,497.42,498.19,2688800,41.0,41.0,0.0,81068.29,101596.99,20528.7,0.0,101193.35,101596.99,0.2,0.2029,0.0,34.33,0.3134,0.3433,0.55,74.65,,,,,,,,,-0.021317,-0.011241,-0.054136,356.7,0.017683,3,True,prob_below_sell_threshold,prob_below_sell_threshold,2026-05-15,1.0,2026-05-17T18:43:31Z,1596.99,0.0,0.0
ml_xgboost,ML – XGBoost,UNH,xgboost,xgboost,xgboost,binary,binary-2026-05,D-ml_xgboost-a084f315244e,S-UNH-xgboost-20230614-603e73,T-ml_xgboost-0d57f67e2a09,BUY,2026-05-17T18:43:31Z,2023-06-14,2023-06-14,454.64,491.31,454.64,460.63,445.68,459.86,14672400,44.0,0.0,44.0,101596.99,81592.83,0.0,20004.16,101596.99,101826.67,0.2,0.0,0.1965,59.35,0.1869,0.5935,0.55,31.72,,,,502.5046,467.3724,484.9385,484.9385,,0.013113,0.04173,0.044166,,,,,prob_above_buy_threshold,prob_above_buy_threshold,2026-05-15,1.0,2026-05-17T18:43:31Z,1596.99,0.0,0.0
ml_xgboost,ML – XGBoost,UNH,xgboost,xgboost,xgboost,binary,binary-2026-05,D-ml_xgboost-0cbc55221a1a,S-UNH-xgboost-20230707-ecc703,T-ml_xgboost-904abeb1f993,SELL,2026-05-17T18:43:31Z,2023-07-07,2023-07-07,465.0,469.36,465.0,468.61,460.82,461.58,4131600,44.0,44.0,0.0,81592.83,102052.83,20460.0,0.0,101902.35,102052.83,0.2,0.2008,0.0,27.38,0.4525,0.2738,0.55,38.04,-3.1473,-2.1319,-1.0154,496.8559,455.8811,476.3685,476.3685,,0.003185,0.040275,0.08915,455.84,0.022787,23,True,prob_below_sell_threshold,prob_below_sell_threshold,2026-05-15,1.0,2026-05-17T18:43:31Z,2052.83,0.0,0.0
ml_xgboost,ML – XGBoost,MSFT,xgboost,xgboost,xgboost,binary,binary-2026-05,D-ml_xgboost-81cb65d8aeb5,S-MSFT-xgboost-20230717-378c7e,T-ml_xgboost-f37f482aaa0e,BUY,2026-05-17T18:43:31Z,2023-07-17,2023-07-17,345.68,345.24,345.68,346.99,342.2,345.73,20363900,59.0,0.0,59.0,102052.83,81657.71,0.0,20395.12,102052.83,102055.78,0.2,0.0,0.1998,55.57,0.1114,0.5557,0.55,61.3,3.3788,3.053,0.3258,346.3956,328.9084,337.652,337.652,,0.0398,-0.001793,-0.062737,,,,,prob_above_buy_threshold,prob_above_buy_threshold,2026-05-15,1.0,2026-05-17T18:43:31Z,2052.83,0.0,0.0
ml_xgboost,ML – XGBoost,JPM,xgboost,xgboost,xgboost,binary,binary-2026-05,D-ml_xgboost-d2a0904db6ed,S-JPM-xgboost-20230717-61b3bb,T-ml_xgboost-8a841cba1bab,BUY,2026-05-17T18:43:31Z,2023-07-17,2023-07-17,150.35,149.77,150.35,153.75,150.35,153.38,17262400,135.0,0.0,135.0,81657.71,61360.46,0.0,20297.25,102052.83,102464.83,0.2,0.0,0.1981,57.85,0.157,0.5785,0.55,77.05,2.8647,2.0857,0.779,152.0941,136.2989,144.1965,144.1965,,0.001826,0.030121,0.009062,,,,,prob_above_buy_threshold,prob_above_buy_threshold,2026-05-15,1.0,2026-05-17T18:43:31Z,2052.83,0.0,0.0
ml_xgboost,ML – XGBoost,UNH,xgboost,xgboost,xgboost,binary,binary-2026-05,D-ml_xgboost-f8ea97e7e12d,S-UNH-xgboost-20230717-dd885a,T-ml_xgboost-a04685eee52d,BUY,2026-05-17T18:43:31Z,2023-07-17,2023-07-17,481.11,480.17,481.11,484.6,478.3,484.08,4582000,42.0,0.0,42.0,61360.46,41153.84,0.0,20206.62,102052.83,102589.57,0.2,0.0,0.197,72.89,0.4578,0.7289,0.55,56.55,-3.128,-3.9449,0.8169,491.4801,450.8709,471.1755,471.1755,,0.032887,0.050818,0.055466,,,,,prob_above_buy_threshold,prob_above_buy_threshold,2026-05-15,1.0,2026-05-17T18:43:31Z,2052.83,0.0,0.0
ml_xgboost,ML – XGBoost,JNJ,xgboost,xgboost,xgboost,binary,binary-2026-05,D-ml_xgboost-6174b9a323c3,S-JNJ-xgboost-20230721-88646e,T-ml_xgboost-4a83d5a00168,BUY,2026-05-17T18:43:31Z,2023-07-21,2023-07-21,168.18,168.38,168.18,170.82,168.18,170.19,12080000,123.0,0.0,123.0,41153.84,20467.7,0.0,20686.14,103628.78,103876.01,0.2,0.0,0.1991,60.19,0.2037,0.6019,0.55,72.54,0.852,0.1504,0.7016,168.8597,155.3733,162.1165,162.1165,,0.005229,0.025207,0.013514,,,,,prob_above_buy_threshold,prob_above_buy_threshold,2026-05-15,1.0,2026-05-17T18:43:31Z,2052.83,0.0,0.0
ml_xgboost,ML – XGBoost,MSFT,xgboost,xgboost,xgboost,binary,binary-2026-05,D-ml_xgboost-7439df535201,S-MSFT-xgboost-20230726-f9f9b2,T-ml_xgboost-d50d9d44f947,SELL,2026-05-17T18:43:31Z,2023-07-26,2023-07-26,341.44,350.98,341.44,344.67,333.11,337.77,58383700,59.0,59.0,0.0,20467.7,40612.66,20144.96,0.0,104274.29,104490.82,0.2,0.1932,0.0,30.16,0.3967,0.3016,0.55,47.79,3.6104,4.1682,-0.5577,356.1324,327.8946,342.0135,342.0135,,-0.020872,-0.030405,-0.031886,-250.16,-0.012266,9,False,prob_below_sell_threshold,prob_below_sell_threshold,2026-05-15,1.0,2026-05-17T18:43:31Z,1802.67,-0.121861,-0.121861
ml_xgboost,ML – XGBoost,JPM,xgboost,xgboost,xgboost,binary,binary-2026-05,D-ml_xgboost-2d0e16c96ab7,S-JPM-xgboost-20230728-453d94,T-ml_xgboost-c7b216f4d678,SELL,2026-05-17T18:43:31Z,2023-07-28,2023-07-28,157.28,156.02,157.28,157.6,156.44,156.91,9103800,135.0,135.0,0.0,40612.66,61845.46,21232.8,0.0,104378.77,104428.72,0.2,0.2034,0.0,44.69,0.1062,0.4469,0.55,70.04,4.1279,3.8015,0.3265,161.1834,140.9666,151.075,151.075,144.1566,0.006692,-0.005672,-0.062839,935.55,0.046092,11,True,prob_below_sell_threshold,prob_below_sell_threshold,2026-05-15,1.0,2026-05-17T18:43:31Z,2738.22,0.0,-0.121861
ml_xgboost,ML – XGBoost,JNJ,xgboost,xgboost,xgboost,binary,binary-2026-05,D-ml_xgboost-8c82f18e852c,S-JNJ-xgboost-20230804-1f0ffd,T-ml_xgboost-af70f4800bea,SELL,2026-05-17T18:43:31Z,2023-08-04,2023-08-04,170.34,170.64,170.34,172.68,167.89,169.04,23415100,123.0,123.0,0.0,61845.46,82797.28,20951.82,0.0,103752.04,103911.94,0.2,0.2019,0.0,42.8,0.1441,0.428,0.55,56.44,2.4136,2.3466,0.0669,178.0365,154.0345,166.0355,166.0355,162.7628,0.024018,0.028455,-0.050639,265.68,0.012843,14,True,prob_below_sell_threshold,prob_below_sell_threshold,2026-05-15,1.0,2026-05-17T18:43:31Z,3003.9,0.0,-0.121861
ml_xgboost,ML – XGBoost,UNH,xgboost,xgboost,xgboost,binary,binary-2026-05,D-ml_xgboost-3b921a208c3e,S-UNH-xgboost-20230808-0f841f,T-ml_xgboost-df350f7ddedb,SELL,2026-05-17T18:43:31Z,2023-08-08,2023-08-08,503.0,510.74,503.0,508.17,500.02,505.86,2422600,42.0,42.0,0.0,82797.28,103923.28,21126.0,0.0,104043.4,103923.28,0.2,0.203,0.0,42.16,0.1569,0.4216,0.55,59.11,7.2717,7.2915,-0.0199,533.0272,462.3748,497.701,497.701,486.3408,-0.007413,0.001641,-0.05717,919.38,0.045499,22,True,prob_below_sell_threshold,prob_below_sell_threshold,2026-05-15,1.0,2026-05-17T18:43:31Z,3923.28,0.0,-0.121861
ml_xgboost,ML – XGBoost,MSFT,xgboost,xgboost,xgboost,binary,binary-2026-05,D-ml_xgboost-2f4667d8a5d4,S-MSFT-xgboost-20230823-9bc65d,T-ml_xgboost-69e19120b53d,BUY,2026-05-17T18:43:31Z,2023-08-23,2023-08-23,323.82,322.46,323.82,329.2,323.46,327.0,21166400,64.0,0.0,64.0,103923.28,83198.8,0.0,20724.48,103923.28,104126.8,0.2,0.0,0.199,60.48,0.2096,0.6048,0.55,49.03,-4.012,-4.1906,0.1785,337.7304,313.9316,325.831,325.831,334.5692,-0.021498,0.005474,-0.022844,,,,,prob_above_buy_threshold,prob_above_buy_threshold,2026-05-15,1.0,2026-05-17T18:43:31Z,3923.28,0.0,-0.121861
ml_xgboost,ML – XGBoost,AAPL,xgboost,xgboost,xgboost,binary,binary-2026-05,D-ml_xgboost-06d42ca70333,S-AAPL-xgboost-20230825-eb129a,T-ml_xgboost-7ecc6c881214,BUY,2026-05-17T18:43:31Z,2023-08-25,2023-08-25,177.38,176.38,177.38,179.15,175.82,178.61,51449600,117.0,0.0,117.0,83198.8,62445.34,0.0,20753.46,103869.52,104013.43,0.2,0.0,0.1995,62.39,0.2478,0.6239,0.55,43.81,-3.0309,-3.1007,0.0698,194.6265,167.5285,181.0775,181.0775,186.661,0.008846,0.060747,-0.014165,,,,,prob_above_buy_threshold,prob_above_buy_threshold,2026-05-15,1.0,2026-05-17T18:43:31Z,3923.28,0.0,-0.121861
ml_xgboost,ML – XGBoost,AAPL,xgboost,xgboost,xgboost,binary,binary-2026-05,D-ml_xgboost-439848c31cab,S-AAPL-xgboost-20230912-5a3853,T-ml_xgboost-d53ceb95a7ec,SELL,2026-05-17T18:43:31Z,2023-09-12,2023-09-12,179.49,179.36,179.49,180.13,174.82,176.3,90370200,117.0,117.0,0.0,62445.34,83445.67,21000.33,0.0,104305.72,104678.95,0.2,0.2013,0.0,35.32,0.2936,0.3532,0.55,40.35,-1.0868,-0.7881,-0.2987,190.0223,170.4767,180.2495,180.2495,185.7326,-0.011855,0.015712,0.011855,246.87,0.011895,18,True,prob_below_sell_threshold,prob_below_sell_threshold,2026-05-15,1.0,2026-05-17T18:43:31Z,4170.15,0.0,-0.121861
ml_xgboost,ML – XGBoost,JNJ,xgboost,xgboost,xgboost,binary,binary-2026-05,D-ml_xgboost-a45d64651fc8,S-JNJ-xgboost-20230913-03ab83,T-ml_xgboost-392695f7d49e,BUY,2026-05-17T18:43:31Z,2023-09-13,2023-09-13,163.76,163.58,163.76,164.95,163.0,163.99,7397500,128.0,0.0,128.0,83445.67,62484.39,0.0,20961.28,104953.51,104982.95,0.2,0.0,0.1997,55.98,0.1196,0.5598,0.55,47.9,-1.7031,-1.6941,-0.009,172.9927,156.2203,164.6065,164.6065,166.165,-0.001524,-0.006586,-0.047625,,,,,prob_above_buy_threshold,prob_above_buy_threshold,2026-05-15,1.0,2026-05-17T18:43:31Z,4170.15,0.0,-0.121861
ml_xgboost,ML – XGBoost,JPM,xgboost,xgboost,xgboost,binary,binary-2026-05,D-ml_xgboost-2c87ab6bd12f,S-JPM-xgboost-20230914-a03701,T-ml_xgboost-bccdc9c3a32d,BUY,2026-05-17T18:43:31Z,2023-09-14,2023-09-14,147.84,146.41,147.84,149.9,147.52,149.25,10034900,142.0,0.0,142.0,62484.39,41491.11,0.0,20993.28,105119.91,105320.13,0.2,0.0,0.1993,64.68,0.2935,0.6468,0.55,54.7,-1.2269,-1.4861,0.2592,150.267,143.424,146.8455,146.8455,150.6972,-0.002948,-0.014137,-0.023049,,,,,prob_above_buy_threshold,prob_above_buy_threshold,2026-05-15,1.0,2026-05-17T18:43:31Z,4170.15,0.0,-0.121861
ml_xgboost,ML – XGBoost,UNH,xgboost,xgboost,xgboost,binary,binary-2026-05,D-ml_xgboost-6291dad9e44a,S-UNH-xgboost-20230915-0315a1,T-ml_xgboost-07328e484bfd,BUY,2026-05-17T18:43:31Z,2023-09-15,2023-09-15,485.74,483.6,485.74,489.82,484.14,486.7,5334300,42.0,0.0,42.0,41491.11,21090.03,0.0,20401.08,104421.81,104462.13,0.2,0.0,0.1953,55.86,0.1172,0.5586,0.55,49.14,-3.6342,-3.8362,0.202,499.2983,472.3347,485.8165,485.8165,491.7322,-0.001315,0.03986,0.10828,,,,,prob_above_buy_threshold,prob_above_buy_threshold,2026-05-15,1.0,2026-05-17T18:43:31Z,4170.15,0.0,-0.121861
ml_xgboost,ML – XGBoost,MSFT,xgboost,xgboost,xgboost,binary,binary-2026-05,D-ml_xgboost-6f697e675490,S-MSFT-xgboost-20230920-8803ce,T-ml_xgboost-4d5d7f221084,SELL,2026-05-17T18:43:31Z,2023-09-20,2023-09-20,329.51,328.65,329.51,329.59,320.51,320.77,21436500,64.0,64.0,0.0,21090.03,42178.67,21088.64,0.0,104199.85,104759.22,0.2,0.2024,0.0,34.58,0.3085,0.3458,0.55,40.55,0.0675,0.7249,-0.6574,339.6624,319.4426,329.5525,329.5525,331.8114,-0.003866,-0.024878,0.029117,364.16,0.017571,28,True,prob_below_sell_threshold,prob_below_sell_threshold,2026-05-15,1.0,2026-05-17T18:43:31Z,4534.31,0.0,-0.121861
ml_xgboost,ML – XGBoost,JNJ,xgboost,xgboost,xgboost,binary,binary-2026-05,D-ml_xgboost-7d8db2716e25,S-JNJ-xgboost-20230928-0f9e5e,T-ml_xgboost-977f34048b84,SELL,2026-05-17T18:43:31Z,2023-09-28,2023-09-28,157.5,157.11,157.5,157.96,156.22,156.88,7861900,128.0,128.0,0.0,42178.67,62338.67,20160.0,0.0,104641.29,104720.65,0.2,0.1927,0.0,44.25,0.1151,0.4425,0.55,31.55,-1.9321,-1.5828,-0.3493,165.0303,156.9567,160.9935,160.9935,166.4204,-0.007203,0.001657,-0.05023,-801.28,-0.038227,15,False,prob_below_sell_threshold,prob_below_sell_threshold,2026-05-15,1.0,2026-05-17T18:43:31Z,3733.03,-0.176715,-0.176715
ml_xgboost,ML – XGBoost,AAPL,xgboost,xgboost,xgboost,binary,binary-2026-05,D-ml_xgboost-cedc1bdd4de3,S-AAPL-xgboost-20231004-f4773d,T-ml_xgboost-cd1851ddad4e,BUY,2026-05-17T18:43:31Z,2023-10-04,2023-10-04,171.09,172.4,171.09,174.21,170.97,173.66,53020300,121.0,0.0,121.0,62338.67,41636.78,0.0,20701.89,104140.41,104451.39,0.2,0.0,0.1982,57.55,0.1511,0.5755,0.55,44.62,-2.3566,-2.3745,0.0179,180.1708,169.6082,174.8895,174.8895,180.0958,0.007198,0.035356,0.001785,,,,,prob_above_buy_threshold,prob_above_buy_threshold,2026-05-15,1.0,2026-05-17T18:43:31Z,3733.03,-0.176715,-0.176715
ml_xgboost,ML – XGBoost,JPM,xgboost,xgboost,xgboost,binary,binary-2026-05,D-ml_xgboost-b9dbd97fef8f,S-JPM-xgboost-20231004-d61ddb,T-ml_xgboost-ab38de11fc0d,SELL,2026-05-17T18:43:31Z,2023-10-04,2023-10-04,143.19,142.71,143.19,143.47,141.93,143.35,8128700,142.0,142.0,0.0,41636.78,61969.76,20332.98,0.0,104140.41,104428.67,0.2,0.1952,0.0,42.16,0.1568,0.4216,0.55,39.12,-1.1892,-0.8979,-0.2913,150.1703,141.9937,146.082,146.082,149.3674,-0.003139,0.019533,-0.030764,-660.3,-0.031453,20,False,prob_below_sell_threshold,prob_below_sell_threshold,2026-05-15,1.0,2026-05-17T18:43:31Z,3072.73,-0.322338,-0.322338
ml_xgboost,ML – XGBoost,MSFT,xgboost,xgboost,xgboost,binary,binary-2026-05,D-ml_xgboost-6efaa1b854e9,S-MSFT-xgboost-20231006-89a1ae,T-ml_xgboost-e238280a2ab2,BUY,2026-05-17T18:43:31Z,2023-10-06,2023-10-06,316.55,319.36,316.55,329.19,316.3,327.26,25673600,66.0,0.0,66.0,61969.76,41077.47,0.0,20892.3,105488.08,106194.94,0.2,0.0,0.1967,63.67,0.2735,0.6367,0.55,54.64,-2.3397,-2.9056,0.5659,339.9945,306.2395,323.117,323.117,325.1824,0.007823,0.001436,0.078042,,,,,prob_above_buy_threshold,prob_above_buy_threshold,2026-05-15,1.0,2026-05-17T18:43:31Z,3072.73,-0.322338,-0.322338
ml_xgboost,ML – XGBoost,JNJ,xgboost,xgboost,xgboost,binary,binary-2026-05,D-ml_xgboost-1dc7fcc4e001,S-JNJ-xgboost-20231006-b0466a,T-ml_xgboost-1627a30ddd82,BUY,2026-05-17T18:43:31Z,2023-10-06,2023-10-06,157.08,157.14,157.08,158.3,156.59,157.64,5802200,134.0,0.0,134.0,41077.47,20028.75,0.0,21048.72,105488.08,106269.98,0.2,0.0,0.1981,56.18,0.1237,0.5618,0.55,40.36,-2.193,-2.1302,-0.0628,165.9013,153.5957,159.7485,159.7485,164.5822,0.005709,-0.005011,-0.039964,,,,,prob_above_buy_threshold,prob_above_buy_threshold,2026-05-15,1.0,2026-05-17T18:43:31Z,3072.73,-0.322338,-0.322338
ml_xgboost,ML – XGBoost,JPM,xgboost,xgboost,xgboost,binary,binary-2026-05,D-ml_xgboost-06ee372d9760,S-JPM-xgboost-20231010-b4335a,T-ml_xgboost-ff2f543cc7a3,BUY,2026-05-17T18:43:31Z,2023-10-10,2023-10-10,145.42,144.77,145.42,146.77,145.28,145.65,11288800,137.0,0.0,137.0,20028.75,106.21,0.0,19922.54,106526.0,106557.51,0.2,0.0,0.187,56.88,0.1375,0.5688,0.55,48.65,-0.9575,-1.0174,0.06,150.1652,142.0058,146.0855,146.0855,148.3628,0.003433,0.012908,-0.01126,,,,,prob_above_buy_threshold,prob_above_buy_threshold,2026-05-15,1.0,2026-05-17T18:43:31Z,3072.73,-0.322338,-0.322338
ml_xgboost,ML – XGBoost,UNH,xgboost,xgboost,xgboost,binary,binary-2026-05,D-ml_xgboost-3b5c1921ea55,S-UNH-xgboost-20231020-9f09a4,T-ml_xgboost-cb5bb0b49c29,SELL,2026-05-17T18:43:31Z,2023-10-20,2023-10-20,531.0,531.63,531.0,534.43,526.77,527.03,2811100,42.0,42.0,0.0,106.21,22408.21,22302.0,0.0,104806.32,104973.06,0.2,0.2128,0.0,42.77,0.1446,0.4277,0.55,59.4,9.8664,9.6606,0.2057,544.1564,497.7107,520.9335,520.9335,502.4848,-0.01036,-0.004497,0.01757,1900.92,0.093177,35,True,prob_below_sell_threshold,prob_below_sell_threshold,2026-05-15,1.0,2026-05-17T18:43:31Z,4973.65,0.0,-0.322338
ml_xgboost,ML – XGBoost,JPM,xgboost,xgboost,xgboost,binary,binary-2026-05,D-ml_xgboost-3a3fb2fe254d,S-JPM-xgboost-20231023-86e2d2,T-ml_xgboost-32a0e25f0e2b,SELL,2026-05-17T18:43:31Z,2023-10-23,2023-10-23,142.94,142.95,142.94,143.68,140.73,141.0,10133400,137.0,137.0,0.0,22408.21,41990.99,19582.78,0.0,104679.59,104945.37,0.2,0.1871,0.0,41.5,0.17,0.415,0.55,34.18,-0.7401,-0.4795,-0.2606,148.7936,141.4124,145.103,145.103,146.5848,0.001206,-0.02539,0.087163,-339.76,-0.017054,13,False,prob_below_sell_threshold,prob_below_sell_threshold,2026-05-15,1.0,2026-05-17T18:43:31Z,4633.89,-0.068312,-0.322338
ml_xgboost,ML – XGBoost,JNJ,xgboost,xgboost,xgboost,binary,binary-2026-05,D-ml_xgboost-0e14781c882b,S-JNJ-xgboost-20231023-e56b36,T-ml_xgboost-dd8ab96b6ac1,SELL,2026-05-17T18:43:31Z,2023-10-23,2023-10-23,152.86,153.0,152.86,153.5,151.21,151.39,5874000,134.0,134.0,0.0,41990.99,62474.23,20483.24,0.0,104679.59,105142.35,0.2,0.1957,0.0,42.12,0.1576,0.4212,0.55,29.21,-2.2314,-1.9346,-0.2968,160.0962,151.7908,155.9435,155.9435,161.0514,-0.001057,-0.0288,-0.009776,-565.48,-0.026865,17,False,prob_below_sell_threshold,prob_below_sell_threshold,2026-05-15,1.0,2026-05-17T18:43:31Z,4068.41,-0.182007,-0.322338
ml_xgboost,ML – XGBoost,AAPL,xgboost,xgboost,xgboost,binary,binary-2026-05,D-ml_xgboost-a02e10248117,S-AAPL-xgboost-20231024-2e2045,T-ml_xgboost-2bbe5444aede,SELL,2026-05-17T18:43:31Z,2023-10-24,2023-10-24,173.05,173.0,173.05,173.67,171.45,173.44,43816600,121.0,121.0,0.0,62474.23,83413.28,20939.05,0.0,105275.45,105228.26,0.2,0.1989,0.0,43.05,0.139,0.4305,0.55,42.01,-0.7957,-0.5016,-0.2942,181.6386,169.1384,175.3885,175.3885,177.3402,-0.013492,-0.015394,0.09917,237.16,0.011456,20,True,prob_below_sell_threshold,prob_below_sell_threshold,2026-05-15,1.0,2026-05-17T18:43:31Z,4305.57,-0.134324,-0.322338
ml_xgboost,ML – XGBoost,AAPL,xgboost,xgboost,xgboost,binary,binary-2026-05,D-ml_xgboost-f7028b92b5e7,S-AAPL-xgboost-20231102-fb0575,T-ml_xgboost-55824c690c57,BUY,2026-05-17T18:43:31Z,2023-11-02,2023-11-02,175.52,173.97,175.52,177.78,175.46,177.57,77334800,121.0,0.0,121.0,83413.28,62175.36,0.0,21237.92,106402.4,106650.45,0.2,0.0,0.1991,62.16,0.2433,0.6216,0.55,56.67,-1.1361,-1.3773,0.2412,182.8387,167.1143,174.9765,174.9765,176.5824,-0.005181,0.027257,0.076984,,,,,prob_above_buy_threshold,prob_above_buy_threshold,2026-05-15,1.0,2026-05-17T18:43:31Z,4305.57,-0.134324,-0.322338
ml_xgboost,ML – XGBoost,JPM,xgboost,xgboost,xgboost,binary,binary-2026-05,D-ml_xgboost-aebb2c244023,S-JPM-xgboost-20231103-516ffc,T-ml_xgboost-87d6c75e5efe,BUY,2026-05-17T18:43:31Z,2023-11-03,2023-11-03,142.19,141.42,142.19,143.77,141.85,143.0,9538700,150.0,0.0,150.0,62175.36,40846.86,0.0,21328.5,106834.8,106956.3,0.2,0.0,0.1994,58.08,0.1615,0.5808,0.55,50.43,-1.6052,-1.6352,0.03,149.9934,135.8836,142.9385,142.9385,144.865,0.007552,0.023986,0.104825,,,,,prob_above_buy_threshold,prob_above_buy_threshold,2026-05-15,1.0,2026-05-17T18:43:31Z,4305.57,-0.134324,-0.322338
ml_xgboost,ML – XGBoost,JNJ,xgboost,xgboost,xgboost,binary,binary-2026-05,D-ml_xgboost-af6c4df1c4ba,S-JNJ-xgboost-20231103-d0870f,T-ml_xgboost-fd1b9a37cefa,BUY,2026-05-17T18:43:31Z,2023-11-03,2023-11-03,151.21,150.24,151.21,152.27,150.15,151.34,4926800,141.0,0.0,141.0,40846.86,19526.24,0.0,21320.61,106834.8,106974.63,0.2,0.0,0.1993,68.54,0.3708,0.6854,0.55,43.73,-2.5938,-2.7326,0.1388,160.207,145.029,152.618,152.618,157.347,0.002379,-0.027025,0.049822,,,,,prob_above_buy_threshold,prob_above_buy_threshold,2026-05-15,1.0,2026-05-17T18:43:31Z,4305.57,-0.134324,-0.322338
ml_xgboost,ML – XGBoost,MSFT,xgboost,xgboost,xgboost,binary,binary-2026-05,D-ml_xgboost-6c81789e1056,S-MSFT-xgboost-20231128-373e02,T-ml_xgboost-9d441133c01b,SELL,2026-05-17T18:43:31Z,2023-11-28,2023-11-28,378.35,378.61,378.35,383.0,378.16,382.7,20453100,66.0,66.0,0.0,19526.24,44497.34,24971.1,0.0,112233.67,111946.57,0.2,0.2225,0.0,43.2,0.136,0.432,0.55,71.06,11.2667,10.8401,0.4267,389.7425,341.8235,365.783,365.783,341.442,-0.01006,-0.026601,-0.02255,4078.8,0.19523,53,True,prob_below_sell_threshold,prob_below_sell_threshold,2026-05-15,1.0,2026-05-17T18:43:31Z,8384.37,0.0,-0.322338
ml_xgboost,ML – XGBoost,AAPL,xgboost,xgboost,xgboost,binary,binary-2026-05,D-ml_xgboost-8a70990f9f84,S-AAPL-xgboost-20231129-359aec,T-ml_xgboost-cd7edb938868,SELL,2026-05-17T18:43:31Z,2023-11-29,2023-11-29,190.9,190.4,190.9,192.09,188.97,189.37,43014200,121.0,121.0,0.0,44497.34,67596.24,23098.9,0.0,112006.63,112191.76,0.2,0.2062,0.0,43.59,0.1283,0.4359,0.55,63.81,3.699,3.564,0.135,196.2811,175.0709,185.676,185.676,178.8162,0.003063,0.015578,0.022232,1860.98,0.087625,27,True,prob_below_sell_threshold,prob_below_sell_threshold,2026-05-15,1.0,2026-05-17T18:43:31Z,10245.35,0.0,-0.322338
ml_xgboost,ML – XGBoost,JPM,xgboost,xgboost,xgboost,binary,binary-2026-05,D-ml_xgboost-dc54290715eb,S-JPM-xgboost-20231211-a0c404,T-ml_xgboost-c3340ba83bf6,SELL,2026-05-17T18:43:31Z,2023-12-11,2023-12-11,158.52,158.52,158.52,159.3,158.15,159.1,8093900,150.0,150.0,0.0,67596.24,91374.24,23778.0,0.0,113324.7,113237.7,0.2,0.2098,0.0,43.45,0.1309,0.4345,0.55,75.33,3.2572,3.0303,0.2268,160.8998,147.3012,154.1005,154.1005,147.6428,0.008925,0.044815,0.074921,2449.5,0.114846,38,True,prob_below_sell_threshold,prob_below_sell_threshold,2026-05-15,1.0,2026-05-17T18:43:31Z,12694.85,0.0,-0.322338
ml_xgboost,ML – XGBoost,JPM,xgboost,xgboost,xgboost,binary,binary-2026-05,D-ml_xgboost-9afc699f2071,S-JPM-xgboost-20231214-e67ba6,T-ml_xgboost-8c7bca8fcbaa,BUY,2026-05-17T18:43:31Z,2023-12-14,2023-12-14,161.83,161.06,161.83,164.84,161.71,163.99,13643000,140.0,0.0,140.0,91374.24,68718.04,0.0,22656.2,113492.91,113795.31,0.2,0.0,0.1991,55.82,0.1165,0.5582,0.55,82.69,3.7269,3.2818,0.4451,162.6886,149.6734,156.181,156.181,148.7576,0.007561,0.021404,0.024392,,,,,prob_above_buy_threshold,prob_above_buy_threshold,2026-05-15,1.0,2026-05-17T18:43:31Z,12694.85,0.0,-0.322338
ml_xgboost,ML – XGBoost,JNJ,xgboost,xgboost,xgboost,binary,binary-2026-05,D-ml_xgboost-41153aeb793e,S-JNJ-xgboost-20231220-1683d8,T-ml_xgboost-addd56cd32d9,SELL,2026-05-17T18:43:31Z,2023-12-20,2023-12-20,156.54,156.46,156.54,156.66,153.11,153.27,7008300,141.0,141.0,0.0,68718.04,90790.18,22072.14,0.0,113646.12,114107.18,0.2,0.1942,0.0,37.66,0.2468,0.3766,0.55,46.71,0.8117,0.9867,-0.1749,159.586,150.251,154.9185,154.9185,152.5292,0.010243,0.021596,0.060025,751.53,0.035249,47,True,prob_below_sell_threshold,prob_below_sell_threshold,2026-05-15,1.0,2026-05-17T18:43:31Z,13446.38,0.0,-0.322338
ml_xgboost,ML – XGBoost,JPM,xgboost,xgboost,xgboost,binary,binary-2026-05,D-ml_xgboost-ef5a52325a52,S-JPM-xgboost-20231227-58eeb8,T-ml_xgboost-405907b1eb64,SELL,2026-05-17T18:43:31Z,2023-12-27,2023-12-27,167.84,168.39,167.84,169.47,167.58,169.4,6428600,140.0,140.0,0.0,90790.18,114287.78,23497.6,0.0,114506.18,114287.78,0.2,0.2052,0.0,42.98,0.1405,0.4298,0.55,80.98,4.6972,4.3711,0.326,171.7868,152.0772,161.932,161.932,152.216,0.005313,0.011865,0.017001,841.4,0.037138,13,True,prob_below_sell_threshold,prob_below_sell_threshold,2026-05-15,1.0,2026-05-17T18:43:31Z,14287.78,0.0,-0.322338
ml_xgboost,ML – XGBoost,JNJ,xgboost,xgboost,xgboost,binary,binary-2026-05,D-ml_xgboost-47d42f8468b2,S-JNJ-xgboost-20240102-bb7c43,T-ml_xgboost-2d4e7cf015bb,BUY,2026-05-17T18:43:31Z,2024-01-02,2024-01-02,156.93,156.74,156.93,161.64,156.79,159.97,9622100,145.0,0.0,145.0,114287.78,91532.93,0.0,22754.85,114287.78,114728.58,0.2,0.0,0.1983,57.75,0.1549,0.5775,0.55,66.37,1.1003,0.885,0.2153,159.2267,153.0803,156.1535,156.1535,152.6902,0.006251,0.010377,-0.006689,,,,,prob_above_buy_threshold,prob_above_buy_threshold,2026-05-15,1.0,2026-05-17T18:43:31Z,14287.78,0.0,-0.322338
ml_xgboost,ML – XGBoost,UNH,xgboost,xgboost,xgboost,binary,binary-2026-05,D-ml_xgboost-dd13f8e4ea53,S-UNH-xgboost-20240103-51f324,T-ml_xgboost-ec7b8282e6fe,BUY,2026-05-17T18:43:31Z,2024-01-03,2024-01-03,543.04,539.34,543.04,546.79,539.48,542.03,2891400,42.0,0.0,42.0,91532.93,68725.26,0.0,22807.68,114873.58,114831.17,0.2,0.0,0.1986,70.6,0.4119,0.706,0.55,58.42,-1.9888,-2.9453,0.9565,558.0397,510.3473,534.1935,534.1935,535.9338,0.006254,-0.008099,-0.064369,,,,,prob_above_buy_threshold,prob_above_buy_threshold,2026-05-15,1.0,2026-05-17T18:43:31Z,14287.78,0.0,-0.322338
ml_xgboost,ML – XGBoost,MSFT,xgboost,xgboost,xgboost,binary,binary-2026-05,D-ml_xgboost-b4ebaec7b081,S-MSFT-xgboost-20240111-48cd8d,T-ml_xgboost-4a04c0adde7e,BUY,2026-05-17T18:43:31Z,2024-01-11,2024-01-11,386.0,382.77,386.0,390.68,380.38,384.63,27850800,59.0,0.0,59.0,68725.26,45951.26,0.0,22774.0,114758.56,114677.73,0.2,0.0,0.1986,57.4,0.148,0.574,0.55,65.99,2.6742,1.9818,0.6924,382.2908,364.7862,373.5385,373.5385,370.4004,0.009984,0.036503,0.093388,,,,,prob_above_buy_threshold,prob_above_buy_threshold,2026-05-15,1.0,2026-05-17T18:43:31Z,14287.78,0.0,-0.322338
ml_xgboost,ML – XGBoost,UNH,xgboost,xgboost,xgboost,binary,binary-2026-05,D-ml_xgboost-9428dd29edaa,S-UNH-xgboost-20240116-b4a434,T-ml_xgboost-ff6352c20896,SELL,2026-05-17T18:43:31Z,2024-01-16,2024-01-16,523.71,521.51,523.71,524.5,516.55,519.15,3736700,42.0,42.0,0.0,45951.26,67947.08,21995.82,0.0,114056.89,114248.41,0.2,0.1928,0.0,34.12,0.3176,0.3412,0.55,37.89,-1.5849,-0.7704,-0.8145,547.3721,511.5339,529.453,529.453,536.9082,0.011153,-0.006992,-0.00443,-811.86,-0.035596,13,False,prob_below_sell_threshold,prob_below_sell_threshold,2026-05-15,1.0,2026-05-17T18:43:31Z,13475.92,-0.056822,-0.322338
ml_xgboost,ML – XGBoost,JNJ,xgboost,xgboost,xgboost,binary,binary-2026-05,D-ml_xgboost-6e084a9adb78,S-JNJ-xgboost-20240117-08395e,T-ml_xgboost-7191cf3ea75b,SELL,2026-05-17T18:43:31Z,2024-01-17,2024-01-17,160.25,160.52,160.25,161.3,159.87,160.43,5072100,145.0,145.0,0.0,67947.08,91183.33,23236.25,0.0,114188.16,114162.06,0.2,0.2035,0.0,42.81,0.1439,0.4281,0.55,58.92,1.7967,1.782,0.0147,164.3299,153.0201,158.675,158.675,155.0134,0.004862,-0.009163,-0.029234,481.4,0.021156,15,True,prob_below_sell_threshold,prob_below_sell_threshold,2026-05-15,1.0,2026-05-17T18:43:31Z,13957.32,-0.023129,-0.322338
ml_xgboost,ML – XGBoost,AAPL,xgboost,xgboost,xgboost,binary,binary-2026-05,D-ml_xgboost-860a5b3a6643,S-AAPL-xgboost-20240119-5498dd,T-ml_xgboost-0e124cc24fe2,BUY,2026-05-17T18:43:31Z,2024-01-19,2024-01-19,189.33,188.63,189.33,191.95,188.82,191.56,68903000,121.0,0.0,121.0,91183.33,68274.4,0.0,22908.93,114704.86,114974.69,0.2,0.0,0.1993,56.32,0.1263,0.5632,0.55,56.96,-1.0257,-1.2283,0.2025,197.2975,179.0325,188.165,188.165,189.802,0.012163,0.004489,-0.048288,,,,,prob_above_buy_threshold,prob_above_buy_threshold,2026-05-15,1.0,2026-05-17T18:43:31Z,13957.32,-0.023129,-0.322338
ml_xgboost,ML – XGBoost,AAPL,xgboost,xgboost,xgboost,binary,binary-2026-05,D-ml_xgboost-2d60c5bb870c,S-AAPL-xgboost-20240201-46ccd8,T-ml_xgboost-735b0bc910db,SELL,2026-05-17T18:43:31Z,2024-02-01,2024-02-01,183.99,184.4,183.99,186.95,183.82,186.86,64885400,121.0,121.0,0.0,68274.4,90537.19,22262.79,0.0,114707.48,114360.21,0.2,0.1941,0.0,38.12,0.2377,0.3812,0.55,45.07,-0.1376,0.1602,-0.2978,196.7437,179.1743,187.959,187.959,190.7624,-0.005405,0.007813,-0.038532,-646.14,-0.028205,13,False,prob_below_sell_threshold,prob_below_sell_threshold,2026-05-15,1.0,2026-05-17T18:43:31Z,13311.18,-0.068352,-0.322338
ml_xgboost,ML – XGBoost,MSFT,xgboost,xgboost,xgboost,binary,binary-2026-05,D-ml_xgboost-0e01dd8d2b70,S-MSFT-xgboost-20240205-963d48,T-ml_xgboost-c529f49ee81e,SELL,2026-05-17T18:43:31Z,2024-02-05,2024-02-05,409.9,411.22,409.9,411.16,403.99,405.65,25352300,59.0,59.0,0.0,90537.19,114721.29,24184.1,0.0,114470.54,114721.29,0.2,0.2113,0.0,44.18,0.1163,0.4418,0.55,61.99,8.263,8.004,0.2589,417.2551,374.9389,396.097,396.097,382.5002,-0.000394,0.02369,-0.007396,1410.1,0.061917,25,True,prob_below_sell_threshold,prob_below_sell_threshold,2026-05-15,1.0,2026-05-17T18:43:31Z,14721.28,0.0,-0.322338
ml_xgboost,ML – XGBoost,UNH,xgboost,xgboost,xgboost,binary,binary-2026-05,D-ml_xgboost-4f55edecdad9,S-UNH-xgboost-20240206-88ff28,T-ml_xgboost-77e9617fd30e,BUY,2026-05-17T18:43:31Z,2024-02-06,2024-02-06,503.94,502.96,503.94,510.94,502.45,510.67,2745400,45.0,0.0,45.0,114721.29,92043.99,0.0,22677.3,114721.29,115024.14,0.2,0.0,0.1972,62.73,0.2545,0.6273,0.55,46.27,-6.371,-6.7107,0.3398,539.2822,489.7598,514.521,514.521,528.1644,0.017076,0.012102,-0.074549,,,,,prob_above_buy_threshold,prob_above_buy_threshold,2026-05-15,1.0,2026-05-17T18:43:31Z,14721.28,0.0,-0.322338
ml_xgboost,ML – XGBoost,JPM,xgboost,xgboost,xgboost,binary,binary-2026-05,D-ml_xgboost-efdf8e40f96a,S-JPM-xgboost-20240221-291701,T-ml_xgboost-ee8684223373,BUY,2026-05-17T18:43:31Z,2024-02-21,2024-02-21,179.95,179.73,179.95,180.99,178.52,180.9,7024000,128.0,0.0,128.0,92043.99,69010.39,0.0,23033.6,115532.63,115654.23,0.2,0.0,0.1992,60.15,0.2031,0.6015,0.55,71.61,2.7169,2.4036,0.3133,180.642,170.157,175.3995,175.3995,170.8556,0.011996,0.019237,0.085296,,,,,prob_above_buy_threshold,prob_above_buy_threshold,2026-05-15,1.0,2026-05-17T18:43:31Z,14721.28,0.0,-0.322338
ml_xgboost,ML – XGBoost,JNJ,xgboost,xgboost,xgboost,binary,binary-2026-05,D-ml_xgboost-ec0ce301d667,S-JNJ-xgboost-20240222-39de69,T-ml_xgboost-23869a0b26d2,BUY,2026-05-17T18:43:31Z,2024-02-22,2024-02-22,158.98,158.68,158.98,160.74,157.77,160.45,8065000,146.0,0.0,146.0,69010.39,45799.31,0.0,23211.08,116135.85,116350.47,0.2,0.0,0.1995,63.74,0.2747,0.6374,0.55,58.32,-0.0787,-0.303,0.2243,160.5138,155.2442,157.879,157.879,158.2632,0.008663,0.005796,-0.029293,,,,,prob_above_buy_threshold,prob_above_buy_threshold,2026-05-15,1.0,2026-05-17T18:43:31Z,14721.28,0.0,-0.322338
ml_xgboost,ML – XGBoost,UNH,xgboost,xgboost,xgboost,binary,binary-2026-05,D-ml_xgboost-34cd61e60d9f,S-UNH-xgboost-20240228-6ca730,T-ml_xgboost-c165b398daf0,SELL,2026-05-17T18:43:31Z,2024-02-28,2024-02-28,495.44,513.42,495.44,498.55,484.39,498.28,9558600,45.0,45.0,0.0,45799.31,68094.11,22294.8,0.0,115408.85,115281.05,0.2,0.1932,0.0,44.29,0.1143,0.4429,0.55,34.4,-0.959,-0.2632,-0.6958,531.388,501.421,516.4045,516.4045,520.1696,-0.009392,-0.051537,-0.010396,-382.5,-0.016867,22,False,prob_below_sell_threshold,prob_below_sell_threshold,2026-05-15,1.0,2026-05-17T18:43:31Z,14338.78,-0.025983,-0.322338
ml_xgboost,ML – XGBoost,JNJ,xgboost,xgboost,xgboost,binary,binary-2026-05,D-ml_xgboost-7be97d56d575,S-JNJ-xgboost-20240307-347d58,T-ml_xgboost-df89556d907b,SELL,2026-05-17T18:43:31Z,2024-03-07,2024-03-07,160.0,159.34,160.0,160.36,158.24,158.87,5188700,146.0,146.0,0.0,68094.11,91454.11,23360.0,0.0,115336.49,115501.47,0.2,0.2025,0.0,43.33,0.1334,0.4333,0.55,47.93,0.455,0.5203,-0.0652,163.0575,155.0785,159.068,159.068,159.3284,0.004091,0.00214,-0.040788,148.92,0.006416,14,True,prob_below_sell_threshold,prob_below_sell_threshold,2026-05-15,1.0,2026-05-17T18:43:31Z,14487.7,-0.015867,-0.322338
ml_xgboost,ML – XGBoost,JPM,xgboost,xgboost,xgboost,binary,binary-2026-05,D-ml_xgboost-5eda23aafeaa,S-JPM-xgboost-20240311-0c3ada,T-ml_xgboost-0b26e4d665c1,SELL,2026-05-17T18:43:31Z,2024-03-11,2024-03-11,187.28,188.22,187.28,188.44,186.22,188.29,5762600,128.0,128.0,0.0,91454.11,115425.95,23971.84,0.0,115555.23,115425.95,0.2,0.2074,0.0,42.2,0.156,0.422,0.55,73.09,3.8931,3.7652,0.1279,192.1666,174.2684,183.2175,183.2175,176.3836,0.008232,0.023209,0.047055,938.24,0.040734,19,True,prob_below_sell_threshold,prob_below_sell_threshold,2026-05-15,1.0,2026-05-17T18:43:31Z,15425.94,0.0,-0.322338
ml_xgboost,ML – XGBoost,JNJ,xgboost,xgboost,xgboost,binary,binary-2026-05,D-ml_xgboost-d7903cc87da3,S-JNJ-xgboost-20240312-1330aa,T-ml_xgboost-aef493f9040c,BUY,2026-05-17T18:43:31Z,2024-03-12,2024-03-12,161.58,161.23,161.58,163.11,161.13,162.74,8018700,142.0,0.0,142.0,115425.95,92481.59,0.0,22944.36,115425.95,115590.67,0.2,0.0,0.1985,56.38,0.1276,0.5638,0.55,61.75,0.6631,0.5266,0.1364,163.5965,155.7875,159.692,159.692,159.6168,-0.010077,-0.040125,-0.077055,,,,,prob_above_buy_threshold,prob_above_buy_threshold,2026-05-15,1.0,2026-05-17T18:43:31Z,15425.94,0.0,-0.322338
ml_xgboost,ML – XGBoost,MSFT,xgboost,xgboost,xgboost,binary,binary-2026-05,D-ml_xgboost-b59c267aac7f,S-MSFT-xgboost-20240314-b55066,T-ml_xgboost-6a77757f60ff,BUY,2026-05-17T18:43:31Z,2024-03-14,2024-03-14,420.24,415.1,420.24,427.82,417.99,425.22,34157300,54.0,0.0,54.0,92481.59,69788.63,0.0,22692.96,115089.41,115358.33,0.2,0.0,0.1967,60.73,0.2147,0.6073,0.55,65.13,3.4552,2.7749,0.6803,420.9238,397.5362,409.23,409.23,401.962,-0.020695,0.00976,-0.007808,,,,,prob_above_buy_threshold,prob_above_buy_threshold,2026-05-15,1.0,2026-05-17T18:43:31Z,15425.94,0.0,-0.322338
ml_xgboost,ML – XGBoost,UNH,xgboost,xgboost,xgboost,binary,binary-2026-05,D-ml_xgboost-1d1c2e5374c4,S-UNH-xgboost-20240314-284bc3,T-ml_xgboost-128ab311aedb,BUY,2026-05-17T18:43:31Z,2024-03-14,2024-03-14,488.72,488.0,488.72,489.68,485.19,489.0,3378500,47.0,0.0,47.0,69788.63,46818.79,0.0,22969.84,115089.41,115371.49,0.2,0.0,0.1991,56.62,0.1324,0.5662,0.55,41.35,-8.6628,-8.4433,-0.2195,538.7269,461.0551,499.891,499.891,511.1744,0.003722,0.005501,-0.10184,,,,,prob_above_buy_threshold,prob_above_buy_threshold,2026-05-15,1.0,2026-05-17T18:43:31Z,15425.94,0.0,-0.322338
ml_xgboost,ML – XGBoost,AAPL,xgboost,xgboost,xgboost,binary,binary-2026-05,D-ml_xgboost-cd6cfb971fa3,S-AAPL-xgboost-20240315-af2136,T-ml_xgboost-065e8689a61f,BUY,2026-05-17T18:43:31Z,2024-03-15,2024-03-15,171.17,173.0,171.17,172.62,170.29,172.62,121752700,134.0,0.0,134.0,46818.79,23882.01,0.0,22936.78,114835.57,115029.87,0.2,0.0,0.1994,60.0,0.1999,0.6,0.55,36.96,-3.7937,-3.7446,-0.0491,187.4428,166.1072,176.775,176.775,183.2858,0.006372,-0.00197,0.000406,,,,,prob_above_buy_threshold,prob_above_buy_threshold,2026-05-15,1.0,2026-05-17T18:43:31Z,15425.94,0.0,-0.322338
ml_xgboost,ML – XGBoost,JNJ,xgboost,xgboost,xgboost,binary,binary-2026-05,D-ml_xgboost-6397c0f3b4b5,S-JNJ-xgboost-20240315-4ff1d1,T-ml_xgboost-68c1a761acd5,SELL,2026-05-17T18:43:31Z,2024-03-15,2024-03-15,158.06,159.21,158.06,159.19,157.1,158.18,13165500,142.0,142.0,0.0,23882.01,46326.53,22444.52,0.0,114835.57,115012.83,0.2,0.1954,0.0,33.88,0.3225,0.3388,0.55,44.73,0.3025,0.4975,-0.1949,163.2114,157.0086,160.11,160.11,159.633,-0.008977,-0.01865,-0.066949,-499.84,-0.021785,3,False,prob_below_sell_threshold,prob_below_sell_threshold,2026-05-15,1.0,2026-05-17T18:43:31Z,14926.1,-0.032403,-0.322338
ml_xgboost,ML – XGBoost,JPM,xgboost,xgboost,xgboost,binary,binary-2026-05,D-ml_xgboost-8c718b1f1d37,S-JPM-xgboost-20240320-d0a497,T-ml_xgboost-a4ca39cc9bae,BUY,2026-05-17T18:43:31Z,2024-03-20,2024-03-20,194.19,193.79,194.19,196.56,193.61,196.33,9367000,119.0,0.0,119.0,46326.53,23217.92,0.0,23108.61,116459.54,116714.2,0.2,0.0,0.198,58.84,0.1768,0.5884,0.55,76.5,4.1963,3.8989,0.2974,195.2065,180.8945,188.0505,188.0505,179.2388,0.013905,0.016248,-0.076809,,,,,prob_above_buy_threshold,prob_above_buy_threshold,2026-05-15,1.0,2026-05-17T18:43:31Z,14926.1,-0.032403,-0.322338
ml_xgboost,ML – XGBoost,MSFT,xgboost,xgboost,xgboost,binary,binary-2026-05,D-ml_xgboost-ae6f1d3ddd90,S-MSFT-xgboost-20240328-aab3a9,T-ml_xgboost-076966a66653,SELL,2026-05-17T18:43:31Z,2024-03-28,2024-03-28,420.96,421.43,420.96,421.87,419.12,420.72,21871200,54.0,54.0,0.0,23217.92,45949.76,22731.84,0.0,116001.72,116014.68,0.2,0.196,0.0,39.65,0.2069,0.3965,0.55,55.42,4.5454,4.6667,-0.1213,432.974,400.605,416.7895,416.7895,410.6174,0.009151,0.011409,-0.034227,38.88,0.001713,14,True,prob_below_sell_threshold,prob_below_sell_threshold,2026-05-15,1.0,2026-05-17T18:43:31Z,14964.98,-0.029882,-0.322338
ml_xgboost,ML – XGBoost,JPM,xgboost,xgboost,xgboost,binary,binary-2026-05,D-ml_xgboost-03e56daf3a26,S-JPM-xgboost-20240402-c92de8,T-ml_xgboost-74258862765f,SELL,2026-05-17T18:43:31Z,2024-04-02,2024-04-02,198.39,198.94,198.39,199.78,198.08,198.86,7014700,119.0,119.0,0.0,45949.76,69558.17,23608.41,0.0,113771.24,113715.31,0.2,0.2075,0.0,44.96,0.1008,0.4496,0.55,68.4,4.5235,4.4409,0.0826,202.1761,184.6819,193.429,193.429,183.839,-0.002816,-0.008599,-0.035804,499.8,0.021628,13,True,prob_below_sell_threshold,prob_below_sell_threshold,2026-05-15,1.0,2026-05-17T18:43:31Z,15464.78,0.0,-0.322338
ml_xgboost,ML – XGBoost,JNJ,xgboost,xgboost,xgboost,binary,binary-2026-05,D-ml_xgboost-cb4e3e544068,S-JNJ-xgboost-20240402-7e4cf1,T-ml_xgboost-b8956e4a99f1,BUY,2026-05-17T18:43:31Z,2024-04-02,2024-04-02,156.57,157.78,156.57,157.83,155.95,157.73,6102300,145.0,0.0,145.0,69558.17,46855.52,0.0,22702.65,113771.24,113883.5,0.2,0.0,0.1993,56.16,0.1232,0.5616,0.55,48.49,-0.5637,-0.5961,0.0324,162.3162,153.9358,158.126,158.126,158.5968,-0.022,-0.034489,-0.083307,,,,,prob_above_buy_threshold,prob_above_buy_threshold,2026-05-15,1.0,2026-05-17T18:43:31Z,15464.78,0.0,-0.322338
ml_xgboost,ML – XGBoost,UNH,xgboost,xgboost,xgboost,binary,binary-2026-05,D-ml_xgboost-f208e57553c5,S-UNH-xgboost-20240403-3eba36,T-ml_xgboost-8b14119e3487,SELL,2026-05-17T18:43:31Z,2024-04-03,2024-04-03,462.0,458.14,462.0,462.85,455.55,459.74,4460400,47.0,47.0,0.0,46855.52,68569.52,21714.0,0.0,113564.09,113670.31,0.2,0.1912,0.0,29.12,0.4176,0.2912,0.55,28.79,-7.3184,-5.4113,-1.9072,506.1014,464.3186,485.21,485.21,500.0788,-0.009484,-0.021077,0.053008,-1255.84,-0.054673,20,False,prob_below_sell_threshold,prob_below_sell_threshold,2026-05-15,1.0,2026-05-17T18:43:31Z,14208.94,-0.081206,-0.322338
ml_xgboost,ML – XGBoost,JNJ,xgboost,xgboost,xgboost,binary,binary-2026-05,D-ml_xgboost-7e147791c794,S-JNJ-xgboost-20240404-730205,T-ml_xgboost-5991aca6fa87,SELL,2026-05-17T18:43:31Z,2024-04-04,2024-04-04,155.31,154.26,155.31,155.5,152.41,152.5,6947400,145.0,145.0,0.0,68569.52,91089.46,22519.95,0.0,113303.9,113711.35,0.2,0.1988,0.0,29.43,0.4115,0.2943,0.55,31.88,-1.0749,-0.7207,-0.3542,162.4308,152.5662,157.4985,157.4985,158.2864,-0.000721,-0.024328,-0.016918,-182.7,-0.008048,2,False,prob_below_sell_threshold,prob_below_sell_threshold,2026-05-15,1.0,2026-05-17T18:43:31Z,14026.24,-0.09302,-0.322338
ml_xgboost,ML – XGBoost,UNH,xgboost,xgboost,xgboost,binary,binary-2026-05,D-ml_xgboost-228af3c2b3fd,S-UNH-xgboost-20240417-4577d3,T-ml_xgboost-61cc14e26d50,BUY,2026-05-17T18:43:31Z,2024-04-17,2024-04-17,478.6,468.89,478.6,488.0,474.59,478.99,8759800,47.0,0.0,47.0,91089.46,68595.26,0.0,22494.2,113601.46,113619.79,0.2,0.0,0.198,75.59,0.5118,0.7559,0.55,53.98,-9.385,-10.9429,1.5579,508.8488,431.2392,470.044,470.044,489.7938,0.029625,0.017349,0.080503,,,,,prob_above_buy_threshold,prob_above_buy_threshold,2026-05-15,1.0,2026-05-17T18:43:31Z,14026.24,-0.09302,-0.322338
ml_xgboost,ML – XGBoost,AAPL,xgboost,xgboost,xgboost,binary,binary-2026-05,D-ml_xgboost-33bf0232bce3,S-AAPL-xgboost-20240419-900f54,T-ml_xgboost-d46913c4ef10,SELL,2026-05-17T18:43:31Z,2024-04-19,2024-04-19,166.21,167.04,166.21,166.4,164.08,165.0,68149400,134.0,134.0,0.0,68595.26,90867.41,22272.14,0.0,114258.37,114420.52,0.2,0.1949,0.0,41.72,0.1656,0.4172,0.55,37.89,-1.8783,-1.7203,-0.158,175.5452,164.8698,170.2075,170.2075,175.1372,0.005091,0.026061,0.150727,-664.64,-0.028977,35,False,prob_below_sell_threshold,prob_below_sell_threshold,2026-05-15,1.0,2026-05-17T18:43:31Z,13361.6,-0.135998,-0.322338
ml_xgboost,ML – XGBoost,JNJ,xgboost,xgboost,xgboost,binary,binary-2026-05,D-ml_xgboost-eb90fb5026b4,S-JNJ-xgboost-20240423-c2600a,T-ml_xgboost-20d411eb3ac4,BUY,2026-05-17T18:43:31Z,2024-04-23,2024-04-23,149.86,149.12,149.86,150.49,148.2,149.56,10110400,151.0,0.0,151.0,90867.41,68238.55,0.0,22628.86,113717.87,113672.56,0.2,0.0,0.1991,64.08,0.2815,0.6408,0.55,42.42,-2.6195,-2.6695,0.05,160.0566,142.5544,151.3055,151.3055,155.8244,-0.006887,-0.033231,0.011233,,,,,prob_above_buy_threshold,prob_above_buy_threshold,2026-05-15,1.0,2026-05-17T18:43:31Z,13361.6,-0.135998,-0.322338
ml_xgboost,ML – XGBoost,AAPL,xgboost,xgboost,xgboost,binary,binary-2026-05,D-ml_xgboost-32053fe70285,S-AAPL-xgboost-20240425-999838,T-ml_xgboost-fc569d90fb29,BUY,2026-05-17T18:43:31Z,2024-04-25,2024-04-25,169.53,169.02,169.53,170.61,168.15,169.89,50558300,134.0,0.0,134.0,68238.55,45521.53,0.0,22717.02,113619.79,113668.03,0.2,0.0,0.1999,65.24,0.3049,0.6524,0.55,48.48,-1.6234,-1.7957,0.1723,174.9394,164.0256,169.4825,169.4825,173.583,-0.003473,0.018483,0.100006,,,,,prob_above_buy_threshold,prob_above_buy_threshold,2026-05-15,1.0,2026-05-17T18:43:31Z,13361.6,-0.135998,-0.322338
ml_xgboost,ML – XGBoost,JPM,xgboost,xgboost,xgboost,binary,binary-2026-05,D-ml_xgboost-cad3cca2787e,S-JPM-xgboost-20240425-bcbc4c,T-ml_xgboost-df3c242dcbac,BUY,2026-05-17T18:43:31Z,2024-04-25,2024-04-25,192.25,193.08,192.25,193.94,191.18,193.37,9802300,118.0,0.0,118.0,45521.53,22836.03,0.0,22685.5,113619.79,113800.19,0.2,0.0,0.1993,59.58,0.1916,0.5958,0.55,56.0,-0.3742,-0.4799,0.1057,205.5786,178.1854,191.882,191.882,189.5992,0.000621,-0.008843,0.018359,,,,,prob_above_buy_threshold,prob_above_buy_threshold,2026-05-15,1.0,2026-05-17T18:43:31Z,13361.6,-0.135998,-0.322338
ml_xgboost,ML – XGBoost,MSFT,xgboost,xgboost,xgboost,binary,binary-2026-05,D-ml_xgboost-b6a7a5c54b5b,S-MSFT-xgboost-20240506-f71d8b,T-ml_xgboost-72408448fa27,BUY,2026-05-17T18:43:31Z,2024-05-06,2024-05-06,408.76,406.66,408.76,413.93,406.37,413.54,16996600,55.0,0.0,55.0,22836.03,354.23,0.0,22481.8,115512.61,115775.51,0.2,0.0,0.1942,59.0,0.18,0.59,0.55,53.53,-3.695,-4.019,0.3239,429.2848,387.7482,408.5165,408.5165,413.539,-0.010156,0.000435,0.006118,,,,,prob_above_buy_threshold,prob_above_buy_threshold,2026-05-15,1.0,2026-05-17T18:43:31Z,13361.6,-0.135998,-0.322338
ml_xgboost,ML – XGBoost,JPM,xgboost,xgboost,xgboost,binary,binary-2026-05,D-ml_xgboost-f61c741f4f88,S-JPM-xgboost-20240523-2909cf,T-ml_xgboost-394136de7791,SELL,2026-05-17T18:43:31Z,2024-05-23,2024-05-23,197.81,198.31,197.81,198.3,196.07,196.92,8069400,118.0,118.0,0.0,354.23,23695.8,23341.58,0.0,119013.42,119118.44,0.2,0.1961,0.0,40.0,0.2001,0.4,0.55,51.91,2.1041,2.2088,-0.1047,204.7952,188.0198,196.4075,196.4075,194.2518,0.019246,0.028997,0.009953,656.08,0.028921,28,True,prob_below_sell_threshold,prob_below_sell_threshold,2026-05-15,1.0,2026-05-17T18:43:31Z,14017.68,-0.093574,-0.322338
ml_xgboost,ML – XGBoost,UNH,xgboost,xgboost,xgboost,binary,binary-2026-05,D-ml_xgboost-b8fd69b37bcd,S-UNH-xgboost-20240524-2921f8,T-ml_xgboost-6b352f8f669c,SELL,2026-05-17T18:43:31Z,2024-05-24,2024-05-24,516.11,516.83,516.11,517.14,507.52,508.17,2527800,47.0,47.0,0.0,23695.8,47952.97,24257.17,0.0,118888.39,119261.56,0.2,0.204,0.0,38.65,0.227,0.3865,0.55,53.09,8.7527,9.1867,-0.434,532.9948,480.6902,506.8425,506.8425,489.143,-0.008836,-0.021115,-0.046579,1762.97,0.078374,37,True,prob_below_sell_threshold,prob_below_sell_threshold,2026-05-15,1.0,2026-05-17T18:43:31Z,15780.65,0.0,-0.322338
ml_xgboost,ML – XGBoost,AAPL,xgboost,xgboost,xgboost,binary,binary-2026-05,D-ml_xgboost-4f9dfa05136b,S-AAPL-xgboost-20240528-381422,T-ml_xgboost-7efec15d3080,SELL,2026-05-17T18:43:31Z,2024-05-28,2024-05-28,191.51,189.98,191.51,193.0,189.1,189.99,52280100,134.0,134.0,0.0,47952.97,73615.31,25662.34,0.0,118880.62,119084.29,0.2,0.2159,0.0,40.85,0.1831,0.4085,0.55,63.71,4.4519,4.3857,0.0663,198.0695,171.4095,184.7395,184.7395,176.2646,0.001579,0.022949,0.122427,2945.32,0.129653,33,True,prob_below_sell_threshold,prob_below_sell_threshold,2026-05-15,1.0,2026-05-17T18:43:31Z,18725.97,0.0,-0.322338
ml_xgboost,ML – XGBoost,JNJ,xgboost,xgboost,xgboost,binary,binary-2026-05,D-ml_xgboost-fb2236510093,S-JNJ-xgboost-20240528-cf44bb,T-ml_xgboost-259fa739bbd4,SELL,2026-05-17T18:43:31Z,2024-05-28,2024-05-28,146.79,146.97,146.79,146.79,144.15,144.38,10499800,151.0,151.0,0.0,73615.31,95780.6,22165.29,0.0,118880.62,119448.2,0.2,0.1864,0.0,25.61,0.4877,0.2561,0.55,35.82,-0.4812,-0.0121,-0.4691,155.447,144.775,150.111,150.111,151.0314,0.000416,0.023687,0.0169,-463.57,-0.020486,35,False,prob_below_sell_threshold,prob_below_sell_threshold,2026-05-15,1.0,2026-05-17T18:43:31Z,18262.4,-0.024755,-0.322338
ml_xgboost,ML – XGBoost,MSFT,xgboost,xgboost,xgboost,binary,binary-2026-05,D-ml_xgboost-954f414a014e,S-MSFT-xgboost-20240531-6716ef,T-ml_xgboost-4bab5d18bcf2,SELL,2026-05-17T18:43:31Z,2024-05-31,2024-05-31,416.75,414.67,416.75,416.75,404.51,415.13,47995300,55.0,55.0,0.0,95780.6,118701.85,22921.25,0.0,118612.75,118701.85,0.2,0.1932,0.0,37.99,0.2402,0.3799,0.55,46.61,3.1278,3.644,-0.5163,435.0452,404.2598,419.6525,419.6525,416.448,-0.003878,0.021005,0.10021,439.45,0.019547,25,True,prob_below_sell_threshold,prob_below_sell_threshold,2026-05-15,1.0,2026-05-17T18:43:31Z,18701.85,-0.001288,-0.322338
ml_xgboost,ML – XGBoost,AAPL,xgboost,xgboost,xgboost,binary,binary-2026-05,D-ml_xgboost-a81d1a93e8bb,S-AAPL-xgboost-20240611-96b0b4,T-ml_xgboost-b072fcdb37c8,BUY,2026-05-17T18:43:31Z,2024-06-11,2024-06-11,193.65,193.12,193.65,207.16,193.63,207.15,172373300,122.0,0.0,122.0,118701.85,95076.55,0.0,23625.3,118701.85,120348.85,0.2,0.0,0.1963,63.73,0.2746,0.6373,0.55,75.22,4.9353,4.4133,0.522,200.8458,183.9261,192.386,192.386,180.709,0.028578,0.034468,0.098576,,,,,prob_above_buy_threshold,prob_above_buy_threshold,2026-05-15,1.0,2026-05-17T18:43:31Z,18701.85,-0.001288,-0.322338
ml_xgboost,ML – XGBoost,MSFT,xgboost,xgboost,xgboost,binary,binary-2026-05,D-ml_xgboost-852b35e3a449,S-MSFT-xgboost-20240612-3689fe,T-ml_xgboost-5819205e6523,BUY,2026-05-17T18:43:31Z,2024-06-12,2024-06-12,435.32,432.68,435.32,443.4,433.25,441.06,22366200,55.0,0.0,55.0,95076.55,71133.95,0.0,23942.6,121071.09,121386.79,0.2,0.0,0.1972,67.54,0.3509,0.6754,0.55,68.32,4.246,2.9799,1.2661,438.4456,411.4754,424.9605,424.9605,416.704,0.001179,0.01052,0.028318,,,,,prob_above_buy_threshold,prob_above_buy_threshold,2026-05-15,1.0,2026-05-17T18:43:31Z,18701.85,-0.001288,-0.322338
ml_xgboost,ML – XGBoost,JNJ,xgboost,xgboost,xgboost,binary,binary-2026-05,D-ml_xgboost-9ba639c422c0,S-JNJ-xgboost-20240620-3f2528,T-ml_xgboost-345c48ca780c,BUY,2026-05-17T18:43:31Z,2024-06-20,2024-06-20,145.27,145.65,145.27,148.08,145.01,147.78,8749700,166.0,0.0,166.0,71133.95,47019.13,0.0,24114.82,121228.41,121645.07,0.2,0.0,0.1982,60.09,0.2017,0.6009,0.55,51.03,-0.8859,-1.0137,0.1278,150.739,142.823,146.781,146.781,148.145,0.006564,-0.013398,0.046759,,,,,prob_above_buy_threshold,prob_above_buy_threshold,2026-05-15,1.0,2026-05-17T18:43:31Z,18701.85,-0.001288,-0.322338
ml_xgboost,ML – XGBoost,AAPL,xgboost,xgboost,xgboost,binary,binary-2026-05,D-ml_xgboost-a29a8122e6bd,S-AAPL-xgboost-20240624-2652ef,T-ml_xgboost-ae281fd113d1,SELL,2026-05-17T18:43:31Z,2024-06-24,2024-06-24,207.72,207.49,207.72,212.7,206.59,208.14,80727000,122.0,122.0,0.0,47019.13,72360.97,25341.84,0.0,121787.98,121736.74,0.2,0.2081,0.0,38.94,0.2211,0.3894,0.55,62.29,6.9232,6.8874,0.0358,220.5162,182.0598,201.288,201.288,187.4738,0.004468,0.041366,0.081051,1716.54,0.072657,13,True,prob_below_sell_threshold,prob_below_sell_threshold,2026-05-15,1.0,2026-05-17T18:43:31Z,20418.39,0.0,-0.322338
ml_xgboost,ML – XGBoost,JPM,xgboost,xgboost,xgboost,binary,binary-2026-05,D-ml_xgboost-e040f6e71d9f,S-JPM-xgboost-20240628-a286d0,T-ml_xgboost-3f3e2f6e62fa,BUY,2026-05-17T18:43:31Z,2024-06-28,2024-06-28,200.01,199.17,200.01,202.6,199.3,202.26,15307600,121.0,0.0,121.0,72360.97,48159.76,0.0,24201.21,121205.78,121478.03,0.2,0.0,0.1992,64.04,0.2809,0.6404,0.55,59.48,0.6344,0.2224,0.4119,203.4884,191.8546,197.6715,197.6715,196.2856,0.015772,0.014387,0.04247,,,,,prob_above_buy_threshold,prob_above_buy_threshold,2026-05-15,1.0,2026-05-17T18:43:31Z,20418.39,0.0,-0.322338
ml_xgboost,ML – XGBoost,UNH,xgboost,xgboost,xgboost,binary,binary-2026-05,D-ml_xgboost-ccd25474ec20,S-UNH-xgboost-20240628-4da381,T-ml_xgboost-5574ed12c6fa,BUY,2026-05-17T18:43:31Z,2024-06-28,2024-06-28,496.37,486.44,496.37,509.4,489.41,509.26,22734200,48.0,0.0,48.0,48159.76,24334.0,0.0,23825.76,121205.78,122096.75,0.2,0.0,0.1951,57.84,0.1567,0.5784,0.55,59.85,-2.1308,-2.932,0.8012,508.863,477.572,493.2175,493.2175,498.3896,-0.028689,-0.039116,0.112889,,,,,prob_above_buy_threshold,prob_above_buy_threshold,2026-05-15,1.0,2026-05-17T18:43:31Z,20418.39,0.0,-0.322338
ml_xgboost,ML – XGBoost,AAPL,xgboost,xgboost,xgboost,binary,binary-2026-05,D-ml_xgboost-e3a4d68ad236,S-AAPL-xgboost-20240705-cd5596,T-ml_xgboost-61ddf0463dad,BUY,2026-05-17T18:43:31Z,2024-07-05,2024-07-05,221.65,221.55,221.65,226.45,221.65,226.34,60412400,109.0,0.0,109.0,24334.0,174.15,0.0,24159.85,122569.55,123080.76,0.2,0.0,0.1963,63.04,0.2609,0.6304,0.55,74.63,7.4411,6.8117,0.6293,227.5534,194.4126,210.983,210.983,195.0848,0.006539,0.018556,-0.028629,,,,,prob_above_buy_threshold,prob_above_buy_threshold,2026-05-15,1.0,2026-05-17T18:43:31Z,20418.39,0.0,-0.322338
ml_xgboost,ML – XGBoost,MSFT,xgboost,xgboost,xgboost,binary,binary-2026-05,D-ml_xgboost-17d4c9795792,S-MSFT-xgboost-20240711-45ad80,T-ml_xgboost-fe581ddc3faf,SELL,2026-05-17T18:43:31Z,2024-07-11,2024-07-11,462.98,466.25,462.98,464.78,451.55,454.7,23111200,55.0,55.0,0.0,174.15,25638.05,25463.9,0.0,124148.71,124604.11,0.2,0.2051,0.0,38.46,0.2308,0.3846,0.55,55.92,8.7852,9.0506,-0.2654,468.9954,436.7096,452.8525,452.8525,431.8946,-0.002529,-0.031515,-0.114383,1521.3,0.063539,29,True,prob_below_sell_threshold,prob_below_sell_threshold,2026-05-15,1.0,2026-05-17T18:43:31Z,21939.69,0.0,-0.322338
ml_xgboost,ML – XGBoost,AAPL,xgboost,xgboost,xgboost,binary,binary-2026-05,D-ml_xgboost-5c71fe70ca18,S-AAPL-xgboost-20240717-581e13,T-ml_xgboost-f861298c1ed3,SELL,2026-05-17T18:43:31Z,2024-07-17,2024-07-17,229.45,234.82,229.45,231.46,226.64,228.88,57345900,109.0,109.0,0.0,25638.05,50648.1,25010.05,0.0,130336.97,130399.1,0.2,0.1919,0.0,42.71,0.1459,0.4271,0.55,63.59,8.4637,8.3104,0.1533,239.5258,202.1982,220.862,220.862,204.4436,-0.020535,-0.045177,-0.031283,850.2,0.035191,12,True,prob_below_sell_threshold,prob_below_sell_threshold,2026-05-15,1.0,2026-05-17T18:43:31Z,22789.89,0.0,-0.322338
ml_xgboost,ML – XGBoost,JPM,xgboost,xgboost,xgboost,binary,binary-2026-05,D-ml_xgboost-8d4d34c3beeb,S-JPM-xgboost-20240723-d092ae,T-ml_xgboost-5bed164520c9,SELL,2026-05-17T18:43:31Z,2024-07-23,2024-07-23,211.02,210.28,211.02,211.48,209.35,210.33,5557300,121.0,121.0,0.0,50648.1,76181.52,25533.42,0.0,128013.74,128097.23,0.2,0.1995,0.0,44.99,0.1003,0.4499,0.55,58.23,3.2236,3.157,0.0666,216.5869,197.2721,206.9295,206.9295,201.829,-0.008273,0.023107,0.019921,1332.21,0.055047,25,True,prob_below_sell_threshold,prob_below_sell_threshold,2026-05-15,1.0,2026-05-17T18:43:31Z,24122.1,0.0,-0.322338
ml_xgboost,ML – XGBoost,UNH,xgboost,xgboost,xgboost,binary,binary-2026-05,D-ml_xgboost-37102b51154e,S-UNH-xgboost-20240806-6b4409,T-ml_xgboost-98ca760898db,SELL,2026-05-17T18:43:31Z,2024-08-06,2024-08-06,568.21,569.96,568.21,577.52,562.53,568.35,3216500,48.0,48.0,0.0,76181.52,103455.61,27274.08,0.0,129851.34,129844.63,0.2,0.21,0.0,37.01,0.2599,0.3701,0.55,60.67,18.0039,18.2388,-0.2348,605.8386,504.8154,555.327,555.327,518.027,-0.003994,0.010363,0.063042,3448.32,0.144731,39,True,prob_below_sell_threshold,prob_below_sell_threshold,2026-05-15,1.0,2026-05-17T18:43:31Z,27570.42,0.0,-0.322338
ml_xgboost,ML – XGBoost,JNJ,xgboost,xgboost,xgboost,binary,binary-2026-05,D-ml_xgboost-6a426fe7b938,S-JNJ-xgboost-20240808-a3c7fd,T-ml_xgboost-0f906c621f95,SELL,2026-05-17T18:43:31Z,2024-08-08,2024-08-08,158.57,158.9,158.57,160.7,158.03,160.22,5094800,166.0,166.0,0.0,103455.61,129778.23,26322.62,0.0,130052.13,129778.23,0.2,0.2024,0.0,39.0,0.22,0.39,0.55,59.01,2.9358,2.9833,-0.0475,165.1911,149.0039,157.0975,157.0975,150.8632,0.002497,-0.007053,0.025964,2207.8,0.091554,49,True,prob_below_sell_threshold,prob_below_sell_threshold,2026-05-15,1.0,2026-05-17T18:43:31Z,29778.22,0.0,-0.322338
ml_xgboost,ML – XGBoost,MSFT,xgboost,xgboost,xgboost,binary,binary-2026-05,D-ml_xgboost-f9fc56bbdc94,S-MSFT-xgboost-20240814-5275e1,T-ml_xgboost-253abc0393f0,BUY,2026-05-17T18:43:31Z,2024-08-14,2024-08-14,414.8,414.01,414.8,417.72,412.45,416.86,18267000,62.0,0.0,62.0,129778.23,104060.63,0.0,25717.6,129778.23,129905.95,0.2,0.0,0.198,65.98,0.3196,0.6598,0.55,45.9,-8.9156,-9.4137,0.4982,447.9779,389.1241,418.551,418.551,435.5524,0.010003,0.017464,0.024325,,,,,prob_above_buy_threshold,prob_above_buy_threshold,2026-05-15,1.0,2026-05-17T18:43:31Z,29778.22,0.0,-0.322338
ml_xgboost,ML – XGBoost,AAPL,xgboost,xgboost,xgboost,binary,binary-2026-05,D-ml_xgboost-5662dc922d1f,S-AAPL-xgboost-20240815-ede786,T-ml_xgboost-cf3c386d94cb,BUY,2026-05-17T18:43:31Z,2024-08-15,2024-08-15,224.6,221.72,224.6,225.35,222.76,224.72,46414000,115.0,0.0,115.0,104060.63,78231.63,0.0,25829.0,130164.49,130178.29,0.2,0.0,0.1984,63.19,0.2638,0.6319,0.55,59.28,0.4936,0.0403,0.4533,228.2705,208.3015,218.286,218.286,217.0224,0.005918,-0.000846,-0.009879,,,,,prob_above_buy_threshold,prob_above_buy_threshold,2026-05-15,1.0,2026-05-17T18:43:31Z,29778.22,0.0,-0.322338
ml_xgboost,ML – XGBoost,JPM,xgboost,xgboost,xgboost,binary,binary-2026-05,D-ml_xgboost-029b448a927a,S-JPM-xgboost-20240815-5f0963,T-ml_xgboost-1ee3e38de061,BUY,2026-05-17T18:43:31Z,2024-08-15,2024-08-15,213.0,210.24,213.0,213.89,211.1,211.55,7001000,122.0,0.0,122.0,78231.63,52245.63,0.0,25986.0,130164.49,130001.39,0.2,0.0,0.1999,65.44,0.3088,0.6544,0.55,57.86,0.5788,0.2405,0.3384,217.5125,197.2125,207.3625,207.3625,204.1668,0.011439,0.024013,-0.034176,,,,,prob_above_buy_threshold,prob_above_buy_threshold,2026-05-15,1.0,2026-05-17T18:43:31Z,29778.22,0.0,-0.322338
ml_xgboost,ML – XGBoost,JNJ,xgboost,xgboost,xgboost,binary,binary-2026-05,D-ml_xgboost-0bfe5e7c6797,S-JNJ-xgboost-20240903-9439dd,T-ml_xgboost-779784325382,BUY,2026-05-17T18:43:31Z,2024-09-03,2024-09-03,165.24,165.86,165.24,167.81,164.77,167.16,6956500,157.0,0.0,157.0,52245.63,26302.95,0.0,25942.68,130126.06,130427.5,0.2,0.0,0.1989,57.4,0.148,0.574,0.55,70.22,2.5153,2.2485,0.2668,166.7398,156.2972,161.5185,161.5185,156.1124,0.001196,0.001316,-0.030928,,,,,prob_above_buy_threshold,prob_above_buy_threshold,2026-05-15,1.0,2026-05-17T18:43:31Z,29778.22,0.0,-0.322338
ml_xgboost,ML – XGBoost,AAPL,xgboost,xgboost,xgboost,binary,binary-2026-05,D-ml_xgboost-e9ffda34627f,S-AAPL-xgboost-20240904-7d41b8,T-ml_xgboost-96156f99722b,SELL,2026-05-17T18:43:31Z,2024-09-04,2024-09-04,221.66,222.77,221.66,221.78,217.48,220.85,43840200,115.0,115.0,0.0,26302.95,51793.85,25490.9,0.0,130086.28,130179.43,0.2,0.196,0.0,37.96,0.2408,0.3796,0.55,46.28,1.7509,2.1453,-0.3944,233.7346,212.7594,223.247,223.247,222.1574,0.006928,0.008196,0.026851,-338.1,-0.01309,20,False,prob_below_sell_threshold,prob_below_sell_threshold,2026-05-15,1.0,2026-05-17T18:43:31Z,29440.12,-0.011354,-0.322338
ml_xgboost,ML – XGBoost,JPM,xgboost,xgboost,xgboost,binary,binary-2026-05,D-ml_xgboost-37f03eac4936,S-JPM-xgboost-20240906-97a34c,T-ml_xgboost-1b6ab4c523fc,SELL,2026-05-17T18:43:31Z,2024-09-06,2024-09-06,217.6,217.63,217.6,218.74,211.09,212.46,7777000,122.0,122.0,0.0,51793.85,78341.05,26547.2,0.0,128427.03,129054.11,0.2,0.2067,0.0,28.11,0.4378,0.2811,0.55,46.56,2.8196,3.3218,-0.5021,226.0788,205.1782,215.6285,215.6285,210.616,0.020474,-0.038313,-0.005836,561.2,0.021596,22,True,prob_below_sell_threshold,prob_below_sell_threshold,2026-05-15,1.0,2026-05-17T18:43:31Z,30001.32,0.0,-0.322338
ml_xgboost,ML – XGBoost,JNJ,xgboost,xgboost,xgboost,binary,binary-2026-05,D-ml_xgboost-54d8dc80d849,S-JNJ-xgboost-20240906-8417f1,T-ml_xgboost-b8d7a3590bd3,SELL,2026-05-17T18:43:31Z,2024-09-06,2024-09-06,165.18,164.99,165.18,165.94,164.12,164.38,6016900,157.0,157.0,0.0,78341.05,104274.31,25933.26,0.0,128427.03,129179.71,0.2,0.2019,0.0,41.46,0.1709,0.4146,0.55,58.57,2.3398,2.359,-0.0192,168.0766,156.8244,162.4505,162.4505,157.1844,0.013566,0.006935,-0.024881,-9.42,-0.000363,3,False,prob_below_sell_threshold,prob_below_sell_threshold,2026-05-15,1.0,2026-05-17T18:43:31Z,29991.9,-0.000314,-0.322338
ml_xgboost,ML – XGBoost,AAPL,xgboost,xgboost,xgboost,binary,binary-2026-05,D-ml_xgboost-c0f472966fc9,S-AAPL-xgboost-20240923-efe8aa,T-ml_xgboost-e45c138e5c81,BUY,2026-05-17T18:43:31Z,2024-09-23,2024-09-23,227.34,228.2,227.34,229.45,225.81,226.47,54146000,115.0,0.0,115.0,104274.31,78130.21,0.0,26144.1,131151.93,131051.88,0.2,0.0,0.1995,63.35,0.267,0.6335,0.55,56.02,0.7304,0.3054,0.425,231.5897,215.7703,223.68,223.68,222.3564,0.003974,0.028834,0.0442,,,,,prob_above_buy_threshold,prob_above_buy_threshold,2026-05-15,1.0,2026-05-17T18:43:31Z,29991.9,-0.000314,-0.322338
ml_xgboost,ML – XGBoost,MSFT,xgboost,xgboost,xgboost,binary,binary-2026-05,D-ml_xgboost-4f14d3e2e3e7,S-MSFT-xgboost-20241001-7d626d,T-ml_xgboost-1db9ad647de7,SELL,2026-05-17T18:43:31Z,2024-10-01,2024-10-01,428.45,430.3,428.45,428.48,418.81,420.69,19092900,62.0,62.0,0.0,78130.21,104694.11,26563.9,0.0,130227.14,130708.26,0.2,0.204,0.0,43.65,0.1271,0.4365,0.55,45.78,2.6393,3.1743,-0.535,446.2917,403.2993,424.7955,424.7955,419.329,-0.008462,-0.014215,0.026766,846.3,0.032907,48,True,prob_below_sell_threshold,prob_below_sell_threshold,2026-05-15,1.0,2026-05-17T18:43:31Z,30838.2,0.0,-0.322338
ml_xgboost,ML – XGBoost,AAPL,xgboost,xgboost,xgboost,binary,binary-2026-05,D-ml_xgboost-74def69c090a,S-AAPL-xgboost-20241007-397b37,T-ml_xgboost-231a8cf14891,SELL,2026-05-17T18:43:31Z,2024-10-07,2024-10-07,224.5,226.8,224.5,225.69,221.33,221.69,39505400,115.0,115.0,0.0,104694.11,130511.61,25817.5,0.0,130188.46,130511.61,0.2,0.1983,0.0,37.29,0.2542,0.3729,0.55,44.95,0.8436,1.2016,-0.358,232.8868,216.5712,224.729,224.729,222.7494,0.018404,0.043349,0.001443,-326.6,-0.012492,14,False,prob_below_sell_threshold,prob_below_sell_threshold,2026-05-15,1.0,2026-05-17T18:43:31Z,30511.6,-0.010591,-0.322338
ml_xgboost,ML – XGBoost,JPM,xgboost,xgboost,xgboost,binary,binary-2026-05,D-ml_xgboost-08b69b279df1,S-JPM-xgboost-20241008-d5b34f,T-ml_xgboost-769702110009,BUY,2026-05-17T18:43:31Z,2024-10-08,2024-10-08,210.58,210.93,210.58,211.33,208.38,210.75,6021800,123.0,0.0,123.0,130511.61,104610.27,0.0,25901.34,130511.61,130532.52,0.2,0.0,0.1984,57.81,0.1563,0.5781,0.55,50.77,-0.6235,-0.7832,0.1597,213.3925,204.7255,209.059,209.059,211.0182,0.012669,0.055231,0.050961,,,,,prob_above_buy_threshold,prob_above_buy_threshold,2026-05-15,1.0,2026-05-17T18:43:31Z,30511.6,-0.010591,-0.322338
ml_xgboost,ML – XGBoost,UNH,xgboost,xgboost,xgboost,binary,binary-2026-05,D-ml_xgboost-e40cfca42a9d,S-UNH-xgboost-20241011-155db2,T-ml_xgboost-cca782f35226,BUY,2026-05-17T18:43:31Z,2024-10-11,2024-10-11,596.49,597.7,596.49,601.52,596.2,598.05,1909700,44.0,0.0,44.0,104610.27,78364.71,0.0,26245.56,131951.94,132020.58,0.2,0.0,0.1988,59.28,0.1857,0.5928,0.55,61.55,3.2564,2.0381,1.2183,599.2659,568.5081,583.887,583.887,583.5964,0.01229,-0.047555,0.029697,,,,,prob_above_buy_threshold,prob_above_buy_threshold,2026-05-15,1.0,2026-05-17T18:43:31Z,30511.6,-0.010591,-0.322338
ml_xgboost,ML – XGBoost,AAPL,xgboost,xgboost,xgboost,binary,binary-2026-05,D-ml_xgboost-999cacc628d7,S-AAPL-xgboost-20241014-9bd481,T-ml_xgboost-beec5ea11997,BUY,2026-05-17T18:43:31Z,2024-10-14,2024-10-14,228.7,227.55,228.7,231.73,228.6,231.3,39882100,115.0,0.0,115.0,78364.71,52064.21,0.0,26300.5,132244.35,132543.35,0.2,0.0,0.1984,56.21,0.1243,0.5621,0.55,58.12,1.4113,1.1773,0.234,233.6872,219.6548,226.671,226.671,223.6666,0.011025,0.022395,-0.030566,,,,,prob_above_buy_threshold,prob_above_buy_threshold,2026-05-15,1.0,2026-05-17T18:43:31Z,30511.6,-0.010591,-0.322338
ml_xgboost,ML – XGBoost,UNH,xgboost,xgboost,xgboost,binary,binary-2026-05,D-ml_xgboost-db4cb95e5794,S-UNH-xgboost-20241015-bac190,T-ml_xgboost-9641e67238a0,SELL,2026-05-17T18:43:31Z,2024-10-15,2024-10-15,552.02,605.4,552.02,569.7,543.0,556.29,11939400,44.0,44.0,0.0,52064.21,76353.09,24288.88,0.0,130787.69,130599.81,0.2,0.1857,0.0,39.73,0.2054,0.3973,0.55,35.47,1.1725,2.2288,-1.0563,605.2626,561.9704,583.6165,583.6165,583.6344,0.027054,0.024394,0.104945,-1956.68,-0.074553,4,False,prob_below_sell_threshold,prob_below_sell_threshold,2026-05-15,1.0,2026-05-17T18:43:31Z,28554.92,-0.074041,-0.322338
ml_xgboost,ML – XGBoost,JNJ,xgboost,xgboost,xgboost,binary,binary-2026-05,D-ml_xgboost-a6b06caf8a22,S-JNJ-xgboost-20241015-660448,T-ml_xgboost-160e0a996e62,BUY,2026-05-17T18:43:31Z,2024-10-15,2024-10-15,160.0,161.6,160.0,166.75,159.0,164.1,10548000,163.0,0.0,163.0,76353.09,50273.09,0.0,26080.0,130787.69,131268.11,0.2,0.0,0.1987,55.68,0.1135,0.5568,0.55,59.22,-0.3641,-0.5015,0.1375,165.3863,158.4207,161.9035,161.9035,162.564,0.001097,-0.003961,-0.069836,,,,,prob_above_buy_threshold,prob_above_buy_threshold,2026-05-15,1.0,2026-05-17T18:43:31Z,28554.92,-0.074041,-0.322338
ml_xgboost,ML – XGBoost,MSFT,xgboost,xgboost,xgboost,binary,binary-2026-05,D-ml_xgboost-35efbbf43a4c,S-MSFT-xgboost-20241023-84943d,T-ml_xgboost-84102d3903ed,BUY,2026-05-17T18:43:31Z,2024-10-23,2024-10-23,430.86,427.51,430.86,431.08,422.53,424.6,19654400,60.0,0.0,60.0,50273.09,24421.49,0.0,25851.6,131325.1,130949.5,0.2,0.0,0.1974,62.21,0.2442,0.6221,0.55,54.91,-0.189,-1.0158,0.8269,430.8004,408.5686,419.6845,419.6845,420.3216,0.000306,0.018676,-0.021456,,,,,prob_above_buy_threshold,prob_above_buy_threshold,2026-05-15,1.0,2026-05-17T18:43:31Z,28554.92,-0.074041,-0.322338
ml_xgboost,ML – XGBoost,AAPL,xgboost,xgboost,xgboost,binary,binary-2026-05,D-ml_xgboost-6020a79cac67,S-AAPL-xgboost-20241025-2bf5d8,T-ml_xgboost-a15f539f0efd,SELL,2026-05-17T18:43:31Z,2024-10-25,2024-10-25,229.74,230.57,229.74,233.22,229.57,231.41,38802300,115.0,115.0,0.0,24421.49,50841.59,26420.1,0.0,130290.21,130098.16,0.2,0.2028,0.0,40.49,0.1902,0.4049,0.55,53.62,2.0401,2.148,-0.1079,237.6137,222.5073,230.0605,230.0605,226.8016,0.008599,-0.036731,-0.006655,119.6,0.004547,11,True,prob_below_sell_threshold,prob_below_sell_threshold,2026-05-15,1.0,2026-05-17T18:43:31Z,28674.52,-0.070162,-0.322338
ml_xgboost,ML – XGBoost,JNJ,xgboost,xgboost,xgboost,binary,binary-2026-05,D-ml_xgboost-edb27a4b29a8,S-JNJ-xgboost-20241029-cfd44a,T-ml_xgboost-add836db3028,SELL,2026-05-17T18:43:31Z,2024-10-29,2024-10-29,161.46,161.6,161.46,162.17,160.06,160.09,5216900,163.0,163.0,0.0,50841.59,77159.57,26317.98,0.0,130269.96,130493.27,0.2,0.202,0.0,34.82,0.3036,0.3482,0.55,42.02,-0.1168,0.1039,-0.2208,165.8987,158.2763,162.0875,162.0875,163.3376,0.003248,-0.010869,-0.034793,237.98,0.009125,14,True,prob_below_sell_threshold,prob_below_sell_threshold,2026-05-15,1.0,2026-05-17T18:43:31Z,28912.5,-0.062445,-0.322338
ml_xgboost,ML – XGBoost,JPM,xgboost,xgboost,xgboost,binary,binary-2026-05,D-ml_xgboost-562be385ccad,S-JPM-xgboost-20241031-3fe184,T-ml_xgboost-f1495b860278,SELL,2026-05-17T18:43:31Z,2024-10-31,2024-10-31,224.7,224.41,224.7,225.69,221.82,221.92,7829900,123.0,123.0,0.0,77159.57,104797.67,27638.1,0.0,128836.73,129178.67,0.2,0.2145,0.0,38.73,0.2255,0.3873,0.55,54.97,2.9728,3.1296,-0.1568,230.9322,210.1978,220.565,220.565,215.8852,0.004596,0.065159,0.12527,1736.76,0.067053,23,True,prob_below_sell_threshold,prob_below_sell_threshold,2026-05-15,1.0,2026-05-17T18:43:31Z,30649.26,-0.006127,-0.322338
ml_xgboost,ML – XGBoost,MSFT,xgboost,xgboost,xgboost,binary,binary-2026-05,D-ml_xgboost-4baa0e666d78,S-MSFT-xgboost-20241101-1f57a2,T-ml_xgboost-b55471bcab56,SELL,2026-05-17T18:43:31Z,2024-11-01,2024-11-01,409.01,406.35,409.01,415.5,407.5,410.37,24230400,60.0,60.0,0.0,104797.67,129338.27,24540.6,0.0,129419.87,129338.27,0.2,0.1896,0.0,34.91,0.3018,0.3491,0.55,40.66,-0.5008,0.3607,-0.8615,433.8204,405.6106,419.7155,419.7155,420.6874,-0.004654,0.029656,0.050223,-1311.0,-0.050712,9,False,prob_below_sell_threshold,prob_below_sell_threshold,2026-05-15,1.0,2026-05-17T18:43:31Z,29338.26,-0.048639,-0.322338
ml_xgboost,ML – XGBoost,JPM,xgboost,xgboost,xgboost,binary,binary-2026-05,D-ml_xgboost-caffdc02962e,S-JPM-xgboost-20241106-d19f42,T-ml_xgboost-50e898bc9ade,BUY,2026-05-17T18:43:31Z,2024-11-06,2024-11-06,235.0,221.49,235.0,248.0,234.77,247.06,23987800,110.0,0.0,110.0,129338.27,103488.27,0.0,25850.0,129338.27,130664.87,0.2,0.0,0.1978,74.03,0.4806,0.7403,0.55,76.5,3.9754,3.0068,0.9686,235.7123,211.9127,223.8125,223.8125,216.6248,-0.043228,-0.023881,-0.006395,,,,,prob_above_buy_threshold,prob_above_buy_threshold,2026-05-15,1.0,2026-05-17T18:43:31Z,29338.26,-0.048639,-0.322338
ml_xgboost,ML – XGBoost,UNH,xgboost,xgboost,xgboost,binary,binary-2026-05,D-ml_xgboost-314c3e593c49,S-UNH-xgboost-20241106-3fbdbc,T-ml_xgboost-9077d27ee7d8,BUY,2026-05-17T18:43:31Z,2024-11-06,2024-11-06,603.9,567.03,603.9,605.5,590.85,596.69,6591300,42.0,0.0,42.0,103488.27,78124.47,0.0,25363.8,129338.27,130362.05,0.2,0.0,0.1946,80.77,0.6154,0.8077,0.55,62.33,-2.2533,-4.2786,2.0253,600.6889,543.2751,571.982,571.982,581.0558,0.014681,0.015385,-0.029697,,,,,prob_above_buy_threshold,prob_above_buy_threshold,2026-05-15,1.0,2026-05-17T18:43:31Z,29338.26,-0.048639,-0.322338
ml_xgboost,ML – XGBoost,MSFT,xgboost,xgboost,xgboost,binary,binary-2026-05,D-ml_xgboost-44bd54e7e8a5,S-MSFT-xgboost-20241112-8e61c2,T-ml_xgboost-2e2d232d92af,BUY,2026-05-17T18:43:31Z,2024-11-12,2024-11-12,418.25,418.01,418.25,424.44,417.2,423.03,19401200,62.0,0.0,62.0,78124.47,52192.97,0.0,25931.5,130292.21,130588.57,0.2,0.0,0.1986,57.72,0.1545,0.5772,0.55,52.31,-0.3066,-0.5778,0.2712,435.1968,405.9702,420.5835,420.5835,421.3812,0.00513,-0.012387,0.061367,,,,,prob_above_buy_threshold,prob_above_buy_threshold,2026-05-15,1.0,2026-05-17T18:43:31Z,29338.26,-0.048639,-0.322338
ml_xgboost,ML – XGBoost,AAPL,xgboost,xgboost,xgboost,binary,binary-2026-05,D-ml_xgboost-1869d71bb45a,S-AAPL-xgboost-20241119-7e88e3,T-ml_xgboost-37eeae6da725,BUY,2026-05-17T18:43:31Z,2024-11-19,2024-11-19,226.98,228.02,226.98,230.16,226.66,228.28,36211800,113.0,0.0,113.0,52192.97,26544.23,0.0,25648.74,129069.85,129216.75,0.2,0.0,0.1985,58.08,0.1617,0.5808,0.55,51.99,-0.4853,-0.6204,0.1351,234.1711,220.2739,227.2225,227.2225,227.3448,0.003154,0.0297,0.086604,,,,,prob_above_buy_threshold,prob_above_buy_threshold,2026-05-15,1.0,2026-05-17T18:43:31Z,29338.26,-0.048639,-0.322338
ml_xgboost,ML – XGBoost,MSFT,xgboost,xgboost,xgboost,binary,binary-2026-05,D-ml_xgboost-03783a7b85f5,S-MSFT-xgboost-20241119-49a9d0,T-ml_xgboost-2fa9811a634f,SELL,2026-05-17T18:43:31Z,2024-11-19,2024-11-19,413.11,415.76,413.11,417.94,411.55,417.79,18133500,62.0,62.0,0.0,26544.23,52157.05,25612.82,0.0,129069.85,128926.59,0.2,0.1984,0.0,44.0,0.12,0.44,0.55,47.86,-0.5161,-0.2762,-0.2399,435.5736,405.9284,420.751,420.751,422.6158,-0.005505,0.024414,0.046914,-318.68,-0.012289,7,False,prob_below_sell_threshold,prob_below_sell_threshold,2026-05-15,1.0,2026-05-17T18:43:31Z,29019.58,-0.058973,-0.322338
ml_xgboost,ML – XGBoost,UNH,xgboost,xgboost,xgboost,binary,binary-2026-05,D-ml_xgboost-49f101b29124,S-UNH-xgboost-20241119-4ac2a0,T-ml_xgboost-8dafaf09277f,SELL,2026-05-17T18:43:31Z,2024-11-19,2024-11-19,582.72,589.65,582.72,586.84,576.77,577.0,3198300,42.0,42.0,0.0,52157.05,76631.29,24474.24,0.0,129069.85,129166.83,0.2,0.1896,0.0,40.68,0.1865,0.4068,0.55,45.46,4.5719,4.9363,-0.3644,625.402,539.895,582.6485,582.6485,582.264,0.040728,0.051629,-0.133934,-889.56,-0.035072,13,False,prob_below_sell_threshold,prob_below_sell_threshold,2026-05-15,1.0,2026-05-17T18:43:31Z,28130.02,-0.087819,-0.322338
ml_xgboost,ML – XGBoost,JNJ,xgboost,xgboost,xgboost,binary,binary-2026-05,D-ml_xgboost-fe6dc8aa4dcd,S-JNJ-xgboost-20241122-8b041a,T-ml_xgboost-c753e7bfb3ef,BUY,2026-05-17T18:43:31Z,2024-11-22,2024-11-22,155.9,155.5,155.9,157.12,154.11,155.17,8266000,166.0,0.0,166.0,76631.29,50751.89,0.0,25879.4,129947.1,129825.92,0.2,0.0,0.1993,62.78,0.2557,0.6278,0.55,43.4,-1.9666,-2.0567,0.0901,162.2677,150.4623,156.365,156.365,160.1998,0.003931,-0.002384,-0.063801,,,,,prob_above_buy_threshold,prob_above_buy_threshold,2026-05-15,1.0,2026-05-17T18:43:31Z,28130.02,-0.087819,-0.322338
ml_xgboost,ML – XGBoost,MSFT,xgboost,xgboost,xgboost,binary,binary-2026-05,D-ml_xgboost-da1ff93c19ae,S-MSFT-xgboost-20241126-f586af,T-ml_xgboost-bdd562b321d3,BUY,2026-05-17T18:43:31Z,2024-11-26,2024-11-26,419.59,418.79,419.59,429.04,418.85,427.99,23458900,62.0,0.0,62.0,50751.89,24737.31,0.0,26014.58,130460.69,130981.49,0.2,0.0,0.1986,59.07,0.1814,0.5907,0.55,57.48,-0.1877,-0.6472,0.4595,432.1031,405.0109,418.557,418.557,421.5162,-0.011683,0.022033,0.023645,,,,,prob_above_buy_threshold,prob_above_buy_threshold,2026-05-15,1.0,2026-05-17T18:43:31Z,28130.02,-0.087819,-0.322338
ml_xgboost,ML – XGBoost,UNH,xgboost,xgboost,xgboost,binary,binary-2026-05,D-ml_xgboost-85415ff9a705,S-UNH-xgboost-20241126-1658c7,T-ml_xgboost-2f39da011702,BUY,2026-05-17T18:43:31Z,2024-11-26,2024-11-26,608.24,605.83,608.24,608.47,598.88,606.79,2693600,40.0,0.0,40.0,24737.31,407.71,0.0,24329.6,130460.69,130923.49,0.2,0.0,0.1858,60.08,0.2016,0.6008,0.55,57.49,5.7313,5.0836,0.6476,630.1129,553.5941,591.8535,591.8535,583.5018,0.00262,0.006592,-0.157616,,,,,prob_above_buy_threshold,prob_above_buy_threshold,2026-05-15,1.0,2026-05-17T18:43:31Z,28130.02,-0.087819,-0.322338
ml_xgboost,ML – XGBoost,JPM,xgboost,xgboost,xgboost,binary,binary-2026-05,D-ml_xgboost-5a2633027911,S-JPM-xgboost-20241202-1ba838,T-ml_xgboost-00616448338f,SELL,2026-05-17T18:43:31Z,2024-12-02,2024-12-02,249.55,249.72,249.55,250.25,245.03,246.25,8899700,110.0,110.0,0.0,407.71,27858.21,27450.5,0.0,131327.24,131690.24,0.2,0.209,0.0,33.67,0.3266,0.3367,0.55,61.76,6.4229,6.589,-0.1661,258.3133,225.3977,241.8555,241.8555,227.1054,-0.005807,-0.009909,-0.026558,1600.5,0.061915,26,True,prob_below_sell_threshold,prob_below_sell_threshold,2026-05-15,1.0,2026-05-17T18:43:31Z,29730.52,-0.035919,-0.322338
ml_xgboost,ML – XGBoost,UNH,xgboost,xgboost,xgboost,binary,binary-2026-05,D-ml_xgboost-0d6a19bab291,S-UNH-xgboost-20241205-e8f17d,T-ml_xgboost-f3fb9b436ff9,SELL,2026-05-17T18:43:31Z,2024-12-05,2024-12-05,605.64,610.79,605.64,608.99,573.89,578.97,5943700,40.0,40.0,0.0,27858.21,52083.81,24225.6,0.0,130743.29,131810.09,0.2,0.1853,0.0,29.69,0.4061,0.2969,0.55,42.68,4.3888,5.8196,-1.4307,625.8906,578.3744,602.1325,602.1325,586.791,-0.050693,-0.109177,-0.112786,-104.0,-0.004275,9,False,prob_below_sell_threshold,prob_below_sell_threshold,2026-05-15,1.0,2026-05-17T18:43:31Z,29626.52,-0.039292,-0.322338
ml_xgboost,ML – XGBoost,JNJ,xgboost,xgboost,xgboost,binary,binary-2026-05,D-ml_xgboost-5a11a10fb6b7,S-JNJ-xgboost-20241206-712604,T-ml_xgboost-1e6090350c38,SELL,2026-05-17T18:43:31Z,2024-12-06,2024-12-06,149.39,149.52,149.39,150.05,148.38,149.31,8389600,166.0,166.0,0.0,52083.81,76882.55,24798.74,0.0,131811.53,131824.81,0.2,0.1881,0.0,40.4,0.1919,0.404,0.55,29.69,-2.0833,-1.7722,-0.3111,157.4584,149.6396,153.549,153.549,158.1996,0.001942,-0.018016,-0.020628,-1080.66,-0.041758,14,False,prob_below_sell_threshold,prob_below_sell_threshold,2026-05-15,1.0,2026-05-17T18:43:31Z,28545.86,-0.074334,-0.322338
ml_xgboost,ML – XGBoost,MSFT,xgboost,xgboost,xgboost,binary,binary-2026-05,D-ml_xgboost-143ffc1b1d79,S-MSFT-xgboost-20241219-448c99,T-ml_xgboost-015559b9a878,SELL,2026-05-17T18:43:31Z,2024-12-19,2024-12-19,441.62,437.39,441.62,443.18,436.32,437.03,22963700,62.0,62.0,0.0,76882.55,104262.99,27380.44,0.0,132204.68,132489.26,0.2,0.2071,0.0,38.36,0.2328,0.3836,0.55,51.43,6.1303,6.3976,-0.2673,460.532,411.921,436.2265,436.2265,426.4474,-0.000984,-0.014873,0.020983,1365.86,0.052504,23,True,prob_below_sell_threshold,prob_below_sell_threshold,2026-05-15,1.0,2026-05-17T18:43:31Z,29911.72,-0.030043,-0.322338
ml_xgboost,ML – XGBoost,JNJ,xgboost,xgboost,xgboost,binary,binary-2026-05,D-ml_xgboost-bf1b0f17e132,S-JNJ-xgboost-20241224-8b729f,T-ml_xgboost-b9fc4f0e8896,BUY,2026-05-17T18:43:31Z,2024-12-24,2024-12-24,145.0,145.27,145.0,145.85,144.33,145.85,3164100,184.0,0.0,184.0,104262.99,77582.99,0.0,26680.0,133439.59,133595.99,0.2,0.0,0.1997,59.88,0.1975,0.5988,0.55,37.69,-2.8803,-2.8832,0.003,156.4078,140.9822,148.695,148.695,154.6328,-0.001851,-0.012547,0.048269,,,,,prob_above_buy_threshold,prob_above_buy_threshold,2026-05-15,1.0,2026-05-17T18:43:31Z,29911.72,-0.030043,-0.322338
ml_xgboost,ML – XGBoost,UNH,xgboost,xgboost,xgboost,binary,binary-2026-05,D-ml_xgboost-94ea85f9cdf6,S-UNH-xgboost-20241227-e4010b,T-ml_xgboost-07ef16b885bc,BUY,2026-05-17T18:43:31Z,2024-12-27,2024-12-27,509.42,511.15,509.42,513.18,507.8,509.99,3471800,52.0,0.0,52.0,77582.99,51093.15,0.0,26489.84,133153.86,133183.5,0.2,0.0,0.1989,55.61,0.1122,0.5561,0.55,38.31,-22.22,-21.2278,-0.9922,624.3091,452.2519,538.2805,538.2805,566.1082,-0.004294,0.007216,0.055119,,,,,prob_above_buy_threshold,prob_above_buy_threshold,2026-05-15,1.0,2026-05-17T18:43:31Z,29911.72,-0.030043,-0.322338
ml_xgboost,ML – XGBoost,AAPL,xgboost,xgboost,xgboost,binary,binary-2026-05,D-ml_xgboost-5fef207c3df6,S-AAPL-xgboost-20241230-9a7e9c,T-ml_xgboost-d332ff0f8769,SELL,2026-05-17T18:43:31Z,2024-12-30,2024-12-30,252.23,255.59,252.23,253.5,250.75,252.2,35557500,113.0,113.0,0.0,51093.15,79595.14,28501.99,0.0,132371.91,132375.3,0.2,0.2153,0.0,40.25,0.195,0.4025,0.55,60.19,5.6595,5.6656,-0.0061,260.0885,238.4475,249.268,249.268,237.2946,-0.007058,-0.039611,-0.05793,2853.25,0.111243,41,True,prob_below_sell_threshold,prob_below_sell_threshold,2026-05-15,1.0,2026-05-17T18:43:31Z,32764.97,0.0,-0.322338
ml_xgboost,ML – XGBoost,JPM,xgboost,xgboost,xgboost,binary,binary-2026-05,D-ml_xgboost-f3060c99666f,S-JPM-xgboost-20250114-bb749d,T-ml_xgboost-9198a4482d76,BUY,2026-05-17T18:43:31Z,2025-01-14,2025-01-14,242.66,244.21,242.66,247.72,242.19,247.47,12407400,110.0,0.0,110.0,79595.14,52902.54,0.0,26692.6,134503.62,135032.72,0.2,0.0,0.1977,61.82,0.2365,0.6182,0.55,60.25,1.1437,0.6456,0.4981,247.6487,232.8343,240.2415,240.2415,240.7918,0.01972,0.062109,0.113064,,,,,prob_above_buy_threshold,prob_above_buy_threshold,2026-05-15,1.0,2026-05-17T18:43:31Z,32764.97,0.0,-0.322338
ml_xgboost,ML – XGBoost,MSFT,xgboost,xgboost,xgboost,binary,binary-2026-05,D-ml_xgboost-9956d596af42,S-MSFT-xgboost-20250121-00cfd0,T-ml_xgboost-963525791511,BUY,2026-05-17T18:43:31Z,2025-01-21,2025-01-21,430.2,429.03,430.2,430.9,425.6,428.5,26085700,63.0,0.0,63.0,52902.54,25799.94,0.0,27102.6,136394.92,136287.82,0.2,0.0,0.1989,58.74,0.1749,0.5874,0.55,50.73,-2.174,-2.4491,0.2751,441.135,412.877,427.006,427.006,429.0588,0.041307,0.043641,-0.032042,,,,,prob_above_buy_threshold,prob_above_buy_threshold,2026-05-15,1.0,2026-05-17T18:43:31Z,32764.97,0.0,-0.322338
ml_xgboost,ML – XGBoost,AAPL,xgboost,xgboost,xgboost,binary,binary-2026-05,D-ml_xgboost-6cf0a1a9c5f2,S-AAPL-xgboost-20250129-01068e,T-ml_xgboost-83e349c42970,BUY,2026-05-17T18:43:31Z,2025-01-29,2025-01-29,234.12,238.26,234.12,239.86,234.01,239.36,45486100,110.0,0.0,110.0,25799.94,46.74,0.0,25753.2,138783.32,139359.72,0.2,0.0,0.1848,63.2,0.264,0.632,0.55,53.42,-3.3245,-3.6402,0.3158,253.751,218.326,236.0385,236.0385,239.8206,-0.007395,-0.028785,-0.008606,,,,,prob_above_buy_threshold,prob_above_buy_threshold,2026-05-15,1.0,2026-05-17T18:43:31Z,32764.97,0.0,-0.322338
ml_xgboost,ML – XGBoost,MSFT,xgboost,xgboost,xgboost,binary,binary-2026-05,D-ml_xgboost-637d44a86edf,S-MSFT-xgboost-20250131-1bbc4e,T-ml_xgboost-cdfbe5b8c8a6,SELL,2026-05-17T18:43:31Z,2025-01-31,2025-01-31,418.98,414.99,418.98,420.69,414.91,415.06,34161900,63.0,63.0,0.0,46.74,26442.48,26395.74,0.0,137763.6,138010.56,0.2,0.1916,0.0,29.23,0.4153,0.2923,0.55,40.48,-0.3019,0.7749,-1.0768,450.3583,406.4467,428.4025,428.4025,431.3554,-0.009974,-0.012793,-0.064015,-706.86,-0.026081,10,False,prob_below_sell_threshold,prob_below_sell_threshold,2026-05-15,1.0,2026-05-17T18:43:31Z,32058.11,-0.021574,-0.322338
ml_xgboost,ML – XGBoost,JPM,xgboost,xgboost,xgboost,binary,binary-2026-05,D-ml_xgboost-58c06ffa8900,S-JPM-xgboost-20250205-56f063,T-ml_xgboost-826973714ee1,SELL,2026-05-17T18:43:31Z,2025-02-05,2025-02-05,268.91,267.94,268.91,270.64,268.33,270.43,5704400,110.0,110.0,0.0,26442.48,56022.58,29580.1,0.0,138294.56,138127.36,0.2,0.2139,0.0,42.47,0.1507,0.4247,0.55,75.78,6.8419,6.4141,0.4278,279.0104,239.0466,259.0285,259.0285,249.1934,0.023925,0.018563,-0.088341,2887.5,0.108176,22,True,prob_below_sell_threshold,prob_below_sell_threshold,2026-05-15,1.0,2026-05-17T18:43:31Z,34945.61,0.0,-0.322338
ml_xgboost,ML – XGBoost,UNH,xgboost,xgboost,xgboost,binary,binary-2026-05,D-ml_xgboost-2211ae3c73f1,S-UNH-xgboost-20250212-1b355c,T-ml_xgboost-dbbbd57d3192,SELL,2026-05-17T18:43:31Z,2025-02-12,2025-02-12,539.85,533.92,539.85,542.35,525.51,527.4,3859200,52.0,52.0,0.0,56022.58,84094.78,28072.2,0.0,138070.92,138718.32,0.2,0.2033,0.0,44.01,0.1199,0.4401,0.55,46.34,0.5303,1.2738,-0.7435,555.2324,511.5796,533.406,533.406,532.4582,0.007167,-0.047364,-0.086993,1582.36,0.059735,47,True,prob_below_sell_threshold,prob_below_sell_threshold,2026-05-15,1.0,2026-05-17T18:43:31Z,36527.97,0.0,-0.322338
ml_xgboost,ML – XGBoost,MSFT,xgboost,xgboost,xgboost,binary,binary-2026-05,D-ml_xgboost-451550d3f330,S-MSFT-xgboost-20250220-c51869,T-ml_xgboost-53dc883ba7bf,BUY,2026-05-17T18:43:31Z,2025-02-20,2025-02-20,415.29,414.77,415.29,419.31,412.54,416.13,23508700,67.0,0.0,67.0,84094.78,56270.35,0.0,27824.43,140517.2,140573.48,0.2,0.0,0.1979,56.58,0.1316,0.5658,0.55,47.05,-4.6497,-4.7647,0.1149,447.267,392.66,419.9635,419.9635,428.1554,-0.019033,-0.056713,-0.070387,,,,,prob_above_buy_threshold,prob_above_buy_threshold,2026-05-15,1.0,2026-05-17T18:43:31Z,36527.97,0.0,-0.322338
ml_xgboost,ML – XGBoost,MSFT,xgboost,xgboost,xgboost,binary,binary-2026-05,D-ml_xgboost-ff633fe81879,S-MSFT-xgboost-20250226-16e342,T-ml_xgboost-74569cac6e6a,SELL,2026-05-17T18:43:31Z,2025-02-26,2025-02-26,398.01,397.9,398.01,403.6,394.25,399.73,19619000,67.0,67.0,0.0,56270.35,82937.02,26666.67,0.0,139498.58,139383.34,0.2,0.1912,0.0,40.49,0.1901,0.4049,0.55,36.11,-6.2683,-5.3032,-0.9651,428.813,394.845,411.829,411.829,424.714,-0.018012,0.003227,-0.024417,-1157.76,-0.041609,6,False,prob_below_sell_threshold,prob_below_sell_threshold,2026-05-15,1.0,2026-05-17T18:43:31Z,35370.21,-0.031695,-0.322338
ml_xgboost,ML – XGBoost,AAPL,xgboost,xgboost,xgboost,binary,binary-2026-05,D-ml_xgboost-39ad9713161a,S-AAPL-xgboost-20250303-945261,T-ml_xgboost-90ff7391a6b4,SELL,2026-05-17T18:43:31Z,2025-03-03,2025-03-03,241.79,241.84,241.79,244.03,236.11,238.03,47184000,110.0,110.0,0.0,82937.02,109533.92,26596.9,0.0,139899.84,140313.44,0.2,0.1901,0.0,44.02,0.1196,0.4402,0.55,48.33,1.4565,1.5781,-0.1216,251.6735,225.3055,238.4895,238.4895,239.9608,-0.008822,-0.044322,-0.066798,843.7,0.032761,33,True,prob_below_sell_threshold,prob_below_sell_threshold,2026-05-15,1.0,2026-05-17T18:43:31Z,36213.91,-0.008598,-0.322338
ml_xgboost,ML – XGBoost,UNH,xgboost,xgboost,xgboost,binary,binary-2026-05,D-ml_xgboost-70994c5478ab,S-UNH-xgboost-20250306-d3d60c,T-ml_xgboost-ecaa80bc27a9,BUY,2026-05-17T18:43:31Z,2025-03-06,2025-03-06,476.0,475.98,476.0,488.12,472.0,487.72,4964000,58.0,0.0,58.0,109533.92,81925.92,0.0,27608.0,140046.64,140726.4,0.2,0.0,0.1962,57.36,0.1473,0.5736,0.55,45.05,-14.7017,-14.436,-0.2657,551.2541,441.8889,496.5715,496.5715,513.4136,0.01181,-0.012712,0.108095,,,,,prob_above_buy_threshold,prob_above_buy_threshold,2026-05-15,1.0,2026-05-17T18:43:31Z,36213.91,-0.008598,-0.322338
ml_xgboost,ML – XGBoost,JNJ,xgboost,xgboost,xgboost,binary,binary-2026-05,D-ml_xgboost-640f4232e39d,S-JNJ-xgboost-20250310-3691ed,T-ml_xgboost-59a4ed531bb5,SELL,2026-05-17T18:43:31Z,2025-03-10,2025-03-10,167.48,166.69,167.48,169.9,167.05,167.7,17559000,184.0,184.0,0.0,81925.92,112742.24,30816.32,0.0,140635.48,140595.0,0.2,0.2191,0.0,42.09,0.1581,0.4209,0.55,69.87,3.9312,3.7896,0.1416,170.821,152.538,161.6795,161.6795,153.249,-0.010972,-0.02898,-0.101849,4136.32,0.155034,76,True,prob_below_sell_threshold,prob_below_sell_threshold,2026-05-15,1.0,2026-05-17T18:43:31Z,40350.23,0.0,-0.322338
ml_xgboost,ML – XGBoost,MSFT,xgboost,xgboost,xgboost,binary,binary-2026-05,D-ml_xgboost-4ae32e5ef28a,S-MSFT-xgboost-20250317-1660e6,T-ml_xgboost-2ebf80737887,BUY,2026-05-17T18:43:31Z,2025-03-17,2025-03-17,386.7,388.56,386.7,392.71,385.57,388.7,22474300,73.0,0.0,73.0,112742.24,84513.14,0.0,28229.1,141685.4,141831.4,0.2,0.0,0.199,60.66,0.2131,0.6066,0.55,42.37,-8.255,-8.3386,0.0836,417.2454,373.5676,395.4065,395.4065,411.8,-0.013327,0.011268,-0.00229,,,,,prob_above_buy_threshold,prob_above_buy_threshold,2026-05-15,1.0,2026-05-17T18:43:31Z,40350.23,0.0,-0.322338
ml_xgboost,ML – XGBoost,JPM,xgboost,xgboost,xgboost,binary,binary-2026-05,D-ml_xgboost-80ad9b33503f,S-JPM-xgboost-20250320-1e554e,T-ml_xgboost-bed320b4ce2e,BUY,2026-05-17T18:43:31Z,2025-03-20,2025-03-20,236.56,239.11,236.56,241.76,236.2,239.01,8328500,120.0,0.0,120.0,84513.14,56125.94,0.0,28387.2,142407.86,142701.86,0.2,0.0,0.1989,58.25,0.165,0.5825,0.55,40.68,-7.6052,-7.25,-0.3552,271.7374,219.3226,245.53,245.53,256.8852,0.010962,0.038116,-0.029497,,,,,prob_above_buy_threshold,prob_above_buy_threshold,2026-05-15,1.0,2026-05-17T18:43:31Z,40350.23,0.0,-0.322338
ml_xgboost,ML – XGBoost,AAPL,xgboost,xgboost,xgboost,binary,binary-2026-05,D-ml_xgboost-ec17caff3634,S-AAPL-xgboost-20250325-354545,T-ml_xgboost-fa3281d9c795,BUY,2026-05-17T18:43:31Z,2025-03-25,2025-03-25,220.77,220.73,220.77,224.1,220.08,223.75,34493600,131.0,0.0,131.0,56125.94,27205.07,0.0,28920.87,144887.16,145277.54,0.2,0.0,0.1991,60.85,0.217,0.6085,0.55,47.15,-5.1775,-5.2824,0.105,247.3638,203.7212,225.5425,225.5425,231.2176,-0.009922,-0.002503,-0.085587,,,,,prob_above_buy_threshold,prob_above_buy_threshold,2026-05-15,1.0,2026-05-17T18:43:31Z,40350.23,0.0,-0.322338
ml_xgboost,ML – XGBoost,AAPL,xgboost,xgboost,xgboost,binary,binary-2026-05,D-ml_xgboost-2e86ece5b065,S-AAPL-xgboost-20250404-65e057,T-ml_xgboost-5717139cdbce,SELL,2026-05-17T18:43:31Z,2025-04-04,2025-04-04,193.89,203.19,193.89,199.88,187.34,188.38,125910900,131.0,131.0,0.0,27205.07,52604.66,25399.59,0.0,133837.67,134559.47,0.2,0.1898,0.0,21.42,0.5717,0.2142,0.55,25.18,-6.1788,-4.439,-1.7398,233.753,199.378,216.5655,216.5655,229.0204,-0.036734,0.051863,0.055791,-3521.28,-0.121756,10,False,prob_below_sell_threshold,prob_below_sell_threshold,2026-05-15,1.0,2026-05-17T18:43:31Z,36828.95,-0.087268,-0.322338
ml_xgboost,ML – XGBoost,MSFT,xgboost,xgboost,xgboost,binary,binary-2026-05,D-ml_xgboost-3e4bfa4f41d4,S-MSFT-xgboost-20250404-12e8b2,T-ml_xgboost-c72ef0a0bed8,SELL,2026-05-17T18:43:31Z,2025-04-04,2025-04-04,364.13,373.11,364.13,374.59,359.48,359.84,49209900,73.0,73.0,0.0,52604.66,79186.15,26581.49,0.0,133837.67,134872.65,0.2,0.1986,0.0,29.16,0.4168,0.2916,0.55,29.81,-7.2141,-5.8253,-1.3889,399.383,367.578,383.4805,383.4805,399.797,-0.005502,0.079508,0.212122,-1647.61,-0.058366,18,False,prob_below_sell_threshold,prob_below_sell_threshold,2026-05-15,1.0,2026-05-17T18:43:31Z,35181.34,-0.128101,-0.322338
ml_xgboost,ML – XGBoost,JPM,xgboost,xgboost,xgboost,binary,binary-2026-05,D-ml_xgboost-a33a51bd8670,S-JPM-xgboost-20250404-eb2abf,T-ml_xgboost-8227669ecdac,SELL,2026-05-17T18:43:31Z,2025-04-04,2025-04-04,215.31,228.69,215.31,217.7,208.93,210.28,27170700,120.0,120.0,0.0,79186.15,105023.35,25837.2,0.0,133837.67,135476.25,0.2,0.193,0.0,26.75,0.4649,0.2675,0.55,25.51,-5.4066,-3.7988,-1.6078,257.606,217.442,237.524,237.524,254.5076,0.019783,0.123264,0.201065,-2550.0,-0.089829,15,False,prob_below_sell_threshold,prob_below_sell_threshold,2026-05-15,1.0,2026-05-17T18:43:31Z,32631.34,-0.191297,-0.322338
ml_xgboost,ML – XGBoost,MSFT,xgboost,xgboost,xgboost,binary,binary-2026-05,D-ml_xgboost-64c3215f7004,S-MSFT-xgboost-20250410-84c31d,T-ml_xgboost-f45e0c7585cf,BUY,2026-05-17T18:43:31Z,2025-04-10,2025-04-10,382.06,390.49,382.06,383.9,367.8,381.35,38024400,73.0,0.0,73.0,105023.35,77132.97,0.0,27890.38,139498.55,139446.72,0.2,0.0,0.2,65.59,0.3119,0.6559,0.55,48.86,-6.445,-6.951,0.506,404.7765,358.3455,381.561,381.561,394.1192,0.018618,-0.035584,0.150465,,,,,prob_above_buy_threshold,prob_above_buy_threshold,2026-05-15,1.0,2026-05-17T18:43:31Z,32631.34,-0.191297,-0.322338
ml_xgboost,ML – XGBoost,JPM,xgboost,xgboost,xgboost,binary,binary-2026-05,D-ml_xgboost-3e056bcf02e2,S-JPM-xgboost-20250411-be633c,T-ml_xgboost-26cdc5a5409b,BUY,2026-05-17T18:43:31Z,2025-04-11,2025-04-11,226.31,227.11,226.31,238.58,225.0,236.2,20284500,123.0,0.0,123.0,77132.97,49296.84,0.0,27836.13,140259.08,141475.55,0.2,0.0,0.1968,64.5,0.2901,0.645,0.55,48.98,-5.7592,-5.6809,-0.0782,259.9133,213.3417,236.6275,236.6275,250.434,-0.006266,-0.030525,0.100974,,,,,prob_above_buy_threshold,prob_above_buy_threshold,2026-05-15,1.0,2026-05-17T18:43:31Z,32631.34,-0.191297,-0.322338
ml_xgboost,ML – XGBoost,AAPL,xgboost,xgboost,xgboost,binary,binary-2026-05,D-ml_xgboost-0d94a960dea3,S-AAPL-xgboost-20250415-2d55d9,T-ml_xgboost-2704967b5da1,BUY,2026-05-17T18:43:31Z,2025-04-15,2025-04-15,201.86,202.52,201.86,203.51,199.8,202.14,51343900,138.0,0.0,138.0,49296.84,21440.16,0.0,27856.68,139978.34,140016.98,0.2,0.0,0.199,75.02,0.5005,0.7502,0.55,45.48,-8.2193,-8.3218,0.1025,238.9364,177.2746,208.1055,208.1055,223.3024,-0.038933,0.01217,0.050411,,,,,prob_above_buy_threshold,prob_above_buy_threshold,2026-05-15,1.0,2026-05-17T18:43:31Z,32631.34,-0.191297,-0.322338
ml_xgboost,ML – XGBoost,UNH,xgboost,xgboost,xgboost,binary,binary-2026-05,D-ml_xgboost-673b740d39d6,S-UNH-xgboost-20250417-299a89,T-ml_xgboost-caa647465f44,SELL,2026-05-17T18:43:31Z,2025-04-17,2025-04-17,481.95,585.04,481.95,489.79,447.1,454.11,29120200,58.0,58.0,0.0,21440.16,49393.26,27953.1,0.0,130340.8,131955.52,0.2,0.2145,0.0,14.24,0.7152,0.1424,0.55,31.88,12.1761,16.0844,-3.9083,612.2607,466.9643,539.6125,539.6125,513.0404,-0.063377,-0.078109,-0.357182,345.1,0.0125,42,True,prob_below_sell_threshold,prob_below_sell_threshold,2026-05-15,1.0,2026-05-17T18:43:31Z,32976.44,-0.182745,-0.322338
ml_xgboost,ML – XGBoost,JNJ,xgboost,xgboost,xgboost,binary,binary-2026-05,D-ml_xgboost-9174cc377fa3,S-JNJ-xgboost-20250417-ff9c8f,T-ml_xgboost-66c8ff017344,BUY,2026-05-17T18:43:31Z,2025-04-17,2025-04-17,154.16,153.91,154.16,159.44,154.16,157.47,10981100,169.0,0.0,169.0,49393.26,23340.22,0.0,26053.04,130340.8,132514.91,0.2,0.0,0.1966,59.54,0.1909,0.5954,0.55,51.19,-1.9797,-2.0599,0.0803,167.4605,146.0775,156.769,156.769,159.6642,-0.003493,-0.018353,-0.038992,,,,,prob_above_buy_threshold,prob_above_buy_threshold,2026-05-15,1.0,2026-05-17T18:43:31Z,32976.44,-0.182745,-0.322338
ml_xgboost,ML – XGBoost,MSFT,xgboost,xgboost,xgboost,binary,binary-2026-05,D-ml_xgboost-3dc5cf4fe6f8,S-MSFT-xgboost-20250421-457520,T-ml_xgboost-4452201289d5,SELL,2026-05-17T18:43:31Z,2025-04-21,2025-04-21,362.82,367.78,362.82,364.48,355.67,359.12,20807300,73.0,73.0,0.0,23340.22,49826.08,26485.86,0.0,130897.31,131167.41,0.2,0.2023,0.0,40.75,0.185,0.4075,0.55,38.04,-5.4474,-5.0348,-0.4126,403.1797,353.3223,378.251,378.251,389.6802,0.021441,0.089218,0.277762,-1404.52,-0.050359,11,False,prob_below_sell_threshold,prob_below_sell_threshold,2026-05-15,1.0,2026-05-17T18:43:31Z,31571.92,-0.217553,-0.322338
ml_xgboost,ML – XGBoost,MSFT,xgboost,xgboost,xgboost,binary,binary-2026-05,D-ml_xgboost-02b3a459e387,S-MSFT-xgboost-20250424-525844,T-ml_xgboost-3f53bdc6cea8,BUY,2026-05-17T18:43:31Z,2025-04-24,2025-04-24,375.7,374.39,375.7,388.45,375.19,387.3,22232300,71.0,0.0,71.0,49826.08,23151.38,0.0,26674.7,134855.03,135678.62,0.2,0.0,0.1966,78.38,0.5677,0.7838,0.55,53.88,-3.7122,-4.8763,1.1641,398.4288,353.1032,375.766,375.766,387.5822,0.011748,0.098373,0.174438,,,,,prob_above_buy_threshold,prob_above_buy_threshold,2026-05-15,1.0,2026-05-17T18:43:31Z,31571.92,-0.217553,-0.322338
ml_xgboost,ML – XGBoost,AAPL,xgboost,xgboost,xgboost,binary,binary-2026-05,D-ml_xgboost-15c2f85cb3ac,S-AAPL-xgboost-20250508-6d534e,T-ml_xgboost-af34d998b9ff,SELL,2026-05-17T18:43:31Z,2025-05-08,2025-05-08,197.72,196.25,197.72,200.05,194.68,197.49,50478900,138.0,138.0,0.0,23151.38,50436.74,27285.36,0.0,138998.42,139030.16,0.2,0.1963,0.0,44.41,0.1118,0.4441,0.55,42.76,-2.5738,-2.454,-0.1198,215.5299,188.7991,202.1645,202.1645,211.8114,0.005266,0.070687,0.032559,-571.32,-0.020509,23,False,prob_below_sell_threshold,prob_below_sell_threshold,2026-05-15,1.0,2026-05-17T18:43:31Z,31000.6,-0.231712,-0.322338
ml_xgboost,ML – XGBoost,AAPL,xgboost,xgboost,xgboost,binary,binary-2026-05,D-ml_xgboost-e1a79bd49741,S-AAPL-xgboost-20250512-45c5da,T-ml_xgboost-b42b3d6c66ac,BUY,2026-05-17T18:43:31Z,2025-05-12,2025-05-12,210.97,198.53,210.97,211.27,206.75,210.79,63775800,133.0,0.0,133.0,50436.74,22377.73,0.0,28059.01,140370.01,140346.06,0.2,0.0,0.1999,64.74,0.2947,0.6474,0.55,54.92,-1.7641,-2.353,0.5889,215.8921,190.5119,203.202,203.202,210.415,0.010152,-0.009536,-0.038522,,,,,prob_above_buy_threshold,prob_above_buy_threshold,2026-05-15,1.0,2026-05-17T18:43:31Z,31000.6,-0.231712,-0.322338
ml_xgboost,ML – XGBoost,JNJ,xgboost,xgboost,xgboost,binary,binary-2026-05,D-ml_xgboost-c84944e592dc,S-JNJ-xgboost-20250513-15df27,T-ml_xgboost-cf50a1522a41,SELL,2026-05-17T18:43:31Z,2025-05-13,2025-05-13,151.7,154.14,151.7,151.7,148.08,148.44,10549600,169.0,169.0,0.0,22377.73,48015.03,25637.3,0.0,140022.95,140573.89,0.2,0.1831,0.0,42.42,0.1516,0.4242,0.55,35.07,-1.0762,-0.7635,-0.3127,158.9746,151.2194,155.097,155.097,158.2138,-0.014012,0.035166,0.045944,-415.74,-0.015957,26,False,prob_below_sell_threshold,prob_below_sell_threshold,2026-05-15,1.0,2026-05-17T18:43:31Z,30584.86,-0.242015,-0.322338
ml_xgboost,ML – XGBoost,JNJ,xgboost,xgboost,xgboost,binary,binary-2026-05,D-ml_xgboost-c3581b29fd5a,S-JNJ-xgboost-20250521-8547ea,T-ml_xgboost-e4f9c008a2dc,BUY,2026-05-17T18:43:31Z,2025-05-21,2025-05-21,153.19,153.66,153.19,154.43,153.0,153.18,7032200,181.0,0.0,181.0,48015.03,20287.64,0.0,27727.39,139133.39,139131.58,0.2,0.0,0.1993,61.34,0.2268,0.6134,0.55,48.39,-1.1972,-1.2843,0.087,159.1221,148.2299,153.676,153.676,156.414,-0.003721,0.002611,-0.022131,,,,,prob_above_buy_threshold,prob_above_buy_threshold,2026-05-15,1.0,2026-05-17T18:43:31Z,30584.86,-0.242015,-0.322338
ml_xgboost,ML – XGBoost,MSFT,xgboost,xgboost,xgboost,binary,binary-2026-05,D-ml_xgboost-858a1074d54a,S-MSFT-xgboost-20250522-58d5e7,T-ml_xgboost-d3161a75f780,SELL,2026-05-17T18:43:31Z,2025-05-22,2025-05-22,454.95,452.57,454.95,460.25,453.9,454.86,18025600,71.0,71.0,0.0,20287.64,52589.09,32301.45,0.0,139048.4,139054.79,0.2,0.2323,0.0,41.08,0.1784,0.4108,0.55,72.0,17.318,16.6909,0.627,480.3993,389.1937,434.7965,434.7965,401.8986,-0.010289,0.012092,0.068461,5626.75,0.21094,28,True,prob_below_sell_threshold,prob_below_sell_threshold,2026-05-15,1.0,2026-05-17T18:43:31Z,36211.61,-0.102567,-0.322338
ml_xgboost,ML – XGBoost,JPM,xgboost,xgboost,xgboost,binary,binary-2026-05,D-ml_xgboost-6b61ae43581f,S-JPM-xgboost-20250522-86a249,T-ml_xgboost-73937e625dab,SELL,2026-05-17T18:43:31Z,2025-05-22,2025-05-22,259.44,261.04,259.44,262.3,258.87,260.67,6514100,123.0,123.0,0.0,52589.09,84500.21,31911.12,0.0,139048.4,138903.5,0.2,0.2295,0.0,42.93,0.1415,0.4293,0.55,59.79,6.2834,6.007,0.2763,272.3502,238.5678,255.459,255.459,243.5776,0.000153,0.012775,0.067518,4074.99,0.146392,41,True,prob_below_sell_threshold,prob_below_sell_threshold,2026-05-15,1.0,2026-05-17T18:43:31Z,40286.6,-0.001577,-0.322338
ml_xgboost,ML – XGBoost,UNH,xgboost,xgboost,xgboost,binary,binary-2026-05,D-ml_xgboost-b997cf3c206c,S-UNH-xgboost-20250522-79c1d5,T-ml_xgboost-6878c75c707b,BUY,2026-05-17T18:43:31Z,2025-05-22,2025-05-22,293.89,302.98,293.89,305.67,292.5,296.67,27159600,94.0,0.0,94.0,84500.21,56874.55,0.0,27625.66,139048.4,139164.82,0.2,0.0,0.1985,67.39,0.3479,0.6739,0.55,27.23,-46.9569,-44.5494,-2.4075,459.5482,262.2518,360.9,360.9,454.0492,-0.003708,0.017663,0.013517,,,,,prob_above_buy_threshold,prob_above_buy_threshold,2026-05-15,1.0,2026-05-17T18:43:31Z,40286.6,-0.001577,-0.322338
ml_xgboost,ML – XGBoost,AAPL,xgboost,xgboost,xgboost,binary,binary-2026-05,D-ml_xgboost-d02c3c2e2179,S-AAPL-xgboost-20250523-ebf48a,T-ml_xgboost-493955b71e3d,SELL,2026-05-17T18:43:31Z,2025-05-23,2025-05-23,193.67,201.36,193.67,197.7,193.46,195.27,78432900,133.0,133.0,0.0,56874.55,82632.65,25758.11,0.0,138311.18,138098.38,0.2,0.1862,0.0,35.54,0.2892,0.3554,0.55,38.66,-1.1403,-0.4438,-0.6965,218.4004,193.1306,205.7655,205.7655,206.48,0.025298,0.032929,0.025759,-2300.9,-0.082002,11,False,prob_below_sell_threshold,prob_below_sell_threshold,2026-05-15,1.0,2026-05-17T18:43:31Z,37985.7,-0.0586,-0.322338
ml_xgboost,ML – XGBoost,AAPL,xgboost,xgboost,xgboost,binary,binary-2026-05,D-ml_xgboost-ea55fbc19508,S-AAPL-xgboost-20250609-c282e3,T-ml_xgboost-29447914a2f5,BUY,2026-05-17T18:43:31Z,2025-06-09,2025-06-09,204.39,203.92,204.39,206.0,200.02,201.45,72862600,136.0,0.0,136.0,82632.65,54835.62,0.0,27797.04,139229.14,138829.3,0.2,0.0,0.2002,55.18,0.1037,0.5518,0.55,46.96,-1.0892,-1.2076,0.1184,214.3811,194.4529,204.417,204.417,203.2314,0.006056,-0.015041,0.048101,,,,,prob_above_buy_threshold,prob_above_buy_threshold,2026-05-15,1.0,2026-05-17T18:43:31Z,37985.7,-0.0586,-0.322338
ml_xgboost,ML – XGBoost,AAPL,xgboost,xgboost,xgboost,binary,binary-2026-05,D-ml_xgboost-91eeb232f1c6,S-AAPL-xgboost-20250613-354852,T-ml_xgboost-6d7fe939960d,SELL,2026-05-17T18:43:31Z,2025-06-13,2025-06-13,199.73,199.2,199.73,200.37,195.7,196.45,51447300,136.0,136.0,0.0,54835.62,81998.89,27163.28,0.0,139459.74,139905.82,0.2,0.1948,0.0,43.96,0.1208,0.4396,0.55,40.72,-1.6097,-1.2792,-0.3305,209.2422,194.5518,201.897,201.897,201.4312,0.010028,0.025706,0.064444,-633.76,-0.0228,4,False,prob_below_sell_threshold,prob_below_sell_threshold,2026-05-15,1.0,2026-05-17T18:43:31Z,37351.94,-0.074307,-0.322338
ml_xgboost,ML – XGBoost,JNJ,xgboost,xgboost,xgboost,binary,binary-2026-05,D-ml_xgboost-fc29155d5b38,S-JNJ-xgboost-20250618-ead5ae,T-ml_xgboost-9518eff2e924,SELL,2026-05-17T18:43:31Z,2025-06-18,2025-06-18,152.57,152.38,152.57,152.65,150.71,150.73,8325200,181.0,181.0,0.0,81998.89,109614.07,27615.17,0.0,138157.82,138490.87,0.2,0.1999,0.0,41.7,0.1659,0.417,0.55,39.82,-0.0608,0.1712,-0.2321,157.4269,150.9691,154.198,154.198,153.902,-0.006236,0.008492,0.086048,-112.22,-0.004047,28,False,prob_below_sell_threshold,prob_below_sell_threshold,2026-05-15,1.0,2026-05-17T18:43:31Z,37239.72,-0.077088,-0.322338
ml_xgboost,ML – XGBoost,AAPL,xgboost,xgboost,xgboost,binary,binary-2026-05,D-ml_xgboost-392b18b64507,S-AAPL-xgboost-20250623-db54fe,T-ml_xgboost-0392c9119941,BUY,2026-05-17T18:43:31Z,2025-06-23,2025-06-23,201.63,201.0,201.63,202.3,198.96,201.5,55814300,136.0,0.0,136.0,109614.07,82192.39,0.0,27421.68,137877.99,137860.3,0.2,0.0,0.1989,57.15,0.1429,0.5715,0.55,50.39,-1.4211,-1.5684,0.1472,204.956,195.117,200.0365,200.0365,202.408,-0.005955,0.018213,0.06402,,,,,prob_above_buy_threshold,prob_above_buy_threshold,2026-05-15,1.0,2026-05-17T18:43:31Z,37239.72,-0.077088,-0.322338
ml_xgboost,ML – XGBoost,JPM,xgboost,xgboost,xgboost,binary,binary-2026-05,D-ml_xgboost-55b8e41ff944,S-JPM-xgboost-20250624-6e5cd0,T-ml_xgboost-619652bc43a6,BUY,2026-05-17T18:43:31Z,2025-06-24,2025-06-24,280.21,278.27,280.21,282.71,279.51,281.26,9267900,98.0,0.0,98.0,82192.39,54731.81,0.0,27460.58,138161.47,138264.37,0.2,0.0,0.1986,55.07,0.1015,0.5507,0.55,73.99,5.2446,4.4399,0.8048,278.3591,258.1439,268.2515,268.2515,257.0128,0.009955,0.032532,0.055109,,,,,prob_above_buy_threshold,prob_above_buy_threshold,2026-05-15,1.0,2026-05-17T18:43:31Z,37239.72,-0.077088,-0.322338
ml_xgboost,ML – XGBoost,JNJ,xgboost,xgboost,xgboost,binary,binary-2026-05,D-ml_xgboost-7ed73f90c999,S-JNJ-xgboost-20250702-e6b1c1,T-ml_xgboost-6e3c6e1052c1,BUY,2026-05-17T18:43:31Z,2025-07-02,2025-07-02,156.0,155.92,156.0,156.3,155.07,155.56,5544000,180.0,0.0,180.0,54731.81,26651.81,0.0,28080.0,141150.29,141071.09,0.2,0.0,0.199,64.8,0.296,0.648,0.55,56.62,-0.0524,-0.3198,0.2673,157.9184,149.5986,153.7585,153.7585,153.8332,0.002893,0.013692,0.059013,,,,,prob_above_buy_threshold,prob_above_buy_threshold,2026-05-15,1.0,2026-05-17T18:43:31Z,37239.72,-0.077088,-0.322338
ml_xgboost,ML – XGBoost,JPM,xgboost,xgboost,xgboost,binary,binary-2026-05,D-ml_xgboost-f554b809914a,S-JPM-xgboost-20250709-e6a874,T-ml_xgboost-76dc879804f3,SELL,2026-05-17T18:43:31Z,2025-07-09,2025-07-09,287.18,282.78,287.18,287.2,282.48,283.16,11273800,98.0,98.0,0.0,26651.81,54795.45,28143.64,0.0,139720.47,140114.43,0.2,0.2014,0.0,30.56,0.3888,0.3056,0.55,56.95,6.7202,7.1577,-0.4375,299.2713,261.1747,280.223,280.223,267.5504,0.017764,0.009394,0.028924,683.06,0.024874,15,True,prob_below_sell_threshold,prob_below_sell_threshold,2026-05-15,1.0,2026-05-17T18:43:31Z,37922.78,-0.06016,-0.322338
ml_xgboost,ML – XGBoost,AAPL,xgboost,xgboost,xgboost,binary,binary-2026-05,D-ml_xgboost-899220f2e5c9,S-AAPL-xgboost-20250729-fb4cc6,T-ml_xgboost-e02537e287c1,SELL,2026-05-17T18:43:31Z,2025-07-29,2025-07-29,214.18,214.05,214.18,214.81,210.82,211.27,51411700,136.0,136.0,0.0,54795.45,83923.92,29128.48,0.0,138328.55,138724.31,0.2,0.2106,0.0,40.11,0.1979,0.4011,0.55,54.51,2.318,2.4073,-0.0893,215.4772,207.6788,211.578,211.578,205.435,-0.010508,-0.039523,0.085388,1706.8,0.062243,36,True,prob_below_sell_threshold,prob_below_sell_threshold,2026-05-15,1.0,2026-05-17T18:43:31Z,39629.58,-0.01786,-0.322338
ml_xgboost,ML – XGBoost,UNH,xgboost,xgboost,xgboost,binary,binary-2026-05,D-ml_xgboost-ee756249e048,S-UNH-xgboost-20250730-b6701f,T-ml_xgboost-edf44bd2a7fb,SELL,2026-05-17T18:43:31Z,2025-07-30,2025-07-30,264.8,261.07,264.8,266.63,258.12,266.04,22371800,94.0,94.0,0.0,83923.92,108815.12,24891.2,0.0,139038.48,138921.92,0.2,0.179,0.0,39.95,0.201,0.3995,0.55,33.22,-10.946,-9.132,-1.814,317.5446,264.2744,290.9095,290.9095,299.6584,-0.061946,-0.076154,0.142234,-2734.46,-0.098983,69,False,prob_below_sell_threshold,prob_below_sell_threshold,2026-05-15,1.0,2026-05-17T18:43:31Z,36895.12,-0.085628,-0.322338
ml_xgboost,ML – XGBoost,JNJ,xgboost,xgboost,xgboost,binary,binary-2026-05,D-ml_xgboost-53e967586d83,S-JNJ-xgboost-20250801-89b586,T-ml_xgboost-6cb8563d120b,SELL,2026-05-17T18:43:31Z,2025-08-01,2025-08-01,165.48,164.74,165.48,167.62,164.79,167.33,8927800,180.0,180.0,0.0,108815.12,138601.52,29786.4,0.0,138934.52,138601.52,0.2,0.2144,0.0,42.19,0.1562,0.4219,0.55,61.99,3.2175,3.1757,0.0418,173.2703,152.5587,162.9145,162.9145,157.4498,0.022172,0.035857,0.058806,1706.4,0.060769,30,True,prob_below_sell_threshold,prob_below_sell_threshold,2026-05-15,1.0,2026-05-17T18:43:31Z,38601.52,-0.043338,-0.322338
ml_xgboost,ML – XGBoost,MSFT,xgboost,xgboost,xgboost,binary,binary-2026-05,D-ml_xgboost-a93063544cbc,S-MSFT-xgboost-20250804-f586b5,T-ml_xgboost-c13b9e61eb3d,BUY,2026-05-17T18:43:31Z,2025-08-04,2025-08-04,528.27,524.11,528.27,538.25,528.13,535.64,25349000,52.0,0.0,52.0,138601.52,111131.48,0.0,27470.04,138601.52,138984.76,0.2,0.0,0.1976,61.88,0.2376,0.6188,0.55,74.07,10.7088,9.5821,1.1267,530.3956,491.4534,510.9245,510.9245,490.2262,-0.01473,-0.025894,-0.056979,,,,,prob_above_buy_threshold,prob_above_buy_threshold,2026-05-15,1.0,2026-05-17T18:43:31Z,38601.52,-0.043338,-0.322338
ml_xgboost,ML – XGBoost,MSFT,xgboost,xgboost,xgboost,binary,binary-2026-05,D-ml_xgboost-29f02a4b85ec,S-MSFT-xgboost-20250807-026aae,T-ml_xgboost-e604994b2b8e,SELL,2026-05-17T18:43:31Z,2025-08-07,2025-08-07,526.8,524.94,526.8,528.09,517.55,520.84,16079100,52.0,52.0,0.0,111131.48,138525.08,27393.6,0.0,138215.16,138525.08,0.2,0.1982,0.0,33.73,0.3254,0.3373,0.55,58.9,9.6442,9.8633,-0.2191,533.8391,495.2019,514.5205,514.5205,494.3822,0.002304,0.003149,-0.049612,-76.44,-0.002783,3,False,prob_below_sell_threshold,prob_below_sell_threshold,2026-05-15,1.0,2026-05-17T18:43:31Z,38525.08,-0.045233,-0.322338
ml_xgboost,ML – XGBoost,AAPL,xgboost,xgboost,xgboost,binary,binary-2026-05,D-ml_xgboost-d5b1f58deb76,S-AAPL-xgboost-20250808-910554,T-ml_xgboost-21a3270a4f89,BUY,2026-05-17T18:43:31Z,2025-08-08,2025-08-08,220.83,220.03,220.83,231.0,219.25,229.35,113854000,125.0,0.0,125.0,138525.08,110921.33,0.0,27603.75,138525.08,139590.08,0.2,0.0,0.1977,90.22,0.8044,0.9022,0.55,73.66,2.4329,1.2297,1.2032,223.3038,199.7942,211.549,211.549,206.668,-0.009462,0.009767,0.037192,,,,,prob_above_buy_threshold,prob_above_buy_threshold,2026-05-15,1.0,2026-05-17T18:43:31Z,38525.08,-0.045233,-0.322338
ml_xgboost,ML – XGBoost,UNH,xgboost,xgboost,xgboost,binary,binary-2026-05,D-ml_xgboost-89e973671179,S-UNH-xgboost-20250808-dc2427,T-ml_xgboost-163d1f1f9260,BUY,2026-05-17T18:43:31Z,2025-08-08,2025-08-08,244.79,244.67,244.79,251.08,244.37,250.89,10185700,113.0,0.0,113.0,110921.33,83260.06,0.0,27661.27,138525.08,140279.38,0.2,0.0,0.1972,57.24,0.1448,0.5724,0.55,36.53,-15.7588,-14.3655,-1.3933,310.1701,230.3099,270.24,270.24,291.5554,0.005899,0.211726,0.276456,,,,,prob_above_buy_threshold,prob_above_buy_threshold,2026-05-15,1.0,2026-05-17T18:43:31Z,38525.08,-0.045233,-0.322338
ml_xgboost,ML – XGBoost,JNJ,xgboost,xgboost,xgboost,binary,binary-2026-05,D-ml_xgboost-7388b0ad7b7b,S-JNJ-xgboost-20250808-7e4974,T-ml_xgboost-762678f22429,BUY,2026-05-17T18:43:31Z,2025-08-08,2025-08-08,171.02,171.53,171.02,173.96,170.39,173.33,7686800,161.0,0.0,161.0,83260.06,55725.84,0.0,27534.22,138525.08,140651.29,0.2,0.0,0.1958,56.17,0.1233,0.5617,0.55,70.4,3.7233,3.4491,0.2742,175.6784,157.6806,166.6795,166.6795,159.3062,0.002827,0.019097,0.027693,,,,,prob_above_buy_threshold,prob_above_buy_threshold,2026-05-15,1.0,2026-05-17T18:43:31Z,38525.08,-0.045233,-0.322338
ml_xgboost,ML – XGBoost,AAPL,xgboost,xgboost,xgboost,binary,binary-2026-05,D-ml_xgboost-a3bd96ac4fe8,S-AAPL-xgboost-20250822-1f6099,T-ml_xgboost-fe670588f943,SELL,2026-05-17T18:43:31Z,2025-08-22,2025-08-22,226.17,224.9,226.17,229.09,225.41,227.76,42477800,125.0,125.0,0.0,55725.84,83997.09,28271.25,0.0,147799.99,147601.24,0.2,0.1913,0.0,41.22,0.1756,0.4122,0.55,61.46,5.1561,5.0905,0.0656,242.1457,198.6413,220.3935,220.3935,212.2402,-0.002634,0.019231,0.124341,667.5,0.024181,14,True,prob_below_sell_threshold,prob_below_sell_threshold,2026-05-15,1.0,2026-05-17T18:43:31Z,39192.58,-0.02869,-0.322338
ml_xgboost,ML – XGBoost,JNJ,xgboost,xgboost,xgboost,binary,binary-2026-05,D-ml_xgboost-8550bdb0b2e4,S-JNJ-xgboost-20250825-1f90cb,T-ml_xgboost-b2f405824d9e,SELL,2026-05-17T18:43:31Z,2025-08-25,2025-08-25,179.52,179.29,179.52,180.26,178.29,178.41,6229100,161.0,161.0,0.0,83997.09,112899.81,28902.72,0.0,147170.28,147348.99,0.2,0.1964,0.0,40.17,0.1967,0.4017,0.55,72.11,4.1819,4.0836,0.0983,181.8462,164.8108,173.3285,173.3285,164.0618,-0.010762,-0.001962,-0.010257,1368.5,0.049702,17,True,prob_below_sell_threshold,prob_below_sell_threshold,2026-05-15,1.0,2026-05-17T18:43:31Z,40561.08,0.0,-0.322338
ml_xgboost,ML – XGBoost,JPM,xgboost,xgboost,xgboost,binary,binary-2026-05,D-ml_xgboost-d802b6c0815a,S-JPM-xgboost-20250827-612ea1,T-ml_xgboost-02428c96c803,BUY,2026-05-17T18:43:31Z,2025-08-27,2025-08-27,297.25,298.57,297.25,301.07,297.04,299.28,6056500,99.0,0.0,99.0,112899.81,83472.06,0.0,29427.75,147238.25,147439.22,0.2,0.0,0.1996,61.69,0.2337,0.6169,0.55,61.53,2.0423,1.5926,0.4497,298.8916,286.1854,292.5385,292.5385,290.03,0.005981,0.01517,0.047347,,,,,prob_above_buy_threshold,prob_above_buy_threshold,2026-05-15,1.0,2026-05-17T18:43:31Z,40561.08,0.0,-0.322338
ml_xgboost,ML – XGBoost,AAPL,xgboost,xgboost,xgboost,binary,binary-2026-05,D-ml_xgboost-d03b950d4f40,S-AAPL-xgboost-20250905-ba5b2d,T-ml_xgboost-d990e9152834,BUY,2026-05-17T18:43:31Z,2025-09-05,2025-09-05,240.0,239.78,240.0,241.32,238.49,239.69,54870400,123.0,0.0,123.0,83472.06,53952.06,0.0,29520.0,148254.75,148216.62,0.2,0.0,0.1992,57.93,0.1586,0.5793,0.55,70.86,5.5891,5.0767,0.5124,239.3144,223.0176,231.166,231.166,218.4136,-0.007551,-0.023447,0.076474,,,,,prob_above_buy_threshold,prob_above_buy_threshold,2026-05-15,1.0,2026-05-17T18:43:31Z,40561.08,0.0,-0.322338
ml_xgboost,ML – XGBoost,JPM,xgboost,xgboost,xgboost,binary,binary-2026-05,D-ml_xgboost-ca15cdede1f3,S-JPM-xgboost-20250908-b17d84,T-ml_xgboost-d9995c8971d8,SELL,2026-05-17T18:43:31Z,2025-09-08,2025-09-08,294.89,294.38,294.89,296.46,291.44,292.91,8188500,99.0,99.0,0.0,53952.06,83146.17,29194.11,0.0,148397.64,148593.66,0.2,0.1967,0.0,33.94,0.3211,0.3394,0.55,47.15,1.9748,2.3473,-0.3725,303.755,286.774,295.2645,295.2645,292.8698,0.016865,0.05459,0.055546,-233.64,-0.007939,12,False,prob_below_sell_threshold,prob_below_sell_threshold,2026-05-15,1.0,2026-05-17T18:43:31Z,40327.44,-0.00576,-0.322338
ml_xgboost,ML – XGBoost,AAPL,xgboost,xgboost,xgboost,binary,binary-2026-05,D-ml_xgboost-571416c64c1f,S-AAPL-xgboost-20250910-96f221,T-ml_xgboost-cbd3efb84980,SELL,2026-05-17T18:43:31Z,2025-09-10,2025-09-10,232.19,234.35,232.19,232.42,225.95,226.79,83440800,123.0,123.0,0.0,83146.17,111705.54,28559.37,0.0,150227.48,150891.68,0.2,0.1901,0.0,19.75,0.605,0.1975,0.55,48.07,4.2585,4.9963,-0.7378,240.487,223.129,231.808,231.808,220.249,0.014286,0.053794,0.137881,-960.63,-0.032542,5,False,prob_below_sell_threshold,prob_below_sell_threshold,2026-05-15,1.0,2026-05-17T18:43:31Z,39366.81,-0.029444,-0.322338
ml_xgboost,ML – XGBoost,JPM,xgboost,xgboost,xgboost,binary,binary-2026-05,D-ml_xgboost-52212cee4e4d,S-JPM-xgboost-20250912-27a7ff,T-ml_xgboost-71e3e2afdafe,BUY,2026-05-17T18:43:31Z,2025-09-12,2025-09-12,305.0,305.56,305.0,307.55,303.7,306.91,6846700,99.0,0.0,99.0,111705.54,81510.54,0.0,30195.0,151539.17,151728.26,0.2,0.0,0.199,66.62,0.3323,0.6662,0.55,63.69,2.9705,2.4124,0.5581,307.2384,287.6666,297.4525,297.4525,293.8984,0.006484,0.025643,-0.019615,,,,,prob_above_buy_threshold,prob_above_buy_threshold,2026-05-15,1.0,2026-05-17T18:43:31Z,39366.81,-0.029444,-0.322338
ml_xgboost,ML – XGBoost,MSFT,xgboost,xgboost,xgboost,binary,binary-2026-05,D-ml_xgboost-542b7018a10b,S-MSFT-xgboost-20250915-521e17,T-ml_xgboost-3ef5029924bc,BUY,2026-05-17T18:43:31Z,2025-09-15,2025-09-15,508.79,509.9,508.79,515.47,507.0,515.36,17143800,59.0,0.0,59.0,81510.54,51491.93,0.0,30018.61,151403.21,151790.84,0.2,0.0,0.1978,64.93,0.2986,0.6493,0.55,58.03,-1.3727,-2.0614,0.6888,516.2219,494.7901,505.506,505.506,510.7228,-0.012263,-0.001766,-0.002542,,,,,prob_above_buy_threshold,prob_above_buy_threshold,2026-05-15,1.0,2026-05-17T18:43:31Z,39366.81,-0.029444,-0.322338
ml_xgboost,ML – XGBoost,UNH,xgboost,xgboost,xgboost,binary,binary-2026-05,D-ml_xgboost-177ed3849620,S-UNH-xgboost-20250918-3bceb8,T-ml_xgboost-9f3b5b41c986,SELL,2026-05-17T18:43:31Z,2025-09-18,2025-09-18,343.53,341.61,343.53,344.93,334.12,334.82,11255600,113.0,113.0,0.0,51491.93,90310.82,38818.89,0.0,150334.91,151319.14,0.2,0.2582,0.0,40.83,0.1835,0.4083,0.55,60.85,14.8484,14.176,0.6724,361.6399,284.3321,322.986,322.986,294.839,0.005585,0.032077,0.065259,11157.62,0.403366,41,True,prob_below_sell_threshold,prob_below_sell_threshold,2026-05-15,1.0,2026-05-17T18:43:31Z,50524.43,0.0,-0.322338
ml_xgboost,ML – XGBoost,AAPL,xgboost,xgboost,xgboost,binary,binary-2026-05,D-ml_xgboost-56f5537d8906,S-AAPL-xgboost-20250922-421503,T-ml_xgboost-3521ee7859c2,BUY,2026-05-17T18:43:31Z,2025-09-22,2025-09-22,248.3,245.5,248.3,256.64,248.12,256.08,105517400,122.0,0.0,122.0,90310.82,60018.22,0.0,30292.6,151594.93,152544.09,0.2,0.0,0.1986,80.0,0.5999,0.8,0.55,74.96,5.6013,4.4464,1.1549,249.1588,222.4152,235.787,235.787,224.8274,-0.006443,-0.006443,0.024055,,,,,prob_above_buy_threshold,prob_above_buy_threshold,2026-05-15,1.0,2026-05-17T18:43:31Z,50524.43,0.0,-0.322338
ml_xgboost,ML – XGBoost,JNJ,xgboost,xgboost,xgboost,binary,binary-2026-05,D-ml_xgboost-4078cb5870e7,S-JNJ-xgboost-20250930-85ba1d,T-ml_xgboost-391babdcc68f,BUY,2026-05-17T18:43:31Z,2025-09-30,2025-09-30,181.7,181.62,181.7,185.99,181.07,185.42,11569000,168.0,0.0,168.0,60018.22,29492.62,0.0,30525.6,152869.7,153494.66,0.2,0.0,0.1989,68.54,0.3709,0.6854,0.55,71.02,1.7196,1.2148,0.5048,182.6342,172.9658,177.8,177.8,174.9528,0.003398,0.018714,0.008144,,,,,prob_above_buy_threshold,prob_above_buy_threshold,2026-05-15,1.0,2026-05-17T18:43:31Z,50524.43,0.0,-0.322338
ml_xgboost,ML – XGBoost,JPM,xgboost,xgboost,xgboost,binary,binary-2026-05,D-ml_xgboost-c7ba04d6df69,S-JPM-xgboost-20251001-b7e242,T-ml_xgboost-9b6106b24017,SELL,2026-05-17T18:43:31Z,2025-10-01,2025-10-01,313.97,315.43,313.97,314.59,307.41,310.71,9235200,99.0,99.0,0.0,29492.62,60575.65,31083.03,0.0,153337.1,153659.84,0.2,0.2027,0.0,35.12,0.2977,0.3512,0.55,57.06,4.6477,4.8351,-0.1873,322.411,294.565,308.488,308.488,300.1822,-0.01017,-0.021499,-0.016736,888.03,0.02941,19,True,prob_below_sell_threshold,prob_below_sell_threshold,2026-05-15,1.0,2026-05-17T18:43:31Z,51412.46,0.0,-0.322338
ml_xgboost,ML – XGBoost,AAPL,xgboost,xgboost,xgboost,binary,binary-2026-05,D-ml_xgboost-8b434ce59cd7,S-AAPL-xgboost-20251006-22cf55,T-ml_xgboost-a5fb28563006,SELL,2026-05-17T18:43:31Z,2025-10-06,2025-10-06,257.99,258.02,257.99,259.07,255.05,256.69,44664100,122.0,122.0,0.0,60575.65,92050.43,31474.78,0.0,154688.34,154846.94,0.2,0.2035,0.0,43.9,0.1221,0.439,0.55,68.21,7.2126,7.0169,0.1957,267.6428,225.7532,246.698,246.698,233.5806,-0.000818,-0.035179,0.048151,1182.18,0.039025,14,True,prob_below_sell_threshold,prob_below_sell_threshold,2026-05-15,1.0,2026-05-17T18:43:31Z,52594.64,0.0,-0.322338
ml_xgboost,ML – XGBoost,MSFT,xgboost,xgboost,xgboost,binary,binary-2026-05,D-ml_xgboost-30201eecef1d,S-MSFT-xgboost-20251013-a41eaf,T-ml_xgboost-bd76d0ac67b1,SELL,2026-05-17T18:43:31Z,2025-10-13,2025-10-13,516.41,510.96,516.41,516.41,511.68,514.05,14284200,59.0,59.0,0.0,92050.43,122518.62,30468.19,0.0,154450.58,154589.82,0.2,0.1973,0.0,41.45,0.1711,0.4145,0.55,49.52,2.5334,2.7807,-0.2472,527.3354,503.4566,515.396,515.396,513.2698,-0.000934,0.00533,-0.01566,449.58,0.014977,28,True,prob_below_sell_threshold,prob_below_sell_threshold,2026-05-15,1.0,2026-05-17T18:43:31Z,53044.22,0.0,-0.322338
ml_xgboost,ML – XGBoost,JNJ,xgboost,xgboost,xgboost,binary,binary-2026-05,D-ml_xgboost-e5c8a2d66fbc,S-JNJ-xgboost-20251020-72db57,T-ml_xgboost-7138523872dd,SELL,2026-05-17T18:43:31Z,2025-10-20,2025-10-20,193.5,193.22,193.5,194.48,192.33,193.72,8034700,168.0,168.0,0.0,122518.62,155026.62,32508.0,0.0,155063.58,155026.62,0.2,0.2096,0.0,44.78,0.1044,0.4478,0.55,80.42,4.0568,3.7654,0.2914,197.8106,176.0834,186.947,186.947,180.861,-0.009498,-0.017654,0.03025,1982.4,0.064942,20,True,prob_below_sell_threshold,prob_below_sell_threshold,2026-05-15,1.0,2026-05-17T18:43:31Z,55026.62,0.0,-0.322338
ml_xgboost,ML – XGBoost,AAPL,xgboost,xgboost,xgboost,binary,binary-2026-05,D-ml_xgboost-94fa56bdfc49,S-AAPL-xgboost-20251027-069cd1,T-ml_xgboost-bf3de07c10e8,BUY,2026-05-17T18:43:31Z,2025-10-27,2025-10-27,264.88,262.82,264.88,269.12,264.65,268.81,44888200,117.0,0.0,117.0,155026.62,124035.66,0.0,30990.96,155026.62,155486.43,0.2,0.0,0.1993,62.13,0.2427,0.6213,0.55,69.03,4.9987,4.2742,0.7245,267.6881,243.8069,255.7475,255.7475,244.8862,0.000707,0.000893,0.02645,,,,,prob_above_buy_threshold,prob_above_buy_threshold,2026-05-15,1.0,2026-05-17T18:43:31Z,55026.62,0.0,-0.322338
ml_xgboost,ML – XGBoost,MSFT,xgboost,xgboost,xgboost,binary,binary-2026-05,D-ml_xgboost-7487062d638e,S-MSFT-xgboost-20251027-57bd11,T-ml_xgboost-9cc27228aee2,BUY,2026-05-17T18:43:31Z,2025-10-27,2025-10-27,531.78,523.61,531.78,534.58,529.01,531.52,18734700,58.0,0.0,58.0,124035.66,93192.42,0.0,30843.24,155026.62,155471.35,0.2,0.0,0.1984,62.85,0.2571,0.6285,0.55,66.53,2.9167,1.9055,1.0112,529.8771,507.9658,518.9215,518.9215,512.0182,0.019849,-0.027261,-0.108218,,,,,prob_above_buy_threshold,prob_above_buy_threshold,2026-05-15,1.0,2026-05-17T18:43:31Z,55026.62,0.0,-0.322338
ml_xgboost,ML – XGBoost,JPM,xgboost,xgboost,xgboost,binary,binary-2026-05,D-ml_xgboost-b633135270a9,S-JPM-xgboost-20251029-158aaf,T-ml_xgboost-a0628546625f,BUY,2026-05-17T18:43:31Z,2025-10-29,2025-10-29,303.51,305.36,303.51,308.25,303.01,305.51,7520300,102.0,0.0,102.0,93192.42,62234.4,0.0,30958.02,156157.22,156361.22,0.2,0.0,0.198,61.62,0.2325,0.6162,0.55,52.9,-1.0123,-1.2949,0.2825,312.2905,293.7395,303.015,303.015,304.0892,0.012864,0.020196,0.006972,,,,,prob_above_buy_threshold,prob_above_buy_threshold,2026-05-15,1.0,2026-05-17T18:43:31Z,55026.62,0.0,-0.322338
ml_xgboost,ML – XGBoost,MSFT,xgboost,xgboost,xgboost,binary,binary-2026-05,D-ml_xgboost-bdf42a4801b3,S-MSFT-xgboost-20251103-7a1b69,T-ml_xgboost-48d9c3b1fc1b,SELL,2026-05-17T18:43:31Z,2025-11-03,2025-11-03,519.81,517.81,519.81,524.96,514.59,517.03,22374700,58.0,58.0,0.0,62234.4,92383.38,30148.98,0.0,155254.69,155415.93,0.2,0.1942,0.0,41.07,0.1786,0.4107,0.55,47.08,3.1148,3.4796,-0.3648,538.4382,503.8948,521.1665,521.1665,514.0214,-0.005222,-0.021333,-0.052279,-694.26,-0.022509,7,False,prob_below_sell_threshold,prob_below_sell_threshold,2026-05-15,1.0,2026-05-17T18:43:31Z,54332.36,-0.012617,-0.322338
ml_xgboost,ML – XGBoost,AAPL,xgboost,xgboost,xgboost,binary,binary-2026-05,D-ml_xgboost-e625e7f82e1a,S-AAPL-xgboost-20251106-bd3ce8,T-ml_xgboost-5f315635f71f,SELL,2026-05-17T18:43:31Z,2025-11-06,2025-11-06,267.89,270.14,267.89,273.4,267.89,269.77,51204000,117.0,117.0,0.0,92383.38,123726.51,31343.13,0.0,155915.31,155695.35,0.2,0.201,0.0,40.54,0.1892,0.4054,0.55,66.7,5.8714,5.7394,0.132,279.7173,242.6747,261.196,261.196,251.534,-0.004819,0.011788,0.033399,352.17,0.011364,10,True,prob_below_sell_threshold,prob_below_sell_threshold,2026-05-15,1.0,2026-05-17T18:43:31Z,54684.53,-0.006217,-0.322338
ml_xgboost,ML – XGBoost,JNJ,xgboost,xgboost,xgboost,binary,binary-2026-05,D-ml_xgboost-ffd590d8b3c9,S-JNJ-xgboost-20251113-e6f58a,T-ml_xgboost-e5e2642b67b2,BUY,2026-05-17T18:43:31Z,2025-11-13,2025-11-13,194.21,194.39,194.21,196.0,193.45,195.25,8631600,159.0,0.0,159.0,123726.51,92847.12,0.0,30879.39,155293.47,155458.83,0.2,0.0,0.1986,60.1,0.202,0.601,0.55,68.11,1.5731,1.1876,0.3856,196.2215,183.8705,190.046,190.046,185.4882,0.003483,0.040051,0.083636,,,,,prob_above_buy_threshold,prob_above_buy_threshold,2026-05-15,1.0,2026-05-17T18:43:31Z,54684.53,-0.006217,-0.322338
ml_xgboost,ML – XGBoost,JPM,xgboost,xgboost,xgboost,binary,binary-2026-05,D-ml_xgboost-c185dbb6b939,S-JPM-xgboost-20251117-1ac603,T-ml_xgboost-fdc2bc53196e,SELL,2026-05-17T18:43:31Z,2025-11-17,2025-11-17,304.0,303.61,304.0,305.59,297.67,300.37,8344000,102.0,102.0,0.0,92847.12,123855.12,31008.0,0.0,155218.08,155588.34,0.2,0.1998,0.0,26.87,0.4626,0.2687,0.55,41.3,1.0727,1.8636,-0.7909,321.697,292.908,307.3025,307.3025,307.676,-0.003196,-0.00789,0.050538,49.98,0.001614,19,True,prob_below_sell_threshold,prob_below_sell_threshold,2026-05-15,1.0,2026-05-17T18:43:31Z,54734.51,-0.005309,-0.322338
ml_xgboost,ML – XGBoost,UNH,xgboost,xgboost,xgboost,binary,binary-2026-05,D-ml_xgboost-b35a3062c1df,S-UNH-xgboost-20251125-a6e035,T-ml_xgboost-f7151e485c48,BUY,2026-05-17T18:43:31Z,2025-11-25,2025-11-25,321.12,319.05,321.12,328.0,320.9,326.28,6149100,97.0,0.0,97.0,123855.12,92706.48,0.0,31148.64,156715.65,157216.17,0.2,0.0,0.1981,56.76,0.1352,0.5676,0.55,46.55,-7.6722,-7.5927,-0.0795,349.6979,304.5221,327.11,327.11,343.8824,0.010512,0.041161,0.003984,,,,,prob_above_buy_threshold,prob_above_buy_threshold,2026-05-15,1.0,2026-05-17T18:43:31Z,54734.51,-0.005309,-0.322338
ml_xgboost,ML – XGBoost,AAPL,xgboost,xgboost,xgboost,binary,binary-2026-05,D-ml_xgboost-fa2f79b9a2a5,S-AAPL-xgboost-20251201-619cc8,T-ml_xgboost-2b1f8213a37c,BUY,2026-05-17T18:43:31Z,2025-12-01,2025-12-01,278.01,278.85,278.01,283.42,276.14,283.1,46587700,112.0,0.0,112.0,92706.48,61569.36,0.0,31137.12,156706.91,157276.99,0.2,0.0,0.198,57.59,0.1519,0.5759,0.55,72.56,4.6168,4.1109,0.5058,280.9504,263.5066,272.2285,272.2285,263.3914,0.010915,-0.018403,-0.035394,,,,,prob_above_buy_threshold,prob_above_buy_threshold,2026-05-15,1.0,2026-05-17T18:43:31Z,54734.51,-0.005309,-0.322338
ml_xgboost,ML – XGBoost,JPM,xgboost,xgboost,xgboost,binary,binary-2026-05,D-ml_xgboost-70c98846c195,S-JPM-xgboost-20251201-9fe62a,T-ml_xgboost-2a41d3fcedf7,BUY,2026-05-17T18:43:31Z,2025-12-01,2025-12-01,312.95,313.08,312.95,314.04,308.54,308.92,7727300,100.0,0.0,100.0,61569.36,30274.35,0.0,31295.0,156706.91,156873.99,0.2,0.0,0.1995,61.7,0.234,0.617,0.55,53.27,-0.087,-0.4297,0.3427,321.0717,294.3293,307.7005,307.7005,306.8962,-0.003367,0.020361,0.046938,,,,,prob_above_buy_threshold,prob_above_buy_threshold,2026-05-15,1.0,2026-05-17T18:43:31Z,54734.51,-0.005309,-0.322338
ml_xgboost,ML – XGBoost,MSFT,xgboost,xgboost,xgboost,binary,binary-2026-05,D-ml_xgboost-b6df052c6f21,S-MSFT-xgboost-20251202-cd4a4e,T-ml_xgboost-75a18870d077,BUY,2026-05-17T18:43:31Z,2025-12-02,2025-12-02,486.72,486.74,486.72,493.5,486.32,490.0,19562700,62.0,0.0,62.0,30274.35,97.71,0.0,30176.64,157257.8,157461.16,0.2,0.0,0.1916,58.24,0.1647,0.5824,0.55,44.43,-7.9836,-7.9579,-0.0257,520.9151,468.9739,494.9445,494.9445,509.4802,-0.025041,0.004122,-0.01302,,,,,prob_above_buy_threshold,prob_above_buy_threshold,2026-05-15,1.0,2026-05-17T18:43:31Z,54734.51,-0.005309,-0.322338
ml_xgboost,ML – XGBoost,JNJ,xgboost,xgboost,xgboost,binary,binary-2026-05,D-ml_xgboost-9d5c244cacc1,S-JNJ-xgboost-20251203-68bc19,T-ml_xgboost-529f185515a5,SELL,2026-05-17T18:43:31Z,2025-12-03,2025-12-03,205.9,205.42,205.9,207.02,204.99,205.33,8363300,159.0,159.0,0.0,97.71,32835.81,32738.1,0.0,158354.11,158444.74,0.2,0.2067,0.0,41.2,0.176,0.412,0.55,73.17,4.6276,4.3615,0.2661,213.628,184.342,198.985,198.985,192.4924,-0.01388,0.005893,0.009838,1858.71,0.060193,20,True,prob_below_sell_threshold,prob_below_sell_threshold,2026-05-15,1.0,2026-05-17T18:43:31Z,56593.22,0.0,-0.322338
ml_xgboost,ML – XGBoost,AAPL,xgboost,xgboost,xgboost,binary,binary-2026-05,D-ml_xgboost-754a61dbeaa7,S-AAPL-xgboost-20251208-a3945c,T-ml_xgboost-2bb723cbaf24,SELL,2026-05-17T18:43:31Z,2025-12-08,2025-12-08,278.13,278.78,278.13,279.67,276.15,277.89,38211800,112.0,112.0,0.0,32835.81,63986.37,31150.56,0.0,157314.87,157341.75,0.2,0.198,0.0,34.41,0.3118,0.3441,0.55,57.74,4.506,4.681,-0.175,286.5831,263.8979,275.2405,275.2405,266.0426,-0.002555,-0.013603,-0.063191,13.44,0.000432,7,True,prob_below_sell_threshold,prob_below_sell_threshold,2026-05-15,1.0,2026-05-17T18:43:31Z,56606.66,0.0,-0.322338
ml_xgboost,ML – XGBoost,JNJ,xgboost,xgboost,xgboost,binary,binary-2026-05,D-ml_xgboost-accd65a7b5c1,S-JNJ-xgboost-20251216-3335a1,T-ml_xgboost-20376ca73d67,BUY,2026-05-17T18:43:31Z,2025-12-16,2025-12-16,214.0,214.17,214.0,214.73,208.81,209.3,9949800,147.0,0.0,147.0,63986.37,32528.37,0.0,31458.0,157494.96,156804.06,0.2,0.0,0.2006,56.6,0.132,0.566,0.55,62.81,4.0636,3.8051,0.2586,212.8834,198.1526,205.518,205.518,196.6442,0.004921,-0.016818,0.049068,,,,,prob_above_buy_threshold,prob_above_buy_threshold,2026-05-15,1.0,2026-05-17T18:43:31Z,56606.66,0.0,-0.322338
ml_xgboost,ML – XGBoost,JNJ,xgboost,xgboost,xgboost,binary,binary-2026-05,D-ml_xgboost-ab1f055a27f3,S-JNJ-xgboost-20251218-c17f05,T-ml_xgboost-55b1178f98df,SELL,2026-05-17T18:43:31Z,2025-12-18,2025-12-18,209.8,210.33,209.8,211.06,207.76,208.31,7499900,147.0,147.0,0.0,32528.37,63368.97,30840.6,0.0,156286.29,156505.32,0.2,0.1973,0.0,39.14,0.2172,0.3914,0.55,59.42,3.7894,3.8373,-0.0479,213.3912,199.2578,206.3245,206.3245,197.4454,-0.009313,-0.003264,0.047525,-617.4,-0.019626,2,False,prob_below_sell_threshold,prob_below_sell_threshold,2026-05-15,1.0,2026-05-17T18:43:31Z,55989.26,-0.010907,-0.322338
ml_xgboost,ML – XGBoost,JPM,xgboost,xgboost,xgboost,binary,binary-2026-05,D-ml_xgboost-04eabfed0709,S-JPM-xgboost-20260112-076464,T-ml_xgboost-e967e1d89750,SELL,2026-05-17T18:43:31Z,2026-01-12,2026-01-12,321.88,329.19,321.88,326.02,321.23,324.49,12805100,100.0,100.0,0.0,63368.97,95556.98,32188.0,0.0,158432.6,158171.61,0.2,0.2032,0.0,36.01,0.2798,0.3601,0.55,52.96,4.3755,4.6391,-0.2636,335.8091,312.1269,323.968,323.968,314.9658,-0.041881,-0.067028,-0.019138,893.0,0.028535,42,True,prob_below_sell_threshold,prob_below_sell_threshold,2026-05-15,1.0,2026-05-17T18:43:31Z,56882.26,0.0,-0.322338
ml_xgboost,ML – XGBoost,MSFT,xgboost,xgboost,xgboost,binary,binary-2026-05,D-ml_xgboost-e1c7063afc53,S-MSFT-xgboost-20260114-9b66c5,T-ml_xgboost-eaf7362f8ddf,SELL,2026-05-17T18:43:31Z,2026-01-14,2026-01-14,466.46,470.67,466.46,468.2,457.17,459.38,28184300,62.0,62.0,0.0,95556.98,124477.49,28920.52,0.0,156529.65,156968.61,0.2,0.1848,0.0,30.32,0.3935,0.3032,0.55,31.45,-4.7806,-3.4739,-1.3068,494.3974,465.6527,480.025,480.025,487.1314,-0.005921,-0.017937,-0.125256,-1256.12,-0.041626,43,False,prob_below_sell_threshold,prob_below_sell_threshold,2026-05-15,1.0,2026-05-17T18:43:31Z,55626.14,-0.022083,-0.322338
ml_xgboost,ML – XGBoost,JNJ,xgboost,xgboost,xgboost,binary,binary-2026-05,D-ml_xgboost-3ddb83189c83,S-JNJ-xgboost-20260114-c32be3,T-ml_xgboost-afadef8dfd6d,BUY,2026-05-17T18:43:31Z,2026-01-14,2026-01-14,214.73,213.65,214.73,218.86,214.15,218.55,11858800,145.0,0.0,145.0,124477.49,93341.65,0.0,31135.85,156529.65,157522.52,0.2,0.0,0.1977,68.34,0.3667,0.6834,0.55,70.57,2.1966,1.5521,0.6445,214.4433,201.5807,208.012,208.012,203.227,0.004667,-0.000275,0.118966,,,,,prob_above_buy_threshold,prob_above_buy_threshold,2026-05-15,1.0,2026-05-17T18:43:31Z,55626.14,-0.022083,-0.322338
ml_xgboost,ML – XGBoost,UNH,xgboost,xgboost,xgboost,binary,binary-2026-05,D-ml_xgboost-7529276141da,S-UNH-xgboost-20260115-0e4635,T-ml_xgboost-ff069fe7e89f,SELL,2026-05-17T18:43:31Z,2026-01-15,2026-01-15,335.2,334.96,335.2,339.45,328.06,338.96,6943500,97.0,97.0,0.0,93341.65,125856.05,32514.4,0.0,158058.42,157693.7,0.2,0.2057,0.0,44.62,0.1076,0.4462,0.55,53.06,2.2098,2.2101,-0.0003,349.0103,320.5947,334.8025,334.8025,330.0738,-0.023425,0.051039,-0.135031,1365.76,0.043847,51,True,prob_below_sell_threshold,prob_below_sell_threshold,2026-05-15,1.0,2026-05-17T18:43:31Z,56991.9,0.0,-0.322338
ml_xgboost,ML – XGBoost,UNH,xgboost,xgboost,xgboost,binary,binary-2026-05,D-ml_xgboost-70846b43de63,S-UNH-xgboost-20260122-f728ae,T-ml_xgboost-98f5bbba3515,BUY,2026-05-17T18:43:31Z,2026-01-22,2026-01-22,347.18,347.75,347.18,354.95,346.77,354.47,7491400,90.0,0.0,90.0,125856.05,94609.85,0.0,31246.2,157537.1,158193.2,0.2,0.0,0.1975,64.22,0.2844,0.6422,0.55,62.57,3.3376,2.2792,1.0583,353.3463,322.1906,337.7685,337.7685,331.4204,0.00505,-0.175417,-0.181877,,,,,prob_above_buy_threshold,prob_above_buy_threshold,2026-05-15,1.0,2026-05-17T18:43:31Z,56991.9,0.0,-0.322338
ml_xgboost,ML – XGBoost,AAPL,xgboost,xgboost,xgboost,binary,binary-2026-05,D-ml_xgboost-4ede0ed83574,S-AAPL-xgboost-20260127-3615de,T-ml_xgboost-3c39cd135ff1,BUY,2026-05-17T18:43:31Z,2026-01-27,2026-01-27,259.17,255.41,259.17,261.95,258.21,258.27,49648300,117.0,0.0,117.0,94609.85,64286.96,0.0,30322.89,152596.65,152491.35,0.2,0.0,0.1988,55.89,0.1179,0.5589,0.55,45.6,-5.0762,-4.97,-0.1062,276.2347,243.5143,259.8745,259.8745,269.0676,-0.007086,0.043404,0.061796,,,,,prob_above_buy_threshold,prob_above_buy_threshold,2026-05-15,1.0,2026-05-17T18:43:31Z,56991.9,0.0,-0.322338
ml_xgboost,ML – XGBoost,MSFT,xgboost,xgboost,xgboost,binary,binary-2026-05,D-ml_xgboost-eaade81c799d,S-MSFT-xgboost-20260127-4a0e73,T-ml_xgboost-70175ef01c5f,BUY,2026-05-17T18:43:31Z,2026-01-27,2026-01-27,473.7,470.28,473.7,482.87,473.16,480.58,29213900,64.0,0.0,64.0,64286.96,33970.15,0.0,30316.8,152596.65,152931.66,0.2,0.0,0.1982,77.23,0.5445,0.7723,0.55,55.45,-5.1978,-6.5277,1.3299,495.3268,446.0422,470.6845,470.6845,479.6282,0.002185,-0.144346,-0.166424,,,,,prob_above_buy_threshold,prob_above_buy_threshold,2026-05-15,1.0,2026-05-17T18:43:31Z,56991.9,0.0,-0.322338
ml_xgboost,ML – XGBoost,UNH,xgboost,xgboost,xgboost,binary,binary-2026-05,D-ml_xgboost-adeeb335d4e6,S-UNH-xgboost-20260127-82f10b,T-ml_xgboost-524c197aae1f,SELL,2026-05-17T18:43:31Z,2026-01-27,2026-01-27,293.97,351.64,293.97,299.5,280.4,282.7,65836900,90.0,90.0,0.0,33970.15,60427.46,26457.3,0.0,152596.65,153945.96,0.2,0.1734,0.0,11.18,0.7764,0.1118,0.55,28.39,-0.6635,2.3246,-2.988,367.991,308.185,338.088,338.088,331.4706,0.040042,0.005235,0.005306,-4788.9,-0.153263,5,False,prob_below_sell_threshold,prob_below_sell_threshold,2026-05-15,1.0,2026-05-17T18:43:31Z,52203.0,-0.084028,-0.322338
ml_xgboost,ML – XGBoost,MSFT,xgboost,xgboost,xgboost,binary,binary-2026-05,D-ml_xgboost-9ecf4bbbb5d0,S-MSFT-xgboost-20260130-8f973d,T-ml_xgboost-ed40d6ec7cb3,SELL,2026-05-17T18:43:31Z,2026-01-30,2026-01-30,439.17,433.5,439.17,439.6,426.45,430.29,58566800,64.0,64.0,0.0,60427.46,88534.34,28106.88,0.0,151276.43,151844.75,0.2,0.1858,0.0,20.3,0.5941,0.203,0.55,32.63,-8.3762,-6.4701,-1.9061,496.0796,434.0114,465.0455,465.0455,476.1174,-0.016082,-0.067745,-0.073764,-2209.92,-0.072894,3,False,prob_below_sell_threshold,prob_below_sell_threshold,2026-05-15,1.0,2026-05-17T18:43:31Z,49993.08,-0.122804,-0.322338
ml_xgboost,ML – XGBoost,JPM,xgboost,xgboost,xgboost,binary,binary-2026-05,D-ml_xgboost-3faf5908e68b,S-JPM-xgboost-20260203-083671,T-ml_xgboost-66f20d5152f3,BUY,2026-05-17T18:43:31Z,2026-02-03,2026-02-03,309.73,308.14,309.73,316.25,309.1,314.85,12688000,99.0,0.0,99.0,88534.34,57871.06,0.0,30663.27,153863.0,154369.88,0.2,0.0,0.1986,63.53,0.2705,0.6353,0.55,54.15,-2.9737,-3.4306,0.4569,333.6248,289.2872,311.456,311.456,313.6962,0.007686,0.010894,-0.049103,,,,,prob_above_buy_threshold,prob_above_buy_threshold,2026-05-15,1.0,2026-05-17T18:43:31Z,49993.08,-0.122804,-0.322338
ml_xgboost,ML – XGBoost,JPM,xgboost,xgboost,xgboost,binary,binary-2026-05,D-ml_xgboost-dd4e18f43e47,S-JPM-xgboost-20260213-5936da,T-ml_xgboost-0376c3efbfed,SELL,2026-05-17T18:43:31Z,2026-02-13,2026-02-13,298.52,302.64,298.52,304.29,296.52,302.55,9114500,99.0,99.0,0.0,57871.06,87424.54,29553.48,0.0,153050.02,152651.05,0.2,0.1931,0.0,43.61,0.1279,0.4361,0.55,41.81,-1.2086,-0.9791,-0.2295,322.8786,293.3454,308.112,308.112,315.1222,0.015138,-0.016129,-0.054173,-1109.79,-0.036193,10,False,prob_below_sell_threshold,prob_below_sell_threshold,2026-05-15,1.0,2026-05-17T18:43:31Z,48883.29,-0.142277,-0.322338
ml_xgboost,ML – XGBoost,UNH,xgboost,xgboost,xgboost,binary,binary-2026-05,D-ml_xgboost-8be24f240652,S-UNH-xgboost-20260213-6d9b93,T-ml_xgboost-26cc780513c6,BUY,2026-05-17T18:43:31Z,2026-02-13,2026-02-13,285.63,284.37,285.63,293.46,284.51,293.19,10281900,107.0,0.0,107.0,87424.54,56862.13,0.0,30562.41,153050.02,153459.97,0.2,0.0,0.1992,62.09,0.2418,0.6209,0.55,44.87,-13.7625,-13.8033,0.0408,362.66,240.519,301.5895,301.5895,321.2282,-0.013984,-0.037007,-0.026263,,,,,prob_above_buy_threshold,prob_above_buy_threshold,2026-05-15,1.0,2026-05-17T18:43:31Z,48883.29,-0.142277,-0.322338
ml_xgboost,ML – XGBoost,AAPL,xgboost,xgboost,xgboost,binary,binary-2026-05,D-ml_xgboost-0936b9378eb7,S-AAPL-xgboost-20260217-e2b17b,T-ml_xgboost-1bc468ffe847,SELL,2026-05-17T18:43:31Z,2026-02-17,2026-02-17,258.05,255.78,258.05,266.29,255.54,263.88,58469100,117.0,117.0,0.0,56862.13,87053.98,30191.85,0.0,153951.57,153269.46,0.2,0.1961,0.0,39.52,0.2096,0.3952,0.55,48.45,0.8148,1.0931,-0.2782,283.7801,241.6019,262.691,262.691,267.0698,0.001781,0.031302,-0.03657,-131.04,-0.004322,21,False,prob_below_sell_threshold,prob_below_sell_threshold,2026-05-15,1.0,2026-05-17T18:43:31Z,48752.25,-0.144576,-0.322338
ml_xgboost,ML – XGBoost,JNJ,xgboost,xgboost,xgboost,binary,binary-2026-05,D-ml_xgboost-9440c9163397,S-JNJ-xgboost-20260219-adf9c7,T-ml_xgboost-f41b45644f4f,SELL,2026-05-17T18:43:31Z,2026-02-19,2026-02-19,244.62,244.99,244.62,246.96,244.27,246.91,7553900,145.0,145.0,0.0,87053.98,122523.88,35469.9,0.0,153878.44,153546.39,0.2,0.2305,0.0,42.93,0.1414,0.4293,0.55,83.95,8.0712,7.6053,0.4659,251.717,216.683,234.2,234.2,219.2514,-0.017901,-0.013932,-0.037706,4334.05,0.139198,36,True,prob_below_sell_threshold,prob_below_sell_threshold,2026-05-15,1.0,2026-05-17T18:43:31Z,53086.3,-0.068529,-0.322338
ml_xgboost,ML – XGBoost,MSFT,xgboost,xgboost,xgboost,binary,binary-2026-05,D-ml_xgboost-34625f67f5ed,S-MSFT-xgboost-20260220-2f749d,T-ml_xgboost-909bebdbd846,BUY,2026-05-17T18:43:31Z,2026-02-20,2026-02-20,396.11,398.46,396.11,400.12,395.16,397.23,34015200,77.0,0.0,77.0,122523.88,92023.41,0.0,30500.47,153553.88,153640.12,0.2,0.0,0.1985,60.74,0.2149,0.6074,0.55,32.03,-17.7732,-17.6288,-0.1444,478.9907,364.2453,421.618,421.618,454.131,-0.032122,-0.011303,-0.038668,,,,,prob_above_buy_threshold,prob_above_buy_threshold,2026-05-15,1.0,2026-05-17T18:43:31Z,53086.3,-0.068529,-0.322338
ml_xgboost,ML – XGBoost,AAPL,xgboost,xgboost,xgboost,binary,binary-2026-05,D-ml_xgboost-2aa9f3ac8de0,S-AAPL-xgboost-20260225-108767,T-ml_xgboost-ce22ef87be7c,BUY,2026-05-17T18:43:31Z,2026-02-25,2026-02-25,271.78,272.14,271.78,274.94,271.05,274.23,33714300,112.0,0.0,112.0,92023.41,61584.05,0.0,30439.36,153279.01,153553.42,0.2,0.0,0.1982,61.46,0.2293,0.6146,0.55,58.61,1.2788,0.7313,0.5475,281.8393,253.3067,267.573,267.573,265.6838,-0.004668,-0.042701,-0.078803,,,,,prob_above_buy_threshold,prob_above_buy_threshold,2026-05-15,1.0,2026-05-17T18:43:31Z,53086.3,-0.068529,-0.322338
ml_xgboost,ML – XGBoost,AAPL,xgboost,xgboost,xgboost,binary,binary-2026-05,D-ml_xgboost-ad12ea5ece15,S-AAPL-xgboost-20260303-8d85fe,T-ml_xgboost-788c749ce465,SELL,2026-05-17T18:43:31Z,2026-03-03,2026-03-03,263.48,264.72,263.48,265.56,260.13,263.75,38568900,112.0,112.0,0.0,61584.05,91093.81,29509.76,0.0,153172.13,153141.89,0.2,0.1927,0.0,39.44,0.2113,0.3944,0.55,47.23,0.4995,0.8488,-0.3493,281.1021,256.1829,268.6425,268.6425,265.019,-0.004664,-0.011071,-0.037763,-929.6,-0.030539,6,False,prob_below_sell_threshold,prob_below_sell_threshold,2026-05-15,1.0,2026-05-17T18:43:31Z,52156.7,-0.08484,-0.322338
ml_xgboost,ML – XGBoost,JPM,xgboost,xgboost,xgboost,binary,binary-2026-05,D-ml_xgboost-f8a15e0caf45,S-JPM-xgboost-20260319-0d1db9,T-ml_xgboost-ccd39ef55eb7,BUY,2026-05-17T18:43:31Z,2026-03-19,2026-03-19,286.88,287.74,286.88,289.51,284.62,287.97,9846700,105.0,0.0,105.0,91093.81,60971.41,0.0,30122.4,151055.43,151169.88,0.2,0.0,0.1993,58.32,0.1665,0.5832,0.55,39.07,-5.7261,-5.6071,-0.119,309.2741,278.4249,293.8495,293.8495,304.0336,-0.004896,0.012814,0.077508,,,,,prob_above_buy_threshold,prob_above_buy_threshold,2026-05-15,1.0,2026-05-17T18:43:31Z,52156.7,-0.08484,-0.322338
ml_xgboost,ML – XGBoost,MSFT,xgboost,xgboost,xgboost,binary,binary-2026-05,D-ml_xgboost-d99df2575a19,S-MSFT-xgboost-20260324-a81da8,T-ml_xgboost-2aced9ec6608,SELL,2026-05-17T18:43:31Z,2026-03-24,2026-03-24,382.36,383.0,382.36,382.47,371.85,372.74,42733600,77.0,77.0,0.0,60971.41,90413.13,29441.72,0.0,149508.35,150249.09,0.2,0.1969,0.0,39.09,0.2181,0.3909,0.55,28.41,-9.1305,-7.7542,-1.3763,417.4926,378.2694,397.881,397.881,416.7394,-0.004561,-0.006895,0.161453,-1058.75,-0.034713,32,False,prob_below_sell_threshold,prob_below_sell_threshold,2026-05-15,1.0,2026-05-17T18:43:31Z,51097.95,-0.103417,-0.322338
ml_xgboost,ML – XGBoost,UNH,xgboost,xgboost,xgboost,binary,binary-2026-05,D-ml_xgboost-20b0b472a672,S-UNH-xgboost-20260324-5f4365,T-ml_xgboost-3e2b1b031421,SELL,2026-05-17T18:43:31Z,2026-03-24,2026-03-24,268.87,269.54,268.87,273.38,267.59,272.28,5911700,107.0,107.0,0.0,90413.13,119182.22,28769.09,0.0,149508.35,149884.22,0.2,0.1924,0.0,43.33,0.1334,0.4333,0.55,38.78,-5.1422,-4.4917,-0.6505,297.0472,271.2148,284.131,284.131,295.5256,-0.006354,-0.006207,0.298369,-1793.32,-0.058677,39,False,prob_below_sell_threshold,prob_below_sell_threshold,2026-05-15,1.0,2026-05-17T18:43:31Z,49304.63,-0.134884,-0.322338
ml_xgboost,ML – XGBoost,AAPL,xgboost,xgboost,xgboost,binary,binary-2026-05,D-ml_xgboost-8c5906255090,S-AAPL-xgboost-20260327-f3eddc,T-ml_xgboost-f1fa31191988,BUY,2026-05-17T18:43:31Z,2026-03-27,2026-03-27,253.9,252.89,253.9,255.49,248.07,248.8,47900000,117.0,0.0,117.0,119182.22,89475.92,0.0,29706.3,148880.42,148283.72,0.2,0.0,0.2003,55.55,0.1111,0.5555,0.55,37.95,-3.6587,-3.471,-0.1877,265.9919,244.7601,255.376,255.376,260.2854,-0.008722,0.040434,0.075603,,,,,prob_above_buy_threshold,prob_above_buy_threshold,2026-05-15,1.0,2026-05-17T18:43:31Z,49304.63,-0.134884,-0.322338
ml_xgboost,ML – XGBoost,MSFT,xgboost,xgboost,xgboost,binary,binary-2026-05,D-ml_xgboost-fab124ec64ab,S-MSFT-xgboost-20260402-560d7d,T-ml_xgboost-e74ed64e6d69,BUY,2026-05-17T18:43:31Z,2026-04-02,2026-04-02,367.21,369.37,367.21,373.64,364.15,373.46,24099100,81.0,0.0,81.0,89475.92,59731.91,0.0,29744.01,150351.56,150857.81,0.2,0.0,0.1972,55.99,0.1198,0.5599,0.55,39.48,-11.5167,-11.1468,-0.3699,419.1829,351.8111,385.497,385.497,403.6066,-0.001553,-0.006935,0.109731,,,,,prob_above_buy_threshold,prob_above_buy_threshold,2026-05-15,1.0,2026-05-17T18:43:31Z,49304.63,-0.134884,-0.322338
ml_xgboost,ML – XGBoost,UNH,xgboost,xgboost,xgboost,binary,binary-2026-05,D-ml_xgboost-85bb1a34588c,S-UNH-xgboost-20260402-f1f81d,T-ml_xgboost-adc5548f807b,BUY,2026-05-17T18:43:31Z,2026-04-02,2026-04-02,272.29,273.98,272.29,279.04,271.53,277.26,6407000,110.0,0.0,110.0,59731.91,29780.01,0.0,29951.9,150351.56,151404.51,0.2,0.0,0.1978,62.48,0.2497,0.6248,0.55,48.74,-5.3595,-5.8809,0.5215,293.075,260.411,276.743,276.743,285.8392,0.014787,0.097634,0.330087,,,,,prob_above_buy_threshold,prob_above_buy_threshold,2026-05-15,1.0,2026-05-17T18:43:31Z,49304.63,-0.134884,-0.322338
ml_xgboost,ML – XGBoost,JPM,xgboost,xgboost,xgboost,binary,binary-2026-05,D-ml_xgboost-48e5cb24b0ac,S-JPM-xgboost-20260428-313e2b,T-ml_xgboost-fb22b3e09fba,SELL,2026-05-17T18:43:31Z,2026-04-28,2026-04-28,315.2,311.63,315.2,315.45,311.17,311.45,7398600,105.0,105.0,0.0,29780.01,62876.01,33096.0,0.0,169269.28,169663.03,0.2,0.1955,0.0,43.76,0.1248,0.4376,0.55,57.95,4.1695,4.1325,0.037,321.3813,292.8377,307.1095,307.1095,299.314,-0.007064,-0.006582,,2973.6,0.098717,40,True,prob_below_sell_threshold,prob_below_sell_threshold,2026-05-15,1.0,2026-05-17T18:43:31Z,52278.23,-0.082708,-0.322338
ml_xgboost,ML – XGBoost,MSFT,xgboost,xgboost,xgboost,binary,binary-2026-05,D-ml_xgboost-f85192c13a7e,S-MSFT-xgboost-20260504-6d30b2,T-ml_xgboost-d4704236362b,SELL,2026-05-17T18:43:31Z,2026-05-04,2026-05-04,411.54,414.44,411.54,420.78,410.8,413.62,28066500,81.0,81.0,0.0,62876.01,96210.75,33334.74,0.0,169550.84,169382.36,0.2,0.1966,0.0,41.0,0.1799,0.41,0.55,53.99,7.7176,7.9397,-0.2221,448.9922,366.2278,407.61,407.61,396.4382,-0.005416,-0.002321,,3590.73,0.120721,32,True,prob_below_sell_threshold,prob_below_sell_threshold,2026-05-15,1.0,2026-05-17T18:43:31Z,55868.96,-0.019704,-0.322338
ml_xgboost,ML – XGBoost,UNH,xgboost,xgboost,xgboost,binary,binary-2026-05,D-ml_xgboost-086a21be525e,S-UNH-xgboost-20260506-b57c39,T-ml_xgboost-7e3cf145e6e8,SELL,2026-05-17T18:43:31Z,2026-05-06,2026-05-06,363.1,363.87,363.1,368.55,358.25,367.28,6695500,110.0,110.0,0.0,96210.75,136151.75,39941.0,0.0,170250.22,169790.43,0.2,0.2346,0.0,37.81,0.2439,0.3781,0.55,75.88,19.9566,19.0725,0.8841,391.6989,294.2371,342.968,342.968,306.3658,0.006698,0.092246,,9989.1,0.333505,34,True,prob_below_sell_threshold,prob_below_sell_threshold,2026-05-15,1.0,2026-05-17T18:43:31Z,65858.06,0.0,-0.322338
ml_xgboost,ML – XGBoost,JNJ,xgboost,xgboost,xgboost,binary,binary-2026-05,D-ml_xgboost-b9b1620647f5,S-JNJ-xgboost-20260513-45473d,T-ml_xgboost-339ddd7eb47f,BUY,2026-05-17T18:43:31Z,2026-05-13,2026-05-13,225.82,224.26,225.82,230.8,225.44,230.42,7464500,151.0,0.0,151.0,136151.75,102052.93,0.0,34098.82,171119.54,171814.14,0.2,0.0,0.1985,65.71,0.3142,0.6571,0.55,51.95,-3.0716,-3.4583,0.3867,234.3885,219.7765,227.0825,227.0825,235.0592,0.001649,,,,,,,prob_above_buy_threshold,prob_above_buy_threshold,2026-05-15,1.0,2026-05-17T18:43:31Z,65858.06,0.0,-0.322338
