portfolio_id,portfolio_name,ticker,model_name,signal_source,strategy_name,label_mode,label_version,decision_id,signal_id,transaction_id,action,decision_timestamp_utc,market_date,execution_date,execution_price,previous_close,open,high,low,close,volume,quantity,shares_before,shares_after,cash_before,cash_after,position_value_before,position_value_after,portfolio_value_before,portfolio_value_after,weight_target,weight_actual_before,weight_actual,score,confidence,probability_up,threshold_used,rsi,macd,macd_signal,macd_hist,bb_upper,bb_lower,bb_middle,sma20,sma50,return_1d_after,return_5d_after,return_20d_after,trade_pnl_abs,trade_pnl_pct,holding_period_days,hit,reason,triggered_rules,data_version,strategy_version,generated_at_utc,cumulative_pnl,drawdown_after_trade,max_drawdown_to_date
lr,Regresja logistyczna,AAPL,seed,seed,logistic_regression,binary,binary-2026-08,D-lr-a5c9a08b3bd8,S-AAPL-seed-20230905,T-lr-54c76ea77c2a,SEED,2026-09-06T17:19:30Z,2023-09-05,2023-09-05,188.28,,188.28,189.98,187.61,189.7,45280000,10.0,0.0,10.0,100000.0,98117.2,0.0,1882.8,100000.0,100000.0,0.1,0.0,0.0,,,,,,,,,,,,,,-0.035793,-0.070638,-0.091197,,,,,seed_position,seed_position,2026-05-15,1.0,2026-09-06T17:19:30Z,0.0,0.0,0.0
lr,Regresja logistyczna,MSFT,seed,seed,logistic_regression,binary,binary-2026-08,D-lr-3441f13a60a1,S-MSFT-seed-20230905,T-lr-7fcc3565985f,SEED,2026-09-06T17:19:30Z,2023-09-05,2023-09-05,329.0,,329.0,334.85,328.66,333.55,18553900,10.0,0.0,10.0,98117.2,94827.2,0.0,3290.0,98117.2,98117.2,0.1,0.0,0.0,,,,,,,,,,,,,,-0.002009,-0.005337,-0.060441,,,,,seed_position,seed_position,2026-05-15,1.0,2026-09-06T17:19:30Z,0.0,0.0,0.0
lr,Regresja logistyczna,JPM,seed,seed,logistic_regression,binary,binary-2026-08,D-lr-9102da21c534,S-JPM-seed-20230905,T-lr-74c7f740c89c,SEED,2026-09-06T17:19:30Z,2023-09-05,2023-09-05,147.16,,147.16,148.21,145.01,145.2,7854700,10.0,0.0,10.0,94827.2,93355.6,0.0,1471.6,94827.2,94827.2,0.1,0.0,0.0,,,,,,,,,,,,,,-0.001653,0.007851,-0.017149,,,,,seed_position,seed_position,2026-05-15,1.0,2026-09-06T17:19:30Z,0.0,0.0,0.0
lr,Regresja logistyczna,XOM,seed,seed,logistic_regression,binary,binary-2026-08,D-lr-1521cc99eeab,S-XOM-seed-20230905,T-lr-94f403cef112,SEED,2026-09-06T17:19:30Z,2023-09-05,2023-09-05,114.1,,114.1,115.83,113.5,113.53,18304000,10.0,0.0,10.0,93355.6,92214.6,0.0,1141.0,93355.6,93355.6,0.1,0.0,0.0,,,,,,,,,,,,,,0.008632,0.034881,0.020259,,,,,seed_position,seed_position,2026-05-15,1.0,2026-09-06T17:19:30Z,0.0,0.0,0.0
lr,Regresja logistyczna,JNJ,seed,seed,logistic_regression,binary,binary-2026-08,D-lr-1c3bb1810688,S-JNJ-seed-20230905,T-lr-28edb5bd5c9d,SEED,2026-09-06T17:19:30Z,2023-09-05,2023-09-05,160.56,,160.56,161.97,160.28,160.68,9019800,10.0,0.0,10.0,92214.6,90609.0,0.0,1605.6,92214.6,92214.6,0.1,0.0,0.0,,,,,,,,,,,,,,-0.016617,0.018048,-0.033234,,,,,seed_position,seed_position,2026-05-15,1.0,2026-09-06T17:19:30Z,0.0,0.0,0.0
lr,Regresja logistyczna,UNH,seed,seed,logistic_regression,binary,binary-2026-08,D-lr-ef30ce02cea9,S-UNH-seed-20230905,T-lr-ceb92ea4ab3d,SEED,2026-09-06T17:19:30Z,2023-09-05,2023-09-05,478.0,,478.0,484.6,477.54,480.81,3443300,10.0,0.0,10.0,90609.0,85829.0,0.0,4780.0,90609.0,90609.0,0.1,0.0,0.0,,,,,,,,,,,,,,-0.008049,-0.001893,0.059608,,,,,seed_position,seed_position,2026-05-15,1.0,2026-09-06T17:19:30Z,0.0,0.0,0.0
lr,Regresja logistyczna,PG,seed,seed,logistic_regression,binary,binary-2026-08,D-lr-d51b91ada3fe,S-PG-seed-20230905,T-lr-3455c32d7158,SEED,2026-09-06T17:19:30Z,2023-09-05,2023-09-05,153.8,,153.8,154.85,152.4,152.44,5097000,10.0,0.0,10.0,85829.0,84291.0,0.0,1538.0,85829.0,85829.0,0.1,0.0,0.0,,,,,,,,,,,,,,-0.001968,-0.00269,-0.045592,,,,,seed_position,seed_position,2026-05-15,1.0,2026-09-06T17:19:30Z,0.0,0.0,0.0
lr,Regresja logistyczna,KO,seed,seed,logistic_regression,binary,binary-2026-08,D-lr-afa7b517f786,S-KO-seed-20230905,T-lr-bc1270e5f4a5,SEED,2026-09-06T17:19:30Z,2023-09-05,2023-09-05,59.25,,59.25,59.32,58.67,58.82,12474600,10.0,0.0,10.0,84291.0,83698.5,0.0,592.5,84291.0,84291.0,0.1,0.0,0.0,,,,,,,,,,,,,,-0.00068,-0.008841,-0.066984,,,,,seed_position,seed_position,2026-05-15,1.0,2026-09-06T17:19:30Z,0.0,0.0,0.0
lr,Regresja logistyczna,WMT,seed,seed,logistic_regression,binary,binary-2026-08,D-lr-677d3767d1b0,S-WMT-seed-20230905,T-lr-fdd37b6e2632,SEED,2026-09-06T17:19:30Z,2023-09-05,2023-09-05,53.95,,53.95,54.2667,53.3933,53.4233,15209400,10.0,0.0,10.0,83698.5,83159.0,0.0,539.5,83698.5,83698.5,0.1,0.0,0.0,,,,,,,,,,,,,,0.007487,0.026518,-0.007363,,,,,seed_position,seed_position,2026-05-15,1.0,2026-09-06T17:19:30Z,0.0,0.0,0.0
lr,Regresja logistyczna,NEE,seed,seed,logistic_regression,binary,binary-2026-08,D-lr-f9b8a7e3520a,S-NEE-seed-20230905,T-lr-aae700610998,SEED,2026-09-06T17:19:30Z,2023-09-05,2023-09-05,66.82,,66.82,67.27,65.81,66.2,10002700,10.0,0.0,10.0,83159.0,82490.8,0.0,668.2,83159.0,83159.0,0.1,0.0,0.0,,,,,,,,,,,,,,-0.007704,0.023112,-0.202719,,,,,seed_position,seed_position,2026-05-15,1.0,2026-09-06T17:19:30Z,0.0,0.0,0.0
lr,Regresja logistyczna,AAPL,logistic_regression,logistic_regression,logistic_regression,binary,binary-2026-08,D-lr-850b51446da9,S-AAPL-logistic_regression-20230905-fde54b,T-lr-b6a25e49e2f9,SELL,2026-09-06T17:19:30Z,2023-09-05,2023-09-05,188.28,,188.28,189.98,187.61,189.7,45280000,1.0,10.0,9.0,82490.8,82679.08,1882.8,1694.52,100034.33,100032.91,0.1,0.0188,0.0169,50.0,,,0.5,,,,,,,,,,-0.035793,-0.070638,-0.091197,0.0,0.0,0,False,prob_below_buy_threshold,prob_below_buy_threshold,2026-05-15,1.0,2026-09-06T17:19:30Z,0.0,0.0,0.0
lr,Regresja logistyczna,MSFT,logistic_regression,logistic_regression,logistic_regression,binary,binary-2026-08,D-lr-004e1199b35c,S-MSFT-logistic_regression-20230905-0cb773,T-lr-c6fb3d950615,SELL,2026-09-06T17:19:30Z,2023-09-05,2023-09-05,329.0,,329.0,334.85,328.66,333.55,18553900,1.0,10.0,9.0,82679.08,83008.08,3290.0,2961.0,100034.33,100028.36,0.1,0.0329,0.0296,50.0,,,0.5,,,,,,,,,,-0.002009,-0.005337,-0.060441,0.0,0.0,0,False,prob_below_buy_threshold,prob_below_buy_threshold,2026-05-15,1.0,2026-09-06T17:19:30Z,0.0,0.0,0.0
lr,Regresja logistyczna,JPM,logistic_regression,logistic_regression,logistic_regression,binary,binary-2026-08,D-lr-4e049c4278bb,S-JPM-logistic_regression-20230905-897856,T-lr-fd2383ab7138,SELL,2026-09-06T17:19:30Z,2023-09-05,2023-09-05,147.16,,147.16,148.21,145.01,145.2,7854700,1.0,10.0,9.0,83008.08,83155.24,1471.6,1324.44,100034.33,100030.32,0.1,0.0147,0.0132,50.0,,,0.5,,,,,,,,,,-0.001653,0.007851,-0.017149,0.0,0.0,0,False,prob_below_buy_threshold,prob_below_buy_threshold,2026-05-15,1.0,2026-09-06T17:19:30Z,0.0,0.0,0.0
lr,Regresja logistyczna,XOM,logistic_regression,logistic_regression,logistic_regression,binary,binary-2026-08,D-lr-32c34e921cbb,S-XOM-logistic_regression-20230905-9bfb6e,T-lr-6858243c5e5c,SELL,2026-09-06T17:19:30Z,2023-09-05,2023-09-05,114.1,,114.1,115.83,113.5,113.53,18304000,1.0,10.0,9.0,83155.24,83269.34,1141.0,1026.9,100034.33,100030.89,0.1,0.0114,0.0103,50.0,,,0.5,,,,,,,,,,0.008632,0.034881,0.020259,0.0,0.0,0,False,prob_below_buy_threshold,prob_below_buy_threshold,2026-05-15,1.0,2026-09-06T17:19:30Z,0.0,0.0,0.0
lr,Regresja logistyczna,JNJ,logistic_regression,logistic_regression,logistic_regression,binary,binary-2026-08,D-lr-1af9128123b0,S-JNJ-logistic_regression-20230905-7ca6d0,T-lr-7d131acd07b1,SELL,2026-09-06T17:19:30Z,2023-09-05,2023-09-05,160.56,,160.56,161.97,160.28,160.68,9019800,1.0,10.0,9.0,83269.34,83429.9,1605.6,1445.04,100034.33,100030.77,0.1,0.0161,0.0144,50.0,,,0.5,,,,,,,,,,-0.016617,0.018048,-0.033234,0.0,0.0,0,False,prob_below_buy_threshold,prob_below_buy_threshold,2026-05-15,1.0,2026-09-06T17:19:30Z,0.0,0.0,0.0
lr,Regresja logistyczna,UNH,logistic_regression,logistic_regression,logistic_regression,binary,binary-2026-08,D-lr-7411f1455c8a,S-UNH-logistic_regression-20230905-1acd83,T-lr-ee43720ac400,SELL,2026-09-06T17:19:30Z,2023-09-05,2023-09-05,478.0,,478.0,484.6,477.54,480.81,3443300,1.0,10.0,9.0,83429.9,83907.9,4780.0,4302.0,100034.33,100027.96,0.1,0.0478,0.043,50.0,,,0.5,,,,,,,,,,-0.008049,-0.001893,0.059608,0.0,0.0,0,False,prob_below_buy_threshold,prob_below_buy_threshold,2026-05-15,1.0,2026-09-06T17:19:30Z,0.0,0.0,0.0
lr,Regresja logistyczna,PG,logistic_regression,logistic_regression,logistic_regression,binary,binary-2026-08,D-lr-b9c1cdefe978,S-PG-logistic_regression-20230905-67dc1c,T-lr-bf0e957ea173,SELL,2026-09-06T17:19:30Z,2023-09-05,2023-09-05,153.8,,153.8,154.85,152.4,152.44,5097000,1.0,10.0,9.0,83907.9,84061.7,1538.0,1384.2,100034.33,100029.32,0.1,0.0154,0.0138,50.0,,,0.5,,,,,,,,,,-0.001968,-0.00269,-0.045592,0.0,0.0,0,False,prob_below_buy_threshold,prob_below_buy_threshold,2026-05-15,1.0,2026-09-06T17:19:30Z,0.0,0.0,0.0
lr,Regresja logistyczna,KO,logistic_regression,logistic_regression,logistic_regression,binary,binary-2026-08,D-lr-f23be1f1ff26,S-KO-logistic_regression-20230905-b0341c,T-lr-2551f82f2b9a,SELL,2026-09-06T17:19:30Z,2023-09-05,2023-09-05,59.25,,59.25,59.32,58.67,58.82,12474600,1.0,10.0,9.0,84061.7,84120.95,592.5,533.25,100034.33,100029.75,0.1,0.0059,0.0053,50.0,,,0.5,,,,,,,,,,-0.00068,-0.008841,-0.066984,0.0,0.0,0,False,prob_below_buy_threshold,prob_below_buy_threshold,2026-05-15,1.0,2026-09-06T17:19:30Z,0.0,0.0,0.0
lr,Regresja logistyczna,WMT,logistic_regression,logistic_regression,logistic_regression,binary,binary-2026-08,D-lr-a1adb83e0efc,S-WMT-logistic_regression-20230905-6d7df1,T-lr-666ba417f30d,SELL,2026-09-06T17:19:30Z,2023-09-05,2023-09-05,53.95,,53.95,54.2667,53.3933,53.4233,15209400,1.0,10.0,9.0,84120.95,84174.9,539.5,485.55,100034.33,100030.28,0.1,0.0054,0.0049,50.0,,,0.5,,,,,,,,,,0.007487,0.026518,-0.007363,0.0,0.0,0,False,prob_below_buy_threshold,prob_below_buy_threshold,2026-05-15,1.0,2026-09-06T17:19:30Z,0.0,0.0,0.0
lr,Regresja logistyczna,NEE,logistic_regression,logistic_regression,logistic_regression,binary,binary-2026-08,D-lr-79efc44fa1fe,S-NEE-logistic_regression-20230905-7701f2,T-lr-d87e658f1397,SELL,2026-09-06T17:19:30Z,2023-09-05,2023-09-05,66.82,,66.82,67.27,65.81,66.2,10002700,1.0,10.0,9.0,84174.9,84241.72,668.2,601.38,100034.33,100030.9,0.1,0.0067,0.006,50.0,,,0.5,,,,,,,,,,-0.007704,0.023112,-0.202719,0.0,0.0,0,False,prob_below_buy_threshold,prob_below_buy_threshold,2026-05-15,1.0,2026-09-06T17:19:30Z,0.0,0.0,0.0
lr,Regresja logistyczna,AAPL,logistic_regression,logistic_regression,logistic_regression,binary,binary-2026-08,D-lr-35c42e99b6d9,S-AAPL-logistic_regression-20230906-9a9c60,T-lr-a56dc16df994,SELL,2026-09-06T17:19:30Z,2023-09-06,2023-09-06,188.4,189.7,188.4,188.85,181.47,182.91,81755800,1.0,9.0,8.0,84241.72,84430.12,1695.6,1507.2,99907.51,99913.0,0.1,0.017,0.0151,50.0,,,0.5,,,,,,,,,,-0.029249,-0.047564,-0.050571,0.12,0.000637,1,True,prob_below_buy_threshold,prob_below_buy_threshold,2026-05-15,1.0,2026-09-06T17:19:30Z,0.12,0.0,0.0
lr,Regresja logistyczna,MSFT,logistic_regression,logistic_regression,logistic_regression,binary,binary-2026-08,D-lr-bd1f7139c5c7,S-MSFT-logistic_regression-20230906-e98048,T-lr-af22661f379e,SELL,2026-09-06T17:19:30Z,2023-09-06,2023-09-06,333.38,333.55,333.38,334.46,330.18,332.88,17535800,1.0,9.0,8.0,84430.12,84763.5,3000.42,2667.04,99907.51,99913.5,0.1,0.03,0.0267,50.0,,,0.5,,,,,,,,,,-0.008922,0.009553,-0.041817,4.38,0.013313,1,True,prob_below_buy_threshold,prob_below_buy_threshold,2026-05-15,1.0,2026-09-06T17:19:30Z,4.5,0.0,0.0
lr,Regresja logistyczna,JPM,logistic_regression,logistic_regression,logistic_regression,binary,binary-2026-08,D-lr-36e6bbcb906d,S-JPM-logistic_regression-20230906-eec83f,T-lr-6119e21d5875,SELL,2026-09-06T17:19:30Z,2023-09-06,2023-09-06,144.7,145.2,144.7,145.54,144.11,144.96,8629200,1.0,9.0,8.0,84763.5,84908.2,1302.3,1157.6,99907.51,99913.24,0.1,0.013,0.0116,50.0,,,0.5,,,,,,,,,,-0.008554,0.010003,-0.011107,-2.46,-0.016717,1,False,prob_below_buy_threshold,prob_below_buy_threshold,2026-05-15,1.0,2026-09-06T17:19:30Z,2.04,-0.546667,-0.546667
lr,Regresja logistyczna,XOM,logistic_regression,logistic_regression,logistic_regression,binary,binary-2026-08,D-lr-b46ab197644e,S-XOM-logistic_regression-20230906-1b1089,T-lr-9e6a0a303d8a,SELL,2026-09-06T17:19:30Z,2023-09-06,2023-09-06,113.48,113.53,113.48,114.59,113.23,114.51,13325500,1.0,9.0,8.0,84908.2,85021.68,1021.32,907.84,99907.51,99912.21,0.1,0.0102,0.0091,50.0,,,0.5,,,,,,,,,,-0.00489,0.016854,-0.026286,-0.62,-0.005434,1,False,prob_below_buy_threshold,prob_below_buy_threshold,2026-05-15,1.0,2026-09-06T17:19:30Z,1.42,-0.684444,-0.684444
lr,Regresja logistyczna,JNJ,logistic_regression,logistic_regression,logistic_regression,binary,binary-2026-08,D-lr-ebff50dd0965,S-JNJ-logistic_regression-20230906-e31c3c,T-lr-6b29cdba0350,SELL,2026-09-06T17:19:30Z,2023-09-06,2023-09-06,159.84,160.68,159.84,160.0,157.35,158.01,9753800,1.0,9.0,8.0,85021.68,85181.52,1438.56,1278.72,99907.51,99914.04,0.1,0.0144,0.0128,50.0,,,0.5,,,,,,,,,,0.012784,0.037846,-0.015758,-0.72,-0.004484,1,False,prob_below_buy_threshold,prob_below_buy_threshold,2026-05-15,1.0,2026-09-06T17:19:30Z,0.7,-0.844444,-0.844444
lr,Regresja logistyczna,UNH,logistic_regression,logistic_regression,logistic_regression,binary,binary-2026-08,D-lr-31eeef5be060,S-UNH-logistic_regression-20230906-08448b,T-lr-4df3b0aefd44,SELL,2026-09-06T17:19:30Z,2023-09-06,2023-09-06,482.09,480.81,482.09,483.16,476.38,476.94,2596100,1.0,9.0,8.0,85181.52,85663.61,4338.81,3856.72,99907.51,99919.19,0.1,0.0434,0.0386,50.0,,,0.5,,,,,,,,,,0.016501,0.00608,0.070617,4.09,0.008556,1,True,prob_below_buy_threshold,prob_below_buy_threshold,2026-05-15,1.0,2026-09-06T17:19:30Z,4.79,0.0,-0.844444
lr,Regresja logistyczna,PG,logistic_regression,logistic_regression,logistic_regression,binary,binary-2026-08,D-lr-d7ae7e1555b3,S-PG-logistic_regression-20230906-218933,T-lr-bc965d86cbb0,SELL,2026-09-06T17:19:30Z,2023-09-06,2023-09-06,152.29,152.44,152.29,152.45,151.54,152.14,3877400,1.0,9.0,8.0,85663.61,85815.9,1370.61,1218.32,99907.51,99919.34,0.1,0.0137,0.0122,50.0,,,0.5,,,,,,,,,,0.009531,0.006244,-0.040555,-1.51,-0.009818,1,False,prob_below_buy_threshold,prob_below_buy_threshold,2026-05-15,1.0,2026-09-06T17:19:30Z,3.28,-0.31524,-0.844444
lr,Regresja logistyczna,KO,logistic_regression,logistic_regression,logistic_regression,binary,binary-2026-08,D-lr-94abf630a9cf,S-KO-logistic_regression-20230906-bc3ffd,T-lr-da98cdd40dfe,SELL,2026-09-06T17:19:30Z,2023-09-06,2023-09-06,58.62,58.82,58.62,58.83,58.42,58.78,13923500,1.0,9.0,8.0,85815.9,85874.52,527.58,468.96,99907.51,99919.18,0.1,0.0053,0.0047,50.0,,,0.5,,,,,,,,,,-0.007656,-0.005784,-0.063627,-0.63,-0.010633,1,False,prob_below_buy_threshold,prob_below_buy_threshold,2026-05-15,1.0,2026-09-06T17:19:30Z,2.65,-0.446764,-0.844444
lr,Regresja logistyczna,WMT,logistic_regression,logistic_regression,logistic_regression,binary,binary-2026-08,D-lr-f163d9f9300e,S-WMT-logistic_regression-20230906-1b9bbb,T-lr-91b842f56b75,SELL,2026-09-06T17:19:30Z,2023-09-06,2023-09-06,53.4667,53.4233,53.4667,54.0567,53.3033,53.8233,14594700,1.0,9.0,8.0,85874.52,85927.99,481.2,427.73,99907.51,99918.82,0.1,0.0048,0.0043,50.0,,,0.5,,,,,,,,,,0.012386,0.019137,-0.002911,-0.48,-0.008959,1,False,prob_below_buy_threshold,prob_below_buy_threshold,2026-05-15,1.0,2026-09-06T17:19:30Z,2.17,-0.546973,-0.844444
lr,Regresja logistyczna,NEE,logistic_regression,logistic_regression,logistic_regression,binary,binary-2026-08,D-lr-ea9a0de3fe27,S-NEE-logistic_regression-20230906-2a1cb0,T-lr-910b39de3665,SELL,2026-09-06T17:19:30Z,2023-09-06,2023-09-06,66.03,66.2,66.03,66.41,65.36,65.69,9250300,1.0,9.0,8.0,85927.99,85994.02,594.27,528.24,99907.51,99919.16,0.1,0.0059,0.0053,50.0,,,0.5,,,,,,,,,,0.008525,0.041711,-0.229411,-0.79,-0.011823,1,False,prob_below_buy_threshold,prob_below_buy_threshold,2026-05-15,1.0,2026-09-06T17:19:30Z,1.38,-0.7119,-0.844444
lr,Regresja logistyczna,AAPL,logistic_regression,logistic_regression,logistic_regression,binary,binary-2026-08,D-lr-9cd629c8ff9e,S-AAPL-logistic_regression-20230907-13a471,T-lr-e7b82593b8f8,SELL,2026-09-06T17:19:30Z,2023-09-07,2023-09-07,175.18,182.91,175.18,178.21,173.54,177.56,112488800,1.0,8.0,7.0,85994.02,86169.2,1401.44,1226.26,99935.14,99932.76,0.1,0.014,0.0123,50.0,,,0.5,,,,,,,,,,0.003492,-0.01025,-0.014924,-13.1,-0.069577,2,False,prob_below_buy_threshold,prob_below_buy_threshold,2026-05-15,1.0,2026-09-06T17:19:30Z,-11.72,-3.446764,-3.446764
lr,Regresja logistyczna,MSFT,logistic_regression,logistic_regression,logistic_regression,binary,binary-2026-08,D-lr-101709d96112,S-MSFT-logistic_regression-20230907-5612fc,T-lr-6374255e4fbe,SELL,2026-09-06T17:19:30Z,2023-09-07,2023-09-07,331.29,332.88,331.29,333.08,329.03,329.91,18381000,1.0,8.0,7.0,86169.2,86500.49,2650.32,2319.03,99935.14,99934.14,0.1,0.0265,0.0232,50.0,,,0.5,,,,,,,,,,0.013216,0.026644,-0.031978,2.29,0.006961,2,True,prob_below_buy_threshold,prob_below_buy_threshold,2026-05-15,1.0,2026-09-06T17:19:30Z,-9.43,-2.968685,-3.446764
lr,Regresja logistyczna,JPM,logistic_regression,logistic_regression,logistic_regression,binary,binary-2026-08,D-lr-10b84f997d04,S-JPM-logistic_regression-20230907-c05753,T-lr-b34bac05c735,SELL,2026-09-06T17:19:30Z,2023-09-07,2023-09-07,144.13,144.96,144.13,145.27,143.39,143.72,8373700,1.0,8.0,7.0,86500.49,86644.62,1153.04,1008.91,99935.14,99934.55,0.1,0.0115,0.0101,50.0,,,0.5,,,,,,,,,,0.000765,0.038478,-0.005706,-3.03,-0.02059,2,False,prob_below_buy_threshold,prob_below_buy_threshold,2026-05-15,1.0,2026-09-06T17:19:30Z,-12.46,-3.601253,-3.601253
lr,Regresja logistyczna,XOM,logistic_regression,logistic_regression,logistic_regression,binary,binary-2026-08,D-lr-6bdfd4a5172b,S-XOM-logistic_regression-20230907-5f2a23,T-lr-98c44fbdc294,SELL,2026-09-06T17:19:30Z,2023-09-07,2023-09-07,114.65,114.51,114.65,115.85,113.7,113.95,13248500,1.0,8.0,7.0,86644.62,86759.27,917.2,802.55,99935.14,99935.25,0.1,0.0092,0.008,50.0,,,0.5,,,,,,,,,,0.014568,0.040105,-0.043528,0.55,0.00482,2,True,prob_below_buy_threshold,prob_below_buy_threshold,2026-05-15,1.0,2026-09-06T17:19:30Z,-11.91,-3.48643,-3.601253
lr,Regresja logistyczna,JNJ,logistic_regression,logistic_regression,logistic_regression,binary,binary-2026-08,D-lr-1c8ca1b0ca74,S-JNJ-logistic_regression-20230907-59a542,T-lr-949e6f1fe01d,SELL,2026-09-06T17:19:30Z,2023-09-07,2023-09-07,159.14,158.01,159.14,161.06,158.98,160.03,9931800,1.0,8.0,7.0,86759.27,86918.41,1273.12,1113.98,99935.14,99934.36,0.1,0.0127,0.0111,50.0,,,0.5,,,,,,,,,,0.003312,0.023183,-0.018059,-1.42,-0.008844,2,False,prob_below_buy_threshold,prob_below_buy_threshold,2026-05-15,1.0,2026-09-06T17:19:30Z,-13.33,-3.782881,-3.782881
lr,Regresja logistyczna,UNH,logistic_regression,logistic_regression,logistic_regression,binary,binary-2026-08,D-lr-bcdb578dc00e,S-UNH-logistic_regression-20230907-6a0151,T-lr-7eb878dfbe10,SELL,2026-09-06T17:19:30Z,2023-09-07,2023-09-07,479.9,476.94,479.9,487.11,478.6,484.81,2928000,1.0,8.0,7.0,86918.41,87398.31,3839.2,3359.3,99935.14,99929.45,0.1,0.0384,0.0336,50.0,,,0.5,,,,,,,,,,-0.008333,-0.002496,0.064809,1.9,0.003975,2,True,prob_below_buy_threshold,prob_below_buy_threshold,2026-05-15,1.0,2026-09-06T17:19:30Z,-11.43,-3.386221,-3.782881
lr,Regresja logistyczna,PG,logistic_regression,logistic_regression,logistic_regression,binary,binary-2026-08,D-lr-e7e24c2b4f62,S-PG-logistic_regression-20230907-825afe,T-lr-533b11be1e10,SELL,2026-09-06T17:19:30Z,2023-09-07,2023-09-07,152.49,152.14,152.49,154.19,152.37,153.59,4824800,1.0,8.0,7.0,87398.31,87550.8,1219.92,1067.43,99935.14,99928.35,0.1,0.0122,0.0107,50.0,,,0.5,,,,,,,,,,-0.004297,0.007683,-0.063741,-1.31,-0.008518,2,False,prob_below_buy_threshold,prob_below_buy_threshold,2026-05-15,1.0,2026-09-06T17:19:30Z,-12.74,-3.659708,-3.782881
lr,Regresja logistyczna,KO,logistic_regression,logistic_regression,logistic_regression,binary,binary-2026-08,D-lr-45835ea678fb,S-KO-logistic_regression-20230907-dfd2cb,T-lr-a7c9fe0b9bf0,SELL,2026-09-06T17:19:30Z,2023-09-07,2023-09-07,58.95,58.78,58.95,59.16,58.3,58.33,17628600,1.0,8.0,7.0,87550.8,87609.75,471.6,412.65,99935.14,99928.97,0.1,0.0047,0.0041,50.0,,,0.5,,,,,,,,,,0.0,0.002229,-0.102006,-0.3,-0.005063,2,False,prob_below_buy_threshold,prob_below_buy_threshold,2026-05-15,1.0,2026-09-06T17:19:30Z,-13.04,-3.722338,-3.782881
lr,Regresja logistyczna,WMT,logistic_regression,logistic_regression,logistic_regression,binary,binary-2026-08,D-lr-620d40e3e781,S-WMT-logistic_regression-20230907-2a53dc,T-lr-d9bf2e0e35ca,SELL,2026-09-06T17:19:30Z,2023-09-07,2023-09-07,54.0,53.8233,54.0,54.4933,53.83,54.49,19120800,1.0,8.0,7.0,87609.75,87663.75,432.0,378.0,99935.14,99928.48,0.1,0.0043,0.0038,50.0,,,0.5,,,,,,,,,,0.001835,0.010889,-0.026855,0.05,0.000927,2,True,prob_below_buy_threshold,prob_below_buy_threshold,2026-05-15,1.0,2026-09-06T17:19:30Z,-12.99,-3.7119,-3.782881
lr,Regresja logistyczna,NEE,logistic_regression,logistic_regression,logistic_regression,binary,binary-2026-08,D-lr-56b185ba890a,S-NEE-logistic_regression-20230907-e1ee20,T-lr-8cf7953f21b6,SELL,2026-09-06T17:19:30Z,2023-09-07,2023-09-07,66.28,65.69,66.28,66.97,65.87,66.25,9981100,1.0,8.0,7.0,87663.75,87730.03,530.24,463.96,99935.14,99928.51,0.1,0.0053,0.0046,50.0,,,0.5,,,,,,,,,,0.008755,0.045736,-0.253585,-0.54,-0.008081,2,False,prob_below_buy_threshold,prob_below_buy_threshold,2026-05-15,1.0,2026-09-06T17:19:30Z,-13.53,-3.824635,-3.824635
lr,Regresja logistyczna,AAPL,logistic_regression,logistic_regression,logistic_regression,binary,binary-2026-08,D-lr-dae196c7557e,S-AAPL-logistic_regression-20230908-11b84d,T-lr-6a43c3859522,SELL,2026-09-06T17:19:30Z,2023-09-08,2023-09-08,178.35,177.56,178.35,180.24,177.79,178.18,65551300,1.0,7.0,6.0,87730.03,87908.38,1248.45,1070.1,99951.33,99951.5,0.1,0.0125,0.0107,50.0,,,0.5,,,,,,,,,,0.006623,-0.017791,-0.003872,-9.93,-0.052741,3,False,prob_below_buy_threshold,prob_below_buy_threshold,2026-05-15,1.0,2026-09-06T17:19:30Z,-23.46,-5.897704,-5.897704
lr,Regresja logistyczna,MSFT,logistic_regression,logistic_regression,logistic_regression,binary,binary-2026-08,D-lr-b55a8402272a,S-MSFT-logistic_regression-20230908-b9ea4c,T-lr-4999e429e3e2,SELL,2026-09-06T17:19:30Z,2023-09-08,2023-09-08,330.09,329.91,330.09,336.16,329.46,334.27,19530100,1.0,7.0,6.0,87908.38,88238.47,2310.63,1980.54,99951.33,99947.32,0.1,0.0231,0.0198,50.0,,,0.5,,,,,,,,,,0.010979,-0.012116,-0.020971,1.09,0.003313,3,True,prob_below_buy_threshold,prob_below_buy_threshold,2026-05-15,1.0,2026-09-06T17:19:30Z,-22.37,-5.670146,-5.897704
lr,Regresja logistyczna,JPM,logistic_regression,logistic_regression,logistic_regression,binary,binary-2026-08,D-lr-7b624c433611,S-JPM-logistic_regression-20230908-1aa387,T-lr-7b6ac55a84c2,SELL,2026-09-06T17:19:30Z,2023-09-08,2023-09-08,143.37,143.72,143.37,144.12,142.65,143.83,7107900,1.0,7.0,6.0,88238.47,88381.84,1003.59,860.22,99951.33,99946.86,0.1,0.01,0.0086,50.0,,,0.5,,,,,,,,,,0.00438,0.034624,0.00883,-3.79,-0.025754,3,False,prob_below_buy_threshold,prob_below_buy_threshold,2026-05-15,1.0,2026-09-06T17:19:30Z,-26.16,-6.461378,-6.461378
lr,Regresja logistyczna,XOM,logistic_regression,logistic_regression,logistic_regression,binary,binary-2026-08,D-lr-70a3b11d9bc1,S-XOM-logistic_regression-20230908-48cb97,T-lr-3bbeae4a50a9,SELL,2026-09-06T17:19:30Z,2023-09-08,2023-09-08,114.53,113.95,114.53,116.05,114.32,115.61,14283200,1.0,7.0,6.0,88381.84,88496.37,801.71,687.18,99951.33,99945.78,0.1,0.008,0.0069,50.0,,,0.5,,,,,,,,,,-0.012542,0.009428,-0.073004,0.43,0.003769,3,True,prob_below_buy_threshold,prob_below_buy_threshold,2026-05-15,1.0,2026-09-06T17:19:30Z,-25.73,-6.371608,-6.461378
lr,Regresja logistyczna,JNJ,logistic_regression,logistic_regression,logistic_regression,binary,binary-2026-08,D-lr-d4d077e347f7,S-JNJ-logistic_regression-20230908-7081db,T-lr-6144c83c37ab,SELL,2026-09-06T17:19:30Z,2023-09-08,2023-09-08,159.59,160.03,159.59,160.68,159.19,160.56,6957000,1.0,7.0,6.0,88496.37,88655.96,1117.13,957.54,99951.33,99944.81,0.1,0.0112,0.0096,50.0,,,0.5,,,,,,,,,,0.013079,0.005543,-0.018186,-0.97,-0.006041,3,False,prob_below_buy_threshold,prob_below_buy_threshold,2026-05-15,1.0,2026-09-06T17:19:30Z,-26.7,-6.574113,-6.574113
lr,Regresja logistyczna,UNH,logistic_regression,logistic_regression,logistic_regression,binary,binary-2026-08,D-lr-3e74db90c608,S-UNH-logistic_regression-20230908-043731,T-lr-b7d46dbe0818,SELL,2026-09-06T17:19:30Z,2023-09-08,2023-09-08,480.19,484.81,480.19,482.97,478.75,480.77,1858400,1.0,7.0,6.0,88655.96,89136.15,3361.33,2881.14,99951.33,99944.23,0.1,0.0336,0.0288,50.0,,,0.5,,,,,,,,,,-0.002891,0.012334,0.091603,2.19,0.004582,3,True,prob_below_buy_threshold,prob_below_buy_threshold,2026-05-15,1.0,2026-09-06T17:19:30Z,-24.51,-6.11691,-6.574113
lr,Regresja logistyczna,PG,logistic_regression,logistic_regression,logistic_regression,binary,binary-2026-08,D-lr-53dd3f6886f3,S-PG-logistic_regression-20230908-ceba4c,T-lr-1b7762e50aba,SELL,2026-09-06T17:19:30Z,2023-09-08,2023-09-08,153.42,153.59,153.42,153.46,152.35,152.93,3384700,1.0,7.0,6.0,89136.15,89289.57,1073.94,920.52,99951.33,99944.72,0.1,0.0107,0.0092,50.0,,,0.5,,,,,,,,,,0.011901,0.003531,-0.057804,-0.38,-0.002471,3,False,prob_below_buy_threshold,prob_below_buy_threshold,2026-05-15,1.0,2026-09-06T17:19:30Z,-24.89,-6.196242,-6.574113
lr,Regresja logistyczna,KO,logistic_regression,logistic_regression,logistic_regression,binary,binary-2026-08,D-lr-37ca46a557bf,S-KO-logistic_regression-20230908-ad8141,T-lr-33cf481dfaab,SELL,2026-09-06T17:19:30Z,2023-09-08,2023-09-08,58.3,58.33,58.3,58.41,58.01,58.33,14312300,1.0,7.0,6.0,89289.57,89347.87,408.1,349.8,99951.33,99944.69,0.1,0.0041,0.0035,50.0,,,0.5,,,,,,,,,,0.009429,-0.006686,-0.088977,-0.95,-0.016034,3,False,prob_below_buy_threshold,prob_below_buy_threshold,2026-05-15,1.0,2026-09-06T17:19:30Z,-25.84,-6.394572,-6.574113
lr,Regresja logistyczna,WMT,logistic_regression,logistic_regression,logistic_regression,binary,binary-2026-08,D-lr-9b62b4616dc8,S-WMT-logistic_regression-20230908-3ec09a,T-lr-89f14c0e05fb,SELL,2026-09-06T17:19:30Z,2023-09-08,2023-09-08,54.4933,54.49,54.4933,54.62,54.3567,54.59,12667200,1.0,7.0,6.0,89347.87,89402.36,381.45,326.96,99951.33,99944.59,0.1,0.0038,0.0033,50.0,,,0.5,,,,,,,,,,0.00348,0.005312,-0.044941,0.54,0.010071,3,True,prob_below_buy_threshold,prob_below_buy_threshold,2026-05-15,1.0,2026-09-06T17:19:30Z,-25.3,-6.281837,-6.574113
lr,Regresja logistyczna,NEE,logistic_regression,logistic_regression,logistic_regression,binary,binary-2026-08,D-lr-ff9008831c9f,S-NEE-logistic_regression-20230908-b45e1f,T-lr-567bf0dfc11b,SELL,2026-09-06T17:19:30Z,2023-09-08,2023-09-08,66.26,66.25,66.26,67.0,66.07,66.83,7484800,1.0,7.0,6.0,89402.36,89468.62,463.82,397.56,99951.33,99944.02,0.1,0.0046,0.004,50.0,,,0.5,,,,,,,,,,0.010474,0.027084,-0.248242,-0.56,-0.008381,3,False,prob_below_buy_threshold,prob_below_buy_threshold,2026-05-15,1.0,2026-09-06T17:19:30Z,-25.86,-6.398747,-6.574113
lr,Regresja logistyczna,AAPL,logistic_regression,logistic_regression,logistic_regression,binary,binary-2026-08,D-lr-81e3f1a0fc63,S-AAPL-logistic_regression-20230911-edcced,T-lr-b838b663f19d,SELL,2026-09-06T17:19:30Z,2023-09-11,2023-09-11,180.07,178.18,180.07,180.3,177.34,179.36,58953100,1.0,6.0,5.0,89468.62,89648.69,1080.42,900.35,99992.02,99992.73,0.1,0.0108,0.009,50.0,,,0.5,,,,,,,,,,-0.017061,-0.00775,-0.002063,-8.21,-0.043605,6,False,prob_below_buy_threshold,prob_below_buy_threshold,2026-05-15,1.0,2026-09-06T17:19:30Z,-34.07,-8.112735,-8.112735
lr,Regresja logistyczna,MSFT,logistic_regression,logistic_regression,logistic_regression,binary,binary-2026-08,D-lr-e08aa2a5a893,S-MSFT-logistic_regression-20230911-505b73,T-lr-b4fe6fdb0584,SELL,2026-09-06T17:19:30Z,2023-09-11,2023-09-11,337.24,334.27,337.24,338.42,335.43,337.94,16583300,1.0,6.0,5.0,89648.69,89985.93,2023.44,1686.2,99992.02,99992.03,0.1,0.0202,0.0169,50.0,,,0.5,,,,,,,,,,-0.018258,-0.026277,-0.024028,8.24,0.025046,6,True,prob_below_buy_threshold,prob_below_buy_threshold,2026-05-15,1.0,2026-09-06T17:19:30Z,-25.83,-6.392484,-8.112735
lr,Regresja logistyczna,JPM,logistic_regression,logistic_regression,logistic_regression,binary,binary-2026-08,D-lr-1b28c964c450,S-JPM-logistic_regression-20230911-af64a2,T-lr-ea0d4cdfe742,SELL,2026-09-06T17:19:30Z,2023-09-11,2023-09-11,144.75,143.83,144.75,145.05,143.69,144.46,6854200,1.0,6.0,5.0,89985.93,90130.68,868.5,723.75,99992.02,99992.32,0.1,0.0087,0.0072,50.0,,,0.5,,,,,,,,,,0.013014,0.032258,0.002146,-2.41,-0.016377,6,False,prob_below_buy_threshold,prob_below_buy_threshold,2026-05-15,1.0,2026-09-06T17:19:30Z,-28.24,-6.895616,-8.112735
lr,Regresja logistyczna,XOM,logistic_regression,logistic_regression,logistic_regression,binary,binary-2026-08,D-lr-165b5dfca2b0,S-XOM-logistic_regression-20230911-35d264,T-lr-fe5781e8a31c,SELL,2026-09-06T17:19:30Z,2023-09-11,2023-09-11,116.18,115.61,116.18,116.68,113.57,114.16,14383600,1.0,6.0,5.0,90130.68,90246.86,697.08,580.9,99992.02,99994.34,0.1,0.007,0.0058,50.0,,,0.5,,,,,,,,,,0.02917,0.030483,-0.028381,2.08,0.01823,6,True,prob_below_buy_threshold,prob_below_buy_threshold,2026-05-15,1.0,2026-09-06T17:19:30Z,-26.16,-6.461378,-8.112735
lr,Regresja logistyczna,JNJ,logistic_regression,logistic_regression,logistic_regression,binary,binary-2026-08,D-lr-2fb9cf4da4ec,S-JNJ-logistic_regression-20230911-27664b,T-lr-40d7934d91ce,SELL,2026-09-06T17:19:30Z,2023-09-11,2023-09-11,161.06,160.56,161.06,162.69,160.45,162.66,6309300,1.0,6.0,5.0,90246.86,90407.92,966.36,805.3,99992.02,99992.74,0.1,0.0097,0.0081,50.0,,,0.5,,,,,,,,,,0.005656,-0.001168,-0.025329,0.5,0.003114,6,True,prob_below_buy_threshold,prob_below_buy_threshold,2026-05-15,1.0,2026-09-06T17:19:30Z,-25.66,-6.356994,-8.112735
lr,Regresja logistyczna,UNH,logistic_regression,logistic_regression,logistic_regression,binary,binary-2026-08,D-lr-88f7ff9064b6,S-UNH-logistic_regression-20230911-17d834,T-lr-1da0e2fefae0,SELL,2026-09-06T17:19:30Z,2023-09-11,2023-09-11,481.98,480.77,481.98,483.84,478.0,479.38,2059200,1.0,6.0,5.0,90407.92,90889.9,2891.88,2409.9,99992.02,99995.34,0.1,0.0289,0.0241,50.0,,,0.5,,,,,,,,,,0.001085,0.013935,0.098314,3.98,0.008326,6,True,prob_below_buy_threshold,prob_below_buy_threshold,2026-05-15,1.0,2026-09-06T17:19:30Z,-21.68,-5.526096,-8.112735
lr,Regresja logistyczna,PG,logistic_regression,logistic_regression,logistic_regression,binary,binary-2026-08,D-lr-663516f8a668,S-PG-logistic_regression-20230911-c87e98,T-lr-eec9e8d7ad2b,SELL,2026-09-06T17:19:30Z,2023-09-11,2023-09-11,153.33,152.93,153.33,155.1,153.08,154.75,4288500,1.0,6.0,5.0,90889.9,91043.23,919.98,766.65,99992.02,99993.92,0.1,0.0092,0.0077,50.0,,,0.5,,,,,,,,,,-0.017577,-0.004523,-0.073603,-0.47,-0.003056,6,False,prob_below_buy_threshold,prob_below_buy_threshold,2026-05-15,1.0,2026-09-06T17:19:30Z,-22.15,-5.624217,-8.112735
lr,Regresja logistyczna,KO,logistic_regression,logistic_regression,logistic_regression,binary,binary-2026-08,D-lr-fbb4e92317af,S-KO-logistic_regression-20230911-3e6c5d,T-lr-cb5d43cd25fa,SELL,2026-09-06T17:19:30Z,2023-09-11,2023-09-11,58.4,58.33,58.4,58.99,58.23,58.88,14767400,1.0,6.0,5.0,91043.23,91101.63,350.4,292.0,99992.02,99993.44,0.1,0.0035,0.0029,50.0,,,0.5,,,,,,,,,,-0.009851,-0.009851,-0.101902,-0.85,-0.014346,6,False,prob_below_buy_threshold,prob_below_buy_threshold,2026-05-15,1.0,2026-09-06T17:19:30Z,-23.0,-5.80167,-8.112735
lr,Regresja logistyczna,WMT,logistic_regression,logistic_regression,logistic_regression,binary,binary-2026-08,D-lr-48ee92c76843,S-WMT-logistic_regression-20230911-bc4c4b,T-lr-477656a90f57,SELL,2026-09-06T17:19:30Z,2023-09-11,2023-09-11,54.6667,54.59,54.6667,54.8267,54.5533,54.78,11912100,1.0,6.0,5.0,91101.63,91156.3,328.0,273.33,99992.02,99993.33,0.1,0.0033,0.0027,50.0,,,0.5,,,,,,,,,,0.001095,-0.005598,-0.051722,0.72,0.013284,6,True,prob_below_buy_threshold,prob_below_buy_threshold,2026-05-15,1.0,2026-09-06T17:19:30Z,-22.28,-5.651357,-8.112735
lr,Regresja logistyczna,NEE,logistic_regression,logistic_regression,logistic_regression,binary,binary-2026-08,D-lr-4f052add138f,S-NEE-logistic_regression-20230911-6403c3,T-lr-75bcd966ceb6,SELL,2026-09-06T17:19:30Z,2023-09-11,2023-09-11,67.0,66.83,67.0,67.89,66.95,67.53,7981600,1.0,6.0,5.0,91156.3,91223.3,402.0,335.0,99992.02,99992.8,0.1,0.004,0.0034,50.0,,,0.5,,,,,,,,,,0.002962,0.010514,-0.269658,0.18,0.002694,6,True,prob_below_buy_threshold,prob_below_buy_threshold,2026-05-15,1.0,2026-09-06T17:19:30Z,-22.1,-5.613779,-8.112735
lr,Regresja logistyczna,AAPL,logistic_regression,logistic_regression,logistic_regression,binary,binary-2026-08,D-lr-14958a22d8be,S-AAPL-logistic_regression-20230912-cdcaf6,T-lr-6e57536b995c,SELL,2026-09-06T17:19:30Z,2023-09-12,2023-09-12,179.49,179.36,179.49,180.13,174.82,176.3,90370200,1.0,5.0,4.0,91223.3,91402.79,897.45,717.96,99964.7,99967.89,0.1,0.009,0.0072,50.0,,,0.5,,,,,,,,,,-0.011855,0.015712,0.011855,-8.79,-0.046686,7,False,prob_below_buy_threshold,prob_below_buy_threshold,2026-05-15,1.0,2026-09-06T17:19:30Z,-30.89,-7.448852,-8.112735
lr,Regresja logistyczna,MSFT,logistic_regression,logistic_regression,logistic_regression,binary,binary-2026-08,D-lr-7a51b7874f9c,S-MSFT-logistic_regression-20230912-8ee681,T-lr-c08ce762c6ac,SELL,2026-09-06T17:19:30Z,2023-09-12,2023-09-12,335.82,337.94,335.82,336.79,331.48,331.77,17565500,1.0,5.0,4.0,91402.79,91738.61,1679.1,1343.28,99964.7,99971.94,0.1,0.0168,0.0134,50.0,,,0.5,,,,,,,,,,0.012931,-0.009404,-0.010188,6.82,0.02073,7,True,prob_below_buy_threshold,prob_below_buy_threshold,2026-05-15,1.0,2026-09-06T17:19:30Z,-24.07,-6.025052,-8.112735
lr,Regresja logistyczna,JPM,logistic_regression,logistic_regression,logistic_regression,binary,binary-2026-08,D-lr-81d1c3be8274,S-JPM-logistic_regression-20230912-4c53ec,T-lr-4618138884e4,SELL,2026-09-06T17:19:30Z,2023-09-12,2023-09-12,144.5,144.46,144.5,147.32,144.05,146.34,8363200,1.0,5.0,4.0,91738.61,91883.11,722.5,578.0,99964.7,99970.1,0.1,0.0072,0.0058,50.0,,,0.5,,,,,,,,,,0.000478,0.017698,-0.004715,-2.66,-0.018076,7,False,prob_below_buy_threshold,prob_below_buy_threshold,2026-05-15,1.0,2026-09-06T17:19:30Z,-26.73,-6.580376,-8.112735
lr,Regresja logistyczna,XOM,logistic_regression,logistic_regression,logistic_regression,binary,binary-2026-08,D-lr-a91edf7a648f,S-XOM-logistic_regression-20230912-577792,T-lr-24ff99f44907,SELL,2026-09-06T17:19:30Z,2023-09-12,2023-09-12,115.34,114.16,115.34,117.67,115.27,117.49,20145800,1.0,5.0,4.0,91883.11,91998.45,576.7,461.36,99964.7,99967.95,0.1,0.0058,0.0046,50.0,,,0.5,,,,,,,,,,-0.008937,-0.001362,-0.05992,1.24,0.010868,7,True,prob_below_buy_threshold,prob_below_buy_threshold,2026-05-15,1.0,2026-09-06T17:19:30Z,-25.49,-6.321503,-8.112735
lr,Regresja logistyczna,JNJ,logistic_regression,logistic_regression,logistic_regression,binary,binary-2026-08,D-lr-ed09a9bcc94f,S-JNJ-logistic_regression-20230912-6f903b,T-lr-255a4ac288ea,SELL,2026-09-06T17:19:30Z,2023-09-12,2023-09-12,162.22,162.66,162.22,163.93,161.53,163.58,6045800,1.0,5.0,4.0,91998.45,92160.67,811.1,648.88,99964.7,99966.59,0.1,0.0081,0.0065,50.0,,,0.5,,,,,,,,,,0.002506,-0.008436,-0.031911,1.66,0.010339,7,True,prob_below_buy_threshold,prob_below_buy_threshold,2026-05-15,1.0,2026-09-06T17:19:30Z,-23.83,-5.974948,-8.112735
lr,Regresja logistyczna,UNH,logistic_regression,logistic_regression,logistic_regression,binary,binary-2026-08,D-lr-4a01b6463bd6,S-UNH-logistic_regression-20230912-e790f2,T-lr-36bb888086d4,SELL,2026-09-06T17:19:30Z,2023-09-12,2023-09-12,477.38,479.38,477.38,483.64,472.12,479.9,2195200,1.0,5.0,4.0,92160.67,92638.05,2386.9,1909.52,99964.7,99964.07,0.1,0.0239,0.0191,50.0,,,0.5,,,,,,,,,,-0.000125,0.001584,0.092394,-0.62,-0.001297,7,False,prob_below_buy_threshold,prob_below_buy_threshold,2026-05-15,1.0,2026-09-06T17:19:30Z,-24.45,-6.104384,-8.112735
lr,Regresja logistyczna,PG,logistic_regression,logistic_regression,logistic_regression,binary,binary-2026-08,D-lr-4fc16f1f33ee,S-PG-logistic_regression-20230912-d66b79,T-lr-d1d8e0e0b91c,SELL,2026-09-06T17:19:30Z,2023-09-12,2023-09-12,154.99,154.75,154.99,155.15,151.57,152.03,4537800,1.0,5.0,4.0,92638.05,92793.04,774.95,619.96,99964.7,99967.03,0.1,0.0078,0.0062,50.0,,,0.5,,,,,,,,,,0.006972,0.010327,-0.047688,1.19,0.007737,7,True,prob_below_buy_threshold,prob_below_buy_threshold,2026-05-15,1.0,2026-09-06T17:19:30Z,-23.26,-5.85595,-8.112735
lr,Regresja logistyczna,KO,logistic_regression,logistic_regression,logistic_regression,binary,binary-2026-08,D-lr-a0bd7228429d,S-KO-logistic_regression-20230912-086879,T-lr-7f707bf7fd91,SELL,2026-09-06T17:19:30Z,2023-09-12,2023-09-12,58.99,58.88,58.99,59.0,58.19,58.3,12292700,1.0,5.0,4.0,92793.04,92852.03,294.95,235.96,99964.7,99967.72,0.1,0.003,0.0024,50.0,,,0.5,,,,,,,,,,0.002401,-0.002058,-0.073242,-0.26,-0.004388,7,False,prob_below_buy_threshold,prob_below_buy_threshold,2026-05-15,1.0,2026-09-06T17:19:30Z,-23.52,-5.91023,-8.112735
lr,Regresja logistyczna,WMT,logistic_regression,logistic_regression,logistic_regression,binary,binary-2026-08,D-lr-d2df94161eac,S-WMT-logistic_regression-20230912-8f0fcf,T-lr-e77780144630,SELL,2026-09-06T17:19:30Z,2023-09-12,2023-09-12,54.8333,54.78,54.8333,54.9767,54.68,54.84,11757300,1.0,5.0,4.0,92852.03,92906.86,274.17,219.33,99964.7,99967.71,0.1,0.0027,0.0022,50.0,,,0.5,,,,,,,,,,0.000243,-0.006929,-0.042062,0.88,0.016373,7,True,prob_below_buy_threshold,prob_below_buy_threshold,2026-05-15,1.0,2026-09-06T17:19:30Z,-22.64,-5.726514,-8.112735
lr,Regresja logistyczna,NEE,logistic_regression,logistic_regression,logistic_regression,binary,binary-2026-08,D-lr-14e4d0188814,S-NEE-logistic_regression-20230912-097143,T-lr-555b0dabf25e,SELL,2026-09-06T17:19:30Z,2023-09-12,2023-09-12,67.5,67.53,67.5,68.03,67.11,67.73,7171300,1.0,5.0,4.0,92906.86,92974.36,337.5,270.0,99964.7,99967.48,0.1,0.0034,0.0027,50.0,,,0.5,,,,,,,,,,0.010335,-0.002067,-0.238447,0.68,0.010177,7,True,prob_below_buy_threshold,prob_below_buy_threshold,2026-05-15,1.0,2026-09-06T17:19:30Z,-21.96,-5.584551,-8.112735
lr,Regresja logistyczna,AAPL,logistic_regression,logistic_regression,logistic_regression,binary,binary-2026-08,D-lr-3e698d8f8baa,S-AAPL-logistic_regression-20230913-899b7b,T-lr-0c83a4b3e68c,SELL,2026-09-06T17:19:30Z,2023-09-13,2023-09-13,176.51,176.3,176.51,177.3,173.98,174.21,84267900,1.0,4.0,3.0,92974.36,93150.87,706.04,529.53,99981.41,99983.71,0.1,0.0071,0.0053,50.0,,,0.5,,,,,,,,,,0.008782,0.007347,0.032088,-11.77,-0.062513,8,False,prob_below_buy_threshold,prob_below_buy_threshold,2026-05-15,1.0,2026-09-06T17:19:30Z,-33.73,-8.041754,-8.112735
lr,Regresja logistyczna,MSFT,logistic_regression,logistic_regression,logistic_regression,binary,binary-2026-08,D-lr-d776e00088cd,S-MSFT-logistic_regression-20230913-7076f1,T-lr-d1ae3a5903ff,SELL,2026-09-06T17:19:30Z,2023-09-13,2023-09-13,331.31,331.77,331.31,336.85,331.17,336.06,16544400,1.0,4.0,3.0,93150.87,93482.18,1325.24,993.93,99981.41,99978.96,0.1,0.0133,0.0099,50.0,,,0.5,,,,,,,,,,0.007856,-0.045498,-0.010831,2.31,0.007021,8,True,prob_below_buy_threshold,prob_below_buy_threshold,2026-05-15,1.0,2026-09-06T17:19:30Z,-31.42,-7.559499,-8.112735
lr,Regresja logistyczna,JPM,logistic_regression,logistic_regression,logistic_regression,binary,binary-2026-08,D-lr-b6710e11de10,S-JPM-logistic_regression-20230913-f39e10,T-lr-3817f6df4157,SELL,2026-09-06T17:19:30Z,2023-09-13,2023-09-13,147.34,146.34,147.34,147.7,145.82,146.41,8325900,1.0,4.0,3.0,93482.18,93629.52,589.36,442.02,99981.41,99979.89,0.1,0.0059,0.0044,50.0,,,0.5,,,,,,,,,,0.019398,0.012909,-0.001776,0.18,0.001223,8,True,prob_below_buy_threshold,prob_below_buy_threshold,2026-05-15,1.0,2026-09-06T17:19:30Z,-31.24,-7.521921,-8.112735
lr,Regresja logistyczna,XOM,logistic_regression,logistic_regression,logistic_regression,binary,binary-2026-08,D-lr-534eac9646a0,S-XOM-logistic_regression-20230913-b8d250,T-lr-6faa13ef40de,SELL,2026-09-06T17:19:30Z,2023-09-13,2023-09-13,117.41,117.49,117.41,117.96,115.9,116.44,13472800,1.0,4.0,3.0,93629.52,93746.93,469.64,352.23,99981.41,99980.86,0.1,0.0047,0.0035,50.0,,,0.5,,,,,,,,,,0.017863,-0.000344,-0.085452,3.31,0.02901,8,True,prob_below_buy_threshold,prob_below_buy_threshold,2026-05-15,1.0,2026-09-06T17:19:30Z,-27.93,-6.830898,-8.112735
lr,Regresja logistyczna,JNJ,logistic_regression,logistic_regression,logistic_regression,binary,binary-2026-08,D-lr-52610639e06d,S-JNJ-logistic_regression-20230913-b06339,T-lr-705bb7d8a35e,SELL,2026-09-06T17:19:30Z,2023-09-13,2023-09-13,163.76,163.58,163.76,164.95,163.0,163.99,7397500,1.0,4.0,3.0,93746.93,93910.69,655.04,491.28,99981.41,99980.63,0.1,0.0066,0.0049,50.0,,,0.5,,,,,,,,,,-0.001524,-0.006586,-0.047625,3.2,0.01993,8,True,prob_below_buy_threshold,prob_below_buy_threshold,2026-05-15,1.0,2026-09-06T17:19:30Z,-24.73,-6.162839,-8.112735
lr,Regresja logistyczna,UNH,logistic_regression,logistic_regression,logistic_regression,binary,binary-2026-08,D-lr-3de6127a5f75,S-UNH-logistic_regression-20230913-8589ce,T-lr-c1595914ad97,SELL,2026-09-06T17:19:30Z,2023-09-13,2023-09-13,481.43,479.9,481.43,484.04,479.46,479.84,2197800,1.0,4.0,3.0,93910.69,94392.12,1925.72,1444.29,99981.41,99982.22,0.1,0.0193,0.0144,50.0,,,0.5,,,,,,,,,,0.007836,0.025613,0.092302,3.43,0.007176,8,True,prob_below_buy_threshold,prob_below_buy_threshold,2026-05-15,1.0,2026-09-06T17:19:30Z,-21.3,-5.446764,-8.112735
lr,Regresja logistyczna,PG,logistic_regression,logistic_regression,logistic_regression,binary,binary-2026-08,D-lr-5b7758aa3008,S-PG-logistic_regression-20230913-b31535,T-lr-11773fc89f2f,SELL,2026-09-06T17:19:30Z,2023-09-13,2023-09-13,151.98,152.03,151.98,153.59,151.66,153.09,4040600,1.0,4.0,3.0,94392.12,94544.1,607.92,455.94,99981.41,99981.11,0.1,0.0061,0.0046,50.0,,,0.5,,,,,,,,,,0.010974,0.002482,-0.065909,-1.82,-0.011834,8,False,prob_below_buy_threshold,prob_below_buy_threshold,2026-05-15,1.0,2026-09-06T17:19:30Z,-23.12,-5.826722,-8.112735
lr,Regresja logistyczna,KO,logistic_regression,logistic_regression,logistic_regression,binary,binary-2026-08,D-lr-cbd5375fa2b9,S-KO-logistic_regression-20230913-22be7e,T-lr-80ad2ab3ce66,SELL,2026-09-06T17:19:30Z,2023-09-13,2023-09-13,58.4,58.3,58.4,58.68,58.34,58.44,12641400,1.0,4.0,3.0,94544.1,94602.5,233.6,175.2,99981.41,99981.07,0.1,0.0023,0.0018,50.0,,,0.5,,,,,,,,,,0.000342,0.0,-0.080938,-0.85,-0.014346,8,False,prob_below_buy_threshold,prob_below_buy_threshold,2026-05-15,1.0,2026-09-06T17:19:30Z,-23.97,-6.004175,-8.112735
lr,Regresja logistyczna,WMT,logistic_regression,logistic_regression,logistic_regression,binary,binary-2026-08,D-lr-e83feadb4f62,S-WMT-logistic_regression-20230913-5375df,T-lr-f6692d1319fe,SELL,2026-09-06T17:19:30Z,2023-09-13,2023-09-13,54.9767,54.84,54.9767,55.2833,54.79,54.8533,14364300,1.0,4.0,3.0,94602.5,94657.48,219.91,164.93,99981.41,99981.2,0.1,0.0022,0.0016,50.0,,,0.5,,,,,,,,,,0.004193,-0.00395,-0.038466,1.03,0.01903,8,True,prob_below_buy_threshold,prob_below_buy_threshold,2026-05-15,1.0,2026-09-06T17:19:30Z,-22.94,-5.789144,-8.112735
lr,Regresja logistyczna,NEE,logistic_regression,logistic_regression,logistic_regression,binary,binary-2026-08,D-lr-0e9bd3951ecd,S-NEE-logistic_regression-20230913-325730,T-lr-72ae7f78ffed,SELL,2026-09-06T17:19:30Z,2023-09-13,2023-09-13,67.88,67.73,67.88,68.77,67.88,68.43,8925700,1.0,4.0,3.0,94657.48,94725.36,271.52,203.64,99981.41,99980.65,0.1,0.0027,0.002,50.0,,,0.5,,,,,,,,,,0.012421,-0.015783,-0.217595,1.06,0.015863,8,True,prob_below_buy_threshold,prob_below_buy_threshold,2026-05-15,1.0,2026-09-06T17:19:30Z,-21.88,-5.56785,-8.112735
lr,Regresja logistyczna,AAPL,logistic_regression,logistic_regression,logistic_regression,binary,binary-2026-08,D-lr-68665f932715,S-AAPL-logistic_regression-20230914-89827c,T-lr-01da9b74364d,SELL,2026-09-06T17:19:30Z,2023-09-14,2023-09-14,174.0,174.21,174.0,176.1,173.58,175.74,60895800,1.0,3.0,2.0,94725.36,94899.36,522.0,348.0,100026.79,100025.05,0.1,0.0052,0.0035,50.0,,,0.5,,,,,,,,,,-0.004154,-0.010299,0.02828,-14.28,-0.075844,9,False,prob_below_buy_threshold,prob_below_buy_threshold,2026-05-15,1.0,2026-09-06T17:19:30Z,-36.16,-8.549061,-8.549061
lr,Regresja logistyczna,MSFT,logistic_regression,logistic_regression,logistic_regression,binary,binary-2026-08,D-lr-584c029e675d,S-MSFT-logistic_regression-20230914-ea94a3,T-lr-8ae1b3aaf28b,SELL,2026-09-06T17:19:30Z,2023-09-14,2023-09-14,339.15,336.06,339.15,340.86,336.57,338.7,20267000,1.0,3.0,2.0,94899.36,95238.51,1017.45,678.3,100026.79,100025.5,0.1,0.0102,0.0068,50.0,,,0.5,,,,,,,,,,-0.025037,-0.056599,-0.022262,10.15,0.030851,9,True,prob_below_buy_threshold,prob_below_buy_threshold,2026-05-15,1.0,2026-09-06T17:19:30Z,-26.01,-6.430063,-8.549061
lr,Regresja logistyczna,JPM,logistic_regression,logistic_regression,logistic_regression,binary,binary-2026-08,D-lr-2acac8031ec0,S-JPM-logistic_regression-20230914-7b777a,T-lr-4b62611f3fdd,SELL,2026-09-06T17:19:30Z,2023-09-14,2023-09-14,147.84,146.41,147.84,149.9,147.52,149.25,10034900,1.0,3.0,2.0,95238.51,95386.35,443.52,295.68,100026.79,100024.09,0.1,0.0044,0.003,50.0,,,0.5,,,,,,,,,,-0.002948,-0.014137,-0.023049,0.68,0.004621,9,True,prob_below_buy_threshold,prob_below_buy_threshold,2026-05-15,1.0,2026-09-06T17:19:30Z,-25.33,-6.2881,-8.549061
lr,Regresja logistyczna,XOM,logistic_regression,logistic_regression,logistic_regression,binary,binary-2026-08,D-lr-bc882930c2d4,S-XOM-logistic_regression-20230914-a78ab8,T-lr-788a675073fc,SELL,2026-09-06T17:19:30Z,2023-09-14,2023-09-14,117.55,116.44,117.55,118.66,117.33,118.52,15210700,1.0,3.0,2.0,95386.35,95503.9,352.65,235.1,100026.79,100023.12,0.1,0.0035,0.0024,50.0,,,0.5,,,,,,,,,,-0.015356,-0.031725,-0.101671,3.45,0.030237,9,True,prob_below_buy_threshold,prob_below_buy_threshold,2026-05-15,1.0,2026-09-06T17:19:30Z,-21.88,-5.56785,-8.549061
lr,Regresja logistyczna,JNJ,logistic_regression,logistic_regression,logistic_regression,binary,binary-2026-08,D-lr-5318b55abb65,S-JNJ-logistic_regression-20230914-3b3feb,T-lr-f38a510c6610,SELL,2026-09-06T17:19:30Z,2023-09-14,2023-09-14,164.68,163.99,164.68,165.27,163.44,163.74,7758400,1.0,3.0,2.0,95503.9,95668.58,494.04,329.36,100026.79,100024.06,0.1,0.0049,0.0033,50.0,,,0.5,,,,,,,,,,-0.013986,-0.012703,-0.045255,4.12,0.02566,9,True,prob_below_buy_threshold,prob_below_buy_threshold,2026-05-15,1.0,2026-09-06T17:19:30Z,-17.76,-4.707724,-8.549061
lr,Regresja logistyczna,UNH,logistic_regression,logistic_regression,logistic_regression,binary,binary-2026-08,D-lr-d3fd3de8149a,S-UNH-logistic_regression-20230914-c49789,T-lr-d14fdcac9016,SELL,2026-09-06T17:19:30Z,2023-09-14,2023-09-14,482.63,479.84,482.63,485.27,478.78,483.6,2334300,1.0,3.0,2.0,95668.58,96151.21,1447.89,965.26,100026.79,100023.09,0.1,0.0145,0.0097,50.0,,,0.5,,,,,,,,,,0.00641,0.03627,0.086725,4.63,0.009686,9,True,prob_below_buy_threshold,prob_below_buy_threshold,2026-05-15,1.0,2026-09-06T17:19:30Z,-13.13,-3.741127,-8.549061
lr,Regresja logistyczna,PG,logistic_regression,logistic_regression,logistic_regression,binary,binary-2026-08,D-lr-70428d3398ad,S-PG-logistic_regression-20230914-47f6b0,T-lr-4c818a089c3d,SELL,2026-09-06T17:19:30Z,2023-09-14,2023-09-14,153.85,153.09,153.85,154.92,153.37,154.77,4606800,1.0,3.0,2.0,96151.21,96305.06,461.55,307.7,100026.79,100022.17,0.1,0.0046,0.0031,50.0,,,0.5,,,,,,,,,,-0.0084,-0.016993,-0.073981,0.05,0.000325,9,True,prob_below_buy_threshold,prob_below_buy_threshold,2026-05-15,1.0,2026-09-06T17:19:30Z,-13.08,-3.730689,-8.549061
lr,Regresja logistyczna,KO,logistic_regression,logistic_regression,logistic_regression,binary,binary-2026-08,D-lr-8ffe6f7a8cfc,S-KO-logistic_regression-20230914-7e23be,T-lr-59f21b5bf907,SELL,2026-09-06T17:19:30Z,2023-09-14,2023-09-14,58.24,58.44,58.24,58.59,58.19,58.46,12311600,1.0,3.0,2.0,96305.06,96363.3,174.72,116.48,100026.79,100021.95,0.1,0.0017,0.0012,50.0,,,0.5,,,,,,,,,,-0.008895,-0.015737,-0.096647,-1.01,-0.017046,9,False,prob_below_buy_threshold,prob_below_buy_threshold,2026-05-15,1.0,2026-09-06T17:19:30Z,-14.09,-3.941545,-8.549061
lr,Regresja logistyczna,WMT,logistic_regression,logistic_regression,logistic_regression,binary,binary-2026-08,D-lr-3a1822729321,S-WMT-logistic_regression-20230914-b1dd47,T-lr-2e4093879409,SELL,2026-09-06T17:19:30Z,2023-09-14,2023-09-14,55.0,54.8533,55.0,55.2467,54.8033,55.0833,14923800,1.0,3.0,2.0,96363.3,96418.3,165.0,110.0,100026.79,100021.86,0.1,0.0016,0.0011,50.0,,,0.5,,,,,,,,,,-0.003691,-0.020151,-0.038124,1.05,0.019462,9,True,prob_below_buy_threshold,prob_below_buy_threshold,2026-05-15,1.0,2026-09-06T17:19:30Z,-13.04,-3.722338,-8.549061
lr,Regresja logistyczna,NEE,logistic_regression,logistic_regression,logistic_regression,binary,binary-2026-08,D-lr-8f8a4f6508ca,S-NEE-logistic_regression-20230914-f5ff02,T-lr-b45a2926155d,SELL,2026-09-06T17:19:30Z,2023-09-14,2023-09-14,68.9,68.43,68.9,69.35,68.42,69.28,7944900,1.0,3.0,2.0,96418.3,96487.2,206.7,137.8,100026.79,100021.48,0.1,0.0021,0.0014,50.0,,,0.5,,,,,,,,,,-0.009238,-0.034209,-0.234988,2.08,0.031128,9,True,prob_below_buy_threshold,prob_below_buy_threshold,2026-05-15,1.0,2026-09-06T17:19:30Z,-10.96,-3.2881,-8.549061
lr,Regresja logistyczna,AAPL,logistic_regression,logistic_regression,logistic_regression,binary,binary-2026-08,D-lr-0eb7f61a5b34,S-AAPL-logistic_regression-20230915-58e293,T-lr-ea55d2287040,SELL,2026-09-06T17:19:30Z,2023-09-15,2023-09-15,176.48,175.74,176.48,176.5,173.82,175.01,109259500,1.0,2.0,1.0,96487.2,96663.68,352.96,176.48,99994.84,99996.31,0.1,0.0035,0.0018,50.0,,,0.5,,,,,,,,,,0.016913,-0.001257,0.021942,-11.8,-0.062673,10,False,prob_below_buy_threshold,prob_below_buy_threshold,2026-05-15,1.0,2026-09-06T17:19:30Z,-22.76,-5.751566,-8.549061
lr,Regresja logistyczna,MSFT,logistic_regression,logistic_regression,logistic_regression,binary,binary-2026-08,D-lr-dcbf21157259,S-MSFT-logistic_regression-20230915-a042a2,T-lr-f0b70b987099,SELL,2026-09-06T17:19:30Z,2023-09-15,2023-09-15,336.92,338.7,336.92,337.4,329.65,330.22,37679800,1.0,2.0,1.0,96663.68,97000.6,673.84,336.92,99994.84,100003.01,0.1,0.0067,0.0034,50.0,,,0.5,,,,,,,,,,-0.003513,-0.040004,-0.00754,7.92,0.024073,10,True,prob_below_buy_threshold,prob_below_buy_threshold,2026-05-15,1.0,2026-09-06T17:19:30Z,-14.84,-4.098121,-8.549061
lr,Regresja logistyczna,JPM,logistic_regression,logistic_regression,logistic_regression,binary,binary-2026-08,D-lr-baec9d069984,S-JPM-logistic_regression-20230915-9f650d,T-lr-4e476f479f89,SELL,2026-09-06T17:19:30Z,2023-09-15,2023-09-15,148.92,149.25,148.92,149.73,148.31,148.81,19863400,1.0,2.0,1.0,97000.6,97149.52,297.84,148.92,99994.84,100003.12,0.1,0.003,0.0015,50.0,,,0.5,,,,,,,,,,0.002083,-0.020698,-0.005443,1.76,0.01196,10,True,prob_below_buy_threshold,prob_below_buy_threshold,2026-05-15,1.0,2026-09-06T17:19:30Z,-13.08,-3.730689,-8.549061
lr,Regresja logistyczna,XOM,logistic_regression,logistic_regression,logistic_regression,binary,binary-2026-08,D-lr-43d02abea859,S-XOM-logistic_regression-20230915-f25a99,T-lr-04283aacf194,SELL,2026-09-06T17:19:30Z,2023-09-15,2023-09-15,117.9,118.52,117.9,118.51,116.5,116.7,34568400,1.0,2.0,1.0,97149.52,97267.42,235.8,117.9,99994.84,100004.32,0.1,0.0024,0.0012,50.0,,,0.5,,,,,,,,,,0.008055,-0.015081,-0.058526,3.8,0.033304,10,True,prob_below_buy_threshold,prob_below_buy_threshold,2026-05-15,1.0,2026-09-06T17:19:30Z,-9.28,-2.93737,-8.549061
lr,Regresja logistyczna,JNJ,logistic_regression,logistic_regression,logistic_regression,binary,binary-2026-08,D-lr-9329b055714a,S-JNJ-logistic_regression-20230915-d5e89c,T-lr-55ea473c2a31,SELL,2026-09-06T17:19:30Z,2023-09-15,2023-09-15,163.98,163.74,163.98,164.82,161.21,161.45,13392100,1.0,2.0,1.0,97267.42,97431.4,327.96,163.98,99994.84,100006.85,0.1,0.0033,0.0016,50.0,,,0.5,,,,,,,,,,0.006318,-0.005884,-0.028492,3.42,0.0213,10,True,prob_below_buy_threshold,prob_below_buy_threshold,2026-05-15,1.0,2026-09-06T17:19:30Z,-5.86,-2.223382,-8.549061
lr,Regresja logistyczna,UNH,logistic_regression,logistic_regression,logistic_regression,binary,binary-2026-08,D-lr-2624650a9e67,S-UNH-logistic_regression-20230915-904a42,T-lr-9e8f2ef98192,SELL,2026-09-06T17:19:30Z,2023-09-15,2023-09-15,485.74,483.6,485.74,489.82,484.14,486.7,5334300,1.0,2.0,1.0,97431.4,97917.14,971.48,485.74,99994.84,100005.89,0.1,0.0097,0.0049,50.0,,,0.5,,,,,,,,,,-0.001315,0.03986,0.10828,7.74,0.016192,10,True,prob_below_buy_threshold,prob_below_buy_threshold,2026-05-15,1.0,2026-09-06T17:19:30Z,1.88,-0.607516,-8.549061
lr,Regresja logistyczna,PG,logistic_regression,logistic_regression,logistic_regression,binary,binary-2026-08,D-lr-4f8549c3aab6,S-PG-logistic_regression-20230915-7adaa7,T-lr-b67c582f9731,SELL,2026-09-06T17:19:30Z,2023-09-15,2023-09-15,154.03,154.77,154.03,155.32,153.23,153.47,10262400,1.0,2.0,1.0,97917.14,98071.17,308.06,154.03,99994.84,100006.45,0.1,0.0031,0.0015,50.0,,,0.5,,,,,,,,,,0.003779,-0.012315,-0.05721,0.23,0.001495,10,True,prob_below_buy_threshold,prob_below_buy_threshold,2026-05-15,1.0,2026-09-06T17:19:30Z,2.11,-0.559499,-8.549061
lr,Regresja logistyczna,KO,logistic_regression,logistic_regression,logistic_regression,binary,binary-2026-08,D-lr-06c105b42fc9,S-KO-logistic_regression-20230915-393f9a,T-lr-dfd29b9ff3f4,SELL,2026-09-06T17:19:30Z,2023-09-15,2023-09-15,58.41,58.46,58.41,58.64,57.75,57.94,55727500,1.0,2.0,1.0,98071.17,98129.58,116.82,58.41,99994.84,100006.92,0.1,0.0012,0.0006,50.0,,,0.5,,,,,,,,,,0.006213,-0.005868,-0.087159,-0.84,-0.014177,10,False,prob_below_buy_threshold,prob_below_buy_threshold,2026-05-15,1.0,2026-09-06T17:19:30Z,1.27,-0.734864,-8.549061
lr,Regresja logistyczna,WMT,logistic_regression,logistic_regression,logistic_regression,binary,binary-2026-08,D-lr-26f5d5cbeeee,S-WMT-logistic_regression-20230915-1154f8,T-lr-5dfd05dac49a,SELL,2026-09-06T17:19:30Z,2023-09-15,2023-09-15,55.07,55.0833,55.07,55.22,54.59,54.88,63925200,1.0,2.0,1.0,98129.58,98184.65,110.14,55.07,99994.84,100007.11,0.1,0.0011,0.0006,50.0,,,0.5,,,,,,,,,,-0.00741,-0.013909,-0.029215,1.12,0.02076,10,True,prob_below_buy_threshold,prob_below_buy_threshold,2026-05-15,1.0,2026-09-06T17:19:30Z,2.39,-0.501044,-8.549061
lr,Regresja logistyczna,NEE,logistic_regression,logistic_regression,logistic_regression,binary,binary-2026-08,D-lr-60cb85850b78,S-NEE-logistic_regression-20230915-a9b24f,T-lr-db5bdb28c00e,SELL,2026-09-06T17:19:30Z,2023-09-15,2023-09-15,69.34,69.28,69.34,69.89,68.6,68.64,18391400,1.0,2.0,1.0,98184.65,98253.99,138.68,69.34,99994.84,100007.81,0.1,0.0014,0.0007,50.0,,,0.5,,,,,,,,,,-0.005828,-0.013695,-0.206148,2.52,0.037713,10,True,prob_below_buy_threshold,prob_below_buy_threshold,2026-05-15,1.0,2026-09-06T17:19:30Z,4.91,0.0,-8.549061
lr,Regresja logistyczna,AAPL,logistic_regression,logistic_regression,logistic_regression,binary,binary-2026-08,D-lr-67a422f17095,S-AAPL-logistic_regression-20230918-c70cc3,T-lr-5debdb42c34b,SELL,2026-09-06T17:19:30Z,2023-09-18,2023-09-18,176.48,175.01,176.48,179.38,176.17,177.97,67257600,1.0,1.0,0.0,98253.99,98430.47,176.48,0.0,100011.37,100009.88,0.1,0.0018,0.0,50.0,,,0.5,,,,,,,,,,0.006181,-0.01062,0.004214,-11.8,-0.062673,13,False,prob_below_buy_threshold,prob_below_buy_threshold,2026-05-15,1.0,2026-09-06T17:19:30Z,-6.89,-2.403259,-8.549061
lr,Regresja logistyczna,MSFT,logistic_regression,logistic_regression,logistic_regression,binary,binary-2026-08,D-lr-4ef59529b35c,S-MSFT-logistic_regression-20230918-685d5a,T-lr-a4089660c232,SELL,2026-09-06T17:19:30Z,2023-09-18,2023-09-18,327.8,330.22,327.8,330.4,326.36,329.06,16834200,1.0,1.0,0.0,98430.47,98758.27,327.8,0.0,100011.37,100008.62,0.1,0.0033,0.0,50.0,,,0.5,,,,,,,,,,-0.001246,-0.035009,0.01088,-1.2,-0.003647,13,False,prob_below_buy_threshold,prob_below_buy_threshold,2026-05-15,1.0,2026-09-06T17:19:30Z,-8.09,-2.647658,-8.549061
lr,Regresja logistyczna,JPM,logistic_regression,logistic_regression,logistic_regression,binary,binary-2026-08,D-lr-ca3375db6013,S-JPM-logistic_regression-20230918-994dbb,T-lr-baa026dd0510,SELL,2026-09-06T17:19:30Z,2023-09-18,2023-09-18,148.16,148.81,148.16,149.14,147.75,149.12,6512400,1.0,1.0,0.0,98758.27,98906.43,148.16,0.0,100011.37,100007.66,0.1,0.0015,0.0,50.0,,,0.5,,,,,,,,,,-0.001274,-0.017905,-0.008517,1.0,0.006795,13,True,prob_below_buy_threshold,prob_below_buy_threshold,2026-05-15,1.0,2026-09-06T17:19:30Z,-7.09,-2.443992,-8.549061
lr,Regresja logistyczna,XOM,logistic_regression,logistic_regression,logistic_regression,binary,binary-2026-08,D-lr-d16a81e0a572,S-XOM-logistic_regression-20230918-6e2a92,T-lr-2460479be13d,SELL,2026-09-06T17:19:30Z,2023-09-18,2023-09-18,117.53,116.7,117.53,118.24,116.7,117.64,14045300,1.0,1.0,0.0,98906.43,99023.96,117.53,0.0,100011.37,100007.55,0.1,0.0012,0.0,50.0,,,0.5,,,,,,,,,,-0.002635,-0.011986,-0.065369,3.43,0.030061,13,True,prob_below_buy_threshold,prob_below_buy_threshold,2026-05-15,1.0,2026-09-06T17:19:30Z,-3.66,-1.745418,-8.549061
lr,Regresja logistyczna,JNJ,logistic_regression,logistic_regression,logistic_regression,binary,binary-2026-08,D-lr-118089c989a3,S-JNJ-logistic_regression-20230918-a57fa2,T-lr-6f340d63b563,SELL,2026-09-06T17:19:30Z,2023-09-18,2023-09-18,162.12,161.45,162.12,163.15,160.75,162.47,5789000,1.0,1.0,0.0,99023.96,99186.08,162.12,0.0,100011.37,100007.2,0.1,0.0016,0.0,50.0,,,0.5,,,,,,,,,,-0.001662,-0.013603,-0.030406,1.56,0.009716,13,True,prob_below_buy_threshold,prob_below_buy_threshold,2026-05-15,1.0,2026-09-06T17:19:30Z,-2.1,-1.427699,-8.549061
lr,Regresja logistyczna,UNH,logistic_regression,logistic_regression,logistic_regression,binary,binary-2026-08,D-lr-bc874d1cf351,S-UNH-logistic_regression-20230918-6fb31f,T-lr-9696f9d89f40,SELL,2026-09-06T17:19:30Z,2023-09-18,2023-09-18,488.41,486.7,488.41,488.74,483.6,486.06,1997500,1.0,1.0,0.0,99186.08,99674.49,488.41,0.0,100011.37,100009.55,0.1,0.0049,0.0,50.0,,,0.5,,,,,,,,,,-0.01111,0.049829,0.106921,10.41,0.021778,13,True,prob_below_buy_threshold,prob_below_buy_threshold,2026-05-15,1.0,2026-09-06T17:19:30Z,8.31,0.0,-8.549061
lr,Regresja logistyczna,PG,logistic_regression,logistic_regression,logistic_regression,binary,binary-2026-08,D-lr-84b8f9774252,S-PG-logistic_regression-20230918-eb1ba5,T-lr-34af7603b9e7,SELL,2026-09-06T17:19:30Z,2023-09-18,2023-09-18,154.45,153.47,154.45,154.48,153.51,154.05,3536500,1.0,1.0,0.0,99674.49,99828.94,154.45,0.0,100011.37,100009.95,0.1,0.0015,0.0,50.0,,,0.5,,,,,,,,,,-0.002921,-0.022006,-0.051801,0.65,0.004226,13,True,prob_below_buy_threshold,prob_below_buy_threshold,2026-05-15,1.0,2026-09-06T17:19:30Z,8.96,0.0,-8.549061
lr,Regresja logistyczna,KO,logistic_regression,logistic_regression,logistic_regression,binary,binary-2026-08,D-lr-849107b69cc1,S-KO-logistic_regression-20230918-e99847,T-lr-eb8b098b6d71,SELL,2026-09-06T17:19:30Z,2023-09-18,2023-09-18,57.98,57.94,57.98,58.35,57.63,58.3,13617400,1.0,1.0,0.0,99828.94,99886.92,57.98,0.0,100011.37,100009.63,0.1,0.0006,0.0,50.0,,,0.5,,,,,,,,,,-0.002058,-0.022298,-0.083533,-1.27,-0.021435,13,False,prob_below_buy_threshold,prob_below_buy_threshold,2026-05-15,1.0,2026-09-06T17:19:30Z,7.69,-0.141741,-8.549061
lr,Regresja logistyczna,WMT,logistic_regression,logistic_regression,logistic_regression,binary,binary-2026-08,D-lr-9d152e2287f4,S-WMT-logistic_regression-20230918-4cf276,T-lr-8f1820fcbfbf,SELL,2026-09-06T17:19:30Z,2023-09-18,2023-09-18,54.8933,54.88,54.8933,55.0667,54.4167,54.4733,12997800,1.0,1.0,0.0,99886.92,99941.81,54.89,0.0,100011.37,100010.05,0.1,0.0005,0.0,50.0,,,0.5,,,,,,,,,,-0.000245,-0.002142,-0.013523,0.94,0.017485,13,True,prob_below_buy_threshold,prob_below_buy_threshold,2026-05-15,1.0,2026-09-06T17:19:30Z,8.63,-0.03683,-8.549061
lr,Regresja logistyczna,NEE,logistic_regression,logistic_regression,logistic_regression,binary,binary-2026-08,D-lr-9420faeb9201,S-NEE-logistic_regression-20230918-3c69d1,T-lr-3ddf4f058fcb,SELL,2026-09-06T17:19:30Z,2023-09-18,2023-09-18,68.81,68.64,68.81,68.86,67.91,68.24,7534100,1.0,1.0,0.0,99941.81,100010.62,68.81,0.0,100011.37,100010.62,0.1,0.0007,0.0,50.0,,,0.5,,,,,,,,,,-0.009525,-0.011284,-0.203107,1.99,0.029781,13,True,prob_below_buy_threshold,prob_below_buy_threshold,2026-05-15,1.0,2026-09-06T17:19:30Z,10.62,0.0,-8.549061
lr,Regresja logistyczna,MSFT,logistic_regression,logistic_regression,logistic_regression,binary,binary-2026-08,D-lr-637314f44756,S-MSFT-logistic_regression-20231113-f29c71,T-lr-d8878665e0d1,BUY,2026-09-06T17:19:30Z,2023-11-13,2023-11-13,368.22,369.67,368.22,368.47,365.9,366.68,19986500,1.0,0.0,1.0,100010.62,99642.4,0.0,368.22,100010.62,100009.08,0.1,0.0,0.0037,99.99,0.9999,0.9999,0.5,70.97,10.0037,7.2422,2.7615,372.5361,315.2929,343.9145,343.9145,333.068,0.009791,0.029344,0.020999,,,,,prob_above_buy_threshold,prob_above_buy_threshold,2026-05-15,1.0,2026-09-06T17:19:30Z,10.62,0.0,-8.549061
lr,Regresja logistyczna,JPM,logistic_regression,logistic_regression,logistic_regression,binary,binary-2026-08,D-lr-db54e4a41da1,S-JPM-logistic_regression-20231113-9087af,T-lr-a69f6c408d46,BUY,2026-09-06T17:19:30Z,2023-11-13,2023-11-13,145.7,146.43,145.7,146.25,145.16,145.78,6676300,1.0,0.0,1.0,99642.4,99496.7,0.0,145.7,100010.62,100009.16,0.1,0.0,0.0015,89.81,0.7962,0.8981,0.5,57.59,0.1655,-0.5914,0.7569,148.7149,136.2701,142.4925,142.4925,144.5576,0.018247,0.051516,0.101111,,,,,prob_above_buy_threshold,prob_above_buy_threshold,2026-05-15,1.0,2026-09-06T17:19:30Z,10.62,0.0,-8.549061
lr,Regresja logistyczna,XOM,logistic_regression,logistic_regression,logistic_regression,binary,binary-2026-08,D-lr-0b563faf8c3e,S-XOM-logistic_regression-20231113-40eff9,T-lr-fa92a2ea565c,BUY,2026-09-06T17:19:30Z,2023-11-13,2023-11-13,104.05,103.75,104.05,105.14,103.81,104.84,15308400,1.0,0.0,1.0,99496.7,99392.65,0.0,104.05,100010.62,100009.95,0.1,0.0,0.001,86.02,0.7205,0.8602,0.5,41.03,-2.0916,-1.9569,-0.1347,113.4216,101.2624,107.342,107.342,111.4396,-0.005246,-0.003243,-0.064765,,,,,prob_above_buy_threshold,prob_above_buy_threshold,2026-05-15,1.0,2026-09-06T17:19:30Z,10.62,0.0,-8.549061
lr,Regresja logistyczna,JNJ,logistic_regression,logistic_regression,logistic_regression,binary,binary-2026-08,D-lr-89a07d21cb80,S-JNJ-logistic_regression-20231113-6a0e5e,T-lr-b0868799f101,BUY,2026-09-06T17:19:30Z,2023-11-13,2023-11-13,147.25,147.25,147.25,147.9,146.65,147.63,5889300,1.0,0.0,1.0,99392.65,99245.4,0.0,147.25,100010.62,100010.33,0.1,0.0,0.0015,100.0,1.0,1.0,0.5,35.43,-2.0661,-2.1182,0.0522,155.1562,145.2258,150.191,150.191,155.6372,0.000203,0.015444,0.050396,,,,,prob_above_buy_threshold,prob_above_buy_threshold,2026-05-15,1.0,2026-09-06T17:19:30Z,10.62,0.0,-8.549061
lr,Regresja logistyczna,UNH,logistic_regression,logistic_regression,logistic_regression,binary,binary-2026-08,D-lr-1505343f7739,S-UNH-logistic_regression-20231113-f360e3,T-lr-863207a018be,BUY,2026-09-06T17:19:30Z,2023-11-13,2023-11-13,541.15,541.21,541.15,544.15,537.91,542.57,1507900,1.0,0.0,1.0,99245.4,98704.25,0.0,541.15,100010.62,100011.75,0.1,0.0,0.0054,100.0,1.0,1.0,0.5,65.18,6.5123,6.5999,-0.0876,543.9179,521.6971,532.8075,532.8075,514.8458,-0.003889,-0.013768,0.005806,,,,,prob_above_buy_threshold,prob_above_buy_threshold,2026-05-15,1.0,2026-09-06T17:19:30Z,10.62,0.0,-8.549061
lr,Regresja logistyczna,PG,logistic_regression,logistic_regression,logistic_regression,binary,binary-2026-08,D-lr-d2ebdb59d616,S-PG-logistic_regression-20231113-cbb592,T-lr-f5cc028e8320,BUY,2026-09-06T17:19:30Z,2023-11-13,2023-11-13,151.45,151.41,151.45,152.9,151.45,152.46,6297500,1.0,0.0,1.0,98704.25,98552.8,0.0,151.45,100010.62,100012.76,0.1,0.0,0.0015,100.0,1.0,1.0,0.5,60.99,0.8563,0.537,0.3192,152.6626,146.7744,149.7185,149.7185,149.354,-0.00223,-0.014364,-0.042765,,,,,prob_above_buy_threshold,prob_above_buy_threshold,2026-05-15,1.0,2026-09-06T17:19:30Z,10.62,0.0,-8.549061
lr,Regresja logistyczna,KO,logistic_regression,logistic_regression,logistic_regression,binary,binary-2026-08,D-lr-88f9f41e49b2,S-KO-logistic_regression-20231113-0b3f00,T-lr-341ecf64f16d,BUY,2026-09-06T17:19:30Z,2023-11-13,2023-11-13,56.62,56.72,56.62,57.1,56.6,56.93,12798200,1.0,0.0,1.0,98552.8,98496.18,0.0,56.62,100010.62,100013.07,0.1,0.0,0.0006,100.0,0.9999,1.0,0.5,58.23,0.4189,0.2557,0.1632,58.1157,53.7203,55.918,55.918,56.1328,0.002986,0.008256,0.043738,,,,,prob_above_buy_threshold,prob_above_buy_threshold,2026-05-15,1.0,2026-09-06T17:19:30Z,10.62,0.0,-8.549061
lr,Regresja logistyczna,WMT,logistic_regression,logistic_regression,logistic_regression,binary,binary-2026-08,D-lr-982dff6d6d09,S-WMT-logistic_regression-20231113-0da301,T-lr-8002aa23d499,BUY,2026-09-06T17:19:30Z,2023-11-13,2023-11-13,55.46,55.3967,55.46,55.9567,55.35,55.8933,15408900,1.0,0.0,1.0,98496.18,98440.72,0.0,55.46,100010.62,100013.5,0.1,0.0,0.0006,99.67,0.9935,0.9967,0.5,65.93,0.4617,0.3381,0.1236,55.8748,53.0102,54.4425,54.4425,54.0728,-0.000179,-0.073831,-0.097328,,,,,prob_above_buy_threshold,prob_above_buy_threshold,2026-05-15,1.0,2026-09-06T17:19:30Z,10.62,0.0,-8.549061
lr,Regresja logistyczna,NEE,logistic_regression,logistic_regression,logistic_regression,binary,binary-2026-08,D-lr-1572dcf10933,S-NEE-logistic_regression-20231113-4050c6,T-lr-bc45a9a1fb04,BUY,2026-09-06T17:19:30Z,2023-11-13,2023-11-13,55.05,55.14,55.05,55.06,53.81,54.5,8951800,1.0,0.0,1.0,98440.72,98385.67,0.0,55.05,100010.62,100012.95,0.1,0.0,0.0006,100.0,1.0,1.0,0.5,41.5,-0.2999,-0.2739,-0.026,61.0693,51.0557,56.0625,56.0625,58.8862,0.055963,0.05211,0.09211,,,,,prob_above_buy_threshold,prob_above_buy_threshold,2026-05-15,1.0,2026-09-06T17:19:30Z,10.62,0.0,-8.549061
lr,Regresja logistyczna,MSFT,logistic_regression,logistic_regression,logistic_regression,binary,binary-2026-08,D-lr-44a0effcd1c7,S-MSFT-logistic_regression-20231114-a3ed49,T-lr-29ab569561ad,BUY,2026-09-06T17:19:30Z,2023-11-14,2023-11-14,371.01,366.68,371.01,371.95,367.35,370.27,27683900,1.0,1.0,2.0,98385.67,98014.66,371.01,742.02,100019.44,100018.7,0.1,0.0037,0.0074,99.98,0.9997,0.9998,0.5,72.8,10.4986,7.8935,2.6051,376.0808,315.5692,345.825,345.825,333.8024,-0.00162,0.007562,0.011073,,,,,prob_above_buy_threshold,prob_above_buy_threshold,2026-05-15,1.0,2026-09-06T17:19:30Z,10.62,0.0,-8.549061
lr,Regresja logistyczna,JPM,logistic_regression,logistic_regression,logistic_regression,binary,binary-2026-08,D-lr-bc6a545023e7,S-JPM-logistic_regression-20231114-87ba36,T-lr-b99e098effda,BUY,2026-09-06T17:19:30Z,2023-11-14,2023-11-14,146.68,145.78,146.68,149.25,146.52,148.44,9927700,1.0,1.0,2.0,98014.66,97867.98,146.68,293.36,100019.44,100020.46,0.1,0.0015,0.0029,86.8,0.736,0.868,0.5,63.97,0.5356,-0.366,0.9016,148.9183,136.1576,142.538,142.538,144.6224,0.008758,0.030517,0.085017,,,,,prob_above_buy_threshold,prob_above_buy_threshold,2026-05-15,1.0,2026-09-06T17:19:30Z,10.62,0.0,-8.549061
lr,Regresja logistyczna,XOM,logistic_regression,logistic_regression,logistic_regression,binary,binary-2026-08,D-lr-b40039021b2f,S-XOM-logistic_regression-20231114-3f7e2d,T-lr-fabd4c6f67f4,BUY,2026-09-06T17:19:30Z,2023-11-14,2023-11-14,104.3,104.84,104.3,104.82,103.87,104.29,18260500,1.0,1.0,2.0,97867.98,97763.68,104.3,208.6,100019.44,100020.45,0.1,0.001,0.0021,88.85,0.777,0.8885,0.5,39.67,-2.0333,-1.9722,-0.0611,112.9068,101.0672,106.987,106.987,111.2548,-0.006041,0.00163,-0.051491,,,,,prob_above_buy_threshold,prob_above_buy_threshold,2026-05-15,1.0,2026-09-06T17:19:30Z,10.62,0.0,-8.549061
lr,Regresja logistyczna,JNJ,logistic_regression,logistic_regression,logistic_regression,binary,binary-2026-08,D-lr-ef7237345915,S-JNJ-logistic_regression-20231114-bc49bd,T-lr-61ff29ec1bec,BUY,2026-09-06T17:19:30Z,2023-11-14,2023-11-14,147.64,147.63,147.64,148.54,146.97,147.66,6713600,1.0,1.0,2.0,97763.68,97616.04,147.64,295.28,100019.44,100020.47,0.1,0.0015,0.003,100.0,1.0,1.0,0.5,35.57,-2.0526,-2.1051,0.0525,154.0432,145.4958,149.7695,149.7695,155.3768,0.00772,0.023432,0.055059,,,,,prob_above_buy_threshold,prob_above_buy_threshold,2026-05-15,1.0,2026-09-06T17:19:30Z,10.62,0.0,-8.549061
lr,Regresja logistyczna,UNH,logistic_regression,logistic_regression,logistic_regression,binary,binary-2026-08,D-lr-5714fa22fc89,S-UNH-logistic_regression-20231114-921222,T-lr-5e29eba4d467,BUY,2026-09-06T17:19:30Z,2023-11-14,2023-11-14,539.03,542.57,539.03,542.67,536.51,540.46,2454000,1.0,1.0,2.0,97616.04,97077.01,539.03,1078.06,100019.44,100021.9,0.1,0.0054,0.0108,100.0,1.0,1.0,0.5,62.25,6.3906,6.558,-0.1675,544.4895,521.5065,532.998,532.998,516.0388,-0.003793,-0.00161,0.01582,,,,,prob_above_buy_threshold,prob_above_buy_threshold,2026-05-15,1.0,2026-09-06T17:19:30Z,10.62,0.0,-8.549061
lr,Regresja logistyczna,PG,logistic_regression,logistic_regression,logistic_regression,binary,binary-2026-08,D-lr-19c304088613,S-PG-logistic_regression-20231114-757927,T-lr-825380785d27,BUY,2026-09-06T17:19:30Z,2023-11-14,2023-11-14,152.55,152.46,152.55,153.5,151.68,152.12,7982600,1.0,1.0,2.0,97077.01,96924.46,152.55,305.1,100019.44,100021.47,0.1,0.0015,0.0031,100.0,1.0,1.0,0.5,59.46,0.9273,0.6151,0.3122,152.6734,147.3496,150.0115,150.0115,149.3476,-0.004602,-0.0165,-0.023271,,,,,prob_above_buy_threshold,prob_above_buy_threshold,2026-05-15,1.0,2026-09-06T17:19:30Z,10.62,0.0,-8.549061
lr,Regresja logistyczna,KO,logistic_regression,logistic_regression,logistic_regression,binary,binary-2026-08,D-lr-6aa272a575dc,S-KO-logistic_regression-20231114-79d5ee,T-lr-e6d8c3852dd1,BUY,2026-09-06T17:19:30Z,2023-11-14,2023-11-14,57.02,56.93,57.02,57.24,56.81,57.1,12697100,1.0,1.0,2.0,96924.46,96867.44,57.02,114.04,100019.44,100021.55,0.1,0.0006,0.0011,100.0,0.9999,1.0,0.5,59.59,0.4339,0.2913,0.1425,58.1514,53.9876,56.0695,56.0695,56.0984,0.001926,0.016287,0.049562,,,,,prob_above_buy_threshold,prob_above_buy_threshold,2026-05-15,1.0,2026-09-06T17:19:30Z,10.62,0.0,-8.549061
lr,Regresja logistyczna,WMT,logistic_regression,logistic_regression,logistic_regression,binary,binary-2026-08,D-lr-85615483c6f9,S-WMT-logistic_regression-20231114-1a9c2b,T-lr-e62e9e62531e,BUY,2026-09-06T17:19:30Z,2023-11-14,2023-11-14,56.0567,55.8933,56.0567,56.3833,55.75,55.8833,19792500,1.0,1.0,2.0,96867.44,96811.38,56.06,112.11,100019.44,100021.38,0.1,0.0006,0.0011,99.69,0.9939,0.9969,0.5,65.79,0.5062,0.3717,0.1345,56.0769,53.0157,54.5463,54.5463,54.122,0.012705,-0.070325,-0.081121,,,,,prob_above_buy_threshold,prob_above_buy_threshold,2026-05-15,1.0,2026-09-06T17:19:30Z,10.62,0.0,-8.549061
lr,Regresja logistyczna,NEE,logistic_regression,logistic_regression,logistic_regression,binary,binary-2026-08,D-lr-ad6cd3ba89bc,S-NEE-logistic_regression-20231114-459b70,T-lr-aa6aeb7da6f2,BUY,2026-09-06T17:19:30Z,2023-11-14,2023-11-14,56.08,54.5,56.08,57.74,55.45,57.55,13399500,1.0,1.0,2.0,96811.38,96755.3,56.08,112.16,100019.44,100022.85,0.1,0.0006,0.0011,100.0,1.0,1.0,0.5,52.24,-0.19,-0.2571,0.0671,61.1994,51.2636,56.2315,56.2315,58.7132,-0.009557,0.007472,0.086186,,,,,prob_above_buy_threshold,prob_above_buy_threshold,2026-05-15,1.0,2026-09-06T17:19:30Z,10.62,0.0,-8.549061
lr,Regresja logistyczna,MSFT,logistic_regression,logistic_regression,logistic_regression,binary,binary-2026-08,D-lr-e5cc309fa20a,S-MSFT-logistic_regression-20231115-3316f9,T-lr-2a68508b516e,BUY,2026-09-06T17:19:30Z,2023-11-15,2023-11-15,371.28,370.27,371.28,373.13,367.11,369.67,26860100,1.0,2.0,3.0,96755.3,96384.02,742.56,1113.84,100020.31,100018.7,0.1,0.0074,0.0111,99.98,0.9997,0.9998,0.5,71.98,10.7188,8.4585,2.2603,378.8528,316.7532,347.803,347.803,334.5382,0.017583,0.022128,-0.010117,,,,,prob_above_buy_threshold,prob_above_buy_threshold,2026-05-15,1.0,2026-09-06T17:19:30Z,10.62,0.0,-8.549061
lr,Regresja logistyczna,JPM,logistic_regression,logistic_regression,logistic_regression,binary,binary-2026-08,D-lr-995348b9a872,S-JPM-logistic_regression-20231115-739d46,T-lr-afb0b526d4b6,BUY,2026-09-06T17:19:30Z,2023-11-15,2023-11-15,148.46,148.44,148.46,150.16,148.46,149.74,8365300,1.0,2.0,3.0,96384.02,96235.56,296.92,445.38,100020.31,100019.98,0.1,0.003,0.0045,90.19,0.8037,0.9019,0.5,66.62,0.9232,-0.1081,1.0313,149.7053,135.7537,142.7295,142.7295,144.718,0.01142,0.023975,0.095165,,,,,prob_above_buy_threshold,prob_above_buy_threshold,2026-05-15,1.0,2026-09-06T17:19:30Z,10.62,0.0,-8.549061
lr,Regresja logistyczna,XOM,logistic_regression,logistic_regression,logistic_regression,binary,binary-2026-08,D-lr-676e9c48d6b4,S-XOM-logistic_regression-20231115-df9d34,T-lr-b6f5d294be4f,BUY,2026-09-06T17:19:30Z,2023-11-15,2023-11-15,103.96,104.29,103.96,105.15,103.5,103.66,20137600,1.0,2.0,3.0,96235.56,96131.6,207.92,311.88,100020.31,100019.68,0.1,0.0021,0.0031,88.47,0.7695,0.8847,0.5,38.11,-2.0147,-1.9807,-0.034,111.9339,101.1111,106.5225,106.5225,111.0378,-0.011576,0.003376,-0.020066,,,,,prob_above_buy_threshold,prob_above_buy_threshold,2026-05-15,1.0,2026-09-06T17:19:30Z,10.62,0.0,-8.549061
lr,Regresja logistyczna,JNJ,logistic_regression,logistic_regression,logistic_regression,binary,binary-2026-08,D-lr-be568eff7bb5,S-JNJ-logistic_regression-20231115-74842b,T-lr-68a49b16d21c,BUY,2026-09-06T17:19:30Z,2023-11-15,2023-11-15,147.35,147.66,147.35,149.42,147.27,148.8,6729100,1.0,2.0,3.0,96131.6,95984.25,294.7,442.05,100020.31,100021.13,0.1,0.0029,0.0044,100.0,1.0,1.0,0.5,40.87,-1.9277,-2.0696,0.1419,153.6406,145.5054,149.573,149.573,155.1926,0.008737,0.013575,0.054234,,,,,prob_above_buy_threshold,prob_above_buy_threshold,2026-05-15,1.0,2026-09-06T17:19:30Z,10.62,0.0,-8.549061
lr,Regresja logistyczna,UNH,logistic_regression,logistic_regression,logistic_regression,binary,binary-2026-08,D-lr-0a09790c1064,S-UNH-logistic_regression-20231115-23d071,T-lr-531ec3ca17dd,BUY,2026-09-06T17:19:30Z,2023-11-15,2023-11-15,540.05,540.46,540.05,540.46,531.7,538.41,2473700,1.0,2.0,3.0,95984.25,95444.2,1080.1,1620.15,100020.31,100019.49,0.1,0.0108,0.0162,100.0,1.0,1.0,0.5,59.46,6.0588,6.4582,-0.3994,544.7766,521.4544,533.1155,533.1155,517.2682,0.002619,0.009937,-0.007745,,,,,prob_above_buy_threshold,prob_above_buy_threshold,2026-05-15,1.0,2026-09-06T17:19:30Z,10.62,0.0,-8.549061
lr,Regresja logistyczna,PG,logistic_regression,logistic_regression,logistic_regression,binary,binary-2026-08,D-lr-4906d45b64c5,S-PG-logistic_regression-20231115-428e1c,T-lr-5b3a5ff86bcd,BUY,2026-09-06T17:19:30Z,2023-11-15,2023-11-15,152.06,152.12,152.06,152.39,150.38,151.42,7672600,1.0,2.0,3.0,95444.2,95292.14,304.12,456.18,100020.31,100018.85,0.1,0.003,0.0046,100.0,1.0,1.0,0.5,56.33,0.9165,0.6754,0.2411,152.8129,147.3491,150.081,150.081,149.3332,0.009312,-0.002642,-0.044644,,,,,prob_above_buy_threshold,prob_above_buy_threshold,2026-05-15,1.0,2026-09-06T17:19:30Z,10.62,0.0,-8.549061
lr,Regresja logistyczna,KO,logistic_regression,logistic_regression,logistic_regression,binary,binary-2026-08,D-lr-9fa70c7b421a,S-KO-logistic_regression-20231115-fe04af,T-lr-d3838a5dcd19,BUY,2026-09-06T17:19:30Z,2023-11-15,2023-11-15,57.3,57.1,57.3,57.34,56.75,57.21,10201900,1.0,2.0,3.0,95292.14,95234.84,114.6,171.9,100020.31,100018.76,0.1,0.0011,0.0017,100.0,0.9999,1.0,0.5,60.48,0.4494,0.3229,0.1265,58.1456,54.3094,56.2275,56.2275,56.067,-0.001049,0.02115,0.031987,,,,,prob_above_buy_threshold,prob_above_buy_threshold,2026-05-15,1.0,2026-09-06T17:19:30Z,10.62,0.0,-8.549061
lr,Regresja logistyczna,WMT,logistic_regression,logistic_regression,logistic_regression,binary,binary-2026-08,D-lr-91109172f099,S-WMT-logistic_regression-20231115-1556ed,T-lr-ca1bf9d74dc7,BUY,2026-09-06T17:19:30Z,2023-11-15,2023-11-15,56.1267,55.8833,56.1267,56.6467,55.8367,56.5933,35769900,1.0,2.0,3.0,95234.84,95178.72,112.25,168.38,100020.31,100019.23,0.1,0.0011,0.0017,99.45,0.989,0.9945,0.5,70.62,0.5919,0.4158,0.1761,56.4179,52.9495,54.6837,54.6837,54.1774,-0.080928,-0.088998,-0.103723,,,,,prob_above_buy_threshold,prob_above_buy_threshold,2026-05-15,1.0,2026-09-06T17:19:30Z,10.62,0.0,-8.549061
lr,Regresja logistyczna,NEE,logistic_regression,logistic_regression,logistic_regression,binary,binary-2026-08,D-lr-94e63dcb91d7,S-NEE-logistic_regression-20231115-6a81d9,T-lr-b4fca12eaa2c,BUY,2026-09-06T17:19:30Z,2023-11-15,2023-11-15,57.48,57.55,57.48,58.73,56.98,57.0,11295000,1.0,2.0,3.0,95178.72,95121.24,114.96,172.44,100020.31,100018.75,0.1,0.0011,0.0017,100.0,1.0,1.0,0.5,50.44,-0.1457,-0.2348,0.0891,61.2014,51.6376,56.4195,56.4195,58.5394,-0.007018,0.008246,0.101403,,,,,prob_above_buy_threshold,prob_above_buy_threshold,2026-05-15,1.0,2026-09-06T17:19:30Z,10.62,0.0,-8.549061
lr,Regresja logistyczna,MSFT,logistic_regression,logistic_regression,logistic_regression,binary,binary-2026-08,D-lr-a8058620dcbc,S-MSFT-logistic_regression-20231116-c887d7,T-lr-e22bdab85b56,BUY,2026-09-06T17:19:30Z,2023-11-16,2023-11-16,370.96,369.67,370.96,376.35,370.18,376.17,27182300,1.0,3.0,4.0,95121.24,94750.28,1112.88,1483.84,100037.02,100042.23,0.1,0.0111,0.0148,99.99,0.9998,0.9999,0.5,75.23,11.2877,9.0244,2.2633,382.458,317.633,350.0455,350.0455,335.4634,-0.016801,0.003349,-0.014462,,,,,prob_above_buy_threshold,prob_above_buy_threshold,2026-05-15,1.0,2026-09-06T17:19:30Z,10.62,0.0,-8.549061
lr,Regresja logistyczna,JPM,logistic_regression,logistic_regression,logistic_regression,binary,binary-2026-08,D-lr-1b39e89ab8ad,S-JPM-logistic_regression-20231116-380e04,T-lr-36ee88835754,BUY,2026-09-06T17:19:30Z,2023-11-16,2023-11-16,150.09,149.74,150.09,151.53,150.09,151.45,8126200,1.0,3.0,4.0,94750.28,94600.19,450.27,600.36,100037.02,100043.59,0.1,0.0045,0.006,87.16,0.7432,0.8716,0.5,69.76,1.3527,0.184,1.1687,150.923,135.152,143.0375,143.0375,144.8726,0.009046,0.0138,0.090987,,,,,prob_above_buy_threshold,prob_above_buy_threshold,2026-05-15,1.0,2026-09-06T17:19:30Z,10.62,0.0,-8.549061
lr,Regresja logistyczna,XOM,logistic_regression,logistic_regression,logistic_regression,binary,binary-2026-08,D-lr-745dcf6bc093,S-XOM-logistic_regression-20231116-58b362,T-lr-99a3eeadc74a,BUY,2026-09-06T17:19:30Z,2023-11-16,2023-11-16,102.9,103.66,102.9,103.27,101.15,102.46,22469100,1.0,3.0,4.0,94600.19,94497.29,308.7,411.6,100037.02,100043.15,0.1,0.0031,0.0041,88.21,0.7643,0.8821,0.5,35.26,-2.0729,-1.9992,-0.0738,110.7929,101.1961,105.9945,105.9945,110.808,0.0244,0.020593,-0.015225,,,,,prob_above_buy_threshold,prob_above_buy_threshold,2026-05-15,1.0,2026-09-06T17:19:30Z,10.62,0.0,-8.549061
lr,Regresja logistyczna,JNJ,logistic_regression,logistic_regression,logistic_regression,binary,binary-2026-08,D-lr-cafb17990710,S-JNJ-logistic_regression-20231116-9f8d59,T-lr-516d1c1473a7,BUY,2026-09-06T17:19:30Z,2023-11-16,2023-11-16,149.5,148.8,149.5,150.17,148.64,150.1,6875600,1.0,3.0,4.0,94497.29,94347.79,448.5,598.0,100037.02,100043.75,0.1,0.0045,0.006,100.0,1.0,1.0,0.5,46.29,-1.7042,-1.9966,0.2923,153.3404,145.5836,149.462,149.462,154.994,-0.002065,0.015989,0.033711,,,,,prob_above_buy_threshold,prob_above_buy_threshold,2026-05-15,1.0,2026-09-06T17:19:30Z,10.62,0.0,-8.549061
lr,Regresja logistyczna,UNH,logistic_regression,logistic_regression,logistic_regression,binary,binary-2026-08,D-lr-9ce4a2a2c102,S-UNH-logistic_regression-20231116-237b7c,T-lr-3183451f6221,BUY,2026-09-06T17:19:30Z,2023-11-16,2023-11-16,538.41,538.41,538.41,544.86,537.47,539.82,2360300,1.0,3.0,4.0,94347.79,93809.38,1615.23,2153.64,100037.02,100045.16,0.1,0.0161,0.0215,100.0,1.0,1.0,0.5,60.76,5.8423,6.335,-0.4927,545.5192,521.5309,533.525,533.525,518.3684,-0.006539,0.013486,-0.016117,,,,,prob_above_buy_threshold,prob_above_buy_threshold,2026-05-15,1.0,2026-09-06T17:19:30Z,10.62,0.0,-8.549061
lr,Regresja logistyczna,PG,logistic_regression,logistic_regression,logistic_regression,binary,binary-2026-08,D-lr-54452858fc6d,S-PG-logistic_regression-20231116-ae7062,T-lr-2ca34f50d3a7,BUY,2026-09-06T17:19:30Z,2023-11-16,2023-11-16,151.99,151.42,151.99,152.89,151.31,152.83,7590500,1.0,3.0,4.0,93809.38,93657.39,455.97,607.96,100037.02,100046.0,0.1,0.0046,0.0061,100.0,1.0,1.0,0.5,60.81,1.0101,0.7423,0.2678,153.155,147.465,150.31,150.31,149.318,-0.011516,-0.009488,-0.058038,,,,,prob_above_buy_threshold,prob_above_buy_threshold,2026-05-15,1.0,2026-09-06T17:19:30Z,10.62,0.0,-8.549061
lr,Regresja logistyczna,KO,logistic_regression,logistic_regression,logistic_regression,binary,binary-2026-08,D-lr-3be1a168f599,S-KO-logistic_regression-20231116-a38d5b,T-lr-0315d91f2449,BUY,2026-09-06T17:19:30Z,2023-11-16,2023-11-16,57.25,57.21,57.25,57.53,56.81,57.15,16010400,1.0,3.0,4.0,93657.39,93600.14,171.75,229.0,100037.02,100045.9,0.1,0.0017,0.0023,100.0,0.9999,1.0,0.5,59.71,0.4517,0.3487,0.103,58.1184,54.6166,56.3675,56.3675,56.0434,0.001925,0.024847,0.025372,,,,,prob_above_buy_threshold,prob_above_buy_threshold,2026-05-15,1.0,2026-09-06T17:19:30Z,10.62,0.0,-8.549061
lr,Regresja logistyczna,WMT,logistic_regression,logistic_regression,logistic_regression,binary,binary-2026-08,D-lr-e5ec970e8c04,S-WMT-logistic_regression-20231116-a20391,T-lr-fa1aceb81cc4,BUY,2026-09-06T17:19:30Z,2023-11-16,2023-11-16,52.9167,56.5933,52.9167,53.15,51.8333,52.0133,97658700,1.0,3.0,4.0,93600.14,93547.22,158.75,211.67,100037.02,100044.99,0.1,0.0016,0.0021,99.29,0.9858,0.9929,0.5,35.65,0.2869,0.39,-0.1031,56.6468,52.5629,54.6048,54.6048,54.1279,-0.004422,0.000128,-0.021148,,,,,prob_above_buy_threshold,prob_above_buy_threshold,2026-05-15,1.0,2026-09-06T17:19:30Z,10.62,0.0,-8.549061
lr,Regresja logistyczna,NEE,logistic_regression,logistic_regression,logistic_regression,binary,binary-2026-08,D-lr-c9e5eae86e09,S-NEE-logistic_regression-20231116-c6589c,T-lr-b239a6feb071,BUY,2026-09-06T17:19:30Z,2023-11-16,2023-11-16,57.42,57.0,57.42,57.77,56.58,56.6,11155400,1.0,3.0,4.0,93547.22,93489.8,172.26,229.68,100037.02,100044.17,0.1,0.0017,0.0023,100.0,1.0,1.0,0.5,49.12,-0.1413,-0.2161,0.0749,61.0401,52.2199,56.63,56.63,58.3464,0.013604,0.016784,0.086572,,,,,prob_above_buy_threshold,prob_above_buy_threshold,2026-05-15,1.0,2026-09-06T17:19:30Z,10.62,0.0,-8.549061
lr,Regresja logistyczna,MSFT,logistic_regression,logistic_regression,logistic_regression,binary,binary-2026-08,D-lr-51cb4291a04f,S-MSFT-logistic_regression-20231117-15cefb,T-lr-9440564edbc3,BUY,2026-09-06T17:19:30Z,2023-11-17,2023-11-17,373.61,376.17,373.61,374.37,367.0,369.85,40157000,1.0,4.0,5.0,93489.8,93116.19,1494.44,1868.05,100014.57,100010.81,0.1,0.0149,0.0187,99.99,0.9998,0.9999,0.5,67.09,11.1006,9.4396,1.661,383.8445,320.5645,352.2045,352.2045,336.175,0.020522,0.023685,0.007571,,,,,prob_above_buy_threshold,prob_above_buy_threshold,2026-05-15,1.0,2026-09-06T17:19:30Z,10.62,0.0,-8.549061
lr,Regresja logistyczna,JPM,logistic_regression,logistic_regression,logistic_regression,binary,binary-2026-08,D-lr-c7cf002ac865,S-JPM-logistic_regression-20231117-bede3b,T-lr-e01d7e41d382,BUY,2026-09-06T17:19:30Z,2023-11-17,2023-11-17,152.2,151.45,152.2,152.86,151.54,152.82,7812400,1.0,4.0,5.0,93116.19,92963.99,608.8,761.0,100014.57,100011.43,0.1,0.0061,0.0076,87.42,0.7484,0.8742,0.5,72.04,1.7831,0.5039,1.2793,152.4945,134.5675,143.531,143.531,145.0524,0.003075,0.002421,0.08775,,,,,prob_above_buy_threshold,prob_above_buy_threshold,2026-05-15,1.0,2026-09-06T17:19:30Z,10.62,0.0,-8.549061
lr,Regresja logistyczna,XOM,logistic_regression,logistic_regression,logistic_regression,binary,binary-2026-08,D-lr-5b639d191bc2,S-XOM-logistic_regression-20231117-ba0925,T-lr-9ed799f6b961,BUY,2026-09-06T17:19:30Z,2023-11-17,2023-11-17,103.06,102.46,103.06,105.43,102.75,104.96,22984900,1.0,4.0,5.0,92963.99,92860.93,412.24,515.3,100014.57,100013.33,0.1,0.0041,0.0052,89.72,0.7944,0.8972,0.5,44.55,-1.8955,-1.9784,0.083,109.8947,101.4823,105.6885,105.6885,110.595,-0.004383,-0.009527,-0.031536,,,,,prob_above_buy_threshold,prob_above_buy_threshold,2026-05-15,1.0,2026-09-06T17:19:30Z,10.62,0.0,-8.549061
lr,Regresja logistyczna,JNJ,logistic_regression,logistic_regression,logistic_regression,binary,binary-2026-08,D-lr-be4bb98dda18,S-JNJ-logistic_regression-20231117-4e652c,T-lr-db45ed85fb28,BUY,2026-09-06T17:19:30Z,2023-11-17,2023-11-17,150.55,150.1,150.55,150.79,149.07,149.79,7023300,1.0,4.0,5.0,92860.93,92710.38,602.2,752.75,100014.57,100012.57,0.1,0.006,0.0075,100.0,1.0,1.0,0.5,45.23,-1.5344,-1.9041,0.3697,152.831,145.772,149.3015,149.3015,154.7786,0.000801,0.009947,0.03772,,,,,prob_above_buy_threshold,prob_above_buy_threshold,2026-05-15,1.0,2026-09-06T17:19:30Z,10.62,0.0,-8.549061
lr,Regresja logistyczna,UNH,logistic_regression,logistic_regression,logistic_regression,binary,binary-2026-08,D-lr-fac48b5b4aed,S-UNH-logistic_regression-20231117-2483ea,T-lr-91cfd1d6eca9,BUY,2026-09-06T17:19:30Z,2023-11-17,2023-11-17,540.27,539.82,540.27,540.52,528.34,536.29,2676900,1.0,4.0,5.0,92710.38,92170.11,2161.08,2701.35,100014.57,100008.59,0.1,0.0216,0.027,100.0,1.0,1.0,0.5,55.92,5.3245,6.1329,-0.8084,545.6539,522.3221,533.988,533.988,519.4788,-0.002219,0.013612,-0.018162,,,,,prob_above_buy_threshold,prob_above_buy_threshold,2026-05-15,1.0,2026-09-06T17:19:30Z,10.62,0.0,-8.549061
lr,Regresja logistyczna,PG,logistic_regression,logistic_regression,logistic_regression,binary,binary-2026-08,D-lr-aeddfc0ce8a1,S-PG-logistic_regression-20231117-1cb5de,T-lr-2774fa8d253b,BUY,2026-09-06T17:19:30Z,2023-11-17,2023-11-17,152.72,152.83,152.72,152.84,150.89,151.07,8495600,1.0,4.0,5.0,92170.11,92017.39,610.88,763.6,100014.57,100006.94,0.1,0.0061,0.0076,100.0,1.0,1.0,0.5,53.44,0.9315,0.7802,0.1514,153.125,147.797,150.461,150.461,149.2808,-0.005296,0.001125,-0.032435,,,,,prob_above_buy_threshold,prob_above_buy_threshold,2026-05-15,1.0,2026-09-06T17:19:30Z,10.62,0.0,-8.549061
lr,Regresja logistyczna,KO,logistic_regression,logistic_regression,logistic_regression,binary,binary-2026-08,D-lr-252d613027b3,S-KO-logistic_regression-20231117-40e7eb,T-lr-e469a06a67bb,BUY,2026-09-06T17:19:30Z,2023-11-17,2023-11-17,57.19,57.15,57.19,57.34,56.7,57.26,14475800,1.0,4.0,5.0,92017.39,91960.2,228.76,285.95,100014.57,100007.01,0.1,0.0023,0.0029,100.0,0.9999,1.0,0.5,60.7,0.4571,0.3704,0.0867,58.0852,54.9188,56.502,56.502,56.022,0.002445,0.020957,0.030737,,,,,prob_above_buy_threshold,prob_above_buy_threshold,2026-05-15,1.0,2026-09-06T17:19:30Z,10.62,0.0,-8.549061
lr,Regresja logistyczna,WMT,logistic_regression,logistic_regression,logistic_regression,binary,binary-2026-08,D-lr-29b2f5b088d1,S-WMT-logistic_regression-20231117-f0da55,T-lr-39d18ed1d4c0,BUY,2026-09-06T17:19:30Z,2023-11-17,2023-11-17,51.9833,52.0133,51.9833,52.5133,51.67,51.7833,42487800,1.0,4.0,5.0,91960.2,91908.22,207.93,259.92,100014.57,100006.81,0.1,0.0021,0.0026,99.69,0.9938,0.9969,0.5,34.72,0.0264,0.3173,-0.2909,56.8242,52.2718,54.548,54.548,54.0717,-0.000322,0.009141,-0.002446,,,,,prob_above_buy_threshold,prob_above_buy_threshold,2026-05-15,1.0,2026-09-06T17:19:30Z,10.62,0.0,-8.549061
lr,Regresja logistyczna,NEE,logistic_regression,logistic_regression,logistic_regression,binary,binary-2026-08,D-lr-8c61643b5f73,S-NEE-logistic_regression-20231117-eda13f,T-lr-4ed0a7ee3cf7,BUY,2026-09-06T17:19:30Z,2023-11-17,2023-11-17,57.01,56.6,57.01,57.38,56.49,57.37,10136300,1.0,4.0,5.0,91908.22,91851.21,228.04,285.05,100014.57,100007.17,0.1,0.0023,0.0029,100.0,1.0,1.0,0.5,51.75,-0.0747,-0.1878,0.1131,60.761,53.04,56.9005,56.9005,58.1572,-0.000523,0.003661,0.063274,,,,,prob_above_buy_threshold,prob_above_buy_threshold,2026-05-15,1.0,2026-09-06T17:19:30Z,10.62,0.0,-8.549061
lr,Regresja logistyczna,MSFT,logistic_regression,logistic_regression,logistic_regression,binary,binary-2026-08,D-lr-bc4038b243e4,S-MSFT-logistic_regression-20231120-e7136c,T-lr-4667a8bc434d,BUY,2026-09-06T17:19:30Z,2023-11-20,2023-11-20,371.22,369.85,371.22,378.87,371.0,377.44,52465100,1.0,5.0,6.0,91851.21,91479.99,1856.1,2227.32,100036.29,100042.51,0.1,0.0186,0.0223,99.99,0.9998,0.9999,0.5,71.13,11.4331,9.8383,1.5947,386.2421,322.9789,354.6105,354.6105,336.965,-0.011578,0.013936,-0.011075,,,,,prob_above_buy_threshold,prob_above_buy_threshold,2026-05-15,1.0,2026-09-06T17:19:30Z,10.62,0.0,-8.549061
lr,Regresja logistyczna,JPM,logistic_regression,logistic_regression,logistic_regression,binary,binary-2026-08,D-lr-f78993c339dc,S-JPM-logistic_regression-20231120-c5194a,T-lr-8da8e84eda64,BUY,2026-09-06T17:19:30Z,2023-11-20,2023-11-20,152.08,152.82,152.08,153.75,151.92,153.29,7019000,1.0,5.0,6.0,91479.99,91327.91,760.4,912.48,100036.29,100043.72,0.1,0.0076,0.0091,84.55,0.6911,0.8455,0.5,72.79,2.1375,0.8306,1.3069,153.974,134.317,144.1455,144.1455,145.229,-0.002087,0.001631,0.098898,,,,,prob_above_buy_threshold,prob_above_buy_threshold,2026-05-15,1.0,2026-09-06T17:19:30Z,10.62,0.0,-8.549061
lr,Regresja logistyczna,XOM,logistic_regression,logistic_regression,logistic_regression,binary,binary-2026-08,D-lr-a1b7ebd96fc1,S-XOM-logistic_regression-20231120-c8ec2f,T-lr-da1e8fd3362f,BUY,2026-09-06T17:19:30Z,2023-11-20,2023-11-20,105.38,104.96,105.38,105.88,104.43,104.5,17458800,1.0,5.0,6.0,91327.91,91222.53,526.9,632.28,100036.29,100042.84,0.1,0.0053,0.0063,87.33,0.7466,0.8733,0.5,43.32,-1.7715,-1.937,0.1655,109.301,101.581,105.441,105.441,110.4018,-0.000383,-0.005742,-0.01445,,,,,prob_above_buy_threshold,prob_above_buy_threshold,2026-05-15,1.0,2026-09-06T17:19:30Z,10.62,0.0,-8.549061
lr,Regresja logistyczna,JNJ,logistic_regression,logistic_regression,logistic_regression,binary,binary-2026-08,D-lr-d530e811b91c,S-JNJ-logistic_regression-20231120-8f1ed0,T-lr-5ea3e045a808,BUY,2026-09-06T17:19:30Z,2023-11-20,2023-11-20,147.91,149.79,147.91,150.4,147.54,149.91,8851700,1.0,5.0,6.0,91222.53,91074.62,739.55,887.46,100036.29,100044.84,0.1,0.0074,0.0089,100.0,1.0,1.0,0.5,45.75,-1.3743,-1.7982,0.4238,152.6388,145.8162,149.2275,149.2275,154.5236,0.008071,0.011474,0.043693,,,,,prob_above_buy_threshold,prob_above_buy_threshold,2026-05-15,1.0,2026-09-06T17:19:30Z,10.62,0.0,-8.549061
lr,Regresja logistyczna,UNH,logistic_regression,logistic_regression,logistic_regression,binary,binary-2026-08,D-lr-32933acd696f,S-UNH-logistic_regression-20231120-038d08,T-lr-39f0c7974d2b,BUY,2026-09-06T17:19:30Z,2023-11-20,2023-11-20,533.61,536.29,533.61,536.34,531.8,535.1,2518400,1.0,5.0,6.0,91074.62,90541.01,2668.05,3201.66,100036.29,100046.33,0.1,0.0267,0.032,100.0,1.0,1.0,0.5,54.34,4.7632,5.859,-1.0957,544.8463,524.4827,534.6645,534.6645,520.5932,0.008391,0.010148,-0.020669,,,,,prob_above_buy_threshold,prob_above_buy_threshold,2026-05-15,1.0,2026-09-06T17:19:30Z,10.62,0.0,-8.549061
lr,Regresja logistyczna,PG,logistic_regression,logistic_regression,logistic_regression,binary,binary-2026-08,D-lr-fd6cc90cce89,S-PG-logistic_regression-20231120-c32350,T-lr-319d65c78034,BUY,2026-09-06T17:19:30Z,2023-11-20,2023-11-20,150.21,151.07,150.21,151.03,149.66,150.27,6856500,1.0,5.0,6.0,90541.01,90390.8,751.05,901.26,100036.29,100046.39,0.1,0.0075,0.009,100.0,1.0,1.0,0.5,50.44,0.7955,0.7832,0.0123,153.0147,148.1193,150.567,150.567,149.1912,-0.004392,0.013442,-0.027284,,,,,prob_above_buy_threshold,prob_above_buy_threshold,2026-05-15,1.0,2026-09-06T17:19:30Z,10.62,0.0,-8.549061
lr,Regresja logistyczna,KO,logistic_regression,logistic_regression,logistic_regression,binary,binary-2026-08,D-lr-458e1a316c1f,S-KO-logistic_regression-20231120-e84f00,T-lr-da2c25ebeeb9,BUY,2026-09-06T17:19:30Z,2023-11-20,2023-11-20,57.05,57.26,57.05,57.58,56.96,57.4,13051000,1.0,5.0,6.0,90390.8,90333.75,285.25,342.3,100036.29,100046.74,0.1,0.0029,0.0034,99.99,0.9999,0.9999,0.5,62.0,0.4673,0.3898,0.0776,57.8446,55.4914,56.668,56.668,55.9924,0.010976,0.020557,0.024913,,,,,prob_above_buy_threshold,prob_above_buy_threshold,2026-05-15,1.0,2026-09-06T17:19:30Z,10.62,0.0,-8.549061
lr,Regresja logistyczna,WMT,logistic_regression,logistic_regression,logistic_regression,binary,binary-2026-08,D-lr-2aa5f313f4b6,S-WMT-logistic_regression-20231120-3ae243,T-lr-bbed1323bab4,BUY,2026-09-06T17:19:30Z,2023-11-20,2023-11-20,51.8467,51.7833,51.8467,52.0033,51.67,51.7667,26663100,1.0,5.0,6.0,90333.75,90281.9,259.23,311.08,100036.29,100046.66,0.1,0.0026,0.0031,99.41,0.9881,0.9941,0.5,34.65,-0.1794,0.2179,-0.3973,57.0097,51.8959,54.4528,54.4528,54.0115,0.003606,0.021507,0.001481,,,,,prob_above_buy_threshold,prob_above_buy_threshold,2026-05-15,1.0,2026-09-06T17:19:30Z,10.62,0.0,-8.549061
lr,Regresja logistyczna,NEE,logistic_regression,logistic_regression,logistic_regression,binary,binary-2026-08,D-lr-063f7b81f540,S-NEE-logistic_regression-20231120-fe587b,T-lr-72a4c7d76062,BUY,2026-09-06T17:19:30Z,2023-11-20,2023-11-20,57.0,57.37,57.0,57.68,56.31,57.34,8404900,1.0,5.0,6.0,90281.9,90224.9,285.0,342.0,100036.29,100047.0,0.1,0.0028,0.0034,100.0,1.0,1.0,0.5,51.63,-0.0241,-0.1551,0.131,60.1603,54.2227,57.1915,57.1915,57.9534,0.011161,0.014301,0.07377,,,,,prob_above_buy_threshold,prob_above_buy_threshold,2026-05-15,1.0,2026-09-06T17:19:30Z,10.62,0.0,-8.549061
lr,Regresja logistyczna,MSFT,logistic_regression,logistic_regression,logistic_regression,binary,binary-2026-08,D-lr-36bed9785a42,S-MSFT-logistic_regression-20231121-62afc5,T-lr-3a679dcf27e0,BUY,2026-09-06T17:19:30Z,2023-11-21,2023-11-21,375.67,377.44,375.67,376.22,371.12,373.07,28423100,1.0,6.0,7.0,90224.9,89849.23,2254.02,2629.69,100057.6,100055.0,0.1,0.0225,0.0263,99.99,0.9998,0.9999,0.5,66.1,11.2146,10.1136,1.101,387.3094,326.1656,356.7375,356.7375,337.791,0.012813,0.015493,-0.006567,,,,,prob_above_buy_threshold,prob_above_buy_threshold,2026-05-15,1.0,2026-09-06T17:19:30Z,10.62,0.0,-8.549061
lr,Regresja logistyczna,JPM,logistic_regression,logistic_regression,logistic_regression,binary,binary-2026-08,D-lr-d929eeeb03dc,S-JPM-logistic_regression-20231121-ddf820,T-lr-4da44b66c402,BUY,2026-09-06T17:19:30Z,2023-11-21,2023-11-21,153.2,153.29,153.2,153.63,152.57,152.97,7083500,1.0,6.0,7.0,89849.23,89696.03,919.2,1072.4,100057.6,100054.77,0.1,0.0092,0.0107,85.9,0.7179,0.859,0.5,71.38,2.3653,1.1375,1.2277,155.1764,134.2946,144.7355,144.7355,145.3616,0.002353,0.008825,0.088776,,,,,prob_above_buy_threshold,prob_above_buy_threshold,2026-05-15,1.0,2026-09-06T17:19:30Z,10.62,0.0,-8.549061
lr,Regresja logistyczna,XOM,logistic_regression,logistic_regression,logistic_regression,binary,binary-2026-08,D-lr-505c75eb90db,S-XOM-logistic_regression-20231121-cbcf9b,T-lr-cbf1002d151a,BUY,2026-09-06T17:19:30Z,2023-11-21,2023-11-21,104.21,104.5,104.21,104.7,103.22,104.46,14989000,1.0,6.0,7.0,89696.03,89591.82,625.26,729.47,100057.6,100055.02,0.1,0.0062,0.0073,86.27,0.7255,0.8627,0.5,43.21,-1.6574,-1.8811,0.2237,108.8775,101.6115,105.2445,105.2445,110.1412,-0.004308,-0.020295,-0.030538,,,,,prob_above_buy_threshold,prob_above_buy_threshold,2026-05-15,1.0,2026-09-06T17:19:30Z,10.62,0.0,-8.549061
lr,Regresja logistyczna,JNJ,logistic_regression,logistic_regression,logistic_regression,binary,binary-2026-08,D-lr-13e51dfe5377,S-JNJ-logistic_regression-20231121-13be2d,T-lr-b4669a82e8aa,BUY,2026-09-06T17:19:30Z,2023-11-21,2023-11-21,150.1,149.91,150.1,151.29,149.61,151.12,5916300,1.0,6.0,7.0,89591.82,89441.72,900.6,1050.7,100057.6,100056.04,0.1,0.009,0.0105,100.0,1.0,1.0,0.5,50.83,-1.1367,-1.6659,0.5292,152.6207,145.8233,149.222,149.222,154.2744,-0.001985,0.006551,0.014227,,,,,prob_above_buy_threshold,prob_above_buy_threshold,2026-05-15,1.0,2026-09-06T17:19:30Z,10.62,0.0,-8.549061
lr,Regresja logistyczna,UNH,logistic_regression,logistic_regression,logistic_regression,binary,binary-2026-08,D-lr-38761306e8e2,S-UNH-logistic_regression-20231121-129fd3,T-lr-da38169957e9,BUY,2026-09-06T17:19:30Z,2023-11-21,2023-11-21,537.77,535.1,537.77,541.67,534.19,539.59,2115700,1.0,6.0,7.0,89441.72,88903.95,3226.62,3764.39,100057.6,100057.86,0.1,0.0322,0.0376,100.0,1.0,1.0,0.5,59.03,4.6274,5.6127,-0.9853,544.7595,526.0285,535.394,535.394,521.787,0.007728,-0.008544,-0.043848,,,,,prob_above_buy_threshold,prob_above_buy_threshold,2026-05-15,1.0,2026-09-06T17:19:30Z,10.62,0.0,-8.549061
lr,Regresja logistyczna,PG,logistic_regression,logistic_regression,logistic_regression,binary,binary-2026-08,D-lr-edf62d4b74a3,S-PG-logistic_regression-20231121-dc27af,T-lr-81d9022d2bc1,BUY,2026-09-06T17:19:30Z,2023-11-21,2023-11-21,149.85,150.27,149.85,150.01,148.83,149.61,7310400,1.0,6.0,7.0,88903.95,88754.1,899.1,1048.95,100057.6,100057.62,0.1,0.009,0.0105,100.0,1.0,1.0,0.5,48.05,0.6273,0.752,-0.1248,153.0192,148.0858,150.5525,150.5525,149.1428,0.009425,0.01016,-0.038099,,,,,prob_above_buy_threshold,prob_above_buy_threshold,2026-05-15,1.0,2026-09-06T17:19:30Z,10.62,0.0,-8.549061
lr,Regresja logistyczna,KO,logistic_regression,logistic_regression,logistic_regression,binary,binary-2026-08,D-lr-5fc96859b4c3,S-KO-logistic_regression-20231121-465870,T-lr-8cf28e0af6dc,BUY,2026-09-06T17:19:30Z,2023-11-21,2023-11-21,57.46,57.4,57.46,58.04,57.33,58.03,13891600,1.0,6.0,7.0,88754.1,88696.64,344.76,402.22,100057.6,100058.19,0.1,0.0034,0.004,99.99,0.9999,0.9999,0.5,67.21,0.5202,0.4158,0.1044,58.0069,55.5681,56.7875,56.7875,55.987,0.006721,0.003447,-0.007238,,,,,prob_above_buy_threshold,prob_above_buy_threshold,2026-05-15,1.0,2026-09-06T17:19:30Z,10.62,0.0,-8.549061
lr,Regresja logistyczna,WMT,logistic_regression,logistic_regression,logistic_regression,binary,binary-2026-08,D-lr-298f1d274216,S-WMT-logistic_regression-20231121-faf87b,T-lr-0772c1b7315d,BUY,2026-09-06T17:19:30Z,2023-11-21,2023-11-21,51.82,51.7667,51.82,52.2833,51.3767,51.9533,29382300,1.0,6.0,7.0,88696.64,88644.82,310.92,362.74,100057.6,100058.32,0.1,0.0031,0.0036,99.89,0.9977,0.9989,0.5,36.21,-0.3237,0.1096,-0.4333,57.1093,51.55,54.3297,54.3297,53.9537,-0.007635,0.001412,-0.013794,,,,,prob_above_buy_threshold,prob_above_buy_threshold,2026-05-15,1.0,2026-09-06T17:19:30Z,10.62,0.0,-8.549061
lr,Regresja logistyczna,NEE,logistic_regression,logistic_regression,logistic_regression,binary,binary-2026-08,D-lr-2e4869b9ecdb,S-NEE-logistic_regression-20231121-ce6e49,T-lr-984506859cde,BUY,2026-09-06T17:19:30Z,2023-11-21,2023-11-21,57.32,57.34,57.32,58.29,56.78,57.98,11952600,1.0,6.0,7.0,88644.82,88587.5,343.92,401.24,100057.6,100058.98,0.1,0.0034,0.004,100.0,1.0,1.0,0.5,53.92,0.0668,-0.1107,0.1775,60.1626,54.5064,57.3345,57.3345,57.7584,-0.008796,0.006554,0.03208,,,,,prob_above_buy_threshold,prob_above_buy_threshold,2026-05-15,1.0,2026-09-06T17:19:30Z,10.62,0.0,-8.549061
lr,Regresja logistyczna,MSFT,logistic_regression,logistic_regression,logistic_regression,binary,binary-2026-08,D-lr-b8bb0163fa32,S-MSFT-logistic_regression-20231122-bcb4a9,T-lr-e57b36e8645e,BUY,2026-09-06T17:19:30Z,2023-11-22,2023-11-22,378.0,373.07,378.0,379.79,374.97,377.85,23345300,1.0,7.0,8.0,88587.5,88209.5,2646.0,3024.0,100125.16,100125.01,0.1,0.0264,0.0302,99.99,0.9998,0.9999,0.5,68.71,11.2969,10.3502,0.9467,389.5534,327.6396,358.5965,358.5965,338.6268,-0.001112,0.002805,-0.011407,,,,,prob_above_buy_threshold,prob_above_buy_threshold,2026-05-15,1.0,2026-09-06T17:19:30Z,10.62,0.0,-8.549061
lr,Regresja logistyczna,JPM,logistic_regression,logistic_regression,logistic_regression,binary,binary-2026-08,D-lr-516e74573dd0,S-JPM-logistic_regression-20231122-f7f963,T-lr-6391c29425ed,BUY,2026-09-06T17:19:30Z,2023-11-22,2023-11-22,153.41,152.97,153.41,153.88,152.9,153.33,5174500,1.0,7.0,8.0,88209.5,88056.09,1073.87,1227.28,100125.16,100124.93,0.1,0.0107,0.0123,84.69,0.6937,0.8469,0.5,72.04,2.5455,1.4191,1.1264,156.261,134.503,145.382,145.382,145.5,0.00137,0.017935,0.092415,,,,,prob_above_buy_threshold,prob_above_buy_threshold,2026-05-15,1.0,2026-09-06T17:19:30Z,10.62,0.0,-8.549061
lr,Regresja logistyczna,XOM,logistic_regression,logistic_regression,logistic_regression,binary,binary-2026-08,D-lr-3763addb4dcc,S-XOM-logistic_regression-20231122-081fc8,T-lr-15326300ecb5,BUY,2026-09-06T17:19:30Z,2023-11-22,2023-11-22,102.58,104.46,102.58,104.12,101.94,104.01,18072000,1.0,7.0,8.0,88056.09,87953.51,718.06,820.64,100125.16,100126.36,0.1,0.0072,0.0082,82.36,0.6473,0.8236,0.5,41.9,-1.585,-1.8219,0.2369,108.3404,101.6906,105.0155,105.0155,109.8926,0.005384,-0.01221,-0.021921,,,,,prob_above_buy_threshold,prob_above_buy_threshold,2026-05-15,1.0,2026-09-06T17:19:30Z,10.62,0.0,-8.549061
lr,Regresja logistyczna,JNJ,logistic_regression,logistic_regression,logistic_regression,binary,binary-2026-08,D-lr-e6d64e5fa1ab,S-JNJ-logistic_regression-20231122-5c46a5,T-lr-d34a323ee2f8,BUY,2026-09-06T17:19:30Z,2023-11-22,2023-11-22,151.63,151.12,151.63,152.04,150.39,150.82,4633500,1.0,7.0,8.0,87953.51,87801.88,1061.41,1213.04,100125.16,100125.55,0.1,0.0106,0.0121,100.0,1.0,1.0,0.5,49.59,-0.9615,-1.525,0.5635,152.4941,145.8749,149.1845,149.1845,154.011,0.011139,0.025461,0.026654,,,,,prob_above_buy_threshold,prob_above_buy_threshold,2026-05-15,1.0,2026-09-06T17:19:30Z,10.62,0.0,-8.549061
lr,Regresja logistyczna,UNH,logistic_regression,logistic_regression,logistic_regression,binary,binary-2026-08,D-lr-315a42248719,S-UNH-logistic_regression-20231122-be7fe2,T-lr-2ce201727441,BUY,2026-09-06T17:19:30Z,2023-11-22,2023-11-22,542.97,539.59,542.97,544.4,540.26,543.76,2234500,1.0,7.0,8.0,87801.88,87258.91,3800.79,4343.76,100125.16,100126.34,0.1,0.038,0.0434,100.0,1.0,1.0,0.5,62.84,4.8009,5.4503,-0.6494,545.7926,526.3504,536.0715,536.0715,523.0654,0.006142,0.016938,-0.043916,,,,,prob_above_buy_threshold,prob_above_buy_threshold,2026-05-15,1.0,2026-09-06T17:19:30Z,10.62,0.0,-8.549061
lr,Regresja logistyczna,PG,logistic_regression,logistic_regression,logistic_regression,binary,binary-2026-08,D-lr-ef9c0cfd79d7,S-PG-logistic_regression-20231122-36041e,T-lr-6954daa7fd25,BUY,2026-09-06T17:19:30Z,2023-11-22,2023-11-22,150.1,149.61,150.1,151.48,150.1,151.02,4372700,1.0,7.0,8.0,87258.91,87108.81,1050.7,1200.8,100125.16,100127.26,0.1,0.0105,0.012,100.0,1.0,1.0,0.5,53.16,0.6008,0.7218,-0.121,153.0486,148.0984,150.5735,150.5735,149.1014,0.002384,0.016554,-0.044762,,,,,prob_above_buy_threshold,prob_above_buy_threshold,2026-05-15,1.0,2026-09-06T17:19:30Z,10.62,0.0,-8.549061
lr,Regresja logistyczna,KO,logistic_regression,logistic_regression,logistic_regression,binary,binary-2026-08,D-lr-76154c67ae4e,S-KO-logistic_regression-20231122-0ba705,T-lr-95b3cd48b2c3,BUY,2026-09-06T17:19:30Z,2023-11-22,2023-11-22,58.26,58.03,58.26,58.54,58.13,58.42,11320600,1.0,7.0,8.0,87108.81,87050.55,407.82,466.08,100125.16,100127.42,0.1,0.0041,0.0047,99.99,0.9999,0.9999,0.5,69.96,0.5869,0.4501,0.1368,58.2729,55.5321,56.9025,56.9025,55.9866,0.002568,0.000342,-0.00736,,,,,prob_above_buy_threshold,prob_above_buy_threshold,2026-05-15,1.0,2026-09-06T17:19:30Z,10.62,0.0,-8.549061
lr,Regresja logistyczna,WMT,logistic_regression,logistic_regression,logistic_regression,binary,binary-2026-08,D-lr-25703aaa5870,S-WMT-logistic_regression-20231122-4a0222,T-lr-c344cb172c56,BUY,2026-09-06T17:19:30Z,2023-11-22,2023-11-22,51.9067,51.9533,51.9067,52.0167,51.46,51.5567,26416500,1.0,7.0,8.0,87050.55,86998.64,363.35,415.25,100125.16,100127.07,0.1,0.0036,0.0041,99.91,0.9982,0.9991,0.5,34.33,-0.4647,-0.0052,-0.4594,57.2264,51.1633,54.1948,54.1948,53.8878,0.008987,0.006595,0.00084,,,,,prob_above_buy_threshold,prob_above_buy_threshold,2026-05-15,1.0,2026-09-06T17:19:30Z,10.62,0.0,-8.549061
lr,Regresja logistyczna,NEE,logistic_regression,logistic_regression,logistic_regression,binary,binary-2026-08,D-lr-4471bc56c7be,S-NEE-logistic_regression-20231122-0621bd,T-lr-8ca0c99b58a6,BUY,2026-09-06T17:19:30Z,2023-11-22,2023-11-22,57.98,57.98,57.98,58.31,56.99,57.47,9626900,1.0,7.0,8.0,86998.64,86940.66,405.86,463.84,100125.16,100126.56,0.1,0.0041,0.0046,100.0,1.0,1.0,0.5,51.82,0.0967,-0.0692,0.1659,60.1847,54.5853,57.385,57.385,57.5392,0.001392,0.018096,0.037063,,,,,prob_above_buy_threshold,prob_above_buy_threshold,2026-05-15,1.0,2026-09-06T17:19:30Z,10.62,0.0,-8.549061
lr,Regresja logistyczna,MSFT,logistic_regression,logistic_regression,logistic_regression,binary,binary-2026-08,D-lr-2541b5084ecb,S-MSFT-logistic_regression-20231124-2c2f61,T-lr-244198523a8a,BUY,2026-09-06T17:19:30Z,2023-11-24,2023-11-24,377.33,377.85,377.33,377.97,375.14,377.43,10176600,1.0,8.0,9.0,86940.66,86563.33,3018.64,3395.97,100177.94,100178.04,0.1,0.0301,0.0339,99.99,0.9997,0.9999,0.5,68.21,11.1992,10.52,0.6792,389.6419,332.5051,361.0735,361.0735,339.4014,0.003126,-0.007736,-0.007551,,,,,prob_above_buy_threshold,prob_above_buy_threshold,2026-05-15,1.0,2026-09-06T17:19:30Z,10.62,0.0,-8.549061
lr,Regresja logistyczna,JPM,logistic_regression,logistic_regression,logistic_regression,binary,binary-2026-08,D-lr-2fc4af583d94,S-JPM-logistic_regression-20231124-a741b7,T-lr-db56543dba41,BUY,2026-09-06T17:19:30Z,2023-11-24,2023-11-24,153.59,153.33,153.59,154.44,153.28,153.54,3496900,1.0,8.0,9.0,86563.33,86409.74,1228.72,1382.31,100177.94,100177.99,0.1,0.0123,0.0138,84.91,0.6981,0.8491,0.5,72.44,2.6744,1.6702,1.0042,157.2352,134.8068,146.021,146.021,145.5858,-0.002279,0.021493,0.09027,,,,,prob_above_buy_threshold,prob_above_buy_threshold,2026-05-15,1.0,2026-09-06T17:19:30Z,10.62,0.0,-8.549061
lr,Regresja logistyczna,XOM,logistic_regression,logistic_regression,logistic_regression,binary,binary-2026-08,D-lr-262b8ec5b589,S-XOM-logistic_regression-20231124-9ba1d3,T-lr-011eb315654b,BUY,2026-09-06T17:19:30Z,2023-11-24,2023-11-24,104.02,104.01,104.02,105.47,103.91,104.57,9480800,1.0,8.0,9.0,86409.74,86305.72,832.16,936.18,100177.94,100178.54,0.1,0.0083,0.0093,76.86,0.5372,0.7686,0.5,44.16,-1.4656,-1.7506,0.2851,107.9732,101.7548,104.864,104.864,109.6136,-0.005833,-0.01511,-0.025437,,,,,prob_above_buy_threshold,prob_above_buy_threshold,2026-05-15,1.0,2026-09-06T17:19:30Z,10.62,0.0,-8.549061
lr,Regresja logistyczna,JNJ,logistic_regression,logistic_regression,logistic_regression,binary,binary-2026-08,D-lr-86c5012ead81,S-JNJ-logistic_regression-20231124-b13936,T-lr-3dc3ddfee12d,BUY,2026-09-06T17:19:30Z,2023-11-24,2023-11-24,150.86,150.82,150.86,152.68,150.86,152.5,3351400,1.0,8.0,9.0,86305.72,86154.86,1206.88,1357.74,100177.94,100180.18,0.1,0.012,0.0136,100.0,1.0,1.0,0.5,56.05,-0.6793,-1.3559,0.6766,152.9682,145.7508,149.3595,149.3595,153.7862,-0.008,0.038557,0.01941,,,,,prob_above_buy_threshold,prob_above_buy_threshold,2026-05-15,1.0,2026-09-06T17:19:30Z,10.62,0.0,-8.549061
lr,Regresja logistyczna,UNH,logistic_regression,logistic_regression,logistic_regression,binary,binary-2026-08,D-lr-30b6dafa01f8,S-UNH-logistic_regression-20231124-6f4b5e,T-lr-a7959bed137a,BUY,2026-09-06T17:19:30Z,2023-11-24,2023-11-24,544.93,543.76,544.93,547.59,542.81,547.1,1135000,1.0,8.0,9.0,86154.86,85609.93,4359.44,4904.37,100177.94,100182.35,0.1,0.0435,0.049,100.0,1.0,1.0,0.5,65.6,5.1485,5.39,-0.2414,547.1781,526.8389,537.0085,537.0085,524.3354,-0.006416,0.00011,-0.048967,,,,,prob_above_buy_threshold,prob_above_buy_threshold,2026-05-15,1.0,2026-09-06T17:19:30Z,10.62,0.0,-8.549061
lr,Regresja logistyczna,PG,logistic_regression,logistic_regression,logistic_regression,binary,binary-2026-08,D-lr-460cc7c2432b,S-PG-logistic_regression-20231124-f2444f,T-lr-cf8139831c75,BUY,2026-09-06T17:19:30Z,2023-11-24,2023-11-24,151.18,151.02,151.18,151.74,151.03,151.38,2132500,1.0,8.0,9.0,85609.93,85458.75,1209.44,1360.62,100177.94,100182.55,0.1,0.0121,0.0136,100.0,1.0,1.0,0.5,54.4,0.6019,0.6978,-0.0959,153.1247,148.1803,150.6525,150.6525,149.0336,-0.000925,0.008456,-0.040296,,,,,prob_above_buy_threshold,prob_above_buy_threshold,2026-05-15,1.0,2026-09-06T17:19:30Z,10.62,0.0,-8.549061
lr,Regresja logistyczna,KO,logistic_regression,logistic_regression,logistic_regression,binary,binary-2026-08,D-lr-7dcb05c4b175,S-KO-logistic_regression-20231124-389b3b,T-lr-6a227525ee7d,BUY,2026-09-06T17:19:30Z,2023-11-24,2023-11-24,58.46,58.42,58.46,58.75,58.34,58.57,4816000,1.0,8.0,9.0,85458.75,85400.29,467.68,526.14,100177.94,100182.66,0.1,0.0047,0.0053,99.99,0.9999,0.9999,0.5,70.97,0.6444,0.4889,0.1555,58.4926,55.5914,57.042,57.042,55.9888,-0.001878,0.001195,-0.004268,,,,,prob_above_buy_threshold,prob_above_buy_threshold,2026-05-15,1.0,2026-09-06T17:19:30Z,10.62,0.0,-8.549061
lr,Regresja logistyczna,WMT,logistic_regression,logistic_regression,logistic_regression,binary,binary-2026-08,D-lr-386645b23655,S-WMT-logistic_regression-20231124-697a59,T-lr-eb59d57e7d0e,BUY,2026-09-06T17:19:30Z,2023-11-24,2023-11-24,51.7167,51.5567,51.7167,52.0433,51.5667,52.02,13975200,1.0,8.0,9.0,85400.29,85348.58,413.73,465.45,100177.94,100182.97,0.1,0.0041,0.0046,99.83,0.9965,0.9983,0.5,38.36,-0.5329,-0.1108,-0.4221,57.2754,50.9239,54.0997,54.0997,53.8265,0.00455,-0.011021,0.003781,,,,,prob_above_buy_threshold,prob_above_buy_threshold,2026-05-15,1.0,2026-09-06T17:19:30Z,10.62,0.0,-8.549061
lr,Regresja logistyczna,NEE,logistic_regression,logistic_regression,logistic_regression,binary,binary-2026-08,D-lr-ae199972bd2d,S-NEE-logistic_regression-20231124-c3336f,T-lr-b140c52599b6,BUY,2026-09-06T17:19:30Z,2023-11-24,2023-11-24,57.14,57.47,57.14,57.61,56.93,57.55,4629400,1.0,8.0,9.0,85348.58,85291.44,457.12,514.26,100177.94,100183.38,0.1,0.0046,0.0051,100.0,1.0,1.0,0.5,52.13,0.1253,-0.0303,0.1556,60.1835,54.5845,57.384,57.384,57.3046,0.000521,0.028149,0.038228,,,,,prob_above_buy_threshold,prob_above_buy_threshold,2026-05-15,1.0,2026-09-06T17:19:30Z,10.62,0.0,-8.549061
lr,Regresja logistyczna,MSFT,logistic_regression,logistic_regression,logistic_regression,binary,binary-2026-08,D-lr-56b047d3aca0,S-MSFT-logistic_regression-20231127-058719,T-lr-ff81ae963867,BUY,2026-09-06T17:19:30Z,2023-11-27,2023-11-27,376.78,377.43,376.78,380.64,376.2,378.61,22179200,1.0,9.0,10.0,85291.44,84914.66,3391.02,3767.8,100142.94,100144.77,0.1,0.0339,0.0376,99.99,0.9999,0.9999,0.5,68.89,11.0891,10.6339,0.4553,389.172,337.855,363.5135,363.5135,340.3692,0.010803,-0.025012,-0.010433,,,,,prob_above_buy_threshold,prob_above_buy_threshold,2026-05-15,1.0,2026-09-06T17:19:30Z,10.62,0.0,-8.549061
lr,Regresja logistyczna,JPM,logistic_regression,logistic_regression,logistic_regression,binary,binary-2026-08,D-lr-c06aecc61117,S-JPM-logistic_regression-20231127-91da05,T-lr-a686c312768d,BUY,2026-09-06T17:19:30Z,2023-11-27,2023-11-27,153.43,153.54,153.43,153.53,152.71,153.19,6259100,1.0,9.0,10.0,84914.66,84761.23,1380.87,1534.3,100142.94,100144.53,0.1,0.0138,0.0153,87.47,0.7494,0.8747,0.5,70.63,2.717,1.8795,0.8375,157.4615,136.3305,146.896,146.896,145.6734,0.002285,0.031334,0.099223,,,,,prob_above_buy_threshold,prob_above_buy_threshold,2026-05-15,1.0,2026-09-06T17:19:30Z,10.62,0.0,-8.549061
lr,Regresja logistyczna,XOM,logistic_regression,logistic_regression,logistic_regression,binary,binary-2026-08,D-lr-edc7953ba1b8,S-XOM-logistic_regression-20231127-07e25c,T-lr-8fc5156e678a,BUY,2026-09-06T17:19:30Z,2023-11-27,2023-11-27,104.1,104.57,104.1,104.4,103.18,103.96,18013500,1.0,9.0,10.0,84761.23,84657.13,936.9,1041.0,100142.94,100144.39,0.1,0.0094,0.0104,81.8,0.6361,0.818,0.5,42.23,-1.404,-1.6813,0.2773,107.9007,101.6683,104.7845,104.7845,109.3588,-0.000577,-0.014717,-0.017507,,,,,prob_above_buy_threshold,prob_above_buy_threshold,2026-05-15,1.0,2026-09-06T17:19:30Z,10.62,0.0,-8.549061
lr,Regresja logistyczna,JNJ,logistic_regression,logistic_regression,logistic_regression,binary,binary-2026-08,D-lr-7c08afafa3b2,S-JNJ-logistic_regression-20231127-8e17a6,T-lr-1486e8e1f118,BUY,2026-09-06T17:19:30Z,2023-11-27,2023-11-27,152.29,152.5,152.29,152.32,150.97,151.28,6449700,1.0,9.0,10.0,84657.13,84504.84,1370.61,1522.9,100142.94,100143.38,0.1,0.0137,0.0152,100.0,1.0,1.0,0.5,50.94,-0.5478,-1.1942,0.6465,152.901,146.386,149.6435,149.6435,153.5828,0.002314,0.050238,0.032126,,,,,prob_above_buy_threshold,prob_above_buy_threshold,2026-05-15,1.0,2026-09-06T17:19:30Z,10.62,0.0,-8.549061
lr,Regresja logistyczna,UNH,logistic_regression,logistic_regression,logistic_regression,binary,binary-2026-08,D-lr-4592f2363f61,S-UNH-logistic_regression-20231127-28e54e,T-lr-29b353692312,BUY,2026-09-06T17:19:30Z,2023-11-27,2023-11-27,547.1,547.1,547.1,550.89,541.53,543.59,2675800,1.0,9.0,10.0,84504.84,83957.74,4923.9,5471.0,100142.94,100139.87,0.1,0.0492,0.0546,100.0,1.0,1.0,0.5,60.51,5.0822,5.3284,-0.2462,546.7869,529.1231,537.955,537.955,525.4732,-0.005629,0.008628,-0.043341,,,,,prob_above_buy_threshold,prob_above_buy_threshold,2026-05-15,1.0,2026-09-06T17:19:30Z,10.62,0.0,-8.549061
lr,Regresja logistyczna,PG,logistic_regression,logistic_regression,logistic_regression,binary,binary-2026-08,D-lr-e2df23efda5a,S-PG-logistic_regression-20231127-c704f6,T-lr-9cf991650e64,BUY,2026-09-06T17:19:30Z,2023-11-27,2023-11-27,151.52,151.38,151.52,151.64,150.74,151.24,6021300,1.0,9.0,10.0,83957.74,83806.22,1363.68,1515.2,100142.94,100139.59,0.1,0.0136,0.0151,100.0,1.0,1.0,0.5,53.8,0.5847,0.6752,-0.0905,152.7472,148.9658,150.8565,150.8565,148.989,0.006943,0.005422,-0.035044,,,,,prob_above_buy_threshold,prob_above_buy_threshold,2026-05-15,1.0,2026-09-06T17:19:30Z,10.62,0.0,-8.549061
lr,Regresja logistyczna,KO,logistic_regression,logistic_regression,logistic_regression,binary,binary-2026-08,D-lr-16a2ae3ca08b,S-KO-logistic_regression-20231127-f58b40,T-lr-3322980743d4,BUY,2026-09-06T17:19:30Z,2023-11-27,2023-11-27,58.54,58.57,58.54,58.69,58.27,58.46,16246500,1.0,9.0,10.0,83806.22,83747.68,526.86,585.4,100142.94,100139.51,0.1,0.0053,0.0058,99.99,0.9999,0.9999,0.5,69.14,0.6733,0.5258,0.1475,58.5271,55.8789,57.203,57.203,55.9992,0.002053,0.001882,0.001711,,,,,prob_above_buy_threshold,prob_above_buy_threshold,2026-05-15,1.0,2026-09-06T17:19:30Z,10.62,0.0,-8.549061
lr,Regresja logistyczna,WMT,logistic_regression,logistic_regression,logistic_regression,binary,binary-2026-08,D-lr-e75ea7f01888,S-WMT-logistic_regression-20231127-c833a0,T-lr-079c0e95110c,BUY,2026-09-06T17:19:30Z,2023-11-27,2023-11-27,51.9833,52.02,51.9833,52.4533,51.9833,52.2567,23393700,1.0,9.0,10.0,83747.68,83695.69,467.85,519.83,100142.94,100139.78,0.1,0.0047,0.0052,99.68,0.9936,0.9968,0.5,40.37,-0.5614,-0.2009,-0.3605,57.2997,50.753,54.0263,54.0263,53.7741,0.011928,-0.015756,-0.002296,,,,,prob_above_buy_threshold,prob_above_buy_threshold,2026-05-15,1.0,2026-09-06T17:19:30Z,10.62,0.0,-8.549061
lr,Regresja logistyczna,NEE,logistic_regression,logistic_regression,logistic_regression,binary,binary-2026-08,D-lr-2774fab6ed6e,S-NEE-logistic_regression-20231127-f49930,T-lr-e8ce0b35f0a9,BUY,2026-09-06T17:19:30Z,2023-11-27,2023-11-27,57.5,57.55,57.5,57.7,56.87,57.58,9779100,1.0,9.0,10.0,83695.69,83638.19,517.5,575.0,100142.94,100139.86,0.1,0.0052,0.0057,100.0,1.0,1.0,0.5,52.26,0.1487,0.0055,0.1432,60.2015,54.7005,57.451,57.451,57.0834,0.010073,0.01893,0.045676,,,,,prob_above_buy_threshold,prob_above_buy_threshold,2026-05-15,1.0,2026-09-06T17:19:30Z,10.62,0.0,-8.549061
lr,Regresja logistyczna,MSFT,logistic_regression,logistic_regression,logistic_regression,binary,binary-2026-08,D-lr-3b1f68a5712c,S-MSFT-logistic_regression-20231128-da4b0a,T-lr-8c5ae4c27d4a,BUY,2026-09-06T17:19:30Z,2023-11-28,2023-11-28,378.35,378.61,378.35,383.0,378.16,382.7,20453100,1.0,10.0,11.0,83638.19,83259.84,3783.5,4161.85,100180.29,100184.64,0.1,0.0378,0.0415,99.98,0.9996,0.9998,0.5,71.19,11.2028,10.7476,0.4552,389.7425,341.8235,365.783,365.783,341.442,-0.01006,-0.026601,-0.02255,,,,,prob_above_buy_threshold,prob_above_buy_threshold,2026-05-15,1.0,2026-09-06T17:19:30Z,10.62,0.0,-8.549061
lr,Regresja logistyczna,JPM,logistic_regression,logistic_regression,logistic_regression,binary,binary-2026-08,D-lr-e717f9c3b3f5,S-JPM-logistic_regression-20231128-00070f,T-lr-1e2853da2080,BUY,2026-09-06T17:19:30Z,2023-11-28,2023-11-28,153.22,153.19,153.22,153.87,152.72,153.54,6582700,1.0,10.0,11.0,83259.84,83106.62,1532.2,1685.42,100180.29,100184.96,0.1,0.0153,0.0168,86.65,0.733,0.8665,0.5,71.4,2.7474,2.0531,0.6943,157.697,137.707,147.702,147.702,145.7618,0.00508,0.028852,0.103296,,,,,prob_above_buy_threshold,prob_above_buy_threshold,2026-05-15,1.0,2026-09-06T17:19:30Z,10.62,0.0,-8.549061
lr,Regresja logistyczna,XOM,logistic_regression,logistic_regression,logistic_regression,binary,binary-2026-08,D-lr-d4f8339ab193,S-XOM-logistic_regression-20231128-6c2eaf,T-lr-ea24f2a2c5ba,BUY,2026-09-06T17:19:30Z,2023-11-28,2023-11-28,104.24,103.96,104.24,104.91,103.88,103.9,20629500,1.0,10.0,11.0,83106.62,83002.38,1042.4,1146.64,100180.29,100184.62,0.1,0.0104,0.0114,83.84,0.6768,0.8384,0.5,42.03,-1.3445,-1.6139,0.2695,107.782,101.589,104.6855,104.6855,109.084,-0.015014,-0.033301,-0.021559,,,,,prob_above_buy_threshold,prob_above_buy_threshold,2026-05-15,1.0,2026-09-06T17:19:30Z,10.62,0.0,-8.549061
lr,Regresja logistyczna,JNJ,logistic_regression,logistic_regression,logistic_regression,binary,binary-2026-08,D-lr-1d2ac7292aea,S-JNJ-logistic_regression-20231128-066886,T-lr-59f47c9d373c,BUY,2026-09-06T17:19:30Z,2023-11-28,2023-11-28,151.4,151.28,151.4,151.81,150.84,151.63,5909000,1.0,10.0,11.0,83002.38,82850.98,1514.0,1665.4,100180.29,100184.85,0.1,0.0151,0.0166,100.0,1.0,1.0,0.5,52.28,-0.4105,-1.0375,0.627,153.0076,146.7394,149.8735,149.8735,153.366,0.003166,0.045637,0.031128,,,,,prob_above_buy_threshold,prob_above_buy_threshold,2026-05-15,1.0,2026-09-06T17:19:30Z,10.62,0.0,-8.549061
lr,Regresja logistyczna,UNH,logistic_regression,logistic_regression,logistic_regression,binary,binary-2026-08,D-lr-fe3829479d44,S-UNH-logistic_regression-20231128-cef23a,T-lr-df3f7c712484,BUY,2026-09-06T17:19:30Z,2023-11-28,2023-11-28,545.63,543.59,545.63,545.82,540.07,540.53,2859300,1.0,10.0,11.0,82850.98,82305.35,5456.3,6001.93,100180.29,100179.75,0.1,0.0545,0.0599,100.0,1.0,1.0,0.5,56.41,4.7283,5.2084,-0.4801,546.577,530.387,538.482,538.482,526.5626,-0.010268,0.018001,-0.03282,,,,,prob_above_buy_threshold,prob_above_buy_threshold,2026-05-15,1.0,2026-09-06T17:19:30Z,10.62,0.0,-8.549061
lr,Regresja logistyczna,PG,logistic_regression,logistic_regression,logistic_regression,binary,binary-2026-08,D-lr-67fabb365593,S-PG-logistic_regression-20231128-97dd4b,T-lr-00134962dce3,BUY,2026-09-06T17:19:30Z,2023-11-28,2023-11-28,151.15,151.24,151.15,152.77,151.15,152.29,6110400,1.0,10.0,11.0,82305.35,82154.2,1511.5,1662.65,100180.29,100180.89,0.1,0.0151,0.0166,100.0,1.0,1.0,0.5,57.54,0.6484,0.6698,-0.0215,152.8476,149.1684,151.008,151.008,148.9538,-0.007617,-0.036312,-0.040909,,,,,prob_above_buy_threshold,prob_above_buy_threshold,2026-05-15,1.0,2026-09-06T17:19:30Z,10.62,0.0,-8.549061
lr,Regresja logistyczna,KO,logistic_regression,logistic_regression,logistic_regression,binary,binary-2026-08,D-lr-da46792918aa,S-KO-logistic_regression-20231128-b2b765,T-lr-d69a890dbb48,BUY,2026-09-06T17:19:30Z,2023-11-28,2023-11-28,58.4,58.46,58.4,58.83,58.36,58.58,13739600,1.0,10.0,11.0,82154.2,82095.8,584.0,642.4,100180.29,100181.07,0.1,0.0058,0.0064,99.99,0.9998,0.9999,0.5,70.05,0.6979,0.5602,0.1377,58.6852,55.9638,57.3245,57.3245,56.0048,-0.005975,0.001366,0.002219,,,,,prob_above_buy_threshold,prob_above_buy_threshold,2026-05-15,1.0,2026-09-06T17:19:30Z,10.62,0.0,-8.549061
lr,Regresja logistyczna,WMT,logistic_regression,logistic_regression,logistic_regression,binary,binary-2026-08,D-lr-d047baff956c,S-WMT-logistic_regression-20231128-730e05,T-lr-ec25a40af4bf,BUY,2026-09-06T17:19:30Z,2023-11-28,2023-11-28,52.22,52.2567,52.22,52.9733,52.22,52.88,23535000,1.0,10.0,11.0,82095.8,82043.58,522.2,574.42,100180.29,100181.73,0.1,0.0052,0.0057,99.76,0.9952,0.9976,0.5,45.41,-0.5276,-0.2662,-0.2613,57.2604,50.6463,53.9533,53.9533,53.7422,-0.016137,-0.018343,-0.004791,,,,,prob_above_buy_threshold,prob_above_buy_threshold,2026-05-15,1.0,2026-09-06T17:19:30Z,10.62,0.0,-8.549061
lr,Regresja logistyczna,NEE,logistic_regression,logistic_regression,logistic_regression,binary,binary-2026-08,D-lr-87f547acfe50,S-NEE-logistic_regression-20231128-fdc6db,T-lr-74fdd2f283df,BUY,2026-09-06T17:19:30Z,2023-11-28,2023-11-28,57.56,57.58,57.56,58.58,57.26,58.16,9473600,1.0,10.0,11.0,82043.58,81986.02,575.6,633.16,100180.29,100182.33,0.1,0.0057,0.0063,100.0,1.0,1.0,0.5,54.75,0.2116,0.0467,0.1649,60.2638,54.7342,57.499,57.499,56.8818,0.003439,0.001204,0.041609,,,,,prob_above_buy_threshold,prob_above_buy_threshold,2026-05-15,1.0,2026-09-06T17:19:30Z,10.62,0.0,-8.549061
lr,Regresja logistyczna,MSFT,logistic_regression,logistic_regression,logistic_regression,binary,binary-2026-08,D-lr-0974015a758c,S-MSFT-logistic_regression-20231129-734a85,T-lr-941a3e9b191e,BUY,2026-09-06T17:19:30Z,2023-11-29,2023-11-29,383.76,382.7,383.76,384.3,377.44,378.85,28963400,1.0,11.0,12.0,81986.02,81602.26,4221.36,4605.12,100051.84,100046.93,0.1,0.0422,0.046,99.99,0.9999,0.9999,0.5,66.23,10.8571,10.7695,0.0875,388.7592,346.8808,367.82,367.82,342.446,0.000158,-0.026528,-0.009423,,,,,prob_above_buy_threshold,prob_above_buy_threshold,2026-05-15,1.0,2026-09-06T17:19:30Z,10.62,0.0,-8.549061
lr,Regresja logistyczna,JPM,logistic_regression,logistic_regression,logistic_regression,binary,binary-2026-08,D-lr-edffd015504b,S-JPM-logistic_regression-20231129-d8bcee,T-lr-b378b791a995,BUY,2026-09-06T17:19:30Z,2023-11-29,2023-11-29,154.17,153.54,154.17,155.63,154.0,154.32,9126100,1.0,11.0,12.0,81602.26,81448.09,1695.87,1850.04,100051.84,100047.08,0.1,0.0169,0.0185,89.22,0.7845,0.8922,0.5,73.09,2.8021,2.2029,0.5992,158.025,138.905,148.465,148.465,145.8696,0.011405,0.012895,0.103551,,,,,prob_above_buy_threshold,prob_above_buy_threshold,2026-05-15,1.0,2026-09-06T17:19:30Z,10.62,0.0,-8.549061
lr,Regresja logistyczna,XOM,logistic_regression,logistic_regression,logistic_regression,binary,binary-2026-08,D-lr-d5879a08f508,S-XOM-logistic_regression-20231129-75f53b,T-lr-f029f3968530,BUY,2026-09-06T17:19:30Z,2023-11-29,2023-11-29,104.27,103.9,104.27,104.58,101.64,102.34,26802100,1.0,11.0,12.0,81448.09,81343.82,1146.97,1251.24,100051.84,100045.15,0.1,0.0115,0.0125,79.11,0.5821,0.7911,0.5,37.22,-1.407,-1.5725,0.1656,107.7184,101.3016,104.51,104.51,108.7842,0.003909,-0.031561,-0.021008,,,,,prob_above_buy_threshold,prob_above_buy_threshold,2026-05-15,1.0,2026-09-06T17:19:30Z,10.62,0.0,-8.549061
lr,Regresja logistyczna,JNJ,logistic_regression,logistic_regression,logistic_regression,binary,binary-2026-08,D-lr-9e690163b9af,S-JNJ-logistic_regression-20231129-159738,T-lr-343e745027e1,BUY,2026-09-06T17:19:30Z,2023-11-29,2023-11-29,151.33,151.63,151.33,152.2,151.07,152.11,5190000,1.0,11.0,12.0,81343.82,81192.49,1664.63,1815.96,100051.84,100045.93,0.1,0.0166,0.0182,100.0,1.0,1.0,0.5,54.14,-0.26,-0.882,0.622,153.2574,146.8666,150.062,150.062,153.1642,0.016764,0.02965,0.029387,,,,,prob_above_buy_threshold,prob_above_buy_threshold,2026-05-15,1.0,2026-09-06T17:19:30Z,10.62,0.0,-8.549061
lr,Regresja logistyczna,UNH,logistic_regression,logistic_regression,logistic_regression,binary,binary-2026-08,D-lr-c5d072d936bd,S-UNH-logistic_regression-20231129-d4806a,T-lr-63bc6674e93b,BUY,2026-09-06T17:19:30Z,2023-11-29,2023-11-29,530.0,540.53,530.0,541.86,528.65,534.98,4550000,1.0,11.0,12.0,81192.49,80662.49,5830.0,6360.0,100051.84,100050.91,0.1,0.0583,0.0636,100.0,1.0,1.0,0.5,49.8,3.9543,4.9576,-1.0033,546.5937,530.3123,538.453,538.453,527.649,0.033627,0.027197,-0.018842,,,,,prob_above_buy_threshold,prob_above_buy_threshold,2026-05-15,1.0,2026-09-06T17:19:30Z,10.62,0.0,-8.549061
lr,Regresja logistyczna,PG,logistic_regression,logistic_regression,logistic_regression,binary,binary-2026-08,D-lr-471e8e085a49,S-PG-logistic_regression-20231129-5e5ba7,T-lr-63ec836b5e3e,BUY,2026-09-06T17:19:30Z,2023-11-29,2023-11-29,152.29,152.29,152.29,152.45,150.99,151.13,5342700,1.0,11.0,12.0,80662.49,80510.2,1675.19,1827.48,100051.84,100049.75,0.1,0.0167,0.0183,100.0,1.0,1.0,0.5,52.49,0.5983,0.6555,-0.0572,152.8473,149.2787,151.063,151.063,148.9044,0.015814,-0.029643,-0.035731,,,,,prob_above_buy_threshold,prob_above_buy_threshold,2026-05-15,1.0,2026-09-06T17:19:30Z,10.62,0.0,-8.549061
lr,Regresja logistyczna,KO,logistic_regression,logistic_regression,logistic_regression,binary,binary-2026-08,D-lr-e0ef9372eab1,S-KO-logistic_regression-20231129-a8ca9c,T-lr-ea6702c1132e,BUY,2026-09-06T17:19:30Z,2023-11-29,2023-11-29,58.58,58.58,58.58,58.67,58.1,58.23,11263600,1.0,11.0,12.0,80510.2,80451.62,644.38,702.96,100051.84,100049.4,0.1,0.0064,0.007,99.99,0.9999,0.9999,0.5,64.12,0.6812,0.5844,0.0968,58.7702,56.0528,57.4115,57.4115,56.0058,0.003606,0.006354,0.00893,,,,,prob_above_buy_threshold,prob_above_buy_threshold,2026-05-15,1.0,2026-09-06T17:19:30Z,10.62,0.0,-8.549061
lr,Regresja logistyczna,WMT,logistic_regression,logistic_regression,logistic_regression,binary,binary-2026-08,D-lr-d308a3499f7e,S-WMT-logistic_regression-20231129-d8f728,T-lr-b9f8e6ee65f2,BUY,2026-09-06T17:19:30Z,2023-11-29,2023-11-29,52.9233,52.88,52.9233,52.9233,51.87,52.0267,29896500,1.0,11.0,12.0,80451.62,80398.7,582.16,635.08,100051.84,100048.5,0.1,0.0058,0.0063,99.79,0.9959,0.9979,0.5,40.37,-0.5631,-0.3256,-0.2375,57.232,50.4303,53.8312,53.8312,53.6935,-0.002499,-0.01307,0.009546,,,,,prob_above_buy_threshold,prob_above_buy_threshold,2026-05-15,1.0,2026-09-06T17:19:30Z,10.62,0.0,-8.549061
lr,Regresja logistyczna,NEE,logistic_regression,logistic_regression,logistic_regression,binary,binary-2026-08,D-lr-3574a368d75c,S-NEE-logistic_regression-20231129-1c1687,T-lr-1fc6ff575678,BUY,2026-09-06T17:19:30Z,2023-11-29,2023-11-29,58.53,58.16,58.53,59.23,57.98,58.36,17019100,1.0,11.0,12.0,80398.7,80340.17,643.83,702.36,100051.84,100048.33,0.1,0.0064,0.007,100.0,1.0,1.0,0.5,55.6,0.2745,0.0923,0.1822,60.2704,54.7336,57.502,57.502,56.6972,0.00257,0.031528,0.045579,,,,,prob_above_buy_threshold,prob_above_buy_threshold,2026-05-15,1.0,2026-09-06T17:19:30Z,10.62,0.0,-8.549061
lr,Regresja logistyczna,MSFT,logistic_regression,logistic_regression,logistic_regression,binary,binary-2026-08,D-lr-77a8433a8d31,S-MSFT-logistic_regression-20231130-6520dc,T-lr-cab9a2d04c75,BUY,2026-09-06T17:19:30Z,2023-11-30,2023-11-30,378.49,378.85,378.49,380.09,375.47,378.91,30554400,1.0,12.0,13.0,80340.17,79961.68,4541.88,4920.37,100352.89,100353.31,0.1,0.0453,0.049,99.98,0.9997,0.9998,0.5,66.27,10.4673,10.7091,-0.2418,388.3737,350.5503,369.462,369.462,343.6088,-0.011612,-0.021008,-0.007574,,,,,prob_above_buy_threshold,prob_above_buy_threshold,2026-05-15,1.0,2026-09-06T17:19:30Z,10.62,0.0,-8.549061
lr,Regresja logistyczna,JPM,logistic_regression,logistic_regression,logistic_regression,binary,binary-2026-08,D-lr-54a348121fff,S-JPM-logistic_regression-20231130-ccb573,T-lr-a72bed97acfd,BUY,2026-09-06T17:19:30Z,2023-11-30,2023-11-30,154.91,154.32,154.91,156.13,154.38,156.08,9869800,1.0,12.0,13.0,79961.68,79806.77,1858.92,2013.83,100352.89,100354.48,0.1,0.0185,0.0201,89.56,0.7913,0.8956,0.5,76.46,2.9534,2.353,0.6004,158.3723,140.2717,149.322,149.322,146.0252,0.004869,0.004549,0.089826,,,,,prob_above_buy_threshold,prob_above_buy_threshold,2026-05-15,1.0,2026-09-06T17:19:30Z,10.62,0.0,-8.549061
lr,Regresja logistyczna,XOM,logistic_regression,logistic_regression,logistic_regression,binary,binary-2026-08,D-lr-be3ed8ad2647,S-XOM-logistic_regression-20231130-cb7b75,T-lr-8da41b326339,BUY,2026-09-06T17:19:30Z,2023-11-30,2023-11-30,103.11,102.34,103.11,104.48,101.81,102.74,29254700,1.0,12.0,13.0,79806.77,79703.66,1237.32,1340.43,100352.89,100354.11,0.1,0.0123,0.0134,80.93,0.6185,0.8093,0.5,39.15,-1.408,-1.5396,0.1316,107.6179,101.1121,104.365,104.365,108.511,0.002433,-0.042048,-0.026864,,,,,prob_above_buy_threshold,prob_above_buy_threshold,2026-05-15,1.0,2026-09-06T17:19:30Z,10.62,0.0,-8.549061
lr,Regresja logistyczna,JNJ,logistic_regression,logistic_regression,logistic_regression,binary,binary-2026-08,D-lr-a12af15c3f41,S-JNJ-logistic_regression-20231130-672ab3,T-lr-7f8735d66eb0,BUY,2026-09-06T17:19:30Z,2023-11-30,2023-11-30,152.26,152.11,152.26,155.14,151.92,154.66,12481900,1.0,12.0,13.0,79703.66,79551.4,1827.12,1979.38,100352.89,100356.51,0.1,0.0182,0.0197,100.0,1.0,1.0,0.5,62.48,0.0642,-0.6928,0.757,154.0627,146.6583,150.3605,150.3605,152.9992,0.024053,0.004785,0.013449,,,,,prob_above_buy_threshold,prob_above_buy_threshold,2026-05-15,1.0,2026-09-06T17:19:30Z,10.62,0.0,-8.549061
lr,Regresja logistyczna,UNH,logistic_regression,logistic_regression,logistic_regression,binary,binary-2026-08,D-lr-a1976244e23a,S-UNH-logistic_regression-20231130-10157f,T-lr-8899be95f18b,BUY,2026-09-06T17:19:30Z,2023-11-30,2023-11-30,535.79,534.98,535.79,553.94,534.01,552.97,7121200,1.0,12.0,13.0,79551.4,79015.61,6429.48,6965.27,100352.89,100373.69,0.1,0.0641,0.0694,100.0,1.0,1.0,0.5,64.37,4.738,4.9136,-0.1757,549.2406,529.8024,539.5215,539.5215,528.8658,-0.010507,-0.008499,-0.047923,,,,,prob_above_buy_threshold,prob_above_buy_threshold,2026-05-15,1.0,2026-09-06T17:19:30Z,10.62,0.0,-8.549061
lr,Regresja logistyczna,PG,logistic_regression,logistic_regression,logistic_regression,binary,binary-2026-08,D-lr-edd714544987,S-PG-logistic_regression-20231130-d23726,T-lr-95b974c5e96f,BUY,2026-09-06T17:19:30Z,2023-11-30,2023-11-30,150.9,151.13,150.9,153.63,150.08,153.52,9771300,1.0,12.0,13.0,79015.61,78864.71,1810.8,1961.7,100352.89,100376.31,0.1,0.018,0.0195,100.0,1.0,1.0,0.5,60.24,0.7429,0.673,0.0699,153.2119,149.3051,151.2585,151.2585,148.9054,-0.005602,-0.045727,-0.045466,,,,,prob_above_buy_threshold,prob_above_buy_threshold,2026-05-15,1.0,2026-09-06T17:19:30Z,10.62,0.0,-8.549061
lr,Regresja logistyczna,KO,logistic_regression,logistic_regression,logistic_regression,binary,binary-2026-08,D-lr-fce7a095d125,S-KO-logistic_regression-20231130-98f78e,T-lr-5be5fa726311,BUY,2026-09-06T17:19:30Z,2023-11-30,2023-11-30,57.96,58.23,57.96,58.46,57.6,58.44,22727500,1.0,12.0,13.0,78864.71,78806.75,695.52,753.48,100352.89,100376.79,0.1,0.0069,0.0075,99.99,0.9999,0.9999,0.5,65.98,0.6772,0.603,0.0742,58.8638,56.1592,57.5115,57.5115,56.0058,0.003422,0.005134,0.008385,,,,,prob_above_buy_threshold,prob_above_buy_threshold,2026-05-15,1.0,2026-09-06T17:19:30Z,10.62,0.0,-8.549061
lr,Regresja logistyczna,WMT,logistic_regression,logistic_regression,logistic_regression,binary,binary-2026-08,D-lr-514b2a9c5546,S-WMT-logistic_regression-20231130-e330ea,T-lr-078db1418bc7,BUY,2026-09-06T17:19:30Z,2023-11-30,2023-11-30,52.0067,52.0267,52.0067,52.1167,51.5033,51.8967,29925900,1.0,12.0,13.0,78806.75,78754.74,624.08,676.09,100352.89,100376.68,0.1,0.0062,0.0067,99.71,0.9942,0.9971,0.5,39.65,-0.595,-0.3795,-0.2155,57.1376,50.2188,53.6782,53.6782,53.6387,-0.008671,-0.020746,0.012589,,,,,prob_above_buy_threshold,prob_above_buy_threshold,2026-05-15,1.0,2026-09-06T17:19:30Z,10.62,0.0,-8.549061
lr,Regresja logistyczna,NEE,logistic_regression,logistic_regression,logistic_regression,binary,binary-2026-08,D-lr-3c0d2668d7d0,S-NEE-logistic_regression-20231130-bdbc96,T-lr-82ae9faa40de,BUY,2026-09-06T17:19:30Z,2023-11-30,2023-11-30,58.48,58.36,58.48,58.68,57.98,58.51,15381700,1.0,12.0,13.0,78754.74,78696.26,701.76,760.24,100352.89,100376.71,0.1,0.007,0.0076,100.0,1.0,1.0,0.5,56.27,0.3325,0.1403,0.1922,60.2799,54.7321,57.506,57.506,56.5204,0.01128,0.022902,0.038113,,,,,prob_above_buy_threshold,prob_above_buy_threshold,2026-05-15,1.0,2026-09-06T17:19:30Z,10.62,0.0,-8.549061
lr,Regresja logistyczna,MSFT,logistic_regression,logistic_regression,logistic_regression,binary,binary-2026-08,D-lr-08a56843d757,S-MSFT-logistic_regression-20231201-e7063b,T-lr-72824daba709,BUY,2026-09-06T17:19:30Z,2023-12-01,2023-12-01,376.76,378.91,376.76,378.16,371.31,374.51,33040500,1.0,13.0,14.0,78696.26,78319.5,4897.88,5274.64,100299.62,100297.37,0.1,0.0488,0.0526,99.99,0.9998,0.9999,0.5,60.67,9.6916,10.5056,-0.814,387.0961,354.4469,370.7715,370.7715,344.7084,-0.014339,-0.000748,-0.009719,,,,,prob_above_buy_threshold,prob_above_buy_threshold,2026-05-15,1.0,2026-09-06T17:19:30Z,10.62,0.0,-8.549061
lr,Regresja logistyczna,JPM,logistic_regression,logistic_regression,logistic_regression,binary,binary-2026-08,D-lr-2a8bf47dcef2,S-JPM-logistic_regression-20231201-d808b1,T-lr-e46046c0ee63,BUY,2026-09-06T17:19:30Z,2023-12-01,2023-12-01,155.82,156.08,155.82,157.86,155.82,156.84,8916000,1.0,13.0,14.0,78319.5,78163.68,2025.66,2181.48,100299.62,100298.39,0.1,0.0202,0.0217,88.63,0.7727,0.8863,0.5,77.76,3.0989,2.5022,0.5967,158.9444,141.2416,150.093,150.093,146.2192,0.007332,0.010712,0.097169,,,,,prob_above_buy_threshold,prob_above_buy_threshold,2026-05-15,1.0,2026-09-06T17:19:30Z,10.62,0.0,-8.549061
lr,Regresja logistyczna,XOM,logistic_regression,logistic_regression,logistic_regression,binary,binary-2026-08,D-lr-20df70dfc153,S-XOM-logistic_regression-20231201-d7a45e,T-lr-a6e22ff1be80,BUY,2026-09-06T17:19:30Z,2023-12-01,2023-12-01,102.5,102.74,102.5,104.22,102.22,102.99,17845300,1.0,13.0,14.0,78163.68,78061.18,1332.5,1435.0,100299.62,100298.88,0.1,0.0133,0.0143,77.92,0.5583,0.7792,0.5,40.38,-1.3728,-1.5063,0.1334,106.5251,101.5929,104.059,104.059,108.2756,-0.005437,-0.033401,-0.006117,,,,,prob_above_buy_threshold,prob_above_buy_threshold,2026-05-15,1.0,2026-09-06T17:19:30Z,10.62,0.0,-8.549061
lr,Regresja logistyczna,JNJ,logistic_regression,logistic_regression,logistic_regression,binary,binary-2026-08,D-lr-27ca0978add0,S-JNJ-logistic_regression-20231201-770bd8,T-lr-77cce16639b4,BUY,2026-09-06T17:19:30Z,2023-12-01,2023-12-01,156.44,154.66,156.44,158.46,155.47,158.38,10342900,1.0,13.0,14.0,78061.18,77904.74,2033.72,2190.16,100299.62,100300.82,0.1,0.0203,0.0218,100.0,1.0,1.0,0.5,70.82,0.6143,-0.4313,1.0457,155.857,145.678,150.7675,150.7675,152.9336,0.003157,-0.025003,0.010039,,,,,prob_above_buy_threshold,prob_above_buy_threshold,2026-05-15,1.0,2026-09-06T17:19:30Z,10.62,0.0,-8.549061
lr,Regresja logistyczna,UNH,logistic_regression,logistic_regression,logistic_regression,binary,binary-2026-08,D-lr-002ad8ff6f0b,S-UNH-logistic_regression-20231201-94d8f8,T-lr-85cbe428161d,BUY,2026-09-06T17:19:30Z,2023-12-01,2023-12-01,550.42,552.97,550.42,554.7,545.16,547.16,3462200,1.0,13.0,14.0,77904.74,77354.32,7155.46,7705.88,100299.62,100297.56,0.1,0.0713,0.0768,100.0,1.0,1.0,0.5,58.47,4.8345,4.8978,-0.0633,550.2028,529.9432,540.073,540.073,529.7862,0.002047,0.00477,-0.014292,,,,,prob_above_buy_threshold,prob_above_buy_threshold,2026-05-15,1.0,2026-09-06T17:19:30Z,10.62,0.0,-8.549061
lr,Regresja logistyczna,PG,logistic_regression,logistic_regression,logistic_regression,binary,binary-2026-08,D-lr-807d12ebd829,S-PG-logistic_regression-20231201-3546f7,T-lr-4575e71156e4,BUY,2026-09-06T17:19:30Z,2023-12-01,2023-12-01,153.33,153.52,153.33,153.49,152.23,152.66,5685400,1.0,13.0,14.0,77354.32,77200.99,1993.29,2146.62,100299.62,100296.89,0.1,0.0199,0.0214,100.0,1.0,1.0,0.5,56.66,0.7792,0.6942,0.0849,153.3658,149.2732,151.3195,151.3195,148.9158,-0.00393,-0.049194,-0.025678,,,,,prob_above_buy_threshold,prob_above_buy_threshold,2026-05-15,1.0,2026-09-06T17:19:30Z,10.62,0.0,-8.549061
lr,Regresja logistyczna,KO,logistic_regression,logistic_regression,logistic_regression,binary,binary-2026-08,D-lr-fe8e6ec86cb4,S-KO-logistic_regression-20231201-2c5067,T-lr-64c67636b4a7,BUY,2026-09-06T17:19:30Z,2023-12-01,2023-12-01,58.27,58.44,58.27,58.69,58.24,58.64,15371200,1.0,13.0,14.0,77200.99,77142.72,757.51,815.78,100299.62,100297.26,0.1,0.0076,0.0081,99.99,0.9999,0.9999,0.5,67.7,0.6823,0.6188,0.0634,59.0117,56.1663,57.589,57.589,56.0278,-0.001194,-0.000512,0.020123,,,,,prob_above_buy_threshold,prob_above_buy_threshold,2026-05-15,1.0,2026-09-06T17:19:30Z,10.62,0.0,-8.549061
lr,Regresja logistyczna,WMT,logistic_regression,logistic_regression,logistic_regression,binary,binary-2026-08,D-lr-b340b7594599,S-WMT-logistic_regression-20231201-b2628b,T-lr-e4edf967d3fc,BUY,2026-09-06T17:19:30Z,2023-12-01,2023-12-01,51.7933,51.8967,51.7933,51.87,50.8767,51.4467,39273600,1.0,13.0,14.0,77142.72,77090.93,673.31,725.11,100299.62,100296.91,0.1,0.0067,0.0072,99.96,0.9991,0.9996,0.5,37.18,-0.649,-0.4334,-0.2156,57.01,49.9737,53.4918,53.4918,53.5882,-0.000259,-0.022548,0.032072,,,,,prob_above_buy_threshold,prob_above_buy_threshold,2026-05-15,1.0,2026-09-06T17:19:30Z,10.62,0.0,-8.549061
lr,Regresja logistyczna,NEE,logistic_regression,logistic_regression,logistic_regression,binary,binary-2026-08,D-lr-a4ccabe3cde6,S-NEE-logistic_regression-20231201-ea977b,T-lr-14ed1ded914e,BUY,2026-09-06T17:19:30Z,2023-12-01,2023-12-01,58.55,58.51,58.55,59.54,57.67,59.17,10510200,1.0,13.0,14.0,77090.93,77032.38,761.15,819.7,100299.62,100297.53,0.1,0.0076,0.0082,100.0,1.0,1.0,0.5,59.19,0.4269,0.1976,0.2293,60.1312,54.8068,57.469,57.469,56.3656,-0.00845,0.008957,0.040561,,,,,prob_above_buy_threshold,prob_above_buy_threshold,2026-05-15,1.0,2026-09-06T17:19:30Z,10.62,0.0,-8.549061
lr,Regresja logistyczna,MSFT,logistic_regression,logistic_regression,logistic_regression,binary,binary-2026-08,D-lr-f248c57c214f,S-MSFT-logistic_regression-20231204-8cf8f8,T-lr-60c3cebc8a50,BUY,2026-09-06T17:19:30Z,2023-12-04,2023-12-04,369.1,374.51,369.1,369.52,362.9,369.14,32063300,1.0,14.0,15.0,77032.38,76663.28,5167.4,5536.5,100236.73,100236.77,0.1,0.0516,0.0552,99.99,0.9997,0.9999,0.5,54.6,8.545,10.1135,-1.5685,385.7221,357.4549,371.5885,371.5885,345.751,0.009156,0.005851,0.003955,,,,,prob_above_buy_threshold,prob_above_buy_threshold,2026-05-15,1.0,2026-09-06T17:19:30Z,10.62,0.0,-8.549061
lr,Regresja logistyczna,JPM,logistic_regression,logistic_regression,logistic_regression,binary,binary-2026-08,D-lr-c833aa3f1e18,S-JPM-logistic_regression-20231204-9b5feb,T-lr-fe6e87fe1f33,BUY,2026-09-06T17:19:30Z,2023-12-04,2023-12-04,156.02,156.84,156.02,158.05,155.88,157.99,9607500,1.0,14.0,15.0,76663.28,76507.26,2184.28,2340.3,100236.73,100238.74,0.1,0.0218,0.0233,86.55,0.7311,0.8655,0.5,79.59,3.2693,2.6556,0.6137,159.7031,141.9819,150.8425,150.8425,146.4644,-0.000127,0.007026,0.084436,,,,,prob_above_buy_threshold,prob_above_buy_threshold,2026-05-15,1.0,2026-09-06T17:19:30Z,10.62,0.0,-8.549061
lr,Regresja logistyczna,XOM,logistic_regression,logistic_regression,logistic_regression,binary,binary-2026-08,D-lr-8c9f1379f2f9,S-XOM-logistic_regression-20231204-80ffcd,T-lr-49612885f405,BUY,2026-09-06T17:19:30Z,2023-12-04,2023-12-04,102.13,102.99,102.13,103.36,101.59,102.43,21523900,1.0,14.0,15.0,76507.26,76405.13,1429.82,1531.95,100236.73,100239.04,0.1,0.0143,0.0153,76.72,0.5345,0.7672,0.5,38.5,-1.3743,-1.4799,0.1056,105.6775,101.9055,103.7915,103.7915,108.0254,-0.019428,-0.027433,0.007713,,,,,prob_above_buy_threshold,prob_above_buy_threshold,2026-05-15,1.0,2026-09-06T17:19:30Z,10.62,0.0,-8.549061
lr,Regresja logistyczna,JNJ,logistic_regression,logistic_regression,logistic_regression,binary,binary-2026-08,D-lr-8adee9d7cd69,S-JNJ-logistic_regression-20231204-d76a10,T-lr-1a8b12d842c4,BUY,2026-09-06T17:19:30Z,2023-12-04,2023-12-04,158.0,158.38,158.0,160.02,158.0,158.88,8920300,1.0,14.0,15.0,76405.13,76247.13,2212.0,2370.0,100236.73,100239.92,0.1,0.0221,0.0236,100.0,1.0,1.0,0.5,71.73,1.0782,-0.1294,1.2076,157.3438,144.9452,151.1445,151.1445,152.9012,-0.002077,-0.024043,0.013155,,,,,prob_above_buy_threshold,prob_above_buy_threshold,2026-05-15,1.0,2026-09-06T17:19:30Z,10.62,0.0,-8.549061
lr,Regresja logistyczna,UNH,logistic_regression,logistic_regression,logistic_regression,binary,binary-2026-08,D-lr-405813995152,S-UNH-logistic_regression-20231204-458110,T-lr-77044c6cd411,BUY,2026-09-06T17:19:30Z,2023-12-04,2023-12-04,548.26,547.16,548.26,551.87,543.04,548.28,2709200,1.0,14.0,15.0,76247.13,75698.87,7675.64,8223.9,100236.73,100239.94,0.1,0.0766,0.082,100.0,1.0,1.0,0.5,59.24,4.9444,4.9071,0.0372,550.7519,531.1321,540.942,540.942,530.6298,0.003611,-0.00839,-0.011399,,,,,prob_above_buy_threshold,prob_above_buy_threshold,2026-05-15,1.0,2026-09-06T17:19:30Z,10.62,0.0,-8.549061
lr,Regresja logistyczna,PG,logistic_regression,logistic_regression,logistic_regression,binary,binary-2026-08,D-lr-5fc8ccbd3533,S-PG-logistic_regression-20231204-b94aab,T-lr-7f7e7f9567c9,BUY,2026-09-06T17:19:30Z,2023-12-04,2023-12-04,151.77,152.66,151.77,152.53,151.66,152.06,6578300,1.0,14.0,15.0,75698.87,75547.1,2124.78,2276.55,100236.73,100240.23,0.1,0.0212,0.0227,100.0,1.0,1.0,0.5,54.23,0.7508,0.7056,0.0453,153.4052,149.4328,151.419,151.419,148.9254,-0.034855,-0.041036,-0.027752,,,,,prob_above_buy_threshold,prob_above_buy_threshold,2026-05-15,1.0,2026-09-06T17:19:30Z,10.62,0.0,-8.549061
lr,Regresja logistyczna,KO,logistic_regression,logistic_regression,logistic_regression,binary,binary-2026-08,D-lr-0ac1724181dd,S-KO-logistic_regression-20231204-f8a40b,T-lr-4ccdf8d21862,BUY,2026-09-06T17:19:30Z,2023-12-04,2023-12-04,58.59,58.64,58.59,58.96,58.44,58.57,14942200,1.0,14.0,15.0,75547.1,75488.51,820.26,878.85,100236.73,100240.21,0.1,0.0082,0.0088,99.99,0.9999,0.9999,0.5,66.43,0.6729,0.6296,0.0432,59.1084,56.2526,57.6805,57.6805,56.0472,0.001537,0.008025,0.023732,,,,,prob_above_buy_threshold,prob_above_buy_threshold,2026-05-15,1.0,2026-09-06T17:19:30Z,10.62,0.0,-8.549061
lr,Regresja logistyczna,WMT,logistic_regression,logistic_regression,logistic_regression,binary,binary-2026-08,D-lr-610fbcb92f91,S-WMT-logistic_regression-20231204-3688ca,T-lr-9c49cfda274d,BUY,2026-09-06T17:19:30Z,2023-12-04,2023-12-04,51.1067,51.4467,51.1067,51.6433,51.1033,51.4333,24883200,1.0,14.0,15.0,75488.51,75437.4,715.49,766.6,100236.73,100240.53,0.1,0.0071,0.0076,99.86,0.9973,0.9986,0.5,37.1,-0.685,-0.4837,-0.2013,56.8852,49.7531,53.3192,53.3192,53.5345,0.009268,-0.019832,0.032404,,,,,prob_above_buy_threshold,prob_above_buy_threshold,2026-05-15,1.0,2026-09-06T17:19:30Z,10.62,0.0,-8.549061
lr,Regresja logistyczna,NEE,logistic_regression,logistic_regression,logistic_regression,binary,binary-2026-08,D-lr-2d727f6baf50,S-NEE-logistic_regression-20231204-8da3b0,T-lr-9ba02eba3334,BUY,2026-09-06T17:19:30Z,2023-12-04,2023-12-04,58.59,59.17,58.59,59.53,58.58,58.67,10239600,1.0,14.0,15.0,75437.4,75378.81,820.26,878.85,100236.73,100240.61,0.1,0.0082,0.0088,100.0,1.0,1.0,0.5,56.13,0.4561,0.2493,0.2067,60.0104,54.8566,57.4335,57.4335,56.185,-0.0075,0.017726,0.056588,,,,,prob_above_buy_threshold,prob_above_buy_threshold,2026-05-15,1.0,2026-09-06T17:19:30Z,10.62,0.0,-8.549061
lr,Regresja logistyczna,MSFT,logistic_regression,logistic_regression,logistic_regression,binary,binary-2026-08,D-lr-41bdca91ddef,S-MSFT-logistic_regression-20231205-c3e552,T-lr-05bf3a1d6e30,BUY,2026-09-06T17:19:30Z,2023-12-05,2023-12-05,366.45,369.14,366.45,373.08,365.62,372.52,23065000,1.0,15.0,16.0,75378.81,75012.36,5496.75,5863.2,100208.31,100214.38,0.1,0.0549,0.0585,99.98,0.9996,0.9998,0.5,57.48,7.819,9.6546,-1.8356,384.7178,360.0582,372.388,372.388,346.8506,-0.009986,0.004993,-0.012295,,,,,prob_above_buy_threshold,prob_above_buy_threshold,2026-05-15,1.0,2026-09-06T17:19:30Z,10.62,0.0,-8.549061
lr,Regresja logistyczna,JPM,logistic_regression,logistic_regression,logistic_regression,binary,binary-2026-08,D-lr-d481cde38e11,S-JPM-logistic_regression-20231205-d2a5de,T-lr-490cff6db739,BUY,2026-09-06T17:19:30Z,2023-12-05,2023-12-05,157.26,157.99,157.26,158.5,156.97,157.97,9135600,1.0,15.0,16.0,75012.36,74855.1,2358.9,2516.16,100208.31,100215.09,0.1,0.0235,0.0251,88.18,0.7635,0.8818,0.5,79.47,3.364,2.7973,0.5667,160.3458,142.7282,151.537,151.537,146.6948,-0.010508,0.016142,0.085079,,,,,prob_above_buy_threshold,prob_above_buy_threshold,2026-05-15,1.0,2026-09-06T17:19:30Z,10.62,0.0,-8.549061
lr,Regresja logistyczna,XOM,logistic_regression,logistic_regression,logistic_regression,binary,binary-2026-08,D-lr-23134427c3c5,S-XOM-logistic_regression-20231205-955f0c,T-lr-2fa6e5733b99,BUY,2026-09-06T17:19:30Z,2023-12-05,2023-12-05,102.27,102.43,102.27,102.34,100.29,100.44,22250300,1.0,15.0,16.0,74855.1,74752.83,1534.05,1636.32,100208.31,100213.26,0.1,0.0153,0.0163,84.07,0.6813,0.8407,0.5,32.68,-1.5185,-1.4876,-0.0309,105.6752,101.3648,103.52,103.52,107.7096,-0.013242,-0.023795,0.018718,,,,,prob_above_buy_threshold,prob_above_buy_threshold,2026-05-15,1.0,2026-09-06T17:19:30Z,10.62,0.0,-8.549061
lr,Regresja logistyczna,JNJ,logistic_regression,logistic_regression,logistic_regression,binary,binary-2026-08,D-lr-0d3df1b48bf3,S-JNJ-logistic_regression-20231205-0a4f84,T-lr-3d7998d66cd2,BUY,2026-09-06T17:19:30Z,2023-12-05,2023-12-05,158.8,158.88,158.8,159.63,158.22,158.55,7268200,1.0,15.0,16.0,74752.83,74594.03,2382.0,2540.8,100208.31,100213.01,0.1,0.0238,0.0254,100.0,1.0,1.0,0.5,70.17,1.403,0.177,1.2259,158.4776,144.4964,151.487,151.487,152.867,-0.012173,-0.021949,0.013119,,,,,prob_above_buy_threshold,prob_above_buy_threshold,2026-05-15,1.0,2026-09-06T17:19:30Z,10.62,0.0,-8.549061
lr,Regresja logistyczna,UNH,logistic_regression,logistic_regression,logistic_regression,binary,binary-2026-08,D-lr-b80448b8c884,S-UNH-logistic_regression-20231205-947122,T-lr-ac7998db1fa5,BUY,2026-09-06T17:19:30Z,2023-12-05,2023-12-05,549.1,548.28,549.1,552.53,545.35,550.26,2645600,1.0,15.0,16.0,74594.03,74044.93,8236.5,8785.6,100208.31,100214.17,0.1,0.0822,0.0877,100.0,1.0,1.0,0.5,60.64,5.1321,4.9521,0.1799,551.761,531.803,541.782,541.782,531.4294,-0.001327,-0.008251,-0.008796,,,,,prob_above_buy_threshold,prob_above_buy_threshold,2026-05-15,1.0,2026-09-06T17:19:30Z,10.62,0.0,-8.549061
lr,Regresja logistyczna,PG,logistic_regression,logistic_regression,logistic_regression,binary,binary-2026-08,D-lr-fcdc2e930455,S-PG-logistic_regression-20231205-39755b,T-lr-cd13974ca091,BUY,2026-09-06T17:19:30Z,2023-12-05,2023-12-05,152.14,152.06,152.14,152.61,146.18,146.76,11895800,1.0,15.0,16.0,74044.93,73892.79,2282.1,2434.24,100208.31,100208.79,0.1,0.0228,0.0243,100.0,1.0,1.0,0.5,38.55,0.2973,0.6239,-0.3266,154.05,148.37,151.21,151.21,148.8474,-0.00075,-0.005587,0.012878,,,,,prob_above_buy_threshold,prob_above_buy_threshold,2026-05-15,1.0,2026-09-06T17:19:30Z,10.62,0.0,-8.549061
lr,Regresja logistyczna,KO,logistic_regression,logistic_regression,logistic_regression,binary,binary-2026-08,D-lr-a563f0d7561e,S-KO-logistic_regression-20231205-7f4381,T-lr-2b01403870b2,BUY,2026-09-06T17:19:30Z,2023-12-05,2023-12-05,58.55,58.57,58.55,58.83,58.42,58.66,11891500,1.0,15.0,16.0,73892.79,73834.24,878.25,936.8,100208.31,100208.9,0.1,0.0088,0.0093,99.99,0.9999,0.9999,0.5,67.28,0.665,0.6367,0.0283,59.2145,56.3155,57.765,57.765,56.0804,-0.001023,0.012956,0.018752,,,,,prob_above_buy_threshold,prob_above_buy_threshold,2026-05-15,1.0,2026-09-06T17:19:30Z,10.62,0.0,-8.549061
lr,Regresja logistyczna,WMT,logistic_regression,logistic_regression,logistic_regression,binary,binary-2026-08,D-lr-873562b834e9,S-WMT-logistic_regression-20231205-4a2662,T-lr-c55c71a89639,BUY,2026-09-06T17:19:30Z,2023-12-05,2023-12-05,51.4833,51.4333,51.4833,51.95,51.2467,51.91,21883800,1.0,15.0,16.0,73834.24,73782.76,772.25,823.73,100208.31,100209.33,0.1,0.0077,0.0082,99.84,0.9969,0.9984,0.5,41.58,-0.6674,-0.5204,-0.147,56.6997,49.6337,53.1667,53.1667,53.4856,-0.010852,-0.028061,0.013035,,,,,prob_above_buy_threshold,prob_above_buy_threshold,2026-05-15,1.0,2026-09-06T17:19:30Z,10.62,0.0,-8.549061
lr,Regresja logistyczna,NEE,logistic_regression,logistic_regression,logistic_regression,binary,binary-2026-08,D-lr-0c02b9fc75b1,S-NEE-logistic_regression-20231205-e0d1d9,T-lr-8e24429e775c,BUY,2026-09-06T17:19:30Z,2023-12-05,2023-12-05,58.68,58.67,58.68,58.86,57.87,58.23,12544800,1.0,15.0,16.0,73782.76,73724.08,880.2,938.88,100208.31,100208.88,0.1,0.0088,0.0094,100.0,1.0,1.0,0.5,53.52,0.4386,0.2872,0.1514,59.8919,54.8941,57.393,57.393,56.0002,0.033831,0.022154,0.061309,,,,,prob_above_buy_threshold,prob_above_buy_threshold,2026-05-15,1.0,2026-09-06T17:19:30Z,10.62,0.0,-8.549061
lr,Regresja logistyczna,MSFT,logistic_regression,logistic_regression,logistic_regression,binary,binary-2026-08,D-lr-c4fb895ceab3,S-MSFT-logistic_regression-20231206-950785,T-lr-c7a410d42a1f,BUY,2026-09-06T17:19:30Z,2023-12-06,2023-12-06,373.54,372.52,373.54,374.18,368.03,368.8,21182100,1.0,16.0,17.0,73724.08,73350.54,5976.64,6350.18,100078.75,100074.01,0.1,0.0597,0.0635,99.99,0.9998,0.9999,0.5,53.46,6.8643,9.0965,-2.2322,384.0172,361.5858,372.8015,372.8015,347.9838,0.00583,0.015103,-0.002847,,,,,prob_above_buy_threshold,prob_above_buy_threshold,2026-05-15,1.0,2026-09-06T17:19:30Z,10.62,0.0,-8.549061
lr,Regresja logistyczna,JPM,logistic_regression,logistic_regression,logistic_regression,binary,binary-2026-08,D-lr-5460ec5c96bd,S-JPM-logistic_regression-20231206-b7bdb1,T-lr-31e92176f474,BUY,2026-09-06T17:19:30Z,2023-12-06,2023-12-06,158.84,157.97,158.84,159.22,156.0,156.31,9366000,1.0,16.0,17.0,73350.54,73191.7,2541.44,2700.28,100078.75,100071.48,0.1,0.0254,0.027,85.13,0.7027,0.8513,0.5,69.85,3.2674,2.8913,0.3761,160.4771,143.8269,152.152,152.152,146.9224,0.003071,0.030388,0.102105,,,,,prob_above_buy_threshold,prob_above_buy_threshold,2026-05-15,1.0,2026-09-06T17:19:30Z,10.62,0.0,-8.549061
lr,Regresja logistyczna,XOM,logistic_regression,logistic_regression,logistic_regression,binary,binary-2026-08,D-lr-effe0d82aa35,S-XOM-logistic_regression-20231206-ad8d63,T-lr-c7a7cb0111e4,BUY,2026-09-06T17:19:30Z,2023-12-06,2023-12-06,100.0,100.44,100.0,100.72,98.34,99.11,31154800,1.0,16.0,17.0,73191.7,73091.7,1600.0,1700.0,100078.75,100070.59,0.1,0.016,0.017,86.91,0.7382,0.8691,0.5,29.48,-1.7203,-1.5342,-0.1862,106.1249,100.4051,103.265,103.265,107.3636,-0.006962,-0.001917,0.035516,,,,,prob_above_buy_threshold,prob_above_buy_threshold,2026-05-15,1.0,2026-09-06T17:19:30Z,10.62,0.0,-8.549061
lr,Regresja logistyczna,JNJ,logistic_regression,logistic_regression,logistic_regression,binary,binary-2026-08,D-lr-32f410df88f8,S-JNJ-logistic_regression-20231206-5bf384,T-lr-4c7546ae2b3d,BUY,2026-09-06T17:19:30Z,2023-12-06,2023-12-06,158.52,158.55,158.52,158.66,156.17,156.62,6642900,1.0,16.0,17.0,73091.7,72933.18,2536.32,2694.84,100078.75,100068.69,0.1,0.0253,0.0269,100.0,1.0,1.0,0.5,61.75,1.4875,0.4391,1.0484,159.1039,144.4421,151.773,151.773,152.819,-0.00779,-0.005299,0.028796,,,,,prob_above_buy_threshold,prob_above_buy_threshold,2026-05-15,1.0,2026-09-06T17:19:30Z,10.62,0.0,-8.549061
lr,Regresja logistyczna,UNH,logistic_regression,logistic_regression,logistic_regression,binary,binary-2026-08,D-lr-fd3e0c1dcdfa,S-UNH-logistic_regression-20231206-c28bc2,T-lr-3d1294e9a003,BUY,2026-09-06T17:19:30Z,2023-12-06,2023-12-06,547.56,550.26,547.56,551.88,547.1,549.53,2239700,1.0,16.0,17.0,72933.18,72385.62,8760.96,9308.52,100078.75,100070.66,0.1,0.0875,0.093,100.0,1.0,1.0,0.5,59.83,5.1624,4.9942,0.1682,552.7157,532.0183,542.367,542.367,532.311,-0.002293,-0.000946,-0.02211,,,,,prob_above_buy_threshold,prob_above_buy_threshold,2026-05-15,1.0,2026-09-06T17:19:30Z,10.62,0.0,-8.549061
lr,Regresja logistyczna,PG,logistic_regression,logistic_regression,logistic_regression,binary,binary-2026-08,D-lr-87d7122e94f5,S-PG-logistic_regression-20231206-4256b8,T-lr-2245a10a0727,BUY,2026-09-06T17:19:30Z,2023-12-06,2023-12-06,147.01,146.76,147.01,147.16,145.64,146.65,7610000,1.0,16.0,17.0,72385.62,72238.61,2352.16,2499.17,100078.75,100070.3,0.1,0.0235,0.025,100.0,1.0,1.0,0.5,38.3,-0.0703,0.4851,-0.5553,154.476,147.55,151.013,151.013,148.794,-0.001023,0.013161,0.005251,,,,,prob_above_buy_threshold,prob_above_buy_threshold,2026-05-15,1.0,2026-09-06T17:19:30Z,10.62,0.0,-8.549061
lr,Regresja logistyczna,KO,logistic_regression,logistic_regression,logistic_regression,binary,binary-2026-08,D-lr-1eab3a7e278b,S-KO-logistic_regression-20231206-b5c5c7,T-lr-4c49f00bbe78,BUY,2026-09-06T17:19:30Z,2023-12-06,2023-12-06,58.56,58.66,58.56,58.73,58.21,58.6,14868500,1.0,16.0,17.0,72238.61,72180.05,936.96,995.52,100078.75,100070.34,0.1,0.0094,0.0099,99.99,0.9998,0.9999,0.5,66.08,0.6465,0.6387,0.0078,59.303,56.369,57.836,57.836,56.1218,0.002389,0.022696,0.018259,,,,,prob_above_buy_threshold,prob_above_buy_threshold,2026-05-15,1.0,2026-09-06T17:19:30Z,10.62,0.0,-8.549061
lr,Regresja logistyczna,WMT,logistic_regression,logistic_regression,logistic_regression,binary,binary-2026-08,D-lr-1364aaa2b65c,S-WMT-logistic_regression-20231206-18cdea,T-lr-5c9557b3f97e,BUY,2026-09-06T17:19:30Z,2023-12-06,2023-12-06,51.85,51.91,51.85,51.9433,51.2167,51.3467,26447400,1.0,16.0,17.0,72180.05,72128.2,829.6,881.45,100078.75,100069.83,0.1,0.0083,0.0088,99.88,0.9977,0.9988,0.5,38.12,-0.6909,-0.5545,-0.1364,56.4595,49.4869,52.9732,52.9732,53.4292,-0.010257,6.5e-05,0.017333,,,,,prob_above_buy_threshold,prob_above_buy_threshold,2026-05-15,1.0,2026-09-06T17:19:30Z,10.62,0.0,-8.549061
lr,Regresja logistyczna,NEE,logistic_regression,logistic_regression,logistic_regression,binary,binary-2026-08,D-lr-0c8c74e9c87c,S-NEE-logistic_regression-20231206-1be03b,T-lr-4731015ace2d,BUY,2026-09-06T17:19:30Z,2023-12-06,2023-12-06,58.62,58.23,58.62,60.26,58.62,60.2,13235700,1.0,16.0,17.0,72128.2,72069.58,937.92,996.54,100078.75,100071.41,0.1,0.0094,0.01,100.0,1.0,1.0,0.5,62.05,0.5771,0.3452,0.2319,60.23,54.73,57.48,57.48,55.8974,-0.005814,0.038372,0.031229,,,,,prob_above_buy_threshold,prob_above_buy_threshold,2026-05-15,1.0,2026-09-06T17:19:30Z,10.62,0.0,-8.549061
lr,Regresja logistyczna,MSFT,logistic_regression,logistic_regression,logistic_regression,binary,binary-2026-08,D-lr-465e979af1ea,S-MSFT-logistic_regression-20231207-0faa0b,T-lr-1efd40496b6a,BUY,2026-09-06T17:19:30Z,2023-12-07,2023-12-07,368.23,368.8,368.23,371.45,366.32,370.95,23118900,1.0,17.0,18.0,72069.58,71701.35,6259.91,6628.14,100047.16,100049.88,0.1,0.0626,0.0662,99.99,0.9997,0.9999,0.5,55.4,6.2096,8.5191,-2.3096,383.5543,362.8237,373.189,373.189,349.147,0.008842,-0.013533,0.010082,,,,,prob_above_buy_threshold,prob_above_buy_threshold,2026-05-15,1.0,2026-09-06T17:19:30Z,10.62,0.0,-8.549061
lr,Regresja logistyczna,JPM,logistic_regression,logistic_regression,logistic_regression,binary,binary-2026-08,D-lr-0ca627d14273,S-JPM-logistic_regression-20231207-c091b5,T-lr-3e18067305f4,BUY,2026-09-06T17:19:30Z,2023-12-07,2023-12-07,156.69,156.31,156.69,157.31,156.15,156.79,8130900,1.0,17.0,18.0,71701.35,71544.66,2663.73,2820.42,100047.16,100049.98,0.1,0.0266,0.0282,88.7,0.7741,0.887,0.5,70.94,3.1928,2.9516,0.2412,160.5725,144.9385,152.7555,152.7555,147.1426,0.011034,0.045921,0.097136,,,,,prob_above_buy_threshold,prob_above_buy_threshold,2026-05-15,1.0,2026-09-06T17:19:30Z,10.62,0.0,-8.549061
lr,Regresja logistyczna,XOM,logistic_regression,logistic_regression,logistic_regression,binary,binary-2026-08,D-lr-0703fc5b7067,S-XOM-logistic_regression-20231207-1ae86b,T-lr-9b0826f75044,BUY,2026-09-06T17:19:30Z,2023-12-07,2023-12-07,99.86,99.11,99.86,100.84,98.09,98.42,29990700,1.0,17.0,18.0,71544.66,71444.8,1697.62,1797.48,100047.16,100048.54,0.1,0.017,0.018,84.44,0.6887,0.8444,0.5,27.95,-1.9139,-1.6101,-0.3038,106.5959,99.4831,103.0395,103.0395,106.928,0.011481,0.032107,0.025401,,,,,prob_above_buy_threshold,prob_above_buy_threshold,2026-05-15,1.0,2026-09-06T17:19:30Z,10.62,0.0,-8.549061
lr,Regresja logistyczna,JNJ,logistic_regression,logistic_regression,logistic_regression,binary,binary-2026-08,D-lr-426305e73ec1,S-JNJ-logistic_regression-20231207-71b093,T-lr-77299c90b3af,BUY,2026-09-06T17:19:30Z,2023-12-07,2023-12-07,156.58,156.62,156.58,156.58,154.71,155.4,6532400,1.0,17.0,18.0,71444.8,71288.22,2661.86,2818.44,100047.16,100047.36,0.1,0.0266,0.0282,100.0,1.0,1.0,0.5,57.08,1.4395,0.6392,0.8003,159.4896,144.5614,152.0255,152.0255,152.7848,-0.006306,0.009459,0.039447,,,,,prob_above_buy_threshold,prob_above_buy_threshold,2026-05-15,1.0,2026-09-06T17:19:30Z,10.62,0.0,-8.549061
lr,Regresja logistyczna,UNH,logistic_regression,logistic_regression,logistic_regression,binary,binary-2026-08,D-lr-f13ace6111c3,S-UNH-logistic_regression-20231207-81f825,T-lr-fdb5c1b41a6d,BUY,2026-09-06T17:19:30Z,2023-12-07,2023-12-07,551.35,549.53,551.35,551.51,544.52,548.27,2511700,1.0,17.0,18.0,71288.22,70736.87,9372.95,9924.3,100047.16,100044.28,0.1,0.0937,0.0992,100.0,1.0,1.0,0.5,58.37,5.0268,5.0007,0.0261,553.2579,532.6301,542.944,542.944,533.2018,0.002736,-0.02559,-0.021431,,,,,prob_above_buy_threshold,prob_above_buy_threshold,2026-05-15,1.0,2026-09-06T17:19:30Z,10.62,0.0,-8.549061
lr,Regresja logistyczna,PG,logistic_regression,logistic_regression,logistic_regression,binary,binary-2026-08,D-lr-6e2e6ca8b68f,S-PG-logistic_regression-20231207-ea3034,T-lr-4086e776008f,BUY,2026-09-06T17:19:30Z,2023-12-07,2023-12-07,146.57,146.65,146.57,147.1,146.02,146.5,6119600,1.0,17.0,18.0,70736.87,70590.3,2491.69,2638.26,100047.16,100044.21,0.1,0.0249,0.0264,100.0,1.0,1.0,0.5,37.94,-0.3694,0.3142,-0.6835,154.805,146.87,150.8375,150.8375,148.7772,-0.009215,-0.01256,0.014949,,,,,prob_above_buy_threshold,prob_above_buy_threshold,2026-05-15,1.0,2026-09-06T17:19:30Z,10.62,0.0,-8.549061
lr,Regresja logistyczna,KO,logistic_regression,logistic_regression,logistic_regression,binary,binary-2026-08,D-lr-64f2ee29a5e5,S-KO-logistic_regression-20231207-643f54,T-lr-6d3692fba74b,BUY,2026-09-06T17:19:30Z,2023-12-07,2023-12-07,58.67,58.6,58.67,58.89,58.39,58.74,11587900,1.0,17.0,18.0,70590.3,70531.63,997.39,1056.06,100047.16,100044.28,0.1,0.01,0.0106,99.99,0.9999,0.9999,0.5,67.53,0.6358,0.6381,-0.0023,59.3939,56.4431,57.9185,57.9185,56.1776,-0.002213,0.005107,0.023323,,,,,prob_above_buy_threshold,prob_above_buy_threshold,2026-05-15,1.0,2026-09-06T17:19:30Z,10.62,0.0,-8.549061
lr,Regresja logistyczna,WMT,logistic_regression,logistic_regression,logistic_regression,binary,binary-2026-08,D-lr-5fe08cd4266e,S-WMT-logistic_regression-20231207-4dea77,T-lr-89bc684e5ba7,BUY,2026-09-06T17:19:30Z,2023-12-07,2023-12-07,51.45,51.3467,51.45,51.5133,50.7433,50.82,25362600,1.0,17.0,18.0,70531.63,70480.18,874.65,926.1,100047.16,100043.65,0.1,0.0087,0.0093,99.9,0.9979,0.999,0.5,35.18,-0.7435,-0.5923,-0.1512,56.2805,49.2712,52.7758,52.7758,53.3675,-0.010495,-0.001902,0.037977,,,,,prob_above_buy_threshold,prob_above_buy_threshold,2026-05-15,1.0,2026-09-06T17:19:30Z,10.62,0.0,-8.549061
lr,Regresja logistyczna,NEE,logistic_regression,logistic_regression,logistic_regression,binary,binary-2026-08,D-lr-ffd8b3b5c3f4,S-NEE-logistic_regression-20231207-67030a,T-lr-96e2dc41bc63,BUY,2026-09-06T17:19:30Z,2023-12-07,2023-12-07,60.38,60.2,60.38,60.56,59.44,59.85,12230500,1.0,17.0,18.0,70480.18,70419.8,1026.46,1086.84,100047.16,100043.12,0.1,0.0103,0.0109,100.0,1.0,1.0,0.5,59.94,0.6511,0.4064,0.2448,60.5352,54.6598,57.5975,57.5975,55.8952,-0.002506,0.048956,0.051295,,,,,prob_above_buy_threshold,prob_above_buy_threshold,2026-05-15,1.0,2026-09-06T17:19:30Z,10.62,0.0,-8.549061
lr,Regresja logistyczna,MSFT,logistic_regression,logistic_regression,logistic_regression,binary,binary-2026-08,D-lr-a624c47478e4,S-MSFT-logistic_regression-20231208-c4f40a,T-lr-a7e178d512b2,BUY,2026-09-06T17:19:30Z,2023-12-08,2023-12-08,369.2,370.95,369.2,374.46,368.23,374.23,20154400,1.0,18.0,19.0,70419.8,70050.6,6645.6,7014.8,100124.06,100129.09,0.1,0.0664,0.0701,99.98,0.9997,0.9998,0.5,58.26,5.8875,7.9928,-2.1053,382.5019,365.2302,373.866,373.866,350.3588,-0.007829,-0.009353,0.004169,,,,,prob_above_buy_threshold,prob_above_buy_threshold,2026-05-15,1.0,2026-09-06T17:19:30Z,10.62,0.0,-8.549061
lr,Regresja logistyczna,JPM,logistic_regression,logistic_regression,logistic_regression,binary,binary-2026-08,D-lr-c252bd1553a0,S-JPM-logistic_regression-20231208-9f73ff,T-lr-c370a4df73cb,BUY,2026-09-06T17:19:30Z,2023-12-08,2023-12-08,157.26,156.79,157.26,158.78,156.98,158.52,7369400,1.0,18.0,19.0,70050.6,69893.34,2830.68,2987.94,100124.06,100130.35,0.1,0.0283,0.0298,90.66,0.8132,0.9066,0.5,74.53,3.236,3.0085,0.2275,160.6359,146.2981,153.467,153.467,147.3612,0.003659,0.042329,0.076583,,,,,prob_above_buy_threshold,prob_above_buy_threshold,2026-05-15,1.0,2026-09-06T17:19:30Z,10.62,0.0,-8.549061
lr,Regresja logistyczna,XOM,logistic_regression,logistic_regression,logistic_regression,binary,binary-2026-08,D-lr-585a3f267f1d,S-XOM-logistic_regression-20231208-bc948d,T-lr-4a757010a30e,BUY,2026-09-06T17:19:30Z,2023-12-08,2023-12-08,99.02,98.42,99.02,99.79,98.75,99.55,22074900,1.0,18.0,19.0,69893.34,69794.32,1782.36,1881.38,100124.06,100130.88,0.1,0.0178,0.0188,86.07,0.7213,0.8607,0.5,33.99,-1.9535,-1.6788,-0.2748,106.7376,99.0004,102.869,102.869,106.5296,0.000703,0.013561,0.001205,,,,,prob_above_buy_threshold,prob_above_buy_threshold,2026-05-15,1.0,2026-09-06T17:19:30Z,10.62,0.0,-8.549061
lr,Regresja logistyczna,JNJ,logistic_regression,logistic_regression,logistic_regression,binary,binary-2026-08,D-lr-9623a2182340,S-JNJ-logistic_regression-20231208-915b94,T-lr-4659a3996018,BUY,2026-09-06T17:19:30Z,2023-12-08,2023-12-08,155.42,155.4,155.42,155.85,153.84,154.42,6254700,1.0,18.0,19.0,69794.32,69638.9,2797.56,2952.98,100124.06,100129.88,0.1,0.0279,0.0295,100.0,0.9999,1.0,0.5,53.58,1.3073,0.7728,0.5344,159.5955,145.1555,152.3755,152.3755,152.7356,0.004145,0.004792,0.046691,,,,,prob_above_buy_threshold,prob_above_buy_threshold,2026-05-15,1.0,2026-09-06T17:19:30Z,10.62,0.0,-8.549061
lr,Regresja logistyczna,UNH,logistic_regression,logistic_regression,logistic_regression,binary,binary-2026-08,D-lr-12a0493f16d7,S-UNH-logistic_regression-20231208-c0dc48,T-lr-d1e0056cf759,BUY,2026-09-06T17:19:30Z,2023-12-08,2023-12-08,550.22,548.27,550.22,551.73,544.54,549.77,2039900,1.0,18.0,19.0,69638.9,69088.68,9903.96,10454.18,100124.06,100129.43,0.1,0.0989,0.1044,100.0,1.0,1.0,0.5,59.63,4.9829,4.9971,-0.0142,554.0383,532.9267,543.4825,543.4825,533.9952,-0.011077,-0.033923,-0.020736,,,,,prob_above_buy_threshold,prob_above_buy_threshold,2026-05-15,1.0,2026-09-06T17:19:30Z,10.62,0.0,-8.549061
lr,Regresja logistyczna,PG,logistic_regression,logistic_regression,logistic_regression,binary,binary-2026-08,D-lr-5748a12995ed,S-PG-logistic_regression-20231208-eea3e9,T-lr-2e65cf508434,BUY,2026-09-06T17:19:30Z,2023-12-08,2023-12-08,145.92,146.5,145.92,146.24,144.52,145.15,6385300,1.0,18.0,19.0,69088.68,68942.76,2626.56,2772.48,100124.06,100128.66,0.1,0.0262,0.0277,100.0,1.0,1.0,0.5,34.79,-0.7072,0.1099,-0.8171,155.2565,145.8985,150.5775,150.5775,148.7534,0.004616,-0.008198,0.028591,,,,,prob_above_buy_threshold,prob_above_buy_threshold,2026-05-15,1.0,2026-09-06T17:19:30Z,10.62,0.0,-8.549061
lr,Regresja logistyczna,KO,logistic_regression,logistic_regression,logistic_regression,binary,binary-2026-08,D-lr-ef4602676783,S-KO-logistic_regression-20231208-d2fadc,T-lr-a20c8e9c84e5,BUY,2026-09-06T17:19:30Z,2023-12-08,2023-12-08,58.74,58.74,58.74,58.75,58.37,58.61,11178700,1.0,18.0,19.0,68942.76,68884.02,1057.32,1116.06,100124.06,100128.53,0.1,0.0106,0.0111,100.0,0.9999,1.0,0.5,64.76,0.6098,0.6325,-0.0226,59.4008,56.6312,58.016,58.016,56.2336,0.007337,-0.000171,0.023716,,,,,prob_above_buy_threshold,prob_above_buy_threshold,2026-05-15,1.0,2026-09-06T17:19:30Z,10.62,0.0,-8.549061
lr,Regresja logistyczna,WMT,logistic_regression,logistic_regression,logistic_regression,binary,binary-2026-08,D-lr-c8e1236c6c9d,S-WMT-logistic_regression-20231208-20f1a6,T-lr-a9d7b3b0c4fa,BUY,2026-09-06T17:19:30Z,2023-12-08,2023-12-08,50.6667,50.82,50.6667,50.7367,50.08,50.2867,34069500,1.0,18.0,19.0,68884.02,68833.35,912.0,962.67,100124.06,100128.15,0.1,0.0091,0.0096,99.83,0.9967,0.9983,0.5,32.45,-0.8188,-0.6376,-0.1812,56.113,49.0033,52.5582,52.5582,53.2896,0.002519,0.012462,0.056012,,,,,prob_above_buy_threshold,prob_above_buy_threshold,2026-05-15,1.0,2026-09-06T17:19:30Z,10.62,0.0,-8.549061
lr,Regresja logistyczna,NEE,logistic_regression,logistic_regression,logistic_regression,binary,binary-2026-08,D-lr-96c040a587e4,S-NEE-logistic_regression-20231208-68b2e0,T-lr-75b530f9dc80,BUY,2026-09-06T17:19:30Z,2023-12-08,2023-12-08,59.57,59.85,59.57,59.95,59.1,59.7,9408300,1.0,18.0,19.0,68833.35,68773.78,1072.26,1131.83,100124.06,100128.28,0.1,0.0107,0.0113,100.0,1.0,1.0,0.5,59.02,0.6897,0.463,0.2267,60.6052,55.0878,57.8465,57.8465,55.9476,0.000167,0.030151,0.038693,,,,,prob_above_buy_threshold,prob_above_buy_threshold,2026-05-15,1.0,2026-09-06T17:19:30Z,10.62,0.0,-8.549061
lr,Regresja logistyczna,MSFT,logistic_regression,logistic_regression,logistic_regression,binary,binary-2026-08,D-lr-bce21a9115d0,S-MSFT-logistic_regression-20231211-e1ea32,T-lr-719e493191e8,BUY,2026-09-06T17:19:30Z,2023-12-11,2023-12-11,368.48,374.23,368.48,371.6,366.1,371.3,27708800,1.0,19.0,20.0,68773.78,68405.3,7001.12,7369.6,100004.91,100007.73,0.1,0.07,0.0737,99.99,0.9998,0.9999,0.5,54.88,5.3344,7.4611,-2.1267,382.4532,365.4418,373.9475,373.9475,351.4698,0.008295,0.003636,0.030891,,,,,prob_above_buy_threshold,prob_above_buy_threshold,2026-05-15,1.0,2026-09-06T17:19:30Z,10.62,0.0,-8.549061
lr,Regresja logistyczna,JPM,logistic_regression,logistic_regression,logistic_regression,binary,binary-2026-08,D-lr-121f9cca4036,S-JPM-logistic_regression-20231211-a59e24,T-lr-d04750447ce3,BUY,2026-09-06T17:19:30Z,2023-12-11,2023-12-11,158.52,158.52,158.52,159.3,158.15,159.1,8093900,1.0,19.0,20.0,68405.3,68246.78,3011.88,3170.4,100004.91,100008.31,0.1,0.0301,0.0317,90.18,0.8036,0.9018,0.5,75.62,3.2792,3.0626,0.2166,160.8998,147.3012,154.1005,154.1005,147.6428,0.008925,0.044815,0.074921,,,,,prob_above_buy_threshold,prob_above_buy_threshold,2026-05-15,1.0,2026-09-06T17:19:30Z,10.62,0.0,-8.549061
lr,Regresja logistyczna,XOM,logistic_regression,logistic_regression,logistic_regression,binary,binary-2026-08,D-lr-6c99d8a69f4d,S-XOM-logistic_regression-20231211-897709,T-lr-e5ff7974b217,BUY,2026-09-06T17:19:30Z,2023-12-11,2023-12-11,99.8,99.55,99.8,99.86,98.58,99.62,22252300,1.0,19.0,20.0,68246.78,68146.98,1896.2,1996.0,100004.91,100008.13,0.1,0.019,0.02,87.01,0.7402,0.8701,0.5,34.36,-1.9568,-1.7344,-0.2224,106.7553,98.5697,102.6625,102.6625,106.1704,-0.01576,0.020377,-0.009335,,,,,prob_above_buy_threshold,prob_above_buy_threshold,2026-05-15,1.0,2026-09-06T17:19:30Z,10.62,0.0,-8.549061
lr,Regresja logistyczna,JNJ,logistic_regression,logistic_regression,logistic_regression,binary,binary-2026-08,D-lr-4128eb65604a,S-JNJ-logistic_regression-20231211-6eacdf,T-lr-2f091259f5a1,BUY,2026-09-06T17:19:30Z,2023-12-11,2023-12-11,154.5,154.42,154.5,155.48,154.35,155.06,6090400,1.0,19.0,20.0,68146.98,67992.48,2935.5,3090.0,100004.91,100008.69,0.1,0.0294,0.0309,100.0,0.9999,1.0,0.5,55.5,1.2398,0.8662,0.3736,159.6729,145.8591,152.766,152.766,152.7218,6.5e-05,0.002451,0.043918,,,,,prob_above_buy_threshold,prob_above_buy_threshold,2026-05-15,1.0,2026-09-06T17:19:30Z,10.62,0.0,-8.549061
lr,Regresja logistyczna,UNH,logistic_regression,logistic_regression,logistic_regression,binary,binary-2026-08,D-lr-68044bcea3fb,S-UNH-logistic_regression-20231211-06bff8,T-lr-434ac65af952,BUY,2026-09-06T17:19:30Z,2023-12-11,2023-12-11,549.76,549.77,549.76,550.0,539.06,543.68,3655300,1.0,19.0,20.0,67992.48,67442.72,10445.44,10995.2,100004.91,100002.61,0.1,0.1044,0.1099,100.0,1.0,1.0,0.5,52.65,4.406,4.8789,-0.4729,554.1102,533.1018,543.606,543.606,534.785,0.003752,-0.031508,-0.011109,,,,,prob_above_buy_threshold,prob_above_buy_threshold,2026-05-15,1.0,2026-09-06T17:19:30Z,10.62,0.0,-8.549061
lr,Regresja logistyczna,PG,logistic_regression,logistic_regression,logistic_regression,binary,binary-2026-08,D-lr-d372763a7ca7,S-PG-logistic_regression-20231211-6da43c,T-lr-22b5ca58cc7b,BUY,2026-09-06T17:19:30Z,2023-12-11,2023-12-11,144.8,145.15,144.8,145.87,144.65,145.82,8471200,1.0,19.0,20.0,67442.72,67297.92,2751.2,2896.0,100004.91,100003.63,0.1,0.0275,0.029,100.0,1.0,1.0,0.5,37.56,-0.9104,-0.0941,-0.8162,155.3939,145.2021,150.298,150.298,148.7526,0.000823,0.0024,0.028254,,,,,prob_above_buy_threshold,prob_above_buy_threshold,2026-05-15,1.0,2026-09-06T17:19:30Z,10.62,0.0,-8.549061
lr,Regresja logistyczna,KO,logistic_regression,logistic_regression,logistic_regression,binary,binary-2026-08,D-lr-1f588c3b06f2,S-KO-logistic_regression-20231211-bb9c91,T-lr-e6674bb6ce55,BUY,2026-09-06T17:19:30Z,2023-12-11,2023-12-11,58.83,58.61,58.83,59.09,58.5,59.04,14524800,1.0,19.0,20.0,67297.92,67239.09,1117.77,1176.6,100004.91,100003.84,0.1,0.0112,0.0118,100.0,0.9999,1.0,0.5,69.25,0.6168,0.6293,-0.0125,59.4502,56.8138,58.132,58.132,56.2948,0.006436,-0.000339,0.019648,,,,,prob_above_buy_threshold,prob_above_buy_threshold,2026-05-15,1.0,2026-09-06T17:19:30Z,10.62,0.0,-8.549061
lr,Regresja logistyczna,WMT,logistic_regression,logistic_regression,logistic_regression,binary,binary-2026-08,D-lr-8b1d057ba664,S-WMT-logistic_regression-20231211-d97f1c,T-lr-fee262b4cdf3,BUY,2026-09-06T17:19:30Z,2023-12-11,2023-12-11,50.38,50.2867,50.38,50.4833,49.8467,50.4133,31883400,1.0,19.0,20.0,67239.09,67188.71,957.22,1007.6,100004.91,100003.87,0.1,0.0096,0.0101,99.87,0.9974,0.9987,0.5,33.77,-0.8583,-0.6818,-0.1765,55.7292,48.8888,52.309,52.309,53.2317,0.000793,0.024663,0.066451,,,,,prob_above_buy_threshold,prob_above_buy_threshold,2026-05-15,1.0,2026-09-06T17:19:30Z,10.62,0.0,-8.549061
lr,Regresja logistyczna,NEE,logistic_regression,logistic_regression,logistic_regression,binary,binary-2026-08,D-lr-cf25a6a74691,S-NEE-logistic_regression-20231211-7a8b6e,T-lr-4f8b74c47f4b,BUY,2026-09-06T17:19:30Z,2023-12-11,2023-12-11,58.53,59.7,58.53,59.94,58.53,59.71,11005700,1.0,19.0,20.0,67188.71,67130.18,1112.07,1170.6,100004.91,100005.05,0.1,0.0111,0.0117,100.0,1.0,1.0,0.5,59.07,0.7129,0.513,0.1999,60.6501,55.4999,58.075,58.075,55.996,-0.003182,0.021604,0.043041,,,,,prob_above_buy_threshold,prob_above_buy_threshold,2026-05-15,1.0,2026-09-06T17:19:30Z,10.62,0.0,-8.549061
lr,Regresja logistyczna,MSFT,logistic_regression,logistic_regression,logistic_regression,binary,binary-2026-08,D-lr-8e91ff983b27,S-MSFT-logistic_regression-20231212-9d4596,T-lr-e3368d155180,BUY,2026-09-06T17:19:30Z,2023-12-12,2023-12-12,370.85,371.3,370.85,374.42,370.46,374.38,24838300,1.0,20.0,21.0,67130.18,66759.33,7417.0,7787.85,100111.65,100115.18,0.1,0.0741,0.0778,99.98,0.9996,0.9998,0.5,57.66,5.0859,6.9861,-1.9002,382.1573,366.5077,374.3325,374.3325,352.5214,-2.7e-05,-0.002992,0.027379,,,,,prob_above_buy_threshold,prob_above_buy_threshold,2026-05-15,1.0,2026-09-06T17:19:30Z,10.62,0.0,-8.549061
lr,Regresja logistyczna,JPM,logistic_regression,logistic_regression,logistic_regression,binary,binary-2026-08,D-lr-8125d07141df,S-JPM-logistic_regression-20231212-8fc57f,T-lr-83b11667febc,BUY,2026-09-06T17:19:30Z,2023-12-12,2023-12-12,159.23,159.1,159.23,160.65,158.88,160.52,10223000,1.0,20.0,21.0,66759.33,66600.1,3184.6,3343.83,100111.65,100116.47,0.1,0.0318,0.0334,87.4,0.748,0.874,0.5,78.09,3.3889,3.1279,0.2611,161.0386,148.6364,154.8375,154.8375,147.9778,0.003364,0.049402,0.060927,,,,,prob_above_buy_threshold,prob_above_buy_threshold,2026-05-15,1.0,2026-09-06T17:19:30Z,10.62,0.0,-8.549061
lr,Regresja logistyczna,XOM,logistic_regression,logistic_regression,logistic_regression,binary,binary-2026-08,D-lr-716fb7711911,S-XOM-logistic_regression-20231212-1200eb,T-lr-9ba0fd17af64,BUY,2026-09-06T17:19:30Z,2023-12-12,2023-12-12,98.68,99.62,98.68,98.68,97.48,98.05,26084000,1.0,20.0,21.0,66600.1,66501.42,1973.6,2072.28,100111.65,100115.84,0.1,0.0197,0.0207,89.11,0.7821,0.8911,0.5,30.29,-2.0623,-1.8,-0.2623,106.7498,97.8962,102.323,102.323,105.8188,0.008873,0.050382,0.006323,,,,,prob_above_buy_threshold,prob_above_buy_threshold,2026-05-15,1.0,2026-09-06T17:19:30Z,10.62,0.0,-8.549061
lr,Regresja logistyczna,JNJ,logistic_regression,logistic_regression,logistic_regression,binary,binary-2026-08,D-lr-4ed05b8e4d30,S-JNJ-logistic_regression-20231212-c32054,T-lr-eec0147d373a,BUY,2026-09-06T17:19:30Z,2023-12-12,2023-12-12,155.0,155.06,155.0,155.32,153.65,155.07,5324400,1.0,20.0,21.0,66501.42,66346.42,3100.0,3255.0,100111.65,100115.91,0.1,0.031,0.0325,100.0,0.9999,1.0,0.5,55.53,1.1737,0.9277,0.246,159.6907,146.5853,153.138,153.138,152.7202,0.004643,0.008964,0.039208,,,,,prob_above_buy_threshold,prob_above_buy_threshold,2026-05-15,1.0,2026-09-06T17:19:30Z,10.62,0.0,-8.549061
lr,Regresja logistyczna,UNH,logistic_regression,logistic_regression,logistic_regression,binary,binary-2026-08,D-lr-5af11ccf12e7,S-UNH-logistic_regression-20231212-432587,T-lr-5b43722152c2,BUY,2026-09-06T17:19:30Z,2023-12-12,2023-12-12,545.8,543.68,545.8,547.49,542.65,545.72,2706100,1.0,20.0,21.0,66346.42,65800.62,10916.0,11461.8,100111.65,100115.83,0.1,0.109,0.1145,100.0,1.0,1.0,0.5,54.57,4.0665,4.7164,-0.6499,554.2953,533.2317,543.7635,543.7635,535.408,0.006029,-0.039727,-0.011068,,,,,prob_above_buy_threshold,prob_above_buy_threshold,2026-05-15,1.0,2026-09-06T17:19:30Z,10.62,0.0,-8.549061
lr,Regresja logistyczna,PG,logistic_regression,logistic_regression,logistic_regression,binary,binary-2026-08,D-lr-3b4d8994c96b,S-PG-logistic_regression-20231212-e135ef,T-lr-22798fea8f24,BUY,2026-09-06T17:19:30Z,2023-12-12,2023-12-12,145.86,145.82,145.86,146.23,145.08,145.94,6069200,1.0,20.0,21.0,65800.62,65654.76,2917.2,3063.06,100111.65,100115.91,0.1,0.0291,0.0306,100.0,1.0,1.0,0.5,38.07,-1.0496,-0.2852,-0.7644,155.3018,144.6422,149.972,149.972,148.7676,0.01809,0.001576,0.031314,,,,,prob_above_buy_threshold,prob_above_buy_threshold,2026-05-15,1.0,2026-09-06T17:19:30Z,10.62,0.0,-8.549061
lr,Regresja logistyczna,KO,logistic_regression,logistic_regression,logistic_regression,binary,binary-2026-08,D-lr-99ac74c38a25,S-KO-logistic_regression-20231212-95e868,T-lr-f9ecb2df3cac,BUY,2026-09-06T17:19:30Z,2023-12-12,2023-12-12,59.2,59.04,59.2,59.42,58.9,59.42,12899000,1.0,20.0,21.0,65654.76,65595.56,1184.0,1243.2,100111.65,100116.13,0.1,0.0118,0.0124,99.99,0.9999,0.9999,0.5,72.58,0.6456,0.6326,0.013,59.5674,56.9456,58.2565,58.2565,56.3736,0.008583,-0.009929,0.006564,,,,,prob_above_buy_threshold,prob_above_buy_threshold,2026-05-15,1.0,2026-09-06T17:19:30Z,10.62,0.0,-8.549061
lr,Regresja logistyczna,WMT,logistic_regression,logistic_regression,logistic_regression,binary,binary-2026-08,D-lr-4560a015ccb0,S-WMT-logistic_regression-20231212-5d24a5,T-lr-7289e4a2720c,BUY,2026-09-06T17:19:30Z,2023-12-12,2023-12-12,50.4067,50.4133,50.4067,50.5667,50.0767,50.4533,21381900,1.0,20.0,21.0,65595.56,65545.16,1008.13,1058.54,100111.65,100116.18,0.1,0.0101,0.0106,99.87,0.9973,0.9987,0.5,34.2,-0.8763,-0.7207,-0.1556,55.1226,48.9514,52.037,52.037,53.1734,0.017772,0.02755,0.064416,,,,,prob_above_buy_threshold,prob_above_buy_threshold,2026-05-15,1.0,2026-09-06T17:19:30Z,10.62,0.0,-8.549061
lr,Regresja logistyczna,NEE,logistic_regression,logistic_regression,logistic_regression,binary,binary-2026-08,D-lr-222640e30756,S-NEE-logistic_regression-20231212-c3413d,T-lr-35aba4c8dc57,BUY,2026-09-06T17:19:30Z,2023-12-12,2023-12-12,59.66,59.71,59.66,59.76,58.08,59.52,9931000,1.0,20.0,21.0,65545.16,65485.5,1193.2,1252.86,100111.65,100116.04,0.1,0.0119,0.0125,100.0,1.0,1.0,0.5,57.76,0.7078,0.552,0.1558,60.3853,56.2667,58.326,58.326,56.1434,0.050235,0.034442,0.020161,,,,,prob_above_buy_threshold,prob_above_buy_threshold,2026-05-15,1.0,2026-09-06T17:19:30Z,10.62,0.0,-8.549061
lr,Regresja logistyczna,MSFT,logistic_regression,logistic_regression,logistic_regression,binary,binary-2026-08,D-lr-3867f225bde2,S-MSFT-logistic_regression-20231213-9e5432,T-lr-3f1a1ffd0feb,BUY,2026-09-06T17:19:30Z,2023-12-13,2023-12-13,376.02,374.38,376.02,377.64,370.77,374.37,30955500,1.0,21.0,22.0,65485.5,65109.48,7896.42,8272.44,100377.42,100375.77,0.1,0.0787,0.0824,99.99,0.9997,0.9999,0.5,57.65,4.8325,6.5553,-1.7229,382.1375,366.9375,374.5375,374.5375,353.741,-0.022545,-0.010017,0.037663,,,,,prob_above_buy_threshold,prob_above_buy_threshold,2026-05-15,1.0,2026-09-06T17:19:30Z,10.62,0.0,-8.549061
lr,Regresja logistyczna,JPM,logistic_regression,logistic_regression,logistic_regression,binary,binary-2026-08,D-lr-efcc0ebd4805,S-JPM-logistic_regression-20231213-cb91e4,T-lr-842cb27faf98,BUY,2026-09-06T17:19:30Z,2023-12-13,2023-12-13,160.52,160.52,160.52,162.03,159.77,161.06,12379100,1.0,21.0,22.0,65109.48,64948.96,3370.92,3531.44,100377.42,100376.31,0.1,0.0336,0.0352,88.7,0.7739,0.887,0.5,78.96,3.4794,3.1982,0.2812,161.5033,149.4337,155.4685,155.4685,148.3448,0.018192,0.034087,0.049609,,,,,prob_above_buy_threshold,prob_above_buy_threshold,2026-05-15,1.0,2026-09-06T17:19:30Z,10.62,0.0,-8.549061
lr,Regresja logistyczna,XOM,logistic_regression,logistic_regression,logistic_regression,binary,binary-2026-08,D-lr-9cedd54878dd,S-XOM-logistic_regression-20231213-d87154,T-lr-bfe303ed1890,BUY,2026-09-06T17:19:30Z,2023-12-13,2023-12-13,98.04,98.05,98.04,99.03,97.66,98.92,19915400,1.0,21.0,22.0,64948.96,64850.92,2058.84,2156.88,100377.42,100377.19,0.1,0.0205,0.0215,88.77,0.7754,0.8877,0.5,34.89,-2.052,-1.8504,-0.2016,106.6208,97.4882,102.0545,102.0545,105.4806,0.02689,0.023757,0.010412,,,,,prob_above_buy_threshold,prob_above_buy_threshold,2026-05-15,1.0,2026-09-06T17:19:30Z,10.62,0.0,-8.549061
lr,Regresja logistyczna,JNJ,logistic_regression,logistic_regression,logistic_regression,binary,binary-2026-08,D-lr-45b54afff7f6,S-JNJ-logistic_regression-20231213-95c3c1,T-lr-7609dccf50d9,BUY,2026-09-06T17:19:30Z,2023-12-13,2023-12-13,153.66,155.07,153.66,155.94,151.77,155.79,10764600,1.0,21.0,22.0,64850.92,64697.26,3226.86,3380.52,100377.42,100379.32,0.1,0.0321,0.0337,100.0,0.9999,1.0,0.5,57.8,1.1659,0.9753,0.1905,159.683,147.406,153.5445,153.5445,152.7292,0.006932,-0.016176,0.042365,,,,,prob_above_buy_threshold,prob_above_buy_threshold,2026-05-15,1.0,2026-09-06T17:19:30Z,10.62,0.0,-8.549061
lr,Regresja logistyczna,UNH,logistic_regression,logistic_regression,logistic_regression,binary,binary-2026-08,D-lr-687014f224af,S-UNH-logistic_regression-20231213-7927a6,T-lr-74455d3e8929,BUY,2026-09-06T17:19:30Z,2023-12-13,2023-12-13,544.0,545.72,544.0,549.42,538.59,549.01,2876600,1.0,21.0,22.0,64697.26,64153.26,11424.0,11968.0,100377.42,100384.33,0.1,0.1138,0.1192,100.0,1.0,1.0,0.5,57.55,4.0166,4.5765,-0.5599,554.8451,533.5369,544.191,544.191,536.1988,-0.026903,-0.060254,-0.05009,,,,,prob_above_buy_threshold,prob_above_buy_threshold,2026-05-15,1.0,2026-09-06T17:19:30Z,10.62,0.0,-8.549061
lr,Regresja logistyczna,PG,logistic_regression,logistic_regression,logistic_regression,binary,binary-2026-08,D-lr-03f46a6a2b39,S-PG-logistic_regression-20231213-5b9c9e,T-lr-1706ba29bb42,BUY,2026-09-06T17:19:30Z,2023-12-13,2023-12-13,145.86,145.94,145.86,148.65,145.45,148.58,9055500,1.0,21.0,22.0,64153.26,64007.4,3063.06,3208.92,100377.42,100387.05,0.1,0.0305,0.032,100.0,1.0,1.0,0.5,48.07,-0.9361,-0.4154,-0.5207,155.0625,144.5275,149.795,149.795,148.8294,-0.026383,-0.031431,0.013595,,,,,prob_above_buy_threshold,prob_above_buy_threshold,2026-05-15,1.0,2026-09-06T17:19:30Z,10.62,0.0,-8.549061
lr,Regresja logistyczna,KO,logistic_regression,logistic_regression,logistic_regression,binary,binary-2026-08,D-lr-e3b8404c3d13,S-KO-logistic_regression-20231213-f811ac,T-lr-d4f34c0e3f4f,BUY,2026-09-06T17:19:30Z,2023-12-13,2023-12-13,59.45,59.42,59.45,60.02,59.26,59.93,16196800,1.0,21.0,22.0,64007.4,63947.95,1248.45,1307.9,100377.42,100387.53,0.1,0.0124,0.013,99.99,0.9999,0.9999,0.5,76.29,0.7014,0.6463,0.0551,59.7876,57.0084,58.398,58.398,56.4746,-0.014851,-0.038712,0.007676,,,,,prob_above_buy_threshold,prob_above_buy_threshold,2026-05-15,1.0,2026-09-06T17:19:30Z,10.62,0.0,-8.549061
lr,Regresja logistyczna,WMT,logistic_regression,logistic_regression,logistic_regression,binary,binary-2026-08,D-lr-241453eb6cda,S-WMT-logistic_regression-20231213-6c1eeb,T-lr-e14e9ca2ac35,BUY,2026-09-06T17:19:30Z,2023-12-13,2023-12-13,50.5167,50.4533,50.5167,51.35,50.2133,51.35,35348700,1.0,21.0,22.0,63947.95,63897.43,1060.85,1111.37,100377.42,100388.36,0.1,0.0106,0.0111,99.93,0.9986,0.9993,0.5,43.22,-0.8089,-0.7383,-0.0706,54.3502,49.2705,51.8103,51.8103,53.1398,-0.012204,-0.002207,0.047193,,,,,prob_above_buy_threshold,prob_above_buy_threshold,2026-05-15,1.0,2026-09-06T17:19:30Z,10.62,0.0,-8.549061
lr,Regresja logistyczna,NEE,logistic_regression,logistic_regression,logistic_regression,binary,binary-2026-08,D-lr-3d02e8b83078,S-NEE-logistic_regression-20231213-6cf6b1,T-lr-0df5cda9da45,BUY,2026-09-06T17:19:30Z,2023-12-13,2023-12-13,59.6,59.52,59.6,62.6,59.33,62.51,13013400,1.0,21.0,22.0,63897.43,63837.83,1251.6,1311.2,100377.42,100391.27,0.1,0.0125,0.0131,100.0,1.0,1.0,0.5,69.28,0.9342,0.6284,0.3058,61.2897,55.8583,58.574,58.574,56.338,0.004319,-0.042713,-0.023516,,,,,prob_above_buy_threshold,prob_above_buy_threshold,2026-05-15,1.0,2026-09-06T17:19:30Z,10.62,0.0,-8.549061
lr,Regresja logistyczna,MSFT,logistic_regression,logistic_regression,logistic_regression,binary,binary-2026-08,D-lr-aa175df2221c,S-MSFT-logistic_regression-20231214-1900ec,T-lr-5703e70a45d1,BUY,2026-09-06T17:19:30Z,2023-12-14,2023-12-14,373.31,374.37,373.31,373.76,364.13,365.93,43277500,1.0,22.0,23.0,63837.83,63464.52,8212.82,8586.13,99913.72,99906.34,0.1,0.0822,0.0859,99.99,0.9998,0.9999,0.5,48.2,3.9056,6.0254,-2.1198,382.5784,366.1226,374.3505,374.3505,354.6804,0.013117,0.020796,0.066515,,,,,prob_above_buy_threshold,prob_above_buy_threshold,2026-05-15,1.0,2026-09-06T17:19:30Z,10.62,0.0,-8.549061
lr,Regresja logistyczna,JPM,logistic_regression,logistic_regression,logistic_regression,binary,binary-2026-08,D-lr-73bb14f5b5eb,S-JPM-logistic_regression-20231214-ce640d,T-lr-b3907512db71,BUY,2026-09-06T17:19:30Z,2023-12-14,2023-12-14,161.83,161.06,161.83,164.84,161.71,163.99,13643000,1.0,22.0,23.0,63464.52,63302.69,3560.26,3722.09,99913.72,99908.5,0.1,0.0356,0.0373,88.66,0.7731,0.8866,0.5,82.93,3.7443,3.3074,0.4369,162.6886,149.6734,156.181,156.181,148.7576,0.007561,0.021404,0.024392,,,,,prob_above_buy_threshold,prob_above_buy_threshold,2026-05-15,1.0,2026-09-06T17:19:30Z,10.62,0.0,-8.549061
lr,Regresja logistyczna,XOM,logistic_regression,logistic_regression,logistic_regression,binary,binary-2026-08,D-lr-8930a036038d,S-XOM-logistic_regression-20231214-678730,T-lr-ee12b6014202,BUY,2026-09-06T17:19:30Z,2023-12-14,2023-12-14,99.85,98.92,99.85,102.14,99.72,101.58,26165700,1.0,22.0,23.0,63302.69,63202.84,2196.7,2296.55,99913.72,99910.23,0.1,0.022,0.023,82.22,0.6443,0.8222,0.5,46.53,-1.8084,-1.842,0.0336,106.4602,97.4408,101.9505,101.9505,105.2822,-0.006694,0.001477,-0.038295,,,,,prob_above_buy_threshold,prob_above_buy_threshold,2026-05-15,1.0,2026-09-06T17:19:30Z,10.62,0.0,-8.549061
lr,Regresja logistyczna,JNJ,logistic_regression,logistic_regression,logistic_regression,binary,binary-2026-08,D-lr-2ca3dbadf42b,S-JNJ-logistic_regression-20231214-932c18,T-lr-609c206f12a8,BUY,2026-09-06T17:19:30Z,2023-12-14,2023-12-14,156.47,155.79,156.47,157.16,155.05,156.87,9240700,1.0,22.0,23.0,63202.84,63046.37,3442.34,3598.81,99913.72,99910.63,0.1,0.0345,0.036,100.0,0.9999,1.0,0.5,61.03,1.2327,1.0268,0.2058,159.8421,148.0539,153.948,153.948,152.7562,-0.010901,-0.012941,0.023268,,,,,prob_above_buy_threshold,prob_above_buy_threshold,2026-05-15,1.0,2026-09-06T17:19:30Z,10.62,0.0,-8.549061
lr,Regresja logistyczna,UNH,logistic_regression,logistic_regression,logistic_regression,binary,binary-2026-08,D-lr-1bdb91916b40,S-UNH-logistic_regression-20231214-f97f3f,T-lr-aff0c3d2524b,BUY,2026-09-06T17:19:30Z,2023-12-14,2023-12-14,544.3,549.01,544.3,544.92,529.4,534.24,5386800,1.0,22.0,23.0,63046.37,62502.07,11974.6,12518.9,99913.72,99900.57,0.1,0.1198,0.1253,100.0,1.0,1.0,0.5,43.67,2.7535,4.2119,-1.4584,555.2278,532.7372,543.9825,543.9825,536.6712,-0.00584,-0.026879,-0.028246,,,,,prob_above_buy_threshold,prob_above_buy_threshold,2026-05-15,1.0,2026-09-06T17:19:30Z,10.62,0.0,-8.549061
lr,Regresja logistyczna,PG,logistic_regression,logistic_regression,logistic_regression,binary,binary-2026-08,D-lr-e998434585de,S-PG-logistic_regression-20231214-6ad224,T-lr-2c773e73a57b,BUY,2026-09-06T17:19:30Z,2023-12-14,2023-12-14,148.46,148.58,148.46,148.55,144.38,144.66,10565200,1.0,22.0,23.0,62502.07,62353.61,3266.12,3414.58,99913.72,99896.77,0.1,0.0327,0.0342,100.0,1.0,1.0,0.5,38.21,-1.1493,-0.5622,-0.5871,155.117,143.797,149.457,149.457,148.8032,-0.004839,-0.002765,0.035462,,,,,prob_above_buy_threshold,prob_above_buy_threshold,2026-05-15,1.0,2026-09-06T17:19:30Z,10.62,0.0,-8.549061
lr,Regresja logistyczna,KO,logistic_regression,logistic_regression,logistic_regression,binary,binary-2026-08,D-lr-38ad8bcf2202,S-KO-logistic_regression-20231214-a027e0,T-lr-c8890ea80cb8,BUY,2026-09-06T17:19:30Z,2023-12-14,2023-12-14,59.97,59.93,59.97,60.04,58.77,59.04,22478300,1.0,22.0,23.0,62353.61,62293.64,1319.34,1379.31,99913.72,99895.84,0.1,0.0132,0.0138,99.99,0.9998,0.9999,0.5,60.83,0.6662,0.6503,0.0159,59.7925,57.1865,58.4895,58.4895,56.5546,-0.007453,-0.017785,0.016091,,,,,prob_above_buy_threshold,prob_above_buy_threshold,2026-05-15,1.0,2026-09-06T17:19:30Z,10.62,0.0,-8.549061
lr,Regresja logistyczna,WMT,logistic_regression,logistic_regression,logistic_regression,binary,binary-2026-08,D-lr-2eb779ab0381,S-WMT-logistic_regression-20231214-8e9bb5,T-lr-5db06b95248f,BUY,2026-09-06T17:19:30Z,2023-12-14,2023-12-14,51.1733,51.35,51.1733,51.3133,50.6433,50.7233,30891300,1.0,22.0,23.0,62293.64,62242.47,1125.81,1176.99,99913.72,99895.39,0.1,0.0113,0.0118,99.89,0.9978,0.9989,0.5,39.18,-0.7969,-0.75,-0.0468,52.8462,50.1875,51.5168,51.5168,53.0809,0.003746,0.017283,0.063482,,,,,prob_above_buy_threshold,prob_above_buy_threshold,2026-05-15,1.0,2026-09-06T17:19:30Z,10.62,0.0,-8.549061
lr,Regresja logistyczna,NEE,logistic_regression,logistic_regression,logistic_regression,binary,binary-2026-08,D-lr-07db1ed04954,S-NEE-logistic_regression-20231214-3a0eac,T-lr-c82f2e243b54,BUY,2026-09-06T17:19:30Z,2023-12-14,2023-12-14,63.65,62.51,63.65,64.59,62.36,62.78,16809100,1.0,22.0,23.0,62242.47,62178.82,1400.3,1463.95,99913.72,99894.52,0.1,0.014,0.0147,100.0,1.0,1.0,0.5,70.07,1.1225,0.7272,0.3953,62.0385,55.6875,58.863,58.863,56.5812,-0.020389,-0.050653,-0.038707,,,,,prob_above_buy_threshold,prob_above_buy_threshold,2026-05-15,1.0,2026-09-06T17:19:30Z,10.62,0.0,-8.549061
lr,Regresja logistyczna,MSFT,logistic_regression,logistic_regression,logistic_regression,binary,binary-2026-08,D-lr-9b031a375a09,S-MSFT-logistic_regression-20231215-80ee91,T-lr-17a75888c846,BUY,2026-09-06T17:19:30Z,2023-12-15,2023-12-15,366.85,365.93,366.85,372.4,366.28,370.73,78502300,1.0,23.0,24.0,62178.82,61811.97,8437.55,8804.4,99855.42,99859.3,0.1,0.0845,0.0882,99.98,0.9997,0.9998,0.5,52.92,3.5178,5.5239,-2.0061,382.4069,365.7501,374.0785,374.0785,355.7078,0.005179,0.010385,0.050549,,,,,prob_above_buy_threshold,prob_above_buy_threshold,2026-05-15,1.0,2026-09-06T17:19:30Z,10.62,0.0,-8.549061
lr,Regresja logistyczna,JPM,logistic_regression,logistic_regression,logistic_regression,binary,binary-2026-08,D-lr-d5f539cf9a82,S-JPM-logistic_regression-20231215-e26b5c,T-lr-509da9cede59,BUY,2026-09-06T17:19:30Z,2023-12-15,2023-12-15,163.08,163.99,163.08,165.28,162.39,165.23,20309300,1.0,23.0,24.0,61811.97,61648.89,3750.84,3913.92,99855.42,99861.45,0.1,0.0376,0.0392,92.24,0.8448,0.9224,0.5,84.28,4.0082,3.4476,0.5606,164.1053,149.6347,156.87,156.87,149.2042,0.006052,0.013133,0.011257,,,,,prob_above_buy_threshold,prob_above_buy_threshold,2026-05-15,1.0,2026-09-06T17:19:30Z,10.62,0.0,-8.549061
lr,Regresja logistyczna,XOM,logistic_regression,logistic_regression,logistic_regression,binary,binary-2026-08,D-lr-32141dc8fcb9,S-XOM-logistic_regression-20231215-1358af,T-lr-b1d31b4da71f,BUY,2026-09-06T17:19:30Z,2023-12-15,2023-12-15,100.59,101.58,100.59,101.0,100.31,100.9,55527000,1.0,23.0,24.0,61648.89,61548.3,2313.57,2414.16,99855.42,99861.76,0.1,0.0232,0.0242,91.22,0.8244,0.9122,0.5,44.34,-1.6512,-1.8038,0.1527,106.3981,97.3469,101.8725,101.8725,105.1204,0.007433,0.01001,-0.03885,,,,,prob_above_buy_threshold,prob_above_buy_threshold,2026-05-15,1.0,2026-09-06T17:19:30Z,10.62,0.0,-8.549061
lr,Regresja logistyczna,JNJ,logistic_regression,logistic_regression,logistic_regression,binary,binary-2026-08,D-lr-175096d77668,S-JNJ-logistic_regression-20231215-2152cc,T-lr-6bf1a65ae245,BUY,2026-09-06T17:19:30Z,2023-12-15,2023-12-15,155.49,156.87,155.49,156.69,153.76,155.16,21727800,1.0,23.0,24.0,61548.3,61392.81,3576.27,3731.76,99855.42,99861.43,0.1,0.0358,0.0374,100.0,0.9999,1.0,0.5,54.0,1.1345,1.0483,0.0862,159.8416,148.5604,154.201,154.201,152.7166,0.001805,0.001934,0.033965,,,,,prob_above_buy_threshold,prob_above_buy_threshold,2026-05-15,1.0,2026-09-06T17:19:30Z,10.62,0.0,-8.549061
lr,Regresja logistyczna,UNH,logistic_regression,logistic_regression,logistic_regression,binary,binary-2026-08,D-lr-a426ab39c2ed,S-UNH-logistic_regression-20231215-0d4c33,T-lr-f4e4133e7702,BUY,2026-09-06T17:19:30Z,2023-12-15,2023-12-15,530.0,534.24,530.0,533.5,522.96,531.12,9030100,1.0,23.0,24.0,61392.81,60862.81,12190.0,12720.0,99855.42,99862.55,0.1,0.1221,0.1274,100.0,1.0,1.0,0.5,41.4,1.4836,3.6662,-2.1826,556.0104,531.0846,543.5475,543.5475,536.969,-0.008604,-0.020353,-0.011636,,,,,prob_above_buy_threshold,prob_above_buy_threshold,2026-05-15,1.0,2026-09-06T17:19:30Z,10.62,0.0,-8.549061
lr,Regresja logistyczna,PG,logistic_regression,logistic_regression,logistic_regression,binary,binary-2026-08,D-lr-28b433c7758c,S-PG-logistic_regression-20231215-f19039,T-lr-18ce49b71364,BUY,2026-09-06T17:19:30Z,2023-12-15,2023-12-15,143.18,144.66,143.18,144.25,142.5,143.96,14550000,1.0,23.0,24.0,60862.81,60719.63,3293.14,3436.32,99855.42,99863.33,0.1,0.033,0.0344,100.0,1.0,1.0,0.5,36.76,-1.359,-0.7215,-0.6374,154.931,143.096,149.0135,149.0135,148.8064,0.015351,0.009169,0.041539,,,,,prob_above_buy_threshold,prob_above_buy_threshold,2026-05-15,1.0,2026-09-06T17:19:30Z,10.62,0.0,-8.549061
lr,Regresja logistyczna,KO,logistic_regression,logistic_regression,logistic_regression,binary,binary-2026-08,D-lr-4181b21e3d0d,S-KO-logistic_regression-20231215-e9eb18,T-lr-72ccb74c4332,BUY,2026-09-06T17:19:30Z,2023-12-15,2023-12-15,58.83,59.04,58.83,59.17,57.8,58.6,65177400,1.0,23.0,24.0,60719.63,60660.8,1353.09,1411.92,99855.42,99863.1,0.1,0.0136,0.0141,99.99,0.9999,0.9999,0.5,54.91,0.5959,0.6394,-0.0435,59.7111,57.4129,58.562,58.562,56.679,0.007167,-0.004778,0.02372,,,,,prob_above_buy_threshold,prob_above_buy_threshold,2026-05-15,1.0,2026-09-06T17:19:30Z,10.62,0.0,-8.549061
lr,Regresja logistyczna,WMT,logistic_regression,logistic_regression,logistic_regression,binary,binary-2026-08,D-lr-e29a5625a403,S-WMT-logistic_regression-20231215-fd6bba,T-lr-d90000695845,BUY,2026-09-06T17:19:30Z,2023-12-15,2023-12-15,50.5933,50.7233,50.5933,51.1533,50.5133,50.9133,70003500,1.0,23.0,24.0,60660.8,60610.2,1163.65,1214.24,99855.42,99863.42,0.1,0.0117,0.0122,99.83,0.9966,0.9983,0.5,40.98,-0.7632,-0.7527,-0.0105,52.7955,50.1282,51.4618,51.4618,53.0387,0.0146,0.025599,0.054537,,,,,prob_above_buy_threshold,prob_above_buy_threshold,2026-05-15,1.0,2026-09-06T17:19:30Z,10.62,0.0,-8.549061
lr,Regresja logistyczna,NEE,logistic_regression,logistic_regression,logistic_regression,binary,binary-2026-08,D-lr-045063f1c399,S-NEE-logistic_regression-20231215-7b2d39,T-lr-adb1a88918e9,BUY,2026-09-06T17:19:30Z,2023-12-15,2023-12-15,62.1,62.78,62.1,62.91,61.02,61.5,28901500,1.0,23.0,24.0,60610.2,60548.1,1428.3,1490.4,99855.42,99862.82,0.1,0.0143,0.0149,100.0,1.0,1.0,0.5,61.91,1.1551,0.8128,0.3423,62.3033,55.9127,59.108,59.108,56.8222,-0.00813,-0.028455,-0.05252,,,,,prob_above_buy_threshold,prob_above_buy_threshold,2026-05-15,1.0,2026-09-06T17:19:30Z,10.62,0.0,-8.549061
lr,Regresja logistyczna,MSFT,logistic_regression,logistic_regression,logistic_regression,binary,binary-2026-08,D-lr-0b167e74546f,S-MSFT-logistic_regression-20231218-1348d5,T-lr-2985342cf141,BUY,2026-09-06T17:19:30Z,2023-12-18,2023-12-18,369.45,370.73,369.45,373.0,368.68,372.65,21802900,1.0,24.0,25.0,60548.1,60178.65,8866.8,9236.25,99916.9,99920.1,0.1,0.0887,0.0924,99.99,0.9998,0.9999,0.5,54.71,3.327,5.0845,-1.7575,382.3497,366.0873,374.2185,374.2185,356.6156,0.001637,0.005394,0.056944,,,,,prob_above_buy_threshold,prob_above_buy_threshold,2026-05-15,1.0,2026-09-06T17:19:30Z,10.62,0.0,-8.549061
lr,Regresja logistyczna,JPM,logistic_regression,logistic_regression,logistic_regression,binary,binary-2026-08,D-lr-7485590272f7,S-JPM-logistic_regression-20231218-ac82c7,T-lr-d9cedaaff38c,BUY,2026-09-06T17:19:30Z,2023-12-18,2023-12-18,165.92,165.23,165.92,167.13,165.63,166.23,8469600,1.0,24.0,25.0,60178.65,60012.73,3982.08,4148.0,99916.9,99920.41,0.1,0.0399,0.0415,83.63,0.6725,0.8363,0.5,85.3,4.249,3.6079,0.6411,165.5899,149.4911,157.5405,157.5405,149.6268,0.013355,0.012994,0.007159,,,,,prob_above_buy_threshold,prob_above_buy_threshold,2026-05-15,1.0,2026-09-06T17:19:30Z,10.62,0.0,-8.549061
lr,Regresja logistyczna,XOM,logistic_regression,logistic_regression,logistic_regression,binary,binary-2026-08,D-lr-5c6073b0663b,S-XOM-logistic_regression-20231218-05d9d6,T-lr-c8839260c553,BUY,2026-09-06T17:19:30Z,2023-12-18,2023-12-18,102.13,100.9,102.13,103.11,101.52,101.65,21610400,1.0,24.0,25.0,60012.73,59910.6,2451.12,2553.25,99916.9,99919.93,0.1,0.0245,0.0256,87.5,0.75,0.875,0.5,47.28,-1.4493,-1.7329,0.2836,106.0053,97.4087,101.707,101.707,105.01,0.013182,0.00482,-0.047713,,,,,prob_above_buy_threshold,prob_above_buy_threshold,2026-05-15,1.0,2026-09-06T17:19:30Z,10.62,0.0,-8.549061
lr,Regresja logistyczna,JNJ,logistic_regression,logistic_regression,logistic_regression,binary,binary-2026-08,D-lr-3fe02f924417,S-JNJ-logistic_regression-20231218-2e44ca,T-lr-b360d475d5ef,BUY,2026-09-06T17:19:30Z,2023-12-18,2023-12-18,155.21,155.16,155.21,156.44,154.76,155.44,7231400,1.0,24.0,25.0,59910.6,59755.39,3725.04,3880.25,99916.9,99920.16,0.1,0.0373,0.0388,100.0,0.9999,1.0,0.5,54.91,1.067,1.0521,0.0149,159.7667,149.2003,154.4835,154.4835,152.6726,0.006562,0.004503,0.03712,,,,,prob_above_buy_threshold,prob_above_buy_threshold,2026-05-15,1.0,2026-09-06T17:19:30Z,10.62,0.0,-8.549061
lr,Regresja logistyczna,UNH,logistic_regression,logistic_regression,logistic_regression,binary,binary-2026-08,D-lr-a8a8c576b6f2,S-UNH-logistic_regression-20231218-c07752,T-lr-952ce1c48d58,BUY,2026-09-06T17:19:30Z,2023-12-18,2023-12-18,529.11,531.12,529.11,531.47,525.23,526.55,3260300,1.0,24.0,25.0,59755.39,59226.28,12698.64,13227.75,99916.9,99917.6,0.1,0.1271,0.1324,100.0,1.0,1.0,0.5,38.26,0.1073,2.9544,-2.8472,557.2599,528.8611,543.0605,543.0605,537.0038,-0.004767,-0.012382,-0.01939,,,,,prob_above_buy_threshold,prob_above_buy_threshold,2026-05-15,1.0,2026-09-06T17:19:30Z,10.62,0.0,-8.549061
lr,Regresja logistyczna,PG,logistic_regression,logistic_regression,logistic_regression,binary,binary-2026-08,D-lr-de856f434c75,S-PG-logistic_regression-20231218-c381bc,T-lr-c7b8cc8b5b08,BUY,2026-09-06T17:19:30Z,2023-12-18,2023-12-18,144.17,143.96,144.17,147.49,144.15,146.17,8421800,1.0,24.0,25.0,59226.28,59082.11,3460.08,3604.25,99916.9,99919.6,0.1,0.0346,0.0361,100.0,1.0,1.0,0.5,43.99,-1.3315,-0.8435,-0.488,154.7307,142.8063,148.7685,148.7685,148.848,0.0,-0.001573,0.013477,,,,,prob_above_buy_threshold,prob_above_buy_threshold,2026-05-15,1.0,2026-09-06T17:19:30Z,10.62,0.0,-8.549061
lr,Regresja logistyczna,KO,logistic_regression,logistic_regression,logistic_regression,binary,binary-2026-08,D-lr-0e6c139d84b9,S-KO-logistic_regression-20231218-864128,T-lr-752e8052ba31,BUY,2026-09-06T17:19:30Z,2023-12-18,2023-12-18,58.8,58.6,58.8,59.49,58.62,59.02,16717700,1.0,24.0,25.0,59082.11,59023.31,1411.2,1470.0,99916.9,99919.82,0.1,0.0141,0.0147,99.99,0.9998,0.9999,0.5,59.01,0.5675,0.6251,-0.0575,59.6461,57.6539,58.65,58.65,56.7966,-0.003219,-0.007794,0.019315,,,,,prob_above_buy_threshold,prob_above_buy_threshold,2026-05-15,1.0,2026-09-06T17:19:30Z,10.62,0.0,-8.549061
lr,Regresja logistyczna,WMT,logistic_regression,logistic_regression,logistic_regression,binary,binary-2026-08,D-lr-9ae6c2521faa,S-WMT-logistic_regression-20231218-f9b9c4,T-lr-bee4c62df4a3,BUY,2026-09-06T17:19:30Z,2023-12-18,2023-12-18,51.1167,50.9133,51.1167,51.69,51.0433,51.6567,26316000,1.0,24.0,25.0,59023.31,58972.2,1226.8,1277.92,99916.9,99920.36,0.1,0.0123,0.0128,99.81,0.9962,0.9981,0.5,47.53,-0.6688,-0.7359,0.0671,52.7842,50.1268,51.4555,51.4555,53.0291,0.003614,0.009292,0.053365,,,,,prob_above_buy_threshold,prob_above_buy_threshold,2026-05-15,1.0,2026-09-06T17:19:30Z,10.62,0.0,-8.549061
lr,Regresja logistyczna,NEE,logistic_regression,logistic_regression,logistic_regression,binary,binary-2026-08,D-lr-1089d3d28da4,S-NEE-logistic_regression-20231218-31fa63,T-lr-8cc1ad0ba80a,BUY,2026-09-06T17:19:30Z,2023-12-18,2023-12-18,61.6,61.5,61.6,62.1,60.85,61.0,10755600,1.0,24.0,25.0,58972.2,58910.6,1478.4,1540.0,99916.9,99919.76,0.1,0.0148,0.0154,100.0,1.0,1.0,0.5,59.01,1.1277,0.8758,0.2519,62.4817,56.0973,59.2895,59.2895,57.0374,0.009344,-0.012951,-0.054918,,,,,prob_above_buy_threshold,prob_above_buy_threshold,2026-05-15,1.0,2026-09-06T17:19:30Z,10.62,0.0,-8.549061
lr,Regresja logistyczna,MSFT,logistic_regression,logistic_regression,logistic_regression,binary,binary-2026-08,D-lr-1d7e2fb4ec1f,S-MSFT-logistic_regression-20231219-e3f2c1,T-lr-f225db69f0c8,BUY,2026-09-06T17:19:30Z,2023-12-19,2023-12-19,371.49,372.65,371.49,373.26,369.84,373.26,20603700,1.0,25.0,26.0,58910.6,58539.11,9287.25,9658.74,100000.93,100002.7,0.1,0.0929,0.0966,99.99,0.9998,0.9999,0.5,55.28,3.1883,4.7052,-1.517,382.0126,366.0064,374.0095,374.0095,357.4844,-0.007073,0.00217,0.068076,,,,,prob_above_buy_threshold,prob_above_buy_threshold,2026-05-15,1.0,2026-09-06T17:19:30Z,10.62,0.0,-8.549061
lr,Regresja logistyczna,JPM,logistic_regression,logistic_regression,logistic_regression,binary,binary-2026-08,D-lr-acf9484157c3,S-JPM-logistic_regression-20231219-d0fdfa,T-lr-79406c782801,BUY,2026-09-06T17:19:30Z,2023-12-19,2023-12-19,166.0,166.23,166.0,168.47,165.55,168.45,10345700,1.0,25.0,26.0,58539.11,58373.11,4150.0,4316.0,100000.93,100005.15,0.1,0.0415,0.0432,82.48,0.6495,0.8248,0.5,87.26,4.5663,3.7995,0.7668,167.3916,149.2054,158.2985,158.2985,150.1004,-0.011279,0.00564,0.011042,,,,,prob_above_buy_threshold,prob_above_buy_threshold,2026-05-15,1.0,2026-09-06T17:19:30Z,10.62,0.0,-8.549061
lr,Regresja logistyczna,XOM,logistic_regression,logistic_regression,logistic_regression,binary,binary-2026-08,D-lr-948f3c8c8ba3,S-XOM-logistic_regression-20231219-493020,T-lr-d2f8eaf1ea9b,BUY,2026-09-06T17:19:30Z,2023-12-19,2023-12-19,102.0,101.65,102.0,103.19,101.79,102.99,18904700,1.0,25.0,26.0,58373.11,58271.11,2550.0,2652.0,100000.93,100006.14,0.1,0.0255,0.0265,83.53,0.6706,0.8353,0.5,52.14,-1.1678,-1.6199,0.4521,105.7814,97.4816,101.6315,101.6315,104.8514,-0.016701,-0.012914,-0.058646,,,,,prob_above_buy_threshold,prob_above_buy_threshold,2026-05-15,1.0,2026-09-06T17:19:30Z,10.62,0.0,-8.549061
lr,Regresja logistyczna,JNJ,logistic_regression,logistic_regression,logistic_regression,binary,binary-2026-08,D-lr-abc59a38d0a0,S-JNJ-logistic_regression-20231219-ed6d58,T-lr-74f7a7ffd0f0,BUY,2026-09-06T17:19:30Z,2023-12-19,2023-12-19,155.3,155.44,155.3,156.5,154.94,156.46,6651500,1.0,25.0,26.0,58271.11,58115.81,3882.5,4037.8,100000.93,100007.3,0.1,0.0388,0.0404,99.99,0.9999,0.9999,0.5,58.18,1.0834,1.0583,0.025,159.7183,149.9037,154.811,154.811,152.631,-0.020389,-0.000703,0.033363,,,,,prob_above_buy_threshold,prob_above_buy_threshold,2026-05-15,1.0,2026-09-06T17:19:30Z,10.62,0.0,-8.549061
lr,Regresja logistyczna,UNH,logistic_regression,logistic_regression,logistic_regression,binary,binary-2026-08,D-lr-7da904dbc54c,S-UNH-logistic_regression-20231219-e18255,T-lr-a2beb76cc4c3,BUY,2026-09-06T17:19:30Z,2023-12-19,2023-12-19,524.59,526.55,524.59,527.62,521.78,524.04,3645600,1.0,25.0,26.0,58115.81,57591.22,13114.75,13639.34,100000.93,100006.75,0.1,0.1311,0.1364,100.0,1.0,1.0,0.5,36.62,-1.1726,2.129,-3.3016,558.6346,526.3804,542.5075,542.5075,536.9544,-0.015476,-0.002385,-0.039081,,,,,prob_above_buy_threshold,prob_above_buy_threshold,2026-05-15,1.0,2026-09-06T17:19:30Z,10.62,0.0,-8.549061
lr,Regresja logistyczna,PG,logistic_regression,logistic_regression,logistic_regression,binary,binary-2026-08,D-lr-2cfa90175bfc,S-PG-logistic_regression-20231219-263803,T-lr-4fad7945c7f4,BUY,2026-09-06T17:19:30Z,2023-12-19,2023-12-19,145.67,146.17,145.67,146.34,145.39,146.17,5233600,1.0,25.0,26.0,57591.22,57445.55,3641.75,3787.42,100000.93,100007.25,0.1,0.0364,0.0379,100.0,1.0,1.0,0.5,43.99,-1.2948,-0.9338,-0.361,154.5867,142.5403,148.5635,148.5635,148.9042,-0.015461,-0.000753,0.009578,,,,,prob_above_buy_threshold,prob_above_buy_threshold,2026-05-15,1.0,2026-09-06T17:19:30Z,10.62,0.0,-8.549061
lr,Regresja logistyczna,KO,logistic_regression,logistic_regression,logistic_regression,binary,binary-2026-08,D-lr-47f35acafa9b,S-KO-logistic_regression-20231219-6ab6f8,T-lr-4829ef3d8156,BUY,2026-09-06T17:19:30Z,2023-12-19,2023-12-19,59.0,59.02,59.0,59.2,58.64,58.83,14612200,1.0,25.0,26.0,57445.55,57386.55,1475.0,1534.0,100000.93,100007.08,0.1,0.0147,0.0153,99.99,0.9998,0.9999,0.5,56.5,0.5237,0.6048,-0.0811,59.5375,57.9055,58.7215,58.7215,56.9156,-0.020738,-0.00204,0.016998,,,,,prob_above_buy_threshold,prob_above_buy_threshold,2026-05-15,1.0,2026-09-06T17:19:30Z,10.62,0.0,-8.549061
lr,Regresja logistyczna,WMT,logistic_regression,logistic_regression,logistic_regression,binary,binary-2026-08,D-lr-1287b0bc469c,S-WMT-logistic_regression-20231219-3c1396,T-lr-e96b6c8148c7,BUY,2026-09-06T17:19:30Z,2023-12-19,2023-12-19,51.6133,51.6567,51.6133,51.8967,51.3633,51.8433,24417000,1.0,25.0,26.0,57386.55,57334.93,1290.33,1341.95,100000.93,100007.31,0.1,0.0129,0.0134,99.89,0.9977,0.9989,0.5,49.06,-0.5724,-0.7032,0.1308,52.792,50.1267,51.4593,51.4593,53.027,-0.011702,0.01511,0.044043,,,,,prob_above_buy_threshold,prob_above_buy_threshold,2026-05-15,1.0,2026-09-06T17:19:30Z,10.62,0.0,-8.549061
lr,Regresja logistyczna,NEE,logistic_regression,logistic_regression,logistic_regression,binary,binary-2026-08,D-lr-f3432db691c4,S-NEE-logistic_regression-20231219-7c7a22,T-lr-ac377e250d8b,BUY,2026-09-06T17:19:30Z,2023-12-19,2023-12-19,61.36,61.0,61.36,61.83,60.87,61.57,11509600,1.0,25.0,26.0,57334.93,57273.57,1534.0,1595.36,100000.93,100007.52,0.1,0.0153,0.016,100.0,1.0,1.0,0.5,61.24,1.1387,0.9284,0.2104,62.709,56.293,59.501,59.501,57.2824,-0.028098,-0.016079,-0.070002,,,,,prob_above_buy_threshold,prob_above_buy_threshold,2026-05-15,1.0,2026-09-06T17:19:30Z,10.62,0.0,-8.549061
lr,Regresja logistyczna,MSFT,logistic_regression,logistic_regression,logistic_regression,binary,binary-2026-08,D-lr-4845156afcc1,S-MSFT-logistic_regression-20231220-faf125,T-lr-3bf63dedc072,BUY,2026-09-06T17:19:30Z,2023-12-20,2023-12-20,375.0,373.26,375.0,376.03,370.53,370.62,26316700,1.0,26.0,27.0,57273.57,56898.57,9750.0,10125.0,99399.73,99395.35,0.1,0.0981,0.1019,99.98,0.9995,0.9998,0.5,52.18,2.8327,4.3307,-1.4981,382.0179,365.7561,373.887,373.887,358.329,0.007879,0.012574,0.069856,,,,,prob_above_buy_threshold,prob_above_buy_threshold,2026-05-15,1.0,2026-09-06T17:19:30Z,10.62,0.0,-8.549061
lr,Regresja logistyczna,JPM,logistic_regression,logistic_regression,logistic_regression,binary,binary-2026-08,D-lr-4cfc65d69a1c,S-JPM-logistic_regression-20231220-13c3f4,T-lr-12bed00bb1c0,BUY,2026-09-06T17:19:30Z,2023-12-20,2023-12-20,167.99,168.45,167.99,169.41,166.45,166.55,10734700,1.0,26.0,27.0,56898.57,56730.58,4367.74,4535.73,99399.73,99393.91,0.1,0.0439,0.0456,82.0,0.64,0.82,0.5,77.71,4.6113,3.9619,0.6494,168.3998,149.5552,158.9775,158.9775,150.5184,0.005704,0.022516,0.021375,,,,,prob_above_buy_threshold,prob_above_buy_threshold,2026-05-15,1.0,2026-09-06T17:19:30Z,10.62,0.0,-8.549061
lr,Regresja logistyczna,XOM,logistic_regression,logistic_regression,logistic_regression,binary,binary-2026-08,D-lr-2464ebcae094,S-XOM-logistic_regression-20231220-2ba588,T-lr-0e47d1cea51b,BUY,2026-09-06T17:19:30Z,2023-12-20,2023-12-20,103.5,102.99,103.5,103.94,101.13,101.27,20988900,1.0,26.0,27.0,56730.58,56627.08,2691.0,2794.5,99399.73,99391.68,0.1,0.0271,0.0281,69.4,0.3881,0.694,0.5,46.25,-1.0711,-1.5101,0.439,105.4148,97.5292,101.472,101.472,104.6678,0.004542,-0.010665,-0.043942,,,,,prob_above_buy_threshold,prob_above_buy_threshold,2026-05-15,1.0,2026-09-06T17:19:30Z,10.62,0.0,-8.549061
lr,Regresja logistyczna,JNJ,logistic_regression,logistic_regression,logistic_regression,binary,binary-2026-08,D-lr-8b93c9f26d13,S-JNJ-logistic_regression-20231220-96f2d4,T-lr-b2bf1cc52183,BUY,2026-09-06T17:19:30Z,2023-12-20,2023-12-20,156.54,156.46,156.54,156.66,153.11,153.27,7008300,1.0,26.0,27.0,56627.08,56470.54,4070.04,4226.58,99399.73,99388.41,0.1,0.0409,0.0425,100.0,0.9999,1.0,0.5,46.77,0.8293,1.0125,-0.1832,159.586,150.251,154.9185,154.9185,152.5292,0.010243,0.021596,0.060025,,,,,prob_above_buy_threshold,prob_above_buy_threshold,2026-05-15,1.0,2026-09-06T17:19:30Z,10.62,0.0,-8.549061
lr,Regresja logistyczna,UNH,logistic_regression,logistic_regression,logistic_regression,binary,binary-2026-08,D-lr-11f448da3394,S-UNH-logistic_regression-20231220-db8c81,T-lr-07df981f1ee3,BUY,2026-09-06T17:19:30Z,2023-12-20,2023-12-20,523.85,524.04,523.85,524.83,515.87,515.93,3847800,1.0,26.0,27.0,56470.54,55946.69,13620.1,14143.95,99399.73,99380.49,0.1,0.137,0.1423,100.0,1.0,1.0,0.5,31.86,-2.8088,1.1415,-3.9503,561.1753,521.4737,541.3245,541.3245,536.7882,0.007656,0.017386,-0.005698,,,,,prob_above_buy_threshold,prob_above_buy_threshold,2026-05-15,1.0,2026-09-06T17:19:30Z,10.62,0.0,-8.549061
lr,Regresja logistyczna,PG,logistic_regression,logistic_regression,logistic_regression,binary,binary-2026-08,D-lr-0d5b07c7db91,S-PG-logistic_regression-20231220-78b451,T-lr-3922c8f22f55,BUY,2026-09-06T17:19:30Z,2023-12-20,2023-12-20,145.57,146.17,145.57,146.07,143.84,143.91,7663800,1.0,26.0,27.0,55946.69,55801.12,3784.82,3930.39,99399.73,99378.83,0.1,0.0381,0.0395,100.0,1.0,1.0,0.5,38.73,-1.4316,-1.0334,-0.3982,154.6083,141.9487,148.2785,148.2785,148.8868,0.002432,0.012647,0.027448,,,,,prob_above_buy_threshold,prob_above_buy_threshold,2026-05-15,1.0,2026-09-06T17:19:30Z,10.62,0.0,-8.549061
lr,Regresja logistyczna,KO,logistic_regression,logistic_regression,logistic_regression,binary,binary-2026-08,D-lr-a4a874a7e323,S-KO-logistic_regression-20231220-749967,T-lr-ac035ea75ca3,BUY,2026-09-06T17:19:30Z,2023-12-20,2023-12-20,58.5,58.83,58.5,58.67,57.57,57.61,17701000,1.0,26.0,27.0,55801.12,55742.62,1521.0,1579.5,99399.73,99377.94,0.1,0.0153,0.0159,99.99,0.9999,0.9999,0.5,43.68,0.3861,0.561,-0.175,59.6035,57.7974,58.7005,58.7005,56.9872,0.006596,0.019788,0.034022,,,,,prob_above_buy_threshold,prob_above_buy_threshold,2026-05-15,1.0,2026-09-06T17:19:30Z,10.62,0.0,-8.549061
lr,Regresja logistyczna,WMT,logistic_regression,logistic_regression,logistic_regression,binary,binary-2026-08,D-lr-b742c051072c,S-WMT-logistic_regression-20231220-258e91,T-lr-210f35a547f3,BUY,2026-09-06T17:19:30Z,2023-12-20,2023-12-20,51.8067,51.8433,51.8067,52.0467,51.2067,51.2367,21967800,1.0,26.0,27.0,55742.62,55690.82,1346.97,1398.78,99399.73,99377.37,0.1,0.0136,0.0141,99.91,0.9983,0.9991,0.5,44.52,-0.5387,-0.6703,0.1316,52.7395,50.1075,51.4235,51.4235,53.0011,0.007091,0.025112,0.05647,,,,,prob_above_buy_threshold,prob_above_buy_threshold,2026-05-15,1.0,2026-09-06T17:19:30Z,10.62,0.0,-8.549061
lr,Regresja logistyczna,NEE,logistic_regression,logistic_regression,logistic_regression,binary,binary-2026-08,D-lr-e5d431c83e49,S-NEE-logistic_regression-20231220-6d4ab3,T-lr-c6affa4bdde4,BUY,2026-09-06T17:19:30Z,2023-12-20,2023-12-20,61.55,61.57,61.55,61.72,59.78,59.84,10091200,1.0,26.0,27.0,55690.82,55629.27,1600.3,1661.85,99399.73,99375.66,0.1,0.0161,0.0167,100.0,1.0,1.0,0.5,52.01,0.9964,0.942,0.0545,62.7272,56.4608,59.594,59.594,57.4476,-0.004011,0.019719,-0.049967,,,,,prob_above_buy_threshold,prob_above_buy_threshold,2026-05-15,1.0,2026-09-06T17:19:30Z,10.62,0.0,-8.549061
lr,Regresja logistyczna,MSFT,logistic_regression,logistic_regression,logistic_regression,binary,binary-2026-08,D-lr-0b72ccf5a3ed,S-MSFT-logistic_regression-20231221-f501f2,T-lr-d459a8d21485,BUY,2026-09-06T17:19:30Z,2023-12-21,2023-12-21,372.56,370.62,372.56,374.41,370.04,373.54,17708000,1.0,27.0,28.0,55629.27,55256.71,10059.12,10431.68,99664.65,99665.63,0.1,0.1009,0.1047,99.99,0.9997,0.9999,0.5,55.18,2.7547,4.0155,-1.2608,381.5967,365.7463,373.6715,373.6715,359.1514,0.002784,0.006693,0.067891,,,,,prob_above_buy_threshold,prob_above_buy_threshold,2026-05-15,1.0,2026-09-06T17:19:30Z,10.62,0.0,-8.549061
lr,Regresja logistyczna,JPM,logistic_regression,logistic_regression,logistic_regression,binary,binary-2026-08,D-lr-8f0a98a495d1,S-JPM-logistic_regression-20231221-ef1588,T-lr-5c9f7bc565b6,BUY,2026-09-06T17:19:30Z,2023-12-21,2023-12-21,166.84,166.55,166.84,168.09,165.68,167.5,7601700,1.0,27.0,28.0,55256.71,55089.87,4504.68,4671.52,99664.65,99666.29,0.1,0.0452,0.0469,76.91,0.5382,0.7691,0.5,78.95,4.6698,4.1035,0.5663,169.4287,149.9433,159.686,159.686,150.9454,-0.000597,0.015522,0.008896,,,,,prob_above_buy_threshold,prob_above_buy_threshold,2026-05-15,1.0,2026-09-06T17:19:30Z,10.62,0.0,-8.549061
lr,Regresja logistyczna,XOM,logistic_regression,logistic_regression,logistic_regression,binary,binary-2026-08,D-lr-90aa454be097,S-XOM-logistic_regression-20231221-5ecee6,T-lr-974d15c28c3b,BUY,2026-09-06T17:19:30Z,2023-12-21,2023-12-21,101.47,101.27,101.47,102.01,100.81,101.73,19250900,1.0,27.0,28.0,55089.87,54988.4,2739.69,2841.16,99664.65,99666.55,0.1,0.0275,0.0285,76.28,0.5257,0.7628,0.5,47.94,-0.9465,-1.3974,0.4509,105.1288,97.5872,101.358,101.358,104.5726,0.001769,-0.017202,-0.03755,,,,,prob_above_buy_threshold,prob_above_buy_threshold,2026-05-15,1.0,2026-09-06T17:19:30Z,10.62,0.0,-8.549061
lr,Regresja logistyczna,JNJ,logistic_regression,logistic_regression,logistic_regression,binary,binary-2026-08,D-lr-b84bfb15420d,S-JNJ-logistic_regression-20231221-c6b9e1,T-lr-535f3e819b88,BUY,2026-09-06T17:19:30Z,2023-12-21,2023-12-21,153.69,153.27,153.69,155.13,153.3,154.84,4598600,1.0,27.0,28.0,54988.4,54834.71,4149.63,4303.32,99664.65,99667.7,0.1,0.0416,0.0432,100.0,0.9999,1.0,0.5,51.78,0.7461,0.9593,-0.2131,159.3933,150.8457,155.1195,155.1195,152.5024,0.004004,0.012271,0.032098,,,,,prob_above_buy_threshold,prob_above_buy_threshold,2026-05-15,1.0,2026-09-06T17:19:30Z,10.62,0.0,-8.549061
lr,Regresja logistyczna,UNH,logistic_regression,logistic_regression,logistic_regression,binary,binary-2026-08,D-lr-dd5787d1da66,S-UNH-logistic_regression-20231221-de1c4a,T-lr-4355299b74db,BUY,2026-09-06T17:19:30Z,2023-12-21,2023-12-21,518.88,515.93,518.88,520.82,516.5,519.88,2491600,1.0,27.0,28.0,54834.71,54315.83,14009.76,14528.64,99664.65,99668.7,0.1,0.1406,0.1458,100.0,1.0,1.0,0.5,36.21,-3.7437,0.1644,-3.9081,562.0197,518.2412,540.1305,540.1305,536.7032,0.000827,0.012676,-0.008387,,,,,prob_above_buy_threshold,prob_above_buy_threshold,2026-05-15,1.0,2026-09-06T17:19:30Z,10.62,0.0,-8.549061
lr,Regresja logistyczna,PG,logistic_regression,logistic_regression,logistic_regression,binary,binary-2026-08,D-lr-1280a8ec456a,S-PG-logistic_regression-20231221-27772d,T-lr-678da2e037b9,BUY,2026-09-06T17:19:30Z,2023-12-21,2023-12-21,144.52,143.91,144.52,144.79,143.13,144.26,6104700,1.0,27.0,28.0,54315.83,54171.31,3902.04,4046.56,99664.65,99668.44,0.1,0.0392,0.0406,100.0,1.0,1.0,0.5,39.93,-1.4945,-1.1256,-0.3689,154.3698,141.5112,147.9405,147.9405,148.912,0.007071,0.015805,0.067378,,,,,prob_above_buy_threshold,prob_above_buy_threshold,2026-05-15,1.0,2026-09-06T17:19:30Z,10.62,0.0,-8.549061
lr,Regresja logistyczna,KO,logistic_regression,logistic_regression,logistic_regression,binary,binary-2026-08,D-lr-d35309b68a17,S-KO-logistic_regression-20231221-5d1845,T-lr-753c0fbc10c7,BUY,2026-09-06T17:19:30Z,2023-12-21,2023-12-21,57.85,57.61,57.85,58.07,57.47,57.99,11725100,1.0,27.0,28.0,54171.31,54113.46,1561.95,1619.8,99664.65,99668.58,0.1,0.0157,0.0163,99.99,0.9998,0.9999,0.5,47.67,0.3041,0.5097,-0.2055,59.6271,57.7309,58.679,58.679,57.0728,0.005691,0.01621,0.032074,,,,,prob_above_buy_threshold,prob_above_buy_threshold,2026-05-15,1.0,2026-09-06T17:19:30Z,10.62,0.0,-8.549061
lr,Regresja logistyczna,WMT,logistic_regression,logistic_regression,logistic_regression,binary,binary-2026-08,D-lr-7fd87c4533fe,S-WMT-logistic_regression-20231221-897558,T-lr-ea712f47be07,BUY,2026-09-06T17:19:30Z,2023-12-21,2023-12-21,51.3333,51.2367,51.3333,51.6867,51.3033,51.6,20087700,1.0,27.0,28.0,54113.46,54062.12,1386.0,1437.33,99664.65,99668.84,0.1,0.0139,0.0144,99.87,0.9974,0.9987,0.5,47.64,-0.4771,-0.6316,0.1545,52.7427,50.1086,51.4257,51.4257,52.9782,0.011951,0.018411,0.05168,,,,,prob_above_buy_threshold,prob_above_buy_threshold,2026-05-15,1.0,2026-09-06T17:19:30Z,10.62,0.0,-8.549061
lr,Regresja logistyczna,NEE,logistic_regression,logistic_regression,logistic_regression,binary,binary-2026-08,D-lr-c1afae86c74a,S-NEE-logistic_regression-20231221-b6ce50,T-lr-95f1fbf98930,BUY,2026-09-06T17:19:30Z,2023-12-21,2023-12-21,60.13,59.84,60.13,60.65,59.06,59.6,12604200,1.0,27.0,28.0,54062.12,54001.99,1623.51,1683.64,99664.65,99668.31,0.1,0.0163,0.0169,100.0,1.0,1.0,0.5,50.87,0.8545,0.9245,-0.07,62.6786,56.7223,59.7005,59.7005,57.5688,0.002517,0.019128,-0.037248,,,,,prob_above_buy_threshold,prob_above_buy_threshold,2026-05-15,1.0,2026-09-06T17:19:30Z,10.62,0.0,-8.549061
lr,Regresja logistyczna,MSFT,logistic_regression,logistic_regression,logistic_regression,binary,binary-2026-08,D-lr-cfa048444ea2,S-MSFT-logistic_regression-20231222-550cbc,T-lr-da23101fed96,BUY,2026-09-06T17:19:30Z,2023-12-22,2023-12-22,373.68,373.54,373.68,375.18,372.71,374.58,17107500,1.0,28.0,29.0,54001.99,53628.31,10463.04,10836.72,99788.34,99789.24,0.1,0.1049,0.1086,99.99,0.9998,0.9999,0.5,56.23,2.7452,3.7615,-1.0163,381.2793,365.7787,373.529,373.529,360.0198,0.000214,-0.009904,0.074697,,,,,prob_above_buy_threshold,prob_above_buy_threshold,2026-05-15,1.0,2026-09-06T17:19:30Z,10.62,0.0,-8.549061
lr,Regresja logistyczna,JPM,logistic_regression,logistic_regression,logistic_regression,binary,binary-2026-08,D-lr-deffec767245,S-JPM-logistic_regression-20231222-c5fa12,T-lr-846c99bfbf00,BUY,2026-09-06T17:19:30Z,2023-12-22,2023-12-22,167.5,167.5,167.5,168.23,167.23,167.4,6576300,1.0,28.0,29.0,53628.31,53460.81,4690.0,4857.5,99788.34,99789.14,0.1,0.047,0.0487,84.67,0.6934,0.8467,0.5,78.45,4.6545,4.2137,0.4408,170.2454,150.5126,160.379,160.379,151.3772,0.005914,0.027957,0.018519,,,,,prob_above_buy_threshold,prob_above_buy_threshold,2026-05-15,1.0,2026-09-06T17:19:30Z,10.62,0.0,-8.549061
lr,Regresja logistyczna,XOM,logistic_regression,logistic_regression,logistic_regression,binary,binary-2026-08,D-lr-40e5ebe05010,S-XOM-logistic_regression-20231222-321bc3,T-lr-833ae9a7b9da,BUY,2026-09-06T17:19:30Z,2023-12-22,2023-12-22,102.31,101.73,102.31,102.94,101.82,101.91,12927800,1.0,28.0,29.0,53460.81,53358.5,2864.68,2966.99,99788.34,99788.74,0.1,0.0287,0.0297,69.59,0.3919,0.6959,0.5,48.62,-0.8236,-1.2826,0.459,104.7101,97.7399,101.225,101.225,104.4814,0.002257,0.004416,-0.022667,,,,,prob_above_buy_threshold,prob_above_buy_threshold,2026-05-15,1.0,2026-09-06T17:19:30Z,10.62,0.0,-8.549061
lr,Regresja logistyczna,JNJ,logistic_regression,logistic_regression,logistic_regression,binary,binary-2026-08,D-lr-cb3062efd83b,S-JNJ-logistic_regression-20231222-389f45,T-lr-b51f6894788f,BUY,2026-09-06T17:19:30Z,2023-12-22,2023-12-22,155.25,154.84,155.25,156.53,155.02,155.46,3798900,1.0,28.0,29.0,53358.5,53203.25,4347.0,4502.25,99788.34,99788.95,0.1,0.0436,0.0451,99.99,0.9999,0.9999,0.5,53.64,0.7219,0.9118,-0.1899,159.3698,151.1652,155.2675,155.2675,152.485,0.004374,0.029011,0.022514,,,,,prob_above_buy_threshold,prob_above_buy_threshold,2026-05-15,1.0,2026-09-06T17:19:30Z,10.62,0.0,-8.549061
lr,Regresja logistyczna,UNH,logistic_regression,logistic_regression,logistic_regression,binary,binary-2026-08,D-lr-72ea84ef2932,S-UNH-logistic_regression-20231222-f8dbdf,T-lr-1e440d4451af,BUY,2026-09-06T17:19:30Z,2023-12-22,2023-12-22,519.88,519.88,519.88,523.01,518.02,520.31,1759500,1.0,28.0,29.0,53203.25,52683.37,14556.64,15076.52,99788.34,99789.38,0.1,0.1459,0.1511,100.0,1.0,1.0,0.5,36.68,-4.3992,-0.7483,-3.6509,562.0465,515.5355,538.791,538.791,536.5986,-0.000538,0.036574,-0.013607,,,,,prob_above_buy_threshold,prob_above_buy_threshold,2026-05-15,1.0,2026-09-06T17:19:30Z,10.62,0.0,-8.549061
lr,Regresja logistyczna,PG,logistic_regression,logistic_regression,logistic_regression,binary,binary-2026-08,D-lr-023d410c13d5,S-PG-logistic_regression-20231222-f78ab6,T-lr-4d64fe9ef7ff,BUY,2026-09-06T17:19:30Z,2023-12-22,2023-12-22,144.5,144.26,144.5,145.63,144.29,145.28,4413800,1.0,28.0,29.0,52683.37,52538.87,4046.0,4190.5,99788.34,99790.16,0.1,0.0405,0.042,100.0,1.0,1.0,0.5,43.4,-1.4454,-1.1896,-0.2559,153.9611,141.3099,147.6355,147.6355,148.9512,0.004543,0.023816,0.047081,,,,,prob_above_buy_threshold,prob_above_buy_threshold,2026-05-15,1.0,2026-09-06T17:19:30Z,10.62,0.0,-8.549061
lr,Regresja logistyczna,KO,logistic_regression,logistic_regression,logistic_regression,binary,binary-2026-08,D-lr-5ca84b3df469,S-KO-logistic_regression-20231222-2e7b54,T-lr-c3daa7c855df,BUY,2026-09-06T17:19:30Z,2023-12-22,2023-12-22,58.12,57.99,58.12,58.46,58.02,58.32,9029400,1.0,28.0,29.0,52538.87,52480.75,1627.36,1685.48,99788.34,99790.36,0.1,0.0163,0.0169,99.99,0.9998,0.9999,0.5,50.91,0.2628,0.4603,-0.1975,59.6265,57.7065,58.6665,58.6665,57.183,0.004115,0.02572,0.010117,,,,,prob_above_buy_threshold,prob_above_buy_threshold,2026-05-15,1.0,2026-09-06T17:19:30Z,10.62,0.0,-8.549061
lr,Regresja logistyczna,WMT,logistic_regression,logistic_regression,logistic_regression,binary,binary-2026-08,D-lr-58603d97263b,S-WMT-logistic_regression-20231222-6daf8e,T-lr-c6b075f07bee,BUY,2026-09-06T17:19:30Z,2023-12-22,2023-12-22,51.8167,51.6,51.8167,52.3833,51.72,52.2167,19405500,1.0,28.0,29.0,52480.75,52428.94,1450.87,1502.68,99788.34,99790.76,0.1,0.0145,0.0151,99.87,0.9973,0.9987,0.5,52.53,-0.3743,-0.5802,0.2059,52.7729,50.0981,51.4355,51.4355,52.9629,-0.001532,0.016853,0.024577,,,,,prob_above_buy_threshold,prob_above_buy_threshold,2026-05-15,1.0,2026-09-06T17:19:30Z,10.62,0.0,-8.549061
lr,Regresja logistyczna,NEE,logistic_regression,logistic_regression,logistic_regression,binary,binary-2026-08,D-lr-4a6693751f49,S-NEE-logistic_regression-20231222-46ed73,T-lr-5ad847313d55,BUY,2026-09-06T17:19:30Z,2023-12-22,2023-12-22,59.96,59.6,59.96,60.87,59.67,59.75,9799400,1.0,28.0,29.0,52428.94,52368.98,1678.88,1738.84,99788.34,99790.55,0.1,0.0168,0.0174,100.0,1.0,1.0,0.5,51.59,0.7454,0.8887,-0.1432,62.6206,57.0004,59.8105,59.8105,57.7038,0.007699,0.03046,-0.045858,,,,,prob_above_buy_threshold,prob_above_buy_threshold,2026-05-15,1.0,2026-09-06T17:19:30Z,10.62,0.0,-8.549061
lr,Regresja logistyczna,MSFT,logistic_regression,logistic_regression,logistic_regression,binary,binary-2026-08,D-lr-ab3fc5edd282,S-MSFT-logistic_regression-20231226-05ad14,T-lr-29989535942b,BUY,2026-09-06T17:19:30Z,2023-12-26,2023-12-26,375.0,374.58,375.0,376.94,373.5,374.66,12673100,1.0,29.0,30.0,52368.98,51993.98,10875.0,11250.0,99876.97,99876.63,0.1,0.1089,0.1126,99.99,0.9997,0.9999,0.5,56.32,2.7129,3.5517,-0.8389,380.7479,365.9151,373.3315,373.3315,360.9584,-0.001575,-0.010836,0.080633,,,,,prob_above_buy_threshold,prob_above_buy_threshold,2026-05-15,1.0,2026-09-06T17:19:30Z,10.62,0.0,-8.549061
lr,Regresja logistyczna,JPM,logistic_regression,logistic_regression,logistic_regression,binary,binary-2026-08,D-lr-5f3eecad2fbf,S-JPM-logistic_regression-20231226-19f0c6,T-lr-87d77c28930f,BUY,2026-09-06T17:19:30Z,2023-12-26,2023-12-26,167.46,167.4,167.46,168.77,167.18,168.39,4683600,1.0,29.0,30.0,51993.98,51826.52,4856.34,5023.8,99876.97,99877.56,0.1,0.0486,0.0503,79.83,0.5966,0.7983,0.5,79.8,4.6684,4.3046,0.3637,171.0149,151.2631,161.139,161.139,151.785,0.005998,0.017459,0.027021,,,,,prob_above_buy_threshold,prob_above_buy_threshold,2026-05-15,1.0,2026-09-06T17:19:30Z,10.62,0.0,-8.549061
lr,Regresja logistyczna,XOM,logistic_regression,logistic_regression,logistic_regression,binary,binary-2026-08,D-lr-a55e60dae715,S-XOM-logistic_regression-20231226-7c519b,T-lr-8faab67571e1,BUY,2026-09-06T17:19:30Z,2023-12-26,2023-12-26,102.74,101.91,102.74,103.03,102.12,102.14,16835100,1.0,29.0,30.0,51826.52,51723.78,2979.46,3082.2,99876.97,99876.96,0.1,0.0298,0.0309,72.51,0.4501,0.7251,0.5,49.53,-0.6997,-1.1661,0.4664,104.4179,97.8501,101.134,101.134,104.3268,-0.004699,0.010574,-9.8e-05,,,,,prob_above_buy_threshold,prob_above_buy_threshold,2026-05-15,1.0,2026-09-06T17:19:30Z,10.62,0.0,-8.549061
lr,Regresja logistyczna,JNJ,logistic_regression,logistic_regression,logistic_regression,binary,binary-2026-08,D-lr-710ddc1803c0,S-JNJ-logistic_regression-20231226-797def,T-lr-3221d8842525,BUY,2026-09-06T17:19:30Z,2023-12-26,2023-12-26,155.0,155.46,155.0,156.35,154.85,156.14,4170000,1.0,29.0,30.0,51723.78,51568.78,4495.0,4650.0,99876.97,99878.1,0.1,0.045,0.0466,99.99,0.9999,0.9999,0.5,55.65,0.7489,0.8792,-0.1303,159.1936,151.8274,155.5105,155.5105,152.4708,0.001345,0.030934,0.021903,,,,,prob_above_buy_threshold,prob_above_buy_threshold,2026-05-15,1.0,2026-09-06T17:19:30Z,10.62,0.0,-8.549061
lr,Regresja logistyczna,UNH,logistic_regression,logistic_regression,logistic_regression,binary,binary-2026-08,D-lr-f9ba4267c10a,S-UNH-logistic_regression-20231226-f3e129,T-lr-f431f2ade2db,BUY,2026-09-06T17:19:30Z,2023-12-26,2023-12-26,519.88,520.31,519.88,521.48,517.97,520.03,1390800,1.0,29.0,30.0,51568.78,51048.9,15076.52,15596.4,99876.97,99878.25,0.1,0.151,0.1562,100.0,1.0,1.0,0.5,36.49,-4.885,-1.5756,-3.3093,562.1294,513.0966,537.613,537.613,536.2112,0.005307,0.042305,-0.051209,,,,,prob_above_buy_threshold,prob_above_buy_threshold,2026-05-15,1.0,2026-09-06T17:19:30Z,10.62,0.0,-8.549061
lr,Regresja logistyczna,PG,logistic_regression,logistic_regression,logistic_regression,binary,binary-2026-08,D-lr-6287c69eabfe,S-PG-logistic_regression-20231226-68c9fd,T-lr-a5a988f71f8c,BUY,2026-09-06T17:19:30Z,2023-12-26,2023-12-26,145.09,145.28,145.09,146.17,144.97,145.94,3634900,1.0,29.0,30.0,51048.9,50903.81,4207.61,4352.7,99876.97,99879.1,0.1,0.0421,0.0436,100.0,1.0,1.0,0.5,45.59,-1.3379,-1.2192,-0.1186,153.5112,141.2298,147.3705,147.3705,148.9762,0.000822,0.013019,0.066329,,,,,prob_above_buy_threshold,prob_above_buy_threshold,2026-05-15,1.0,2026-09-06T17:19:30Z,10.62,0.0,-8.549061
lr,Regresja logistyczna,KO,logistic_regression,logistic_regression,logistic_regression,binary,binary-2026-08,D-lr-feb67d45043a,S-KO-logistic_regression-20231226-74e9fe,T-lr-10d38048210f,BUY,2026-09-06T17:19:30Z,2023-12-26,2023-12-26,58.06,58.32,58.06,58.71,58.06,58.56,6422500,1.0,29.0,30.0,50903.81,50845.75,1683.74,1741.8,99876.97,99879.6,0.1,0.0169,0.0174,99.99,0.9998,0.9999,0.5,53.19,0.2466,0.4175,-0.171,59.6282,57.7148,58.6715,58.6715,57.2964,0.002561,0.023907,0.010246,,,,,prob_above_buy_threshold,prob_above_buy_threshold,2026-05-15,1.0,2026-09-06T17:19:30Z,10.62,0.0,-8.549061
lr,Regresja logistyczna,WMT,logistic_regression,logistic_regression,logistic_regression,binary,binary-2026-08,D-lr-cb2511c09975,S-WMT-logistic_regression-20231226-a84d0e,T-lr-39e91f1e18ff,BUY,2026-09-06T17:19:30Z,2023-12-26,2023-12-26,52.2167,52.2167,52.2167,52.33,52.0367,52.1367,11679900,1.0,29.0,30.0,50845.75,50793.53,1514.28,1566.5,99876.97,99879.52,0.1,0.0152,0.0157,99.88,0.9977,0.9988,0.5,51.85,-0.2958,-0.5233,0.2275,52.7531,50.1059,51.4295,51.4295,52.9401,0.009398,0.018477,0.04111,,,,,prob_above_buy_threshold,prob_above_buy_threshold,2026-05-15,1.0,2026-09-06T17:19:30Z,10.62,0.0,-8.549061
lr,Regresja logistyczna,NEE,logistic_regression,logistic_regression,logistic_regression,binary,binary-2026-08,D-lr-7aaff35402e3,S-NEE-logistic_regression-20231226-db658e,T-lr-44e816bb4db6,BUY,2026-09-06T17:19:30Z,2023-12-26,2023-12-26,59.68,59.75,59.68,60.56,59.62,60.21,6791600,1.0,29.0,30.0,50793.53,50733.85,1730.72,1790.4,99876.97,99880.05,0.1,0.0173,0.0179,100.0,1.0,1.0,0.5,53.81,0.6882,0.8486,-0.1604,62.562,57.322,59.942,59.942,57.8182,0.006145,0.029563,-0.037037,,,,,prob_above_buy_threshold,prob_above_buy_threshold,2026-05-15,1.0,2026-09-06T17:19:30Z,10.62,0.0,-8.549061
lr,Regresja logistyczna,MSFT,logistic_regression,logistic_regression,logistic_regression,binary,binary-2026-08,D-lr-f5e5677e05fe,S-MSFT-logistic_regression-20231227-a095ac,T-lr-84b6915f31d8,BUY,2026-09-06T17:19:30Z,2023-12-27,2023-12-27,373.69,374.66,373.69,375.06,372.81,374.07,14905400,1.0,30.0,31.0,50733.85,50360.16,11210.7,11584.39,100001.25,100001.63,0.1,0.1121,0.1158,99.99,0.9997,0.9999,0.5,55.46,2.6095,3.3633,-0.7538,378.9674,366.8326,372.9,372.9,361.787,0.003235,-0.016387,0.079825,,,,,prob_above_buy_threshold,prob_above_buy_threshold,2026-05-15,1.0,2026-09-06T17:19:30Z,10.62,0.0,-8.549061
lr,Regresja logistyczna,JPM,logistic_regression,logistic_regression,logistic_regression,binary,binary-2026-08,D-lr-29465637b5f2,S-JPM-logistic_regression-20231227-a198c6,T-lr-fbb21d0bf3c8,BUY,2026-09-06T17:19:30Z,2023-12-27,2023-12-27,167.84,168.39,167.84,169.47,167.58,169.4,6428600,1.0,30.0,31.0,50360.16,50192.32,5035.2,5203.04,100001.25,100003.19,0.1,0.0504,0.052,80.86,0.6172,0.8086,0.5,81.1,4.7066,4.385,0.3216,171.7868,152.0772,161.932,161.932,152.216,0.005313,0.011865,0.017001,,,,,prob_above_buy_threshold,prob_above_buy_threshold,2026-05-15,1.0,2026-09-06T17:19:30Z,10.62,0.0,-8.549061
lr,Regresja logistyczna,XOM,logistic_regression,logistic_regression,logistic_regression,binary,binary-2026-08,D-lr-f0d7d359b12d,S-XOM-logistic_regression-20231227-55dd2e,T-lr-8d80297411bc,BUY,2026-09-06T17:19:30Z,2023-12-27,2023-12-27,102.04,102.14,102.04,102.55,101.34,101.66,14558800,1.0,30.0,31.0,50192.32,50090.28,3061.2,3163.24,100001.25,100002.81,0.1,0.0306,0.0316,72.56,0.4512,0.7256,0.5,47.64,-0.6329,-1.0594,0.4265,104.0648,97.9792,101.022,101.022,104.161,-0.01446,0.006492,0.013181,,,,,prob_above_buy_threshold,prob_above_buy_threshold,2026-05-15,1.0,2026-09-06T17:19:30Z,10.62,0.0,-8.549061
lr,Regresja logistyczna,JNJ,logistic_regression,logistic_regression,logistic_regression,binary,binary-2026-08,D-lr-5783d541e88b,S-JNJ-logistic_regression-20231227-3ec5df,T-lr-14f3bc709836,BUY,2026-09-06T17:19:30Z,2023-12-27,2023-12-27,155.5,156.14,155.5,156.52,155.42,156.35,5288100,1.0,30.0,31.0,50090.28,49934.78,4665.0,4820.5,100001.25,100003.66,0.1,0.0466,0.0482,100.0,0.9999,1.0,0.5,56.29,0.7783,0.859,-0.0807,158.9825,152.5105,155.7465,155.7465,152.4472,0.001471,0.027374,0.020147,,,,,prob_above_buy_threshold,prob_above_buy_threshold,2026-05-15,1.0,2026-09-06T17:19:30Z,10.62,0.0,-8.549061
lr,Regresja logistyczna,UNH,logistic_regression,logistic_regression,logistic_regression,binary,binary-2026-08,D-lr-4838fa39746b,S-UNH-logistic_regression-20231227-54c533,T-lr-647ab825b0e0,BUY,2026-09-06T17:19:30Z,2023-12-27,2023-12-27,519.75,520.03,519.75,523.16,519.36,522.79,1851800,1.0,30.0,31.0,49934.78,49415.03,15592.5,16112.25,100001.25,100006.7,0.1,0.1559,0.1611,100.0,1.0,1.0,0.5,39.8,-4.9897,-2.2585,-2.7313,562.0272,511.4248,536.726,536.726,535.9064,0.004036,0.043287,-0.037472,,,,,prob_above_buy_threshold,prob_above_buy_threshold,2026-05-15,1.0,2026-09-06T17:19:30Z,10.62,0.0,-8.549061
lr,Regresja logistyczna,PG,logistic_regression,logistic_regression,logistic_regression,binary,binary-2026-08,D-lr-c3f02a8a18ba,S-PG-logistic_regression-20231227-677c2f,T-lr-7ecb683f96f3,BUY,2026-09-06T17:19:30Z,2023-12-27,2023-12-27,145.65,145.94,145.65,146.31,145.36,146.06,4569400,1.0,30.0,31.0,49415.03,49269.38,4369.5,4515.15,100001.25,100007.11,0.1,0.0437,0.0451,100.0,1.0,1.0,0.5,46.0,-1.2287,-1.2211,-0.0076,152.7882,141.3298,147.059,147.059,148.976,-0.002259,0.017732,0.069013,,,,,prob_above_buy_threshold,prob_above_buy_threshold,2026-05-15,1.0,2026-09-06T17:19:30Z,10.62,0.0,-8.549061
lr,Regresja logistyczna,KO,logistic_regression,logistic_regression,logistic_regression,binary,binary-2026-08,D-lr-9ca2c0f61307,S-KO-logistic_regression-20231227-56d8b0,T-lr-d82691988714,BUY,2026-09-06T17:19:30Z,2023-12-27,2023-12-27,58.64,58.56,58.64,58.77,58.4,58.71,8560100,1.0,30.0,31.0,49269.38,49210.74,1759.2,1817.84,100001.25,100007.18,0.1,0.0176,0.0182,99.99,0.9998,0.9999,0.5,54.6,0.243,0.3826,-0.1396,59.6339,57.7221,58.678,58.678,57.402,0.000681,0.017885,0.011242,,,,,prob_above_buy_threshold,prob_above_buy_threshold,2026-05-15,1.0,2026-09-06T17:19:30Z,10.62,0.0,-8.549061
lr,Regresja logistyczna,WMT,logistic_regression,logistic_regression,logistic_regression,binary,binary-2026-08,D-lr-e6b7a4ec95dc,S-WMT-logistic_regression-20231227-d2e7a6,T-lr-9f97eedb949b,BUY,2026-09-06T17:19:30Z,2023-12-27,2023-12-27,52.1033,52.1367,52.1033,52.65,52.0533,52.6267,19896000,1.0,30.0,31.0,49210.74,49158.64,1563.1,1615.2,100001.25,100007.7,0.1,0.0156,0.0162,99.86,0.9973,0.9986,0.5,55.62,-0.1919,-0.457,0.2651,52.6885,50.1451,51.4168,51.4168,52.9179,-0.001964,-0.00076,0.040474,,,,,prob_above_buy_threshold,prob_above_buy_threshold,2026-05-15,1.0,2026-09-06T17:19:30Z,10.62,0.0,-8.549061
lr,Regresja logistyczna,NEE,logistic_regression,logistic_regression,logistic_regression,binary,binary-2026-08,D-lr-9fed2a2e106f,S-NEE-logistic_regression-20231227-99710b,T-lr-5f348707b438,BUY,2026-09-06T17:19:30Z,2023-12-27,2023-12-27,59.91,60.21,59.91,60.67,59.65,60.58,6787500,1.0,30.0,31.0,49158.64,49098.73,1797.3,1857.21,100001.25,100008.37,0.1,0.018,0.0186,100.0,1.0,1.0,0.5,55.58,0.6651,0.8119,-0.1468,62.5634,57.5626,60.063,60.063,57.9422,0.007263,0.020139,-0.034665,,,,,prob_above_buy_threshold,prob_above_buy_threshold,2026-05-15,1.0,2026-09-06T17:19:30Z,10.62,0.0,-8.549061
lr,Regresja logistyczna,MSFT,logistic_regression,logistic_regression,logistic_regression,binary,binary-2026-08,D-lr-f7b37c6447e2,S-MSFT-logistic_regression-20231228-db561b,T-lr-99a26daf97d2,BUY,2026-09-06T17:19:30Z,2023-12-28,2023-12-28,375.37,374.07,375.37,376.46,374.16,375.28,14327000,1.0,31.0,32.0,49098.73,48723.36,11636.47,12011.84,100102.2,100102.11,0.1,0.1162,0.12,99.99,0.9997,0.9999,0.5,56.91,2.5954,3.2097,-0.6144,378.2657,367.1773,372.7215,372.7215,362.6514,0.002025,-0.020065,0.091771,,,,,prob_above_buy_threshold,prob_above_buy_threshold,2026-05-15,1.0,2026-09-06T17:19:30Z,10.62,0.0,-8.549061
lr,Regresja logistyczna,JPM,logistic_regression,logistic_regression,logistic_regression,binary,binary-2026-08,D-lr-7de54adaa376,S-JPM-logistic_regression-20231228-a81fa3,T-lr-ac9624bb3568,BUY,2026-09-06T17:19:30Z,2023-12-28,2023-12-28,169.35,169.4,169.35,170.66,169.0,170.3,6320100,1.0,31.0,32.0,48723.36,48554.01,5249.85,5419.2,100102.2,100103.06,0.1,0.0524,0.0541,77.69,0.5537,0.7769,0.5,82.2,4.7547,4.459,0.2958,172.5789,152.8831,162.731,162.731,152.6714,-0.001174,0.011568,0.014269,,,,,prob_above_buy_threshold,prob_above_buy_threshold,2026-05-15,1.0,2026-09-06T17:19:30Z,10.62,0.0,-8.549061
lr,Regresja logistyczna,XOM,logistic_regression,logistic_regression,logistic_regression,binary,binary-2026-08,D-lr-2796d9487889,S-XOM-logistic_regression-20231228-246097,T-lr-c6b3c115e2bc,BUY,2026-09-06T17:19:30Z,2023-12-28,2023-12-28,101.39,101.66,101.39,101.61,100.13,100.19,16329300,1.0,31.0,32.0,48554.01,48452.62,3143.09,3244.48,100102.2,100101.86,0.1,0.0314,0.0324,66.93,0.3387,0.6693,0.5,42.3,-0.6906,-0.9857,0.295,103.9151,97.9139,100.9145,100.9145,103.937,-0.002096,0.024354,0.029344,,,,,prob_above_buy_threshold,prob_above_buy_threshold,2026-05-15,1.0,2026-09-06T17:19:30Z,10.62,0.0,-8.549061
lr,Regresja logistyczna,JNJ,logistic_regression,logistic_regression,logistic_regression,binary,binary-2026-08,D-lr-2b54d30af8ee,S-JNJ-logistic_regression-20231228-1d1c66,T-lr-41d3b33f98d6,BUY,2026-09-06T17:19:30Z,2023-12-28,2023-12-28,156.0,156.35,156.0,157.24,155.99,156.58,4377500,1.0,31.0,32.0,48452.62,48296.62,4836.0,4992.0,100102.2,100102.44,0.1,0.0483,0.0499,99.99,0.9999,0.9999,0.5,57.01,0.8108,0.8494,-0.0386,158.7567,153.1833,155.97,155.97,152.457,0.001022,0.029059,0.017754,,,,,prob_above_buy_threshold,prob_above_buy_threshold,2026-05-15,1.0,2026-09-06T17:19:30Z,10.62,0.0,-8.549061
lr,Regresja logistyczna,UNH,logistic_regression,logistic_regression,logistic_regression,binary,binary-2026-08,D-lr-262d91f042c2,S-UNH-logistic_regression-20231228-5e1837,T-lr-00d29cb55394,BUY,2026-09-06T17:19:30Z,2023-12-28,2023-12-28,523.47,522.79,523.47,527.87,522.94,524.9,2001000,1.0,31.0,32.0,48296.62,47773.15,16227.57,16751.04,100102.2,100103.87,0.1,0.1621,0.1673,100.0,1.0,1.0,0.5,42.28,-4.8466,-2.7761,-2.0705,562.0386,510.4054,536.222,536.222,535.6714,0.002991,0.023776,-0.038788,,,,,prob_above_buy_threshold,prob_above_buy_threshold,2026-05-15,1.0,2026-09-06T17:19:30Z,10.62,0.0,-8.549061
lr,Regresja logistyczna,PG,logistic_regression,logistic_regression,logistic_regression,binary,binary-2026-08,D-lr-9c4a4e467348,S-PG-logistic_regression-20231228-c83190,T-lr-352c795d50ea,BUY,2026-09-06T17:19:30Z,2023-12-28,2023-12-28,146.0,146.06,146.0,146.01,145.04,145.73,5023000,1.0,31.0,32.0,47773.15,47627.15,4526.0,4672.0,100102.2,100103.6,0.1,0.0452,0.0467,100.0,1.0,1.0,0.5,45.0,-1.1556,-1.208,0.0524,152.2269,141.3511,146.789,146.789,148.9654,0.005558,0.011597,0.071571,,,,,prob_above_buy_threshold,prob_above_buy_threshold,2026-05-15,1.0,2026-09-06T17:19:30Z,10.62,0.0,-8.549061
lr,Regresja logistyczna,KO,logistic_regression,logistic_regression,logistic_regression,binary,binary-2026-08,D-lr-c2cbfd704823,S-KO-logistic_regression-20231228-f95384,T-lr-6fe45ea95f60,BUY,2026-09-06T17:19:30Z,2023-12-28,2023-12-28,58.65,58.71,58.65,58.87,58.53,58.75,8400100,1.0,31.0,32.0,47627.15,47568.5,1818.15,1876.8,100102.2,100103.7,0.1,0.0182,0.0187,99.99,0.9997,0.9999,0.5,54.99,0.2407,0.3542,-0.1136,59.6378,57.7702,58.704,58.704,57.4956,0.003064,0.01566,0.016681,,,,,prob_above_buy_threshold,prob_above_buy_threshold,2026-05-15,1.0,2026-09-06T17:19:30Z,10.62,0.0,-8.549061
lr,Regresja logistyczna,WMT,logistic_regression,logistic_regression,logistic_regression,binary,binary-2026-08,D-lr-6fad4cb747a3,S-WMT-logistic_regression-20231228-871eb8,T-lr-c993c6139ff6,BUY,2026-09-06T17:19:30Z,2023-12-28,2023-12-28,52.59,52.6267,52.59,52.7767,52.5,52.5233,16776000,1.0,31.0,32.0,47568.5,47515.91,1630.29,1682.88,100102.2,100103.63,0.1,0.0163,0.0168,99.73,0.9947,0.9973,0.5,54.65,-0.1166,-0.3889,0.2724,52.7778,50.1055,51.4417,51.4417,52.8922,0.000508,-0.005458,0.047407,,,,,prob_above_buy_threshold,prob_above_buy_threshold,2026-05-15,1.0,2026-09-06T17:19:30Z,10.62,0.0,-8.549061
lr,Regresja logistyczna,NEE,logistic_regression,logistic_regression,logistic_regression,binary,binary-2026-08,D-lr-a2fe8b8cf82f,S-NEE-logistic_regression-20231228-d668fe,T-lr-e4f79b9d00bc,BUY,2026-09-06T17:19:30Z,2023-12-28,2023-12-28,60.12,60.58,60.12,61.1,60.12,61.02,5981900,1.0,31.0,32.0,47515.91,47455.79,1863.72,1923.84,100102.2,100104.53,0.1,0.0186,0.0192,100.0,1.0,1.0,0.5,57.66,0.6745,0.7844,-0.1099,62.6011,57.7909,60.196,60.196,58.0792,-0.004589,0.017371,-0.023763,,,,,prob_above_buy_threshold,prob_above_buy_threshold,2026-05-15,1.0,2026-09-06T17:19:30Z,10.62,0.0,-8.549061
lr,Regresja logistyczna,MSFT,logistic_regression,logistic_regression,logistic_regression,binary,binary-2026-08,D-lr-420699c3b774,S-MSFT-logistic_regression-20231229-e7ea00,T-lr-b4b02ab42ca9,BUY,2026-09-06T17:19:30Z,2023-12-29,2023-12-29,376.0,375.28,376.0,377.16,373.48,376.04,18730800,1.0,32.0,33.0,47455.79,47079.79,12032.0,12408.0,100194.67,100194.71,0.1,0.1201,0.1238,99.98,0.9997,0.9998,0.5,57.83,2.6153,3.0908,-0.4755,377.5979,367.5581,372.578,372.578,363.57,-0.013749,-0.00359,0.08656,,,,,prob_above_buy_threshold,prob_above_buy_threshold,2026-05-15,1.0,2026-09-06T17:19:30Z,10.62,0.0,-8.549061
lr,Regresja logistyczna,JPM,logistic_regression,logistic_regression,logistic_regression,binary,binary-2026-08,D-lr-1f1dcc6435d0,S-JPM-logistic_regression-20231229-e3ad49,T-lr-5d1e4bfe3326,BUY,2026-09-06T17:19:30Z,2023-12-29,2023-12-29,170.0,170.3,170.0,170.69,169.63,170.1,6435100,1.0,32.0,33.0,47079.79,46909.79,5440.0,5610.0,100194.67,100194.81,0.1,0.0543,0.056,79.4,0.5879,0.794,0.5,81.07,4.7223,4.5116,0.2107,173.2823,153.5817,163.432,163.432,153.1552,0.01164,0.011287,0.036273,,,,,prob_above_buy_threshold,prob_above_buy_threshold,2026-05-15,1.0,2026-09-06T17:19:30Z,10.62,0.0,-8.549061
lr,Regresja logistyczna,XOM,logistic_regression,logistic_regression,logistic_regression,binary,binary-2026-08,D-lr-b5c9d9df8a6e,S-XOM-logistic_regression-20231229-6710fd,T-lr-2c9945de03d4,BUY,2026-09-06T17:19:30Z,2023-12-29,2023-12-29,100.37,100.19,100.37,100.59,99.62,99.98,17746400,1.0,32.0,33.0,46909.79,46809.42,3211.84,3312.21,100194.67,100194.42,0.1,0.0321,0.0331,74.78,0.4957,0.7478,0.5,41.58,-0.7447,-0.9375,0.1927,103.6809,97.8721,100.7765,100.7765,103.6776,0.023805,0.009402,0.04871,,,,,prob_above_buy_threshold,prob_above_buy_threshold,2026-05-15,1.0,2026-09-06T17:19:30Z,10.62,0.0,-8.549061
lr,Regresja logistyczna,JNJ,logistic_regression,logistic_regression,logistic_regression,binary,binary-2026-08,D-lr-b55ea0dae821,S-JNJ-logistic_regression-20231229-e9226a,T-lr-72e0d3c029fd,BUY,2026-09-06T17:19:30Z,2023-12-29,2023-12-29,156.51,156.58,156.51,156.9,155.98,156.74,4313700,1.0,32.0,33.0,46809.42,46652.91,5008.32,5164.83,100194.67,100194.65,0.1,0.05,0.0515,99.99,0.9999,0.9999,0.5,57.54,0.8398,0.8474,-0.0077,158.8122,153.3358,156.074,156.074,152.5372,0.020607,0.03056,0.012951,,,,,prob_above_buy_threshold,prob_above_buy_threshold,2026-05-15,1.0,2026-09-06T17:19:30Z,10.62,0.0,-8.549061
lr,Regresja logistyczna,UNH,logistic_regression,logistic_regression,logistic_regression,binary,binary-2026-08,D-lr-c861f2e62746,S-UNH-logistic_regression-20231229-86e7a7,T-lr-4fdb8e43359b,BUY,2026-09-06T17:19:30Z,2023-12-29,2023-12-29,525.98,524.9,525.98,528.24,523.92,526.47,2080100,1.0,32.0,33.0,46652.91,46126.93,16831.36,17357.34,100194.67,100195.14,0.1,0.168,0.1732,100.0,1.0,1.0,0.5,44.12,-4.554,-3.1317,-1.4223,559.8449,509.9491,534.897,534.897,535.4796,0.024446,0.01909,-0.043421,,,,,prob_above_buy_threshold,prob_above_buy_threshold,2026-05-15,1.0,2026-09-06T17:19:30Z,10.62,0.0,-8.549061
lr,Regresja logistyczna,PG,logistic_regression,logistic_regression,logistic_regression,binary,binary-2026-08,D-lr-861b57fc587c,S-PG-logistic_regression-20231229-5d1090,T-lr-4e236f2c1418,BUY,2026-09-06T17:19:30Z,2023-12-29,2023-12-29,146.0,145.73,146.0,146.96,145.73,146.54,5300900,1.0,32.0,33.0,46126.93,45980.93,4672.0,4818.0,100194.67,100195.68,0.1,0.0466,0.0481,100.0,1.0,1.0,0.5,47.99,-1.0205,-1.1705,0.15,150.916,141.964,146.44,146.44,148.8956,0.015013,0.014672,0.074724,,,,,prob_above_buy_threshold,prob_above_buy_threshold,2026-05-15,1.0,2026-09-06T17:19:30Z,10.62,0.0,-8.549061
lr,Regresja logistyczna,KO,logistic_regression,logistic_regression,logistic_regression,binary,binary-2026-08,D-lr-fdd3e20de28b,S-KO-logistic_regression-20231229-a857af,T-lr-971e6102b8a4,BUY,2026-09-06T17:19:30Z,2023-12-29,2023-12-29,58.74,58.75,58.74,58.98,58.63,58.93,9244300,1.0,32.0,33.0,45980.93,45922.19,1879.68,1938.42,100194.67,100195.87,0.1,0.0188,0.0193,99.99,0.9999,0.9999,0.5,56.8,0.2504,0.3335,-0.0831,59.659,57.798,58.7285,58.7285,57.5932,0.015103,0.020024,0.01646,,,,,prob_above_buy_threshold,prob_above_buy_threshold,2026-05-15,1.0,2026-09-06T17:19:30Z,10.62,0.0,-8.549061
lr,Regresja logistyczna,WMT,logistic_regression,logistic_regression,logistic_regression,binary,binary-2026-08,D-lr-cd997a297142,S-WMT-logistic_regression-20231229-4493c8,T-lr-de5f721ae9d3,BUY,2026-09-06T17:19:30Z,2023-12-29,2023-12-29,52.51,52.5233,52.51,52.6933,52.3867,52.55,21948300,1.0,32.0,33.0,45922.19,45869.68,1680.32,1732.83,100194.67,100195.91,0.1,0.0168,0.0173,99.86,0.9972,0.9986,0.5,54.87,-0.0541,-0.322,0.2679,52.8833,50.0653,51.4743,51.4743,52.8663,0.010403,0.003806,0.050365,,,,,prob_above_buy_threshold,prob_above_buy_threshold,2026-05-15,1.0,2026-09-06T17:19:30Z,10.62,0.0,-8.549061
lr,Regresja logistyczna,NEE,logistic_regression,logistic_regression,logistic_regression,binary,binary-2026-08,D-lr-e0a4a9d569f6,S-NEE-logistic_regression-20231229-eb8c1a,T-lr-4445f4e866fa,BUY,2026-09-06T17:19:30Z,2023-12-29,2023-12-29,60.8,61.02,60.8,61.06,60.27,60.74,6814600,1.0,32.0,33.0,45869.68,45808.88,1945.6,2006.4,100194.67,100195.85,0.1,0.0194,0.02,100.0,1.0,1.0,0.5,55.87,0.6518,0.7579,-0.1061,62.5934,58.0216,60.3075,60.3075,58.2292,0.013665,0.035891,-0.024037,,,,,prob_above_buy_threshold,prob_above_buy_threshold,2026-05-15,1.0,2026-09-06T17:19:30Z,10.62,0.0,-8.549061
lr,Regresja logistyczna,MSFT,logistic_regression,logistic_regression,logistic_regression,binary,binary-2026-08,D-lr-78b25f4281cf,S-MSFT-logistic_regression-20240102-c68131,T-lr-c519306116a0,BUY,2026-09-06T17:19:30Z,2024-01-02,2024-01-02,373.86,376.04,373.86,375.9,366.77,370.87,25258600,1.0,33.0,34.0,45808.88,45435.02,12337.38,12711.24,100847.82,100844.83,0.1,0.1223,0.126,99.99,0.9997,0.9999,0.5,49.96,2.1887,2.9104,-0.7217,377.3864,367.4056,372.396,372.396,364.361,-0.000728,0.013266,0.07202,,,,,prob_above_buy_threshold,prob_above_buy_threshold,2026-05-15,1.0,2026-09-06T17:19:30Z,10.62,0.0,-8.549061
lr,Regresja logistyczna,JPM,logistic_regression,logistic_regression,logistic_regression,binary,binary-2026-08,D-lr-8edd163cae7c,S-JPM-logistic_regression-20240102-e56930,T-lr-630e6ecdaf43,BUY,2026-09-06T17:19:30Z,2024-01-02,2024-01-02,169.09,170.1,169.09,172.17,168.91,172.08,9977400,1.0,33.0,34.0,45435.02,45265.93,5579.97,5749.06,100847.82,100847.82,0.1,0.0553,0.057,78.05,0.5609,0.7805,0.5,83.49,4.801,4.5695,0.2315,174.2425,154.1455,164.194,164.194,153.691,-0.004358,-0.008252,0.01325,,,,,prob_above_buy_threshold,prob_above_buy_threshold,2026-05-15,1.0,2026-09-06T17:19:30Z,10.62,0.0,-8.549061
lr,Regresja logistyczna,XOM,logistic_regression,logistic_regression,logistic_regression,binary,binary-2026-08,D-lr-42c44433a41a,S-XOM-logistic_regression-20240102-8e585f,T-lr-4aa1256c2904,BUY,2026-09-06T17:19:30Z,2024-01-02,2024-01-02,100.92,99.98,100.92,103.1,100.85,102.36,23483000,1.0,33.0,34.0,45265.93,45165.01,3330.36,3431.28,100847.82,100849.26,0.1,0.033,0.034,76.54,0.5308,0.7654,0.5,51.6,-0.5888,-0.8677,0.279,103.5652,97.9248,100.745,100.745,103.4644,0.008402,-0.02628,0.004396,,,,,prob_above_buy_threshold,prob_above_buy_threshold,2026-05-15,1.0,2026-09-06T17:19:30Z,10.62,0.0,-8.549061
lr,Regresja logistyczna,JNJ,logistic_regression,logistic_regression,logistic_regression,binary,binary-2026-08,D-lr-277621fbec9d,S-JNJ-logistic_regression-20240102-a4a22a,T-lr-effeb4325992,BUY,2026-09-06T17:19:30Z,2024-01-02,2024-01-02,156.93,156.74,156.93,161.64,156.79,159.97,9622100,1.0,33.0,34.0,45165.01,45008.08,5178.69,5335.62,100847.82,100852.3,0.1,0.0514,0.0529,100.0,0.9999,1.0,0.5,66.46,1.1106,0.9001,0.2105,159.2267,153.0803,156.1535,156.1535,152.6902,0.006251,0.010377,-0.006689,,,,,prob_above_buy_threshold,prob_above_buy_threshold,2026-05-15,1.0,2026-09-06T17:19:30Z,10.62,0.0,-8.549061
lr,Regresja logistyczna,UNH,logistic_regression,logistic_regression,logistic_regression,binary,binary-2026-08,D-lr-0fca8f23e270,S-UNH-logistic_regression-20240102-d42190,T-lr-4de15eafbd33,BUY,2026-09-06T17:19:30Z,2024-01-02,2024-01-02,526.84,526.47,526.84,539.66,526.67,539.34,3415700,1.0,33.0,34.0,45008.08,44481.24,17385.72,17912.56,100847.82,100864.8,0.1,0.1724,0.1776,100.0,1.0,1.0,0.5,56.41,-3.2462,-3.1546,-0.0916,558.9121,510.0999,534.506,534.506,535.6338,0.004988,-0.001799,-0.051174,,,,,prob_above_buy_threshold,prob_above_buy_threshold,2026-05-15,1.0,2026-09-06T17:19:30Z,10.62,0.0,-8.549061
lr,Regresja logistyczna,PG,logistic_regression,logistic_regression,logistic_regression,binary,binary-2026-08,D-lr-e949afd134ea,S-PG-logistic_regression-20240102-626ef1,T-lr-91129b6d8f70,BUY,2026-09-06T17:19:30Z,2024-01-02,2024-01-02,146.36,146.54,146.36,149.41,146.31,148.74,7238400,1.0,33.0,34.0,44481.24,44334.88,4829.88,4976.24,100847.82,100867.18,0.1,0.0479,0.0493,100.0,1.0,1.0,0.5,55.13,-0.7275,-1.0819,0.3544,149.8774,142.6106,146.244,146.244,148.9054,-0.006051,0.003765,0.056474,,,,,prob_above_buy_threshold,prob_above_buy_threshold,2026-05-15,1.0,2026-09-06T17:19:30Z,10.62,0.0,-8.549061
lr,Regresja logistyczna,KO,logistic_regression,logistic_regression,logistic_regression,binary,binary-2026-08,D-lr-121ef2cef16d,S-KO-logistic_regression-20240102-5e18e9,T-lr-b4c7a6332036,BUY,2026-09-06T17:19:30Z,2024-01-02,2024-01-02,58.8,58.93,58.8,59.88,58.67,59.82,16322600,1.0,33.0,34.0,44334.88,44276.08,1940.4,1999.2,100847.82,100868.2,0.1,0.0192,0.0198,99.99,0.9998,0.9999,0.5,64.39,0.3262,0.332,-0.0058,59.8309,57.7441,58.7875,58.7875,57.7026,0.00234,0.003009,-0.005517,,,,,prob_above_buy_threshold,prob_above_buy_threshold,2026-05-15,1.0,2026-09-06T17:19:30Z,10.62,0.0,-8.549061
lr,Regresja logistyczna,WMT,logistic_regression,logistic_regression,logistic_regression,binary,binary-2026-08,D-lr-1b7279df5408,S-WMT-logistic_regression-20240102-351605,T-lr-9c0b6ac00edd,BUY,2026-09-06T17:19:30Z,2024-01-02,2024-01-02,52.4167,52.55,52.4167,53.18,52.3967,53.0967,23539800,1.0,33.0,34.0,44276.08,44223.66,1729.75,1782.17,100847.82,100868.88,0.1,0.0172,0.0177,99.76,0.9952,0.9976,0.5,59.22,0.0391,-0.2497,0.2889,53.133,49.9807,51.5568,51.5568,52.8564,6.3e-05,0.000126,0.037416,,,,,prob_above_buy_threshold,prob_above_buy_threshold,2026-05-15,1.0,2026-09-06T17:19:30Z,10.62,0.0,-8.549061
lr,Regresja logistyczna,NEE,logistic_regression,logistic_regression,logistic_regression,binary,binary-2026-08,D-lr-1d7f3229496f,S-NEE-logistic_regression-20240102-cb9ad8,T-lr-034661d2cc43,BUY,2026-09-06T17:19:30Z,2024-01-02,2024-01-02,60.55,60.74,60.55,62.15,60.18,61.57,10064300,1.0,33.0,34.0,44223.66,44163.11,1998.15,2058.7,100847.82,100869.9,0.1,0.0198,0.0204,100.0,1.0,1.0,0.5,59.85,0.6928,0.7449,-0.0521,62.7139,58.1411,60.4275,60.4275,58.4128,0.006822,0.007146,-0.047751,,,,,prob_above_buy_threshold,prob_above_buy_threshold,2026-05-15,1.0,2026-09-06T17:19:30Z,10.62,0.0,-8.549061
lr,Regresja logistyczna,MSFT,logistic_regression,logistic_regression,logistic_regression,binary,binary-2026-08,D-lr-3ba811b886d9,S-MSFT-logistic_regression-20240103-f18b12,T-lr-7ff493507a84,BUY,2026-09-06T17:19:30Z,2024-01-03,2024-01-03,369.01,370.87,369.01,373.26,368.51,370.6,23083500,1.0,34.0,35.0,44163.11,43794.1,12546.34,12915.35,100978.47,100980.06,0.1,0.1242,0.1279,99.98,0.9996,0.9998,0.5,49.59,1.808,2.6899,-0.8819,377.3071,367.6309,372.469,372.469,365.2396,-0.007178,0.032839,0.08953,,,,,prob_above_buy_threshold,prob_above_buy_threshold,2026-05-15,1.0,2026-09-06T17:19:30Z,10.62,0.0,-8.549061
lr,Regresja logistyczna,JPM,logistic_regression,logistic_regression,logistic_regression,binary,binary-2026-08,D-lr-75c21929d6bc,S-JPM-logistic_regression-20240103-dd4b58,T-lr-d3741dab97e5,BUY,2026-09-06T17:19:30Z,2024-01-03,2024-01-03,171.86,172.08,171.86,172.04,170.37,171.33,9852300,1.0,34.0,35.0,43794.1,43622.24,5843.24,6015.1,100978.47,100979.53,0.1,0.0579,0.0596,82.71,0.6541,0.8271,0.5,79.36,4.7482,4.6052,0.1429,174.9446,154.7774,164.861,164.861,154.2586,0.000467,-0.001809,0.014008,,,,,prob_above_buy_threshold,prob_above_buy_threshold,2026-05-15,1.0,2026-09-06T17:19:30Z,10.62,0.0,-8.549061
lr,Regresja logistyczna,XOM,logistic_regression,logistic_regression,logistic_regression,binary,binary-2026-08,D-lr-24a0cb0b6a32,S-XOM-logistic_regression-20240103-dea60a,T-lr-f85a7604993e,BUY,2026-09-06T17:19:30Z,2024-01-03,2024-01-03,102.27,102.36,102.27,103.62,101.66,103.22,23490800,1.0,34.0,35.0,43622.24,43519.97,3477.18,3579.45,100978.47,100980.48,0.1,0.0344,0.0354,72.79,0.4557,0.7279,0.5,54.62,-0.3913,-0.7724,0.3812,103.7178,97.8512,100.7845,100.7845,103.3072,-0.008719,-0.043887,-0.008041,,,,,prob_above_buy_threshold,prob_above_buy_threshold,2026-05-15,1.0,2026-09-06T17:19:30Z,10.62,0.0,-8.549061
lr,Regresja logistyczna,JNJ,logistic_regression,logistic_regression,logistic_regression,binary,binary-2026-08,D-lr-d4c73f97fe04,S-JNJ-logistic_regression-20240103-204f43,T-lr-18d7293334b2,BUY,2026-09-06T17:19:30Z,2024-01-03,2024-01-03,160.64,159.97,160.64,161.44,159.8,160.97,8232000,1.0,34.0,35.0,43519.97,43359.33,5461.76,5622.4,100978.47,100980.81,0.1,0.0541,0.0557,99.99,0.9999,0.9999,0.5,68.66,1.3899,0.998,0.3918,159.8012,152.7148,156.258,156.258,152.8496,-0.002112,0.005591,-0.016214,,,,,prob_above_buy_threshold,prob_above_buy_threshold,2026-05-15,1.0,2026-09-06T17:19:30Z,10.62,0.0,-8.549061
lr,Regresja logistyczna,UNH,logistic_regression,logistic_regression,logistic_regression,binary,binary-2026-08,D-lr-363399513570,S-UNH-logistic_regression-20240103-96eb76,T-lr-125414c3a5ff,BUY,2026-09-06T17:19:30Z,2024-01-03,2024-01-03,543.04,539.34,543.04,546.79,539.48,542.03,2891400,1.0,34.0,35.0,43359.33,42816.29,18463.36,19006.4,100978.47,100979.8,0.1,0.1828,0.1882,100.0,1.0,1.0,0.5,58.46,-1.97,-2.9177,0.9477,558.0397,510.3473,534.1935,534.1935,535.9338,0.006254,-0.008099,-0.064369,,,,,prob_above_buy_threshold,prob_above_buy_threshold,2026-05-15,1.0,2026-09-06T17:19:30Z,10.62,0.0,-8.549061
lr,Regresja logistyczna,PG,logistic_regression,logistic_regression,logistic_regression,binary,binary-2026-08,D-lr-3b1d139b92e2,S-PG-logistic_regression-20240103-9e8827,T-lr-ac012c0d1462,BUY,2026-09-06T17:19:30Z,2024-01-03,2024-01-03,148.34,148.74,148.34,149.2,147.18,147.84,7697500,1.0,34.0,35.0,42816.29,42667.95,5043.56,5191.9,100978.47,100979.3,0.1,0.0499,0.0514,100.0,1.0,1.0,0.5,51.99,-0.5615,-0.9778,0.4164,148.6344,143.4316,146.033,146.033,148.9012,0.005479,0.014205,0.076705,,,,,prob_above_buy_threshold,prob_above_buy_threshold,2026-05-15,1.0,2026-09-06T17:19:30Z,10.62,0.0,-8.549061
lr,Regresja logistyczna,KO,logistic_regression,logistic_regression,logistic_regression,binary,binary-2026-08,D-lr-058e663abd81,S-KO-logistic_regression-20240103-dd3f5a,T-lr-59a542f75c79,BUY,2026-09-06T17:19:30Z,2024-01-03,2024-01-03,59.93,59.82,59.93,60.2,59.76,59.96,14830600,1.0,34.0,35.0,42667.95,42608.02,2037.62,2097.55,100978.47,100979.33,0.1,0.0202,0.0208,99.99,0.9998,0.9999,0.5,65.42,0.393,0.3442,0.0488,60.0123,57.7017,58.857,58.857,57.8104,-0.003336,0.004003,0.017011,,,,,prob_above_buy_threshold,prob_above_buy_threshold,2026-05-15,1.0,2026-09-06T17:19:30Z,10.62,0.0,-8.549061
lr,Regresja logistyczna,WMT,logistic_regression,logistic_regression,logistic_regression,binary,binary-2026-08,D-lr-6a51b99a2540,S-WMT-logistic_regression-20240103-1a9516,T-lr-57a42794fd3d,BUY,2026-09-06T17:19:30Z,2024-01-03,2024-01-03,53.2567,53.0967,53.2567,53.4333,52.9767,53.1,18756000,1.0,34.0,35.0,42608.02,42554.76,1810.73,1863.98,100978.47,100979.17,0.1,0.0179,0.0185,99.68,0.9936,0.9968,0.5,59.24,0.112,-0.1774,0.2894,53.3518,49.9285,51.6402,51.6402,52.86,-0.009667,0.012492,0.05656,,,,,prob_above_buy_threshold,prob_above_buy_threshold,2026-05-15,1.0,2026-09-06T17:19:30Z,10.62,0.0,-8.549061
lr,Regresja logistyczna,NEE,logistic_regression,logistic_regression,logistic_regression,binary,binary-2026-08,D-lr-e30a4aed8675,S-NEE-logistic_regression-20240103-99d20d,T-lr-db522ce61a32,BUY,2026-09-06T17:19:30Z,2024-01-03,2024-01-03,61.11,61.57,61.11,62.12,60.46,61.99,10306300,1.0,34.0,35.0,42554.76,42493.65,2077.74,2138.85,100978.47,100980.05,0.1,0.0206,0.0212,100.0,1.0,1.0,0.5,61.73,0.7506,0.746,0.0046,62.8269,58.3601,60.5935,60.5935,58.6134,-0.003065,0.004678,-0.036135,,,,,prob_above_buy_threshold,prob_above_buy_threshold,2026-05-15,1.0,2026-09-06T17:19:30Z,10.62,0.0,-8.549061
lr,Regresja logistyczna,MSFT,logistic_regression,logistic_regression,logistic_regression,binary,binary-2026-08,D-lr-b4135dbc197d,S-MSFT-logistic_regression-20240104-49c037,T-lr-bc8fccee4b2c,BUY,2026-09-06T17:19:30Z,2024-01-04,2024-01-04,370.67,370.6,370.67,373.1,367.17,367.94,20901500,1.0,35.0,36.0,42493.65,42122.98,12973.45,13344.12,100961.74,100959.01,0.1,0.1285,0.1322,99.98,0.9997,0.9998,0.5,45.89,1.2769,2.4073,-1.1304,377.4649,367.0151,372.24,372.24,366.012,-0.000516,0.045361,0.117628,,,,,prob_above_buy_threshold,prob_above_buy_threshold,2026-05-15,1.0,2026-09-06T17:19:30Z,10.62,0.0,-8.549061
lr,Regresja logistyczna,JPM,logistic_regression,logistic_regression,logistic_regression,binary,binary-2026-08,D-lr-fd0f96d75883,S-JPM-logistic_regression-20240104-885826,T-lr-7f1a350ebb0d,BUY,2026-09-06T17:19:30Z,2024-01-04,2024-01-04,170.64,171.33,170.64,173.35,170.54,171.41,11972500,1.0,35.0,36.0,42122.98,41952.34,5972.4,6143.04,100961.74,100959.78,0.1,0.0592,0.0608,79.81,0.5963,0.7981,0.5,79.47,4.659,4.616,0.043,175.4806,155.5854,165.533,165.533,154.8668,0.005017,-0.006476,0.019369,,,,,prob_above_buy_threshold,prob_above_buy_threshold,2026-05-15,1.0,2026-09-06T17:19:30Z,10.62,0.0,-8.549061
lr,Regresja logistyczna,XOM,logistic_regression,logistic_regression,logistic_regression,binary,binary-2026-08,D-lr-80988c47d0e1,S-XOM-logistic_regression-20240104-0de3a8,T-lr-8a4f8d46ed13,BUY,2026-09-06T17:19:30Z,2024-01-04,2024-01-04,104.08,103.22,104.08,104.57,102.05,102.32,19395200,1.0,35.0,36.0,41952.34,41848.26,3642.8,3746.88,100961.74,100958.02,0.1,0.0361,0.0371,71.13,0.4226,0.7113,0.5,51.03,-0.3039,-0.6787,0.3749,103.8813,97.8757,100.8785,100.8785,103.1646,0.00303,-0.035672,-0.003421,,,,,prob_above_buy_threshold,prob_above_buy_threshold,2026-05-15,1.0,2026-09-06T17:19:30Z,10.62,0.0,-8.549061
lr,Regresja logistyczna,JNJ,logistic_regression,logistic_regression,logistic_regression,binary,binary-2026-08,D-lr-5eb0c55872a9,S-JNJ-logistic_regression-20240104-35c193,T-lr-068596e1f73e,BUY,2026-09-06T17:19:30Z,2024-01-04,2024-01-04,161.59,160.97,161.59,161.98,160.42,160.63,6766600,1.0,35.0,36.0,41848.26,41686.67,5655.65,5817.24,100961.74,100957.06,0.1,0.056,0.0576,99.99,0.9999,0.9999,0.5,67.05,1.5657,1.1116,0.4541,160.2714,152.4526,156.362,156.362,153.0344,0.003113,0.003237,-0.025026,,,,,prob_above_buy_threshold,prob_above_buy_threshold,2026-05-15,1.0,2026-09-06T17:19:30Z,10.62,0.0,-8.549061
lr,Regresja logistyczna,UNH,logistic_regression,logistic_regression,logistic_regression,binary,binary-2026-08,D-lr-da6fd26688ff,S-UNH-logistic_regression-20240104-1b10be,T-lr-550174f13d7c,BUY,2026-09-06T17:19:30Z,2024-01-04,2024-01-04,545.0,542.03,545.0,549.0,543.0,545.42,2994400,1.0,35.0,36.0,41686.67,41141.67,19075.0,19620.0,100961.74,100957.48,0.1,0.1889,0.1943,100.0,1.0,1.0,0.5,60.96,-0.6772,-2.4696,1.7924,557.2322,510.6709,533.9515,533.9515,536.4108,-0.014741,-0.010524,-0.064519,,,,,prob_above_buy_threshold,prob_above_buy_threshold,2026-05-15,1.0,2026-09-06T17:19:30Z,10.62,0.0,-8.549061
lr,Regresja logistyczna,PG,logistic_regression,logistic_regression,logistic_regression,binary,binary-2026-08,D-lr-82f7dcebb7d4,S-PG-logistic_regression-20240104-fdde04,T-lr-97bab5be2005,BUY,2026-09-06T17:19:30Z,2024-01-04,2024-01-04,148.05,147.84,148.05,149.27,147.77,148.65,7067400,1.0,35.0,36.0,41141.67,40993.62,5181.75,5329.8,100961.74,100958.08,0.1,0.0513,0.0528,100.0,1.0,1.0,0.5,54.5,-0.3604,-0.8543,0.494,148.9552,143.2998,146.1275,146.1275,148.9112,-0.008274,0.012513,0.063505,,,,,prob_above_buy_threshold,prob_above_buy_threshold,2026-05-15,1.0,2026-09-06T17:19:30Z,10.62,0.0,-8.549061
lr,Regresja logistyczna,KO,logistic_regression,logistic_regression,logistic_regression,binary,binary-2026-08,D-lr-b31a5b3d3e86,S-KO-logistic_regression-20240104-a3fc05,T-lr-226275aa8572,BUY,2026-09-06T17:19:30Z,2024-01-04,2024-01-04,60.05,59.96,60.05,60.26,59.66,59.76,12912900,1.0,35.0,36.0,40993.62,40933.57,2101.75,2161.8,100961.74,100957.79,0.1,0.0208,0.0214,99.99,0.9999,0.9999,0.5,62.64,0.425,0.3604,0.0646,60.1277,57.6963,58.912,58.912,57.924,-0.001506,0.000837,0.013052,,,,,prob_above_buy_threshold,prob_above_buy_threshold,2026-05-15,1.0,2026-09-06T17:19:30Z,10.62,0.0,-8.549061
lr,Regresja logistyczna,WMT,logistic_regression,logistic_regression,logistic_regression,binary,binary-2026-08,D-lr-31c9a35449f8,S-WMT-logistic_regression-20240104-4e009d,T-lr-a5a873ca6955,BUY,2026-09-06T17:19:30Z,2024-01-04,2024-01-04,53.07,53.1,53.07,53.18,52.4967,52.5867,19282500,1.0,35.0,36.0,40933.57,40880.5,1857.45,1910.52,100961.74,100957.3,0.1,0.0184,0.0189,99.78,0.9955,0.9978,0.5,53.62,0.1268,-0.1166,0.2434,53.4318,49.9162,51.674,51.674,52.8383,-0.006656,0.021235,0.074861,,,,,prob_above_buy_threshold,prob_above_buy_threshold,2026-05-15,1.0,2026-09-06T17:19:30Z,10.62,0.0,-8.549061
lr,Regresja logistyczna,NEE,logistic_regression,logistic_regression,logistic_regression,binary,binary-2026-08,D-lr-b2121ab50569,S-NEE-logistic_regression-20240104-217818,T-lr-43ebe73ed516,BUY,2026-09-06T17:19:30Z,2024-01-04,2024-01-04,62.17,61.99,62.17,62.76,61.73,61.8,10568100,1.0,35.0,36.0,40880.5,40818.33,2175.95,2238.12,100961.74,100956.93,0.1,0.0216,0.0222,100.0,1.0,1.0,0.5,60.35,0.7721,0.7512,0.0209,62.7806,58.7634,60.772,60.772,58.819,0.004531,-0.017476,-0.059061,,,,,prob_above_buy_threshold,prob_above_buy_threshold,2026-05-15,1.0,2026-09-06T17:19:30Z,10.62,0.0,-8.549061
lr,Regresja logistyczna,MSFT,logistic_regression,logistic_regression,logistic_regression,binary,binary-2026-08,D-lr-94dc3441bcf0,S-MSFT-logistic_regression-20240105-8a5743,T-lr-bb0ffc3a714a,BUY,2026-09-06T17:19:30Z,2024-01-05,2024-01-05,368.97,367.94,368.97,372.06,366.5,367.75,21004600,1.0,36.0,37.0,40818.33,40449.36,13282.92,13651.89,100670.73,100669.51,0.1,0.1319,0.1356,99.98,0.9996,0.9998,0.5,45.63,0.8311,2.0921,-1.261,377.5683,366.8067,372.1875,372.1875,366.7564,0.018872,0.056343,0.103059,,,,,prob_above_buy_threshold,prob_above_buy_threshold,2026-05-15,1.0,2026-09-06T17:19:30Z,10.62,0.0,-8.549061
lr,Regresja logistyczna,JPM,logistic_regression,logistic_regression,logistic_regression,binary,binary-2026-08,D-lr-354f4ca888d0,S-JPM-logistic_regression-20240105-ff5f49,T-lr-f927a5030789,BUY,2026-09-06T17:19:30Z,2024-01-05,2024-01-05,171.47,171.41,171.47,173.38,171.47,172.27,10066000,1.0,36.0,37.0,40449.36,40277.89,6172.92,6344.39,100670.73,100670.31,0.1,0.0613,0.063,82.48,0.6495,0.8248,0.5,80.73,4.6047,4.6137,-0.009,175.7369,156.9251,166.331,166.331,155.4888,-0.001451,-0.018692,0.012945,,,,,prob_above_buy_threshold,prob_above_buy_threshold,2026-05-15,1.0,2026-09-06T17:19:30Z,10.62,0.0,-8.549061
lr,Regresja logistyczna,XOM,logistic_regression,logistic_regression,logistic_regression,binary,binary-2026-08,D-lr-34e33de99cd0,S-XOM-logistic_regression-20240105-e03736,T-lr-c8430d8ab5f8,BUY,2026-09-06T17:19:30Z,2024-01-05,2024-01-05,103.17,102.32,103.17,103.4,102.13,102.63,15827400,1.0,36.0,37.0,40277.89,40174.72,3714.12,3817.29,100670.73,100669.77,0.1,0.0369,0.0379,79.71,0.5941,0.7971,0.5,52.19,-0.2072,-0.5844,0.3772,104.0346,98.0744,101.0545,101.0545,103.0494,-0.016662,-0.026113,-0.010523,,,,,prob_above_buy_threshold,prob_above_buy_threshold,2026-05-15,1.0,2026-09-06T17:19:30Z,10.62,0.0,-8.549061
lr,Regresja logistyczna,JNJ,logistic_regression,logistic_regression,logistic_regression,binary,binary-2026-08,D-lr-e161dae998ea,S-JNJ-logistic_regression-20240105-928220,T-lr-c1d59531dee2,BUY,2026-09-06T17:19:30Z,2024-01-05,2024-01-05,160.5,160.63,160.5,161.34,159.47,161.13,5602500,1.0,36.0,37.0,40174.72,40014.22,5778.0,5938.5,100670.73,100670.4,0.1,0.0574,0.059,100.0,0.9999,1.0,0.5,68.23,1.7255,1.2344,0.4912,161.0162,152.1588,156.5875,156.5875,153.2324,0.002482,0.00782,-0.033079,,,,,prob_above_buy_threshold,prob_above_buy_threshold,2026-05-15,1.0,2026-09-06T17:19:30Z,10.62,0.0,-8.549061
lr,Regresja logistyczna,UNH,logistic_regression,logistic_regression,logistic_regression,binary,binary-2026-08,D-lr-f5221b3b6f3e,S-UNH-logistic_regression-20240105-025480,T-lr-83bce1e5d4e9,BUY,2026-09-06T17:19:30Z,2024-01-05,2024-01-05,547.0,545.42,547.0,547.0,533.73,537.38,2815400,1.0,36.0,37.0,40014.22,39467.22,19692.0,20239.0,100670.73,100660.78,0.1,0.1956,0.2011,100.0,1.0,1.0,0.5,52.84,-0.298,-2.0353,1.7372,555.5774,511.1106,533.344,533.344,536.6584,-0.0016,-0.029532,-0.064052,,,,,prob_above_buy_threshold,prob_above_buy_threshold,2026-05-15,1.0,2026-09-06T17:19:30Z,10.62,0.0,-8.549061
lr,Regresja logistyczna,PG,logistic_regression,logistic_regression,logistic_regression,binary,binary-2026-08,D-lr-e1910cb84598,S-PG-logistic_regression-20240105-2aed66,T-lr-1f5877b01230,BUY,2026-09-06T17:19:30Z,2024-01-05,2024-01-05,148.72,148.65,148.72,148.87,146.55,147.42,5294200,1.0,36.0,37.0,39467.22,39318.5,5353.92,5502.64,100670.73,100659.48,0.1,0.0532,0.0547,100.0,1.0,1.0,0.5,50.2,-0.2968,-0.7428,0.446,149.0416,143.2904,146.166,146.166,148.8616,0.008615,0.021571,0.073192,,,,,prob_above_buy_threshold,prob_above_buy_threshold,2026-05-15,1.0,2026-09-06T17:19:30Z,10.62,0.0,-8.549061
lr,Regresja logistyczna,KO,logistic_regression,logistic_regression,logistic_regression,binary,binary-2026-08,D-lr-8cc32292ca72,S-KO-logistic_regression-20240105-555376,T-lr-443311206521,BUY,2026-09-06T17:19:30Z,2024-01-05,2024-01-05,59.8,59.76,59.8,59.95,59.09,59.67,10412800,1.0,36.0,37.0,39318.5,39258.7,2152.8,2212.6,100670.73,100659.35,0.1,0.0214,0.022,99.99,0.9999,0.9999,0.5,61.37,0.438,0.3759,0.0621,60.2153,57.7157,58.9655,58.9655,58.0046,0.007374,0.012066,0.006201,,,,,prob_above_buy_threshold,prob_above_buy_threshold,2026-05-15,1.0,2026-09-06T17:19:30Z,10.62,0.0,-8.549061
lr,Regresja logistyczna,WMT,logistic_regression,logistic_regression,logistic_regression,binary,binary-2026-08,D-lr-12bd7309b496,S-WMT-logistic_regression-20240105-06b786,T-lr-9bec43f28f45,BUY,2026-09-06T17:19:30Z,2024-01-05,2024-01-05,52.64,52.5867,52.64,52.7,51.8667,52.2367,21709500,1.0,36.0,37.0,39258.7,39206.06,1895.04,1947.68,100670.73,100658.95,0.1,0.0188,0.0193,99.8,0.996,0.998,0.5,50.13,0.1091,-0.0714,0.1805,53.4859,49.9511,51.7185,51.7185,52.7947,0.009827,0.029417,0.076256,,,,,prob_above_buy_threshold,prob_above_buy_threshold,2026-05-15,1.0,2026-09-06T17:19:30Z,10.62,0.0,-8.549061
lr,Regresja logistyczna,NEE,logistic_regression,logistic_regression,logistic_regression,binary,binary-2026-08,D-lr-b886e6f99890,S-NEE-logistic_regression-20240105-9f7546,T-lr-080876d26bd4,BUY,2026-09-06T17:19:30Z,2024-01-05,2024-01-05,61.65,61.8,61.65,62.56,61.27,62.08,7803800,1.0,36.0,37.0,39206.06,39144.41,2219.4,2281.05,100670.73,100659.38,0.1,0.022,0.0227,100.0,1.0,1.0,0.5,61.71,0.8025,0.7615,0.041,62.9338,58.7982,60.866,60.866,58.9582,0.013531,-0.016753,-0.098421,,,,,prob_above_buy_threshold,prob_above_buy_threshold,2026-05-15,1.0,2026-09-06T17:19:30Z,10.62,0.0,-8.549061
lr,Regresja logistyczna,MSFT,logistic_regression,logistic_regression,logistic_regression,binary,binary-2026-08,D-lr-4e4e7b401ed4,S-MSFT-logistic_regression-20240108-87ca71,T-lr-e78e9917acf2,BUY,2026-09-06T17:19:30Z,2024-01-08,2024-01-08,369.3,367.75,369.3,375.2,369.01,374.69,23134000,1.0,37.0,38.0,39144.41,38775.11,13664.1,14033.4,100939.96,100945.35,0.1,0.1354,0.139,99.98,0.9996,0.9998,0.5,55.59,1.026,1.8789,-0.8529,377.8298,366.9192,372.3745,372.3745,367.4368,0.002936,0.041581,0.082201,,,,,prob_above_buy_threshold,prob_above_buy_threshold,2026-05-15,1.0,2026-09-06T17:19:30Z,10.62,0.0,-8.549061
lr,Regresja logistyczna,JPM,logistic_regression,logistic_regression,logistic_regression,binary,binary-2026-08,D-lr-0da7d9164d0f,S-JPM-logistic_regression-20240108-a779c8,T-lr-483608b8d5f1,BUY,2026-09-06T17:19:30Z,2024-01-08,2024-01-08,172.02,172.27,172.02,172.36,169.49,172.02,11229900,1.0,37.0,38.0,38775.11,38603.09,6364.74,6536.76,100939.96,100945.35,0.1,0.0631,0.0648,83.8,0.676,0.838,0.5,79.21,4.4897,4.5889,-0.0992,175.7191,158.4659,167.0925,167.0925,156.1212,-0.007906,-0.023428,0.017905,,,,,prob_above_buy_threshold,prob_above_buy_threshold,2026-05-15,1.0,2026-09-06T17:19:30Z,10.62,0.0,-8.549061
lr,Regresja logistyczna,XOM,logistic_regression,logistic_regression,logistic_regression,binary,binary-2026-08,D-lr-3596bd2cffa2,S-XOM-logistic_regression-20240108-e78641,T-lr-e4230d105918,BUY,2026-09-06T17:19:30Z,2024-01-08,2024-01-08,100.73,102.63,100.73,101.04,98.9,100.92,23370100,1.0,37.0,38.0,38603.09,38502.36,3727.01,3827.74,100939.96,100945.54,0.1,0.0369,0.0379,70.1,0.402,0.701,0.5,45.72,-0.2655,-0.5206,0.2551,103.906,98.453,101.1795,101.1795,102.896,-0.012386,-0.032006,0.013179,,,,,prob_above_buy_threshold,prob_above_buy_threshold,2026-05-15,1.0,2026-09-06T17:19:30Z,10.62,0.0,-8.549061
lr,Regresja logistyczna,JNJ,logistic_regression,logistic_regression,logistic_regression,binary,binary-2026-08,D-lr-3503ed478d2c,S-JNJ-logistic_regression-20240108-5a217f,T-lr-d2692205dbeb,BUY,2026-09-06T17:19:30Z,2024-01-08,2024-01-08,161.1,161.13,161.1,161.66,159.61,161.53,6569800,1.0,37.0,38.0,38502.36,38341.26,5960.7,6121.8,100939.96,100945.97,0.1,0.0591,0.0606,99.99,0.9999,0.9999,0.5,69.18,1.863,1.3601,0.5029,161.7767,152.0113,156.894,156.894,153.4316,0.000619,-0.006253,-0.021482,,,,,prob_above_buy_threshold,prob_above_buy_threshold,2026-05-15,1.0,2026-09-06T17:19:30Z,10.62,0.0,-8.549061
lr,Regresja logistyczna,UNH,logistic_regression,logistic_regression,logistic_regression,binary,binary-2026-08,D-lr-aaf68e81042b,S-UNH-logistic_regression-20240108-e0423d,T-lr-f08799936ddb,BUY,2026-09-06T17:19:30Z,2024-01-08,2024-01-08,539.4,537.38,539.4,540.25,528.0,536.52,2648900,1.0,37.0,38.0,38341.26,37801.86,19957.8,20497.2,100939.96,100943.09,0.1,0.1977,0.2031,100.0,1.0,1.0,0.5,52.04,-0.0661,-1.6414,1.5753,553.9792,511.5338,532.7565,532.7565,536.7846,0.003448,-0.032375,-0.048181,,,,,prob_above_buy_threshold,prob_above_buy_threshold,2026-05-15,1.0,2026-09-06T17:19:30Z,10.62,0.0,-8.549061
lr,Regresja logistyczna,PG,logistic_regression,logistic_regression,logistic_regression,binary,binary-2026-08,D-lr-058bb3a9dde5,S-PG-logistic_regression-20240108-a336de,T-lr-7cadf89ffef9,BUY,2026-09-06T17:19:30Z,2024-01-08,2024-01-08,147.91,147.42,147.91,148.92,147.65,148.69,8255300,1.0,37.0,38.0,37801.86,37653.95,5472.67,5620.58,100939.96,100943.87,0.1,0.0542,0.0557,100.0,1.0,1.0,0.5,54.22,-0.1423,-0.6227,0.4804,149.3534,143.1976,146.2755,146.2755,148.8234,0.004102,0.007398,0.06907,,,,,prob_above_buy_threshold,prob_above_buy_threshold,2026-05-15,1.0,2026-09-06T17:19:30Z,10.62,0.0,-8.549061
lr,Regresja logistyczna,KO,logistic_regression,logistic_regression,logistic_regression,binary,binary-2026-08,D-lr-901c3987dc07,S-KO-logistic_regression-20240108-c090b0,T-lr-0ff560241fab,BUY,2026-09-06T17:19:30Z,2024-01-08,2024-01-08,59.68,59.67,59.68,60.18,59.42,60.11,11554600,1.0,37.0,38.0,37653.95,37594.27,2208.16,2267.84,100939.96,100944.3,0.1,0.0219,0.0225,99.99,0.9997,0.9999,0.5,65.09,0.4782,0.3964,0.0819,60.3738,57.6942,59.034,59.034,58.0844,-0.00183,-0.001996,-0.002828,,,,,prob_above_buy_threshold,prob_above_buy_threshold,2026-05-15,1.0,2026-09-06T17:19:30Z,10.62,0.0,-8.549061
lr,Regresja logistyczna,WMT,logistic_regression,logistic_regression,logistic_regression,binary,binary-2026-08,D-lr-78907e69b72d,S-WMT-logistic_regression-20240108-056e60,T-lr-32ea9ed98231,BUY,2026-09-06T17:19:30Z,2024-01-08,2024-01-08,52.2333,52.2367,52.2333,52.7633,52.2267,52.75,20680800,1.0,37.0,38.0,37594.27,37542.04,1932.63,1984.87,100939.96,100944.82,0.1,0.0191,0.0197,99.68,0.9936,0.9968,0.5,54.78,0.1349,-0.0302,0.165,53.5864,50.0436,51.815,51.815,52.7647,0.006698,0.022622,0.073049,,,,,prob_above_buy_threshold,prob_above_buy_threshold,2026-05-15,1.0,2026-09-06T17:19:30Z,10.62,0.0,-8.549061
lr,Regresja logistyczna,NEE,logistic_regression,logistic_regression,logistic_regression,binary,binary-2026-08,D-lr-b5574fabc78f,S-NEE-logistic_regression-20240108-f44de8,T-lr-154e2a5e4bb4,BUY,2026-09-06T17:19:30Z,2024-01-08,2024-01-08,61.78,62.08,61.78,63.06,61.59,62.92,7766600,1.0,37.0,38.0,37542.04,37480.26,2285.86,2347.64,100939.96,100945.96,0.1,0.0226,0.0233,100.0,1.0,1.0,0.5,65.52,0.8842,0.786,0.0982,63.2147,58.8243,61.0195,61.0195,59.0874,-0.014463,-0.040846,-0.106325,,,,,prob_above_buy_threshold,prob_above_buy_threshold,2026-05-15,1.0,2026-09-06T17:19:30Z,10.62,0.0,-8.549061
lr,Regresja logistyczna,MSFT,logistic_regression,logistic_regression,logistic_regression,binary,binary-2026-08,D-lr-6fbc64a2995c,S-MSFT-logistic_regression-20240109-f20e60,T-lr-8f2799c65dfd,BUY,2026-09-06T17:19:30Z,2024-01-09,2024-01-09,372.01,374.69,372.01,375.99,371.19,375.79,20830000,1.0,38.0,39.0,37480.26,37108.25,14136.38,14508.39,100960.53,100964.31,0.1,0.14,0.1437,99.99,0.9998,0.9999,0.5,56.94,1.2548,1.754,-0.4993,378.0543,366.8507,372.4525,372.4525,368.3948,0.018574,0.036403,0.101812,,,,,prob_above_buy_threshold,prob_above_buy_threshold,2026-05-15,1.0,2026-09-06T17:19:30Z,10.62,0.0,-8.549061
lr,Regresja logistyczna,JPM,logistic_regression,logistic_regression,logistic_regression,binary,binary-2026-08,D-lr-606bf4706372,S-JPM-logistic_regression-20240109-6baab0,T-lr-936be0b9ddca,BUY,2026-09-06T17:19:30Z,2024-01-09,2024-01-09,171.62,172.02,171.62,171.79,170.1,170.66,9923600,1.0,38.0,39.0,37108.25,36936.63,6521.56,6693.18,100960.53,100963.35,0.1,0.0646,0.0663,82.71,0.6542,0.8271,0.5,71.32,4.24,4.5191,-0.2792,175.4965,159.9025,167.6995,167.6995,156.7192,0.002109,-0.020919,0.02795,,,,,prob_above_buy_threshold,prob_above_buy_threshold,2026-05-15,1.0,2026-09-06T17:19:30Z,10.62,0.0,-8.549061
lr,Regresja logistyczna,XOM,logistic_regression,logistic_regression,logistic_regression,binary,binary-2026-08,D-lr-b49bf9d1b9b1,S-XOM-logistic_regression-20240109-7adbba,T-lr-8bae497af9cc,BUY,2026-09-06T17:19:30Z,2024-01-09,2024-01-09,101.29,100.92,101.29,101.29,99.19,99.67,19496600,1.0,38.0,39.0,36936.63,36835.34,3849.02,3950.31,100960.53,100961.73,0.1,0.0381,0.0391,72.18,0.4437,0.7218,0.5,41.65,-0.4079,-0.4981,0.0902,103.8981,98.4729,101.1855,101.1855,102.7374,-0.009832,-0.026989,0.025584,,,,,prob_above_buy_threshold,prob_above_buy_threshold,2026-05-15,1.0,2026-09-06T17:19:30Z,10.62,0.0,-8.549061
lr,Regresja logistyczna,JNJ,logistic_regression,logistic_regression,logistic_regression,binary,binary-2026-08,D-lr-5b22b5e57c92,S-JNJ-logistic_regression-20240109-ec017e,T-lr-12ad967dd188,BUY,2026-09-06T17:19:30Z,2024-01-09,2024-01-09,161.63,161.53,161.63,163.28,160.6,161.63,6357000,1.0,38.0,39.0,36835.34,36673.71,6141.94,6303.57,100960.53,100961.73,0.1,0.0608,0.0624,99.99,0.9999,0.9999,0.5,69.43,1.9574,1.4795,0.4779,162.4104,152.0986,157.2545,157.2545,153.6842,0.001485,-0.007424,-0.022582,,,,,prob_above_buy_threshold,prob_above_buy_threshold,2026-05-15,1.0,2026-09-06T17:19:30Z,10.62,0.0,-8.549061
lr,Regresja logistyczna,UNH,logistic_regression,logistic_regression,logistic_regression,binary,binary-2026-08,D-lr-ea1ba7e48636,S-UNH-logistic_regression-20240109-b5afe2,T-lr-781af1e36292,BUY,2026-09-06T17:19:30Z,2024-01-09,2024-01-09,538.0,536.52,538.0,539.61,532.33,538.37,2677000,1.0,38.0,39.0,36673.71,36135.71,20444.0,20982.0,100960.53,100962.1,0.1,0.2025,0.2078,100.0,1.0,1.0,0.5,53.67,0.2639,-1.2604,1.5243,552.1243,512.2487,532.1865,532.1865,536.9848,-0.001356,-0.024946,-0.035255,,,,,prob_above_buy_threshold,prob_above_buy_threshold,2026-05-15,1.0,2026-09-06T17:19:30Z,10.62,0.0,-8.549061
lr,Regresja logistyczna,PG,logistic_regression,logistic_regression,logistic_regression,binary,binary-2026-08,D-lr-f11c79638be2,S-PG-logistic_regression-20240109-74171f,T-lr-7b16c35d4904,BUY,2026-09-06T17:19:30Z,2024-01-09,2024-01-09,148.57,148.69,148.57,149.4,148.05,149.3,9786800,1.0,38.0,39.0,36135.71,35987.14,5645.66,5794.23,100960.53,100962.83,0.1,0.0559,0.0574,100.0,1.0,1.0,0.5,56.05,0.029,-0.4924,0.5214,149.781,143.185,146.483,146.483,148.8134,0.004287,0.004287,0.065774,,,,,prob_above_buy_threshold,prob_above_buy_threshold,2026-05-15,1.0,2026-09-06T17:19:30Z,10.62,0.0,-8.549061
lr,Regresja logistyczna,KO,logistic_regression,logistic_regression,logistic_regression,binary,binary-2026-08,D-lr-179e1db218f0,S-KO-logistic_regression-20240109-a36cff,T-lr-edbe3a170cb2,BUY,2026-09-06T17:19:30Z,2024-01-09,2024-01-09,59.99,60.11,59.99,60.14,59.62,60.0,10493700,1.0,38.0,39.0,35987.14,35927.15,2279.62,2339.61,100960.53,100962.84,0.1,0.0226,0.0232,99.99,0.9999,0.9999,0.5,63.44,0.4956,0.4162,0.0794,60.4914,57.7156,59.1035,59.1035,58.1688,0.003333,-0.000167,-0.000167,,,,,prob_above_buy_threshold,prob_above_buy_threshold,2026-05-15,1.0,2026-09-06T17:19:30Z,10.62,0.0,-8.549061
lr,Regresja logistyczna,WMT,logistic_regression,logistic_regression,logistic_regression,binary,binary-2026-08,D-lr-2b238a7bb5a8,S-WMT-logistic_regression-20240109-b31dcc,T-lr-221b5f28d563,BUY,2026-09-06T17:19:30Z,2024-01-09,2024-01-09,52.6433,52.75,52.6433,53.1133,52.5767,53.1033,23322300,1.0,38.0,39.0,35927.15,35874.51,2000.45,2053.09,100960.53,100963.3,0.1,0.0198,0.0203,99.73,0.9946,0.9973,0.5,57.7,0.1817,0.0122,0.1695,53.6656,50.2461,51.9558,51.9558,52.7483,0.012429,0.011048,0.06321,,,,,prob_above_buy_threshold,prob_above_buy_threshold,2026-05-15,1.0,2026-09-06T17:19:30Z,10.62,0.0,-8.549061
lr,Regresja logistyczna,NEE,logistic_regression,logistic_regression,logistic_regression,binary,binary-2026-08,D-lr-078572e356d7,S-NEE-logistic_regression-20240109-158809,T-lr-ec8c25c44a46,BUY,2026-09-06T17:19:30Z,2024-01-09,2024-01-09,62.94,62.92,62.94,63.04,61.89,62.01,6921600,1.0,38.0,39.0,35874.51,35811.57,2391.72,2454.66,100960.53,100962.37,0.1,0.0237,0.0243,100.0,1.0,1.0,0.5,58.7,0.8655,0.8019,0.0636,63.2829,58.9871,61.135,61.135,59.1762,0.004354,-0.060313,-0.090792,,,,,prob_above_buy_threshold,prob_above_buy_threshold,2026-05-15,1.0,2026-09-06T17:19:30Z,10.62,0.0,-8.549061
lr,Regresja logistyczna,MSFT,logistic_regression,logistic_regression,logistic_regression,binary,binary-2026-08,D-lr-64d37de8a337,S-MSFT-logistic_regression-20240110-17baf0,T-lr-bb8ad07ed19a,BUY,2026-09-06T17:19:30Z,2024-01-10,2024-01-10,376.37,375.79,376.37,384.17,376.32,382.77,25514200,1.0,39.0,40.0,35811.57,35435.2,14678.43,15054.8,101260.33,101266.73,0.1,0.145,0.1487,99.98,0.9995,0.9998,0.5,64.33,1.9765,1.7985,0.1779,380.1737,365.8783,373.026,373.026,369.454,0.004859,0.028999,0.081877,,,,,prob_above_buy_threshold,prob_above_buy_threshold,2026-05-15,1.0,2026-09-06T17:19:30Z,10.62,0.0,-8.549061
lr,Regresja logistyczna,JPM,logistic_regression,logistic_regression,logistic_regression,binary,binary-2026-08,D-lr-f2f7fb80c71a,S-JPM-logistic_regression-20240110-01376d,T-lr-06c1a3b0a556,BUY,2026-09-06T17:19:30Z,2024-01-10,2024-01-10,170.0,170.66,170.0,171.08,168.95,171.02,9670200,1.0,39.0,40.0,35435.2,35265.2,6630.0,6800.0,101260.33,101267.75,0.1,0.0655,0.0671,82.85,0.6571,0.8285,0.5,72.11,4.0247,4.4203,-0.3956,175.1356,161.4554,168.2955,168.2955,157.4258,-0.00421,-0.02105,0.022103,,,,,prob_above_buy_threshold,prob_above_buy_threshold,2026-05-15,1.0,2026-09-06T17:19:30Z,10.62,0.0,-8.549061
lr,Regresja logistyczna,XOM,logistic_regression,logistic_regression,logistic_regression,binary,binary-2026-08,D-lr-80c7795c593e,S-XOM-logistic_regression-20240110-c91f5f,T-lr-b172d72b4463,BUY,2026-09-06T17:19:30Z,2024-01-10,2024-01-10,99.8,99.67,99.8,99.8,98.16,98.69,18206100,1.0,39.0,40.0,35265.2,35165.4,3892.2,3992.0,101260.33,101266.64,0.1,0.0384,0.0394,77.81,0.5562,0.7781,0.5,38.74,-0.593,-0.5171,-0.0759,103.986,98.292,101.139,101.139,102.6002,-0.000203,-0.019151,0.053501,,,,,prob_above_buy_threshold,prob_above_buy_threshold,2026-05-15,1.0,2026-09-06T17:19:30Z,10.62,0.0,-8.549061
lr,Regresja logistyczna,JNJ,logistic_regression,logistic_regression,logistic_regression,binary,binary-2026-08,D-lr-2b6114f5cdf8,S-JNJ-logistic_regression-20240110-5a305a,T-lr-e680fcb8f5eb,BUY,2026-09-06T17:19:30Z,2024-01-10,2024-01-10,161.82,161.63,161.82,162.62,161.2,161.87,4945100,1.0,39.0,40.0,35165.4,35003.58,6310.98,6472.8,101260.33,101266.69,0.1,0.0623,0.0639,99.99,0.9999,0.9999,0.5,70.04,2.0283,1.5893,0.439,163.0187,152.1713,157.595,157.595,154.0096,-0.004448,-0.004077,-0.033793,,,,,prob_above_buy_threshold,prob_above_buy_threshold,2026-05-15,1.0,2026-09-06T17:19:30Z,10.62,0.0,-8.549061
lr,Regresja logistyczna,UNH,logistic_regression,logistic_regression,logistic_regression,binary,binary-2026-08,D-lr-2a0a2c5d9f3c,S-UNH-logistic_regression-20240110-4ac4d6,T-lr-7b898a396f78,BUY,2026-09-06T17:19:30Z,2024-01-10,2024-01-10,538.1,538.37,538.1,541.2,536.15,537.64,2180000,1.0,39.0,40.0,35003.58,34465.48,20985.9,21524.0,101260.33,101266.23,0.1,0.2072,0.2125,100.0,1.0,1.0,0.5,52.91,0.4612,-0.9161,1.3773,551.2927,512.4763,531.8845,531.8845,537.2444,0.003794,-0.039618,-0.032643,,,,,prob_above_buy_threshold,prob_above_buy_threshold,2026-05-15,1.0,2026-09-06T17:19:30Z,10.62,0.0,-8.549061
lr,Regresja logistyczna,PG,logistic_regression,logistic_regression,logistic_regression,binary,binary-2026-08,D-lr-4d32addc4b03,S-PG-logistic_regression-20240110-6cfa03,T-lr-aaa8a57f52b1,BUY,2026-09-06T17:19:30Z,2024-01-10,2024-01-10,149.35,149.3,149.35,150.0,149.26,149.94,8591100,1.0,39.0,40.0,34465.48,34316.13,5824.65,5974.0,101260.33,101266.82,0.1,0.0575,0.059,100.0,1.0,1.0,0.5,57.96,0.2139,-0.3511,0.565,150.2959,143.0821,146.689,146.689,148.869,0.003801,-0.012005,0.058023,,,,,prob_above_buy_threshold,prob_above_buy_threshold,2026-05-15,1.0,2026-09-06T17:19:30Z,10.62,0.0,-8.549061
lr,Regresja logistyczna,KO,logistic_regression,logistic_regression,logistic_regression,binary,binary-2026-08,D-lr-f803136610b1,S-KO-logistic_regression-20240110-74bc5d,T-lr-4ca606b07233,BUY,2026-09-06T17:19:30Z,2024-01-10,2024-01-10,60.22,60.0,60.22,60.41,59.98,60.2,12258000,1.0,39.0,40.0,34316.13,34255.91,2348.58,2408.8,101260.33,101266.8,0.1,0.0232,0.0238,99.99,0.9999,0.9999,0.5,65.17,0.5195,0.4369,0.0826,60.6287,57.6943,59.1615,59.1615,58.268,-0.006478,-0.000664,-0.006146,,,,,prob_above_buy_threshold,prob_above_buy_threshold,2026-05-15,1.0,2026-09-06T17:19:30Z,10.62,0.0,-8.549061
lr,Regresja logistyczna,WMT,logistic_regression,logistic_regression,logistic_regression,binary,binary-2026-08,D-lr-b7958d44bf54,S-WMT-logistic_regression-20240110-34b6ad,T-lr-3249d6690867,BUY,2026-09-06T17:19:30Z,2024-01-10,2024-01-10,53.1867,53.1033,53.1867,53.8333,53.1867,53.7633,20121900,1.0,39.0,40.0,34255.91,34202.72,2074.28,2127.47,101260.33,101267.37,0.1,0.0205,0.021,99.82,0.9963,0.9982,0.5,62.57,0.269,0.0636,0.2055,53.8521,50.3946,52.1233,52.1233,52.7491,-0.001116,0.01209,0.050096,,,,,prob_above_buy_threshold,prob_above_buy_threshold,2026-05-15,1.0,2026-09-06T17:19:30Z,10.62,0.0,-8.549061
lr,Regresja logistyczna,NEE,logistic_regression,logistic_regression,logistic_regression,binary,binary-2026-08,D-lr-628a22ae3077,S-NEE-logistic_regression-20240110-f809ae,T-lr-d978e995c03a,BUY,2026-09-06T17:19:30Z,2024-01-10,2024-01-10,62.02,62.01,62.02,62.73,61.9,62.28,8100100,1.0,39.0,40.0,34202.72,34140.7,2418.78,2480.8,101260.33,101267.63,0.1,0.0239,0.0245,100.0,1.0,1.0,0.5,60.03,0.8626,0.814,0.0485,63.362,59.165,61.2635,61.2635,59.297,-0.025048,-0.074342,-0.096179,,,,,prob_above_buy_threshold,prob_above_buy_threshold,2026-05-15,1.0,2026-09-06T17:19:30Z,10.62,0.0,-8.549061
lr,Regresja logistyczna,MSFT,logistic_regression,logistic_regression,logistic_regression,binary,binary-2026-08,D-lr-37ee1512210c,S-MSFT-logistic_regression-20240111-73e4d2,T-lr-75535ce01caa,BUY,2026-09-06T17:19:30Z,2024-01-11,2024-01-11,386.0,382.77,386.0,390.68,380.38,384.63,27850800,1.0,40.0,41.0,34140.7,33754.7,15440.0,15826.0,101307.63,101306.26,0.1,0.1524,0.1562,99.97,0.9993,0.9997,0.5,66.0,2.6678,1.9724,0.6954,382.2908,364.7862,373.5385,373.5385,370.4004,0.009984,0.036503,0.093388,,,,,prob_above_buy_threshold,prob_above_buy_threshold,2026-05-15,1.0,2026-09-06T17:19:30Z,10.62,0.0,-8.549061
lr,Regresja logistyczna,JPM,logistic_regression,logistic_regression,logistic_regression,binary,binary-2026-08,D-lr-c117d1957243,S-JPM-logistic_regression-20240111-ce3314,T-lr-3eb22117940e,BUY,2026-09-06T17:19:30Z,2024-01-11,2024-01-11,170.33,171.02,170.33,170.36,168.64,170.3,11919500,1.0,40.0,41.0,33754.7,33584.37,6813.2,6983.53,101307.63,101306.23,0.1,0.0673,0.0689,88.47,0.7694,0.8847,0.5,68.07,3.7527,4.2868,-0.534,174.6618,162.9072,168.7845,168.7845,158.0834,-0.00734,5.9e-05,0.027657,,,,,prob_above_buy_threshold,prob_above_buy_threshold,2026-05-15,1.0,2026-09-06T17:19:30Z,10.62,0.0,-8.549061
lr,Regresja logistyczna,XOM,logistic_regression,logistic_regression,logistic_regression,binary,binary-2026-08,D-lr-77086e8ce1f3,S-XOM-logistic_regression-20240111-55c9fa,T-lr-117b39eae2a5,BUY,2026-09-06T17:19:30Z,2024-01-11,2024-01-11,99.04,98.69,99.04,99.5,98.56,98.67,15833400,1.0,40.0,41.0,33584.37,33485.33,3961.6,4060.64,101307.63,101305.86,0.1,0.0391,0.0401,79.98,0.5996,0.7998,0.5,38.68,-0.7328,-0.5602,-0.1726,103.8925,98.4475,101.17,101.17,102.456,0.012973,-0.017432,0.031418,,,,,prob_above_buy_threshold,prob_above_buy_threshold,2026-05-15,1.0,2026-09-06T17:19:30Z,10.62,0.0,-8.549061
lr,Regresja logistyczna,JNJ,logistic_regression,logistic_regression,logistic_regression,binary,binary-2026-08,D-lr-28b4c97ffc89,S-JNJ-logistic_regression-20240111-0ee33d,T-lr-f8cb16765ca8,BUY,2026-09-06T17:19:30Z,2024-01-11,2024-01-11,162.07,161.87,162.07,162.2,160.78,161.15,4946000,1.0,40.0,41.0,33485.33,33323.26,6482.8,6644.87,101307.63,101304.94,0.1,0.064,0.0656,99.99,0.9999,0.9999,0.5,65.75,2.0032,1.6721,0.3311,163.4035,152.3945,157.899,157.899,154.292,0.007695,0.003289,-0.027242,,,,,prob_above_buy_threshold,prob_above_buy_threshold,2026-05-15,1.0,2026-09-06T17:19:30Z,10.62,0.0,-8.549061
lr,Regresja logistyczna,UNH,logistic_regression,logistic_regression,logistic_regression,binary,binary-2026-08,D-lr-40eca9e1834d,S-UNH-logistic_regression-20240111-be3768,T-lr-c07719024bbd,BUY,2026-09-06T17:19:30Z,2024-01-11,2024-01-11,536.13,537.64,536.13,540.16,534.53,539.68,2814100,1.0,40.0,41.0,33323.26,32787.13,21445.2,21981.33,101307.63,101308.49,0.1,0.2117,0.217,100.0,1.0,1.0,0.5,54.83,0.7733,-0.5782,1.3515,550.2957,512.8693,531.5825,531.5825,537.4382,-0.033668,-0.066929,-0.039764,,,,,prob_above_buy_threshold,prob_above_buy_threshold,2026-05-15,1.0,2026-09-06T17:19:30Z,10.62,0.0,-8.549061
lr,Regresja logistyczna,PG,logistic_regression,logistic_regression,logistic_regression,binary,binary-2026-08,D-lr-e3275b489e46,S-PG-logistic_regression-20240111-289b82,T-lr-2f1a7c26493d,BUY,2026-09-06T17:19:30Z,2024-01-11,2024-01-11,150.05,149.94,150.05,150.8,149.29,150.51,6659400,1.0,40.0,41.0,32787.13,32637.08,6002.0,6152.05,101307.63,101308.95,0.1,0.0592,0.0607,100.0,1.0,1.0,0.5,59.63,0.4019,-0.2005,0.6024,150.8683,142.9667,146.9175,146.9175,148.894,0.000598,-0.019534,0.045911,,,,,prob_above_buy_threshold,prob_above_buy_threshold,2026-05-15,1.0,2026-09-06T17:19:30Z,10.62,0.0,-8.549061
lr,Regresja logistyczna,KO,logistic_regression,logistic_regression,logistic_regression,binary,binary-2026-08,D-lr-92f0914be415,S-KO-logistic_regression-20240111-002505,T-lr-1bf5c335467a,BUY,2026-09-06T17:19:30Z,2024-01-11,2024-01-11,60.25,60.2,60.25,60.26,59.69,59.81,13754200,1.0,40.0,41.0,32637.08,32576.83,2410.0,2470.25,101307.63,101308.51,0.1,0.0238,0.0244,99.99,0.9999,0.9999,0.5,59.3,0.5012,0.4497,0.0514,60.6716,57.6904,59.181,59.181,58.3412,0.009697,0.000334,-0.00418,,,,,prob_above_buy_threshold,prob_above_buy_threshold,2026-05-15,1.0,2026-09-06T17:19:30Z,10.62,0.0,-8.549061
lr,Regresja logistyczna,WMT,logistic_regression,logistic_regression,logistic_regression,binary,binary-2026-08,D-lr-898c05c5c5e5,S-WMT-logistic_regression-20240111-589c6b,T-lr-7fad20785592,BUY,2026-09-06T17:19:30Z,2024-01-11,2024-01-11,53.7833,53.7633,53.7833,53.9633,53.39,53.7033,14355300,1.0,40.0,41.0,32576.83,32523.05,2151.33,2205.12,101307.63,101308.43,0.1,0.0212,0.0218,99.71,0.9942,0.9971,0.5,61.88,0.3296,0.1168,0.2128,53.9665,50.6052,52.2858,52.2858,52.7363,0.001303,0.007883,0.050711,,,,,prob_above_buy_threshold,prob_above_buy_threshold,2026-05-15,1.0,2026-09-06T17:19:30Z,10.62,0.0,-8.549061
lr,Regresja logistyczna,NEE,logistic_regression,logistic_regression,logistic_regression,binary,binary-2026-08,D-lr-b6ff1ee37b0a,S-NEE-logistic_regression-20240111-f75275,T-lr-024a7afb736b,BUY,2026-09-06T17:19:30Z,2024-01-11,2024-01-11,62.0,62.28,62.0,62.19,60.6,60.72,10686000,1.0,40.0,41.0,32523.05,32461.05,2480.0,2542.0,101307.63,101307.15,0.1,0.0245,0.0251,100.0,1.0,1.0,0.5,50.02,0.726,0.7964,-0.0705,63.2832,59.3638,61.3235,61.3235,59.3674,0.00527,-0.056983,-0.068182,,,,,prob_above_buy_threshold,prob_above_buy_threshold,2026-05-15,1.0,2026-09-06T17:19:30Z,10.62,0.0,-8.549061
lr,Regresja logistyczna,MSFT,logistic_regression,logistic_regression,logistic_regression,binary,binary-2026-08,D-lr-2feb6298c078,S-MSFT-logistic_regression-20240112-51e246,T-lr-fb834edf4838,BUY,2026-09-06T17:19:30Z,2024-01-12,2024-01-12,385.49,384.63,385.49,388.68,384.65,388.47,21661200,1.0,41.0,42.0,32461.05,32075.56,15805.09,16190.58,100815.15,100818.13,0.1,0.1568,0.1606,99.98,0.9995,0.9998,0.5,69.22,3.4853,2.275,1.2104,385.1552,363.3318,374.2435,374.2435,371.4076,0.004634,0.020697,0.068963,,,,,prob_above_buy_threshold,prob_above_buy_threshold,2026-05-15,1.0,2026-09-06T17:19:30Z,10.62,0.0,-8.549061
lr,Regresja logistyczna,JPM,logistic_regression,logistic_regression,logistic_regression,binary,binary-2026-08,D-lr-ca4df814d3f7,S-JPM-logistic_regression-20240112-12473e,T-lr-38dd339404fe,BUY,2026-09-06T17:19:30Z,2024-01-12,2024-01-12,173.8,170.3,173.8,176.31,168.9,169.05,19436500,1.0,41.0,42.0,32075.56,31901.76,7125.8,7299.6,100815.15,100813.38,0.1,0.0707,0.0724,87.16,0.7431,0.8716,0.5,61.6,3.3972,4.1088,-0.7117,173.8727,164.4953,169.184,169.184,158.6832,-0.00627,0.00627,0.03987,,,,,prob_above_buy_threshold,prob_above_buy_threshold,2026-05-15,1.0,2026-09-06T17:19:30Z,10.62,0.0,-8.549061
lr,Regresja logistyczna,XOM,logistic_regression,logistic_regression,logistic_regression,binary,binary-2026-08,D-lr-ae1c1e1f5ccc,S-XOM-logistic_regression-20240112-19249b,T-lr-963efeea29dc,BUY,2026-09-06T17:19:30Z,2024-01-12,2024-01-12,100.14,98.67,100.14,100.65,99.17,99.95,18041700,1.0,41.0,42.0,31901.76,31801.62,4105.74,4205.88,100815.15,100813.19,0.1,0.0407,0.0417,77.91,0.5582,0.7791,0.5,44.54,-0.7319,-0.5946,-0.1374,103.8074,98.6356,101.2215,101.2215,102.338,-0.022611,-0.031316,0.032216,,,,,prob_above_buy_threshold,prob_above_buy_threshold,2026-05-15,1.0,2026-09-06T17:19:30Z,10.62,0.0,-8.549061
lr,Regresja logistyczna,JNJ,logistic_regression,logistic_regression,logistic_regression,binary,binary-2026-08,D-lr-6fae595965f3,S-JNJ-logistic_regression-20240112-34b7fe,T-lr-b3f869c292c2,BUY,2026-09-06T17:19:30Z,2024-01-12,2024-01-12,161.84,161.15,161.84,162.47,161.69,162.39,4496900,1.0,41.0,42.0,31801.62,31639.78,6635.44,6797.28,100815.15,100813.74,0.1,0.0658,0.0674,99.99,0.9999,0.9999,0.5,69.25,2.0597,1.7496,0.3101,163.9743,152.4837,158.229,158.229,154.573,-0.011515,0.000493,-0.027957,,,,,prob_above_buy_threshold,prob_above_buy_threshold,2026-05-15,1.0,2026-09-06T17:19:30Z,10.62,0.0,-8.549061
lr,Regresja logistyczna,UNH,logistic_regression,logistic_regression,logistic_regression,binary,binary-2026-08,D-lr-ed222aa21b7d,S-UNH-logistic_regression-20240112-ff9c98,T-lr-6340eeb879f0,BUY,2026-09-06T17:19:30Z,2024-01-12,2024-01-12,518.86,539.68,518.86,528.48,513.13,521.51,6327300,1.0,41.0,42.0,31639.78,31120.92,21273.26,21792.12,100815.15,100816.39,0.1,0.211,0.2162,100.0,1.0,1.0,0.5,39.38,-0.4405,-0.5507,0.1101,547.5905,512.8245,530.2075,530.2075,537.1572,-0.004525,-0.016337,-0.007421,,,,,prob_above_buy_threshold,prob_above_buy_threshold,2026-05-15,1.0,2026-09-06T17:19:30Z,10.62,0.0,-8.549061
lr,Regresja logistyczna,PG,logistic_regression,logistic_regression,logistic_regression,binary,binary-2026-08,D-lr-d4e847ab82fe,S-PG-logistic_regression-20240112-50cd3f,T-lr-dfa47f6dff2f,BUY,2026-09-06T17:19:30Z,2024-01-12,2024-01-12,150.95,150.51,150.95,151.3,149.89,150.6,5684700,1.0,41.0,42.0,31120.92,30969.97,6188.95,6339.9,100815.15,100816.04,0.1,0.0614,0.0629,100.0,1.0,1.0,0.5,59.91,0.5517,-0.0501,0.6018,151.2289,142.8081,147.0185,147.0185,148.9054,-0.005379,-0.018194,0.043227,,,,,prob_above_buy_threshold,prob_above_buy_threshold,2026-05-15,1.0,2026-09-06T17:19:30Z,10.62,0.0,-8.549061
lr,Regresja logistyczna,KO,logistic_regression,logistic_regression,logistic_regression,binary,binary-2026-08,D-lr-8b8f4befc7c4,S-KO-logistic_regression-20240112-3d3d90,T-lr-82ddbe6505f9,BUY,2026-09-06T17:19:30Z,2024-01-12,2024-01-12,60.08,59.81,60.08,60.46,59.87,60.39,13218000,1.0,41.0,42.0,30969.97,30909.89,2463.28,2523.36,100815.15,100816.35,0.1,0.0244,0.025,99.99,0.9999,0.9999,0.5,64.43,0.5274,0.4653,0.0621,60.7531,57.6549,59.204,59.204,58.4192,-0.006624,-0.013578,-0.011426,,,,,prob_above_buy_threshold,prob_above_buy_threshold,2026-05-15,1.0,2026-09-06T17:19:30Z,10.62,0.0,-8.549061
lr,Regresja logistyczna,WMT,logistic_regression,logistic_regression,logistic_regression,binary,binary-2026-08,D-lr-299b9c9c231a,S-WMT-logistic_regression-20240112-92ca2e,T-lr-a2e40db58396,BUY,2026-09-06T17:19:30Z,2024-01-12,2024-01-12,53.79,53.7033,53.79,53.8467,53.46,53.7733,13629000,1.0,41.0,42.0,30909.89,30856.1,2205.39,2259.18,100815.15,100816.34,0.1,0.0219,0.0224,99.73,0.9947,0.9973,0.5,62.4,0.3789,0.1692,0.2097,54.1486,50.6654,52.407,52.407,52.7224,0.003161,0.006633,0.055666,,,,,prob_above_buy_threshold,prob_above_buy_threshold,2026-05-15,1.0,2026-09-06T17:19:30Z,10.62,0.0,-8.549061
lr,Regresja logistyczna,NEE,logistic_regression,logistic_regression,logistic_regression,binary,binary-2026-08,D-lr-f0be1f86e6b9,S-NEE-logistic_regression-20240112-0dedb1,T-lr-013259eddd78,BUY,2026-09-06T17:19:30Z,2024-01-12,2024-01-12,61.18,60.72,61.18,61.66,60.92,61.04,7796900,1.0,41.0,42.0,30856.1,30794.92,2508.38,2569.56,100815.15,100816.2,0.1,0.0249,0.0255,100.0,1.0,1.0,0.5,51.8,0.6362,0.7644,-0.1282,63.135,59.365,61.25,61.25,59.4222,-0.011304,-0.068644,-0.057176,,,,,prob_above_buy_threshold,prob_above_buy_threshold,2026-05-15,1.0,2026-09-06T17:19:30Z,10.62,0.0,-8.549061
lr,Regresja logistyczna,MSFT,logistic_regression,logistic_regression,logistic_regression,binary,binary-2026-08,D-lr-a13de9385203,S-MSFT-logistic_regression-20240116-0cd691,T-lr-f6558ed0b23d,BUY,2026-09-06T17:19:30Z,2024-01-16,2024-01-16,393.66,388.47,393.66,394.03,387.62,390.27,27202300,1.0,42.0,43.0,30794.92,30401.26,16533.72,16927.38,100502.04,100498.65,0.1,0.1645,0.1684,99.95,0.9991,0.9995,0.5,70.62,4.2297,2.6659,1.5638,387.736,363.185,375.4605,375.4605,372.2916,-0.00205,0.022113,0.041125,,,,,prob_above_buy_threshold,prob_above_buy_threshold,2026-05-15,1.0,2026-09-06T17:19:30Z,10.62,0.0,-8.549061
lr,Regresja logistyczna,JPM,logistic_regression,logistic_regression,logistic_regression,binary,binary-2026-08,D-lr-de13725bc042,S-JPM-logistic_regression-20240116-cfd7f3,T-lr-6508a5f78100,BUY,2026-09-06T17:19:30Z,2024-01-16,2024-01-16,164.87,169.05,164.87,168.09,164.3,167.99,17206400,1.0,42.0,43.0,30401.26,30236.39,6924.54,7089.41,100502.04,100501.77,0.1,0.0689,0.0705,89.5,0.79,0.895,0.5,56.68,2.9953,3.8861,-0.8908,173.4723,165.2957,169.384,169.384,159.2642,-0.005358,0.005953,0.037324,,,,,prob_above_buy_threshold,prob_above_buy_threshold,2026-05-15,1.0,2026-09-06T17:19:30Z,10.62,0.0,-8.549061
lr,Regresja logistyczna,XOM,logistic_regression,logistic_regression,logistic_regression,binary,binary-2026-08,D-lr-3c50998706ae,S-XOM-logistic_regression-20240116-0a801a,T-lr-27b2a31d0f30,BUY,2026-09-06T17:19:30Z,2024-01-16,2024-01-16,99.82,99.95,99.82,100.01,97.53,97.69,20235700,1.0,42.0,43.0,30236.39,30136.57,4192.44,4292.26,100502.04,100499.64,0.1,0.0417,0.0427,71.86,0.4373,0.7186,0.5,37.69,-0.9032,-0.6563,-0.2469,104.0277,98.0263,101.027,101.027,102.179,-0.007268,0.002252,0.037363,,,,,prob_above_buy_threshold,prob_above_buy_threshold,2026-05-15,1.0,2026-09-06T17:19:30Z,10.62,0.0,-8.549061
lr,Regresja logistyczna,JNJ,logistic_regression,logistic_regression,logistic_regression,binary,binary-2026-08,D-lr-301368b40d02,S-JNJ-logistic_regression-20240116-af76f4,T-lr-b6341cf721c9,BUY,2026-09-06T17:19:30Z,2024-01-16,2024-01-16,161.57,162.39,161.57,162.25,160.18,160.52,6923200,1.0,42.0,43.0,30136.57,29975.0,6785.94,6947.51,100502.04,100498.59,0.1,0.0675,0.0691,99.99,0.9999,0.9999,0.5,59.4,1.9312,1.7859,0.1453,164.2042,152.6188,158.4115,158.4115,154.8096,-0.000561,-0.004423,-0.025231,,,,,prob_above_buy_threshold,prob_above_buy_threshold,2026-05-15,1.0,2026-09-06T17:19:30Z,10.62,0.0,-8.549061
lr,Regresja logistyczna,UNH,logistic_regression,logistic_regression,logistic_regression,binary,binary-2026-08,D-lr-5d02023ca9eb,S-UNH-logistic_regression-20240116-1b0106,T-lr-6b75e1a8acf1,BUY,2026-09-06T17:19:30Z,2024-01-16,2024-01-16,523.71,521.51,523.71,524.5,516.55,519.15,3736700,1.0,42.0,43.0,29975.0,29451.29,21995.82,22519.53,100502.04,100494.03,0.1,0.2189,0.2241,100.0,1.0,1.0,0.5,37.89,-1.5747,-0.7555,-0.8192,547.3721,511.5339,529.453,529.453,536.9082,0.011153,-0.006992,-0.00443,,,,,prob_above_buy_threshold,prob_above_buy_threshold,2026-05-15,1.0,2026-09-06T17:19:30Z,10.62,0.0,-8.549061
lr,Regresja logistyczna,PG,logistic_regression,logistic_regression,logistic_regression,binary,binary-2026-08,D-lr-4eb4753a5903,S-PG-logistic_regression-20240116-93068c,T-lr-cfff61c36834,BUY,2026-09-06T17:19:30Z,2024-01-16,2024-01-16,150.15,150.6,150.15,151.5,148.88,149.79,8120100,1.0,42.0,43.0,29451.29,29301.14,6306.3,6456.45,100502.04,100493.67,0.1,0.0627,0.0642,100.0,1.0,1.0,0.5,56.23,0.5982,0.0796,0.5186,151.5044,143.0456,147.275,147.275,148.909,0.001001,0.027973,0.043261,,,,,prob_above_buy_threshold,prob_above_buy_threshold,2026-05-15,1.0,2026-09-06T17:19:30Z,10.62,0.0,-8.549061
lr,Regresja logistyczna,KO,logistic_regression,logistic_regression,logistic_regression,binary,binary-2026-08,D-lr-0481edc6c556,S-KO-logistic_regression-20240116-b165de,T-lr-2a93d0a8307f,BUY,2026-09-06T17:19:30Z,2024-01-16,2024-01-16,60.39,60.39,60.39,60.43,59.85,59.99,11826900,1.0,42.0,43.0,29301.14,29240.75,2536.38,2596.77,100502.04,100493.27,0.1,0.0252,0.0258,99.99,0.9999,0.9999,0.5,58.91,0.51,0.4742,0.0358,60.8355,57.6675,59.2515,59.2515,58.4902,0.0,-0.002334,-0.010668,,,,,prob_above_buy_threshold,prob_above_buy_threshold,2026-05-15,1.0,2026-09-06T17:19:30Z,10.62,0.0,-8.549061
lr,Regresja logistyczna,WMT,logistic_regression,logistic_regression,logistic_regression,binary,binary-2026-08,D-lr-753c4649b73b,S-WMT-logistic_regression-20240116-bfd4a5,T-lr-d5bfb91cdd1f,BUY,2026-09-06T17:19:30Z,2024-01-16,2024-01-16,53.8133,53.7733,53.8133,54.1333,53.7433,53.9433,17032500,1.0,42.0,43.0,29240.75,29186.93,2260.16,2313.97,100502.04,100493.4,0.1,0.0225,0.023,99.62,0.9924,0.9962,0.5,63.71,0.4267,0.2207,0.206,54.2516,50.8844,52.568,52.568,52.7021,-0.004696,0.005994,0.045171,,,,,prob_above_buy_threshold,prob_above_buy_threshold,2026-05-15,1.0,2026-09-06T17:19:30Z,10.62,0.0,-8.549061
lr,Regresja logistyczna,NEE,logistic_regression,logistic_regression,logistic_regression,binary,binary-2026-08,D-lr-710b7bf25a4f,S-NEE-logistic_regression-20240116-89a4fc,T-lr-306ba5b6723f,BUY,2026-09-06T17:19:30Z,2024-01-16,2024-01-16,60.66,61.04,60.66,61.2,60.21,60.35,11633100,1.0,42.0,43.0,29186.93,29126.27,2547.72,2608.38,100502.04,100493.09,0.1,0.0253,0.026,100.0,1.0,1.0,0.5,47.85,0.5036,0.7122,-0.2086,62.914,59.343,61.1285,61.1285,59.4606,-0.034466,-0.049213,-0.084507,,,,,prob_above_buy_threshold,prob_above_buy_threshold,2026-05-15,1.0,2026-09-06T17:19:30Z,10.62,0.0,-8.549061
lr,Regresja logistyczna,MSFT,logistic_regression,logistic_regression,logistic_regression,binary,binary-2026-08,D-lr-68d6ae441884,S-MSFT-logistic_regression-20240117-73a2ab,T-lr-abf81573a79c,BUY,2026-09-06T17:19:30Z,2024-01-17,2024-01-17,387.98,390.27,387.98,390.11,384.81,389.47,22234100,1.0,43.0,44.0,29126.27,28738.29,16683.14,17071.12,100540.67,100542.16,0.1,0.1659,0.1698,99.97,0.9994,0.9997,0.5,69.11,4.7009,3.0729,1.628,389.8865,362.9085,376.3975,376.3975,373.1146,0.011297,0.03361,0.051403,,,,,prob_above_buy_threshold,prob_above_buy_threshold,2026-05-15,1.0,2026-09-06T17:19:30Z,10.62,0.0,-8.549061
lr,Regresja logistyczna,JPM,logistic_regression,logistic_regression,logistic_regression,binary,binary-2026-08,D-lr-5cec18fc95b3,S-JPM-logistic_regression-20240117-207ac8,T-lr-dfcd4da03ea7,BUY,2026-09-06T17:19:30Z,2024-01-17,2024-01-17,167.34,167.99,167.34,169.07,166.49,167.09,11107500,1.0,43.0,44.0,28738.29,28570.95,7195.62,7362.96,100540.67,100541.91,0.1,0.0716,0.0732,89.85,0.7971,0.8985,0.5,52.83,2.5746,3.6238,-1.0492,173.256,165.698,169.477,169.477,159.7776,0.001975,0.020408,0.053504,,,,,prob_above_buy_threshold,prob_above_buy_threshold,2026-05-15,1.0,2026-09-06T17:19:30Z,10.62,0.0,-8.549061
lr,Regresja logistyczna,XOM,logistic_regression,logistic_regression,logistic_regression,binary,binary-2026-08,D-lr-4cac6b622d4b,S-XOM-logistic_regression-20240117-2caad8,T-lr-58ac04ba027a,BUY,2026-09-06T17:19:30Z,2024-01-17,2024-01-17,96.6,97.69,96.6,97.96,96.58,96.98,18384000,1.0,43.0,44.0,28570.95,28474.35,4153.8,4250.4,100540.67,100542.29,0.1,0.0413,0.0423,81.14,0.6228,0.8114,0.5,35.83,-1.0837,-0.7418,-0.3419,104.3128,97.3492,100.831,100.831,101.9364,-0.001856,0.027016,0.039802,,,,,prob_above_buy_threshold,prob_above_buy_threshold,2026-05-15,1.0,2026-09-06T17:19:30Z,10.62,0.0,-8.549061
lr,Regresja logistyczna,JNJ,logistic_regression,logistic_regression,logistic_regression,binary,binary-2026-08,D-lr-b99fa2f2e473,S-JNJ-logistic_regression-20240117-15ee4e,T-lr-7b7999bffd64,BUY,2026-09-06T17:19:30Z,2024-01-17,2024-01-17,160.25,160.52,160.25,161.3,159.87,160.43,5072100,1.0,43.0,44.0,28474.35,28314.1,6890.75,7051.0,100540.67,100542.47,0.1,0.0685,0.0701,99.99,0.9999,0.9999,0.5,58.96,1.8015,1.789,0.0124,164.3299,153.0201,158.675,158.675,155.0134,0.004862,-0.009163,-0.029234,,,,,prob_above_buy_threshold,prob_above_buy_threshold,2026-05-15,1.0,2026-09-06T17:19:30Z,10.62,0.0,-8.549061
lr,Regresja logistyczna,UNH,logistic_regression,logistic_regression,logistic_regression,binary,binary-2026-08,D-lr-9e7646ed8a2e,S-UNH-logistic_regression-20240117-4618f7,T-lr-dc9068b15d4c,BUY,2026-09-06T17:19:30Z,2024-01-17,2024-01-17,521.28,519.15,521.28,530.66,520.0,524.94,3791300,1.0,43.0,44.0,28314.1,27792.82,22415.04,22936.32,100540.67,100546.13,0.1,0.2229,0.2281,100.0,1.0,1.0,0.5,43.55,-1.9835,-1.0011,-0.9824,547.1504,511.1376,529.144,529.144,536.6844,-0.016383,-0.022307,-0.01524,,,,,prob_above_buy_threshold,prob_above_buy_threshold,2026-05-15,1.0,2026-09-06T17:19:30Z,10.62,0.0,-8.549061
lr,Regresja logistyczna,PG,logistic_regression,logistic_regression,logistic_regression,binary,binary-2026-08,D-lr-74d71a863e52,S-PG-logistic_regression-20240117-c90b81,T-lr-9d20298d8379,BUY,2026-09-06T17:19:30Z,2024-01-17,2024-01-17,149.16,149.79,149.16,150.6,149.01,149.94,6541400,1.0,43.0,44.0,27792.82,27643.66,6413.88,6563.04,100540.67,100546.91,0.1,0.0638,0.0653,100.0,1.0,1.0,0.5,56.76,0.6398,0.1916,0.4482,151.667,143.481,147.574,147.574,148.879,-0.012005,0.014539,0.037949,,,,,prob_above_buy_threshold,prob_above_buy_threshold,2026-05-15,1.0,2026-09-06T17:19:30Z,10.62,0.0,-8.549061
lr,Regresja logistyczna,KO,logistic_regression,logistic_regression,logistic_regression,binary,binary-2026-08,D-lr-0652cfcb0384,S-KO-logistic_regression-20240117-4af1c2,T-lr-bc96705ff70e,BUY,2026-09-06T17:19:30Z,2024-01-17,2024-01-17,59.86,59.99,59.86,60.21,59.82,59.99,8982100,1.0,43.0,44.0,27643.66,27583.8,2573.98,2633.84,100540.67,100547.04,0.1,0.0256,0.0262,99.99,0.9999,0.9999,0.5,58.91,0.4906,0.4775,0.0131,60.9065,57.7355,59.321,59.321,58.5482,0.002834,-0.018003,-0.011669,,,,,prob_above_buy_threshold,prob_above_buy_threshold,2026-05-15,1.0,2026-09-06T17:19:30Z,10.62,0.0,-8.549061
lr,Regresja logistyczna,WMT,logistic_regression,logistic_regression,logistic_regression,binary,binary-2026-08,D-lr-a701b90ecf56,S-WMT-logistic_regression-20240117-ffdfcd,T-lr-b83ced3b468f,BUY,2026-09-06T17:19:30Z,2024-01-17,2024-01-17,53.7933,53.9433,53.7933,53.9967,53.5433,53.69,14827800,1.0,43.0,44.0,27583.8,27530.01,2313.11,2366.91,100540.67,100546.94,0.1,0.023,0.0235,99.59,0.9918,0.9959,0.5,60.34,0.4391,0.2644,0.1747,54.2758,51.1379,52.7068,52.7068,52.6725,0.013472,-0.003539,0.04675,,,,,prob_above_buy_threshold,prob_above_buy_threshold,2026-05-15,1.0,2026-09-06T17:19:30Z,10.62,0.0,-8.549061
lr,Regresja logistyczna,NEE,logistic_regression,logistic_regression,logistic_regression,binary,binary-2026-08,D-lr-b0e3b546a811,S-NEE-logistic_regression-20240117-03f04a,T-lr-294dce81e503,BUY,2026-09-06T17:19:30Z,2024-01-17,2024-01-17,59.46,60.35,59.46,60.01,57.8,58.27,11543100,1.0,43.0,44.0,27530.01,27470.55,2556.78,2616.24,100540.67,100545.75,0.1,0.0254,0.026,100.0,1.0,1.0,0.5,38.36,0.228,0.6154,-0.3874,63.1327,58.8013,60.967,60.967,59.4278,-0.01064,-0.021624,-0.038785,,,,,prob_above_buy_threshold,prob_above_buy_threshold,2026-05-15,1.0,2026-09-06T17:19:30Z,10.62,0.0,-8.549061
lr,Regresja logistyczna,MSFT,logistic_regression,logistic_regression,logistic_regression,binary,binary-2026-08,D-lr-c09c2018d7c7,S-MSFT-logistic_regression-20240118-0d8fd0,T-lr-25edf7e34ac3,BUY,2026-09-06T17:19:30Z,2024-01-18,2024-01-18,391.72,389.47,391.72,393.99,390.12,393.87,23392100,1.0,44.0,45.0,27470.55,27078.83,17235.68,17627.4,100334.7,100336.85,0.1,0.1718,0.1757,99.96,0.9993,0.9996,0.5,72.58,5.3675,3.5318,1.8357,392.811,362.106,377.4585,377.4585,373.936,0.012187,0.027928,0.032219,,,,,prob_above_buy_threshold,prob_above_buy_threshold,2026-05-15,1.0,2026-09-06T17:19:30Z,10.62,0.0,-8.549061
lr,Regresja logistyczna,JPM,logistic_regression,logistic_regression,logistic_regression,binary,binary-2026-08,D-lr-91ddda62a204,S-JPM-logistic_regression-20240118-59b088,T-lr-03827bf3a103,BUY,2026-09-06T17:19:30Z,2024-01-18,2024-01-18,167.12,167.09,167.12,167.53,165.24,167.42,9382300,1.0,44.0,45.0,27078.83,26911.71,7353.28,7520.4,100334.7,100337.15,0.1,0.0733,0.075,89.88,0.7976,0.8988,0.5,54.06,2.2419,3.3474,-1.1055,173.1426,165.9304,169.5365,169.5365,160.266,0.017262,0.032971,0.074364,,,,,prob_above_buy_threshold,prob_above_buy_threshold,2026-05-15,1.0,2026-09-06T17:19:30Z,10.62,0.0,-8.549061
lr,Regresja logistyczna,XOM,logistic_regression,logistic_regression,logistic_regression,binary,binary-2026-08,D-lr-af5876a18667,S-XOM-logistic_regression-20240118-b086e3,T-lr-2feac060ef8b,BUY,2026-09-06T17:19:30Z,2024-01-18,2024-01-18,97.0,96.98,97.0,97.09,95.82,96.8,20940300,1.0,44.0,45.0,26911.71,26814.71,4268.0,4365.0,100334.7,100336.95,0.1,0.0425,0.0435,85.38,0.7077,0.8538,0.5,35.35,-1.2271,-0.8388,-0.3883,104.4619,96.7151,100.5885,100.5885,101.7168,0.00155,0.055062,0.071591,,,,,prob_above_buy_threshold,prob_above_buy_threshold,2026-05-15,1.0,2026-09-06T17:19:30Z,10.62,0.0,-8.549061
lr,Regresja logistyczna,JNJ,logistic_regression,logistic_regression,logistic_regression,binary,binary-2026-08,D-lr-38bc29ffc1e8,S-JNJ-logistic_regression-20240118-de4949,T-lr-1980edc06324,BUY,2026-09-06T17:19:30Z,2024-01-18,2024-01-18,160.0,160.43,160.0,161.37,159.69,161.21,5368500,1.0,44.0,45.0,26814.71,26654.71,7040.0,7200.0,100334.7,100338.16,0.1,0.0702,0.0718,99.99,0.9999,0.9999,0.5,61.59,1.7415,1.7795,-0.0381,164.5166,153.4104,158.9635,158.9635,155.2108,0.002915,-0.010235,-0.020408,,,,,prob_above_buy_threshold,prob_above_buy_threshold,2026-05-15,1.0,2026-09-06T17:19:30Z,10.62,0.0,-8.549061
lr,Regresja logistyczna,UNH,logistic_regression,logistic_regression,logistic_regression,binary,binary-2026-08,D-lr-c402f032e7cb,S-UNH-logistic_regression-20240118-0c16d6,T-lr-bc1798c8f8b5,BUY,2026-09-06T17:19:30Z,2024-01-18,2024-01-18,505.23,524.94,505.23,516.84,497.46,516.34,7367000,1.0,44.0,45.0,26654.71,26149.48,22230.12,22735.35,100334.7,100349.27,0.1,0.2216,0.2266,100.0,1.0,1.0,0.5,38.01,-2.9672,-1.3943,-1.5729,547.4651,509.8019,528.6335,528.6335,536.3932,-0.024751,-0.044428,0.008793,,,,,prob_above_buy_threshold,prob_above_buy_threshold,2026-05-15,1.0,2026-09-06T17:19:30Z,10.62,0.0,-8.549061
lr,Regresja logistyczna,PG,logistic_regression,logistic_regression,logistic_regression,binary,binary-2026-08,D-lr-2e2d785e462a,S-PG-logistic_regression-20240118-f5ee80,T-lr-fd86568afdad,BUY,2026-09-06T17:19:30Z,2024-01-18,2024-01-18,148.23,149.94,148.23,148.4,146.92,148.14,6526200,1.0,44.0,45.0,26149.48,26001.25,6522.12,6670.35,100334.7,100349.18,0.1,0.065,0.0665,100.0,1.0,1.0,0.5,49.1,0.5215,0.2576,0.2639,151.7202,143.6248,147.6725,147.6725,148.8404,-0.003848,0.050493,0.059876,,,,,prob_above_buy_threshold,prob_above_buy_threshold,2026-05-15,1.0,2026-09-06T17:19:30Z,10.62,0.0,-8.549061
lr,Regresja logistyczna,KO,logistic_regression,logistic_regression,logistic_regression,binary,binary-2026-08,D-lr-7f76b285d270,S-KO-logistic_regression-20240118-dc3865,T-lr-bb0a332bea9e,BUY,2026-09-06T17:19:30Z,2024-01-18,2024-01-18,59.69,59.99,59.69,60.23,59.53,60.16,10397700,1.0,44.0,45.0,26001.25,25941.56,2626.36,2686.05,100334.7,100349.65,0.1,0.0262,0.0268,99.99,0.9999,0.9999,0.5,60.58,0.4833,0.4786,0.0047,60.9977,57.7583,59.378,59.378,58.6166,-0.005485,-0.016622,-0.012633,,,,,prob_above_buy_threshold,prob_above_buy_threshold,2026-05-15,1.0,2026-09-06T17:19:30Z,10.62,0.0,-8.549061
lr,Regresja logistyczna,WMT,logistic_regression,logistic_regression,logistic_regression,binary,binary-2026-08,D-lr-c07aa9b8e97e,S-WMT-logistic_regression-20240118-f57621,T-lr-ba224ae02ad4,BUY,2026-09-06T17:19:30Z,2024-01-18,2024-01-18,53.72,53.69,53.72,54.4633,53.56,54.4133,18190500,1.0,44.0,45.0,25941.56,25887.84,2363.68,2417.4,100334.7,100350.34,0.1,0.0236,0.0241,99.7,0.994,0.997,0.5,65.89,0.5015,0.3118,0.1897,54.5022,51.1871,52.8447,52.8447,52.663,-0.005268,-0.00245,0.037062,,,,,prob_above_buy_threshold,prob_above_buy_threshold,2026-05-15,1.0,2026-09-06T17:19:30Z,10.62,0.0,-8.549061
lr,Regresja logistyczna,NEE,logistic_regression,logistic_regression,logistic_regression,binary,binary-2026-08,D-lr-66bb7f56915d,S-NEE-logistic_regression-20240118-a4432e,T-lr-f4ad5a5b22db,BUY,2026-09-06T17:19:30Z,2024-01-18,2024-01-18,57.96,58.27,57.96,58.08,57.23,57.65,9626500,1.0,44.0,45.0,25887.84,25829.88,2550.24,2608.2,100334.7,100350.03,0.1,0.0254,0.026,100.0,1.0,1.0,0.5,36.06,-0.0399,0.4843,-0.5243,63.403,58.196,60.7995,60.7995,59.3932,-0.006765,0.005724,-0.006592,,,,,prob_above_buy_threshold,prob_above_buy_threshold,2026-05-15,1.0,2026-09-06T17:19:30Z,10.62,0.0,-8.549061
lr,Regresja logistyczna,MSFT,logistic_regression,logistic_regression,logistic_regression,binary,binary-2026-08,D-lr-d01ee47c1827,S-MSFT-logistic_regression-20240119-8ad0e7,T-lr-609a41e4db8f,BUY,2026-09-06T17:19:30Z,2024-01-19,2024-01-19,395.76,393.87,395.76,398.67,393.5,398.67,29331100,1.0,45.0,46.0,25829.88,25434.12,17809.2,18204.96,100077.93,100080.84,0.1,0.178,0.1819,99.98,0.9995,0.9998,0.5,75.77,6.2115,4.0678,2.1437,396.497,360.961,378.729,378.729,374.7788,-0.005418,0.013194,0.01352,,,,,prob_above_buy_threshold,prob_above_buy_threshold,2026-05-15,1.0,2026-09-06T17:19:30Z,10.62,0.0,-8.549061
lr,Regresja logistyczna,JPM,logistic_regression,logistic_regression,logistic_regression,binary,binary-2026-08,D-lr-f8412ecf289e,S-JPM-logistic_regression-20240119-e13bbc,T-lr-d451cb9669d7,BUY,2026-09-06T17:19:30Z,2024-01-19,2024-01-19,167.55,167.42,167.55,170.57,167.08,170.31,13115700,1.0,45.0,46.0,25434.12,25266.57,7539.75,7707.3,100077.93,100083.6,0.1,0.0753,0.077,91.2,0.824,0.912,0.5,63.15,2.1863,3.1152,-0.9289,173.2146,166.0444,169.6295,169.6295,160.7906,-0.001174,0.011567,0.051201,,,,,prob_above_buy_threshold,prob_above_buy_threshold,2026-05-15,1.0,2026-09-06T17:19:30Z,10.62,0.0,-8.549061
lr,Regresja logistyczna,XOM,logistic_regression,logistic_regression,logistic_regression,binary,binary-2026-08,D-lr-11363a592c0a,S-XOM-logistic_regression-20240119-38857e,T-lr-9e68329451a6,BUY,2026-09-06T17:19:30Z,2024-01-19,2024-01-19,96.72,96.8,96.72,97.02,96.41,96.95,20088400,1.0,45.0,46.0,25266.57,25169.85,4352.4,4449.12,100077.93,100083.83,0.1,0.0435,0.0445,86.23,0.7246,0.8623,0.5,36.11,-1.3135,-0.9338,-0.3798,104.303,96.27,100.2865,100.2865,101.5384,-0.001341,0.062403,0.069933,,,,,prob_above_buy_threshold,prob_above_buy_threshold,2026-05-15,1.0,2026-09-06T17:19:30Z,10.62,0.0,-8.549061
lr,Regresja logistyczna,JNJ,logistic_regression,logistic_regression,logistic_regression,binary,binary-2026-08,D-lr-84c6e20ac4d9,S-JNJ-logistic_regression-20240119-a87c4f,T-lr-9ae9ac12741b,BUY,2026-09-06T17:19:30Z,2024-01-19,2024-01-19,161.15,161.21,161.15,161.92,160.28,161.68,7071300,1.0,45.0,46.0,25169.85,25008.7,7251.75,7412.9,100077.93,100084.36,0.1,0.0725,0.0741,99.99,0.9999,0.9999,0.5,63.12,1.7121,1.766,-0.0539,164.7731,153.6759,159.2245,159.2245,155.4104,0.004886,-0.013483,-0.031729,,,,,prob_above_buy_threshold,prob_above_buy_threshold,2026-05-15,1.0,2026-09-06T17:19:30Z,10.62,0.0,-8.549061
lr,Regresja logistyczna,UNH,logistic_regression,logistic_regression,logistic_regression,binary,binary-2026-08,D-lr-0a4626dfc518,S-UNH-logistic_regression-20240119-8f90b8,T-lr-b287fc36d5b8,BUY,2026-09-06T17:19:30Z,2024-01-19,2024-01-19,515.0,516.34,515.0,517.55,501.82,503.56,6143400,1.0,45.0,46.0,25008.7,24493.7,23175.0,23690.0,100077.93,100072.92,0.1,0.2316,0.2367,100.0,1.0,1.0,0.5,31.59,-4.7236,-2.0602,-2.6634,549.3339,505.8851,527.6095,527.6095,535.7952,0.018727,-0.000715,0.035726,,,,,prob_above_buy_threshold,prob_above_buy_threshold,2026-05-15,1.0,2026-09-06T17:19:30Z,10.62,0.0,-8.549061
lr,Regresja logistyczna,PG,logistic_regression,logistic_regression,logistic_regression,binary,binary-2026-08,D-lr-f636b4f06604,S-PG-logistic_regression-20240119-a6a0a0,T-lr-0b2f06cb806c,BUY,2026-09-06T17:19:30Z,2024-01-19,2024-01-19,148.25,148.14,148.25,148.62,147.31,147.57,7848100,1.0,45.0,46.0,24493.7,24345.45,6671.25,6819.5,100077.93,100072.24,0.1,0.0667,0.0681,100.0,1.0,1.0,0.5,46.94,0.3774,0.2815,0.0958,151.7318,143.7532,147.7425,147.7425,148.773,0.001965,0.058074,0.067358,,,,,prob_above_buy_threshold,prob_above_buy_threshold,2026-05-15,1.0,2026-09-06T17:19:30Z,10.62,0.0,-8.549061
lr,Regresja logistyczna,KO,logistic_regression,logistic_regression,logistic_regression,binary,binary-2026-08,D-lr-1699d620a86b,S-KO-logistic_regression-20240119-a72813,T-lr-063d89f8f069,BUY,2026-09-06T17:19:30Z,2024-01-19,2024-01-19,60.26,60.16,60.26,60.28,59.64,59.83,14392600,1.0,45.0,46.0,24345.45,24285.19,2711.7,2771.96,100077.93,100071.81,0.1,0.0271,0.0277,100.0,0.9999,1.0,0.5,55.85,0.4458,0.4721,-0.0263,61.0387,57.8173,59.428,59.428,58.6738,-0.004346,-0.007688,-0.007354,,,,,prob_above_buy_threshold,prob_above_buy_threshold,2026-05-15,1.0,2026-09-06T17:19:30Z,10.62,0.0,-8.549061
lr,Regresja logistyczna,WMT,logistic_regression,logistic_regression,logistic_regression,binary,binary-2026-08,D-lr-42e001f016eb,S-WMT-logistic_regression-20240119-2534ca,T-lr-785f0d77ecb2,BUY,2026-09-06T17:19:30Z,2024-01-19,2024-01-19,54.4767,54.4133,54.4767,54.5233,53.8133,54.1267,19175400,1.0,45.0,46.0,24285.19,24230.71,2451.45,2505.93,100077.93,100071.46,0.1,0.0245,0.025,99.72,0.9944,0.9972,0.5,62.18,0.5218,0.3538,0.168,54.6392,51.2785,52.9588,52.9588,52.6463,6.2e-05,0.011639,0.049144,,,,,prob_above_buy_threshold,prob_above_buy_threshold,2026-05-15,1.0,2026-09-06T17:19:30Z,10.62,0.0,-8.549061
lr,Regresja logistyczna,NEE,logistic_regression,logistic_regression,logistic_regression,binary,binary-2026-08,D-lr-ca4aaf623220,S-NEE-logistic_regression-20240119-81c575,T-lr-c14dd94d74eb,BUY,2026-09-06T17:19:30Z,2024-01-19,2024-01-19,57.72,57.65,57.72,57.79,56.58,57.26,12762600,1.0,45.0,46.0,24230.71,24172.99,2597.4,2655.12,100077.93,100071.0,0.1,0.026,0.0265,100.0,1.0,1.0,0.5,34.66,-0.2805,0.3314,-0.6119,63.5806,57.5874,60.584,60.584,59.3576,-0.00716,0.021306,-0.004017,,,,,prob_above_buy_threshold,prob_above_buy_threshold,2026-05-15,1.0,2026-09-06T17:19:30Z,10.62,0.0,-8.549061
lr,Regresja logistyczna,MSFT,logistic_regression,logistic_regression,logistic_regression,binary,binary-2026-08,D-lr-1ca6cebb5428,S-MSFT-logistic_regression-20240122-cb54c5,T-lr-1801781bc76b,BUY,2026-09-06T17:19:30Z,2024-01-22,2024-01-22,400.02,398.67,400.02,400.62,393.59,396.51,27016900,1.0,46.0,47.0,24172.99,23772.97,18400.92,18800.94,100409.25,100405.74,0.1,0.1833,0.1872,99.98,0.9995,0.9998,0.5,71.72,6.6297,4.5802,2.0495,398.973,361.074,380.0235,380.0235,375.4984,0.006028,0.033316,0.015838,,,,,prob_above_buy_threshold,prob_above_buy_threshold,2026-05-15,1.0,2026-09-06T17:19:30Z,10.62,0.0,-8.549061
lr,Regresja logistyczna,JPM,logistic_regression,logistic_regression,logistic_regression,binary,binary-2026-08,D-lr-9397b2e47497,S-JPM-logistic_regression-20240122-521317,T-lr-b3828c14c00d,BUY,2026-09-06T17:19:30Z,2024-01-22,2024-01-22,170.46,170.31,170.46,171.98,169.71,170.11,12837500,1.0,46.0,47.0,23772.97,23602.51,7841.16,8011.62,100409.25,100405.39,0.1,0.0781,0.0798,91.51,0.8302,0.9151,0.5,62.23,2.1018,2.9125,-0.8107,173.1054,166.5097,169.8075,169.8075,161.3126,-0.006584,0.015402,0.056552,,,,,prob_above_buy_threshold,prob_above_buy_threshold,2026-05-15,1.0,2026-09-06T17:19:30Z,10.62,0.0,-8.549061
lr,Regresja logistyczna,XOM,logistic_regression,logistic_regression,logistic_regression,binary,binary-2026-08,D-lr-ad7d590cfa1c,S-XOM-logistic_regression-20240122-e2fbe9,T-lr-c2c9d64d4411,BUY,2026-09-06T17:19:30Z,2024-01-22,2024-01-22,96.7,96.95,96.7,97.1,95.77,96.82,19955900,1.0,46.0,47.0,23602.51,23505.81,4448.2,4544.9,100409.25,100405.51,0.1,0.0443,0.0453,85.82,0.7164,0.8582,0.5,35.72,-1.3766,-1.0223,-0.3543,104.3236,95.8044,100.064,100.064,101.3906,0.011258,0.065172,0.061248,,,,,prob_above_buy_threshold,prob_above_buy_threshold,2026-05-15,1.0,2026-09-06T17:19:30Z,10.62,0.0,-8.549061
lr,Regresja logistyczna,JNJ,logistic_regression,logistic_regression,logistic_regression,binary,binary-2026-08,D-lr-11e4fbd15e97,S-JNJ-logistic_regression-20240122-c005bf,T-lr-7e09ae6be986,BUY,2026-09-06T17:19:30Z,2024-01-22,2024-01-22,162.0,161.68,162.0,163.58,161.34,162.47,6824200,1.0,46.0,47.0,23505.81,23343.81,7452.0,7614.0,100409.25,100405.98,0.1,0.0742,0.0758,99.99,0.9999,0.9999,0.5,65.6,1.7326,1.7593,-0.0267,164.6801,154.6889,159.6845,159.6845,155.6418,-0.016372,-0.019142,-0.028374,,,,,prob_above_buy_threshold,prob_above_buy_threshold,2026-05-15,1.0,2026-09-06T17:19:30Z,10.62,0.0,-8.549061
lr,Regresja logistyczna,UNH,logistic_regression,logistic_regression,logistic_regression,binary,binary-2026-08,D-lr-15eae7c5f4bf,S-UNH-logistic_regression-20240122-c5b38c,T-lr-b34cc2a326b3,BUY,2026-09-06T17:19:30Z,2024-01-22,2024-01-22,503.94,503.56,503.94,513.57,496.5,512.99,5922900,1.0,46.0,47.0,23343.81,22839.87,23181.24,23685.18,100409.25,100415.03,0.1,0.2309,0.2359,100.0,1.0,1.0,0.5,39.69,-5.2936,-2.7069,-2.5868,549.538,505.387,527.4625,527.4625,535.2984,0.004932,-0.016472,0.015731,,,,,prob_above_buy_threshold,prob_above_buy_threshold,2026-05-15,1.0,2026-09-06T17:19:30Z,10.62,0.0,-8.549061
lr,Regresja logistyczna,PG,logistic_regression,logistic_regression,logistic_regression,binary,binary-2026-08,D-lr-44256190a90b,S-PG-logistic_regression-20240122-bedf41,T-lr-c49d4d1f9771,BUY,2026-09-06T17:19:30Z,2024-01-22,2024-01-22,146.97,147.57,146.97,148.21,146.28,147.86,11084100,1.0,46.0,47.0,22839.87,22692.9,6760.62,6907.59,100409.25,100415.92,0.1,0.0673,0.0688,100.0,1.0,1.0,0.5,48.19,0.2833,0.2819,0.0014,151.521,144.359,147.94,147.94,148.7184,0.04139,0.056134,0.072028,,,,,prob_above_buy_threshold,prob_above_buy_threshold,2026-05-15,1.0,2026-09-06T17:19:30Z,10.62,0.0,-8.549061
lr,Regresja logistyczna,KO,logistic_regression,logistic_regression,logistic_regression,binary,binary-2026-08,D-lr-2f57d131d04d,S-KO-logistic_regression-20240122-11952d,T-lr-0dd1d0a0b2da,BUY,2026-09-06T17:19:30Z,2024-01-22,2024-01-22,59.76,59.83,59.76,60.07,59.44,59.57,14314300,1.0,46.0,47.0,22692.9,22633.14,2748.96,2808.72,100409.25,100415.73,0.1,0.0274,0.028,100.0,0.9999,1.0,0.5,52.38,0.3906,0.4558,-0.0652,60.904,58.148,59.526,59.526,58.7216,0.0047,0.002686,0.018969,,,,,prob_above_buy_threshold,prob_above_buy_threshold,2026-05-15,1.0,2026-09-06T17:19:30Z,10.62,0.0,-8.549061
lr,Regresja logistyczna,WMT,logistic_regression,logistic_regression,logistic_regression,binary,binary-2026-08,D-lr-bf1247b48421,S-WMT-logistic_regression-20240122-f3a67e,T-lr-c48f5e879b7e,BUY,2026-09-06T17:19:30Z,2024-01-22,2024-01-22,54.2633,54.1267,54.2633,54.3167,53.8333,54.13,13938300,1.0,46.0,47.0,22633.14,22578.88,2496.11,2550.38,100409.25,100415.6,0.1,0.0249,0.0254,99.75,0.995,0.9975,0.5,62.2,0.5321,0.3895,0.1426,54.6595,51.5475,53.1035,53.1035,52.6246,0.002525,0.016319,0.082948,,,,,prob_above_buy_threshold,prob_above_buy_threshold,2026-05-15,1.0,2026-09-06T17:19:30Z,10.62,0.0,-8.549061
lr,Regresja logistyczna,NEE,logistic_regression,logistic_regression,logistic_regression,binary,binary-2026-08,D-lr-c09a7de37c03,S-NEE-logistic_regression-20240122-20f6bb,T-lr-5b9dd5f3b931,BUY,2026-09-06T17:19:30Z,2024-01-22,2024-01-22,57.37,57.26,57.37,57.79,56.66,56.85,12979900,1.0,46.0,47.0,22578.88,22521.51,2639.02,2696.39,100409.25,100415.08,0.1,0.0263,0.0269,100.0,1.0,1.0,0.5,33.19,-0.4985,0.1654,-0.6639,63.8357,57.0333,60.4345,60.4345,59.3254,0.009323,0.047845,-0.004222,,,,,prob_above_buy_threshold,prob_above_buy_threshold,2026-05-15,1.0,2026-09-06T17:19:30Z,10.62,0.0,-8.549061
lr,Regresja logistyczna,MSFT,logistic_regression,logistic_regression,logistic_regression,binary,binary-2026-08,D-lr-c7255ddcf8ae,S-MSFT-logistic_regression-20240123-dfcef2,T-lr-8b43d44b61c4,BUY,2026-09-06T17:19:30Z,2024-01-23,2024-01-23,395.75,396.51,395.75,399.38,393.93,398.9,20525900,1.0,47.0,48.0,22521.51,22125.76,18600.25,18996.0,100852.02,100855.17,0.1,0.1844,0.1883,99.96,0.9992,0.9996,0.5,73.42,7.0724,5.0786,1.9938,401.6755,360.9075,381.2915,381.2915,376.2124,0.009175,0.024292,0.008223,,,,,prob_above_buy_threshold,prob_above_buy_threshold,2026-05-15,1.0,2026-09-06T17:19:30Z,10.62,0.0,-8.549061
lr,Regresja logistyczna,JPM,logistic_regression,logistic_regression,logistic_regression,binary,binary-2026-08,D-lr-1a30fea94c67,S-JPM-logistic_regression-20240123-c6dba7,T-lr-9b761c5ad3cd,BUY,2026-09-06T17:19:30Z,2024-01-23,2024-01-23,169.67,170.11,169.67,169.75,168.44,168.99,8360800,1.0,47.0,48.0,22125.76,21956.09,7974.49,8144.16,100852.02,100854.49,0.1,0.0791,0.0808,85.45,0.7089,0.8545,0.5,57.22,1.9223,2.7145,-0.7922,173.032,166.732,169.882,169.882,161.798,0.008935,0.043079,0.070477,,,,,prob_above_buy_threshold,prob_above_buy_threshold,2026-05-15,1.0,2026-09-06T17:19:30Z,10.62,0.0,-8.549061
lr,Regresja logistyczna,XOM,logistic_regression,logistic_regression,logistic_regression,binary,binary-2026-08,D-lr-3ca66e218bdf,S-XOM-logistic_regression-20240123-4ed405,T-lr-b20db3180783,BUY,2026-09-06T17:19:30Z,2024-01-23,2024-01-23,96.81,96.82,96.81,98.5,96.73,97.91,15863400,1.0,47.0,48.0,21956.09,21859.28,4550.07,4646.88,100852.02,100855.59,0.1,0.0451,0.0461,85.33,0.7065,0.8533,0.5,41.48,-1.3234,-1.0826,-0.2409,104.1592,95.5868,99.873,99.873,101.2902,0.017261,0.070881,0.070881,,,,,prob_above_buy_threshold,prob_above_buy_threshold,2026-05-15,1.0,2026-09-06T17:19:30Z,10.62,0.0,-8.549061
lr,Regresja logistyczna,JNJ,logistic_regression,logistic_regression,logistic_regression,binary,binary-2026-08,D-lr-a69ea4cda28d,S-JNJ-logistic_regression-20240123-550f27,T-lr-68c6e63246fa,BUY,2026-09-06T17:19:30Z,2024-01-23,2024-01-23,159.66,162.47,159.66,160.51,156.91,159.81,9149800,1.0,47.0,48.0,21859.28,21699.62,7504.02,7663.68,100852.02,100855.74,0.1,0.0744,0.076,99.99,0.9999,0.9999,0.5,52.73,1.5167,1.7108,-0.1941,164.4072,155.4588,159.933,159.933,155.831,-0.005319,-0.006508,-0.007071,,,,,prob_above_buy_threshold,prob_above_buy_threshold,2026-05-15,1.0,2026-09-06T17:19:30Z,10.62,0.0,-8.549061
lr,Regresja logistyczna,UNH,logistic_regression,logistic_regression,logistic_regression,binary,binary-2026-08,D-lr-269e3baa90c8,S-UNH-logistic_regression-20240123-9a45d5,T-lr-522d6827d634,BUY,2026-09-06T17:19:30Z,2024-01-23,2024-01-23,512.5,512.99,512.5,518.08,512.08,515.52,2672900,1.0,47.0,48.0,21699.62,21187.12,24087.5,24600.0,100852.02,100858.76,0.1,0.2388,0.2439,100.0,1.0,1.0,0.5,41.68,-5.4781,-3.2611,-2.217,549.6981,504.7909,527.2445,527.2445,534.8742,-0.004442,-0.023103,0.012512,,,,,prob_above_buy_threshold,prob_above_buy_threshold,2026-05-15,1.0,2026-09-06T17:19:30Z,10.62,0.0,-8.549061
lr,Regresja logistyczna,PG,logistic_regression,logistic_regression,logistic_regression,binary,binary-2026-08,D-lr-63c48f8a15a2,S-PG-logistic_regression-20240123-99f5ed,T-lr-f4ad476edae7,BUY,2026-09-06T17:19:30Z,2024-01-23,2024-01-23,153.11,147.86,153.11,156.4,152.89,153.98,19101600,1.0,47.0,48.0,21187.12,21034.01,7196.17,7349.28,100852.02,100859.63,0.1,0.0714,0.0729,100.0,1.0,1.0,0.5,66.25,0.6946,0.3644,0.3301,152.4839,144.3681,148.426,148.426,148.7978,-0.012079,0.022795,0.041694,,,,,prob_above_buy_threshold,prob_above_buy_threshold,2026-05-15,1.0,2026-09-06T17:19:30Z,10.62,0.0,-8.549061
lr,Regresja logistyczna,KO,logistic_regression,logistic_regression,logistic_regression,binary,binary-2026-08,D-lr-aa1ca5ea3c61,S-KO-logistic_regression-20240123-9d54c1,T-lr-a303c65147a2,BUY,2026-09-06T17:19:30Z,2024-01-23,2024-01-23,59.53,59.57,59.53,60.0,59.46,59.85,14481600,1.0,47.0,48.0,21034.01,20974.48,2797.91,2857.44,100852.02,100859.95,0.1,0.0277,0.0283,99.99,0.9998,0.9999,0.5,55.58,0.3652,0.4377,-0.0725,60.8079,58.4301,59.619,59.619,58.7768,-0.015706,0.000835,0.023225,,,,,prob_above_buy_threshold,prob_above_buy_threshold,2026-05-15,1.0,2026-09-06T17:19:30Z,10.62,0.0,-8.549061
lr,Regresja logistyczna,WMT,logistic_regression,logistic_regression,logistic_regression,binary,binary-2026-08,D-lr-b099cce0a0da,S-WMT-logistic_regression-20240123-ed2f12,T-lr-dfb30abae690,BUY,2026-09-06T17:19:30Z,2024-01-23,2024-01-23,54.04,54.13,54.04,54.2833,53.9233,54.2667,12066600,1.0,47.0,48.0,20974.48,20920.44,2539.88,2593.92,100852.02,100860.18,0.1,0.0252,0.0257,99.56,0.9911,0.9956,0.5,63.35,0.545,0.4206,0.1244,54.7094,51.7643,53.2368,53.2368,52.6146,-0.014128,0.017138,0.066953,,,,,prob_above_buy_threshold,prob_above_buy_threshold,2026-05-15,1.0,2026-09-06T17:19:30Z,10.62,0.0,-8.549061
lr,Regresja logistyczna,NEE,logistic_regression,logistic_regression,logistic_regression,binary,binary-2026-08,D-lr-25ed10b5b54f,S-NEE-logistic_regression-20240123-137edd,T-lr-1186410308e5,BUY,2026-09-06T17:19:30Z,2024-01-23,2024-01-23,57.28,56.85,57.28,57.51,56.89,57.38,16081000,1.0,47.0,48.0,20920.44,20863.16,2692.16,2749.44,100852.02,100860.28,0.1,0.0267,0.0273,100.0,1.0,1.0,0.5,36.9,-0.6214,0.008,-0.6294,63.9629,56.6841,60.3235,60.3235,59.323,-0.006448,0.033113,-0.00488,,,,,prob_above_buy_threshold,prob_above_buy_threshold,2026-05-15,1.0,2026-09-06T17:19:30Z,10.62,0.0,-8.549061
lr,Regresja logistyczna,MSFT,logistic_regression,logistic_regression,logistic_regression,binary,binary-2026-08,D-lr-1160b16b576b,S-MSFT-logistic_regression-20240124-b31e55,T-lr-e8ade142840e,BUY,2026-09-06T17:19:30Z,2024-01-24,2024-01-24,401.54,398.9,401.54,405.63,400.45,402.56,24867000,1.0,48.0,49.0,20863.16,20461.62,19273.92,19675.46,100849.88,100850.9,0.1,0.1911,0.1951,99.97,0.9994,0.9997,0.5,75.8,7.6306,5.589,2.0416,404.807,360.574,382.6905,382.6905,377.0498,0.005738,-0.012371,0.02258,,,,,prob_above_buy_threshold,prob_above_buy_threshold,2026-05-15,1.0,2026-09-06T17:19:30Z,10.62,0.0,-8.549061
lr,Regresja logistyczna,JPM,logistic_regression,logistic_regression,logistic_regression,binary,binary-2026-08,D-lr-ece713a91a43,S-JPM-logistic_regression-20240124-6ee2ed,T-lr-065a13b39c52,BUY,2026-09-06T17:19:30Z,2024-01-24,2024-01-24,169.36,168.99,169.36,171.01,168.86,170.5,9967100,1.0,48.0,49.0,20461.62,20292.26,8129.28,8298.64,100849.88,100852.04,0.1,0.0806,0.0823,87.82,0.7564,0.8782,0.5,61.7,1.8803,2.5476,-0.6674,172.9816,167.0924,170.037,170.037,162.3222,0.014311,0.022639,0.073724,,,,,prob_above_buy_threshold,prob_above_buy_threshold,2026-05-15,1.0,2026-09-06T17:19:30Z,10.62,0.0,-8.549061
lr,Regresja logistyczna,XOM,logistic_regression,logistic_regression,logistic_regression,binary,binary-2026-08,D-lr-4c5cd37105f3,S-XOM-logistic_regression-20240124-52ab94,T-lr-d010eb554bbb,BUY,2026-09-06T17:19:30Z,2024-01-24,2024-01-24,98.32,97.91,98.32,99.65,97.74,99.6,17330600,1.0,48.0,49.0,20292.26,20193.94,4719.36,4817.68,100849.88,100853.32,0.1,0.0468,0.0478,81.6,0.632,0.816,0.5,49.1,-1.1319,-1.0924,-0.0395,103.9412,95.5738,99.7575,99.7575,101.223,0.025402,0.032229,0.051807,,,,,prob_above_buy_threshold,prob_above_buy_threshold,2026-05-15,1.0,2026-09-06T17:19:30Z,10.62,0.0,-8.549061
lr,Regresja logistyczna,JNJ,logistic_regression,logistic_regression,logistic_regression,binary,binary-2026-08,D-lr-be376ce5ed86,S-JNJ-logistic_regression-20240124-cf1f0b,T-lr-ae2a44d4f204,BUY,2026-09-06T17:19:30Z,2024-01-24,2024-01-24,159.75,159.81,159.75,160.6,158.16,158.96,7247900,1.0,48.0,49.0,20193.94,20034.19,7668.0,7827.75,100849.88,100852.53,0.1,0.076,0.0776,99.99,0.9999,0.9999,0.5,49.4,1.2625,1.6212,-0.3587,164.1184,156.0976,160.108,160.108,156.0618,0.003774,-0.000378,0.009373,,,,,prob_above_buy_threshold,prob_above_buy_threshold,2026-05-15,1.0,2026-09-06T17:19:30Z,10.62,0.0,-8.549061
lr,Regresja logistyczna,UNH,logistic_regression,logistic_regression,logistic_regression,binary,binary-2026-08,D-lr-99dcc624d57f,S-UNH-logistic_regression-20240124-f3f487,T-lr-c93b9209e0a1,BUY,2026-09-06T17:19:30Z,2024-01-24,2024-01-24,517.9,515.52,517.9,521.73,512.95,513.23,2918800,1.0,48.0,49.0,20034.19,19516.29,24859.2,25377.1,100849.88,100847.86,0.1,0.2465,0.2516,100.0,1.0,1.0,0.5,40.38,-5.7428,-3.7574,-1.9854,549.9844,503.7966,526.8905,526.8905,534.3588,-0.038638,-0.002903,0.025856,,,,,prob_above_buy_threshold,prob_above_buy_threshold,2026-05-15,1.0,2026-09-06T17:19:30Z,10.62,0.0,-8.549061
lr,Regresja logistyczna,PG,logistic_regression,logistic_regression,logistic_regression,binary,binary-2026-08,D-lr-fe5022b47375,S-PG-logistic_regression-20240124-f38817,T-lr-7cb3013d3b16,BUY,2026-09-06T17:19:30Z,2024-01-24,2024-01-24,153.93,153.98,153.93,154.23,152.09,152.12,11592700,1.0,48.0,49.0,19516.29,19362.36,7388.64,7542.57,100849.88,100846.05,0.1,0.0733,0.0748,100.0,1.0,1.0,0.5,59.46,0.8605,0.4636,0.3969,152.8605,144.6755,148.768,148.768,148.8332,0.023008,0.033,0.055483,,,,,prob_above_buy_threshold,prob_above_buy_threshold,2026-05-15,1.0,2026-09-06T17:19:30Z,10.62,0.0,-8.549061
lr,Regresja logistyczna,KO,logistic_regression,logistic_regression,logistic_regression,binary,binary-2026-08,D-lr-475b3c8965a2,S-KO-logistic_regression-20240124-9b5dee,T-lr-e07f72474b56,BUY,2026-09-06T17:19:30Z,2024-01-24,2024-01-24,59.8,59.85,59.8,59.81,58.89,58.91,16370500,1.0,48.0,49.0,19362.36,19302.56,2870.4,2930.2,100849.88,100845.16,0.1,0.0285,0.0291,99.99,0.9998,0.9999,0.5,44.72,0.2662,0.4034,-0.1372,60.7316,58.5654,59.6485,59.6485,58.8218,0.004244,0.009846,0.038024,,,,,prob_above_buy_threshold,prob_above_buy_threshold,2026-05-15,1.0,2026-09-06T17:19:30Z,10.62,0.0,-8.549061
lr,Regresja logistyczna,WMT,logistic_regression,logistic_regression,logistic_regression,binary,binary-2026-08,D-lr-dbda192a96fa,S-WMT-logistic_regression-20240124-dd81f5,T-lr-f0db5ffa414e,BUY,2026-09-06T17:19:30Z,2024-01-24,2024-01-24,54.3,54.2667,54.3,54.3567,53.44,53.5,22932900,1.0,48.0,49.0,19302.56,19248.26,2606.4,2660.7,100849.88,100844.36,0.1,0.0258,0.0264,99.58,0.9915,0.9958,0.5,53.56,0.4877,0.434,0.0537,54.7001,51.9019,53.301,53.301,52.5918,0.014579,0.029595,0.092897,,,,,prob_above_buy_threshold,prob_above_buy_threshold,2026-05-15,1.0,2026-09-06T17:19:30Z,10.62,0.0,-8.549061
lr,Regresja logistyczna,NEE,logistic_regression,logistic_regression,logistic_regression,binary,binary-2026-08,D-lr-344932b14f2b,S-NEE-logistic_regression-20240124-083ad2,T-lr-56ca4cd5261e,BUY,2026-09-06T17:19:30Z,2024-01-24,2024-01-24,58.1,57.38,58.1,58.41,56.75,57.01,14471400,1.0,48.0,49.0,19248.26,19190.16,2788.8,2846.9,100849.88,100843.27,0.1,0.0277,0.0282,100.0,1.0,1.0,0.5,35.42,-0.74,-0.1416,-0.5985,64.0981,56.2749,60.1865,60.1865,59.3688,0.017015,0.028416,-0.005964,,,,,prob_above_buy_threshold,prob_above_buy_threshold,2026-05-15,1.0,2026-09-06T17:19:30Z,10.62,0.0,-8.549061
lr,Regresja logistyczna,MSFT,logistic_regression,logistic_regression,logistic_regression,binary,binary-2026-08,D-lr-94857d4848a8,S-MSFT-logistic_regression-20240125-d435f6,T-lr-006c0ffdf0cf,BUY,2026-09-06T17:19:30Z,2024-01-25,2024-01-25,404.32,402.56,404.32,407.01,402.53,404.87,21021200,1.0,49.0,50.0,19190.16,18785.84,19811.68,20216.0,100527.22,100527.77,0.1,0.1971,0.2011,99.98,0.9995,0.9998,0.5,77.2,8.1653,6.1043,2.061,407.9813,360.4207,384.201,384.201,377.7538,-0.002322,-0.002692,0.013511,,,,,prob_above_buy_threshold,prob_above_buy_threshold,2026-05-15,1.0,2026-09-06T17:19:30Z,10.62,0.0,-8.549061
lr,Regresja logistyczna,JPM,logistic_regression,logistic_regression,logistic_regression,binary,binary-2026-08,D-lr-c2fb712b32b3,S-JPM-logistic_regression-20240125-fe48cb,T-lr-ae7242480138,BUY,2026-09-06T17:19:30Z,2024-01-25,2024-01-25,172.31,170.5,172.31,172.99,170.91,172.94,8873500,1.0,49.0,50.0,18785.84,18613.53,8443.19,8615.5,100527.22,100528.4,0.1,0.084,0.0857,90.8,0.8161,0.908,0.5,67.6,2.0205,2.4422,-0.4217,173.3639,167.1651,170.2645,170.2645,162.8524,-0.003816,0.004568,0.063895,,,,,prob_above_buy_threshold,prob_above_buy_threshold,2026-05-15,1.0,2026-09-06T17:19:30Z,10.62,0.0,-8.549061
lr,Regresja logistyczna,XOM,logistic_regression,logistic_regression,logistic_regression,binary,binary-2026-08,D-lr-193d87510e48,S-XOM-logistic_regression-20240125-3f7e33,T-lr-c89be4ce2286,BUY,2026-09-06T17:19:30Z,2024-01-25,2024-01-25,100.31,99.6,100.31,102.18,99.62,102.13,22089500,1.0,49.0,50.0,18613.53,18513.22,4915.19,5015.5,100527.22,100530.22,0.1,0.0489,0.0499,77.29,0.5459,0.7729,0.5,57.93,-0.7671,-1.0273,0.2603,103.9395,95.5745,99.757,99.757,101.1906,0.008519,0.002546,0.016743,,,,,prob_above_buy_threshold,prob_above_buy_threshold,2026-05-15,1.0,2026-09-06T17:19:30Z,10.62,0.0,-8.549061
lr,Regresja logistyczna,JNJ,logistic_regression,logistic_regression,logistic_regression,binary,binary-2026-08,D-lr-7f0e14c3d4c6,S-JNJ-logistic_regression-20240125-b0b63d,T-lr-758fddc8f92b,BUY,2026-09-06T17:19:30Z,2024-01-25,2024-01-25,159.0,158.96,159.0,159.62,158.47,159.56,5478900,1.0,49.0,50.0,18513.22,18354.22,7791.0,7950.0,100527.22,100530.78,0.1,0.0775,0.0791,99.99,0.9998,0.9999,0.5,51.72,1.0968,1.5163,-0.4195,163.8676,156.6905,160.279,160.279,156.308,-0.000376,-0.007521,0.014289,,,,,prob_above_buy_threshold,prob_above_buy_threshold,2026-05-15,1.0,2026-09-06T17:19:30Z,10.62,0.0,-8.549061
lr,Regresja logistyczna,UNH,logistic_regression,logistic_regression,logistic_regression,binary,binary-2026-08,D-lr-a7742e201a94,S-UNH-logistic_regression-20240125-b8f7f9,T-lr-b090c840c806,BUY,2026-09-06T17:19:30Z,2024-01-25,2024-01-25,487.59,513.23,487.59,495.51,479.0,493.4,14671000,1.0,49.0,50.0,18354.22,17866.63,23891.91,24379.5,100527.22,100536.59,0.1,0.2377,0.2425,100.0,1.0,1.0,0.5,31.27,-7.4667,-4.4993,-2.9674,552.783,498.335,525.559,525.559,533.4026,0.019862,0.027848,0.068585,,,,,prob_above_buy_threshold,prob_above_buy_threshold,2026-05-15,1.0,2026-09-06T17:19:30Z,10.62,0.0,-8.549061
lr,Regresja logistyczna,PG,logistic_regression,logistic_regression,logistic_regression,binary,binary-2026-08,D-lr-a8f55c093e9e,S-PG-logistic_regression-20240125-916406,T-lr-73b5809c3f73,BUY,2026-09-06T17:19:30Z,2024-01-25,2024-01-25,152.4,152.12,152.4,155.66,152.06,155.62,10352500,1.0,49.0,50.0,17866.63,17714.23,7467.6,7620.0,100527.22,100539.81,0.1,0.0743,0.0758,100.0,1.0,1.0,0.5,66.43,1.2599,0.6229,0.637,154.1102,144.3938,149.252,149.252,148.9174,0.003342,0.022876,0.034764,,,,,prob_above_buy_threshold,prob_above_buy_threshold,2026-05-15,1.0,2026-09-06T17:19:30Z,10.62,0.0,-8.549061
lr,Regresja logistyczna,KO,logistic_regression,logistic_regression,logistic_regression,binary,binary-2026-08,D-lr-1fb77d77d70b,S-KO-logistic_regression-20240125-7001e5,T-lr-2189880d2803,BUY,2026-09-06T17:19:30Z,2024-01-25,2024-01-25,59.01,58.91,59.01,59.17,58.66,59.16,14899700,1.0,49.0,50.0,17714.23,17655.22,2891.49,2950.5,100527.22,100539.96,0.1,0.0288,0.0293,99.99,0.9998,0.9999,0.5,47.65,0.2055,0.3638,-0.1583,60.6685,58.6885,59.6785,59.6785,58.8706,0.00355,0.030764,0.034483,,,,,prob_above_buy_threshold,prob_above_buy_threshold,2026-05-15,1.0,2026-09-06T17:19:30Z,10.62,0.0,-8.549061
lr,Regresja logistyczna,WMT,logistic_regression,logistic_regression,logistic_regression,binary,binary-2026-08,D-lr-a00c36b443c8,S-WMT-logistic_regression-20240125-462d93,T-lr-f5c0dde5f67e,BUY,2026-09-06T17:19:30Z,2024-01-25,2024-01-25,53.8,53.5,53.8,54.29,53.4733,54.28,16369500,1.0,49.0,50.0,17655.22,17601.42,2636.2,2690.0,100527.22,100540.44,0.1,0.0262,0.0268,99.66,0.9932,0.9966,0.5,60.28,0.4994,0.4471,0.0524,54.7618,52.0546,53.4082,53.4082,52.5695,0.008782,0.033591,0.078114,,,,,prob_above_buy_threshold,prob_above_buy_threshold,2026-05-15,1.0,2026-09-06T17:19:30Z,10.62,0.0,-8.549061
lr,Regresja logistyczna,NEE,logistic_regression,logistic_regression,logistic_regression,binary,binary-2026-08,D-lr-cc6bebd99d36,S-NEE-logistic_regression-20240125-f79f14,T-lr-940cd50ea5d2,BUY,2026-09-06T17:19:30Z,2024-01-25,2024-01-25,58.95,57.01,58.95,59.36,57.06,57.98,15702600,1.0,49.0,50.0,17601.42,17542.47,2888.55,2947.5,100527.22,100539.47,0.1,0.0287,0.0293,100.0,1.0,1.0,0.5,41.99,-0.7472,-0.2627,-0.4845,64.1029,56.0471,60.075,60.075,59.4256,0.008624,0.030528,-0.020697,,,,,prob_above_buy_threshold,prob_above_buy_threshold,2026-05-15,1.0,2026-09-06T17:19:30Z,10.62,0.0,-8.549061
lr,Regresja logistyczna,MSFT,logistic_regression,logistic_regression,logistic_regression,binary,binary-2026-08,D-lr-0839a93069a3,S-MSFT-logistic_regression-20240126-71c236,T-lr-2520c26294a3,BUY,2026-09-06T17:19:30Z,2024-01-26,2024-01-26,404.37,404.87,404.37,406.17,402.43,403.93,17803300,1.0,50.0,51.0,17542.47,17138.1,20218.5,20622.87,101075.3,101074.86,0.1,0.2,0.204,99.96,0.9992,0.9996,0.5,75.3,8.4162,6.5666,1.8495,410.4711,360.9169,385.694,385.694,378.4988,0.014334,0.018048,0.008937,,,,,prob_above_buy_threshold,prob_above_buy_threshold,2026-05-15,1.0,2026-09-06T17:19:30Z,10.62,0.0,-8.549061
lr,Regresja logistyczna,JPM,logistic_regression,logistic_regression,logistic_regression,binary,binary-2026-08,D-lr-93b05953da1d,S-JPM-logistic_regression-20240126-6abf43,T-lr-c667f16ed136,BUY,2026-09-06T17:19:30Z,2024-01-26,2024-01-26,172.61,172.94,172.61,173.06,171.78,172.28,7443000,1.0,50.0,51.0,17138.1,16965.49,8630.5,8803.11,101075.3,101074.53,0.1,0.0854,0.0871,89.14,0.7827,0.8914,0.5,64.7,2.0547,2.3647,-0.31,173.6001,167.2169,170.4085,170.4085,163.3824,0.002612,0.014221,0.064314,,,,,prob_above_buy_threshold,prob_above_buy_threshold,2026-05-15,1.0,2026-09-06T17:19:30Z,10.62,0.0,-8.549061
lr,Regresja logistyczna,XOM,logistic_regression,logistic_regression,logistic_regression,binary,binary-2026-08,D-lr-af449feaf9f5,S-XOM-logistic_regression-20240126-c136d4,T-lr-c3d7885240ce,BUY,2026-09-06T17:19:30Z,2024-01-26,2024-01-26,101.97,102.13,101.97,103.08,101.19,103.0,20817200,1.0,50.0,51.0,16965.49,16863.52,5098.5,5200.47,101075.3,101075.56,0.1,0.0504,0.0515,74.9,0.498,0.749,0.5,60.47,-0.4031,-0.9025,0.4994,104.1662,95.4818,99.824,99.824,101.1538,0.001262,-0.01,0.012136,,,,,prob_above_buy_threshold,prob_above_buy_threshold,2026-05-15,1.0,2026-09-06T17:19:30Z,10.62,0.0,-8.549061
lr,Regresja logistyczna,JNJ,logistic_regression,logistic_regression,logistic_regression,binary,binary-2026-08,D-lr-e84e2aea4a79,S-JNJ-logistic_regression-20240126-4d445b,T-lr-a76a01e52bb4,BUY,2026-09-06T17:19:30Z,2024-01-26,2024-01-26,160.43,159.56,160.43,160.74,159.36,159.5,5591900,1.0,50.0,51.0,16863.52,16703.09,8021.5,8181.93,101075.3,101074.63,0.1,0.0794,0.0809,99.99,0.9999,0.9999,0.5,51.47,0.9497,1.403,-0.4533,163.569,157.304,160.4365,160.4365,156.5454,-0.000878,-0.018119,0.008088,,,,,prob_above_buy_threshold,prob_above_buy_threshold,2026-05-15,1.0,2026-09-06T17:19:30Z,10.62,0.0,-8.549061
lr,Regresja logistyczna,UNH,logistic_regression,logistic_regression,logistic_regression,binary,binary-2026-08,D-lr-0f225abf9aaa,S-UNH-logistic_regression-20240126-79c52a,T-lr-f43314910835,BUY,2026-09-06T17:19:30Z,2024-01-26,2024-01-26,493.28,493.4,493.28,503.69,489.9,503.2,6212200,1.0,50.0,51.0,16703.09,16209.81,24664.0,25157.28,101075.3,101084.55,0.1,0.244,0.2489,100.0,1.0,1.0,0.5,38.64,-7.9504,-5.1895,-2.7609,553.489,495.67,524.5795,524.5795,532.6152,0.002663,0.013971,0.043959,,,,,prob_above_buy_threshold,prob_above_buy_threshold,2026-05-15,1.0,2026-09-06T17:19:30Z,10.62,0.0,-8.549061
lr,Regresja logistyczna,PG,logistic_regression,logistic_regression,logistic_regression,binary,binary-2026-08,D-lr-21347153c3ad,S-PG-logistic_regression-20240126-e0f34e,T-lr-c8f78d6b2a87,BUY,2026-09-06T17:19:30Z,2024-01-26,2024-01-26,155.81,155.62,155.81,156.16,155.34,156.14,8356600,1.0,50.0,51.0,16209.81,16054.0,7790.5,7946.31,101075.3,101084.88,0.1,0.0771,0.0786,100.0,1.0,1.0,0.5,67.33,1.5999,0.8183,0.7816,155.2366,144.2754,149.756,149.756,148.991,0.000128,0.012489,0.02613,,,,,prob_above_buy_threshold,prob_above_buy_threshold,2026-05-15,1.0,2026-09-06T17:19:30Z,10.62,0.0,-8.549061
lr,Regresja logistyczna,KO,logistic_regression,logistic_regression,logistic_regression,binary,binary-2026-08,D-lr-1b9e9bc03f1d,S-KO-logistic_regression-20240126-38bee9,T-lr-2480652a4d1b,BUY,2026-09-06T17:19:30Z,2024-01-26,2024-01-26,59.25,59.16,59.25,59.49,59.13,59.37,13025100,1.0,50.0,51.0,16054.0,15994.75,2962.5,3021.75,101075.3,101085.0,0.1,0.0293,0.0299,99.99,0.9998,0.9999,0.5,50.04,0.1724,0.3255,-0.1531,60.61,58.813,59.7115,59.7115,58.9194,0.006064,0.019707,0.02257,,,,,prob_above_buy_threshold,prob_above_buy_threshold,2026-05-15,1.0,2026-09-06T17:19:30Z,10.62,0.0,-8.549061
lr,Regresja logistyczna,WMT,logistic_regression,logistic_regression,logistic_regression,binary,binary-2026-08,D-lr-7ab0a0670017,S-WMT-logistic_regression-20240126-de94da,T-lr-c08dbcd399d7,BUY,2026-09-06T17:19:30Z,2024-01-26,2024-01-26,54.35,54.28,54.35,54.7933,54.22,54.7567,15746400,1.0,50.0,51.0,15994.75,15940.4,2717.5,2771.85,101075.3,101085.41,0.1,0.0269,0.0274,99.67,0.9934,0.9967,0.5,63.74,0.541,0.4659,0.0751,54.9389,52.0904,53.5147,53.5147,52.5467,0.004687,0.032264,0.088452,,,,,prob_above_buy_threshold,prob_above_buy_threshold,2026-05-15,1.0,2026-09-06T17:19:30Z,10.62,0.0,-8.549061
lr,Regresja logistyczna,NEE,logistic_regression,logistic_regression,logistic_regression,binary,binary-2026-08,D-lr-fe102b0e07d1,S-NEE-logistic_regression-20240126-388b54,T-lr-3d0aefecc2da,BUY,2026-09-06T17:19:30Z,2024-01-26,2024-01-26,58.33,57.98,58.33,59.02,58.22,58.48,11650000,1.0,50.0,51.0,15940.4,15882.07,2916.5,2974.83,101075.3,101085.56,0.1,0.0289,0.0294,100.0,1.0,1.0,0.5,45.09,-0.7044,-0.3511,-0.3534,64.049,55.891,59.97,59.97,59.5052,0.018639,-0.005643,-0.056943,,,,,prob_above_buy_threshold,prob_above_buy_threshold,2026-05-15,1.0,2026-09-06T17:19:30Z,10.62,0.0,-8.549061
lr,Regresja logistyczna,MSFT,logistic_regression,logistic_regression,logistic_regression,binary,binary-2026-08,D-lr-204d480e7bd3,S-MSFT-logistic_regression-20240129-c415b6,T-lr-9145873161c3,BUY,2026-09-06T17:19:30Z,2024-01-29,2024-01-29,406.06,403.93,406.06,409.98,404.33,409.72,24510200,1.0,51.0,52.0,15882.07,15476.01,20709.06,21115.12,101559.69,101563.35,0.1,0.2039,0.2079,99.96,0.9993,0.9996,0.5,78.76,8.9787,7.0491,1.9296,413.7941,361.0379,387.416,387.416,379.2878,-0.002758,-0.009934,-0.005467,,,,,prob_above_buy_threshold,prob_above_buy_threshold,2026-05-15,1.0,2026-09-06T17:19:30Z,10.62,0.0,-8.549061
lr,Regresja logistyczna,JPM,logistic_regression,logistic_regression,logistic_regression,binary,binary-2026-08,D-lr-f5928daec82b,S-JPM-logistic_regression-20240129-6d74b6,T-lr-608bd786256f,BUY,2026-09-06T17:19:30Z,2024-01-29,2024-01-29,172.24,172.28,172.24,172.84,171.3,172.73,6971200,1.0,51.0,52.0,15476.01,15303.77,8784.24,8956.48,101559.69,101563.84,0.1,0.0865,0.0882,83.39,0.6677,0.8339,0.5,65.78,2.094,2.3106,-0.2166,173.8771,167.1829,170.53,170.53,163.8682,0.020494,0.010247,0.062062,,,,,prob_above_buy_threshold,prob_above_buy_threshold,2026-05-15,1.0,2026-09-06T17:19:30Z,10.62,0.0,-8.549061
lr,Regresja logistyczna,XOM,logistic_regression,logistic_regression,logistic_regression,binary,binary-2026-08,D-lr-d8aadd905879,S-XOM-logistic_regression-20240129-018a7b,T-lr-6360fc87049a,BUY,2026-09-06T17:19:30Z,2024-01-29,2024-01-29,102.98,103.0,102.98,103.2,101.86,103.13,18317500,1.0,51.0,52.0,15303.77,15200.79,5251.98,5354.96,101559.69,101563.99,0.1,0.0517,0.0527,74.11,0.4822,0.7411,0.5,60.85,-0.103,-0.7426,0.6396,104.5456,95.3964,99.971,99.971,101.1306,0.016678,-0.01532,0.008727,,,,,prob_above_buy_threshold,prob_above_buy_threshold,2026-05-15,1.0,2026-09-06T17:19:30Z,10.62,0.0,-8.549061
lr,Regresja logistyczna,JNJ,logistic_regression,logistic_regression,logistic_regression,binary,binary-2026-08,D-lr-bd697ae5e112,S-JNJ-logistic_regression-20240129-2fbe47,T-lr-69da5f09111a,BUY,2026-09-06T17:19:30Z,2024-01-29,2024-01-29,159.01,159.5,159.01,160.07,158.96,159.36,6483200,1.0,51.0,52.0,15200.79,15041.78,8109.51,8268.52,101559.69,101564.34,0.1,0.0798,0.0814,99.99,0.9999,0.9999,0.5,50.84,0.8124,1.2849,-0.4724,163.2198,157.9312,160.5755,160.5755,156.7794,-0.003702,-0.022339,0.010166,,,,,prob_above_buy_threshold,prob_above_buy_threshold,2026-05-15,1.0,2026-09-06T17:19:30Z,10.62,0.0,-8.549061
lr,Regresja logistyczna,UNH,logistic_regression,logistic_regression,logistic_regression,binary,binary-2026-08,D-lr-863cfc0aa31b,S-UNH-logistic_regression-20240129-ef903e,T-lr-58343165985c,BUY,2026-09-06T17:19:30Z,2024-01-29,2024-01-29,503.11,503.2,503.11,506.51,501.15,504.54,4554100,1.0,51.0,52.0,15041.78,14538.67,25658.61,26161.72,101559.69,101565.77,0.1,0.2526,0.2576,100.0,1.0,1.0,0.5,39.59,-8.1319,-5.778,-2.3539,553.7593,493.3637,523.5615,523.5615,531.8968,-0.001843,-0.003132,0.0176,,,,,prob_above_buy_threshold,prob_above_buy_threshold,2026-05-15,1.0,2026-09-06T17:19:30Z,10.62,0.0,-8.549061
lr,Regresja logistyczna,PG,logistic_regression,logistic_regression,logistic_regression,binary,binary-2026-08,D-lr-9efc3d3b76dd,S-PG-logistic_regression-20240129-1b101f,T-lr-ac5dae798d05,BUY,2026-09-06T17:19:30Z,2024-01-29,2024-01-29,156.68,156.14,156.68,157.33,155.4,156.16,8987400,1.0,51.0,52.0,14538.67,14381.99,7990.68,8147.36,101559.69,101565.25,0.1,0.0787,0.0802,100.0,1.0,1.0,0.5,67.37,1.8497,1.0246,0.8251,156.1007,144.4543,150.2775,150.2775,149.0718,0.008517,0.013128,0.020108,,,,,prob_above_buy_threshold,prob_above_buy_threshold,2026-05-15,1.0,2026-09-06T17:19:30Z,10.62,0.0,-8.549061
lr,Regresja logistyczna,KO,logistic_regression,logistic_regression,logistic_regression,binary,binary-2026-08,D-lr-e671bd5ea68b,S-KO-logistic_regression-20240129-51c6d7,T-lr-8d5b267ece16,BUY,2026-09-06T17:19:30Z,2024-01-29,2024-01-29,59.34,59.37,59.34,59.79,59.17,59.73,14547100,1.0,51.0,52.0,14381.99,14322.65,3026.34,3085.68,101559.69,101565.64,0.1,0.0298,0.0304,99.99,0.9998,0.9999,0.5,53.94,0.1732,0.295,-0.1219,60.5433,58.9777,59.7605,59.7605,58.972,0.002846,0.00519,0.010213,,,,,prob_above_buy_threshold,prob_above_buy_threshold,2026-05-15,1.0,2026-09-06T17:19:30Z,10.62,0.0,-8.549061
lr,Regresja logistyczna,WMT,logistic_regression,logistic_regression,logistic_regression,binary,binary-2026-08,D-lr-4427cc692158,S-WMT-logistic_regression-20240129-596bd2,T-lr-4a4a36f50d3d,BUY,2026-09-06T17:19:30Z,2024-01-29,2024-01-29,54.7833,54.7567,54.7833,55.1367,54.5067,55.0133,18240300,1.0,51.0,52.0,14322.65,14267.87,2793.95,2848.73,101559.69,101565.87,0.1,0.0275,0.028,99.69,0.9939,0.9969,0.5,65.48,0.5879,0.4903,0.0976,55.1288,52.1495,53.6392,53.6392,52.5293,0.003333,0.021934,0.083192,,,,,prob_above_buy_threshold,prob_above_buy_threshold,2026-05-15,1.0,2026-09-06T17:19:30Z,10.62,0.0,-8.549061
lr,Regresja logistyczna,NEE,logistic_regression,logistic_regression,logistic_regression,binary,binary-2026-08,D-lr-9d138fa79243,S-NEE-logistic_regression-20240129-1e5597,T-lr-d2358a123a1d,BUY,2026-09-06T17:19:30Z,2024-01-29,2024-01-29,58.47,58.48,58.47,59.79,58.21,59.57,10102800,1.0,51.0,52.0,14267.87,14209.4,2981.97,3040.44,101559.69,101566.97,0.1,0.0294,0.0299,100.0,1.0,1.0,0.5,51.21,-0.5759,-0.396,-0.1799,63.9507,55.8443,59.8975,59.8975,59.5456,-0.004868,-0.060433,-0.067316,,,,,prob_above_buy_threshold,prob_above_buy_threshold,2026-05-15,1.0,2026-09-06T17:19:30Z,10.62,0.0,-8.549061
lr,Regresja logistyczna,MSFT,logistic_regression,logistic_regression,logistic_regression,binary,binary-2026-08,D-lr-018f6c8369ee,S-MSFT-logistic_regression-20240130-488217,T-lr-8484afdbdfb9,BUY,2026-09-06T17:19:30Z,2024-01-30,2024-01-30,412.26,409.72,412.26,413.05,406.45,408.59,33477600,1.0,52.0,53.0,14209.4,13797.14,21437.52,21849.78,101775.14,101771.47,0.1,0.2106,0.2147,99.98,0.9996,0.9998,0.5,76.51,9.2269,7.4846,1.7423,416.4112,361.6758,389.0435,389.0435,380.0662,-0.026946,-0.007587,-0.002129,,,,,prob_above_buy_threshold,prob_above_buy_threshold,2026-05-15,1.0,2026-09-06T17:19:30Z,10.62,0.0,-8.549061
lr,Regresja logistyczna,JPM,logistic_regression,logistic_regression,logistic_regression,binary,binary-2026-08,D-lr-05c6751d515f,S-JPM-logistic_regression-20240130-1e4836,T-lr-1fcaaa2dc60f,BUY,2026-09-06T17:19:30Z,2024-01-30,2024-01-30,172.83,172.73,172.83,176.76,172.83,176.27,10822100,1.0,52.0,53.0,13797.14,13624.31,8987.16,9159.99,101775.14,101774.91,0.1,0.0883,0.09,85.29,0.7058,0.8529,0.5,72.82,2.3833,2.3251,0.0582,175.0068,166.6702,170.8385,170.8385,164.3988,-0.010836,-0.006638,0.046009,,,,,prob_above_buy_threshold,prob_above_buy_threshold,2026-05-15,1.0,2026-09-06T17:19:30Z,10.62,0.0,-8.549061
lr,Regresja logistyczna,XOM,logistic_regression,logistic_regression,logistic_regression,binary,binary-2026-08,D-lr-e751792f73e2,S-XOM-logistic_regression-20240130-09f59d,T-lr-2d05d11d4aef,BUY,2026-09-06T17:19:30Z,2024-01-30,2024-01-30,102.41,103.13,102.41,104.88,102.1,104.85,19610900,1.0,52.0,53.0,13624.31,13521.9,5325.32,5427.73,101775.14,101777.35,0.1,0.0523,0.0533,66.59,0.3318,0.6659,0.5,65.57,0.2705,-0.54,0.8105,105.2594,95.1696,100.2145,100.2145,101.1544,-0.019456,-0.024797,-0.005055,,,,,prob_above_buy_threshold,prob_above_buy_threshold,2026-05-15,1.0,2026-09-06T17:19:30Z,10.62,0.0,-8.549061
lr,Regresja logistyczna,JNJ,logistic_regression,logistic_regression,logistic_regression,binary,binary-2026-08,D-lr-8ba968c1de9e,S-JNJ-logistic_regression-20240130-d3fcdf,T-lr-90e769c57eea,BUY,2026-09-06T17:19:30Z,2024-01-30,2024-01-30,159.35,159.36,159.35,159.76,158.13,158.77,7200500,1.0,52.0,53.0,13521.9,13362.55,8286.2,8445.55,101775.14,101776.77,0.1,0.0814,0.083,100.0,0.9999,1.0,0.5,48.17,0.6486,1.1576,-0.509,162.8359,158.5181,160.677,160.677,156.9788,0.000819,-0.004472,0.01751,,,,,prob_above_buy_threshold,prob_above_buy_threshold,2026-05-15,1.0,2026-09-06T17:19:30Z,10.62,0.0,-8.549061
lr,Regresja logistyczna,UNH,logistic_regression,logistic_regression,logistic_regression,binary,binary-2026-08,D-lr-9df45ab908fa,S-UNH-logistic_regression-20240130-d95137,T-lr-aeeb6f5cd974,BUY,2026-09-06T17:19:30Z,2024-01-30,2024-01-30,504.54,504.54,504.54,506.05,499.22,503.61,4931200,1.0,52.0,53.0,13362.55,12858.01,26236.08,26740.62,101775.14,101775.84,0.1,0.2578,0.2627,100.0,1.0,1.0,0.5,39.14,-8.2557,-6.2735,-1.9821,553.7969,491.0401,522.4185,522.4185,531.2008,0.016143,0.014019,-0.010584,,,,,prob_above_buy_threshold,prob_above_buy_threshold,2026-05-15,1.0,2026-09-06T17:19:30Z,10.62,0.0,-8.549061
lr,Regresja logistyczna,PG,logistic_regression,logistic_regression,logistic_regression,binary,binary-2026-08,D-lr-9bcfdbee96fa,S-PG-logistic_regression-20240130-81ccab,T-lr-5487582fba6c,BUY,2026-09-06T17:19:30Z,2024-01-30,2024-01-30,156.34,156.16,156.34,157.92,155.82,157.49,7794700,1.0,52.0,53.0,12858.01,12701.67,8129.68,8286.02,101775.14,101776.99,0.1,0.0799,0.0814,100.0,1.0,1.0,0.5,69.76,2.1304,1.2458,0.8847,157.1749,144.4751,150.825,150.825,149.1932,-0.002222,0.009334,0.016255,,,,,prob_above_buy_threshold,prob_above_buy_threshold,2026-05-15,1.0,2026-09-06T17:19:30Z,10.62,0.0,-8.549061
lr,Regresja logistyczna,KO,logistic_regression,logistic_regression,logistic_regression,binary,binary-2026-08,D-lr-8b24caec99af,S-KO-logistic_regression-20240130-b1c453,T-lr-083026c3e7f6,BUY,2026-09-06T17:19:30Z,2024-01-30,2024-01-30,59.85,59.73,59.85,60.02,59.45,59.9,22061500,1.0,52.0,53.0,12701.67,12641.82,3112.2,3172.05,101775.14,101777.04,0.1,0.0306,0.0312,99.99,0.9998,0.9999,0.5,55.69,0.1854,0.2731,-0.0877,60.4941,59.1239,59.809,59.809,59.0258,-0.006845,0.000668,0.008347,,,,,prob_above_buy_threshold,prob_above_buy_threshold,2026-05-15,1.0,2026-09-06T17:19:30Z,10.62,0.0,-8.549061
lr,Regresja logistyczna,WMT,logistic_regression,logistic_regression,logistic_regression,binary,binary-2026-08,D-lr-ab6121f78c15,S-WMT-logistic_regression-20240130-273582,T-lr-6747f3a77980,BUY,2026-09-06T17:19:30Z,2024-01-30,2024-01-30,54.9,55.0133,54.9,55.27,54.54,55.1967,15270000,1.0,52.0,53.0,12641.82,12586.92,2854.8,2909.7,101775.14,101777.34,0.1,0.0281,0.0286,99.6,0.9921,0.996,0.5,66.71,0.6325,0.5187,0.1138,55.3197,52.2233,53.7715,53.7715,52.5014,-0.002053,0.025485,0.080138,,,,,prob_above_buy_threshold,prob_above_buy_threshold,2026-05-15,1.0,2026-09-06T17:19:30Z,10.62,0.0,-8.549061
lr,Regresja logistyczna,NEE,logistic_regression,logistic_regression,logistic_regression,binary,binary-2026-08,D-lr-db19abcdf728,S-NEE-logistic_regression-20240130-156870,T-lr-3b2a177792c6,BUY,2026-09-06T17:19:30Z,2024-01-30,2024-01-30,59.5,59.57,59.5,59.75,58.57,59.28,7807700,1.0,52.0,53.0,12586.92,12527.42,3094.0,3153.5,101775.14,101777.12,0.1,0.0304,0.031,100.0,1.0,1.0,0.5,49.63,-0.4918,-0.4152,-0.0766,63.8669,55.7821,59.8245,59.8245,59.5912,-0.010965,-0.051451,-0.071525,,,,,prob_above_buy_threshold,prob_above_buy_threshold,2026-05-15,1.0,2026-09-06T17:19:30Z,10.62,0.0,-8.549061
lr,Regresja logistyczna,MSFT,logistic_regression,logistic_regression,logistic_regression,binary,binary-2026-08,D-lr-bf2d817105f9,S-MSFT-logistic_regression-20240131-6504c9,T-lr-8e12c9012244,BUY,2026-09-06T17:19:30Z,2024-01-31,2024-01-31,406.96,408.59,406.96,415.32,397.21,397.58,47871100,1.0,53.0,54.0,12527.42,12120.46,21568.88,21975.84,101341.28,101331.9,0.1,0.2128,0.2169,99.97,0.9993,0.9997,0.5,58.83,8.438,7.6753,0.7627,416.654,364.1039,390.379,390.379,380.4944,0.015594,0.041426,0.040394,,,,,prob_above_buy_threshold,prob_above_buy_threshold,2026-05-15,1.0,2026-09-06T17:19:30Z,10.62,0.0,-8.549061
lr,Regresja logistyczna,JPM,logistic_regression,logistic_regression,logistic_regression,binary,binary-2026-08,D-lr-2855c80b7ba0,S-JPM-logistic_regression-20240131-349e67,T-lr-c0389577b4d7,BUY,2026-09-06T17:19:30Z,2024-01-31,2024-01-31,176.2,176.27,176.2,178.3,174.34,174.36,11521800,1.0,53.0,54.0,12120.46,11944.26,9338.6,9514.8,101341.28,101330.06,0.1,0.0922,0.0939,86.52,0.7304,0.8652,0.5,65.04,2.4305,2.3462,0.0843,175.3678,166.5372,170.9525,170.9525,164.857,-0.003613,0.006137,0.067103,,,,,prob_above_buy_threshold,prob_above_buy_threshold,2026-05-15,1.0,2026-09-06T17:19:30Z,10.62,0.0,-8.549061
lr,Regresja logistyczna,XOM,logistic_regression,logistic_regression,logistic_regression,binary,binary-2026-08,D-lr-678cf3d2a128,S-XOM-logistic_regression-20240131-800bda,T-lr-b60123f33d65,BUY,2026-09-06T17:19:30Z,2024-01-31,2024-01-31,104.74,104.85,104.74,104.88,102.77,102.81,22415300,1.0,53.0,54.0,11944.26,11839.52,5551.22,5655.96,101341.28,101328.13,0.1,0.0548,0.0558,61.2,0.2241,0.612,0.5,56.82,0.3974,-0.3525,0.7499,105.3238,95.1502,100.237,100.237,101.1614,-0.004085,-0.005739,0.016633,,,,,prob_above_buy_threshold,prob_above_buy_threshold,2026-05-15,1.0,2026-09-06T17:19:30Z,10.62,0.0,-8.549061
lr,Regresja logistyczna,JNJ,logistic_regression,logistic_regression,logistic_regression,binary,binary-2026-08,D-lr-1ce4fc1218ff,S-JNJ-logistic_regression-20240131-a392a3,T-lr-1e271e648f78,BUY,2026-09-06T17:19:30Z,2024-01-31,2024-01-31,160.4,158.77,160.4,160.62,158.67,158.9,8256800,1.0,53.0,54.0,11839.52,11679.12,8501.2,8661.6,101341.28,101326.63,0.1,0.0839,0.0855,100.0,0.9999,1.0,0.5,48.81,0.5232,1.0307,-0.5075,162.8997,158.3473,160.6235,160.6235,157.1548,-0.003398,-0.00579,0.015607,,,,,prob_above_buy_threshold,prob_above_buy_threshold,2026-05-15,1.0,2026-09-06T17:19:30Z,10.62,0.0,-8.549061
lr,Regresja logistyczna,UNH,logistic_regression,logistic_regression,logistic_regression,binary,binary-2026-08,D-lr-45c258b10558,S-UNH-logistic_regression-20240131-f5d7f2,T-lr-8734ee20e09a,BUY,2026-09-06T17:19:30Z,2024-01-31,2024-01-31,504.51,503.61,504.51,515.0,504.51,511.74,5358100,1.0,53.0,54.0,11679.12,11174.61,26739.03,27243.54,101341.28,101333.86,0.1,0.2639,0.2688,100.0,1.0,1.0,0.5,45.07,-7.61,-6.5408,-1.0691,551.7391,490.3379,521.0385,521.0385,530.6392,-0.008989,0.014949,-0.035448,,,,,prob_above_buy_threshold,prob_above_buy_threshold,2026-05-15,1.0,2026-09-06T17:19:30Z,10.62,0.0,-8.549061
lr,Regresja logistyczna,PG,logistic_regression,logistic_regression,logistic_regression,binary,binary-2026-08,D-lr-6514165ac077,S-PG-logistic_regression-20240131-ba7f2a,T-lr-5d74d41d521c,BUY,2026-09-06T17:19:30Z,2024-01-31,2024-01-31,157.99,157.49,157.99,158.5,156.7,157.14,8870000,1.0,53.0,54.0,11174.61,11016.62,8373.47,8531.46,101341.28,101333.01,0.1,0.0826,0.0842,100.0,1.0,1.0,0.5,68.34,2.2982,1.4562,0.8419,158.0803,144.4097,151.245,151.245,149.2794,0.012982,0.0126,0.011455,,,,,prob_above_buy_threshold,prob_above_buy_threshold,2026-05-15,1.0,2026-09-06T17:19:30Z,10.62,0.0,-8.549061
lr,Regresja logistyczna,KO,logistic_regression,logistic_regression,logistic_regression,binary,binary-2026-08,D-lr-dc723c4d6499,S-KO-logistic_regression-20240131-3a0dda,T-lr-465fdff8df21,BUY,2026-09-06T17:19:30Z,2024-01-31,2024-01-31,60.1,59.9,60.1,60.45,59.29,59.49,22837000,1.0,53.0,54.0,11016.62,10956.52,3185.3,3245.4,101341.28,101332.4,0.1,0.0314,0.032,99.99,0.9998,0.9999,0.5,50.68,0.1601,0.2505,-0.0904,60.4915,59.0935,59.7925,59.7925,59.0726,0.025046,0.008405,0.008909,,,,,prob_above_buy_threshold,prob_above_buy_threshold,2026-05-15,1.0,2026-09-06T17:19:30Z,10.62,0.0,-8.549061
lr,Regresja logistyczna,WMT,logistic_regression,logistic_regression,logistic_regression,binary,binary-2026-08,D-lr-88d14ff843e6,S-WMT-logistic_regression-20240131-9b96dc,T-lr-64139a986d0d,BUY,2026-09-06T17:19:30Z,2024-01-31,2024-01-31,55.9333,55.1967,55.9333,55.9333,55.0367,55.0833,26134800,1.0,53.0,54.0,10956.52,10900.58,2964.47,3020.4,101341.28,101331.55,0.1,0.0293,0.0298,99.33,0.9867,0.9933,0.5,65.16,0.6512,0.5452,0.106,55.4866,52.2551,53.8708,53.8708,52.5628,0.018517,0.024992,0.064024,,,,,prob_above_buy_threshold,prob_above_buy_threshold,2026-05-15,1.0,2026-09-06T17:19:30Z,10.62,0.0,-8.549061
lr,Regresja logistyczna,NEE,logistic_regression,logistic_regression,logistic_regression,binary,binary-2026-08,D-lr-53d4fb38080f,S-NEE-logistic_regression-20240131-8122d7,T-lr-6f205d7c3abc,BUY,2026-09-06T17:19:30Z,2024-01-31,2024-01-31,59.7,59.28,59.7,59.98,58.43,58.63,11124900,1.0,53.0,54.0,10900.58,10840.88,3164.1,3223.8,101341.28,101330.48,0.1,0.0312,0.0318,100.0,1.0,1.0,0.5,46.18,-0.4722,-0.4266,-0.0456,63.6689,55.6861,59.6775,59.6775,59.6318,0.019103,-0.038376,-0.058673,,,,,prob_above_buy_threshold,prob_above_buy_threshold,2026-05-15,1.0,2026-09-06T17:19:30Z,10.62,0.0,-8.549061
lr,Regresja logistyczna,MSFT,logistic_regression,logistic_regression,logistic_regression,binary,binary-2026-08,D-lr-396849b6817c,S-MSFT-logistic_regression-20240201-3bc103,T-lr-2a6e7fe39b6a,BUY,2026-09-06T17:19:30Z,2024-02-01,2024-02-01,401.83,397.58,401.83,408.0,401.8,403.78,30657700,1.0,54.0,55.0,10840.88,10439.05,21698.82,22100.65,101637.2,101639.15,0.1,0.2135,0.2174,99.96,0.9992,0.9996,0.5,63.89,8.2183,7.7839,0.4344,417.2777,366.7983,392.038,392.038,381.173,0.018426,0.025583,0.029026,,,,,prob_above_buy_threshold,prob_above_buy_threshold,2026-05-15,1.0,2026-09-06T17:19:30Z,10.62,0.0,-8.549061
lr,Regresja logistyczna,JPM,logistic_regression,logistic_regression,logistic_regression,binary,binary-2026-08,D-lr-1b3452e80fbc,S-JPM-logistic_regression-20240201-db89f2,T-lr-f74ae4d25db6,BUY,2026-09-06T17:19:30Z,2024-02-01,2024-02-01,173.64,174.36,173.64,174.84,171.43,173.73,9354800,1.0,54.0,55.0,10439.05,10265.41,9376.56,9550.2,101637.2,101639.24,0.1,0.0923,0.094,78.88,0.5776,0.7888,0.5,62.67,2.3894,2.3548,0.0346,175.6498,166.4952,171.0725,171.0725,165.2752,0.005756,0.006159,0.06654,,,,,prob_above_buy_threshold,prob_above_buy_threshold,2026-05-15,1.0,2026-09-06T17:19:30Z,10.62,0.0,-8.549061
lr,Regresja logistyczna,XOM,logistic_regression,logistic_regression,logistic_regression,binary,binary-2026-08,D-lr-dce75369b6c2,S-XOM-logistic_regression-20240201-721f94,T-lr-8856a0813487,BUY,2026-09-06T17:19:30Z,2024-02-01,2024-02-01,103.57,102.81,103.57,104.01,101.62,102.39,19240700,1.0,54.0,55.0,10265.41,10161.84,5592.78,5696.35,101637.2,101638.06,0.1,0.055,0.056,63.11,0.2622,0.6311,0.5,55.19,0.4587,-0.1903,0.649,105.1971,95.1939,100.1955,100.1955,101.11,-0.004102,0.015431,0.033695,,,,,prob_above_buy_threshold,prob_above_buy_threshold,2026-05-15,1.0,2026-09-06T17:19:30Z,10.62,0.0,-8.549061
lr,Regresja logistyczna,JNJ,logistic_regression,logistic_regression,logistic_regression,binary,binary-2026-08,D-lr-2454e43c5578,S-JNJ-logistic_regression-20240201-d32bae,T-lr-1dd9302920ad,BUY,2026-09-06T17:19:30Z,2024-02-01,2024-02-01,158.16,158.9,158.16,158.49,157.05,158.36,8012000,1.0,54.0,55.0,10161.84,10003.68,8540.64,8698.8,101637.2,101638.26,0.1,0.084,0.0856,100.0,0.9999,1.0,0.5,46.27,0.3759,0.8998,-0.5239,162.9656,158.0204,160.493,160.493,157.3262,-0.011051,-0.012377,0.023743,,,,,prob_above_buy_threshold,prob_above_buy_threshold,2026-05-15,1.0,2026-09-06T17:19:30Z,10.62,0.0,-8.549061
lr,Regresja logistyczna,UNH,logistic_regression,logistic_regression,logistic_regression,binary,binary-2026-08,D-lr-f62c712d2664,S-UNH-logistic_regression-20240201-fc0ed1,T-lr-2b27a9129f54,BUY,2026-09-06T17:19:30Z,2024-02-01,2024-02-01,508.83,511.74,508.83,510.22,503.0,507.14,4242600,1.0,54.0,55.0,10003.68,9494.85,27476.82,27985.65,101637.2,101636.57,0.1,0.2703,0.2754,100.0,1.0,1.0,0.5,42.55,-7.3843,-6.7095,-0.6748,548.9732,489.6148,519.294,519.294,530.0562,0.006093,0.025535,-0.034724,,,,,prob_above_buy_threshold,prob_above_buy_threshold,2026-05-15,1.0,2026-09-06T17:19:30Z,10.62,0.0,-8.549061
lr,Regresja logistyczna,PG,logistic_regression,logistic_regression,logistic_regression,binary,binary-2026-08,D-lr-34865c2bbf88,S-PG-logistic_regression-20240201-727de3,T-lr-95a9eca2f645,BUY,2026-09-06T17:19:30Z,2024-02-01,2024-02-01,156.77,157.14,156.77,159.3,156.62,159.18,7601100,1.0,54.0,55.0,9494.85,9338.08,8465.58,8622.35,101637.2,101638.98,0.1,0.0833,0.0848,100.0,1.0,1.0,0.5,71.93,2.5661,1.6782,0.8879,159.2759,144.3481,151.812,151.812,149.4416,-0.006848,-0.003392,-0.002073,,,,,prob_above_buy_threshold,prob_above_buy_threshold,2026-05-15,1.0,2026-09-06T17:19:30Z,10.62,0.0,-8.549061
lr,Regresja logistyczna,KO,logistic_regression,logistic_regression,logistic_regression,binary,binary-2026-08,D-lr-12f57b976ca8,S-KO-logistic_regression-20240201-1e5d11,T-lr-1399af0c3f4e,BUY,2026-09-06T17:19:30Z,2024-02-01,2024-02-01,59.57,59.49,59.57,61.01,59.36,60.98,15870900,1.0,54.0,55.0,9338.08,9278.51,3216.78,3276.35,101637.2,101640.39,0.1,0.0316,0.0322,99.98,0.9996,0.9998,0.5,63.53,0.2574,0.2519,0.0055,60.7122,58.9748,59.8435,59.8435,59.147,-0.007215,-0.018859,-0.023778,,,,,prob_above_buy_threshold,prob_above_buy_threshold,2026-05-15,1.0,2026-09-06T17:19:30Z,10.62,0.0,-8.549061
lr,Regresja logistyczna,WMT,logistic_regression,logistic_regression,logistic_regression,binary,binary-2026-08,D-lr-35183dc03581,S-WMT-logistic_regression-20240201-d57d03,T-lr-bd1607a5a91e,BUY,2026-09-06T17:19:30Z,2024-02-01,2024-02-01,55.2333,55.0833,55.2333,56.1167,55.06,56.1033,20792700,1.0,54.0,55.0,9278.51,9223.28,2982.6,3037.83,101637.2,101641.26,0.1,0.0293,0.0299,99.41,0.9882,0.9941,0.5,71.55,0.7399,0.5842,0.1557,55.8645,52.1775,54.021,54.021,52.6492,0.007486,0.006298,0.047353,,,,,prob_above_buy_threshold,prob_above_buy_threshold,2026-05-15,1.0,2026-09-06T17:19:30Z,10.62,0.0,-8.549061
lr,Regresja logistyczna,NEE,logistic_regression,logistic_regression,logistic_regression,binary,binary-2026-08,D-lr-f5b3bd7d1547,S-NEE-logistic_regression-20240201-9f2102,T-lr-b6692058101b,BUY,2026-09-06T17:19:30Z,2024-02-01,2024-02-01,58.39,58.63,58.39,59.83,58.01,59.75,8687600,1.0,54.0,55.0,9223.28,9164.89,3153.06,3211.45,101637.2,101642.62,0.1,0.031,0.0316,100.0,1.0,1.0,0.5,52.33,-0.3621,-0.4137,0.0516,63.4142,55.7168,59.5655,59.5655,59.6794,-0.026778,-0.057908,-0.075983,,,,,prob_above_buy_threshold,prob_above_buy_threshold,2026-05-15,1.0,2026-09-06T17:19:30Z,10.62,0.0,-8.549061
lr,Regresja logistyczna,MSFT,logistic_regression,logistic_regression,logistic_regression,binary,binary-2026-08,D-lr-4b319626dd6a,S-MSFT-logistic_regression-20240202-6d421f,T-lr-3fbc07ebaec1,BUY,2026-09-06T17:19:30Z,2024-02-02,2024-02-02,403.81,403.78,403.81,412.65,403.56,411.22,28256700,1.0,55.0,56.0,9164.89,8761.08,22209.55,22613.36,102008.37,102015.78,0.1,0.2177,0.2217,99.99,0.9997,0.9999,0.5,68.84,8.546,7.9363,0.6097,418.197,370.207,394.202,394.202,381.8486,-0.013545,0.022689,0.008998,,,,,prob_above_buy_threshold,prob_above_buy_threshold,2026-05-15,1.0,2026-09-06T17:19:30Z,10.62,0.0,-8.549061
lr,Regresja logistyczna,JPM,logistic_regression,logistic_regression,logistic_regression,binary,binary-2026-08,D-lr-1789f65719d4,S-JPM-logistic_regression-20240202-82e2cb,T-lr-263c22181c5b,BUY,2026-09-06T17:19:30Z,2024-02-02,2024-02-02,173.3,173.73,173.3,175.82,173.26,174.73,8607600,1.0,55.0,56.0,8761.08,8587.78,9531.5,9704.8,102008.37,102017.21,0.1,0.0934,0.0951,85.49,0.7097,0.8549,0.5,64.86,2.4099,2.3658,0.044,176.0856,166.3914,171.2385,171.2385,165.704,-0.001316,0.001602,0.068391,,,,,prob_above_buy_threshold,prob_above_buy_threshold,2026-05-15,1.0,2026-09-06T17:19:30Z,10.62,0.0,-8.549061
lr,Regresja logistyczna,XOM,logistic_regression,logistic_regression,logistic_regression,binary,binary-2026-08,D-lr-e5b11131346c,S-XOM-logistic_regression-20240202-e1785a,T-lr-4e674dfdb15a,BUY,2026-09-06T17:19:30Z,2024-02-02,2024-02-02,103.75,102.39,103.75,104.0,101.61,101.97,21973400,1.0,55.0,56.0,8587.78,8484.03,5706.25,5810.0,102008.37,102015.43,0.1,0.0559,0.057,61.01,0.2202,0.6101,0.5,53.53,0.468,-0.0586,0.5266,105.1521,95.2039,100.178,100.178,101.0594,-0.004119,-0.001961,0.023438,,,,,prob_above_buy_threshold,prob_above_buy_threshold,2026-05-15,1.0,2026-09-06T17:19:30Z,10.62,0.0,-8.549061
lr,Regresja logistyczna,JNJ,logistic_regression,logistic_regression,logistic_regression,binary,binary-2026-08,D-lr-775688617795,S-JNJ-logistic_regression-20240202-4e5dbc,T-lr-b8a46acdfde0,BUY,2026-09-06T17:19:30Z,2024-02-02,2024-02-02,157.97,158.36,157.97,158.31,155.94,156.61,8295900,1.0,55.0,56.0,8484.03,8326.06,8688.35,8846.32,102008.37,102014.07,0.1,0.0852,0.0867,100.0,0.9999,1.0,0.5,39.15,0.1166,0.7431,-0.6265,163.286,157.298,160.292,160.292,157.4602,-0.005172,0.000958,0.020624,,,,,prob_above_buy_threshold,prob_above_buy_threshold,2026-05-15,1.0,2026-09-06T17:19:30Z,10.62,0.0,-8.549061
lr,Regresja logistyczna,UNH,logistic_regression,logistic_regression,logistic_regression,binary,binary-2026-08,D-lr-45c0d17d6336,S-UNH-logistic_regression-20240202-b6858a,T-lr-48c752fb0a41,BUY,2026-09-06T17:19:30Z,2024-02-02,2024-02-02,508.25,507.14,508.25,512.91,505.39,510.23,3804500,1.0,55.0,56.0,8326.06,7817.81,27953.75,28462.0,102008.37,102016.05,0.1,0.274,0.279,100.0,1.0,1.0,0.5,44.79,-6.8769,-6.743,-0.1339,544.8912,490.1778,517.5345,517.5345,529.5588,-0.014249,0.01566,-0.055583,,,,,prob_above_buy_threshold,prob_above_buy_threshold,2026-05-15,1.0,2026-09-06T17:19:30Z,10.62,0.0,-8.549061
lr,Regresja logistyczna,PG,logistic_regression,logistic_regression,logistic_regression,binary,binary-2026-08,D-lr-31837663f6fa,S-PG-logistic_regression-20240202-dc9d33,T-lr-f8f51ef09b1e,BUY,2026-09-06T17:19:30Z,2024-02-02,2024-02-02,158.97,159.18,158.97,159.6,157.53,158.09,7937700,1.0,55.0,56.0,7817.81,7658.84,8743.35,8902.32,102008.37,102015.17,0.1,0.0857,0.0873,100.0,1.0,1.0,0.5,67.52,2.6599,1.8745,0.7853,160.0751,144.4929,152.284,152.284,149.598,0.000759,-0.004238,0.009299,,,,,prob_above_buy_threshold,prob_above_buy_threshold,2026-05-15,1.0,2026-09-06T17:19:30Z,10.62,0.0,-8.549061
lr,Regresja logistyczna,KO,logistic_regression,logistic_regression,logistic_regression,binary,binary-2026-08,D-lr-dec65518f551,S-KO-logistic_regression-20240202-812580,T-lr-c40a1245381c,BUY,2026-09-06T17:19:30Z,2024-02-02,2024-02-02,60.82,60.98,60.82,60.87,60.23,60.54,17544900,1.0,55.0,56.0,7658.84,7598.02,3345.1,3405.92,102008.37,102014.89,0.1,0.0328,0.0334,99.99,0.9998,0.9999,0.5,58.67,0.2955,0.2606,0.0349,60.8013,58.9637,59.8825,59.8825,59.2098,-0.008259,-0.016188,-0.012058,,,,,prob_above_buy_threshold,prob_above_buy_threshold,2026-05-15,1.0,2026-09-06T17:19:30Z,10.62,0.0,-8.549061
lr,Regresja logistyczna,WMT,logistic_regression,logistic_regression,logistic_regression,binary,binary-2026-08,D-lr-3fa4738e5919,S-WMT-logistic_regression-20240202-5e01c3,T-lr-09a8ca86d3ba,BUY,2026-09-06T17:19:30Z,2024-02-02,2024-02-02,56.05,56.1033,56.05,56.86,55.9733,56.5233,21670800,1.0,55.0,56.0,7598.02,7541.97,3082.75,3138.8,102008.37,102015.37,0.1,0.0302,0.0308,99.47,0.9894,0.9947,0.5,73.69,0.8344,0.6342,0.2002,56.2388,52.1969,54.2178,54.2178,52.7443,-0.005367,-0.00171,0.049124,,,,,prob_above_buy_threshold,prob_above_buy_threshold,2026-05-15,1.0,2026-09-06T17:19:30Z,10.62,0.0,-8.549061
lr,Regresja logistyczna,NEE,logistic_regression,logistic_regression,logistic_regression,binary,binary-2026-08,D-lr-59ab6d02eb60,S-NEE-logistic_regression-20240202-b66c4b,T-lr-ddaa2ded6f69,BUY,2026-09-06T17:19:30Z,2024-02-02,2024-02-02,58.89,59.75,58.89,59.03,57.98,58.15,14952900,1.0,55.0,56.0,7541.97,7483.08,3238.95,3297.84,102008.37,102014.63,0.1,0.0318,0.0323,100.0,1.0,1.0,0.5,44.5,-0.3993,-0.4108,0.0115,63.1355,55.6305,59.383,59.383,59.6956,-0.037489,-0.026999,-0.054686,,,,,prob_above_buy_threshold,prob_above_buy_threshold,2026-05-15,1.0,2026-09-06T17:19:30Z,10.62,0.0,-8.549061
lr,Regresja logistyczna,MSFT,logistic_regression,logistic_regression,logistic_regression,binary,binary-2026-08,D-lr-1a6d0f84aacd,S-MSFT-logistic_regression-20240205-3e1161,T-lr-d228db9efe06,BUY,2026-09-06T17:19:30Z,2024-02-05,2024-02-05,409.9,411.22,409.9,411.16,403.99,405.65,25352300,1.0,56.0,57.0,7483.08,7073.18,22954.4,23364.3,101053.48,101049.23,0.1,0.2272,0.2312,99.99,0.9998,0.9999,0.5,61.99,8.2611,8.0013,0.2598,417.2551,374.9389,396.097,396.097,382.5002,-0.000394,0.02369,-0.007396,,,,,prob_above_buy_threshold,prob_above_buy_threshold,2026-05-15,1.0,2026-09-06T17:19:30Z,10.62,0.0,-8.549061
lr,Regresja logistyczna,JPM,logistic_regression,logistic_regression,logistic_regression,binary,binary-2026-08,D-lr-baf57d76e500,S-JPM-logistic_regression-20240205-176fc4,T-lr-26db978ff58c,BUY,2026-09-06T17:19:30Z,2024-02-05,2024-02-05,173.86,174.73,173.86,175.09,172.92,174.5,7820200,1.0,56.0,57.0,7073.18,6899.32,9736.16,9910.02,101053.48,101049.87,0.1,0.0963,0.0981,87.77,0.7554,0.8777,0.5,63.93,2.38,2.3687,0.0113,176.3858,166.3142,171.35,171.35,166.1346,0.003438,0.007393,0.080516,,,,,prob_above_buy_threshold,prob_above_buy_threshold,2026-05-15,1.0,2026-09-06T17:19:30Z,10.62,0.0,-8.549061
lr,Regresja logistyczna,XOM,logistic_regression,logistic_regression,logistic_regression,binary,binary-2026-08,D-lr-61d0b242e1c3,S-XOM-logistic_regression-20240205-3cf735,T-lr-a3a0af74a69c,BUY,2026-09-06T17:19:30Z,2024-02-05,2024-02-05,101.45,101.97,101.45,102.38,100.5,101.55,17190900,1.0,56.0,57.0,6899.32,6797.87,5681.2,5782.65,101053.48,101049.97,0.1,0.0562,0.0572,59.24,0.1848,0.5924,0.5,51.86,0.4365,0.0404,0.3961,105.0132,95.2348,100.124,100.124,101.0012,0.006893,0.015953,0.040276,,,,,prob_above_buy_threshold,prob_above_buy_threshold,2026-05-15,1.0,2026-09-06T17:19:30Z,10.62,0.0,-8.549061
lr,Regresja logistyczna,JNJ,logistic_regression,logistic_regression,logistic_regression,binary,binary-2026-08,D-lr-7d7025cb1933,S-JNJ-logistic_regression-20240205-737c95,T-lr-ee4ffc9b61a4,BUY,2026-09-06T17:19:30Z,2024-02-05,2024-02-05,156.61,156.61,156.61,156.89,155.34,155.8,9121600,1.0,56.0,57.0,6797.87,6641.26,8770.16,8926.77,101053.48,101049.16,0.1,0.0868,0.0883,100.0,0.9999,1.0,0.5,36.36,-0.1524,0.564,-0.7165,163.5716,156.4794,160.0255,160.0255,157.5538,0.014506,0.013158,0.026765,,,,,prob_above_buy_threshold,prob_above_buy_threshold,2026-05-15,1.0,2026-09-06T17:19:30Z,10.62,0.0,-8.549061
lr,Regresja logistyczna,UNH,logistic_regression,logistic_regression,logistic_regression,binary,binary-2026-08,D-lr-f951ba891654,S-UNH-logistic_regression-20240205-84ab53,T-lr-105e4ecb9aad,BUY,2026-09-06T17:19:30Z,2024-02-05,2024-02-05,509.96,510.23,509.96,514.2,500.05,502.96,3646300,1.0,56.0,57.0,6641.26,6131.3,28557.76,29067.72,101053.48,101042.16,0.1,0.2826,0.2877,100.0,1.0,1.0,0.5,40.76,-6.9809,-6.7906,-0.1903,542.2759,489.3511,515.8135,515.8135,528.8262,0.015329,0.029187,-0.059269,,,,,prob_above_buy_threshold,prob_above_buy_threshold,2026-05-15,1.0,2026-09-06T17:19:30Z,10.62,0.0,-8.549061
lr,Regresja logistyczna,PG,logistic_regression,logistic_regression,logistic_regression,binary,binary-2026-08,D-lr-2039e8213b2a,S-PG-logistic_regression-20240205-7ee2b4,T-lr-b07610013752,BUY,2026-09-06T17:19:30Z,2024-02-05,2024-02-05,158.17,158.09,158.17,159.0,157.56,158.21,6931900,1.0,56.0,57.0,6131.3,5973.13,8857.52,9015.69,101053.48,101042.2,0.1,0.0877,0.0892,100.0,1.0,1.0,0.5,67.76,2.7126,2.0422,0.6704,160.6867,144.9603,152.8235,152.8235,149.77,0.004741,-0.006953,0.007016,,,,,prob_above_buy_threshold,prob_above_buy_threshold,2026-05-15,1.0,2026-09-06T17:19:30Z,10.62,0.0,-8.549061
lr,Regresja logistyczna,KO,logistic_regression,logistic_regression,logistic_regression,binary,binary-2026-08,D-lr-ac8921efff9c,S-KO-logistic_regression-20240205-f878e6,T-lr-84281d3ed95e,BUY,2026-09-06T17:19:30Z,2024-02-05,2024-02-05,60.38,60.54,60.38,60.38,59.88,60.04,12759600,1.0,56.0,57.0,5973.13,5912.75,3381.28,3441.66,101053.48,101041.86,0.1,0.0335,0.0341,99.99,0.9999,0.9999,0.5,53.64,0.2822,0.2649,0.0173,60.8168,58.9852,59.901,59.901,59.25,-0.001666,-0.005663,-0.008661,,,,,prob_above_buy_threshold,prob_above_buy_threshold,2026-05-15,1.0,2026-09-06T17:19:30Z,10.62,0.0,-8.549061
lr,Regresja logistyczna,WMT,logistic_regression,logistic_regression,logistic_regression,binary,binary-2026-08,D-lr-e3b89998c889,S-WMT-logistic_regression-20240205-201706,T-lr-39ea9e5252aa,BUY,2026-09-06T17:19:30Z,2024-02-05,2024-02-05,56.67,56.5233,56.67,56.67,56.0233,56.22,19145100,1.0,56.0,57.0,5912.75,5856.08,3173.52,3230.19,101053.48,101041.41,0.1,0.0314,0.032,99.56,0.9912,0.9956,0.5,69.62,0.8747,0.6823,0.1924,56.4025,52.4315,54.417,54.417,52.8297,0.006818,0.009724,0.067947,,,,,prob_above_buy_threshold,prob_above_buy_threshold,2026-05-15,1.0,2026-09-06T17:19:30Z,10.62,0.0,-8.549061
lr,Regresja logistyczna,NEE,logistic_regression,logistic_regression,logistic_regression,binary,binary-2026-08,D-lr-0305553c32cc,S-NEE-logistic_regression-20240205-a90bca,T-lr-00fb4ee5eea8,BUY,2026-09-06T17:19:30Z,2024-02-05,2024-02-05,57.37,58.15,57.37,57.43,55.89,55.97,14293600,1.0,56.0,57.0,5856.08,5798.71,3212.72,3270.09,101053.48,101040.01,0.1,0.0318,0.0324,100.0,1.0,1.0,0.5,36.5,-0.5978,-0.4482,-0.1496,62.8962,55.2588,59.0775,59.0775,59.6554,0.004645,0.028229,-0.010184,,,,,prob_above_buy_threshold,prob_above_buy_threshold,2026-05-15,1.0,2026-09-06T17:19:30Z,10.62,0.0,-8.549061
lr,Regresja logistyczna,MSFT,logistic_regression,logistic_regression,logistic_regression,binary,binary-2026-08,D-lr-18963f2a0c79,S-MSFT-logistic_regression-20240206-4ff5c2,T-lr-06f6dc0638f0,BUY,2026-09-06T17:19:30Z,2024-02-06,2024-02-06,405.88,405.65,405.88,407.97,402.91,405.49,18382600,1.0,57.0,58.0,5798.71,5392.83,23135.16,23541.04,101747.0,101746.61,0.1,0.2274,0.2314,99.95,0.9991,0.9995,0.5,61.8,7.9309,7.9872,-0.0563,416.7203,378.5537,397.637,397.637,383.053,0.02111,0.002047,-0.008385,,,,,prob_above_buy_threshold,prob_above_buy_threshold,2026-05-15,1.0,2026-09-06T17:19:30Z,10.62,0.0,-8.549061
lr,Regresja logistyczna,JPM,logistic_regression,logistic_regression,logistic_regression,binary,binary-2026-08,D-lr-090232d3243d,S-JPM-logistic_regression-20240206-439366,T-lr-3796e60e6cf3,BUY,2026-09-06T17:19:30Z,2024-02-06,2024-02-06,174.61,174.5,174.61,175.87,173.76,175.1,6764800,1.0,57.0,58.0,5392.83,5218.22,9952.77,10127.38,101747.0,101747.1,0.1,0.0978,0.0995,85.13,0.7025,0.8513,0.5,65.33,2.3774,2.3704,0.007,176.7943,166.2137,171.504,171.504,166.57,0.001885,-0.004797,0.08241,,,,,prob_above_buy_threshold,prob_above_buy_threshold,2026-05-15,1.0,2026-09-06T17:19:30Z,10.62,0.0,-8.549061
lr,Regresja logistyczna,XOM,logistic_regression,logistic_regression,logistic_regression,binary,binary-2026-08,D-lr-99be047a2cd1,S-XOM-logistic_regression-20240206-df3ba4,T-lr-a1c4099c59b6,BUY,2026-09-06T17:19:30Z,2024-02-06,2024-02-06,102.07,101.55,102.07,103.04,101.57,102.25,13347900,1.0,57.0,58.0,5218.22,5116.15,5817.99,5920.06,101747.0,101747.28,0.1,0.0572,0.0582,63.12,0.2625,0.6312,0.5,54.42,0.4626,0.1249,0.3378,105.1568,95.2242,100.1905,100.1905,100.966,-0.000293,-0.0089,0.044205,,,,,prob_above_buy_threshold,prob_above_buy_threshold,2026-05-15,1.0,2026-09-06T17:19:30Z,10.62,0.0,-8.549061
lr,Regresja logistyczna,JNJ,logistic_regression,logistic_regression,logistic_regression,binary,binary-2026-08,D-lr-5ff6edccf5e6,S-JNJ-logistic_regression-20240206-232f16,T-lr-ad7e54dbcfd4,BUY,2026-09-06T17:19:30Z,2024-02-06,2024-02-06,155.83,155.8,155.83,158.73,155.6,158.06,9229900,1.0,57.0,58.0,5116.15,4960.32,8882.31,9038.14,101747.0,101749.51,0.1,0.0873,0.0888,100.0,0.9999,1.0,0.5,47.58,-0.1812,0.415,-0.5962,163.4261,156.2779,159.852,159.852,157.6986,-0.000506,-0.010059,0.008098,,,,,prob_above_buy_threshold,prob_above_buy_threshold,2026-05-15,1.0,2026-09-06T17:19:30Z,10.62,0.0,-8.549061
lr,Regresja logistyczna,UNH,logistic_regression,logistic_regression,logistic_regression,binary,binary-2026-08,D-lr-5974edbae05e,S-UNH-logistic_regression-20240206-a043d3,T-lr-1cd53b57aa5e,BUY,2026-09-06T17:19:30Z,2024-02-06,2024-02-06,503.94,502.96,503.94,510.94,502.45,510.67,2745400,1.0,57.0,58.0,4960.32,4456.38,28724.58,29228.52,101747.0,101756.24,0.1,0.2823,0.2872,100.0,1.0,1.0,0.5,46.28,-6.3677,-6.706,0.3382,539.2822,489.7598,514.521,514.521,528.1644,0.017076,0.012102,-0.074549,,,,,prob_above_buy_threshold,prob_above_buy_threshold,2026-05-15,1.0,2026-09-06T17:19:30Z,10.62,0.0,-8.549061
lr,Regresja logistyczna,PG,logistic_regression,logistic_regression,logistic_regression,binary,binary-2026-08,D-lr-2611b253c6f3,S-PG-logistic_regression-20240206-2245cd,T-lr-b4c757bf6bfb,BUY,2026-09-06T17:19:30Z,2024-02-06,2024-02-06,158.31,158.21,158.31,159.07,157.87,158.96,6185400,1.0,57.0,58.0,4456.38,4298.07,9023.67,9181.98,101747.0,101756.89,0.1,0.0887,0.0902,100.0,1.0,1.0,0.5,69.25,2.7828,2.1903,0.5925,161.3924,145.2816,153.337,153.337,149.9288,0.001006,-0.016923,0.003837,,,,,prob_above_buy_threshold,prob_above_buy_threshold,2026-05-15,1.0,2026-09-06T17:19:30Z,10.62,0.0,-8.549061
lr,Regresja logistyczna,KO,logistic_regression,logistic_regression,logistic_regression,binary,binary-2026-08,D-lr-ebd7888bc921,S-KO-logistic_regression-20240206-6f5e16,T-lr-f2448ae1087b,BUY,2026-09-06T17:19:30Z,2024-02-06,2024-02-06,59.96,60.04,59.96,60.05,59.68,59.94,12775200,1.0,57.0,58.0,4298.07,4238.11,3417.72,3477.68,101747.0,101756.87,0.1,0.0336,0.0342,99.99,0.9997,0.9999,0.5,52.67,0.2605,0.2641,-0.0035,60.8035,58.9815,59.8925,59.8925,59.2804,0.000834,-0.009843,-0.006506,,,,,prob_above_buy_threshold,prob_above_buy_threshold,2026-05-15,1.0,2026-09-06T17:19:30Z,10.62,0.0,-8.549061
lr,Regresja logistyczna,WMT,logistic_regression,logistic_regression,logistic_regression,binary,binary-2026-08,D-lr-755dff520eec,S-WMT-logistic_regression-20240206-16a658,T-lr-bddfc2aec5bf,BUY,2026-09-06T17:19:30Z,2024-02-06,2024-02-06,56.2633,56.22,56.2633,56.65,56.1133,56.6033,14181300,1.0,57.0,58.0,4238.11,4181.85,3207.01,3263.27,101747.0,101757.21,0.1,0.0315,0.0321,99.47,0.9894,0.9947,0.5,71.74,0.9269,0.7312,0.1957,56.6576,52.5617,54.6097,54.6097,52.9306,-0.002532,-0.003946,0.070078,,,,,prob_above_buy_threshold,prob_above_buy_threshold,2026-05-15,1.0,2026-09-06T17:19:30Z,10.62,0.0,-8.549061
lr,Regresja logistyczna,NEE,logistic_regression,logistic_regression,logistic_regression,binary,binary-2026-08,D-lr-33580ffc6183,S-NEE-logistic_regression-20240206-0188fa,T-lr-25aabb08b76d,BUY,2026-09-06T17:19:30Z,2024-02-06,2024-02-06,56.0,55.97,56.0,56.58,55.51,56.23,10305400,1.0,57.0,58.0,4181.85,4125.85,3192.0,3248.0,101747.0,101757.44,0.1,0.0314,0.0319,100.0,1.0,1.0,0.5,37.93,-0.7258,-0.5037,-0.2221,62.3213,55.1647,58.743,58.743,59.6306,0.002668,-0.017428,-0.012449,,,,,prob_above_buy_threshold,prob_above_buy_threshold,2026-05-15,1.0,2026-09-06T17:19:30Z,10.62,0.0,-8.549061
lr,Regresja logistyczna,MSFT,logistic_regression,logistic_regression,logistic_regression,binary,binary-2026-08,D-lr-beb2989f9c41,S-MSFT-logistic_regression-20240207-c80597,T-lr-933f4b232b30,BUY,2026-09-06T17:19:30Z,2024-02-07,2024-02-07,407.44,405.49,407.44,414.3,407.4,414.05,22340500,1.0,58.0,59.0,4125.85,3718.41,23631.52,24038.96,102785.01,102791.62,0.1,0.2299,0.2339,99.98,0.9996,0.9998,0.5,67.54,8.2647,8.0427,0.222,417.0986,382.0014,399.55,399.55,383.7854,0.000145,-0.011013,-0.011858,,,,,prob_above_buy_threshold,prob_above_buy_threshold,2026-05-15,1.0,2026-09-06T17:19:30Z,10.62,0.0,-8.549061
lr,Regresja logistyczna,JPM,logistic_regression,logistic_regression,logistic_regression,binary,binary-2026-08,D-lr-3b2e343f5b95,S-JPM-logistic_regression-20240207-055e61,T-lr-eda348198798,BUY,2026-09-06T17:19:30Z,2024-02-07,2024-02-07,175.69,175.1,175.69,175.87,173.96,175.43,7225500,1.0,58.0,59.0,3718.41,3542.72,10190.02,10365.71,102785.01,102791.36,0.1,0.0991,0.1008,84.79,0.6958,0.8479,0.5,66.11,2.3746,2.3713,0.0033,177.2832,166.2018,171.7425,171.7425,167.0078,-0.003591,0.00342,0.070911,,,,,prob_above_buy_threshold,prob_above_buy_threshold,2026-05-15,1.0,2026-09-06T17:19:30Z,10.62,0.0,-8.549061
lr,Regresja logistyczna,XOM,logistic_regression,logistic_regression,logistic_regression,binary,binary-2026-08,D-lr-214de56845c7,S-XOM-logistic_regression-20240207-1a47ef,T-lr-5fc3c31180ae,BUY,2026-09-06T17:19:30Z,2024-02-07,2024-02-07,102.25,102.25,102.25,102.73,101.18,102.22,13826800,1.0,58.0,59.0,3542.72,3440.47,5930.5,6032.75,102785.01,102791.33,0.1,0.0577,0.0587,65.34,0.3067,0.6534,0.5,54.29,0.4755,0.195,0.2805,105.3547,95.2813,100.318,100.318,100.919,0.01712,-0.0135,0.050382,,,,,prob_above_buy_threshold,prob_above_buy_threshold,2026-05-15,1.0,2026-09-06T17:19:30Z,10.62,0.0,-8.549061
lr,Regresja logistyczna,JNJ,logistic_regression,logistic_regression,logistic_regression,binary,binary-2026-08,D-lr-f81bcd34f66e,S-JNJ-logistic_regression-20240207-5a792c,T-lr-d8d73e5d1d4d,BUY,2026-09-06T17:19:30Z,2024-02-07,2024-02-07,157.8,158.06,157.8,159.37,157.69,157.98,8690300,1.0,58.0,59.0,3440.47,3282.67,9152.4,9310.2,102785.01,102791.51,0.1,0.089,0.0906,100.0,0.9999,1.0,0.5,47.26,-0.2081,0.2904,-0.4985,163.2346,156.1044,159.6695,159.6695,157.8082,-0.010001,-0.014179,0.005634,,,,,prob_above_buy_threshold,prob_above_buy_threshold,2026-05-15,1.0,2026-09-06T17:19:30Z,10.62,0.0,-8.549061
lr,Regresja logistyczna,UNH,logistic_regression,logistic_regression,logistic_regression,binary,binary-2026-08,D-lr-2636bcdf5aed,S-UNH-logistic_regression-20240207-521ca2,T-lr-e5cb904b16f8,BUY,2026-09-06T17:19:30Z,2024-02-07,2024-02-07,514.01,510.67,514.01,521.0,512.69,519.39,4109100,1.0,58.0,59.0,3282.67,2768.66,29812.58,30326.59,102785.01,102796.89,0.1,0.29,0.295,100.0,1.0,1.0,0.5,51.75,-5.1192,-6.3886,1.2694,535.9438,491.2002,513.572,513.572,527.6102,0.001348,-0.004717,-0.078188,,,,,prob_above_buy_threshold,prob_above_buy_threshold,2026-05-15,1.0,2026-09-06T17:19:30Z,10.62,0.0,-8.549061
lr,Regresja logistyczna,PG,logistic_regression,logistic_regression,logistic_regression,binary,binary-2026-08,D-lr-9f017f25d482,S-PG-logistic_regression-20240207-d41c92,T-lr-e450f085bdab,BUY,2026-09-06T17:19:30Z,2024-02-07,2024-02-07,159.1,158.96,159.1,159.83,158.74,159.12,7209300,1.0,58.0,59.0,2768.66,2609.56,9227.8,9386.9,102785.01,102796.91,0.1,0.0898,0.0913,100.0,1.0,1.0,0.5,69.58,2.8189,2.316,0.5029,162.0349,145.6211,153.828,153.828,150.0836,-0.003017,-0.021933,0.009427,,,,,prob_above_buy_threshold,prob_above_buy_threshold,2026-05-15,1.0,2026-09-06T17:19:30Z,10.62,0.0,-8.549061
lr,Regresja logistyczna,KO,logistic_regression,logistic_regression,logistic_regression,binary,binary-2026-08,D-lr-b5fce4d4fa22,S-KO-logistic_regression-20240207-3d4f7f,T-lr-7fd4e649867f,BUY,2026-09-06T17:19:30Z,2024-02-07,2024-02-07,60.07,59.94,60.07,60.21,59.94,59.99,10259900,1.0,58.0,59.0,2609.56,2549.49,3484.06,3544.13,102785.01,102796.83,0.1,0.0339,0.0345,99.99,0.9999,0.9999,0.5,53.13,0.2446,0.2602,-0.0156,60.8028,58.9812,59.892,59.892,59.3088,-0.002667,-0.011669,-0.009168,,,,,prob_above_buy_threshold,prob_above_buy_threshold,2026-05-15,1.0,2026-09-06T17:19:30Z,10.62,0.0,-8.549061
lr,Regresja logistyczna,WMT,logistic_regression,logistic_regression,logistic_regression,binary,binary-2026-08,D-lr-5382656df9d6,S-WMT-logistic_regression-20240207-44c3db,T-lr-534a87baca54,BUY,2026-09-06T17:19:30Z,2024-02-07,2024-02-07,56.7567,56.6033,56.7567,56.8867,56.4,56.46,17082600,1.0,58.0,59.0,2549.49,2492.73,3291.89,3348.64,102785.01,102796.53,0.1,0.032,0.0326,99.56,0.9911,0.9956,0.5,69.78,0.9458,0.7741,0.1717,56.8541,52.7009,54.7775,54.7775,53.0194,-5.9e-05,-0.004605,0.069075,,,,,prob_above_buy_threshold,prob_above_buy_threshold,2026-05-15,1.0,2026-09-06T17:19:30Z,10.62,0.0,-8.549061
lr,Regresja logistyczna,NEE,logistic_regression,logistic_regression,logistic_regression,binary,binary-2026-08,D-lr-b3a43972ce2a,S-NEE-logistic_regression-20240207-a07805,T-lr-e66311bd3b70,BUY,2026-09-06T17:19:30Z,2024-02-07,2024-02-07,56.32,56.23,56.32,56.67,55.63,56.38,7761300,1.0,58.0,59.0,2492.73,2436.41,3266.56,3322.88,102785.01,102796.59,0.1,0.0318,0.0323,100.0,1.0,1.0,0.5,38.79,-0.8058,-0.5642,-0.2417,61.8481,55.0749,58.4615,58.4615,59.6072,-0.001596,-0.006563,-0.002306,,,,,prob_above_buy_threshold,prob_above_buy_threshold,2026-05-15,1.0,2026-09-06T17:19:30Z,10.62,0.0,-8.549061
lr,Regresja logistyczna,MSFT,logistic_regression,logistic_regression,logistic_regression,binary,binary-2026-08,D-lr-3726a78e73cf,S-MSFT-logistic_regression-20240208-80a3a4,T-lr-db118a9503ee,BUY,2026-09-06T17:19:30Z,2024-02-08,2024-02-08,414.05,414.05,414.05,415.56,412.53,414.11,21225300,1.0,59.0,60.0,2436.41,2022.36,24428.95,24843.0,102771.02,102771.08,0.1,0.2377,0.2417,99.99,0.9998,0.9999,0.5,67.57,8.4368,8.1215,0.3153,417.9757,384.2583,401.117,401.117,384.4954,0.015551,-0.018232,-0.019053,,,,,prob_above_buy_threshold,prob_above_buy_threshold,2026-05-15,1.0,2026-09-06T17:19:30Z,10.62,0.0,-8.549061
lr,Regresja logistyczna,JPM,logistic_regression,logistic_regression,logistic_regression,binary,binary-2026-08,D-lr-0c1e8483f57f,S-JPM-logistic_regression-20240208-e6cd7a,T-lr-2c8843ebbe8b,BUY,2026-09-06T17:19:30Z,2024-02-08,2024-02-08,175.0,175.43,175.0,175.31,173.57,174.8,6060300,1.0,59.0,60.0,2022.36,1847.36,10325.0,10500.0,102771.02,102770.88,0.1,0.1005,0.1022,84.38,0.6875,0.8438,0.5,63.19,2.295,2.356,-0.061,177.6167,166.2463,171.9315,171.9315,167.44,0.001201,0.029005,0.076773,,,,,prob_above_buy_threshold,prob_above_buy_threshold,2026-05-15,1.0,2026-09-06T17:19:30Z,10.62,0.0,-8.549061
lr,Regresja logistyczna,XOM,logistic_regression,logistic_regression,logistic_regression,binary,binary-2026-08,D-lr-00d58bbdb5d8,S-XOM-logistic_regression-20240208-41f404,T-lr-4fbb6ab1d6a5,BUY,2026-09-06T17:19:30Z,2024-02-08,2024-02-08,102.34,102.22,102.34,104.42,102.11,103.97,19636900,1.0,59.0,60.0,1847.36,1745.02,6038.06,6140.4,102771.02,102772.51,0.1,0.0588,0.0597,69.42,0.3884,0.6942,0.5,60.38,0.6197,0.2799,0.3398,105.8,95.364,100.582,100.582,100.9192,-0.02116,-0.002308,0.042416,,,,,prob_above_buy_threshold,prob_above_buy_threshold,2026-05-15,1.0,2026-09-06T17:19:30Z,10.62,0.0,-8.549061
lr,Regresja logistyczna,JNJ,logistic_regression,logistic_regression,logistic_regression,binary,binary-2026-08,D-lr-04894b6bb47e,S-JNJ-logistic_regression-20240208-9276a6,T-lr-67f6216837f9,BUY,2026-09-06T17:19:30Z,2024-02-08,2024-02-08,157.34,157.98,157.34,157.34,155.31,156.4,9755000,1.0,59.0,60.0,1745.02,1587.68,9283.06,9440.4,102771.02,102771.57,0.1,0.0903,0.0919,100.0,1.0,1.0,0.5,41.38,-0.3529,0.1617,-0.5146,163.0811,155.7109,159.396,159.396,157.9106,0.002302,0.009719,0.019949,,,,,prob_above_buy_threshold,prob_above_buy_threshold,2026-05-15,1.0,2026-09-06T17:19:30Z,10.62,0.0,-8.549061
lr,Regresja logistyczna,UNH,logistic_regression,logistic_regression,logistic_regression,binary,binary-2026-08,D-lr-d9f2c0fbf0a5,S-UNH-logistic_regression-20240208-ffeffb,T-lr-4686794bcca5,BUY,2026-09-06T17:19:30Z,2024-02-08,2024-02-08,520.63,519.39,520.63,522.16,517.28,520.09,3343000,1.0,59.0,60.0,1587.68,1067.05,30717.17,31237.8,102771.02,102771.03,0.1,0.2989,0.304,100.0,1.0,1.0,0.5,52.17,-4.0268,-5.9163,1.8894,532.4445,492.9445,512.6945,512.6945,527.1402,-0.003596,0.001519,-0.083678,,,,,prob_above_buy_threshold,prob_above_buy_threshold,2026-05-15,1.0,2026-09-06T17:19:30Z,10.62,0.0,-8.549061
lr,Regresja logistyczna,PG,logistic_regression,logistic_regression,logistic_regression,binary,binary-2026-08,D-lr-12679aaef771,S-PG-logistic_regression-20240208-70148c,T-lr-4cc84fdd3c66,BUY,2026-09-06T17:19:30Z,2024-02-08,2024-02-08,158.8,159.12,158.8,159.1,157.77,158.64,6121600,1.0,59.0,60.0,1067.05,908.25,9369.2,9528.0,102771.02,102770.87,0.1,0.0912,0.0927,100.0,1.0,1.0,0.5,67.29,2.7767,2.4081,0.3686,162.5216,146.0044,154.263,154.263,150.2316,-0.00769,-0.010275,0.010779,,,,,prob_above_buy_threshold,prob_above_buy_threshold,2026-05-15,1.0,2026-09-06T17:19:30Z,10.62,0.0,-8.549061
lr,Regresja logistyczna,KO,logistic_regression,logistic_regression,logistic_regression,binary,binary-2026-08,D-lr-a42185fa989a,S-KO-logistic_regression-20240208-4fd28b,T-lr-070618c05f7c,BUY,2026-09-06T17:19:30Z,2024-02-08,2024-02-08,59.89,59.99,59.89,59.97,59.41,59.83,12874800,1.0,59.0,60.0,908.25,848.36,3533.51,3593.4,102771.02,102770.81,0.1,0.0344,0.035,99.99,0.9998,0.9999,0.5,51.42,0.2165,0.2514,-0.0349,60.7735,58.9735,59.8735,59.8735,59.3362,-0.004513,-0.007187,-0.005181,,,,,prob_above_buy_threshold,prob_above_buy_threshold,2026-05-15,1.0,2026-09-06T17:19:30Z,10.62,0.0,-8.549061
lr,Regresja logistyczna,WMT,logistic_regression,logistic_regression,logistic_regression,binary,binary-2026-08,D-lr-5660ab4d1f94,S-WMT-logistic_regression-20240208-ff7811,T-lr-84215472ae46,BUY,2026-09-06T17:19:30Z,2024-02-08,2024-02-08,56.46,56.46,56.46,56.85,56.38,56.4567,14427900,1.0,59.0,60.0,848.36,791.9,3331.14,3387.6,102771.02,102770.81,0.1,0.0324,0.033,99.45,0.989,0.9945,0.5,69.73,0.9496,0.8092,0.1404,57.0565,52.7679,54.9122,54.9122,53.1034,-0.000531,-0.000472,0.064887,,,,,prob_above_buy_threshold,prob_above_buy_threshold,2026-05-15,1.0,2026-09-06T17:19:30Z,10.62,0.0,-8.549061
lr,Regresja logistyczna,NEE,logistic_regression,logistic_regression,logistic_regression,binary,binary-2026-08,D-lr-a9a87af949cd,S-NEE-logistic_regression-20240208-6dbd76,T-lr-50e1770dd67d,BUY,2026-09-06T17:19:30Z,2024-02-08,2024-02-08,56.42,56.38,56.42,56.42,55.39,56.29,8143000,1.0,59.0,60.0,791.9,735.48,3328.78,3385.2,102771.02,102770.68,0.1,0.0324,0.0329,100.0,1.0,1.0,0.5,38.45,-0.8665,-0.6246,-0.2419,61.1848,55.1392,58.162,58.162,59.5814,0.005152,0.01741,0.027003,,,,,prob_above_buy_threshold,prob_above_buy_threshold,2026-05-15,1.0,2026-09-06T17:19:30Z,10.62,0.0,-8.549061
lr,Regresja logistyczna,MSFT,logistic_regression,logistic_regression,logistic_regression,binary,binary-2026-08,D-lr-d1652f6c7b18,S-MSFT-logistic_regression-20240209-63a370,T-lr-3ea82d595444,BUY,2026-09-06T17:19:30Z,2024-02-09,2024-02-09,415.25,414.11,415.25,420.82,415.09,420.55,22032800,1.0,60.0,61.0,735.48,320.23,24915.0,25330.25,102873.28,102878.58,0.1,0.2422,0.2462,99.97,0.9994,0.9997,0.5,71.33,8.9893,8.2951,0.6942,420.015,385.811,402.913,402.913,385.2524,-0.012579,-0.039211,-0.038117,,,,,prob_above_buy_threshold,prob_above_buy_threshold,2026-05-15,1.0,2026-09-06T17:19:30Z,10.62,0.0,-8.549061
lr,Regresja logistyczna,JPM,logistic_regression,logistic_regression,logistic_regression,binary,binary-2026-08,D-lr-a26a4e05231b,S-JPM-logistic_regression-20240209-3e311a,T-lr-b2bc27b32f8b,BUY,2026-09-06T17:19:30Z,2024-02-09,2024-02-09,175.0,174.8,175.0,175.1,173.67,175.01,6296700,1.0,60.0,61.0,320.23,145.23,10500.0,10675.0,102873.28,102878.59,0.1,0.1021,0.1038,85.12,0.7025,0.8512,0.5,63.76,2.2233,2.3295,-0.1061,177.9517,166.3823,172.167,172.167,167.8694,0.004457,0.02297,0.075881,,,,,prob_above_buy_threshold,prob_above_buy_threshold,2026-05-15,1.0,2026-09-06T17:19:30Z,10.62,0.0,-8.549061
lr,Regresja logistyczna,XOM,logistic_regression,logistic_regression,logistic_regression,binary,binary-2026-08,D-lr-bb355925fbab,S-XOM-logistic_regression-20240209-590f8b,T-lr-8bee9d87bc1b,BUY,2026-09-06T17:19:30Z,2024-02-09,2024-02-09,104.1,103.97,104.1,104.84,101.7,101.77,20410500,1.0,60.0,61.0,145.23,41.13,6246.0,6350.1,102873.28,102876.26,0.1,0.0607,0.0617,68.45,0.369,0.6845,0.5,51.15,0.5502,0.334,0.2162,105.9025,95.5715,100.737,100.737,100.8766,0.013757,0.019259,0.071239,,,,,prob_above_buy_threshold,prob_above_buy_threshold,2026-05-15,1.0,2026-09-06T17:19:30Z,10.62,0.0,-8.549061
lr,Regresja logistyczna,JPM,logistic_regression,logistic_regression,logistic_regression,binary,binary-2026-08,D-lr-0746a17718b5,S-JPM-logistic_regression-20241108-f2ba9b,T-lr-1ebe52ada592,SELL,2026-09-06T17:19:30Z,2024-11-08,2024-11-08,239.34,236.38,239.34,239.34,235.78,236.98,9502100,1.0,61.0,60.0,41.13,280.47,14599.74,14360.4,117542.16,117544.52,0.1,0.1242,0.1222,18.52,0.6296,0.1852,0.5,62.95,4.9409,3.6356,1.3054,238.7129,212.7351,225.724,225.724,217.222,0.009748,0.035151,0.028821,74.92,0.455665,273,True,prob_below_buy_threshold,prob_below_buy_threshold,2026-05-15,1.0,2026-09-06T17:19:30Z,85.54,0.0,-8.549061
lr,Regresja logistyczna,XOM,logistic_regression,logistic_regression,logistic_regression,binary,binary-2026-08,D-lr-f59aa8652d9d,S-XOM-logistic_regression-20241108-7ec312,T-lr-c94607406b6b,BUY,2026-09-06T17:19:30Z,2024-11-08,2024-11-08,120.98,121.15,120.98,121.42,119.66,121.11,12836000,1.0,61.0,62.0,280.47,159.49,7379.78,7500.76,117542.16,117544.65,0.1,0.0628,0.0638,79.05,0.5809,0.7905,0.5,56.92,0.2115,0.0642,0.1473,123.4566,115.6444,119.5505,119.5505,117.9018,-0.005284,-0.014863,-0.06779,,,,,prob_above_buy_threshold,prob_above_buy_threshold,2026-05-15,1.0,2026-09-06T17:19:30Z,85.54,0.0,-8.549061
lr,Regresja logistyczna,JNJ,logistic_regression,logistic_regression,logistic_regression,binary,binary-2026-08,D-lr-00863d0b9c97,S-JNJ-logistic_regression-20241108-5d3739,T-lr-9dbf2197edf8,BUY,2026-09-06T17:19:30Z,2024-11-08,2024-11-08,157.0,156.73,157.0,157.08,155.41,155.47,8926100,1.0,60.0,61.0,159.49,2.49,9420.0,9577.0,117542.16,117543.12,0.1,0.0801,0.0815,100.0,0.9999,1.0,0.5,30.77,-1.4871,-0.8313,-0.6558,167.007,155.515,161.261,161.261,162.6074,-0.002766,-0.009455,-0.037756,,,,,prob_above_buy_threshold,prob_above_buy_threshold,2026-05-15,1.0,2026-09-06T17:19:30Z,85.54,0.0,-8.549061
lr,Regresja logistyczna,JPM,logistic_regression,logistic_regression,logistic_regression,binary,binary-2026-08,D-lr-9b77aa85ef04,S-JPM-logistic_regression-20241114-ffa2ac,T-lr-4b9b718230d4,SELL,2026-09-06T17:19:30Z,2024-11-14,2024-11-14,242.42,241.16,242.42,244.29,241.05,241.87,10172200,1.0,60.0,59.0,2.49,244.91,14545.2,14302.78,116245.57,116246.12,0.1,0.1251,0.123,48.81,0.0238,0.4881,0.5,66.46,6.2645,4.992,1.2725,246.1813,212.2617,229.2215,229.2215,218.8184,0.014223,0.011949,-0.007979,78.0,0.474398,279,True,prob_below_buy_threshold,prob_below_buy_threshold,2026-05-15,1.0,2026-09-06T17:19:30Z,163.54,0.0,-8.549061
lr,Regresja logistyczna,XOM,logistic_regression,logistic_regression,logistic_regression,binary,binary-2026-08,D-lr-e3a9616c6428,S-XOM-logistic_regression-20241114-1d6190,T-lr-ceb1a05eeacb,BUY,2026-09-06T17:19:30Z,2024-11-14,2024-11-14,121.66,121.47,121.66,121.88,120.33,120.56,13041800,1.0,62.0,63.0,244.91,123.25,7542.92,7664.58,116245.57,116245.02,0.1,0.0649,0.0659,74.43,0.4886,0.7443,0.5,53.78,0.4394,0.2506,0.1888,122.8594,115.9826,119.421,119.421,118.346,-0.010368,0.011364,-0.080624,,,,,prob_above_buy_threshold,prob_above_buy_threshold,2026-05-15,1.0,2026-09-06T17:19:30Z,163.54,0.0,-8.549061
lr,Regresja logistyczna,KO,logistic_regression,logistic_regression,logistic_regression,binary,binary-2026-08,D-lr-089dace20108,S-KO-logistic_regression-20241114-11edb8,T-lr-3c1ac30ddaca,BUY,2026-09-06T17:19:30Z,2024-11-14,2024-11-14,63.11,63.0,63.11,63.11,62.43,62.55,15910800,1.0,60.0,61.0,123.25,60.14,3786.6,3849.71,116245.57,116244.46,0.1,0.0326,0.0331,100.0,1.0,1.0,0.5,20.22,-1.7587,-1.5658,-0.1929,70.2196,61.1714,65.6955,65.6955,68.8156,-0.01295,0.019345,0.009113,,,,,prob_above_buy_threshold,prob_above_buy_threshold,2026-05-15,1.0,2026-09-06T17:19:30Z,163.54,0.0,-8.549061
lr,Regresja logistyczna,JPM,logistic_regression,logistic_regression,logistic_regression,binary,binary-2026-08,D-lr-b246d1ff1417,S-JPM-logistic_regression-20241115-c40f8e,T-lr-c4c4a37c6208,SELL,2026-09-06T17:19:30Z,2024-11-15,2024-11-15,241.46,241.87,241.46,246.42,241.46,245.31,11518800,1.0,59.0,58.0,60.14,301.6,14246.14,14004.68,115867.3,115863.45,0.1,0.123,0.1209,47.82,0.0437,0.4782,0.5,69.01,6.65,5.3236,1.3264,248.452,211.985,230.2185,230.2185,219.4754,-0.001141,0.013208,-0.023358,77.04,0.468559,280,True,prob_below_buy_threshold,prob_below_buy_threshold,2026-05-15,1.0,2026-09-06T17:19:30Z,240.58,0.0,-8.549061
lr,Regresja logistyczna,XOM,logistic_regression,logistic_regression,logistic_regression,binary,binary-2026-08,D-lr-fd69e799f139,S-XOM-logistic_regression-20241115-8f73ae,T-lr-d4311c8ec6a4,BUY,2026-09-06T17:19:30Z,2024-11-15,2024-11-15,120.4,120.56,120.4,121.24,119.13,119.31,19051700,1.0,63.0,64.0,301.6,181.2,7585.2,7705.6,115867.3,115862.36,0.1,0.0655,0.0665,76.73,0.5346,0.7673,0.5,48.86,0.3444,0.2693,0.0751,122.814,115.958,119.386,119.386,118.4794,0.008382,0.020786,-0.090856,,,,,prob_above_buy_threshold,prob_above_buy_threshold,2026-05-15,1.0,2026-09-06T17:19:30Z,240.58,0.0,-8.549061
lr,Regresja logistyczna,JNJ,logistic_regression,logistic_regression,logistic_regression,binary,binary-2026-08,D-lr-d3d66af3db2b,S-JNJ-logistic_regression-20241115-30a1de,T-lr-8ac75d445ee8,BUY,2026-09-06T17:19:30Z,2024-11-15,2024-11-15,150.9,151.87,150.9,154.43,150.9,154.0,11328500,1.0,61.0,62.0,181.2,30.3,9204.9,9355.8,115867.3,115865.46,0.1,0.0794,0.0807,100.0,0.9999,1.0,0.5,35.47,-2.4372,-1.7826,-0.6546,166.3884,150.8556,158.622,158.622,161.3482,0.005,0.007597,-0.065909,,,,,prob_above_buy_threshold,prob_above_buy_threshold,2026-05-15,1.0,2026-09-06T17:19:30Z,240.58,0.0,-8.549061
lr,Regresja logistyczna,JPM,logistic_regression,logistic_regression,logistic_regression,binary,binary-2026-08,D-lr-31b500010333,S-JPM-logistic_regression-20241118-b1a205,T-lr-ba2172a7ac3f,SELL,2026-09-06T17:19:30Z,2024-11-18,2024-11-18,247.76,245.31,247.76,247.93,242.68,245.03,9051400,1.0,58.0,57.0,30.3,278.06,14370.08,14122.32,115924.64,115927.37,0.1,0.124,0.1218,43.49,0.1302,0.4349,0.5,68.55,6.8539,5.6297,1.2242,250.3216,212.3184,231.32,231.32,220.0398,-0.007917,0.021467,-0.027221,83.34,0.506876,283,True,prob_below_buy_threshold,prob_below_buy_threshold,2026-05-15,1.0,2026-09-06T17:19:30Z,323.92,0.0,-8.549061
lr,Regresja logistyczna,XOM,logistic_regression,logistic_regression,logistic_regression,binary,binary-2026-08,D-lr-6bb25dfaa666,S-XOM-logistic_regression-20241118-60ea60,T-lr-e338ba28c02b,BUY,2026-09-06T17:19:30Z,2024-11-18,2024-11-18,119.79,119.31,119.79,120.62,119.27,120.31,14239700,1.0,64.0,65.0,278.06,158.27,7666.56,7786.35,115924.64,115927.89,0.1,0.0661,0.0672,76.17,0.5235,0.7617,0.5,52.6,0.3459,0.2847,0.0613,122.8362,115.9588,119.3975,119.3975,118.5854,-0.013964,-0.002826,-0.102236,,,,,prob_above_buy_threshold,prob_above_buy_threshold,2026-05-15,1.0,2026-09-06T17:19:30Z,323.92,0.0,-8.549061
lr,Regresja logistyczna,JNJ,logistic_regression,logistic_regression,logistic_regression,binary,binary-2026-08,D-lr-8464cc5041cf,S-JNJ-logistic_regression-20241118-029f53,T-lr-14dea5cd22be,BUY,2026-09-06T17:19:30Z,2024-11-18,2024-11-18,152.59,154.0,152.59,155.33,152.33,154.77,7510600,1.0,62.0,63.0,158.27,5.68,9460.58,9613.17,115924.64,115930.07,0.1,0.0816,0.0829,100.0,0.9999,1.0,0.5,38.65,-2.3363,-1.8933,-0.443,165.9063,150.5317,158.219,158.219,161.1114,-0.011436,0.006526,-0.054016,,,,,prob_above_buy_threshold,prob_above_buy_threshold,2026-05-15,1.0,2026-09-06T17:19:30Z,323.92,0.0,-8.549061
lr,Regresja logistyczna,JPM,logistic_regression,logistic_regression,logistic_regression,binary,binary-2026-08,D-lr-38f0edd79e2f,S-JPM-logistic_regression-20241119-aa6c03,T-lr-3cf3dd62cf87,SELL,2026-09-06T17:19:30Z,2024-11-19,2024-11-19,242.25,245.03,242.25,245.15,241.55,243.09,6792700,1.0,57.0,56.0,5.68,247.93,13808.25,13566.0,115201.34,115200.5,0.1,0.1199,0.1178,34.44,0.3112,0.3444,0.5,65.33,6.7808,5.8599,0.9209,251.6283,212.9087,232.2685,232.2685,220.7904,-0.009503,0.028302,-0.052326,77.83,0.473364,284,True,prob_below_buy_threshold,prob_below_buy_threshold,2026-05-15,1.0,2026-09-06T17:19:30Z,401.75,0.0,-8.549061
lr,Regresja logistyczna,XOM,logistic_regression,logistic_regression,logistic_regression,binary,binary-2026-08,D-lr-bf3fdc31dba5,S-XOM-logistic_regression-20241119-462bdf,T-lr-43e529dda099,BUY,2026-09-06T17:19:30Z,2024-11-19,2024-11-19,119.75,120.31,119.75,119.75,118.2,118.63,11584400,1.0,65.0,66.0,247.93,128.18,7783.75,7903.5,115201.34,115199.38,0.1,0.0676,0.0686,78.56,0.5711,0.7856,0.5,46.46,0.2091,0.2695,-0.0604,122.6941,115.8939,119.294,119.294,118.7416,0.014246,-0.005563,-0.102925,,,,,prob_above_buy_threshold,prob_above_buy_threshold,2026-05-15,1.0,2026-09-06T17:19:30Z,401.75,0.0,-8.549061
lr,Regresja logistyczna,KO,logistic_regression,logistic_regression,logistic_regression,binary,binary-2026-08,D-lr-e1c17e830bda,S-KO-logistic_regression-20241119-4a4166,T-lr-582b039825ce,BUY,2026-09-06T17:19:30Z,2024-11-19,2024-11-19,61.9,61.86,61.9,62.62,61.63,62.59,16254800,1.0,61.0,62.0,128.18,66.28,3775.9,3837.8,115201.34,115200.07,0.1,0.0328,0.0333,100.0,1.0,1.0,0.5,28.17,-1.791,-1.6901,-0.1009,68.1391,60.9369,64.538,64.538,68.2486,0.006391,0.031315,0.004154,,,,,prob_above_buy_threshold,prob_above_buy_threshold,2026-05-15,1.0,2026-09-06T17:19:30Z,401.75,0.0,-8.549061
lr,Regresja logistyczna,JPM,logistic_regression,logistic_regression,logistic_regression,binary,binary-2026-08,D-lr-01990b94faa9,S-JPM-logistic_regression-20241120-c25043,T-lr-b476ebead8ae,SELL,2026-09-06T17:19:30Z,2024-11-20,2024-11-20,244.4,243.09,244.4,244.61,238.64,240.78,9015300,1.0,56.0,55.0,66.28,310.68,13686.4,13442.0,116514.28,116517.9,0.1,0.1175,0.1154,40.3,0.1939,0.403,0.5,61.62,6.462,5.9803,0.4816,252.3874,213.8866,233.137,233.137,221.4614,0.01653,0.03742,-0.032478,79.98,0.48644,285,True,prob_below_buy_threshold,prob_below_buy_threshold,2026-05-15,1.0,2026-09-06T17:19:30Z,481.73,0.0,-8.549061
lr,Regresja logistyczna,XOM,logistic_regression,logistic_regression,logistic_regression,binary,binary-2026-08,D-lr-0fd9df2426fa,S-XOM-logistic_regression-20241120-2fa494,T-lr-ae5e9b759087,BUY,2026-09-06T17:19:30Z,2024-11-20,2024-11-20,119.17,118.63,119.17,120.47,118.64,120.32,11360900,1.0,66.0,67.0,310.68,191.51,7865.22,7984.39,116514.28,116519.05,0.1,0.0675,0.0685,82.95,0.6589,0.8295,0.5,52.47,0.2344,0.2625,-0.0282,122.6995,115.8935,119.2965,119.2965,118.9536,0.013381,-0.022108,-0.123088,,,,,prob_above_buy_threshold,prob_above_buy_threshold,2026-05-15,1.0,2026-09-06T17:19:30Z,481.73,0.0,-8.549061
lr,Regresja logistyczna,JNJ,logistic_regression,logistic_regression,logistic_regression,binary,binary-2026-08,D-lr-2ae28cfc50f5,S-JNJ-logistic_regression-20241120-cb76d1,T-lr-154611b3c783,BUY,2026-09-06T17:19:30Z,2024-11-20,2024-11-20,153.03,153.0,153.03,153.25,151.81,153.11,9061300,1.0,63.0,64.0,191.51,38.48,9640.89,9793.92,116514.28,116519.13,0.1,0.0827,0.0841,100.0,0.9999,1.0,0.5,34.92,-2.3639,-2.064,-0.2999,163.9314,150.1866,157.059,157.059,160.5896,0.01561,0.014957,-0.062243,,,,,prob_above_buy_threshold,prob_above_buy_threshold,2026-05-15,1.0,2026-09-06T17:19:30Z,481.73,0.0,-8.549061
lr,Regresja logistyczna,JPM,logistic_regression,logistic_regression,logistic_regression,binary,binary-2026-08,D-lr-779ad7f49c00,S-JPM-logistic_regression-20241121-a61ea0,T-lr-5cc47fa81c61,SELL,2026-09-06T17:19:30Z,2024-11-21,2024-11-21,243.23,240.78,243.23,245.49,242.11,244.76,8783500,1.0,55.0,54.0,38.48,281.71,13377.65,13134.42,116919.18,116917.65,0.1,0.1144,0.1123,45.0,0.1,0.45,0.5,65.28,6.456,6.0755,0.3805,253.6293,214.6227,234.126,234.126,222.2246,0.015485,0.020265,-0.029253,78.81,0.479324,286,True,prob_below_buy_threshold,prob_below_buy_threshold,2026-05-15,1.0,2026-09-06T17:19:30Z,560.54,0.0,-8.549061
lr,Regresja logistyczna,XOM,logistic_regression,logistic_regression,logistic_regression,binary,binary-2026-08,D-lr-69c9727b128b,S-XOM-logistic_regression-20241121-a1e382,T-lr-e246eda9d7a0,BUY,2026-09-06T17:19:30Z,2024-11-21,2024-11-21,121.08,120.32,121.08,122.55,120.27,121.93,14675400,1.0,67.0,68.0,281.71,160.63,8112.36,8233.44,116919.18,116918.5,0.1,0.0694,0.0704,85.01,0.7003,0.8501,0.5,57.38,0.3799,0.286,0.0939,123.0046,115.8224,119.4135,119.4135,119.1676,-0.001148,-0.03256,-0.131715,,,,,prob_above_buy_threshold,prob_above_buy_threshold,2026-05-15,1.0,2026-09-06T17:19:30Z,560.54,0.0,-8.549061
lr,Regresja logistyczna,JNJ,logistic_regression,logistic_regression,logistic_regression,binary,binary-2026-08,D-lr-046bbed36119,S-JNJ-logistic_regression-20241121-d2174d,T-lr-963353021416,BUY,2026-09-06T17:19:30Z,2024-11-21,2024-11-21,153.62,153.11,153.62,156.06,152.81,155.5,10141100,1.0,64.0,65.0,160.63,7.01,9831.68,9985.3,116919.18,116920.38,0.1,0.0841,0.0854,99.99,0.9999,0.9999,0.5,44.33,-2.14,-2.0792,-0.0608,162.8398,150.4612,156.6505,156.6505,160.4068,-0.002122,-0.003151,-0.070932,,,,,prob_above_buy_threshold,prob_above_buy_threshold,2026-05-15,1.0,2026-09-06T17:19:30Z,560.54,0.0,-8.549061
lr,Regresja logistyczna,JPM,logistic_regression,logistic_regression,logistic_regression,binary,binary-2026-08,D-lr-bc4d6147d297,S-JPM-logistic_regression-20241122-f0953a,T-lr-ececa5f31db3,SELL,2026-09-06T17:19:30Z,2024-11-22,2024-11-22,243.61,244.76,243.61,249.15,243.03,248.55,7997300,1.0,54.0,53.0,7.01,250.62,13154.94,12911.33,117211.92,117206.98,0.1,0.1122,0.1102,46.04,0.0791,0.4604,0.5,68.37,6.6801,6.1964,0.4837,255.1148,215.7612,235.438,235.438,223.1092,0.007001,-0.009254,-0.040877,79.19,0.481635,287,True,prob_below_buy_threshold,prob_below_buy_threshold,2026-05-15,1.0,2026-09-06T17:19:30Z,639.73,0.0,-8.549061
lr,Regresja logistyczna,XOM,logistic_regression,logistic_regression,logistic_regression,binary,binary-2026-08,D-lr-ee8b2c593e4b,S-XOM-logistic_regression-20241122-f0dbca,T-lr-48294d8e12e5,BUY,2026-09-06T17:19:30Z,2024-11-22,2024-11-22,121.82,121.93,121.82,123.21,121.64,121.79,13323400,1.0,68.0,69.0,250.62,128.8,8283.76,8405.58,117211.92,117206.95,0.1,0.0707,0.0717,85.18,0.7036,0.8518,0.5,56.83,0.4784,0.3245,0.154,123.2663,115.7907,119.5285,119.5285,119.3804,-0.014944,-0.032351,-0.127186,,,,,prob_above_buy_threshold,prob_above_buy_threshold,2026-05-15,1.0,2026-09-06T17:19:30Z,639.73,0.0,-8.549061
lr,Regresja logistyczna,KO,logistic_regression,logistic_regression,logistic_regression,binary,binary-2026-08,D-lr-aca7ec68b0eb,S-KO-logistic_regression-20241122-3bb5ea,T-lr-d33383716e81,BUY,2026-09-06T17:19:30Z,2024-11-22,2024-11-22,64.24,63.76,64.24,64.48,63.65,63.92,19562200,1.0,62.0,63.0,128.8,64.56,3982.88,4047.12,117211.92,117206.63,0.1,0.034,0.0345,99.99,0.9999,0.9999,0.5,41.53,-1.3775,-1.6025,0.225,66.6502,61.2698,63.96,63.96,67.7876,0.007196,-0.004224,-0.024093,,,,,prob_above_buy_threshold,prob_above_buy_threshold,2026-05-15,1.0,2026-09-06T17:19:30Z,639.73,0.0,-8.549061
lr,Regresja logistyczna,JPM,logistic_regression,logistic_regression,logistic_regression,binary,binary-2026-08,D-lr-fe5819cdf29e,S-JPM-logistic_regression-20241125-61ed4b,T-lr-e4d5bb3b3647,SELL,2026-09-06T17:19:30Z,2024-11-25,2024-11-25,249.59,248.55,249.59,254.31,249.06,250.29,10295400,1.0,53.0,52.0,64.56,314.15,13228.27,12978.68,118297.29,118296.59,0.1,0.1118,0.1097,39.12,0.2176,0.3912,0.5,69.71,6.9184,6.3408,0.5776,256.812,216.543,236.6775,236.6775,223.9578,-0.001278,-0.021855,-0.031883,85.17,0.518006,290,True,prob_below_buy_threshold,prob_below_buy_threshold,2026-05-15,1.0,2026-09-06T17:19:30Z,724.9,0.0,-8.549061
lr,Regresja logistyczna,XOM,logistic_regression,logistic_regression,logistic_regression,binary,binary-2026-08,D-lr-a241aac18a85,S-XOM-logistic_regression-20241125-25e067,T-lr-2231feb97254,BUY,2026-09-06T17:19:30Z,2024-11-25,2024-11-25,121.43,121.79,121.43,121.88,119.61,119.97,26580300,1.0,69.0,70.0,314.15,192.72,8378.67,8500.1,118297.29,118295.13,0.1,0.0708,0.0719,89.05,0.781,0.8905,0.5,50.11,0.405,0.3406,0.0644,123.3129,115.8511,119.582,119.582,119.5256,-0.016671,-0.019171,-0.113112,,,,,prob_above_buy_threshold,prob_above_buy_threshold,2026-05-15,1.0,2026-09-06T17:19:30Z,724.9,0.0,-8.549061
lr,Regresja logistyczna,JNJ,logistic_regression,logistic_regression,logistic_regression,binary,binary-2026-08,D-lr-3f5289287bb4,S-JNJ-logistic_regression-20241125-e8e619,T-lr-86b2df9f1b82,BUY,2026-09-06T17:19:30Z,2024-11-25,2024-11-25,155.17,155.17,155.17,157.04,155.14,155.78,12256200,1.0,65.0,66.0,192.72,37.55,10086.05,10241.22,118297.29,118295.74,0.1,0.0853,0.0866,99.99,0.9999,0.9999,0.5,45.68,-1.7596,-1.9973,0.2376,161.4676,150.6804,156.074,156.074,159.9756,-0.008088,-0.021954,-0.063744,,,,,prob_above_buy_threshold,prob_above_buy_threshold,2026-05-15,1.0,2026-09-06T17:19:30Z,724.9,0.0,-8.549061
lr,Regresja logistyczna,JPM,logistic_regression,logistic_regression,logistic_regression,binary,binary-2026-08,D-lr-17a666023836,S-JPM-logistic_regression-20241126-b4c3a5,T-lr-32fa0d9c81e1,SELL,2026-09-06T17:19:30Z,2024-11-26,2024-11-26,250.49,250.29,250.49,251.0,248.34,249.97,6212100,1.0,52.0,51.0,37.55,288.04,13025.48,12774.99,118960.25,118960.77,0.1,0.1095,0.1074,33.11,0.3378,0.3311,0.5,69.13,7.0007,6.4728,0.5279,257.9167,218.1453,238.031,238.031,224.7722,-0.00072,-0.026283,-0.027323,86.07,0.52348,291,True,prob_below_buy_threshold,prob_below_buy_threshold,2026-05-15,1.0,2026-09-06T17:19:30Z,810.97,0.0,-8.549061
lr,Regresja logistyczna,XOM,logistic_regression,logistic_regression,logistic_regression,binary,binary-2026-08,D-lr-bc5298ae6489,S-XOM-logistic_regression-20241126-02dc0b,T-lr-a0abcffb398e,BUY,2026-09-06T17:19:30Z,2024-11-26,2024-11-26,119.53,119.97,119.53,119.68,117.85,117.97,14827300,1.0,70.0,71.0,288.04,168.51,8367.1,8486.63,118960.25,118959.21,0.1,0.0703,0.0713,87.65,0.7529,0.8765,0.5,43.96,0.1833,0.3091,-0.1258,123.2737,115.9593,119.6165,119.6165,119.6014,-0.002628,-0.031279,-0.097313,,,,,prob_above_buy_threshold,prob_above_buy_threshold,2026-05-15,1.0,2026-09-06T17:19:30Z,810.97,0.0,-8.549061
lr,Regresja logistyczna,JNJ,logistic_regression,logistic_regression,logistic_regression,binary,binary-2026-08,D-lr-93c95d47cabf,S-JNJ-logistic_regression-20241126-b2eac1,T-lr-518432d937e0,BUY,2026-09-06T17:19:30Z,2024-11-26,2024-11-26,155.16,155.78,155.16,155.25,153.16,154.52,5683500,1.0,66.0,67.0,168.51,13.35,10240.56,10395.72,118960.25,118958.57,0.1,0.0861,0.0874,99.99,0.9999,0.9999,0.5,41.93,-1.6779,-1.9334,0.2555,160.8982,150.6928,155.7955,155.7955,159.7246,0.005695,-0.02621,-0.057857,,,,,prob_above_buy_threshold,prob_above_buy_threshold,2026-05-15,1.0,2026-09-06T17:19:30Z,810.97,0.0,-8.549061
lr,Regresja logistyczna,JPM,logistic_regression,logistic_regression,logistic_regression,binary,binary-2026-08,D-lr-f49647133dd3,S-JPM-logistic_regression-20241127-7494af,T-lr-1a850a4d0e16,SELL,2026-09-06T17:19:30Z,2024-11-27,2024-11-27,249.35,249.97,249.35,251.19,248.77,249.79,5472300,1.0,51.0,50.0,13.35,262.7,12716.85,12467.5,118868.18,118867.74,0.1,0.107,0.1049,36.53,0.2695,0.3653,0.5,68.78,6.971,6.5724,0.3986,258.782,219.818,239.3,239.3,225.6174,-0.00028,-0.017254,-0.034509,84.93,0.516546,292,True,prob_below_buy_threshold,prob_below_buy_threshold,2026-05-15,1.0,2026-09-06T17:19:30Z,895.9,0.0,-8.549061
lr,Regresja logistyczna,XOM,logistic_regression,logistic_regression,logistic_regression,binary,binary-2026-08,D-lr-403f3e27d919,S-XOM-logistic_regression-20241127-392867,T-lr-5be592e5b863,BUY,2026-09-06T17:19:30Z,2024-11-27,2024-11-27,118.09,117.97,118.09,118.73,117.43,117.66,11079100,1.0,71.0,72.0,262.7,144.61,8384.39,8502.48,118868.18,118867.31,0.1,0.0705,0.0715,89.69,0.7939,0.8969,0.5,43.07,-0.0172,0.2439,-0.2611,123.1889,116.1411,119.665,119.665,119.663,0.00255,-0.024477,-0.09502,,,,,prob_above_buy_threshold,prob_above_buy_threshold,2026-05-15,1.0,2026-09-06T17:19:30Z,895.9,0.0,-8.549061
lr,Regresja logistyczna,KO,logistic_regression,logistic_regression,logistic_regression,binary,binary-2026-08,D-lr-273b91a2c3f4,S-KO-logistic_regression-20241127-a367cb,T-lr-22c2a1b04365,BUY,2026-09-06T17:19:30Z,2024-11-27,2024-11-27,64.96,64.55,64.96,65.1,64.25,64.43,13263400,1.0,63.0,64.0,144.61,79.65,4092.48,4157.44,118868.18,118866.78,0.1,0.0344,0.035,99.99,0.9999,0.9999,0.5,46.16,-0.9103,-1.3231,0.4128,65.8199,61.6211,63.7205,63.7205,67.3418,-0.005432,-0.023436,-0.030731,,,,,prob_above_buy_threshold,prob_above_buy_threshold,2026-05-15,1.0,2026-09-06T17:19:30Z,895.9,0.0,-8.549061
lr,Regresja logistyczna,NEE,logistic_regression,logistic_regression,logistic_regression,binary,binary-2026-08,D-lr-29144069dbd8,S-NEE-logistic_regression-20241127-5dbbb9,T-lr-478682b678f6,BUY,2026-09-06T17:19:30Z,2024-11-27,2024-11-27,78.13,77.49,78.13,79.38,77.86,78.52,8689700,1.0,60.0,61.0,79.65,1.52,4687.8,4765.93,118868.18,118867.17,0.1,0.0394,0.0401,100.0,1.0,1.0,0.5,52.21,-0.841,-1.2796,0.4387,79.5185,73.6945,76.6065,76.6065,80.4782,0.00191,-0.029547,-0.081635,,,,,prob_above_buy_threshold,prob_above_buy_threshold,2026-05-15,1.0,2026-09-06T17:19:30Z,895.9,0.0,-8.549061
lr,Regresja logistyczna,JPM,logistic_regression,logistic_regression,logistic_regression,binary,binary-2026-08,D-lr-4c45e200e890,S-JPM-logistic_regression-20241129-b47c02,T-lr-566977bb4635,SELL,2026-09-06T17:19:30Z,2024-11-29,2024-11-29,249.86,249.79,249.86,251.77,249.45,249.72,5494800,1.0,50.0,49.0,1.52,251.38,12493.0,12243.14,119014.96,119015.1,0.1,0.105,0.1029,46.84,0.0632,0.4684,0.5,68.64,6.8627,6.6305,0.2323,258.9417,222.4383,240.69,240.69,226.4022,-0.013896,-0.009451,-0.041647,85.44,0.519648,294,True,prob_below_buy_threshold,prob_below_buy_threshold,2026-05-15,1.0,2026-09-06T17:19:30Z,981.34,0.0,-8.549061
lr,Regresja logistyczna,XOM,logistic_regression,logistic_regression,logistic_regression,binary,binary-2026-08,D-lr-4320f2cdd710,S-XOM-logistic_regression-20241129-ccaab8,T-lr-13de03294597,BUY,2026-09-06T17:19:30Z,2024-11-29,2024-11-29,117.44,117.66,117.44,118.5,116.95,117.96,9426500,1.0,72.0,73.0,251.38,133.94,8455.68,8573.12,119014.96,119015.62,0.1,0.071,0.072,90.63,0.8125,0.9063,0.5,44.24,-0.1502,0.1651,-0.3152,123.0887,116.3593,119.724,119.724,119.7022,-0.000933,-0.037216,-0.103425,,,,,prob_above_buy_threshold,prob_above_buy_threshold,2026-05-15,1.0,2026-09-06T17:19:30Z,981.34,0.0,-8.549061
lr,Regresja logistyczna,KO,logistic_regression,logistic_regression,logistic_regression,binary,binary-2026-08,D-lr-e3a5d447561e,S-KO-logistic_regression-20241129-f84a80,T-lr-8ecc2c3fa60a,BUY,2026-09-06T17:19:30Z,2024-11-29,2024-11-29,64.02,64.43,64.02,64.25,63.77,64.08,10648400,1.0,64.0,65.0,133.94,69.92,4097.28,4161.3,119014.96,119015.68,0.1,0.0344,0.035,99.99,0.9999,0.9999,0.5,43.4,-0.8258,-1.2237,0.3978,65.6371,61.6809,63.659,63.659,67.211,-0.00671,-0.024189,-0.031991,,,,,prob_above_buy_threshold,prob_above_buy_threshold,2026-05-15,1.0,2026-09-06T17:19:30Z,981.34,0.0,-8.549061
lr,Regresja logistyczna,JPM,logistic_regression,logistic_regression,logistic_regression,binary,binary-2026-08,D-lr-a568d84db890,S-JPM-logistic_regression-20241202-2308a2,T-lr-6669ae8a2571,SELL,2026-09-06T17:19:30Z,2024-12-02,2024-12-02,249.55,249.72,249.55,250.25,245.03,246.25,8899700,1.0,49.0,48.0,69.92,319.47,12227.95,11978.4,119090.72,119094.02,0.1,0.1027,0.1006,49.89,0.0023,0.4989,0.5,61.76,6.4229,6.589,-0.1661,258.3133,225.3977,241.8555,241.8555,227.1054,-0.005807,-0.009909,-0.026558,85.13,0.517762,297,True,prob_below_buy_threshold,prob_below_buy_threshold,2026-05-15,1.0,2026-09-06T17:19:30Z,1066.47,0.0,-8.549061
lr,Regresja logistyczna,XOM,logistic_regression,logistic_regression,logistic_regression,binary,binary-2026-08,D-lr-18db0c9dfe10,S-XOM-logistic_regression-20241202-5fcc7f,T-lr-6407c076ba2c,BUY,2026-09-06T17:19:30Z,2024-12-02,2024-12-02,118.05,117.96,118.05,118.2,116.82,117.85,12687300,1.0,73.0,74.0,319.47,201.42,8617.65,8735.7,119090.72,119093.82,0.1,0.0724,0.0734,90.28,0.8057,0.9028,0.5,43.89,-0.2614,0.0798,-0.3412,122.5858,117.1522,119.869,119.869,119.7538,-0.001527,-0.042003,-0.08723,,,,,prob_above_buy_threshold,prob_above_buy_threshold,2026-05-15,1.0,2026-09-06T17:19:30Z,1066.47,0.0,-8.549061
lr,Regresja logistyczna,JNJ,logistic_regression,logistic_regression,logistic_regression,binary,binary-2026-08,D-lr-727e937915fd,S-JNJ-logistic_regression-20241202-030adf,T-lr-afd15105d22a,BUY,2026-09-06T17:19:30Z,2024-12-02,2024-12-02,154.75,155.01,154.75,155.0,153.93,154.8,6946500,1.0,67.0,68.0,201.42,46.67,10368.25,10523.0,119090.72,119093.87,0.1,0.0871,0.0884,99.99,0.9998,0.9999,0.5,43.4,-1.3355,-1.6791,0.3436,158.5367,151.5153,155.026,155.026,159.1262,-0.015762,-0.033592,-0.065762,,,,,prob_above_buy_threshold,prob_above_buy_threshold,2026-05-15,1.0,2026-09-06T17:19:30Z,1066.47,0.0,-8.549061
lr,Regresja logistyczna,JPM,logistic_regression,logistic_regression,logistic_regression,binary,binary-2026-08,D-lr-bc7ccbb4ffc3,S-JPM-logistic_regression-20250127-d2034a,T-lr-416c73a7c0fe,SELL,2026-09-06T17:19:30Z,2025-01-27,2025-01-27,264.17,264.84,264.17,265.97,262.26,265.85,7522300,1.0,48.0,47.0,46.67,310.84,12680.16,12415.99,115154.71,115153.03,0.1,0.1101,0.1078,45.61,0.0878,0.4561,0.5,74.88,6.5928,4.4911,2.1018,269.562,229.7991,249.6805,249.6805,245.6408,0.004852,0.003611,-0.031785,99.75,0.606681,353,True,prob_below_buy_threshold,prob_below_buy_threshold,2026-05-15,1.0,2026-09-06T17:19:30Z,1166.22,0.0,-8.549061
lr,Regresja logistyczna,XOM,logistic_regression,logistic_regression,logistic_regression,binary,binary-2026-08,D-lr-1d5b31f813e5,S-XOM-logistic_regression-20250127-ddcb40,T-lr-3fed984a9f8b,BUY,2026-09-06T17:19:30Z,2025-01-27,2025-01-27,109.01,108.66,109.01,110.45,108.39,110.17,15926700,1.0,74.0,75.0,310.84,201.83,8066.74,8175.75,115154.71,115154.19,0.1,0.0701,0.071,86.98,0.7396,0.8698,0.5,50.52,-0.2244,-0.6245,0.4002,112.5956,104.9614,108.7785,108.7785,112.3816,-0.019334,-0.027957,-0.003994,,,,,prob_above_buy_threshold,prob_above_buy_threshold,2026-05-15,1.0,2026-09-06T17:19:30Z,1166.22,0.0,-8.549061
lr,Regresja logistyczna,JNJ,logistic_regression,logistic_regression,logistic_regression,binary,binary-2026-08,D-lr-b380bd0b97b1,S-JNJ-logistic_regression-20250127-bf5470,T-lr-503e8c7d6b7b,BUY,2026-09-06T17:19:30Z,2025-01-27,2025-01-27,148.45,146.82,148.45,153.45,148.0,152.89,15152300,1.0,68.0,69.0,201.83,53.38,10094.6,10243.05,115154.71,115158.63,0.1,0.0877,0.0889,99.99,0.9997,0.9999,0.5,64.3,0.1627,-0.793,0.9557,150.1765,140.8015,145.489,145.489,148.4552,-0.016417,-0.006671,0.086337,,,,,prob_above_buy_threshold,prob_above_buy_threshold,2026-05-15,1.0,2026-09-06T17:19:30Z,1166.22,0.0,-8.549061
lr,Regresja logistyczna,JPM,logistic_regression,logistic_regression,logistic_regression,binary,binary-2026-08,D-lr-d506e5f85754,S-JPM-logistic_regression-20250128-b5dbcc,T-lr-a5f6d675c04f,SELL,2026-09-06T17:19:30Z,2025-01-28,2025-01-28,265.85,265.85,265.85,267.33,264.83,267.14,7375400,1.0,47.0,46.0,53.38,319.23,12494.95,12229.1,115081.32,115080.03,0.1,0.1086,0.1063,49.67,0.0066,0.4967,0.5,75.89,6.8865,4.9702,1.9164,271.9025,229.8585,250.8805,250.8805,246.1924,-0.002096,0.002995,-0.031257,101.43,0.616899,354,True,prob_below_buy_threshold,prob_below_buy_threshold,2026-05-15,1.0,2026-09-06T17:19:30Z,1267.65,0.0,-8.549061
lr,Regresja logistyczna,XOM,logistic_regression,logistic_regression,logistic_regression,binary,binary-2026-08,D-lr-fd6d297dffe9,S-XOM-logistic_regression-20250128-dd7bcc,T-lr-5ee81edc234b,BUY,2026-09-06T17:19:30Z,2025-01-28,2025-01-28,110.41,110.17,110.41,110.87,107.79,108.04,15862000,1.0,75.0,76.0,319.23,208.82,8280.75,8391.16,115081.32,115077.66,0.1,0.072,0.0729,81.9,0.638,0.819,0.5,43.58,-0.3439,-0.5684,0.2245,112.5449,105.1671,108.856,108.856,112.1354,0.005831,0.017771,0.013143,,,,,prob_above_buy_threshold,prob_above_buy_threshold,2026-05-15,1.0,2026-09-06T17:19:30Z,1267.65,0.0,-8.549061
lr,Regresja logistyczna,JNJ,logistic_regression,logistic_regression,logistic_regression,binary,binary-2026-08,D-lr-9037759ab7b8,S-JNJ-logistic_regression-20250128-78f232,T-lr-e83e056d6095,BUY,2026-09-06T17:19:30Z,2025-01-28,2025-01-28,152.66,152.89,152.66,152.97,150.3,150.38,10320600,1.0,69.0,70.0,208.82,56.16,10533.54,10686.2,115081.32,115075.38,0.1,0.0915,0.0929,99.98,0.9996,0.9998,0.5,57.39,0.4179,-0.5508,0.9688,150.8793,140.5787,145.729,145.729,148.41,0.00512,0.020681,0.084453,,,,,prob_above_buy_threshold,prob_above_buy_threshold,2026-05-15,1.0,2026-09-06T17:19:30Z,1267.65,0.0,-8.549061
lr,Regresja logistyczna,JPM,logistic_regression,logistic_regression,logistic_regression,binary,binary-2026-08,D-lr-f86ded7eb142,S-JPM-logistic_regression-20250129-902a1a,T-lr-92914cb68b17,SELL,2026-09-06T17:19:30Z,2025-01-29,2025-01-29,267.21,267.14,267.21,270.68,265.61,266.58,7684900,1.0,46.0,45.0,56.16,323.37,12291.66,12024.45,114658.43,114659.06,0.1,0.1072,0.1049,43.03,0.1394,0.4303,0.5,74.5,6.9935,5.3748,1.6187,273.7358,230.5662,252.151,252.151,246.7008,0.00619,0.014442,-0.028247,102.79,0.62517,355,True,prob_below_buy_threshold,prob_below_buy_threshold,2026-05-15,1.0,2026-09-06T17:19:30Z,1370.44,0.0,-8.549061
lr,Regresja logistyczna,XOM,logistic_regression,logistic_regression,logistic_regression,binary,binary-2026-08,D-lr-148f12ec3d6c,S-XOM-logistic_regression-20250129-b0143c,T-lr-b3575356bcf0,BUY,2026-09-06T17:19:30Z,2025-01-29,2025-01-29,107.71,108.04,107.71,108.78,107.47,108.67,12345500,1.0,76.0,77.0,323.37,215.66,8185.96,8293.67,114658.43,114660.02,0.1,0.0714,0.0723,89.4,0.788,0.894,0.5,45.95,-0.3834,-0.5314,0.1481,112.4922,105.4388,108.9655,108.9655,111.8794,0.008282,0.011135,0.013619,,,,,prob_above_buy_threshold,prob_above_buy_threshold,2026-05-15,1.0,2026-09-06T17:19:30Z,1370.44,0.0,-8.549061
lr,Regresja logistyczna,JNJ,logistic_regression,logistic_regression,logistic_regression,binary,binary-2026-08,D-lr-55fd0c7e1dca,S-JNJ-logistic_regression-20250129-1ebde6,T-lr-08f9a1a70f5e,BUY,2026-09-06T17:19:30Z,2025-01-29,2025-01-29,150.5,150.38,150.5,151.88,150.0,151.15,7156400,1.0,70.0,71.0,215.66,65.16,10535.0,10685.5,114658.43,114660.67,0.1,0.0919,0.0932,99.98,0.9996,0.9998,0.5,58.85,0.6746,-0.3057,0.9804,151.6854,140.3826,146.034,146.034,148.3682,0.011379,0.023421,0.083229,,,,,prob_above_buy_threshold,prob_above_buy_threshold,2026-05-15,1.0,2026-09-06T17:19:30Z,1370.44,0.0,-8.549061
lr,Regresja logistyczna,KO,logistic_regression,logistic_regression,logistic_regression,binary,binary-2026-08,D-lr-58fa3b05ee1a,S-KO-logistic_regression-20250129-8356be,T-lr-8ec815c6b53d,BUY,2026-09-06T17:19:30Z,2025-01-29,2025-01-29,62.56,62.36,62.56,63.36,62.55,62.83,11325600,1.0,65.0,66.0,65.16,2.6,4066.4,4128.96,114658.43,114660.94,0.1,0.0355,0.036,99.99,0.9997,0.9999,0.5,52.82,-0.0306,-0.2231,0.1925,63.3404,60.6036,61.972,61.972,62.6054,0.019417,0.004616,0.127964,,,,,prob_above_buy_threshold,prob_above_buy_threshold,2026-05-15,1.0,2026-09-06T17:19:30Z,1370.44,0.0,-8.549061
lr,Regresja logistyczna,JPM,logistic_regression,logistic_regression,logistic_regression,binary,binary-2026-08,D-lr-8cd0261265b4,S-JPM-logistic_regression-20250130-376dde,T-lr-0f86d028ed93,SELL,2026-09-06T17:19:30Z,2025-01-30,2025-01-30,268.63,266.58,268.63,269.7,266.62,268.23,8753500,1.0,45.0,44.0,2.6,271.23,12088.35,11819.72,113952.4,113952.8,0.1,0.1061,0.1037,44.83,0.1035,0.4483,0.5,75.9,7.1292,5.7257,1.4035,275.4214,231.7716,253.5965,253.5965,247.228,-0.003467,0.032323,-0.013347,104.21,0.633807,356,True,prob_below_buy_threshold,prob_below_buy_threshold,2026-05-15,1.0,2026-09-06T17:19:30Z,1474.65,0.0,-8.549061
lr,Regresja logistyczna,XOM,logistic_regression,logistic_regression,logistic_regression,binary,binary-2026-08,D-lr-0b7b6ef5e492,S-XOM-logistic_regression-20250130-350a19,T-lr-51a6f5a7c1f5,BUY,2026-09-06T17:19:30Z,2025-01-30,2025-01-30,109.24,108.67,109.24,109.85,108.7,109.57,14346300,1.0,77.0,78.0,271.23,161.99,8411.48,8520.72,113952.4,113953.13,0.1,0.0738,0.0748,89.87,0.7974,0.8987,0.5,49.22,-0.3381,-0.4927,0.1546,112.367,105.945,109.156,109.156,111.6596,-0.025007,-0.010404,0.016063,,,,,prob_above_buy_threshold,prob_above_buy_threshold,2026-05-15,1.0,2026-09-06T17:19:30Z,1474.65,0.0,-8.549061
lr,Regresja logistyczna,JNJ,logistic_regression,logistic_regression,logistic_regression,binary,binary-2026-08,D-lr-e4777848bbc4,S-JNJ-logistic_regression-20250130-3e216c,T-lr-60f0bc65cab5,BUY,2026-09-06T17:19:30Z,2025-01-30,2025-01-30,151.91,151.15,151.91,154.14,151.36,152.87,8911000,1.0,71.0,72.0,161.99,10.08,10785.61,10937.52,113952.4,113954.09,0.1,0.0947,0.096,99.98,0.9996,0.9998,0.5,61.99,1.0052,-0.0436,1.0488,152.7495,140.2715,146.5105,146.5105,148.3882,-0.00471,0.004187,0.079479,,,,,prob_above_buy_threshold,prob_above_buy_threshold,2026-05-15,1.0,2026-09-06T17:19:30Z,1474.65,0.0,-8.549061
lr,Regresja logistyczna,JPM,logistic_regression,logistic_regression,logistic_regression,binary,binary-2026-08,D-lr-5e65410a4d44,S-JPM-logistic_regression-20250131-f10b2b,T-lr-a2861152e9fb,SELL,2026-09-06T17:19:30Z,2025-01-31,2025-01-31,269.23,268.23,269.23,270.82,266.96,267.3,7193800,1.0,44.0,43.0,10.08,279.31,11846.12,11576.89,113330.72,113332.65,0.1,0.1045,0.1021,42.31,0.1538,0.4231,0.5,73.45,7.0801,5.9966,1.0835,276.6024,233.3496,254.976,254.976,247.6678,-0.001833,0.031799,-0.024991,104.81,0.637456,357,True,prob_below_buy_threshold,prob_below_buy_threshold,2026-05-15,1.0,2026-09-06T17:19:30Z,1579.46,0.0,-8.549061
lr,Regresja logistyczna,XOM,logistic_regression,logistic_regression,logistic_regression,binary,binary-2026-08,D-lr-ad2da64c028a,S-XOM-logistic_regression-20250131-983f1c,T-lr-a91bf100927a,BUY,2026-09-06T17:19:30Z,2025-01-31,2025-01-31,110.55,109.57,110.55,110.55,106.1,106.83,20376500,1.0,78.0,79.0,279.31,168.76,8622.9,8733.45,113330.72,113328.93,0.1,0.0761,0.0771,83.1,0.6621,0.831,0.5,41.07,-0.5174,-0.4977,-0.0197,112.4181,105.8199,109.119,109.119,111.41,0.002434,0.019283,0.008705,,,,,prob_above_buy_threshold,prob_above_buy_threshold,2026-05-15,1.0,2026-09-06T17:19:30Z,1579.46,0.0,-8.549061
lr,Regresja logistyczna,JNJ,logistic_regression,logistic_regression,logistic_regression,binary,binary-2026-08,D-lr-d92087e6b08d,S-JNJ-logistic_regression-20250131-1b22ee,T-lr-c07cfab6cb2d,BUY,2026-09-06T17:19:30Z,2025-01-31,2025-01-31,152.62,152.87,152.62,153.18,152.06,152.15,8457800,1.0,72.0,73.0,168.76,16.14,10988.64,11141.26,113330.72,113328.46,0.1,0.097,0.0983,99.97,0.9994,0.9997,0.5,59.93,1.1953,0.2042,0.9911,153.5205,140.2535,146.887,146.887,148.3512,-0.00184,0.006375,0.099441,,,,,prob_above_buy_threshold,prob_above_buy_threshold,2026-05-15,1.0,2026-09-06T17:19:30Z,1579.46,0.0,-8.549061
lr,Regresja logistyczna,JPM,logistic_regression,logistic_regression,logistic_regression,binary,binary-2026-08,D-lr-bb2e5c508ca8,S-JPM-logistic_regression-20250203-83ce80,T-lr-c343c1d1b253,SELL,2026-09-06T17:19:30Z,2025-02-03,2025-02-03,261.83,267.3,261.83,268.17,261.7,266.81,8381400,1.0,43.0,42.0,16.14,277.97,11258.69,10996.86,113605.66,113600.68,0.1,0.0991,0.0968,37.13,0.2573,0.3713,0.5,72.13,6.9219,6.1817,0.7402,277.3799,235.2531,256.3165,256.3165,248.1034,0.004235,0.015854,-0.062067,97.41,0.592449,360,True,prob_below_buy_threshold,prob_below_buy_threshold,2026-05-15,1.0,2026-09-06T17:19:30Z,1676.87,0.0,-8.549061
lr,Regresja logistyczna,XOM,logistic_regression,logistic_regression,logistic_regression,binary,binary-2026-08,D-lr-3dca6783e378,S-XOM-logistic_regression-20250203-5caa7b,T-lr-902582a3e5de,BUY,2026-09-06T17:19:30Z,2025-02-03,2025-02-03,106.64,106.83,106.64,107.3,105.32,107.09,14623200,1.0,79.0,80.0,277.97,171.33,8424.56,8531.2,113605.66,113601.13,0.1,0.0742,0.0751,90.58,0.8115,0.9058,0.5,42.05,-0.6312,-0.5244,-0.1068,112.4325,105.7835,109.108,109.108,111.1456,0.0268,0.036231,0.004202,,,,,prob_above_buy_threshold,prob_above_buy_threshold,2026-05-15,1.0,2026-09-06T17:19:30Z,1676.87,0.0,-8.549061
lr,Regresja logistyczna,JNJ,logistic_regression,logistic_regression,logistic_regression,binary,binary-2026-08,D-lr-86e98c87e21f,S-JNJ-logistic_regression-20250203-eceb54,T-lr-f06d8fa85dcf,BUY,2026-09-06T17:19:30Z,2025-02-03,2025-02-03,152.0,152.15,152.0,152.47,150.78,151.87,6687500,1.0,73.0,74.0,171.33,19.33,11096.0,11248.0,113605.66,113601.0,0.1,0.0977,0.099,99.98,0.9997,0.9998,0.5,59.11,1.3083,0.425,0.8833,154.114,140.445,147.2795,147.2795,148.2932,0.010667,0.015606,0.089221,,,,,prob_above_buy_threshold,prob_above_buy_threshold,2026-05-15,1.0,2026-09-06T17:19:30Z,1676.87,0.0,-8.549061
lr,Regresja logistyczna,JPM,logistic_regression,logistic_regression,logistic_regression,binary,binary-2026-08,D-lr-5aecab67b724,S-JPM-logistic_regression-20250204-88c350,T-lr-6838431b8b8c,SELL,2026-09-06T17:19:30Z,2025-02-04,2025-02-04,269.84,266.81,269.84,269.84,266.83,267.94,5626000,1.0,42.0,41.0,19.33,289.17,11333.28,11063.44,113843.56,113845.46,0.1,0.0996,0.0972,41.5,0.1701,0.415,0.5,73.32,6.8092,6.3072,0.502,278.3008,236.7982,257.5495,257.5495,248.6004,0.009293,0.026312,-0.061245,105.42,0.641166,361,True,prob_below_buy_threshold,prob_below_buy_threshold,2026-05-15,1.0,2026-09-06T17:19:30Z,1782.29,0.0,-8.549061
lr,Regresja logistyczna,XOM,logistic_regression,logistic_regression,logistic_regression,binary,binary-2026-08,D-lr-5596b9d810d2,S-XOM-logistic_regression-20250204-d33b14,T-lr-0ec1156e83ca,BUY,2026-09-06T17:19:30Z,2025-02-04,2025-02-04,106.71,107.09,106.71,110.28,106.53,109.96,14835700,1.0,80.0,81.0,289.17,182.46,8536.8,8643.51,113843.56,113848.71,0.1,0.075,0.0759,85.66,0.7131,0.8566,0.5,51.62,-0.4842,-0.5163,0.0321,112.5057,105.9203,109.213,109.213,110.9722,-0.000728,0.015551,-0.041106,,,,,prob_above_buy_threshold,prob_above_buy_threshold,2026-05-15,1.0,2026-09-06T17:19:30Z,1782.29,0.0,-8.549061
lr,Regresja logistyczna,JNJ,logistic_regression,logistic_regression,logistic_regression,binary,binary-2026-08,D-lr-714ca704c5f7,S-JNJ-logistic_regression-20250204-82d848,T-lr-b1d1e8ace0d1,BUY,2026-09-06T17:19:30Z,2025-02-04,2025-02-04,151.36,151.87,151.36,154.18,150.95,153.49,9645000,1.0,74.0,75.0,182.46,31.1,11200.64,11352.0,113843.56,113850.84,0.1,0.0984,0.0997,99.98,0.9995,0.9998,0.5,62.32,1.5112,0.6423,0.8689,154.9313,140.5577,147.7445,147.7445,148.303,0.007818,0.0172,0.07577,,,,,prob_above_buy_threshold,prob_above_buy_threshold,2026-05-15,1.0,2026-09-06T17:19:30Z,1782.29,0.0,-8.549061
lr,Regresja logistyczna,JPM,logistic_regression,logistic_regression,logistic_regression,binary,binary-2026-08,D-lr-937c2042cc75,S-JPM-logistic_regression-20250205-8c263b,T-lr-d5737fcaddec,SELL,2026-09-06T17:19:30Z,2025-02-05,2025-02-05,268.91,267.94,268.91,270.64,268.33,270.43,5704400,1.0,41.0,40.0,31.1,300.01,11025.31,10756.4,113895.37,113893.85,0.1,0.0968,0.0944,43.65,0.127,0.4365,0.5,75.78,6.8419,6.4141,0.4278,279.0104,239.0466,259.0285,259.0285,249.1934,0.023925,0.018563,-0.088341,104.49,0.63551,362,True,prob_below_buy_threshold,prob_below_buy_threshold,2026-05-15,1.0,2026-09-06T17:19:30Z,1886.78,0.0,-8.549061
lr,Regresja logistyczna,XOM,logistic_regression,logistic_regression,logistic_regression,binary,binary-2026-08,D-lr-988c8eb5a4d5,S-XOM-logistic_regression-20250205-fd420b,T-lr-d72cd2abf207,BUY,2026-09-06T17:19:30Z,2025-02-05,2025-02-05,109.74,109.96,109.74,110.01,109.1,109.88,13364400,1.0,81.0,82.0,300.01,190.27,8888.94,8998.68,113895.37,113893.99,0.1,0.078,0.079,87.23,0.7445,0.8723,0.5,51.37,-0.3699,-0.4871,0.1171,112.5528,106.0872,109.32,109.32,110.7634,-0.013196,-0.023025,-0.020568,,,,,prob_above_buy_threshold,prob_above_buy_threshold,2026-05-15,1.0,2026-09-06T17:19:30Z,1886.78,0.0,-8.549061
lr,Regresja logistyczna,JNJ,logistic_regression,logistic_regression,logistic_regression,binary,binary-2026-08,D-lr-e33ef7030234,S-JNJ-logistic_regression-20250205-92f616,T-lr-5644a123acea,BUY,2026-09-06T17:19:30Z,2025-02-05,2025-02-05,153.82,153.49,153.82,154.73,153.31,154.69,8947000,1.0,75.0,76.0,190.27,36.45,11536.5,11690.32,113895.37,113894.86,0.1,0.1013,0.1026,99.98,0.9996,0.9998,0.5,64.55,1.7486,0.8635,0.8851,155.8289,140.7631,148.296,148.296,148.3346,-0.007628,0.003685,0.072015,,,,,prob_above_buy_threshold,prob_above_buy_threshold,2026-05-15,1.0,2026-09-06T17:19:30Z,1886.78,0.0,-8.549061
lr,Regresja logistyczna,JPM,logistic_regression,logistic_regression,logistic_regression,binary,binary-2026-08,D-lr-eeb80aa0c8fd,S-JPM-logistic_regression-20250206-93c8f7,T-lr-3cd3ebac6681,SELL,2026-09-06T17:19:30Z,2025-02-06,2025-02-06,272.45,270.43,272.45,276.98,271.19,276.9,7264400,1.0,40.0,39.0,36.45,308.9,10898.0,10625.55,113548.92,113544.47,0.1,0.096,0.0936,40.9,0.1819,0.409,0.5,80.74,7.3057,6.5924,0.7133,280.7519,240.6781,260.715,260.715,249.8362,-0.003973,-0.002095,-0.125027,108.03,0.65704,363,True,prob_below_buy_threshold,prob_below_buy_threshold,2026-05-15,1.0,2026-09-06T17:19:30Z,1994.81,0.0,-8.549061
lr,Regresja logistyczna,XOM,logistic_regression,logistic_regression,logistic_regression,binary,binary-2026-08,D-lr-979cc997ec48,S-XOM-logistic_regression-20250206-9b103c,T-lr-8c6833b8be70,BUY,2026-09-06T17:19:30Z,2025-02-06,2025-02-06,110.77,109.88,110.77,111.05,107.99,108.43,13411400,1.0,82.0,83.0,308.9,198.13,9083.14,9193.91,113548.92,113542.13,0.1,0.08,0.081,81.99,0.6399,0.8199,0.5,46.85,-0.3918,-0.468,0.0762,112.5511,106.0569,109.304,109.304,110.4934,0.004242,-0.002767,0.005441,,,,,prob_above_buy_threshold,prob_above_buy_threshold,2026-05-15,1.0,2026-09-06T17:19:30Z,1994.81,0.0,-8.549061
lr,Regresja logistyczna,JNJ,logistic_regression,logistic_regression,logistic_regression,binary,binary-2026-08,D-lr-8ae4849b405d,S-JNJ-logistic_regression-20250206-e20197,T-lr-7eaa174ac154,BUY,2026-09-06T17:19:30Z,2025-02-06,2025-02-06,154.79,154.69,154.79,154.84,153.38,153.51,7418100,1.0,76.0,77.0,198.13,43.34,11764.04,11918.83,113548.92,113540.85,0.1,0.1036,0.105,99.98,0.9996,0.9998,0.5,60.75,1.8206,1.055,0.7656,156.4573,140.8627,148.66,148.66,148.2948,-0.002541,0.024363,0.085858,,,,,prob_above_buy_threshold,prob_above_buy_threshold,2026-05-15,1.0,2026-09-06T17:19:30Z,1994.81,0.0,-8.549061
lr,Regresja logistyczna,JPM,logistic_regression,logistic_regression,logistic_regression,binary,binary-2026-08,D-lr-1be4a5291455,S-JPM-logistic_regression-20250207-8e5854,T-lr-b00c1cd11d79,SELL,2026-09-06T17:19:30Z,2025-02-07,2025-02-07,277.27,276.9,277.27,278.55,274.71,275.8,6857900,1.0,39.0,38.0,43.34,320.61,10813.53,10536.26,112769.31,112770.78,0.1,0.0959,0.0934,40.98,0.1804,0.4098,0.5,77.82,7.4981,6.7735,0.7245,281.6997,242.9973,262.3485,262.3485,250.3812,-0.017259,0.002864,-0.158013,112.85,0.686355,364,True,prob_below_buy_threshold,prob_below_buy_threshold,2026-05-15,1.0,2026-09-06T17:19:30Z,2107.66,0.0,-8.549061
lr,Regresja logistyczna,XOM,logistic_regression,logistic_regression,logistic_regression,binary,binary-2026-08,D-lr-bb128e4cbdd6,S-XOM-logistic_regression-20250207-3343c0,T-lr-67515f6d6514,BUY,2026-09-06T17:19:30Z,2025-02-07,2025-02-07,108.78,108.43,108.78,109.73,108.32,108.89,10051600,1.0,83.0,84.0,320.61,211.83,9028.74,9137.52,112769.31,112770.89,0.1,0.0801,0.081,85.33,0.7066,0.8533,0.5,48.4,-0.3679,-0.448,0.0801,112.4699,106.3341,109.402,109.402,110.2354,0.019102,-0.005969,0.026724,,,,,prob_above_buy_threshold,prob_above_buy_threshold,2026-05-15,1.0,2026-09-06T17:19:30Z,2107.66,0.0,-8.549061
lr,Regresja logistyczna,JNJ,logistic_regression,logistic_regression,logistic_regression,binary,binary-2026-08,D-lr-7de7f770edd5,S-JNJ-logistic_regression-20250207-ea44fd,T-lr-bd99b87bf499,BUY,2026-09-06T17:19:30Z,2025-02-07,2025-02-07,153.53,153.51,153.53,154.49,152.8,153.12,6204900,1.0,77.0,78.0,211.83,58.3,11821.81,11975.34,112769.31,112770.48,0.1,0.1048,0.1062,99.98,0.9996,0.9998,0.5,59.5,1.8251,1.209,0.6161,156.6478,141.7572,149.2025,149.2025,148.2538,0.007315,0.019788,0.095219,,,,,prob_above_buy_threshold,prob_above_buy_threshold,2026-05-15,1.0,2026-09-06T17:19:30Z,2107.66,0.0,-8.549061
lr,Regresja logistyczna,JPM,logistic_regression,logistic_regression,logistic_regression,binary,binary-2026-08,D-lr-a5ebd7bea89a,S-JPM-logistic_regression-20250210-b12137,T-lr-02b10a895ef4,SELL,2026-09-06T17:19:30Z,2025-02-10,2025-02-10,276.15,275.8,276.15,276.18,269.59,271.04,8627400,1.0,38.0,37.0,58.3,334.45,10493.7,10217.55,113596.64,113601.75,0.1,0.0924,0.0899,29.75,0.4049,0.2975,0.5,66.59,7.1836,6.8556,0.3281,280.6045,247.2095,263.907,263.907,250.7962,0.014573,0.032873,-0.15459,111.73,0.679544,367,True,prob_below_buy_threshold,prob_below_buy_threshold,2026-05-15,1.0,2026-09-06T17:19:30Z,2219.39,0.0,-8.549061
lr,Regresja logistyczna,XOM,logistic_regression,logistic_regression,logistic_regression,binary,binary-2026-08,D-lr-0ed1449439df,S-XOM-logistic_regression-20250210-5d37f6,T-lr-fce3141ae9fa,BUY,2026-09-06T17:19:30Z,2025-02-10,2025-02-10,110.01,108.89,110.01,111.03,109.88,110.97,12142200,1.0,84.0,85.0,334.45,224.44,9240.84,9350.85,113596.64,113602.71,0.1,0.0813,0.0823,79.92,0.5984,0.7992,0.5,54.82,-0.1789,-0.3942,0.2152,112.4642,106.7828,109.6235,109.6235,110.0554,0.006308,-0.00748,-0.016311,,,,,prob_above_buy_threshold,prob_above_buy_threshold,2026-05-15,1.0,2026-09-06T17:19:30Z,2219.39,0.0,-8.549061
lr,Regresja logistyczna,JNJ,logistic_regression,logistic_regression,logistic_regression,binary,binary-2026-08,D-lr-7d4c8fa9a6ec,S-JNJ-logistic_regression-20250210-2a8be7,T-lr-42799ca62f6e,BUY,2026-09-06T17:19:30Z,2025-02-10,2025-02-10,153.61,153.12,153.61,154.37,152.29,154.24,6936200,1.0,78.0,79.0,224.44,70.83,11981.58,12135.19,113596.64,113603.34,0.1,0.1055,0.1068,99.96,0.9993,0.9996,0.5,61.92,1.8972,1.3466,0.5506,156.7987,142.8242,149.8115,149.8115,148.223,0.012254,0.004863,0.075337,,,,,prob_above_buy_threshold,prob_above_buy_threshold,2026-05-15,1.0,2026-09-06T17:19:30Z,2219.39,0.0,-8.549061
lr,Regresja logistyczna,KO,logistic_regression,logistic_regression,logistic_regression,binary,binary-2026-08,D-lr-4a5c6e9729ba,S-KO-logistic_regression-20250210-db2e55,T-lr-44c09335d096,BUY,2026-09-06T17:19:30Z,2025-02-10,2025-02-10,64.1,63.84,64.1,64.65,63.66,64.55,16154300,1.0,66.0,67.0,70.83,6.73,4230.6,4294.7,113596.64,113603.79,0.1,0.0372,0.0378,99.97,0.9994,0.9997,0.5,60.87,0.3696,0.1685,0.2011,64.514,61.041,62.7775,62.7775,62.698,0.04725,0.069713,0.100542,,,,,prob_above_buy_threshold,prob_above_buy_threshold,2026-05-15,1.0,2026-09-06T17:19:30Z,2219.39,0.0,-8.549061
lr,Regresja logistyczna,JPM,logistic_regression,logistic_regression,logistic_regression,binary,binary-2026-08,D-lr-6c0b364cf898,S-JPM-logistic_regression-20250211-38d366,T-lr-4d88eeca17c0,SELL,2026-09-06T17:19:30Z,2025-02-11,2025-02-11,270.26,271.04,270.26,276.22,269.66,274.99,7196400,1.0,37.0,36.0,6.73,276.99,9999.62,9729.36,114273.95,114269.22,0.1,0.0875,0.0851,37.11,0.2578,0.3711,0.5,70.41,7.1705,6.9185,0.2519,280.1532,250.7388,265.446,265.446,251.2966,0.001673,0.015492,-0.171243,105.84,0.643721,368,True,prob_below_buy_threshold,prob_below_buy_threshold,2026-05-15,1.0,2026-09-06T17:19:30Z,2325.23,0.0,-8.549061
lr,Regresja logistyczna,XOM,logistic_regression,logistic_regression,logistic_regression,binary,binary-2026-08,D-lr-6fbf345718e1,S-XOM-logistic_regression-20250211-f90a0d,T-lr-67b7e2cf187a,BUY,2026-09-06T17:19:30Z,2025-02-11,2025-02-11,111.6,110.97,111.6,112.51,110.82,111.67,12713100,1.0,85.0,86.0,276.99,165.39,9486.0,9597.6,114273.95,114269.29,0.1,0.083,0.084,78.23,0.5647,0.7823,0.5,56.76,0.0269,-0.31,0.3369,112.7137,106.7713,109.7425,109.7425,109.9294,-0.038685,-0.012268,-0.022746,,,,,prob_above_buy_threshold,prob_above_buy_threshold,2026-05-15,1.0,2026-09-06T17:19:30Z,2325.23,0.0,-8.549061
lr,Regresja logistyczna,JNJ,logistic_regression,logistic_regression,logistic_regression,binary,binary-2026-08,D-lr-20719279b9d5,S-JNJ-logistic_regression-20250211-99c990,T-lr-e29d541b2eca,BUY,2026-09-06T17:19:30Z,2025-02-11,2025-02-11,154.11,154.24,154.11,156.39,153.94,156.13,7554500,1.0,79.0,80.0,165.39,11.28,12174.69,12328.8,114273.95,114271.31,0.1,0.1065,0.1079,99.97,0.9995,0.9997,0.5,65.65,2.0829,1.4939,0.589,157.4472,143.3418,150.3945,150.3945,148.2552,-0.005572,0.011273,0.043041,,,,,prob_above_buy_threshold,prob_above_buy_threshold,2026-05-15,1.0,2026-09-06T17:19:30Z,2325.23,0.0,-8.549061
lr,Regresja logistyczna,JPM,logistic_regression,logistic_regression,logistic_regression,binary,binary-2026-08,D-lr-7c0a7206abd0,S-JPM-logistic_regression-20250214-543bcd,T-lr-e0a735407cb5,SELL,2026-09-06T17:19:30Z,2025-02-14,2025-02-14,277.37,276.32,277.37,279.23,276.45,276.59,5688600,1.0,36.0,35.0,11.28,288.65,9985.32,9707.95,112875.74,112876.52,0.1,0.0885,0.086,44.03,0.1195,0.4403,0.5,71.91,6.9581,6.9743,-0.0161,279.4423,258.8767,269.1595,269.1595,252.9486,0.012148,-0.055136,-0.154236,112.95,0.686964,371,True,prob_below_buy_threshold,prob_below_buy_threshold,2026-05-15,1.0,2026-09-06T17:19:30Z,2438.18,0.0,-8.549061
lr,Regresja logistyczna,XOM,logistic_regression,logistic_regression,logistic_regression,binary,binary-2026-08,D-lr-07a6615453d6,S-XOM-logistic_regression-20250214-9ce24c,T-lr-0be7e447f175,BUY,2026-09-06T17:19:30Z,2025-02-14,2025-02-14,108.52,108.13,108.52,110.23,108.1,108.24,15733500,1.0,86.0,87.0,288.65,180.13,9332.72,9441.24,112875.74,112876.24,0.1,0.0827,0.0836,75.86,0.5173,0.7586,0.5,46.78,-0.2876,-0.2741,-0.0135,112.308,106.294,109.301,109.301,109.3344,0.017554,0.027993,0.050998,,,,,prob_above_buy_threshold,prob_above_buy_threshold,2026-05-15,1.0,2026-09-06T17:19:30Z,2438.18,0.0,-8.549061
lr,Regresja logistyczna,JNJ,logistic_regression,logistic_regression,logistic_regression,binary,binary-2026-08,D-lr-fc6ac0e94feb,S-JNJ-logistic_regression-20250214-54df33,T-lr-e9020919921d,BUY,2026-09-06T17:19:30Z,2025-02-14,2025-02-14,157.29,157.25,157.29,157.47,156.06,156.15,6411800,1.0,80.0,81.0,180.13,22.84,12583.2,12740.49,112875.74,112875.1,0.1,0.1115,0.1129,99.97,0.9994,0.9997,0.5,62.62,2.3339,1.8746,0.4592,158.8195,145.0865,151.953,151.953,148.3242,-0.007429,0.048607,0.042843,,,,,prob_above_buy_threshold,prob_above_buy_threshold,2026-05-15,1.0,2026-09-06T17:19:30Z,2438.18,0.0,-8.549061
lr,Regresja logistyczna,JPM,logistic_regression,logistic_regression,logistic_regression,binary,binary-2026-08,D-lr-5a8dd7f42224,S-JPM-logistic_regression-20250218-d79005,T-lr-7a88afe92722,SELL,2026-09-06T17:19:30Z,2025-02-18,2025-02-18,276.76,276.59,276.76,279.97,276.02,279.95,7919800,1.0,35.0,34.0,22.84,299.6,9686.6,9409.84,111946.75,111943.56,0.1,0.0865,0.0841,44.74,0.1053,0.4474,0.5,75.01,7.067,6.9928,0.0741,280.4315,259.9665,270.199,270.199,253.6512,-0.0025,-0.08055,-0.160672,112.34,0.683254,375,True,prob_below_buy_threshold,prob_below_buy_threshold,2026-05-15,1.0,2026-09-06T17:19:30Z,2550.52,0.0,-8.549061
lr,Regresja logistyczna,XOM,logistic_regression,logistic_regression,logistic_regression,binary,binary-2026-08,D-lr-fad11be9d060,S-XOM-logistic_regression-20250218-493822,T-lr-db367c0768a1,BUY,2026-09-06T17:19:30Z,2025-02-18,2025-02-18,108.63,108.24,108.63,110.99,108.32,110.14,20060300,1.0,87.0,88.0,299.6,190.97,9450.81,9559.44,111946.75,111945.07,0.1,0.0844,0.0854,69.29,0.3858,0.6929,0.5,52.33,-0.1728,-0.2539,0.0811,111.8962,106.4878,109.192,109.192,109.1838,0.001453,-0.003722,0.031778,,,,,prob_above_buy_threshold,prob_above_buy_threshold,2026-05-15,1.0,2026-09-06T17:19:30Z,2550.52,0.0,-8.549061
lr,Regresja logistyczna,JNJ,logistic_regression,logistic_regression,logistic_regression,binary,binary-2026-08,D-lr-d013bb06feab,S-JNJ-logistic_regression-20250218-4ab0fa,T-lr-230e085a3797,BUY,2026-09-06T17:19:30Z,2025-02-18,2025-02-18,154.14,156.15,154.14,155.45,153.24,154.99,9670700,1.0,81.0,82.0,190.97,36.83,12485.34,12639.48,111946.75,111945.92,0.1,0.1115,0.1129,99.98,0.9996,0.9998,0.5,58.79,2.233,1.9463,0.2867,158.9475,145.7545,152.351,152.351,148.3768,0.018711,0.071617,0.059746,,,,,prob_above_buy_threshold,prob_above_buy_threshold,2026-05-15,1.0,2026-09-06T17:19:30Z,2550.52,0.0,-8.549061
lr,Regresja logistyczna,JPM,logistic_regression,logistic_regression,logistic_regression,binary,binary-2026-08,D-lr-1a76a3b91b39,S-JPM-logistic_regression-20250220-57ad74,T-lr-33e32822ce25,SELL,2026-09-06T17:19:30Z,2025-02-20,2025-02-20,278.68,279.25,278.68,278.74,265.74,266.8,13846700,1.0,34.0,33.0,36.83,315.51,9475.12,9196.44,112423.34,112435.22,0.1,0.0843,0.0818,33.32,0.3337,0.3332,0.5,50.04,5.9027,6.7785,-0.8758,281.1184,261.2976,271.208,271.208,254.7946,-0.009595,-0.029048,-0.10416,114.26,0.694931,377,True,prob_below_buy_threshold,prob_below_buy_threshold,2026-05-15,1.0,2026-09-06T17:19:30Z,2664.78,0.0,-8.549061
lr,Regresja logistyczna,XOM,logistic_regression,logistic_regression,logistic_regression,binary,binary-2026-08,D-lr-2d1acb2a187d,S-XOM-logistic_regression-20250220-6fe3e8,T-lr-d27a834b7741,BUY,2026-09-06T17:19:30Z,2025-02-20,2025-02-20,110.57,110.3,110.57,112.42,109.95,112.0,16325800,1.0,88.0,89.0,315.51,204.94,9730.16,9840.73,112423.34,112436.65,0.1,0.0865,0.0875,77.07,0.5415,0.7707,0.5,57.35,0.1503,-0.1433,0.2936,112.0956,106.4184,109.257,109.257,109.0486,-0.011696,-0.016518,0.034821,,,,,prob_above_buy_threshold,prob_above_buy_threshold,2026-05-15,1.0,2026-09-06T17:19:30Z,2664.78,0.0,-8.549061
lr,Regresja logistyczna,JNJ,logistic_regression,logistic_regression,logistic_regression,binary,binary-2026-08,D-lr-cc5ad1263640,S-JNJ-logistic_regression-20250220-7e5c5c,T-lr-ca92fc24d795,BUY,2026-09-06T17:19:30Z,2025-02-20,2025-02-20,156.95,157.89,156.95,159.95,156.95,159.68,7224000,1.0,82.0,83.0,204.94,47.99,12869.9,13026.85,112423.34,112439.38,0.1,0.1145,0.1159,99.96,0.9993,0.9996,0.5,67.66,2.5752,2.1383,0.4369,159.9618,147.1552,153.5585,153.5585,148.7284,0.016408,0.025363,0.020917,,,,,prob_above_buy_threshold,prob_above_buy_threshold,2026-05-15,1.0,2026-09-06T17:19:30Z,2664.78,0.0,-8.549061
lr,Regresja logistyczna,JPM,logistic_regression,logistic_regression,logistic_regression,binary,binary-2026-08,D-lr-d8b1759dee62,S-JPM-logistic_regression-20250221-8cb3c4,T-lr-c5b72d6fc1f2,SELL,2026-09-06T17:19:30Z,2025-02-21,2025-02-21,268.32,266.8,268.32,269.2,262.84,264.24,12835600,1.0,33.0,32.0,47.99,316.31,8854.56,8586.24,110023.66,110027.74,0.1,0.0805,0.078,43.69,0.1261,0.4369,0.5,46.76,4.759,6.3746,-1.6156,281.2402,261.0048,271.1225,271.1225,255.1322,-0.010975,0.001552,-0.085566,103.9,0.631922,378,True,prob_below_buy_threshold,prob_below_buy_threshold,2026-05-15,1.0,2026-09-06T17:19:30Z,2768.68,0.0,-8.549061
lr,Regresja logistyczna,XOM,logistic_regression,logistic_regression,logistic_regression,binary,binary-2026-08,D-lr-61e34cd43817,S-XOM-logistic_regression-20250221-6b0436,T-lr-b48971f9cdde,BUY,2026-09-06T17:19:30Z,2025-02-21,2025-02-21,111.32,112.0,111.32,111.85,110.56,110.69,14710000,1.0,89.0,90.0,316.31,204.99,9907.48,10018.8,110023.66,110027.11,0.1,0.09,0.0911,77.32,0.5464,0.7732,0.5,53.09,0.2152,-0.0716,0.2868,112.166,106.402,109.284,109.284,108.991,0.00524,0.005782,0.043455,,,,,prob_above_buy_threshold,prob_above_buy_threshold,2026-05-15,1.0,2026-09-06T17:19:30Z,2768.68,0.0,-8.549061
lr,Regresja logistyczna,JNJ,logistic_regression,logistic_regression,logistic_regression,binary,binary-2026-08,D-lr-a94d58bb102b,S-JNJ-logistic_regression-20250221-f334a8,T-lr-fd8fbafaea92,BUY,2026-09-06T17:19:30Z,2025-02-21,2025-02-21,159.88,159.68,159.88,163.51,159.28,162.3,12546900,1.0,83.0,84.0,204.99,45.11,13270.04,13429.92,110023.66,110029.53,0.1,0.1206,0.1221,99.98,0.9996,0.9998,0.5,71.52,2.9235,2.2953,0.6282,160.9943,147.6887,154.3415,154.3415,148.9882,0.008872,0.016759,0.008195,,,,,prob_above_buy_threshold,prob_above_buy_threshold,2026-05-15,1.0,2026-09-06T17:19:30Z,2768.68,0.0,-8.549061
lr,Regresja logistyczna,JPM,logistic_regression,logistic_regression,logistic_regression,binary,binary-2026-08,D-lr-02db3a4791ed,S-JPM-logistic_regression-20250226-613aff,T-lr-34c9e9edc2d9,SELL,2026-09-06T17:19:30Z,2025-02-26,2025-02-26,257.16,257.4,257.16,260.91,256.93,258.79,5943600,1.0,32.0,31.0,45.11,302.27,8229.12,7971.96,109200.65,109199.02,0.1,0.0754,0.073,49.42,0.0116,0.4942,0.5,41.25,1.3779,4.3647,-2.9869,283.1013,257.1137,270.1075,270.1075,256.0788,0.001005,-0.028054,-0.029986,92.74,0.564046,383,True,prob_below_buy_threshold,prob_below_buy_threshold,2026-05-15,1.0,2026-09-06T17:19:30Z,2861.42,0.0,-8.549061
lr,Regresja logistyczna,XOM,logistic_regression,logistic_regression,logistic_regression,binary,binary-2026-08,D-lr-9713c4d38957,S-XOM-logistic_regression-20250226-319596,T-lr-814c0916b066,BUY,2026-09-06T17:19:30Z,2025-02-26,2025-02-26,109.74,109.73,109.74,109.87,108.52,109.46,10446400,1.0,90.0,91.0,302.27,192.53,9876.6,9986.34,109200.65,109198.74,0.1,0.0904,0.0915,78.31,0.5662,0.7831,0.5,48.99,0.1923,0.0827,0.1096,112.3734,106.5536,109.4635,109.4635,108.8504,0.006304,-0.036726,0.080486,,,,,prob_above_buy_threshold,prob_above_buy_threshold,2026-05-15,1.0,2026-09-06T17:19:30Z,2861.42,0.0,-8.549061
lr,Regresja logistyczna,JNJ,logistic_regression,logistic_regression,logistic_regression,binary,binary-2026-08,D-lr-04e51a558cef,S-JNJ-logistic_regression-20250226-83ee9b,T-lr-b6d63d40ea30,BUY,2026-09-06T17:19:30Z,2025-02-26,2025-02-26,165.08,166.09,165.08,165.13,162.56,163.08,11396400,1.0,84.0,85.0,192.53,27.45,13866.72,14031.8,109200.65,109196.74,0.1,0.127,0.1285,99.97,0.9995,0.9997,0.5,66.62,3.7587,2.9395,0.8192,164.9438,148.0212,156.4825,156.4825,149.937,0.003986,0.012509,-0.008339,,,,,prob_above_buy_threshold,prob_above_buy_threshold,2026-05-15,1.0,2026-09-06T17:19:30Z,2861.42,0.0,-8.549061
lr,Regresja logistyczna,JPM,logistic_regression,logistic_regression,logistic_regression,binary,binary-2026-08,D-lr-4d8220a3938e,S-JPM-logistic_regression-20250227-901a51,T-lr-5b05379fd1d2,SELL,2026-09-06T17:19:30Z,2025-02-27,2025-02-27,260.18,258.79,260.18,263.64,257.86,259.05,8204400,1.0,31.0,30.0,27.45,287.63,8065.58,7805.4,109162.7,109163.83,0.1,0.0739,0.0715,49.55,0.0089,0.4955,0.5,41.67,0.6631,3.6244,-2.9613,283.5237,255.9383,269.731,269.731,256.4292,0.021617,-0.048292,-0.042193,95.76,0.582414,384,True,prob_below_buy_threshold,prob_below_buy_threshold,2026-05-15,1.0,2026-09-06T17:19:30Z,2957.18,0.0,-8.549061
lr,Regresja logistyczna,XOM,logistic_regression,logistic_regression,logistic_regression,binary,binary-2026-08,D-lr-5274accd3d61,S-XOM-logistic_regression-20250227-cbf584,T-lr-e43fb08e7e00,BUY,2026-09-06T17:19:30Z,2025-02-27,2025-02-27,110.01,109.46,110.01,111.29,109.28,110.15,15293200,1.0,91.0,92.0,287.63,177.62,10010.91,10120.92,109162.7,109163.97,0.1,0.0917,0.0927,80.0,0.6,0.8,0.5,51.21,0.1939,0.1049,0.089,112.4382,106.6368,109.5375,109.5375,108.817,0.010713,-0.022969,0.070268,,,,,prob_above_buy_threshold,prob_above_buy_threshold,2026-05-15,1.0,2026-09-06T17:19:30Z,2957.18,0.0,-8.549061
lr,Regresja logistyczna,JNJ,logistic_regression,logistic_regression,logistic_regression,binary,binary-2026-08,D-lr-86435faea248,S-JNJ-logistic_regression-20250227-58f715,T-lr-490443a4d804,BUY,2026-09-06T17:19:30Z,2025-02-27,2025-02-27,162.31,163.08,162.31,163.95,161.73,163.73,8364600,1.0,85.0,86.0,177.62,15.31,13796.35,13958.66,109162.7,109165.39,0.1,0.1264,0.1279,99.97,0.9995,0.9997,0.5,67.56,3.8091,3.1134,0.6957,165.7619,148.4611,157.1115,157.1115,150.2868,0.007879,0.012826,-0.003665,,,,,prob_above_buy_threshold,prob_above_buy_threshold,2026-05-15,1.0,2026-09-06T17:19:30Z,2957.18,0.0,-8.549061
lr,Regresja logistyczna,JPM,logistic_regression,logistic_regression,logistic_regression,binary,binary-2026-08,D-lr-79731635caf1,S-JPM-logistic_regression-20250303-278a41,T-lr-056d2a600ec4,SELL,2026-09-06T17:19:30Z,2025-03-03,2025-03-03,264.0,264.65,264.0,266.32,257.82,260.62,9058300,1.0,30.0,29.0,15.31,279.31,7920.0,7656.0,109459.86,109463.24,0.1,0.0724,0.0699,46.36,0.0728,0.4636,0.5,45.01,0.1199,2.4304,-2.3105,283.6858,254.7502,269.218,269.218,257.3442,-0.03979,-0.108971,-0.058783,99.58,0.605647,388,True,prob_below_buy_threshold,prob_below_buy_threshold,2026-05-15,1.0,2026-09-06T17:19:30Z,3056.76,0.0,-8.549061
lr,Regresja logistyczna,XOM,logistic_regression,logistic_regression,logistic_regression,binary,binary-2026-08,D-lr-f3aab763661b,S-XOM-logistic_regression-20250303-552bfc,T-lr-08d5dd336cc4,BUY,2026-09-06T17:19:30Z,2025-03-03,2025-03-03,111.7,111.33,111.7,112.16,106.51,107.76,18706900,1.0,92.0,93.0,279.31,167.61,10276.4,10388.1,109459.86,109459.3,0.1,0.0939,0.0949,51.77,0.0354,0.5177,0.5,44.15,0.0721,0.1275,-0.0554,112.5268,106.8172,109.672,109.672,108.8126,-0.002042,0.037491,0.103656,,,,,prob_above_buy_threshold,prob_above_buy_threshold,2026-05-15,1.0,2026-09-06T17:19:30Z,3056.76,0.0,-8.549061
lr,Regresja logistyczna,JNJ,logistic_regression,logistic_regression,logistic_regression,binary,binary-2026-08,D-lr-3e62fce48eae,S-JNJ-logistic_regression-20250303-8cd7be,T-lr-5a523c39a880,BUY,2026-09-06T17:19:30Z,2025-03-03,2025-03-03,164.96,165.02,164.96,167.33,164.84,167.28,9191500,1.0,86.0,87.0,167.61,2.65,14186.56,14351.52,109459.86,109461.62,0.1,0.1296,0.1311,99.96,0.9993,0.9996,0.5,72.39,4.1214,3.4422,0.6793,168.07,148.881,158.4755,158.4755,151.1234,-0.011119,0.002511,-0.008608,,,,,prob_above_buy_threshold,prob_above_buy_threshold,2026-05-15,1.0,2026-09-06T17:19:30Z,3056.76,0.0,-8.549061
lr,Regresja logistyczna,JPM,logistic_regression,logistic_regression,logistic_regression,binary,binary-2026-08,D-lr-04cff3e1a9a3,S-JPM-logistic_regression-20250304-947340,T-lr-d6bd93d1330f,SELL,2026-09-06T17:19:30Z,2025-03-04,2025-03-04,255.28,260.62,255.28,257.23,245.95,250.25,13465600,1.0,29.0,28.0,2.65,257.93,7403.12,7147.84,108948.05,108953.08,0.1,0.068,0.0656,30.67,0.3865,0.3067,0.5,35.29,-1.0396,1.7364,-2.776,285.0445,251.7355,268.39,268.39,257.582,0.005115,-0.084356,-0.026334,90.86,0.552612,389,True,prob_below_buy_threshold,prob_below_buy_threshold,2026-05-15,1.0,2026-09-06T17:19:30Z,3147.62,0.0,-8.549061
lr,Regresja logistyczna,XOM,logistic_regression,logistic_regression,logistic_regression,binary,binary-2026-08,D-lr-b7f4bbdacda1,S-XOM-logistic_regression-20250304-31e174,T-lr-c0d9d7864859,BUY,2026-09-06T17:19:30Z,2025-03-04,2025-03-04,106.36,107.76,106.36,108.96,105.94,107.54,19394900,1.0,93.0,94.0,257.93,151.57,9891.48,9997.84,108948.05,108954.26,0.1,0.0908,0.0918,70.75,0.415,0.7075,0.5,43.58,-0.1148,0.079,-0.1938,112.4736,106.9154,109.6945,109.6945,108.8032,-0.019528,0.015064,0.106937,,,,,prob_above_buy_threshold,prob_above_buy_threshold,2026-05-15,1.0,2026-09-06T17:19:30Z,3147.62,0.0,-8.549061
lr,Regresja logistyczna,KO,logistic_regression,logistic_regression,logistic_regression,binary,binary-2026-08,D-lr-5e5a9db6b2c7,S-KO-logistic_regression-20250304-a40562,T-lr-547074bde6ab,BUY,2026-09-06T17:19:30Z,2025-03-04,2025-03-04,72.07,72.32,72.07,72.65,69.88,70.19,25411900,1.0,67.0,68.0,151.57,79.5,4828.69,4900.76,108948.05,108952.38,0.1,0.0443,0.045,100.0,0.9999,1.0,0.5,60.49,2.0369,1.994,0.0429,74.6895,62.3305,68.51,68.51,64.7722,-0.001567,0.01211,0.023935,,,,,prob_above_buy_threshold,prob_above_buy_threshold,2026-05-15,1.0,2026-09-06T17:19:30Z,3147.62,0.0,-8.549061
lr,Regresja logistyczna,NEE,logistic_regression,logistic_regression,logistic_regression,binary,binary-2026-08,D-lr-97edbe89ea22,S-NEE-logistic_regression-20250304-4b8694,T-lr-aec44b3e4b10,BUY,2026-09-06T17:19:30Z,2025-03-04,2025-03-04,71.96,71.62,71.96,73.08,70.76,70.85,17869500,1.0,61.0,62.0,79.5,7.54,4389.56,4461.52,108948.05,108951.27,0.1,0.0403,0.0409,100.0,1.0,1.0,0.5,51.87,0.0488,-0.1731,0.2219,71.9889,67.7111,69.85,69.85,70.4506,-0.005222,0.044884,0.000988,,,,,prob_above_buy_threshold,prob_above_buy_threshold,2026-05-15,1.0,2026-09-06T17:19:30Z,3147.62,0.0,-8.549061
lr,Regresja logistyczna,JPM,logistic_regression,logistic_regression,logistic_regression,binary,binary-2026-08,D-lr-ef319b8e7a83,S-JPM-logistic_regression-20250305-7879ef,T-lr-ff50fae4b715,SELL,2026-09-06T17:19:30Z,2025-03-05,2025-03-05,251.25,250.25,251.25,253.05,247.83,251.53,7861400,1.0,28.0,27.0,7.54,258.79,7035.0,6783.75,109718.8,109718.52,0.1,0.0641,0.0618,42.22,0.1556,0.4222,0.5,37.1,-1.8341,1.0223,-2.8564,285.7764,249.3626,267.5695,267.5695,258.0052,-0.019839,-0.093945,-0.022701,86.83,0.528102,390,True,prob_below_buy_threshold,prob_below_buy_threshold,2026-05-15,1.0,2026-09-06T17:19:30Z,3234.45,0.0,-8.549061
lr,Regresja logistyczna,XOM,logistic_regression,logistic_regression,logistic_regression,binary,binary-2026-08,D-lr-8cb9161f8b6e,S-XOM-logistic_regression-20250305-dd4ac5,T-lr-0bf37d799e76,BUY,2026-09-06T17:19:30Z,2025-03-05,2025-03-05,105.84,107.54,105.84,106.33,103.67,105.44,24822200,1.0,94.0,95.0,258.79,152.95,9948.96,10054.8,109718.8,109718.12,0.1,0.0907,0.0916,78.23,0.5646,0.7823,0.5,38.52,-0.4274,-0.0222,-0.4052,112.8039,106.1331,109.4685,109.4685,108.7836,0.020675,0.034996,0.125474,,,,,prob_above_buy_threshold,prob_above_buy_threshold,2026-05-15,1.0,2026-09-06T17:19:30Z,3234.45,0.0,-8.549061
lr,Regresja logistyczna,KO,logistic_regression,logistic_regression,logistic_regression,binary,binary-2026-08,D-lr-1f9816ba2c71,S-KO-logistic_regression-20250305-a791d5,T-lr-54d02f0dbe77,BUY,2026-09-06T17:19:30Z,2025-03-05,2025-03-05,69.9,70.19,69.9,70.74,69.84,70.08,23933600,1.0,68.0,69.0,152.95,83.05,4753.2,4823.1,109718.8,109718.3,0.1,0.0433,0.044,100.0,0.9999,1.0,0.5,59.86,1.8813,1.9714,-0.0902,74.4759,63.2851,68.8805,68.8805,64.9168,0.005422,-0.001998,0.017837,,,,,prob_above_buy_threshold,prob_above_buy_threshold,2026-05-15,1.0,2026-09-06T17:19:30Z,3234.45,0.0,-8.549061
lr,Regresja logistyczna,NEE,logistic_regression,logistic_regression,logistic_regression,binary,binary-2026-08,D-lr-64b01a1550ee,S-NEE-logistic_regression-20250305-26a4fe,T-lr-396d7e370ac4,BUY,2026-09-06T17:19:30Z,2025-03-05,2025-03-05,70.53,70.85,70.53,70.89,69.39,70.48,7722400,1.0,62.0,63.0,83.05,12.52,4372.86,4443.39,109718.8,109718.25,0.1,0.0399,0.0405,100.0,1.0,1.0,0.5,50.31,0.0488,-0.1288,0.1775,72.0355,67.7225,69.879,69.879,70.4498,-0.006669,0.03462,0.0,,,,,prob_above_buy_threshold,prob_above_buy_threshold,2026-05-15,1.0,2026-09-06T17:19:30Z,3234.45,0.0,-8.549061
lr,Regresja logistyczna,JPM,logistic_regression,logistic_regression,logistic_regression,binary,binary-2026-08,D-lr-fba6aba8cc3b,S-JPM-logistic_regression-20250310-586950,T-lr-0368c47c3b34,SELL,2026-09-06T17:19:30Z,2025-03-10,2025-03-10,236.21,242.28,236.21,237.51,228.7,232.22,18887200,1.0,27.0,26.0,12.52,248.73,6377.67,6141.46,109069.25,109073.24,0.1,0.0585,0.0563,48.24,0.0352,0.4824,0.5,24.75,-5.5368,-1.5746,-3.9622,288.1739,236.7561,262.465,262.465,258.247,-0.013263,0.007364,-0.076565,71.79,0.436629,395,True,prob_below_buy_threshold,prob_below_buy_threshold,2026-05-15,1.0,2026-09-06T17:19:30Z,3306.24,0.0,-8.549061
lr,Regresja logistyczna,XOM,logistic_regression,logistic_regression,logistic_regression,binary,binary-2026-08,D-lr-6cf657f0d8f1,S-XOM-logistic_regression-20250310-a67cec,T-lr-46b5c4f1aab0,BUY,2026-09-06T17:19:30Z,2025-03-10,2025-03-10,109.28,109.02,109.28,112.57,109.08,111.8,22749100,1.0,95.0,96.0,248.73,139.45,10381.6,10490.88,109069.25,109075.76,0.1,0.0952,0.0962,70.32,0.4065,0.7032,0.5,56.44,-0.1501,-0.1731,0.023,113.0807,105.9803,109.5305,109.5305,108.9988,-0.023614,0.017531,-0.079249,,,,,prob_above_buy_threshold,prob_above_buy_threshold,2026-05-15,1.0,2026-09-06T17:19:30Z,3306.24,0.0,-8.549061
lr,Regresja logistyczna,KO,logistic_regression,logistic_regression,logistic_regression,binary,binary-2026-08,D-lr-3b33c3644c06,S-KO-logistic_regression-20250310-e42dc7,T-lr-a33542153b33,BUY,2026-09-06T17:19:30Z,2025-03-10,2025-03-10,71.96,71.43,71.96,73.22,71.32,71.45,25251200,1.0,69.0,70.0,139.45,67.49,4965.24,5037.2,109069.25,109075.25,0.1,0.0455,0.0462,99.99,0.9998,0.9999,0.5,65.01,1.6941,1.8524,-0.1583,73.3954,66.6676,70.0315,70.0315,65.436,-0.005738,-0.018614,-0.043107,,,,,prob_above_buy_threshold,prob_above_buy_threshold,2026-05-15,1.0,2026-09-06T17:19:30Z,3306.24,0.0,-8.549061
lr,Regresja logistyczna,JPM,logistic_regression,logistic_regression,logistic_regression,binary,binary-2026-08,D-lr-314b4b9d3337,S-JPM-logistic_regression-20250311-9c4461,T-lr-ac60016bd9d1,SELL,2026-09-06T17:19:30Z,2025-03-11,2025-03-11,231.75,232.22,231.75,233.32,226.69,229.14,18143000,1.0,26.0,25.0,67.49,299.24,6025.5,5793.75,108574.45,108577.06,0.1,0.0555,0.0534,44.98,0.1004,0.4498,0.5,23.35,-6.9826,-2.6562,-4.3264,289.5384,231.2016,260.37,260.37,257.9836,-0.005412,0.025443,-0.053548,67.33,0.409503,396,True,prob_below_buy_threshold,prob_below_buy_threshold,2026-05-15,1.0,2026-09-06T17:19:30Z,3373.57,0.0,-8.549061
lr,Regresja logistyczna,XOM,logistic_regression,logistic_regression,logistic_regression,binary,binary-2026-08,D-lr-41b452f88a81,S-XOM-logistic_regression-20250311-2f24c0,T-lr-bd90b94b6fba,BUY,2026-09-06T17:19:30Z,2025-03-11,2025-03-11,111.92,111.8,111.92,112.1,108.79,109.16,19904700,1.0,96.0,97.0,299.24,187.32,10744.32,10856.24,108574.45,108574.3,0.1,0.099,0.1,71.68,0.4335,0.7168,0.5,49.55,-0.1412,-0.1667,0.0255,112.9306,105.9494,109.44,109.44,109.054,-0.000275,0.041041,-0.07686,,,,,prob_above_buy_threshold,prob_above_buy_threshold,2026-05-15,1.0,2026-09-06T17:19:30Z,3373.57,0.0,-8.549061
lr,Regresja logistyczna,JNJ,logistic_regression,logistic_regression,logistic_regression,binary,binary-2026-08,D-lr-546353a3606a,S-JNJ-logistic_regression-20250311-e0c68e,T-lr-26ed0ea14b60,BUY,2026-09-06T17:19:30Z,2025-03-11,2025-03-11,167.2,167.7,167.2,167.3,165.05,165.86,9890300,1.0,87.0,88.0,187.32,20.12,14546.4,14713.6,108574.45,108572.96,0.1,0.134,0.1355,99.93,0.9986,0.9993,0.5,63.59,3.7527,3.7822,-0.0295,170.9001,153.6209,162.2605,162.2605,153.6492,-0.018148,-0.009707,-0.095623,,,,,prob_above_buy_threshold,prob_above_buy_threshold,2026-05-15,1.0,2026-09-06T17:19:30Z,3373.57,0.0,-8.549061
lr,Regresja logistyczna,JPM,logistic_regression,logistic_regression,logistic_regression,binary,binary-2026-08,D-lr-0b4c37f8d431,S-JPM-logistic_regression-20250318-fc893a,T-lr-04c27bf8c91f,SELL,2026-09-06T17:19:30Z,2025-03-18,2025-03-18,234.32,233.93,234.32,236.17,233.52,234.97,10344900,1.0,25.0,24.0,20.12,254.44,5858.0,5623.68,109502.87,109502.22,0.1,0.0535,0.0514,49.46,0.0108,0.4946,0.5,35.4,-8.8635,-6.9,-1.9635,279.6157,218.2373,248.9265,248.9265,257.0054,0.017619,0.068775,-0.007831,69.9,0.425134,403,True,prob_below_buy_threshold,prob_below_buy_threshold,2026-05-15,1.0,2026-09-06T17:19:30Z,3443.47,0.0,-8.549061
lr,Regresja logistyczna,XOM,logistic_regression,logistic_regression,logistic_regression,binary,binary-2026-08,D-lr-ac4d39edafe4,S-XOM-logistic_regression-20250318-ea7e5d,T-lr-901d39cc13a6,BUY,2026-09-06T17:19:30Z,2025-03-18,2025-03-18,114.09,113.76,114.09,114.54,112.57,113.64,15998700,1.0,97.0,98.0,254.44,140.35,11066.73,11180.82,109502.87,109501.77,0.1,0.1011,0.1021,65.75,0.315,0.6575,0.5,59.69,0.6489,0.1206,0.5283,114.1242,105.9128,110.0185,110.0185,109.5238,0.015576,0.025959,-0.092749,,,,,prob_above_buy_threshold,prob_above_buy_threshold,2026-05-15,1.0,2026-09-06T17:19:30Z,3443.47,0.0,-8.549061
lr,Regresja logistyczna,KO,logistic_regression,logistic_regression,logistic_regression,binary,binary-2026-08,D-lr-b3ec709a981b,S-KO-logistic_regression-20250318-3b0d3c,T-lr-41a262d33591,BUY,2026-09-06T17:19:30Z,2025-03-18,2025-03-18,70.11,70.12,70.11,70.19,69.3,69.38,12657600,1.0,70.0,71.0,140.35,70.24,4907.7,4977.81,109502.87,109501.04,0.1,0.0448,0.0455,99.99,0.9999,0.9999,0.5,51.41,0.847,1.3009,-0.4539,72.1702,68.9908,70.5805,70.5805,66.3414,-0.001441,-0.008216,0.035745,,,,,prob_above_buy_threshold,prob_above_buy_threshold,2026-05-15,1.0,2026-09-06T17:19:30Z,3443.47,0.0,-8.549061
lr,Regresja logistyczna,KO,logistic_regression,logistic_regression,logistic_regression,binary,binary-2026-08,D-lr-54a8c3d322dd,S-KO-logistic_regression-20250319-4bd19e,T-lr-8b85dcb76f6c,BUY,2026-09-06T17:19:30Z,2025-03-19,2025-03-19,68.55,69.38,68.55,69.38,68.54,69.28,14780000,1.0,71.0,72.0,70.24,1.69,4867.05,4935.6,109965.58,109966.31,0.1,0.0443,0.0449,99.98,0.9997,0.9998,0.5,50.84,0.7224,1.1852,-0.4628,72.2165,68.8655,70.541,70.541,66.492,0.006207,0.010681,0.034642,,,,,prob_above_buy_threshold,prob_above_buy_threshold,2026-05-15,1.0,2026-09-06T17:19:30Z,3443.47,0.0,-8.549061
lr,Regresja logistyczna,XOM,logistic_regression,logistic_regression,logistic_regression,binary,binary-2026-08,D-lr-a3a51b549894,S-XOM-logistic_regression-20250408-8f10c5,T-lr-23d6100f0dc5,SELL,2026-09-06T17:19:30Z,2025-04-08,2025-04-08,105.46,102.94,105.46,105.6,99.01,100.77,27147800,1.0,98.0,97.0,1.69,107.15,10335.08,10229.62,106470.96,106475.65,0.1,0.0971,0.0961,47.46,0.0507,0.4746,0.5,26.95,-1.0906,0.8489,-1.9395,124.1209,102.6101,113.3655,113.3655,110.8888,0.049916,0.023122,0.038107,-0.5,-0.004765,21,False,prob_below_buy_threshold,prob_below_buy_threshold,2026-05-15,1.0,2026-09-06T17:19:30Z,3442.97,-0.000145,-8.549061
lr,Regresja logistyczna,KO,logistic_regression,logistic_regression,logistic_regression,binary,binary-2026-08,D-lr-065af8635ace,S-KO-logistic_regression-20250408-8547a9,T-lr-c639f4234645,BUY,2026-09-06T17:19:30Z,2025-04-08,2025-04-08,68.96,68.37,68.96,69.98,67.76,68.42,22774400,1.0,72.0,73.0,107.15,38.19,4965.12,5034.08,106470.96,106475.11,0.1,0.0466,0.0473,99.99,0.9999,0.9999,0.5,43.94,0.2506,0.5375,-0.287,72.423,67.526,69.9745,69.9745,68.8044,0.022362,0.050278,0.05817,,,,,prob_above_buy_threshold,prob_above_buy_threshold,2026-05-15,1.0,2026-09-06T17:19:30Z,3442.97,-0.000145,-8.549061
lr,Regresja logistyczna,JPM,logistic_regression,logistic_regression,logistic_regression,binary,binary-2026-08,D-lr-45026ba3cb3b,S-JPM-logistic_regression-20250409-8c5f0a,T-lr-443c461b12e7,SELL,2026-09-06T17:19:30Z,2025-04-09,2025-04-09,212.5,216.87,212.5,237.48,211.0,234.34,24022400,1.0,24.0,23.0,38.19,250.69,5100.0,4887.5,112219.29,112197.45,0.1,0.0454,0.0436,40.18,0.1964,0.4018,0.5,47.04,-6.826,-5.4075,-1.4186,259.8685,212.8185,236.3435,236.3435,251.864,-0.030853,-0.020184,0.081634,48.08,0.292424,425,True,prob_below_buy_threshold,prob_below_buy_threshold,2026-05-15,1.0,2026-09-06T17:19:30Z,3491.05,0.0,-8.549061
lr,Regresja logistyczna,XOM,logistic_regression,logistic_regression,logistic_regression,binary,binary-2026-08,D-lr-226116666115,S-XOM-logistic_regression-20250409-7fe765,T-lr-256a4de6e258,SELL,2026-09-06T17:19:30Z,2025-04-09,2025-04-09,99.37,100.77,99.37,106.58,98.13,105.8,30063300,1.0,97.0,96.0,250.69,350.06,9638.89,9539.52,112219.29,112191.02,0.1,0.0859,0.085,42.35,0.1529,0.4235,0.5,39.64,-1.4019,0.3987,-1.8006,124.3088,102.0892,113.199,113.199,110.844,-0.055482,-0.015217,0.002552,-6.59,-0.062237,22,False,prob_below_buy_threshold,prob_below_buy_threshold,2026-05-15,1.0,2026-09-06T17:19:30Z,3484.46,-0.001888,-8.549061
lr,Regresja logistyczna,JNJ,logistic_regression,logistic_regression,logistic_regression,binary,binary-2026-08,D-lr-6b480f387b03,S-JNJ-logistic_regression-20250409-037092,T-lr-6a8a032bd1b9,BUY,2026-09-06T17:19:30Z,2025-04-09,2025-04-09,142.2,150.0,142.2,153.19,141.5,150.97,18773700,1.0,88.0,89.0,350.06,207.86,12513.6,12655.8,112219.29,112199.79,0.1,0.1115,0.1128,99.96,0.9992,0.9996,0.5,37.17,-2.4894,-0.9137,-1.5757,169.9966,149.4534,159.725,159.725,159.593,-0.015102,0.019474,0.031066,,,,,prob_above_buy_threshold,prob_above_buy_threshold,2026-05-15,1.0,2026-09-06T17:19:30Z,3484.46,-0.001888,-8.549061
lr,Regresja logistyczna,PG,logistic_regression,logistic_regression,logistic_regression,binary,binary-2026-08,D-lr-07e110bff45e,S-PG-logistic_regression-20250409-aedcf7,T-lr-60dc9a5da1bc,BUY,2026-09-06T17:19:30Z,2025-04-09,2025-04-09,157.36,158.39,157.36,164.68,156.69,162.32,10670200,1.0,60.0,61.0,207.86,50.5,9441.6,9598.96,112219.29,112204.75,0.1,0.0841,0.0855,100.0,1.0,1.0,0.5,42.06,-1.8185,-0.9456,-0.8729,173.8686,159.7534,166.811,166.811,168.809,0.007639,0.025074,-0.02261,,,,,prob_above_buy_threshold,prob_above_buy_threshold,2026-05-15,1.0,2026-09-06T17:19:30Z,3484.46,-0.001888,-8.549061
lr,Regresja logistyczna,JPM,logistic_regression,logistic_regression,logistic_regression,binary,binary-2026-08,D-lr-502f030c58da,S-JPM-logistic_regression-20250410-a0a524,T-lr-aaf6206aacd6,SELL,2026-09-06T17:19:30Z,2025-04-10,2025-04-10,230.0,234.34,230.0,230.35,220.1,227.11,18896400,1.0,23.0,22.0,50.5,280.5,5290.0,5060.0,111809.67,111812.56,0.1,0.0473,0.0453,44.81,0.1039,0.4481,0.5,42.9,-6.6771,-5.6614,-1.0157,259.7967,213.0823,236.4395,236.4395,251.0746,0.040025,0.021355,0.11435,65.58,0.398859,426,True,prob_below_buy_threshold,prob_below_buy_threshold,2026-05-15,1.0,2026-09-06T17:19:30Z,3550.04,0.0,-8.549061
lr,Regresja logistyczna,XOM,logistic_regression,logistic_regression,logistic_regression,binary,binary-2026-08,D-lr-aaed61d9672d,S-XOM-logistic_regression-20250410-6942e6,T-lr-eed31a9f0a08,BUY,2026-09-06T17:19:30Z,2025-04-10,2025-04-10,103.71,105.8,103.71,103.78,97.8,99.93,33999300,1.0,96.0,97.0,280.5,176.79,9956.16,10059.87,111809.67,111808.78,0.1,0.089,0.09,71.69,0.4337,0.7169,0.5,32.54,-2.0981,-0.1006,-1.9975,125.1626,100.3614,112.762,112.762,110.6692,0.032122,0.069949,0.073852,,,,,prob_above_buy_threshold,prob_above_buy_threshold,2026-05-15,1.0,2026-09-06T17:19:30Z,3550.04,0.0,-8.549061
lr,Regresja logistyczna,JNJ,logistic_regression,logistic_regression,logistic_regression,binary,binary-2026-08,D-lr-b363d4f70148,S-JNJ-logistic_regression-20250410-a9d785,T-lr-9a3c924cd7d5,BUY,2026-09-06T17:19:30Z,2025-04-10,2025-04-10,150.37,150.97,150.37,151.2,145.13,148.69,13830500,1.0,89.0,90.0,176.79,26.42,13382.93,13533.3,111809.67,111807.1,0.1,0.1197,0.121,99.94,0.9989,0.9994,0.5,34.51,-2.8907,-1.3091,-1.5816,170.2208,147.7992,159.01,159.01,159.5438,0.020445,0.059049,0.037191,,,,,prob_above_buy_threshold,prob_above_buy_threshold,2026-05-15,1.0,2026-09-06T17:19:30Z,3550.04,0.0,-8.549061
lr,Regresja logistyczna,JPM,logistic_regression,logistic_regression,logistic_regression,binary,binary-2026-08,D-lr-85b2344a91a8,S-JPM-logistic_regression-20250411-c048c9,T-lr-885f6b2a2986,SELL,2026-09-06T17:19:30Z,2025-04-11,2025-04-11,226.31,227.11,226.31,238.58,225.0,236.2,20284500,1.0,22.0,21.0,26.42,252.73,4978.82,4752.51,113656.68,113646.79,0.1,0.0438,0.0418,10.18,0.7964,0.1018,0.5,48.98,-5.7592,-5.6809,-0.0782,259.9133,213.3417,236.6275,236.6275,250.434,-0.006266,-0.030525,0.100974,61.89,0.376417,427,True,prob_below_buy_threshold,prob_below_buy_threshold,2026-05-15,1.0,2026-09-06T17:19:30Z,3611.93,0.0,-8.549061
lr,Regresja logistyczna,XOM,logistic_regression,logistic_regression,logistic_regression,binary,binary-2026-08,D-lr-1e160408cd2a,S-XOM-logistic_regression-20250411-15c175,T-lr-7d9c1e93b930,BUY,2026-09-06T17:19:30Z,2025-04-11,2025-04-11,100.3,99.93,100.3,103.93,98.79,103.14,22884600,1.0,97.0,98.0,252.73,152.43,9729.1,9829.4,113656.68,113649.63,0.1,0.0856,0.0865,79.18,0.5837,0.7918,0.5,38.97,-2.3635,-0.5532,-1.8103,125.4151,99.2329,112.324,112.324,110.5406,0.002424,0.021427,0.058367,,,,,prob_above_buy_threshold,prob_above_buy_threshold,2026-05-15,1.0,2026-09-06T17:19:30Z,3611.93,0.0,-8.549061
lr,Regresja logistyczna,JNJ,logistic_regression,logistic_regression,logistic_regression,binary,binary-2026-08,D-lr-cc44efa87b40,S-JNJ-logistic_regression-20250411-c6ad55,T-lr-4f7486c94357,BUY,2026-09-06T17:19:30Z,2025-04-11,2025-04-11,149.33,148.69,149.33,152.35,148.19,151.73,9943900,1.0,90.0,91.0,152.43,3.1,13439.7,13589.03,113656.68,113652.03,0.1,0.1182,0.1196,99.93,0.9986,0.9993,0.5,40.61,-2.9296,-1.6332,-1.2964,169.9524,146.9596,158.456,158.456,159.521,0.017333,0.034206,0.015884,,,,,prob_above_buy_threshold,prob_above_buy_threshold,2026-05-15,1.0,2026-09-06T17:19:30Z,3611.93,0.0,-8.549061
lr,Regresja logistyczna,JPM,logistic_regression,logistic_regression,logistic_regression,binary,binary-2026-08,D-lr-1d2fa84fd608,S-JPM-logistic_regression-20250415-7d735d,T-lr-24dbed8c73a6,SELL,2026-09-06T17:19:30Z,2025-04-15,2025-04-15,236.1,234.72,236.1,238.65,232.82,233.13,10912900,1.0,21.0,20.0,3.1,239.2,4958.1,4722.0,112950.21,112953.18,0.1,0.0439,0.0418,41.1,0.1781,0.411,0.5,47.08,-4.6389,-5.3784,0.7395,259.8857,213.2643,236.575,236.575,249.1088,-0.015099,0.033243,0.13945,71.68,0.43596,431,True,prob_below_buy_threshold,prob_below_buy_threshold,2026-05-15,1.0,2026-09-06T17:19:30Z,3683.61,0.0,-8.549061
lr,Regresja logistyczna,XOM,logistic_regression,logistic_regression,logistic_regression,binary,binary-2026-08,D-lr-8078175dc303,S-XOM-logistic_regression-20250415-ed7877,T-lr-5196a22a01dc,BUY,2026-09-06T17:19:30Z,2025-04-15,2025-04-15,103.64,103.39,103.64,105.41,103.0,103.1,13164900,1.0,98.0,99.0,239.2,135.56,10156.72,10260.36,112950.21,112952.64,0.1,0.0899,0.0908,86.7,0.7341,0.867,0.5,39.07,-2.6452,-1.287,-1.3582,125.3932,97.1638,111.2785,111.2785,110.392,0.010572,0.041416,0.052182,,,,,prob_above_buy_threshold,prob_above_buy_threshold,2026-05-15,1.0,2026-09-06T17:19:30Z,3683.61,0.0,-8.549061
lr,Regresja logistyczna,KO,logistic_regression,logistic_regression,logistic_regression,binary,binary-2026-08,D-lr-cf23612f62dd,S-KO-logistic_regression-20250415-971999,T-lr-593f802f8287,BUY,2026-09-06T17:19:30Z,2025-04-15,2025-04-15,72.62,72.45,72.62,72.63,71.72,71.86,14965500,1.0,73.0,74.0,135.56,62.94,5301.26,5373.88,112950.21,112951.88,0.1,0.0469,0.0476,99.99,0.9998,0.9999,0.5,56.77,0.5358,0.4475,0.0883,73.1371,67.6349,70.386,70.386,69.612,-0.002505,0.020039,-0.037573,,,,,prob_above_buy_threshold,prob_above_buy_threshold,2026-05-15,1.0,2026-09-06T17:19:30Z,3683.61,0.0,-8.549061
lr,Regresja logistyczna,JPM,logistic_regression,logistic_regression,logistic_regression,binary,binary-2026-08,D-lr-761be6e6d1e4,S-JPM-logistic_regression-20250417-be9a11,T-lr-111e511d2f29,SELL,2026-09-06T17:19:30Z,2025-04-17,2025-04-17,230.8,229.61,230.8,234.34,230.55,231.96,9557900,1.0,20.0,19.0,62.94,293.74,4616.0,4385.2,104879.33,104878.17,0.1,0.044,0.0418,48.95,0.0209,0.4895,0.5,46.67,-4.1727,-4.9985,0.8258,259.2452,212.2498,235.7475,235.7475,247.5728,-0.012804,0.049965,0.153475,66.38,0.403725,433,True,prob_below_buy_threshold,prob_below_buy_threshold,2026-05-15,1.0,2026-09-06T17:19:30Z,3749.99,0.0,-8.549061
lr,Regresja logistyczna,XOM,logistic_regression,logistic_regression,logistic_regression,binary,binary-2026-08,D-lr-6a349f501bd3,S-XOM-logistic_regression-20250417-c539a3,T-lr-c5f3beb900e0,BUY,2026-09-06T17:19:30Z,2025-04-17,2025-04-17,104.69,104.19,104.69,108.55,104.46,106.92,17916500,1.0,99.0,100.0,293.74,189.05,10364.31,10469.0,104879.33,104880.4,0.1,0.0988,0.0998,88.07,0.7615,0.8807,0.5,46.88,-2.3572,-1.7148,-0.6425,124.4568,96.0802,110.2685,110.2685,110.2174,-0.014684,0.015432,0.011878,,,,,prob_above_buy_threshold,prob_above_buy_threshold,2026-05-15,1.0,2026-09-06T17:19:30Z,3749.99,0.0,-8.549061
lr,Regresja logistyczna,JNJ,logistic_regression,logistic_regression,logistic_regression,binary,binary-2026-08,D-lr-654da10d0c97,S-JNJ-logistic_regression-20250417-7af4b2,T-lr-f68e0c954b6d,BUY,2026-09-06T17:19:30Z,2025-04-17,2025-04-17,154.16,153.91,154.16,159.44,154.16,157.47,10981100,1.0,91.0,92.0,189.05,34.89,14028.56,14182.72,104879.33,104883.71,0.1,0.1338,0.1352,99.95,0.999,0.9995,0.5,51.19,-1.9797,-2.0599,0.0803,167.4605,146.0775,156.769,156.769,159.6642,-0.003493,-0.018353,-0.038992,,,,,prob_above_buy_threshold,prob_above_buy_threshold,2026-05-15,1.0,2026-09-06T17:19:30Z,3749.99,0.0,-8.549061
lr,Regresja logistyczna,JPM,logistic_regression,logistic_regression,logistic_regression,binary,binary-2026-08,D-lr-731c00e43f30,S-JPM-logistic_regression-20250422-1b95ee,T-lr-821849a7b7f7,SELL,2026-09-06T17:19:30Z,2025-04-22,2025-04-22,231.98,228.99,231.98,235.99,231.37,235.59,10701400,1.0,19.0,18.0,34.89,266.87,4407.62,4175.64,103459.52,103455.91,0.1,0.0426,0.0404,47.46,0.0508,0.4746,0.5,49.81,-3.464,-4.5474,1.0833,257.2457,211.7383,234.492,234.492,245.8104,0.022454,0.038329,0.127722,67.56,0.410902,438,True,prob_below_buy_threshold,prob_below_buy_threshold,2026-05-15,1.0,2026-09-06T17:19:30Z,3817.55,0.0,-8.549061
lr,Regresja logistyczna,XOM,logistic_regression,logistic_regression,logistic_regression,binary,binary-2026-08,D-lr-c8fbb445686c,S-XOM-logistic_regression-20250422-bb1951,T-lr-4c678cd1eec2,BUY,2026-09-06T17:19:30Z,2025-04-22,2025-04-22,106.14,105.35,106.14,108.94,106.14,108.3,13147000,1.0,100.0,101.0,266.87,160.73,10614.0,10720.14,103459.52,103458.07,0.1,0.1026,0.1036,75.93,0.5187,0.7593,0.5,49.87,-1.9009,-1.8373,-0.0636,123.2501,95.5219,109.386,109.386,110.144,-0.008587,0.000554,-0.030933,,,,,prob_above_buy_threshold,prob_above_buy_threshold,2026-05-15,1.0,2026-09-06T17:19:30Z,3817.55,0.0,-8.549061
lr,Regresja logistyczna,JNJ,logistic_regression,logistic_regression,logistic_regression,binary,binary-2026-08,D-lr-08aaea5d3488,S-JNJ-logistic_regression-20250422-ac4b6d,T-lr-9f484cd89de8,BUY,2026-09-06T17:19:30Z,2025-04-22,2025-04-22,157.55,156.92,157.55,158.72,156.26,157.75,7136300,1.0,92.0,93.0,160.73,3.18,14494.6,14652.15,103459.52,103458.27,0.1,0.1401,0.1416,99.97,0.9995,0.9997,0.5,51.71,-1.3209,-1.8478,0.5269,165.9076,146.4054,156.1565,156.1565,159.825,-0.015024,-0.011664,-0.025927,,,,,prob_above_buy_threshold,prob_above_buy_threshold,2026-05-15,1.0,2026-09-06T17:19:30Z,3817.55,0.0,-8.549061
lr,Regresja logistyczna,JPM,logistic_regression,logistic_regression,logistic_regression,binary,binary-2026-08,D-lr-7f5c73bbaa7a,S-JPM-logistic_regression-20250424-95b8d6,T-lr-635f3464e7bd,SELL,2026-09-06T17:19:30Z,2025-04-24,2025-04-24,239.74,240.88,239.74,245.47,237.58,244.64,9055200,1.0,18.0,17.0,3.18,242.92,4315.32,4075.58,103895.38,103890.48,0.1,0.0415,0.0392,39.88,0.2024,0.3988,0.5,56.03,-1.4284,-3.5971,2.1687,254.4844,212.8356,233.66,233.66,244.6002,-0.004456,0.009197,0.065525,75.32,0.458098,440,True,prob_below_buy_threshold,prob_below_buy_threshold,2026-05-15,1.0,2026-09-06T17:19:30Z,3892.87,0.0,-8.549061
lr,Regresja logistyczna,XOM,logistic_regression,logistic_regression,logistic_regression,binary,binary-2026-08,D-lr-1263077b5bf9,S-XOM-logistic_regression-20250424-56d85a,T-lr-6948d99f7610,BUY,2026-09-06T17:19:30Z,2025-04-24,2025-04-24,107.97,107.37,107.97,108.88,106.96,108.63,9849600,1.0,101.0,102.0,242.92,134.95,10904.97,11012.94,103895.38,103891.14,0.1,0.105,0.106,73.63,0.4727,0.7363,0.5,50.59,-1.3904,-1.723,0.3326,121.2265,95.6595,108.443,108.443,110.0112,-0.000552,-0.026236,-0.052103,,,,,prob_above_buy_threshold,prob_above_buy_threshold,2026-05-15,1.0,2026-09-06T17:19:30Z,3892.87,0.0,-8.549061
lr,Regresja logistyczna,KO,logistic_regression,logistic_regression,logistic_regression,binary,binary-2026-08,D-lr-bb0cce1ace27,S-KO-logistic_regression-20250424-fcb1bb,T-lr-dec5e0d6ba76,BUY,2026-09-06T17:19:30Z,2025-04-24,2025-04-24,73.02,73.3,73.02,73.43,72.3,72.52,16893900,1.0,74.0,75.0,134.95,61.93,5403.48,5476.5,103895.38,103890.64,0.1,0.052,0.0527,99.99,0.9997,0.9999,0.5,56.0,0.8897,0.7244,0.1652,74.4562,68.4888,71.4725,71.4725,70.6526,-0.008411,-0.016961,-0.019029,,,,,prob_above_buy_threshold,prob_above_buy_threshold,2026-05-15,1.0,2026-09-06T17:19:30Z,3892.87,0.0,-8.549061
lr,Regresja logistyczna,JPM,logistic_regression,logistic_regression,logistic_regression,binary,binary-2026-08,D-lr-5a12b104aabd,S-JPM-logistic_regression-20250425-e42a6a,T-lr-06d2d2c3ae03,SELL,2026-09-06T17:19:30Z,2025-04-25,2025-04-25,244.65,244.64,244.65,245.62,241.75,243.55,8588600,1.0,17.0,16.0,61.93,306.58,4159.05,3914.4,103758.15,103759.25,0.1,0.0401,0.0377,39.77,0.2046,0.3977,0.5,55.1,-0.6541,-3.0085,2.3544,253.7093,213.1537,233.4315,233.4315,243.9622,-0.001355,0.036789,0.070458,80.23,0.487961,441,True,prob_below_buy_threshold,prob_below_buy_threshold,2026-05-15,1.0,2026-09-06T17:19:30Z,3973.1,0.0,-8.549061
lr,Regresja logistyczna,XOM,logistic_regression,logistic_regression,logistic_regression,binary,binary-2026-08,D-lr-b267faf90252,S-XOM-logistic_regression-20250425-a930f7,T-lr-ff0044526d7f,BUY,2026-09-06T17:19:30Z,2025-04-25,2025-04-25,108.14,108.63,108.14,108.76,107.42,108.57,11245800,1.0,102.0,103.0,306.58,198.44,11030.28,11138.42,103758.15,103759.68,0.1,0.1063,0.1073,83.83,0.6766,0.8383,0.5,50.48,-1.151,-1.6086,0.4576,120.0063,95.9477,107.977,107.977,110.0356,0.000553,-0.021737,-0.051027,,,,,prob_above_buy_threshold,prob_above_buy_threshold,2026-05-15,1.0,2026-09-06T17:19:30Z,3973.1,0.0,-8.549061
lr,Regresja logistyczna,JNJ,logistic_regression,logistic_regression,logistic_regression,binary,binary-2026-08,D-lr-586413793089,S-JNJ-logistic_regression-20250425-0f0c63,T-lr-47e2ee15d1a6,BUY,2026-09-06T17:19:30Z,2025-04-25,2025-04-25,154.32,154.93,154.32,154.9,152.45,154.58,8643600,1.0,93.0,94.0,198.44,44.12,14351.76,14506.08,103758.15,103759.94,0.1,0.1383,0.1398,99.97,0.9994,0.9997,0.5,45.94,-1.1584,-1.5245,0.3661,163.531,146.684,155.1075,155.1075,159.8102,0.004981,0.009962,-0.010609,,,,,prob_above_buy_threshold,prob_above_buy_threshold,2026-05-15,1.0,2026-09-06T17:19:30Z,3973.1,0.0,-8.549061
lr,Regresja logistyczna,JPM,logistic_regression,logistic_regression,logistic_regression,binary,binary-2026-08,D-lr-fc62220551c4,S-JPM-logistic_regression-20250428-f680de,T-lr-830c0387ee6e,SELL,2026-09-06T17:19:30Z,2025-04-28,2025-04-28,244.56,243.55,244.56,246.84,240.84,243.22,7394300,1.0,16.0,15.0,44.12,288.68,3912.96,3668.4,103928.46,103929.8,0.1,0.0377,0.0353,34.85,0.3029,0.3485,0.5,54.81,-0.0664,-2.4201,2.3537,253.7628,213.1372,233.45,233.45,243.3002,0.005756,0.038401,0.090741,80.14,0.487413,444,True,prob_below_buy_threshold,prob_below_buy_threshold,2026-05-15,1.0,2026-09-06T17:19:30Z,4053.24,0.0,-8.549061
lr,Regresja logistyczna,XOM,logistic_regression,logistic_regression,logistic_regression,binary,binary-2026-08,D-lr-d17fb3cf0ba3,S-XOM-logistic_regression-20250428-962a4d,T-lr-b3ca9013cf39,BUY,2026-09-06T17:19:30Z,2025-04-28,2025-04-28,108.75,108.57,108.75,109.25,107.68,108.63,13890900,1.0,103.0,104.0,288.68,179.93,11201.25,11310.0,103928.46,103929.68,0.1,0.1078,0.1088,66.74,0.3348,0.6674,0.5,50.6,-0.9456,-1.476,0.5304,118.6995,96.3445,107.522,107.522,110.0456,-0.002485,-0.049342,-0.04704,,,,,prob_above_buy_threshold,prob_above_buy_threshold,2026-05-15,1.0,2026-09-06T17:19:30Z,4053.24,0.0,-8.549061
lr,Regresja logistyczna,JNJ,logistic_regression,logistic_regression,logistic_regression,binary,binary-2026-08,D-lr-8a86e78da4d3,S-JNJ-logistic_regression-20250428-3cc878,T-lr-f70beb7c4201,BUY,2026-09-06T17:19:30Z,2025-04-28,2025-04-28,155.5,154.58,155.5,155.81,153.82,155.35,5815200,1.0,94.0,95.0,179.93,24.43,14617.0,14772.5,103928.46,103929.53,0.1,0.1406,0.1421,99.94,0.9989,0.9994,0.5,47.66,-1.0652,-1.4326,0.3674,162.1371,147.2419,154.6895,154.6895,159.7722,0.003605,-0.002253,-0.013518,,,,,prob_above_buy_threshold,prob_above_buy_threshold,2026-05-15,1.0,2026-09-06T17:19:30Z,4053.24,0.0,-8.549061
lr,Regresja logistyczna,JPM,logistic_regression,logistic_regression,logistic_regression,binary,binary-2026-08,D-lr-b9150daaa7aa,S-JPM-logistic_regression-20250501-38db1c,T-lr-49466ba53e37,SELL,2026-09-06T17:19:30Z,2025-05-01,2025-05-01,242.84,244.62,242.84,248.45,242.17,246.89,8689600,1.0,15.0,14.0,24.43,267.27,3642.6,3399.76,104504.08,104500.03,0.1,0.0349,0.0325,42.05,0.1591,0.4205,0.5,57.78,1.4671,-0.7289,2.1959,253.9892,213.0458,233.5175,233.5175,241.307,0.022763,0.026652,0.069302,78.42,0.476952,447,True,prob_below_buy_threshold,prob_below_buy_threshold,2026-05-15,1.0,2026-09-06T17:19:30Z,4131.66,0.0,-8.549061
lr,Regresja logistyczna,XOM,logistic_regression,logistic_regression,logistic_regression,binary,binary-2026-08,D-lr-c9af56a2d3e4,S-XOM-logistic_regression-20250501-d959ff,T-lr-be36bc246551,BUY,2026-09-06T17:19:30Z,2025-05-01,2025-05-01,105.1,105.63,105.1,106.92,104.98,105.78,18610300,1.0,104.0,105.0,267.27,162.17,10930.4,11035.5,104504.08,104500.71,0.1,0.1046,0.1056,72.16,0.4433,0.7216,0.5,44.59,-0.9357,-1.1865,0.2508,111.6273,99.7297,105.6785,105.6785,109.8674,0.004065,0.002742,-0.032898,,,,,prob_above_buy_threshold,prob_above_buy_threshold,2026-05-15,1.0,2026-09-06T17:19:30Z,4131.66,0.0,-8.549061
lr,Regresja logistyczna,JNJ,logistic_regression,logistic_regression,logistic_regression,binary,binary-2026-08,D-lr-8a4087a42f34,S-JNJ-logistic_regression-20250501-adcdcd,T-lr-7b10d8b8f9db,BUY,2026-09-06T17:19:30Z,2025-05-01,2025-05-01,155.0,156.31,155.0,155.09,153.36,154.46,7325800,1.0,95.0,96.0,162.17,7.17,14725.0,14880.0,104504.08,104500.17,0.1,0.1409,0.1424,99.94,0.9988,0.9994,0.5,45.69,-0.8166,-1.1431,0.3265,159.8079,148.7941,154.301,154.301,159.7252,0.010747,0.007769,0.004856,,,,,prob_above_buy_threshold,prob_above_buy_threshold,2026-05-15,1.0,2026-09-06T17:19:30Z,4131.66,0.0,-8.549061
lr,Regresja logistyczna,JPM,logistic_regression,logistic_regression,logistic_regression,binary,binary-2026-08,D-lr-b1375f71cbeb,S-JPM-logistic_regression-20250502-f20b50,T-lr-3500a887d8eb,SELL,2026-09-06T17:19:30Z,2025-05-02,2025-05-02,251.26,246.89,251.26,253.62,249.46,252.51,7165000,1.0,14.0,13.0,7.17,258.43,3517.64,3266.38,105546.3,105545.05,0.1,0.0333,0.0309,43.3,0.134,0.433,0.5,62.12,2.3041,-0.1223,2.4263,256.6379,212.7791,234.7085,234.7085,241.0212,0.000198,0.002257,0.048117,86.84,0.528163,448,True,prob_below_buy_threshold,prob_below_buy_threshold,2026-05-15,1.0,2026-09-06T17:19:30Z,4218.5,0.0,-8.549061
lr,Regresja logistyczna,XOM,logistic_regression,logistic_regression,logistic_regression,binary,binary-2026-08,D-lr-76c24cc67578,S-XOM-logistic_regression-20250502-578994,T-lr-42bc5e2be2ea,BUY,2026-09-06T17:19:30Z,2025-05-02,2025-05-02,107.72,105.78,107.72,109.0,104.55,106.21,16581900,1.0,105.0,106.0,258.43,150.71,11310.6,11418.32,105546.3,105543.54,0.1,0.1072,0.1082,57.0,0.14,0.57,0.5,45.73,-0.9293,-1.1351,0.2057,110.4608,100.2742,105.3675,105.3675,109.7516,-0.027681,0.010357,-0.029752,,,,,prob_above_buy_threshold,prob_above_buy_threshold,2026-05-15,1.0,2026-09-06T17:19:30Z,4218.5,0.0,-8.549061
lr,Regresja logistyczna,KO,logistic_regression,logistic_regression,logistic_regression,binary,binary-2026-08,D-lr-f4a7ea16e626,S-KO-logistic_regression-20250502-a2aec8,T-lr-ec530b6c70a8,BUY,2026-09-06T17:19:30Z,2025-05-02,2025-05-02,71.5,71.29,71.5,71.82,71.1,71.65,12629600,1.0,75.0,76.0,150.71,79.21,5362.5,5434.0,105546.3,105543.69,0.1,0.0508,0.0515,99.99,0.9998,0.9999,0.5,50.95,0.4741,0.6389,-0.1648,74.4798,68.7082,71.594,71.594,70.9586,0.000698,-0.015771,0.004885,,,,,prob_above_buy_threshold,prob_above_buy_threshold,2026-05-15,1.0,2026-09-06T17:19:30Z,4218.5,0.0,-8.549061
lr,Regresja logistyczna,NEE,logistic_regression,logistic_regression,logistic_regression,binary,binary-2026-08,D-lr-555c950b680f,S-NEE-logistic_regression-20250502-33158e,T-lr-f887f1dab2d7,BUY,2026-09-06T17:19:30Z,2025-05-02,2025-05-02,66.1,66.05,66.1,67.37,65.99,67.09,13333200,1.0,63.0,64.0,79.21,13.11,4164.3,4230.4,105546.3,105544.68,0.1,0.0395,0.0401,100.0,1.0,1.0,0.5,48.5,-0.7295,-0.9304,0.2008,68.3198,64.4782,66.399,66.399,69.3204,-0.014756,0.047995,0.04561,,,,,prob_above_buy_threshold,prob_above_buy_threshold,2026-05-15,1.0,2026-09-06T17:19:30Z,4218.5,0.0,-8.549061
lr,Regresja logistyczna,JPM,logistic_regression,logistic_regression,logistic_regression,binary,binary-2026-08,D-lr-63d2eadb4c7f,S-JPM-logistic_regression-20250505-73227d,T-lr-84fb2f5c2b46,SELL,2026-09-06T17:19:30Z,2025-05-05,2025-05-05,251.18,252.51,251.18,255.16,250.59,252.56,5450700,1.0,13.0,12.0,13.11,264.29,3265.34,3014.16,105346.01,105344.63,0.1,0.031,0.0286,41.5,0.17,0.415,0.5,62.15,2.9376,0.4897,2.4479,257.0068,216.6382,236.8225,236.8225,240.7876,-0.013106,0.029656,0.054284,86.76,0.527676,451,True,prob_below_buy_threshold,prob_below_buy_threshold,2026-05-15,1.0,2026-09-06T17:19:30Z,4305.26,0.0,-8.549061
lr,Regresja logistyczna,XOM,logistic_regression,logistic_regression,logistic_regression,binary,binary-2026-08,D-lr-18464bc8cd70,S-XOM-logistic_regression-20250505-ff1894,T-lr-eb52051e3484,BUY,2026-09-06T17:19:30Z,2025-05-05,2025-05-05,104.65,106.21,104.65,104.66,103.07,103.27,19624000,1.0,106.0,107.0,264.29,159.64,11092.9,11197.55,105346.01,105343.25,0.1,0.1053,0.1063,80.89,0.6178,0.8089,0.5,39.73,-1.1483,-1.1377,-0.0106,110.4714,100.1566,105.314,105.314,109.6032,0.013944,0.057035,0.005132,,,,,prob_above_buy_threshold,prob_above_buy_threshold,2026-05-15,1.0,2026-09-06T17:19:30Z,4305.26,0.0,-8.549061
lr,Regresja logistyczna,JNJ,logistic_regression,logistic_regression,logistic_regression,binary,binary-2026-08,D-lr-732b6cad8403,S-JNJ-logistic_regression-20250505-14e822,T-lr-15b44e8892c2,BUY,2026-09-06T17:19:30Z,2025-05-05,2025-05-05,156.67,156.12,156.67,156.79,154.73,155.0,5464100,1.0,96.0,97.0,159.64,2.97,15040.32,15196.99,105346.01,105341.58,0.1,0.1428,0.1443,99.93,0.9985,0.9993,0.5,47.19,-0.6809,-0.9789,0.2981,159.177,149.231,154.204,154.204,159.508,-0.003419,-0.005548,-0.003742,,,,,prob_above_buy_threshold,prob_above_buy_threshold,2026-05-15,1.0,2026-09-06T17:19:30Z,4305.26,0.0,-8.549061
lr,Regresja logistyczna,JPM,logistic_regression,logistic_regression,logistic_regression,binary,binary-2026-08,D-lr-9de967bb4dea,S-JPM-logistic_regression-20250506-4a7ae7,T-lr-ff2640905c2d,SELL,2026-09-06T17:19:30Z,2025-05-06,2025-05-06,250.0,252.56,250.0,252.65,249.0,249.25,6369900,1.0,12.0,11.0,2.97,252.97,3000.0,2750.0,104620.57,104621.32,0.1,0.0287,0.0263,37.3,0.2539,0.373,0.5,58.08,3.1364,1.019,2.1173,256.618,220.508,238.563,238.563,240.5458,0.000562,0.055206,0.06006,85.58,0.520499,452,True,prob_below_buy_threshold,prob_below_buy_threshold,2026-05-15,1.0,2026-09-06T17:19:30Z,4390.84,0.0,-8.549061
lr,Regresja logistyczna,XOM,logistic_regression,logistic_regression,logistic_regression,binary,binary-2026-08,D-lr-964cefe87e45,S-XOM-logistic_regression-20250506-f9ae56,T-lr-21de10a2f569,BUY,2026-09-06T17:19:30Z,2025-05-06,2025-05-06,103.89,103.27,103.89,105.98,103.48,104.71,16303400,1.0,107.0,108.0,252.97,149.08,11116.23,11220.12,104620.57,104622.14,0.1,0.1063,0.1072,82.88,0.6575,0.8288,0.5,43.63,-1.1919,-1.1486,-0.0433,110.4536,100.3514,105.4025,105.4025,109.472,-0.000955,0.045363,-0.023016,,,,,prob_above_buy_threshold,prob_above_buy_threshold,2026-05-15,1.0,2026-09-06T17:19:30Z,4390.84,0.0,-8.549061
lr,Regresja logistyczna,KO,logistic_regression,logistic_regression,logistic_regression,binary,binary-2026-08,D-lr-c401008eb986,S-KO-logistic_regression-20250506-f2c337,T-lr-2db17d35ab8f,BUY,2026-09-06T17:19:30Z,2025-05-06,2025-05-06,71.68,71.7,71.68,71.9,71.16,71.72,12705500,1.0,76.0,77.0,149.08,77.4,5447.68,5519.36,104620.57,104622.18,0.1,0.0521,0.0528,99.99,0.9998,0.9999,0.5,51.32,0.3673,0.5489,-0.1816,74.182,69.518,71.85,71.85,70.9882,0.009481,-0.038483,-0.00488,,,,,prob_above_buy_threshold,prob_above_buy_threshold,2026-05-15,1.0,2026-09-06T17:19:30Z,4390.84,0.0,-8.549061
lr,Regresja logistyczna,NEE,logistic_regression,logistic_regression,logistic_regression,binary,binary-2026-08,D-lr-6501a40fdfbb,S-NEE-logistic_regression-20250506-f11006,T-lr-746b7ec65af0,BUY,2026-09-06T17:19:30Z,2025-05-06,2025-05-06,65.81,66.1,65.81,66.89,65.35,66.54,7943000,1.0,64.0,65.0,77.4,11.59,4211.84,4277.65,104620.57,104622.91,0.1,0.0403,0.0409,100.0,1.0,1.0,0.5,46.92,-0.6769,-0.8467,0.1698,68.248,64.617,66.4325,66.4325,69.1256,0.012323,0.083709,0.050195,,,,,prob_above_buy_threshold,prob_above_buy_threshold,2026-05-15,1.0,2026-09-06T17:19:30Z,4390.84,0.0,-8.549061
lr,Regresja logistyczna,JPM,logistic_regression,logistic_regression,logistic_regression,binary,binary-2026-08,D-lr-9cde186c1fce,S-JPM-logistic_regression-20250507-ffc8b2,T-lr-f83a7d3b7ef9,SELL,2026-09-06T17:19:30Z,2025-05-07,2025-05-07,249.85,249.25,249.85,252.45,248.83,249.39,8724100,1.0,11.0,10.0,11.59,261.44,2748.35,2498.5,104808.5,104808.96,0.1,0.0262,0.0238,45.82,0.0836,0.4582,0.5,58.21,3.2675,1.4687,1.7988,255.833,224.545,240.189,240.189,240.3856,0.01636,0.065159,0.050363,85.43,0.519587,453,True,prob_below_buy_threshold,prob_below_buy_threshold,2026-05-15,1.0,2026-09-06T17:19:30Z,4476.27,0.0,-8.549061
lr,Regresja logistyczna,XOM,logistic_regression,logistic_regression,logistic_regression,binary,binary-2026-08,D-lr-d23a17afd51d,S-XOM-logistic_regression-20250507-45e111,T-lr-8852a2104d31,BUY,2026-09-06T17:19:30Z,2025-05-07,2025-05-07,104.99,104.71,104.99,105.29,104.07,104.61,12332200,1.0,108.0,109.0,261.44,156.45,11338.92,11443.91,104808.5,104808.58,0.1,0.1082,0.1092,86.97,0.7394,0.8697,0.5,43.42,-1.2204,-1.1629,-0.0575,110.1988,100.9902,105.5945,105.5945,109.3696,0.013957,0.036995,-0.026575,,,,,prob_above_buy_threshold,prob_above_buy_threshold,2026-05-15,1.0,2026-09-06T17:19:30Z,4476.27,0.0,-8.549061
lr,Regresja logistyczna,JNJ,logistic_regression,logistic_regression,logistic_regression,binary,binary-2026-08,D-lr-c3a76d53699d,S-JNJ-logistic_regression-20250507-724c5c,T-lr-1052dc2cba31,BUY,2026-09-06T17:19:30Z,2025-05-07,2025-05-07,154.74,154.47,154.74,157.94,154.5,157.3,7853100,1.0,97.0,98.0,156.45,1.71,15009.78,15164.52,104808.5,104811.14,0.1,0.1432,0.1447,99.96,0.9992,0.9996,0.5,52.93,-0.4891,-0.8371,0.3479,159.1563,150.3667,154.7615,154.7615,159.1468,-0.010426,-0.069549,-0.02314,,,,,prob_above_buy_threshold,prob_above_buy_threshold,2026-05-15,1.0,2026-09-06T17:19:30Z,4476.27,0.0,-8.549061
lr,Regresja logistyczna,JPM,logistic_regression,logistic_regression,logistic_regression,binary,binary-2026-08,D-lr-aae7963ca112,S-JPM-logistic_regression-20250512-7a643b,T-lr-f9c66ccf6221,SELL,2026-09-06T17:19:30Z,2025-05-12,2025-05-12,262.9,253.08,262.9,263.6,258.7,260.05,9603900,1.0,10.0,9.0,1.71,264.61,2629.0,2366.1,105239.79,105242.64,0.1,0.025,0.0225,43.15,0.1369,0.4315,0.5,66.8,4.5867,2.7604,1.8264,260.9674,226.3056,243.6365,243.6365,240.0678,0.011383,0.018573,0.032878,98.48,0.598957,458,True,prob_below_buy_threshold,prob_below_buy_threshold,2026-05-15,1.0,2026-09-06T17:19:30Z,4574.75,0.0,-8.549061
lr,Regresja logistyczna,XOM,logistic_regression,logistic_regression,logistic_regression,binary,binary-2026-08,D-lr-4e95a4cf80e2,S-XOM-logistic_regression-20250512-eb8118,T-lr-2cfff99de200,BUY,2026-09-06T17:19:30Z,2025-05-12,2025-05-12,110.27,107.31,110.27,110.44,108.32,109.16,14244600,1.0,109.0,110.0,264.61,154.34,12019.43,12129.7,105239.79,105241.53,0.1,0.1142,0.1153,81.39,0.6278,0.8139,0.5,54.97,-0.6044,-1.0053,0.4008,110.135,102.421,106.278,106.278,109.2016,0.002748,-0.024643,-0.017772,,,,,prob_above_buy_threshold,prob_above_buy_threshold,2026-05-15,1.0,2026-09-06T17:19:30Z,4574.75,0.0,-8.549061
lr,Regresja logistyczna,JNJ,logistic_regression,logistic_regression,logistic_regression,binary,binary-2026-08,D-lr-20f71553b17f,S-JNJ-logistic_regression-20250512-545f5b,T-lr-aaf7ee29aa2c,BUY,2026-09-06T17:19:30Z,2025-05-12,2025-05-12,152.02,154.22,152.02,155.36,151.18,154.14,9023800,1.0,98.0,99.0,154.34,2.32,14897.96,15049.98,105239.79,105243.65,0.1,0.1416,0.143,99.96,0.9992,0.9996,0.5,45.6,-0.5813,-0.6853,0.104,157.8284,152.9576,155.393,155.393,158.5906,-0.036979,-0.010705,0.014986,,,,,prob_above_buy_threshold,prob_above_buy_threshold,2026-05-15,1.0,2026-09-06T17:19:30Z,4574.75,0.0,-8.549061
lr,Regresja logistyczna,JPM,logistic_regression,logistic_regression,logistic_regression,binary,binary-2026-08,D-lr-5ad70e41012b,S-JPM-logistic_regression-20250513-bf1ea8,T-lr-a2819fcfdcdb,SELL,2026-09-06T17:19:30Z,2025-05-13,2025-05-13,261.03,260.05,261.03,263.67,260.39,263.01,8589000,1.0,9.0,8.0,2.32,263.35,2349.27,2088.24,100618.31,100616.33,0.1,0.0233,0.0208,48.57,0.0286,0.4857,0.5,68.85,5.3148,3.2713,2.0436,263.8,226.302,245.051,245.051,240.1156,0.01,0.010152,0.019543,96.61,0.587584,459,True,prob_below_buy_threshold,prob_below_buy_threshold,2026-05-15,1.0,2026-09-06T17:19:30Z,4671.36,0.0,-8.549061
lr,Regresja logistyczna,XOM,logistic_regression,logistic_regression,logistic_regression,binary,binary-2026-08,D-lr-245c779bbbb5,S-XOM-logistic_regression-20250513-10dba0,T-lr-c932da1fd515,BUY,2026-09-06T17:19:30Z,2025-05-13,2025-05-13,109.32,109.16,109.32,110.51,109.02,109.46,13350800,1.0,110.0,111.0,263.35,154.03,12025.2,12134.52,100618.31,100616.47,0.1,0.1195,0.1206,82.48,0.6495,0.8248,0.5,55.66,-0.3294,-0.8701,0.5407,110.437,102.726,106.5815,106.5815,109.2356,-0.008953,-0.041202,-0.00137,,,,,prob_above_buy_threshold,prob_above_buy_threshold,2026-05-15,1.0,2026-09-06T17:19:30Z,4671.36,0.0,-8.549061
lr,Regresja logistyczna,JNJ,logistic_regression,logistic_regression,logistic_regression,binary,binary-2026-08,D-lr-16b68ee2ab8a,S-JNJ-logistic_regression-20250513-42d5c0,T-lr-032d67cdc441,BUY,2026-09-06T17:19:30Z,2025-05-13,2025-05-13,151.7,154.14,151.7,151.7,148.08,148.44,10549600,1.0,99.0,100.0,154.03,2.33,15018.3,15170.0,100618.31,100613.21,0.1,0.1493,0.1508,99.94,0.9989,0.9994,0.5,35.07,-1.0762,-0.7635,-0.3127,158.9746,151.2194,155.097,155.097,158.2138,-0.014012,0.035166,0.045944,,,,,prob_above_buy_threshold,prob_above_buy_threshold,2026-05-15,1.0,2026-09-06T17:19:30Z,4671.36,0.0,-8.549061
lr,Regresja logistyczna,JPM,logistic_regression,logistic_regression,logistic_regression,binary,binary-2026-08,D-lr-96eea29729bd,S-JPM-logistic_regression-20250514-f6b697,T-lr-4d4647e9001c,SELL,2026-09-06T17:19:30Z,2025-05-14,2025-05-14,263.0,263.01,263.0,266.64,262.29,265.64,8643100,1.0,8.0,7.0,2.33,265.33,2104.0,1841.0,100381.36,100378.72,0.1,0.021,0.0183,36.57,0.2686,0.3657,0.5,70.58,6.0345,3.8239,2.2106,266.6093,226.7438,246.6765,246.6765,240.4234,0.006964,-0.017317,0.009788,98.58,0.599565,460,True,prob_below_buy_threshold,prob_below_buy_threshold,2026-05-15,1.0,2026-09-06T17:19:30Z,4769.94,0.0,-8.549061
lr,Regresja logistyczna,XOM,logistic_regression,logistic_regression,logistic_regression,binary,binary-2026-08,D-lr-20ecb5daa4e1,S-XOM-logistic_regression-20250514-506e11,T-lr-cc845fedc343,BUY,2026-09-06T17:19:30Z,2025-05-14,2025-05-14,108.86,109.46,108.86,108.86,107.93,108.48,15494900,1.0,111.0,112.0,265.33,156.47,12083.46,12192.32,100381.36,100378.34,0.1,0.1204,0.1215,83.39,0.6679,0.8339,0.5,52.83,-0.1883,-0.7337,0.5455,110.4383,103.2627,106.8505,106.8505,109.2544,0.000922,-0.044432,0.011523,,,,,prob_above_buy_threshold,prob_above_buy_threshold,2026-05-15,1.0,2026-09-06T17:19:30Z,4769.94,0.0,-8.549061
lr,Regresja logistyczna,JNJ,logistic_regression,logistic_regression,logistic_regression,binary,binary-2026-08,D-lr-b87fc6e1cebc,S-JNJ-logistic_regression-20250514-f8baf5,T-lr-5f7d3a510569,BUY,2026-09-06T17:19:30Z,2025-05-14,2025-05-14,148.67,148.44,148.67,148.82,146.12,146.36,10216000,1.0,100.0,101.0,156.47,7.8,14867.0,15015.67,100381.36,100376.03,0.1,0.1481,0.1496,99.96,0.9992,0.9996,0.5,32.15,-1.6176,-0.9343,-0.6833,160.1506,149.3174,154.734,154.734,157.8326,0.022206,0.046597,0.070374,,,,,prob_above_buy_threshold,prob_above_buy_threshold,2026-05-15,1.0,2026-09-06T17:19:30Z,4769.94,0.0,-8.549061
lr,Regresja logistyczna,JPM,logistic_regression,logistic_regression,logistic_regression,binary,binary-2026-08,D-lr-1de27e016468,S-JPM-logistic_regression-20250515-4e3b43,T-lr-177146a54658,SELL,2026-09-06T17:19:30Z,2025-05-15,2025-05-15,266.97,265.64,266.97,269.52,264.76,267.49,9214600,1.0,7.0,6.0,7.8,274.77,1868.79,1601.82,99301.46,99300.94,0.1,0.0188,0.0161,37.89,0.2421,0.3789,0.5,71.77,6.6771,4.3945,2.2826,268.8523,228.2887,248.5705,248.5705,240.7426,0.000262,-0.025496,-0.009496,102.55,0.623711,461,True,prob_below_buy_threshold,prob_below_buy_threshold,2026-05-15,1.0,2026-09-06T17:19:30Z,4872.49,0.0,-8.549061
lr,Regresja logistyczna,XOM,logistic_regression,logistic_regression,logistic_regression,binary,binary-2026-08,D-lr-ea387c06965a,S-XOM-logistic_regression-20250515-a0cf0d,T-lr-433a770c5e6a,BUY,2026-09-06T17:19:30Z,2025-05-15,2025-05-15,106.49,108.48,106.49,108.65,105.97,108.58,15004300,1.0,112.0,113.0,274.77,168.28,11926.88,12033.37,99301.46,99303.03,0.1,0.1201,0.1212,70.69,0.4137,0.7069,0.5,53.09,-0.0676,-0.6005,0.5329,110.5141,103.6259,107.07,107.07,109.3172,-0.003592,-0.051667,0.032603,,,,,prob_above_buy_threshold,prob_above_buy_threshold,2026-05-15,1.0,2026-09-06T17:19:30Z,4872.49,0.0,-8.549061
lr,Regresja logistyczna,JNJ,logistic_regression,logistic_regression,logistic_regression,binary,binary-2026-08,D-lr-d8ddab692ca1,S-JNJ-logistic_regression-20250515-f9ab31,T-lr-2e9245b45a65,BUY,2026-09-06T17:19:30Z,2025-05-15,2025-05-15,148.0,146.36,148.0,149.65,147.33,149.61,7945800,1.0,101.0,102.0,168.28,20.28,14948.0,15096.0,99301.46,99304.64,0.1,0.1505,0.152,99.95,0.9991,0.9995,0.5,40.48,-1.7641,-1.1003,-0.6638,160.3731,148.6649,154.519,154.519,157.5224,0.011497,0.020052,0.050064,,,,,prob_above_buy_threshold,prob_above_buy_threshold,2026-05-15,1.0,2026-09-06T17:19:30Z,4872.49,0.0,-8.549061
lr,Regresja logistyczna,JPM,logistic_regression,logistic_regression,logistic_regression,binary,binary-2026-08,D-lr-d5e73efa91b3,S-JPM-logistic_regression-20250516-e582a8,T-lr-cce4f694385a,SELL,2026-09-06T17:19:30Z,2025-05-16,2025-05-16,267.5,267.49,267.5,268.46,264.71,267.56,8932900,1.0,6.0,5.0,20.28,287.78,1605.0,1337.5,100785.32,100785.26,0.1,0.0159,0.0133,39.07,0.2186,0.3907,0.5,71.82,7.1101,4.9377,2.1725,270.7372,229.9638,250.3505,250.3505,241.163,-0.010016,-0.025602,0.010465,103.08,0.626934,462,True,prob_below_buy_threshold,prob_below_buy_threshold,2026-05-15,1.0,2026-09-06T17:19:30Z,4975.57,0.0,-8.549061
lr,Regresja logistyczna,XOM,logistic_regression,logistic_regression,logistic_regression,binary,binary-2026-08,D-lr-ba76e9cdd563,S-XOM-logistic_regression-20250516-6fb9dc,T-lr-3919af30e37d,BUY,2026-09-06T17:19:30Z,2025-05-16,2025-05-16,108.65,108.58,108.65,108.89,107.45,108.19,14042500,1.0,113.0,114.0,287.78,179.13,12277.45,12386.1,100785.32,100784.8,0.1,0.1218,0.1229,73.9,0.4779,0.739,0.5,51.88,-0.0034,-0.4811,0.4777,110.6109,103.6561,107.1335,107.1335,109.3286,-0.015898,-0.047694,0.039652,,,,,prob_above_buy_threshold,prob_above_buy_threshold,2026-05-15,1.0,2026-09-06T17:19:30Z,4975.57,0.0,-8.549061
lr,Regresja logistyczna,JNJ,logistic_regression,logistic_regression,logistic_regression,binary,binary-2026-08,D-lr-199d40778f17,S-JNJ-logistic_regression-20250516-629ede,T-lr-aedd2d1d97c2,BUY,2026-09-06T17:19:30Z,2025-05-16,2025-05-16,149.67,149.61,149.67,151.5,149.22,151.33,8051200,1.0,102.0,103.0,179.13,29.46,15266.34,15416.01,100785.32,100786.46,0.1,0.1515,0.153,99.94,0.9988,0.9994,0.5,44.38,-1.7216,-1.2245,-0.4971,160.0588,148.3652,154.212,154.212,157.2324,0.007665,0.010639,0.025705,,,,,prob_above_buy_threshold,prob_above_buy_threshold,2026-05-15,1.0,2026-09-06T17:19:30Z,4975.57,0.0,-8.549061
lr,Regresja logistyczna,JPM,logistic_regression,logistic_regression,logistic_regression,binary,binary-2026-08,D-lr-f48cfbbea6a9,S-JPM-logistic_regression-20250519-f5d76f,T-lr-563171c69733,SELL,2026-09-06T17:19:30Z,2025-05-19,2025-05-19,265.55,267.56,265.55,268.32,261.93,264.88,12145000,1.0,5.0,4.0,29.46,295.01,1327.75,1062.2,102420.06,102420.73,0.1,0.013,0.0104,42.02,0.1595,0.4202,0.5,67.26,7.1545,5.381,1.7735,270.952,233.338,252.145,252.145,241.615,0.00302,0.001548,0.017517,101.13,0.615074,465,True,prob_below_buy_threshold,prob_below_buy_threshold,2026-05-15,1.0,2026-09-06T17:19:30Z,5076.7,0.0,-8.549061
lr,Regresja logistyczna,XOM,logistic_regression,logistic_regression,logistic_regression,binary,binary-2026-08,D-lr-73e9688287f1,S-XOM-logistic_regression-20250519-137e83,T-lr-74d355f7881a,BUY,2026-09-06T17:19:30Z,2025-05-19,2025-05-19,107.57,108.19,107.57,107.57,105.72,106.47,16802700,1.0,114.0,115.0,295.01,187.44,12262.98,12370.55,102420.06,102419.63,0.1,0.1197,0.1208,74.37,0.4874,0.7437,0.5,46.8,-0.0903,-0.4029,0.3126,110.5853,103.7937,107.1895,107.1895,109.2776,-0.014276,-0.027707,0.070724,,,,,prob_above_buy_threshold,prob_above_buy_threshold,2026-05-15,1.0,2026-09-06T17:19:30Z,5076.7,0.0,-8.549061
lr,Regresja logistyczna,JNJ,logistic_regression,logistic_regression,logistic_regression,binary,binary-2026-08,D-lr-61e981f852cd,S-JNJ-logistic_regression-20250519-004a49,T-lr-56d5ca6be8cf,BUY,2026-09-06T17:19:30Z,2025-05-19,2025-05-19,151.89,151.33,151.89,152.66,151.05,152.49,12639900,1.0,103.0,104.0,187.44,35.55,15644.67,15796.56,102420.06,102420.23,0.1,0.1528,0.1542,99.97,0.9994,0.9997,0.5,46.9,-1.5761,-1.2949,-0.2813,159.7451,148.2359,153.9905,153.9905,156.9484,0.007673,0.004984,-0.000721,,,,,prob_above_buy_threshold,prob_above_buy_threshold,2026-05-15,1.0,2026-09-06T17:19:30Z,5076.7,0.0,-8.549061
lr,Regresja logistyczna,JPM,logistic_regression,logistic_regression,logistic_regression,binary,binary-2026-08,D-lr-4277210f4300,S-JPM-logistic_regression-20250520-80ccd8,T-lr-89593a60db1a,SELL,2026-09-06T17:19:30Z,2025-05-20,2025-05-20,262.52,264.88,262.52,266.66,262.3,265.68,8436300,1.0,4.0,3.0,35.55,298.07,1050.08,787.56,102720.15,102716.99,0.1,0.0102,0.0077,38.58,0.2284,0.3858,0.5,67.91,7.1716,5.7392,1.4325,271.7181,235.5809,253.6495,253.6495,242.2842,-0.017465,-0.008243,0.031165,98.1,0.596646,466,True,prob_below_buy_threshold,prob_below_buy_threshold,2026-05-15,1.0,2026-09-06T17:19:30Z,5174.8,0.0,-8.549061
lr,Regresja logistyczna,XOM,logistic_regression,logistic_regression,logistic_regression,binary,binary-2026-08,D-lr-2667c944c33d,S-XOM-logistic_regression-20250520-2b969e,T-lr-15f09077cf3d,BUY,2026-09-06T17:19:30Z,2025-05-20,2025-05-20,106.39,106.47,106.39,106.72,104.78,104.95,12429300,1.0,115.0,116.0,298.07,191.68,12234.85,12341.24,102720.15,102715.55,0.1,0.1191,0.1201,69.36,0.3871,0.6936,0.5,42.81,-0.2786,-0.3781,0.0995,110.5114,103.5326,107.022,107.022,109.1406,-0.012292,-0.02706,0.078514,,,,,prob_above_buy_threshold,prob_above_buy_threshold,2026-05-15,1.0,2026-09-06T17:19:30Z,5174.8,0.0,-8.549061
lr,Regresja logistyczna,JNJ,logistic_regression,logistic_regression,logistic_regression,binary,binary-2026-08,D-lr-6fb8faa1f747,S-JNJ-logistic_regression-20250520-a327cb,T-lr-d0cd083534de,BUY,2026-09-06T17:19:30Z,2025-05-20,2025-05-20,152.33,152.49,152.33,154.04,152.12,153.66,7351500,1.0,104.0,105.0,191.68,39.35,15842.32,15994.65,102720.15,102716.88,0.1,0.1542,0.1557,99.97,0.9993,0.9997,0.5,49.39,-1.3508,-1.3061,-0.0448,159.2763,148.2957,153.786,153.786,156.6676,-0.003124,-0.008005,-0.019068,,,,,prob_above_buy_threshold,prob_above_buy_threshold,2026-05-15,1.0,2026-09-06T17:19:30Z,5174.8,0.0,-8.549061
lr,Regresja logistyczna,JPM,logistic_regression,logistic_regression,logistic_regression,binary,binary-2026-08,D-lr-82491cda7ceb,S-JPM-logistic_regression-20250521-3ab469,T-lr-6242ea013915,SELL,2026-09-06T17:19:30Z,2025-05-21,2025-05-21,264.35,265.68,264.35,265.65,260.73,261.04,7464000,1.0,3.0,2.0,39.35,303.7,793.05,528.7,100776.08,100779.39,0.1,0.0079,0.0052,42.99,0.1402,0.4299,0.5,60.36,6.7332,5.938,0.7952,271.9989,237.3161,254.6575,254.6575,242.9222,-0.001417,0.012757,0.053478,99.93,0.607776,467,True,prob_below_buy_threshold,prob_below_buy_threshold,2026-05-15,1.0,2026-09-06T17:19:30Z,5274.73,0.0,-8.549061
lr,Regresja logistyczna,XOM,logistic_regression,logistic_regression,logistic_regression,binary,binary-2026-08,D-lr-c2af65c5e4b5,S-XOM-logistic_regression-20250521-48f759,T-lr-24f50c91b665,BUY,2026-09-06T17:19:30Z,2025-05-21,2025-05-21,104.53,104.95,104.53,104.97,103.64,103.66,16716100,1.0,116.0,117.0,303.7,199.17,12125.48,12230.01,100776.08,100778.52,0.1,0.1203,0.1214,79.02,0.5803,0.7902,0.5,39.72,-0.5258,-0.4076,-0.1182,110.6147,103.0583,106.8365,106.8365,109.0306,-0.006656,-0.009358,0.106502,,,,,prob_above_buy_threshold,prob_above_buy_threshold,2026-05-15,1.0,2026-09-06T17:19:30Z,5274.73,0.0,-8.549061
lr,Regresja logistyczna,JNJ,logistic_regression,logistic_regression,logistic_regression,binary,binary-2026-08,D-lr-0ae71b94fcfa,S-JNJ-logistic_regression-20250521-d143e9,T-lr-8703074323e6,BUY,2026-09-06T17:19:30Z,2025-05-21,2025-05-21,153.19,153.66,153.19,154.43,153.0,153.18,7032200,1.0,105.0,106.0,199.17,45.98,16084.95,16238.14,100776.08,100778.51,0.1,0.1596,0.1611,99.96,0.9992,0.9996,0.5,48.39,-1.1972,-1.2843,0.087,159.1221,148.2299,153.676,153.676,156.414,-0.003721,0.002611,-0.022131,,,,,prob_above_buy_threshold,prob_above_buy_threshold,2026-05-15,1.0,2026-09-06T17:19:30Z,5274.73,0.0,-8.549061
lr,Regresja logistyczna,JPM,logistic_regression,logistic_regression,logistic_regression,binary,binary-2026-08,D-lr-01a415fe36fb,S-JPM-logistic_regression-20250522-fc667b,T-lr-2fc2458dd691,SELL,2026-09-06T17:19:30Z,2025-05-22,2025-05-22,259.44,261.04,259.44,262.3,258.87,260.67,6514100,1.0,2.0,1.0,45.98,305.42,518.88,259.44,99989.64,99988.41,0.1,0.0052,0.0026,39.7,0.206,0.397,0.5,59.79,6.2834,6.007,0.2763,272.3502,238.5678,255.459,255.459,243.5776,0.000153,0.012775,0.067518,95.02,0.577913,468,True,prob_below_buy_threshold,prob_below_buy_threshold,2026-05-15,1.0,2026-09-06T17:19:30Z,5369.75,0.0,-8.549061
lr,Regresja logistyczna,XOM,logistic_regression,logistic_regression,logistic_regression,binary,binary-2026-08,D-lr-94184dc6a192,S-XOM-logistic_regression-20250522-5a1e6c,T-lr-c2dfad5784a6,BUY,2026-09-06T17:19:30Z,2025-05-22,2025-05-22,103.06,103.66,103.06,103.47,101.89,102.97,13417400,1.0,117.0,118.0,305.42,202.36,12058.02,12161.08,99989.64,99988.32,0.1,0.1206,0.1216,80.13,0.6025,0.8013,0.5,38.14,-0.7686,-0.4798,-0.2888,110.5909,102.5161,106.5535,106.5535,108.9074,0.000583,-0.006507,0.08517,,,,,prob_above_buy_threshold,prob_above_buy_threshold,2026-05-15,1.0,2026-09-06T17:19:30Z,5369.75,0.0,-8.549061
lr,Regresja logistyczna,JNJ,logistic_regression,logistic_regression,logistic_regression,binary,binary-2026-08,D-lr-5e451db356c7,S-JNJ-logistic_regression-20250522-3beae2,T-lr-0d2a7d44c2d6,BUY,2026-09-06T17:19:30Z,2025-05-22,2025-05-22,152.65,153.18,152.65,153.32,151.37,152.61,7535300,1.0,106.0,107.0,202.36,49.71,16180.9,16333.55,99989.64,99988.28,0.1,0.1618,0.1634,99.97,0.9995,0.9997,0.5,47.16,-1.1087,-1.2492,0.1405,158.9932,148.1268,153.56,153.56,156.2092,0.002162,0.017037,-0.008453,,,,,prob_above_buy_threshold,prob_above_buy_threshold,2026-05-15,1.0,2026-09-06T17:19:30Z,5369.75,0.0,-8.549061
lr,Regresja logistyczna,JPM,logistic_regression,logistic_regression,logistic_regression,binary,binary-2026-08,D-lr-975c44916d44,S-JPM-logistic_regression-20250523-efba56,T-lr-5fe88d2306f8,SELL,2026-09-06T17:19:30Z,2025-05-23,2025-05-23,256.81,260.67,256.81,261.99,256.0,260.71,6671800,1.0,1.0,0.0,49.71,306.52,256.81,0.0,99856.27,99852.37,0.1,0.0026,0.0,44.55,0.109,0.4455,0.5,59.83,5.8626,5.9781,-0.1156,272.4266,240.2074,256.317,256.317,244.288,0.017567,0.015151,0.078823,92.39,0.561918,469,True,prob_below_buy_threshold,prob_below_buy_threshold,2026-05-15,1.0,2026-09-06T17:19:30Z,5462.14,0.0,-8.549061
lr,Regresja logistyczna,XOM,logistic_regression,logistic_regression,logistic_regression,binary,binary-2026-08,D-lr-488c29a1b0ee,S-XOM-logistic_regression-20250523-a1c144,T-lr-4d9e813910ca,BUY,2026-09-06T17:19:30Z,2025-05-23,2025-05-23,102.6,102.97,102.6,103.47,102.07,103.03,12061600,1.0,118.0,119.0,306.52,203.92,12106.8,12209.4,99856.27,99852.8,0.1,0.1212,0.1223,84.07,0.6813,0.8407,0.5,38.37,-0.9453,-0.5729,-0.3724,110.4793,102.0737,106.2765,106.2765,108.7946,0.004756,0.000194,0.051538,,,,,prob_above_buy_threshold,prob_above_buy_threshold,2026-05-15,1.0,2026-09-06T17:19:30Z,5462.14,0.0,-8.549061
lr,Regresja logistyczna,JNJ,logistic_regression,logistic_regression,logistic_regression,binary,binary-2026-08,D-lr-642f16bb7e22,S-JNJ-logistic_regression-20250523-18cb5c,T-lr-56981d30ebaa,BUY,2026-09-06T17:19:30Z,2025-05-23,2025-05-23,153.0,152.61,153.0,153.48,152.21,152.94,6727300,1.0,107.0,108.0,203.92,50.92,16371.0,16524.0,99856.27,99852.74,0.1,0.1639,0.1655,99.97,0.9994,0.9997,0.5,47.98,-1.0004,-1.1994,0.199,158.8966,148.0594,153.478,153.478,156.0082,0.002027,0.016085,-0.004904,,,,,prob_above_buy_threshold,prob_above_buy_threshold,2026-05-15,1.0,2026-09-06T17:19:30Z,5462.14,0.0,-8.549061
lr,Regresja logistyczna,XOM,logistic_regression,logistic_regression,logistic_regression,binary,binary-2026-08,D-lr-0f1148c718f4,S-XOM-logistic_regression-20260303-97d844,T-lr-4e3ef8735def,SELL,2026-09-06T17:19:30Z,2026-03-03,2026-03-03,155.43,154.22,155.43,156.05,150.3,151.83,25198900,1.0,119.0,118.0,50.92,206.35,18496.17,18340.74,116305.07,116308.67,0.1,0.159,0.1577,46.46,0.0708,0.4646,0.5,60.78,4.258,4.8314,-0.5735,155.2384,144.2096,149.724,149.724,136.0514,-0.013238,-0.024369,0.117434,49.46,0.466779,284,True,prob_below_buy_threshold,prob_below_buy_threshold,2026-05-15,1.0,2026-09-06T17:19:30Z,5511.6,0.0,-8.549061
lr,Regresja logistyczna,PG,logistic_regression,logistic_regression,logistic_regression,binary,binary-2026-08,D-lr-4019a07a059a,S-PG-logistic_regression-20260303-47011d,T-lr-67984d446acf,BUY,2026-09-06T17:19:30Z,2026-03-03,2026-03-03,162.19,163.51,162.19,162.19,158.62,159.72,10161000,1.0,61.0,62.0,206.35,44.16,9893.59,10055.78,116305.07,116306.2,0.1,0.0851,0.0865,100.0,1.0,1.0,0.5,53.05,3.4442,3.7553,-0.3111,166.8065,154.3365,160.5715,160.5715,151.3666,-0.008891,-0.023228,-0.095667,,,,,prob_above_buy_threshold,prob_above_buy_threshold,2026-05-15,1.0,2026-09-06T17:19:30Z,5511.6,0.0,-8.549061
