portfolio_id,portfolio_name,ticker,model_name,signal_source,strategy_name,label_mode,label_version,decision_id,signal_id,transaction_id,action,decision_timestamp_utc,market_date,execution_date,execution_price,previous_close,open,high,low,close,volume,quantity,shares_before,shares_after,cash_before,cash_after,position_value_before,position_value_after,portfolio_value_before,portfolio_value_after,weight_target,weight_actual_before,weight_actual,score,confidence,probability_up,threshold_used,rsi,macd,macd_signal,macd_hist,bb_upper,bb_lower,bb_middle,sma20,sma50,return_1d_after,return_5d_after,return_20d_after,trade_pnl_abs,trade_pnl_pct,holding_period_days,hit,reason,triggered_rules,data_version,strategy_version,generated_at_utc,cumulative_pnl,drawdown_after_trade,max_drawdown_to_date
ml_xgboost,ML – XGBoost,MSFT,xgboost,xgboost,xgboost,binary,binary-2026-05,D-ml_xgboost-fd3322985766,S-MSFT-xgboost-20230526-0e9d2e,T-ml_xgboost-cc41332e0866,BUY,2026-05-17T18:43:31Z,2023-05-26,2023-05-26,324.02,325.92,324.02,333.4,323.88,332.89,36630600,61.0,0.0,61.0,100000.0,80234.78,0.0,19765.22,100000.0,100541.07,0.2,0.0,0.1966,55.69,0.1138,0.5569,0.55,,,,,,,,,,-0.005047,0.009162,0.005047,,,,,prob_above_buy_threshold,prob_above_buy_threshold,2026-05-15,1.0,2026-05-17T18:43:31Z,0.0,0.0,0.0
ml_xgboost,ML – XGBoost,AAPL,xgboost,xgboost,xgboost,binary,binary-2026-05,D-ml_xgboost-2ff973f8b5f1,S-AAPL-xgboost-20230601-66d07a,T-ml_xgboost-36082f4a20d0,BUY,2026-05-17T18:43:31Z,2023-06-01,2023-06-01,177.7,177.25,177.7,180.12,176.93,180.09,68901800,113.0,0.0,113.0,80234.78,60154.68,0.0,20080.1,100522.16,100792.23,0.2,0.0,0.1992,55.97,0.1195,0.5597,0.55,,,,,,,,,,0.004775,0.002665,0.077073,,,,,prob_above_buy_threshold,prob_above_buy_threshold,2026-05-15,1.0,2026-05-17T18:43:31Z,0.0,0.0,0.0
ml_xgboost,ML – XGBoost,UNH,xgboost,xgboost,xgboost,binary,binary-2026-05,D-ml_xgboost-3543032999b7,S-UNH-xgboost-20230602-f42ef6,T-ml_xgboost-b3e7d4f04264,BUY,2026-05-17T18:43:31Z,2023-06-02,2023-06-02,492.0,493.63,492.0,501.02,490.36,499.58,3064500,41.0,0.0,41.0,60154.68,39982.68,0.0,20172.0,101061.43,101372.21,0.2,0.0,0.199,55.7,0.114,0.557,0.55,,,,,,,,,,-0.002782,-0.01193,-0.043436,,,,,prob_above_buy_threshold,prob_above_buy_threshold,2026-05-15,1.0,2026-05-17T18:43:31Z,0.0,0.0,0.0
ml_xgboost,ML – XGBoost,AAPL,xgboost,xgboost,xgboost,binary,binary-2026-05,D-ml_xgboost-7ed7c29904eb,S-AAPL-xgboost-20230605-a39bb6,T-ml_xgboost-36cb1643492f,SELL,2026-05-17T18:43:31Z,2023-06-05,2023-06-05,182.63,180.95,182.63,184.95,178.04,179.58,121946500,113.0,113.0,0.0,39982.68,60619.87,20637.19,0.0,101193.35,101538.0,0.2,0.2039,0.0,35.21,0.2958,0.3521,0.55,71.84,,,,,,,,,-0.00206,0.023444,0.06543,557.09,0.027743,4,True,prob_below_sell_threshold,prob_below_sell_threshold,2026-05-15,1.0,2026-05-17T18:43:31Z,557.09,0.0,0.0
ml_xgboost,ML – XGBoost,MSFT,xgboost,xgboost,xgboost,binary,binary-2026-05,D-ml_xgboost-942c89f167da,S-MSFT-xgboost-20230605-5d6591,T-ml_xgboost-ee8f6d35d142,SELL,2026-05-17T18:43:31Z,2023-06-05,2023-06-05,335.22,335.4,335.22,338.56,334.66,335.94,21307100,61.0,61.0,0.0,60619.87,81068.29,20448.42,0.0,101193.35,101494.08,0.2,0.2021,0.0,30.93,0.3814,0.3093,0.55,75.47,,,,,,,,,-0.006727,-0.012175,0.006579,683.2,0.034566,10,True,prob_below_sell_threshold,prob_below_sell_threshold,2026-05-15,1.0,2026-05-17T18:43:31Z,1240.29,0.0,0.0
ml_xgboost,ML – XGBoost,UNH,xgboost,xgboost,xgboost,binary,binary-2026-05,D-ml_xgboost-51e6cd6b37d3,S-UNH-xgboost-20230605-16006f,T-ml_xgboost-34f07db599f3,SELL,2026-05-17T18:43:31Z,2023-06-05,2023-06-05,500.7,499.58,500.7,502.9,497.42,498.19,2688800,41.0,41.0,0.0,81068.29,101596.99,20528.7,0.0,101193.35,101596.99,0.2,0.2029,0.0,34.33,0.3134,0.3433,0.55,74.65,,,,,,,,,-0.021317,-0.011241,-0.054136,356.7,0.017683,3,True,prob_below_sell_threshold,prob_below_sell_threshold,2026-05-15,1.0,2026-05-17T18:43:31Z,1596.99,0.0,0.0
ml_xgboost,ML – XGBoost,UNH,xgboost,xgboost,xgboost,binary,binary-2026-05,D-ml_xgboost-a084f315244e,S-UNH-xgboost-20230614-603e73,T-ml_xgboost-0d57f67e2a09,BUY,2026-05-17T18:43:31Z,2023-06-14,2023-06-14,454.64,491.31,454.64,460.63,445.68,459.86,14672400,44.0,0.0,44.0,101596.99,81592.83,0.0,20004.16,101596.99,101826.67,0.2,0.0,0.1965,59.35,0.1869,0.5935,0.55,31.72,,,,502.5046,467.3724,484.9385,484.9385,,0.013113,0.04173,0.044166,,,,,prob_above_buy_threshold,prob_above_buy_threshold,2026-05-15,1.0,2026-05-17T18:43:31Z,1596.99,0.0,0.0
ml_xgboost,ML – XGBoost,UNH,xgboost,xgboost,xgboost,binary,binary-2026-05,D-ml_xgboost-0cbc55221a1a,S-UNH-xgboost-20230707-ecc703,T-ml_xgboost-904abeb1f993,SELL,2026-05-17T18:43:31Z,2023-07-07,2023-07-07,465.0,469.36,465.0,468.61,460.82,461.58,4131600,44.0,44.0,0.0,81592.83,102052.83,20460.0,0.0,101902.35,102052.83,0.2,0.2008,0.0,27.38,0.4525,0.2738,0.55,38.04,-3.1473,-2.1319,-1.0154,496.8559,455.8811,476.3685,476.3685,,0.003185,0.040275,0.08915,455.84,0.022787,23,True,prob_below_sell_threshold,prob_below_sell_threshold,2026-05-15,1.0,2026-05-17T18:43:31Z,2052.83,0.0,0.0
ml_xgboost,ML – XGBoost,MSFT,xgboost,xgboost,xgboost,binary,binary-2026-05,D-ml_xgboost-81cb65d8aeb5,S-MSFT-xgboost-20230717-378c7e,T-ml_xgboost-f37f482aaa0e,BUY,2026-05-17T18:43:31Z,2023-07-17,2023-07-17,345.68,345.24,345.68,346.99,342.2,345.73,20363900,59.0,0.0,59.0,102052.83,81657.71,0.0,20395.12,102052.83,102055.78,0.2,0.0,0.1998,55.57,0.1114,0.5557,0.55,61.3,3.3788,3.053,0.3258,346.3956,328.9084,337.652,337.652,,0.0398,-0.001793,-0.062737,,,,,prob_above_buy_threshold,prob_above_buy_threshold,2026-05-15,1.0,2026-05-17T18:43:31Z,2052.83,0.0,0.0
ml_xgboost,ML – XGBoost,JPM,xgboost,xgboost,xgboost,binary,binary-2026-05,D-ml_xgboost-d2a0904db6ed,S-JPM-xgboost-20230717-61b3bb,T-ml_xgboost-8a841cba1bab,BUY,2026-05-17T18:43:31Z,2023-07-17,2023-07-17,150.35,149.77,150.35,153.75,150.35,153.38,17262400,135.0,0.0,135.0,81657.71,61360.46,0.0,20297.25,102052.83,102464.83,0.2,0.0,0.1981,57.85,0.157,0.5785,0.55,77.05,2.8647,2.0857,0.779,152.0941,136.2989,144.1965,144.1965,,0.001826,0.030121,0.009062,,,,,prob_above_buy_threshold,prob_above_buy_threshold,2026-05-15,1.0,2026-05-17T18:43:31Z,2052.83,0.0,0.0
ml_xgboost,ML – XGBoost,UNH,xgboost,xgboost,xgboost,binary,binary-2026-05,D-ml_xgboost-f8ea97e7e12d,S-UNH-xgboost-20230717-dd885a,T-ml_xgboost-a04685eee52d,BUY,2026-05-17T18:43:31Z,2023-07-17,2023-07-17,481.11,480.17,481.11,484.6,478.3,484.08,4582000,42.0,0.0,42.0,61360.46,41153.84,0.0,20206.62,102052.83,102589.57,0.2,0.0,0.197,72.89,0.4578,0.7289,0.55,56.55,-3.128,-3.9449,0.8169,491.4801,450.8709,471.1755,471.1755,,0.032887,0.050818,0.055466,,,,,prob_above_buy_threshold,prob_above_buy_threshold,2026-05-15,1.0,2026-05-17T18:43:31Z,2052.83,0.0,0.0
ml_xgboost,ML – XGBoost,JNJ,xgboost,xgboost,xgboost,binary,binary-2026-05,D-ml_xgboost-6174b9a323c3,S-JNJ-xgboost-20230721-88646e,T-ml_xgboost-4a83d5a00168,BUY,2026-05-17T18:43:31Z,2023-07-21,2023-07-21,168.18,168.38,168.18,170.82,168.18,170.19,12080000,123.0,0.0,123.0,41153.84,20467.7,0.0,20686.14,103628.78,103876.01,0.2,0.0,0.1991,60.19,0.2037,0.6019,0.55,72.54,0.852,0.1504,0.7016,168.8597,155.3733,162.1165,162.1165,,0.005229,0.025207,0.013514,,,,,prob_above_buy_threshold,prob_above_buy_threshold,2026-05-15,1.0,2026-05-17T18:43:31Z,2052.83,0.0,0.0
ml_xgboost,ML – XGBoost,MSFT,xgboost,xgboost,xgboost,binary,binary-2026-05,D-ml_xgboost-7439df535201,S-MSFT-xgboost-20230726-f9f9b2,T-ml_xgboost-d50d9d44f947,SELL,2026-05-17T18:43:31Z,2023-07-26,2023-07-26,341.44,350.98,341.44,344.67,333.11,337.77,58383700,59.0,59.0,0.0,20467.7,40612.66,20144.96,0.0,104274.29,104490.82,0.2,0.1932,0.0,30.16,0.3967,0.3016,0.55,47.79,3.6104,4.1682,-0.5577,356.1324,327.8946,342.0135,342.0135,,-0.020872,-0.030405,-0.031886,-250.16,-0.012266,9,False,prob_below_sell_threshold,prob_below_sell_threshold,2026-05-15,1.0,2026-05-17T18:43:31Z,1802.67,-0.121861,-0.121861
ml_xgboost,ML – XGBoost,JPM,xgboost,xgboost,xgboost,binary,binary-2026-05,D-ml_xgboost-2d0e16c96ab7,S-JPM-xgboost-20230728-453d94,T-ml_xgboost-c7b216f4d678,SELL,2026-05-17T18:43:31Z,2023-07-28,2023-07-28,157.28,156.02,157.28,157.6,156.44,156.91,9103800,135.0,135.0,0.0,40612.66,61845.46,21232.8,0.0,104378.77,104428.72,0.2,0.2034,0.0,44.69,0.1062,0.4469,0.55,70.04,4.1279,3.8015,0.3265,161.1834,140.9666,151.075,151.075,144.1566,0.006692,-0.005672,-0.062839,935.55,0.046092,11,True,prob_below_sell_threshold,prob_below_sell_threshold,2026-05-15,1.0,2026-05-17T18:43:31Z,2738.22,0.0,-0.121861
ml_xgboost,ML – XGBoost,JNJ,xgboost,xgboost,xgboost,binary,binary-2026-05,D-ml_xgboost-8c82f18e852c,S-JNJ-xgboost-20230804-1f0ffd,T-ml_xgboost-af70f4800bea,SELL,2026-05-17T18:43:31Z,2023-08-04,2023-08-04,170.34,170.64,170.34,172.68,167.89,169.04,23415100,123.0,123.0,0.0,61845.46,82797.28,20951.82,0.0,103752.04,103911.94,0.2,0.2019,0.0,42.8,0.1441,0.428,0.55,56.44,2.4136,2.3466,0.0669,178.0365,154.0345,166.0355,166.0355,162.7628,0.024018,0.028455,-0.050639,265.68,0.012843,14,True,prob_below_sell_threshold,prob_below_sell_threshold,2026-05-15,1.0,2026-05-17T18:43:31Z,3003.9,0.0,-0.121861
ml_xgboost,ML – XGBoost,UNH,xgboost,xgboost,xgboost,binary,binary-2026-05,D-ml_xgboost-3b921a208c3e,S-UNH-xgboost-20230808-0f841f,T-ml_xgboost-df350f7ddedb,SELL,2026-05-17T18:43:31Z,2023-08-08,2023-08-08,503.0,510.74,503.0,508.17,500.02,505.86,2422600,42.0,42.0,0.0,82797.28,103923.28,21126.0,0.0,104043.4,103923.28,0.2,0.203,0.0,42.16,0.1569,0.4216,0.55,59.11,7.2717,7.2915,-0.0199,533.0272,462.3748,497.701,497.701,486.3408,-0.007413,0.001641,-0.05717,919.38,0.045499,22,True,prob_below_sell_threshold,prob_below_sell_threshold,2026-05-15,1.0,2026-05-17T18:43:31Z,3923.28,0.0,-0.121861
ml_xgboost,ML – XGBoost,MSFT,xgboost,xgboost,xgboost,binary,binary-2026-05,D-ml_xgboost-2f4667d8a5d4,S-MSFT-xgboost-20230823-9bc65d,T-ml_xgboost-69e19120b53d,BUY,2026-05-17T18:43:31Z,2023-08-23,2023-08-23,323.82,322.46,323.82,329.2,323.46,327.0,21166400,64.0,0.0,64.0,103923.28,83198.8,0.0,20724.48,103923.28,104126.8,0.2,0.0,0.199,60.48,0.2096,0.6048,0.55,49.03,-4.012,-4.1906,0.1785,337.7304,313.9316,325.831,325.831,334.5692,-0.021498,0.005474,-0.022844,,,,,prob_above_buy_threshold,prob_above_buy_threshold,2026-05-15,1.0,2026-05-17T18:43:31Z,3923.28,0.0,-0.121861
ml_xgboost,ML – XGBoost,AAPL,xgboost,xgboost,xgboost,binary,binary-2026-05,D-ml_xgboost-06d42ca70333,S-AAPL-xgboost-20230825-eb129a,T-ml_xgboost-7ecc6c881214,BUY,2026-05-17T18:43:31Z,2023-08-25,2023-08-25,177.38,176.38,177.38,179.15,175.82,178.61,51449600,117.0,0.0,117.0,83198.8,62445.34,0.0,20753.46,103869.52,104013.43,0.2,0.0,0.1995,62.39,0.2478,0.6239,0.55,43.81,-3.0309,-3.1007,0.0698,194.6265,167.5285,181.0775,181.0775,186.661,0.008846,0.060747,-0.014165,,,,,prob_above_buy_threshold,prob_above_buy_threshold,2026-05-15,1.0,2026-05-17T18:43:31Z,3923.28,0.0,-0.121861
ml_xgboost,ML – XGBoost,AAPL,xgboost,xgboost,xgboost,binary,binary-2026-05,D-ml_xgboost-439848c31cab,S-AAPL-xgboost-20230912-5a3853,T-ml_xgboost-d53ceb95a7ec,SELL,2026-05-17T18:43:31Z,2023-09-12,2023-09-12,179.49,179.36,179.49,180.13,174.82,176.3,90370200,117.0,117.0,0.0,62445.34,83445.67,21000.33,0.0,104305.72,104678.95,0.2,0.2013,0.0,35.32,0.2936,0.3532,0.55,40.35,-1.0868,-0.7881,-0.2987,190.0223,170.4767,180.2495,180.2495,185.7326,-0.011855,0.015712,0.011855,246.87,0.011895,18,True,prob_below_sell_threshold,prob_below_sell_threshold,2026-05-15,1.0,2026-05-17T18:43:31Z,4170.15,0.0,-0.121861
ml_xgboost,ML – XGBoost,JNJ,xgboost,xgboost,xgboost,binary,binary-2026-05,D-ml_xgboost-a45d64651fc8,S-JNJ-xgboost-20230913-03ab83,T-ml_xgboost-392695f7d49e,BUY,2026-05-17T18:43:31Z,2023-09-13,2023-09-13,163.76,163.58,163.76,164.95,163.0,163.99,7397500,128.0,0.0,128.0,83445.67,62484.39,0.0,20961.28,104953.51,104982.95,0.2,0.0,0.1997,55.98,0.1196,0.5598,0.55,47.9,-1.7031,-1.6941,-0.009,172.9927,156.2203,164.6065,164.6065,166.165,-0.001524,-0.006586,-0.047625,,,,,prob_above_buy_threshold,prob_above_buy_threshold,2026-05-15,1.0,2026-05-17T18:43:31Z,4170.15,0.0,-0.121861
ml_xgboost,ML – XGBoost,JPM,xgboost,xgboost,xgboost,binary,binary-2026-05,D-ml_xgboost-2c87ab6bd12f,S-JPM-xgboost-20230914-a03701,T-ml_xgboost-bccdc9c3a32d,BUY,2026-05-17T18:43:31Z,2023-09-14,2023-09-14,147.84,146.41,147.84,149.9,147.52,149.25,10034900,142.0,0.0,142.0,62484.39,41491.11,0.0,20993.28,105119.91,105320.13,0.2,0.0,0.1993,64.68,0.2935,0.6468,0.55,54.7,-1.2269,-1.4861,0.2592,150.267,143.424,146.8455,146.8455,150.6972,-0.002948,-0.014137,-0.023049,,,,,prob_above_buy_threshold,prob_above_buy_threshold,2026-05-15,1.0,2026-05-17T18:43:31Z,4170.15,0.0,-0.121861
ml_xgboost,ML – XGBoost,UNH,xgboost,xgboost,xgboost,binary,binary-2026-05,D-ml_xgboost-6291dad9e44a,S-UNH-xgboost-20230915-0315a1,T-ml_xgboost-07328e484bfd,BUY,2026-05-17T18:43:31Z,2023-09-15,2023-09-15,485.74,483.6,485.74,489.82,484.14,486.7,5334300,42.0,0.0,42.0,41491.11,21090.03,0.0,20401.08,104421.81,104462.13,0.2,0.0,0.1953,55.86,0.1172,0.5586,0.55,49.14,-3.6342,-3.8362,0.202,499.2983,472.3347,485.8165,485.8165,491.7322,-0.001315,0.03986,0.10828,,,,,prob_above_buy_threshold,prob_above_buy_threshold,2026-05-15,1.0,2026-05-17T18:43:31Z,4170.15,0.0,-0.121861
ml_xgboost,ML – XGBoost,MSFT,xgboost,xgboost,xgboost,binary,binary-2026-05,D-ml_xgboost-6f697e675490,S-MSFT-xgboost-20230920-8803ce,T-ml_xgboost-4d5d7f221084,SELL,2026-05-17T18:43:31Z,2023-09-20,2023-09-20,329.51,328.65,329.51,329.59,320.51,320.77,21436500,64.0,64.0,0.0,21090.03,42178.67,21088.64,0.0,104199.85,104759.22,0.2,0.2024,0.0,34.58,0.3085,0.3458,0.55,40.55,0.0675,0.7249,-0.6574,339.6624,319.4426,329.5525,329.5525,331.8114,-0.003866,-0.024878,0.029117,364.16,0.017571,28,True,prob_below_sell_threshold,prob_below_sell_threshold,2026-05-15,1.0,2026-05-17T18:43:31Z,4534.31,0.0,-0.121861
ml_xgboost,ML – XGBoost,JNJ,xgboost,xgboost,xgboost,binary,binary-2026-05,D-ml_xgboost-7d8db2716e25,S-JNJ-xgboost-20230928-0f9e5e,T-ml_xgboost-977f34048b84,SELL,2026-05-17T18:43:31Z,2023-09-28,2023-09-28,157.5,157.11,157.5,157.96,156.22,156.88,7861900,128.0,128.0,0.0,42178.67,62338.67,20160.0,0.0,104641.29,104720.65,0.2,0.1927,0.0,44.25,0.1151,0.4425,0.55,31.55,-1.9321,-1.5828,-0.3493,165.0303,156.9567,160.9935,160.9935,166.4204,-0.007203,0.001657,-0.05023,-801.28,-0.038227,15,False,prob_below_sell_threshold,prob_below_sell_threshold,2026-05-15,1.0,2026-05-17T18:43:31Z,3733.03,-0.176715,-0.176715
ml_xgboost,ML – XGBoost,AAPL,xgboost,xgboost,xgboost,binary,binary-2026-05,D-ml_xgboost-cedc1bdd4de3,S-AAPL-xgboost-20231004-f4773d,T-ml_xgboost-cd1851ddad4e,BUY,2026-05-17T18:43:31Z,2023-10-04,2023-10-04,171.09,172.4,171.09,174.21,170.97,173.66,53020300,121.0,0.0,121.0,62338.67,41636.78,0.0,20701.89,104140.41,104451.39,0.2,0.0,0.1982,57.55,0.1511,0.5755,0.55,44.62,-2.3566,-2.3745,0.0179,180.1708,169.6082,174.8895,174.8895,180.0958,0.007198,0.035356,0.001785,,,,,prob_above_buy_threshold,prob_above_buy_threshold,2026-05-15,1.0,2026-05-17T18:43:31Z,3733.03,-0.176715,-0.176715
ml_xgboost,ML – XGBoost,JPM,xgboost,xgboost,xgboost,binary,binary-2026-05,D-ml_xgboost-b9dbd97fef8f,S-JPM-xgboost-20231004-d61ddb,T-ml_xgboost-ab38de11fc0d,SELL,2026-05-17T18:43:31Z,2023-10-04,2023-10-04,143.19,142.71,143.19,143.47,141.93,143.35,8128700,142.0,142.0,0.0,41636.78,61969.76,20332.98,0.0,104140.41,104428.67,0.2,0.1952,0.0,42.16,0.1568,0.4216,0.55,39.12,-1.1892,-0.8979,-0.2913,150.1703,141.9937,146.082,146.082,149.3674,-0.003139,0.019533,-0.030764,-660.3,-0.031453,20,False,prob_below_sell_threshold,prob_below_sell_threshold,2026-05-15,1.0,2026-05-17T18:43:31Z,3072.73,-0.322338,-0.322338
ml_xgboost,ML – XGBoost,MSFT,xgboost,xgboost,xgboost,binary,binary-2026-05,D-ml_xgboost-6efaa1b854e9,S-MSFT-xgboost-20231006-89a1ae,T-ml_xgboost-e238280a2ab2,BUY,2026-05-17T18:43:31Z,2023-10-06,2023-10-06,316.55,319.36,316.55,329.19,316.3,327.26,25673600,66.0,0.0,66.0,61969.76,41077.47,0.0,20892.3,105488.08,106194.94,0.2,0.0,0.1967,63.67,0.2735,0.6367,0.55,54.64,-2.3397,-2.9056,0.5659,339.9945,306.2395,323.117,323.117,325.1824,0.007823,0.001436,0.078042,,,,,prob_above_buy_threshold,prob_above_buy_threshold,2026-05-15,1.0,2026-05-17T18:43:31Z,3072.73,-0.322338,-0.322338
ml_xgboost,ML – XGBoost,JNJ,xgboost,xgboost,xgboost,binary,binary-2026-05,D-ml_xgboost-1dc7fcc4e001,S-JNJ-xgboost-20231006-b0466a,T-ml_xgboost-1627a30ddd82,BUY,2026-05-17T18:43:31Z,2023-10-06,2023-10-06,157.08,157.14,157.08,158.3,156.59,157.64,5802200,134.0,0.0,134.0,41077.47,20028.75,0.0,21048.72,105488.08,106269.98,0.2,0.0,0.1981,56.18,0.1237,0.5618,0.55,40.36,-2.193,-2.1302,-0.0628,165.9013,153.5957,159.7485,159.7485,164.5822,0.005709,-0.005011,-0.039964,,,,,prob_above_buy_threshold,prob_above_buy_threshold,2026-05-15,1.0,2026-05-17T18:43:31Z,3072.73,-0.322338,-0.322338
ml_xgboost,ML – XGBoost,JPM,xgboost,xgboost,xgboost,binary,binary-2026-05,D-ml_xgboost-06ee372d9760,S-JPM-xgboost-20231010-b4335a,T-ml_xgboost-ff2f543cc7a3,BUY,2026-05-17T18:43:31Z,2023-10-10,2023-10-10,145.42,144.77,145.42,146.77,145.28,145.65,11288800,137.0,0.0,137.0,20028.75,106.21,0.0,19922.54,106526.0,106557.51,0.2,0.0,0.187,56.88,0.1375,0.5688,0.55,48.65,-0.9575,-1.0174,0.06,150.1652,142.0058,146.0855,146.0855,148.3628,0.003433,0.012908,-0.01126,,,,,prob_above_buy_threshold,prob_above_buy_threshold,2026-05-15,1.0,2026-05-17T18:43:31Z,3072.73,-0.322338,-0.322338
ml_xgboost,ML – XGBoost,UNH,xgboost,xgboost,xgboost,binary,binary-2026-05,D-ml_xgboost-3b5c1921ea55,S-UNH-xgboost-20231020-9f09a4,T-ml_xgboost-cb5bb0b49c29,SELL,2026-05-17T18:43:31Z,2023-10-20,2023-10-20,531.0,531.63,531.0,534.43,526.77,527.03,2811100,42.0,42.0,0.0,106.21,22408.21,22302.0,0.0,104806.32,104973.06,0.2,0.2128,0.0,42.77,0.1446,0.4277,0.55,59.4,9.8664,9.6606,0.2057,544.1564,497.7107,520.9335,520.9335,502.4848,-0.01036,-0.004497,0.01757,1900.92,0.093177,35,True,prob_below_sell_threshold,prob_below_sell_threshold,2026-05-15,1.0,2026-05-17T18:43:31Z,4973.65,0.0,-0.322338
ml_xgboost,ML – XGBoost,JPM,xgboost,xgboost,xgboost,binary,binary-2026-05,D-ml_xgboost-3a3fb2fe254d,S-JPM-xgboost-20231023-86e2d2,T-ml_xgboost-32a0e25f0e2b,SELL,2026-05-17T18:43:31Z,2023-10-23,2023-10-23,142.94,142.95,142.94,143.68,140.73,141.0,10133400,137.0,137.0,0.0,22408.21,41990.99,19582.78,0.0,104679.59,104945.37,0.2,0.1871,0.0,41.5,0.17,0.415,0.55,34.18,-0.7401,-0.4795,-0.2606,148.7936,141.4124,145.103,145.103,146.5848,0.001206,-0.02539,0.087163,-339.76,-0.017054,13,False,prob_below_sell_threshold,prob_below_sell_threshold,2026-05-15,1.0,2026-05-17T18:43:31Z,4633.89,-0.068312,-0.322338
ml_xgboost,ML – XGBoost,JNJ,xgboost,xgboost,xgboost,binary,binary-2026-05,D-ml_xgboost-0e14781c882b,S-JNJ-xgboost-20231023-e56b36,T-ml_xgboost-dd8ab96b6ac1,SELL,2026-05-17T18:43:31Z,2023-10-23,2023-10-23,152.86,153.0,152.86,153.5,151.21,151.39,5874000,134.0,134.0,0.0,41990.99,62474.23,20483.24,0.0,104679.59,105142.35,0.2,0.1957,0.0,42.12,0.1576,0.4212,0.55,29.21,-2.2314,-1.9346,-0.2968,160.0962,151.7908,155.9435,155.9435,161.0514,-0.001057,-0.0288,-0.009776,-565.48,-0.026865,17,False,prob_below_sell_threshold,prob_below_sell_threshold,2026-05-15,1.0,2026-05-17T18:43:31Z,4068.41,-0.182007,-0.322338
ml_xgboost,ML – XGBoost,AAPL,xgboost,xgboost,xgboost,binary,binary-2026-05,D-ml_xgboost-a02e10248117,S-AAPL-xgboost-20231024-2e2045,T-ml_xgboost-2bbe5444aede,SELL,2026-05-17T18:43:31Z,2023-10-24,2023-10-24,173.05,173.0,173.05,173.67,171.45,173.44,43816600,121.0,121.0,0.0,62474.23,83413.28,20939.05,0.0,105275.45,105228.26,0.2,0.1989,0.0,43.05,0.139,0.4305,0.55,42.01,-0.7957,-0.5016,-0.2942,181.6386,169.1384,175.3885,175.3885,177.3402,-0.013492,-0.015394,0.09917,237.16,0.011456,20,True,prob_below_sell_threshold,prob_below_sell_threshold,2026-05-15,1.0,2026-05-17T18:43:31Z,4305.57,-0.134324,-0.322338
ml_xgboost,ML – XGBoost,AAPL,xgboost,xgboost,xgboost,binary,binary-2026-05,D-ml_xgboost-f7028b92b5e7,S-AAPL-xgboost-20231102-fb0575,T-ml_xgboost-55824c690c57,BUY,2026-05-17T18:43:31Z,2023-11-02,2023-11-02,175.52,173.97,175.52,177.78,175.46,177.57,77334800,121.0,0.0,121.0,83413.28,62175.36,0.0,21237.92,106402.4,106650.45,0.2,0.0,0.1991,62.16,0.2433,0.6216,0.55,56.67,-1.1361,-1.3773,0.2412,182.8387,167.1143,174.9765,174.9765,176.5824,-0.005181,0.027257,0.076984,,,,,prob_above_buy_threshold,prob_above_buy_threshold,2026-05-15,1.0,2026-05-17T18:43:31Z,4305.57,-0.134324,-0.322338
ml_xgboost,ML – XGBoost,JPM,xgboost,xgboost,xgboost,binary,binary-2026-05,D-ml_xgboost-aebb2c244023,S-JPM-xgboost-20231103-516ffc,T-ml_xgboost-87d6c75e5efe,BUY,2026-05-17T18:43:31Z,2023-11-03,2023-11-03,142.19,141.42,142.19,143.77,141.85,143.0,9538700,150.0,0.0,150.0,62175.36,40846.86,0.0,21328.5,106834.8,106956.3,0.2,0.0,0.1994,58.08,0.1615,0.5808,0.55,50.43,-1.6052,-1.6352,0.03,149.9934,135.8836,142.9385,142.9385,144.865,0.007552,0.023986,0.104825,,,,,prob_above_buy_threshold,prob_above_buy_threshold,2026-05-15,1.0,2026-05-17T18:43:31Z,4305.57,-0.134324,-0.322338
ml_xgboost,ML – XGBoost,JNJ,xgboost,xgboost,xgboost,binary,binary-2026-05,D-ml_xgboost-af6c4df1c4ba,S-JNJ-xgboost-20231103-d0870f,T-ml_xgboost-fd1b9a37cefa,BUY,2026-05-17T18:43:31Z,2023-11-03,2023-11-03,151.21,150.24,151.21,152.27,150.15,151.34,4926800,141.0,0.0,141.0,40846.86,19526.24,0.0,21320.61,106834.8,106974.63,0.2,0.0,0.1993,68.54,0.3708,0.6854,0.55,43.73,-2.5938,-2.7326,0.1388,160.207,145.029,152.618,152.618,157.347,0.002379,-0.027025,0.049822,,,,,prob_above_buy_threshold,prob_above_buy_threshold,2026-05-15,1.0,2026-05-17T18:43:31Z,4305.57,-0.134324,-0.322338
ml_xgboost,ML – XGBoost,MSFT,xgboost,xgboost,xgboost,binary,binary-2026-05,D-ml_xgboost-6c81789e1056,S-MSFT-xgboost-20231128-373e02,T-ml_xgboost-9d441133c01b,SELL,2026-05-17T18:43:31Z,2023-11-28,2023-11-28,378.35,378.61,378.35,383.0,378.16,382.7,20453100,66.0,66.0,0.0,19526.24,44497.34,24971.1,0.0,112233.67,111946.57,0.2,0.2225,0.0,43.2,0.136,0.432,0.55,71.06,11.2667,10.8401,0.4267,389.7425,341.8235,365.783,365.783,341.442,-0.01006,-0.026601,-0.02255,4078.8,0.19523,53,True,prob_below_sell_threshold,prob_below_sell_threshold,2026-05-15,1.0,2026-05-17T18:43:31Z,8384.37,0.0,-0.322338
ml_xgboost,ML – XGBoost,AAPL,xgboost,xgboost,xgboost,binary,binary-2026-05,D-ml_xgboost-8a70990f9f84,S-AAPL-xgboost-20231129-359aec,T-ml_xgboost-cd7edb938868,SELL,2026-05-17T18:43:31Z,2023-11-29,2023-11-29,190.9,190.4,190.9,192.09,188.97,189.37,43014200,121.0,121.0,0.0,44497.34,67596.24,23098.9,0.0,112006.63,112191.76,0.2,0.2062,0.0,43.59,0.1283,0.4359,0.55,63.81,3.699,3.564,0.135,196.2811,175.0709,185.676,185.676,178.8162,0.003063,0.015578,0.022232,1860.98,0.087625,27,True,prob_below_sell_threshold,prob_below_sell_threshold,2026-05-15,1.0,2026-05-17T18:43:31Z,10245.35,0.0,-0.322338
ml_xgboost,ML – XGBoost,JPM,xgboost,xgboost,xgboost,binary,binary-2026-05,D-ml_xgboost-dc54290715eb,S-JPM-xgboost-20231211-a0c404,T-ml_xgboost-c3340ba83bf6,SELL,2026-05-17T18:43:31Z,2023-12-11,2023-12-11,158.52,158.52,158.52,159.3,158.15,159.1,8093900,150.0,150.0,0.0,67596.24,91374.24,23778.0,0.0,113324.7,113237.7,0.2,0.2098,0.0,43.45,0.1309,0.4345,0.55,75.33,3.2572,3.0303,0.2268,160.8998,147.3012,154.1005,154.1005,147.6428,0.008925,0.044815,0.074921,2449.5,0.114846,38,True,prob_below_sell_threshold,prob_below_sell_threshold,2026-05-15,1.0,2026-05-17T18:43:31Z,12694.85,0.0,-0.322338
ml_xgboost,ML – XGBoost,JPM,xgboost,xgboost,xgboost,binary,binary-2026-05,D-ml_xgboost-9afc699f2071,S-JPM-xgboost-20231214-e67ba6,T-ml_xgboost-8c7bca8fcbaa,BUY,2026-05-17T18:43:31Z,2023-12-14,2023-12-14,161.83,161.06,161.83,164.84,161.71,163.99,13643000,140.0,0.0,140.0,91374.24,68718.04,0.0,22656.2,113492.91,113795.31,0.2,0.0,0.1991,55.82,0.1165,0.5582,0.55,82.69,3.7269,3.2818,0.4451,162.6886,149.6734,156.181,156.181,148.7576,0.007561,0.021404,0.024392,,,,,prob_above_buy_threshold,prob_above_buy_threshold,2026-05-15,1.0,2026-05-17T18:43:31Z,12694.85,0.0,-0.322338
ml_xgboost,ML – XGBoost,JNJ,xgboost,xgboost,xgboost,binary,binary-2026-05,D-ml_xgboost-41153aeb793e,S-JNJ-xgboost-20231220-1683d8,T-ml_xgboost-addd56cd32d9,SELL,2026-05-17T18:43:31Z,2023-12-20,2023-12-20,156.54,156.46,156.54,156.66,153.11,153.27,7008300,141.0,141.0,0.0,68718.04,90790.18,22072.14,0.0,113646.12,114107.18,0.2,0.1942,0.0,37.66,0.2468,0.3766,0.55,46.71,0.8117,0.9867,-0.1749,159.586,150.251,154.9185,154.9185,152.5292,0.010243,0.021596,0.060025,751.53,0.035249,47,True,prob_below_sell_threshold,prob_below_sell_threshold,2026-05-15,1.0,2026-05-17T18:43:31Z,13446.38,0.0,-0.322338
ml_xgboost,ML – XGBoost,JPM,xgboost,xgboost,xgboost,binary,binary-2026-05,D-ml_xgboost-ef5a52325a52,S-JPM-xgboost-20231227-58eeb8,T-ml_xgboost-405907b1eb64,SELL,2026-05-17T18:43:31Z,2023-12-27,2023-12-27,167.84,168.39,167.84,169.47,167.58,169.4,6428600,140.0,140.0,0.0,90790.18,114287.78,23497.6,0.0,114506.18,114287.78,0.2,0.2052,0.0,42.98,0.1405,0.4298,0.55,80.98,4.6972,4.3711,0.326,171.7868,152.0772,161.932,161.932,152.216,0.005313,0.011865,0.017001,841.4,0.037138,13,True,prob_below_sell_threshold,prob_below_sell_threshold,2026-05-15,1.0,2026-05-17T18:43:31Z,14287.78,0.0,-0.322338
ml_xgboost,ML – XGBoost,JNJ,xgboost,xgboost,xgboost,binary,binary-2026-05,D-ml_xgboost-47d42f8468b2,S-JNJ-xgboost-20240102-bb7c43,T-ml_xgboost-2d4e7cf015bb,BUY,2026-05-17T18:43:31Z,2024-01-02,2024-01-02,156.93,156.74,156.93,161.64,156.79,159.97,9622100,145.0,0.0,145.0,114287.78,91532.93,0.0,22754.85,114287.78,114728.58,0.2,0.0,0.1983,57.75,0.1549,0.5775,0.55,66.37,1.1003,0.885,0.2153,159.2267,153.0803,156.1535,156.1535,152.6902,0.006251,0.010377,-0.006689,,,,,prob_above_buy_threshold,prob_above_buy_threshold,2026-05-15,1.0,2026-05-17T18:43:31Z,14287.78,0.0,-0.322338
ml_xgboost,ML – XGBoost,UNH,xgboost,xgboost,xgboost,binary,binary-2026-05,D-ml_xgboost-dd13f8e4ea53,S-UNH-xgboost-20240103-51f324,T-ml_xgboost-ec7b8282e6fe,BUY,2026-05-17T18:43:31Z,2024-01-03,2024-01-03,543.04,539.34,543.04,546.79,539.48,542.03,2891400,42.0,0.0,42.0,91532.93,68725.26,0.0,22807.68,114873.58,114831.17,0.2,0.0,0.1986,70.6,0.4119,0.706,0.55,58.42,-1.9888,-2.9453,0.9565,558.0397,510.3473,534.1935,534.1935,535.9338,0.006254,-0.008099,-0.064369,,,,,prob_above_buy_threshold,prob_above_buy_threshold,2026-05-15,1.0,2026-05-17T18:43:31Z,14287.78,0.0,-0.322338
ml_xgboost,ML – XGBoost,MSFT,xgboost,xgboost,xgboost,binary,binary-2026-05,D-ml_xgboost-b4ebaec7b081,S-MSFT-xgboost-20240111-48cd8d,T-ml_xgboost-4a04c0adde7e,BUY,2026-05-17T18:43:31Z,2024-01-11,2024-01-11,386.0,382.77,386.0,390.68,380.38,384.63,27850800,59.0,0.0,59.0,68725.26,45951.26,0.0,22774.0,114758.56,114677.73,0.2,0.0,0.1986,57.4,0.148,0.574,0.55,65.99,2.6742,1.9818,0.6924,382.2908,364.7862,373.5385,373.5385,370.4004,0.009984,0.036503,0.093388,,,,,prob_above_buy_threshold,prob_above_buy_threshold,2026-05-15,1.0,2026-05-17T18:43:31Z,14287.78,0.0,-0.322338
ml_xgboost,ML – XGBoost,UNH,xgboost,xgboost,xgboost,binary,binary-2026-05,D-ml_xgboost-9428dd29edaa,S-UNH-xgboost-20240116-b4a434,T-ml_xgboost-ff6352c20896,SELL,2026-05-17T18:43:31Z,2024-01-16,2024-01-16,523.71,521.51,523.71,524.5,516.55,519.15,3736700,42.0,42.0,0.0,45951.26,67947.08,21995.82,0.0,114056.89,114248.41,0.2,0.1928,0.0,34.12,0.3176,0.3412,0.55,37.89,-1.5849,-0.7704,-0.8145,547.3721,511.5339,529.453,529.453,536.9082,0.011153,-0.006992,-0.00443,-811.86,-0.035596,13,False,prob_below_sell_threshold,prob_below_sell_threshold,2026-05-15,1.0,2026-05-17T18:43:31Z,13475.92,-0.056822,-0.322338
ml_xgboost,ML – XGBoost,JNJ,xgboost,xgboost,xgboost,binary,binary-2026-05,D-ml_xgboost-6e084a9adb78,S-JNJ-xgboost-20240117-08395e,T-ml_xgboost-7191cf3ea75b,SELL,2026-05-17T18:43:31Z,2024-01-17,2024-01-17,160.25,160.52,160.25,161.3,159.87,160.43,5072100,145.0,145.0,0.0,67947.08,91183.33,23236.25,0.0,114188.16,114162.06,0.2,0.2035,0.0,42.81,0.1439,0.4281,0.55,58.92,1.7967,1.782,0.0147,164.3299,153.0201,158.675,158.675,155.0134,0.004862,-0.009163,-0.029234,481.4,0.021156,15,True,prob_below_sell_threshold,prob_below_sell_threshold,2026-05-15,1.0,2026-05-17T18:43:31Z,13957.32,-0.023129,-0.322338
ml_xgboost,ML – XGBoost,AAPL,xgboost,xgboost,xgboost,binary,binary-2026-05,D-ml_xgboost-860a5b3a6643,S-AAPL-xgboost-20240119-5498dd,T-ml_xgboost-0e124cc24fe2,BUY,2026-05-17T18:43:31Z,2024-01-19,2024-01-19,189.33,188.63,189.33,191.95,188.82,191.56,68903000,121.0,0.0,121.0,91183.33,68274.4,0.0,22908.93,114704.86,114974.69,0.2,0.0,0.1993,56.32,0.1263,0.5632,0.55,56.96,-1.0257,-1.2283,0.2025,197.2975,179.0325,188.165,188.165,189.802,0.012163,0.004489,-0.048288,,,,,prob_above_buy_threshold,prob_above_buy_threshold,2026-05-15,1.0,2026-05-17T18:43:31Z,13957.32,-0.023129,-0.322338
ml_xgboost,ML – XGBoost,AAPL,xgboost,xgboost,xgboost,binary,binary-2026-05,D-ml_xgboost-2d60c5bb870c,S-AAPL-xgboost-20240201-46ccd8,T-ml_xgboost-735b0bc910db,SELL,2026-05-17T18:43:31Z,2024-02-01,2024-02-01,183.99,184.4,183.99,186.95,183.82,186.86,64885400,121.0,121.0,0.0,68274.4,90537.19,22262.79,0.0,114707.48,114360.21,0.2,0.1941,0.0,38.12,0.2377,0.3812,0.55,45.07,-0.1376,0.1602,-0.2978,196.7437,179.1743,187.959,187.959,190.7624,-0.005405,0.007813,-0.038532,-646.14,-0.028205,13,False,prob_below_sell_threshold,prob_below_sell_threshold,2026-05-15,1.0,2026-05-17T18:43:31Z,13311.18,-0.068352,-0.322338
ml_xgboost,ML – XGBoost,MSFT,xgboost,xgboost,xgboost,binary,binary-2026-05,D-ml_xgboost-0e01dd8d2b70,S-MSFT-xgboost-20240205-963d48,T-ml_xgboost-c529f49ee81e,SELL,2026-05-17T18:43:31Z,2024-02-05,2024-02-05,409.9,411.22,409.9,411.16,403.99,405.65,25352300,59.0,59.0,0.0,90537.19,114721.29,24184.1,0.0,114470.54,114721.29,0.2,0.2113,0.0,44.18,0.1163,0.4418,0.55,61.99,8.263,8.004,0.2589,417.2551,374.9389,396.097,396.097,382.5002,-0.000394,0.02369,-0.007396,1410.1,0.061917,25,True,prob_below_sell_threshold,prob_below_sell_threshold,2026-05-15,1.0,2026-05-17T18:43:31Z,14721.28,0.0,-0.322338
ml_xgboost,ML – XGBoost,UNH,xgboost,xgboost,xgboost,binary,binary-2026-05,D-ml_xgboost-4f55edecdad9,S-UNH-xgboost-20240206-88ff28,T-ml_xgboost-77e9617fd30e,BUY,2026-05-17T18:43:31Z,2024-02-06,2024-02-06,503.94,502.96,503.94,510.94,502.45,510.67,2745400,45.0,0.0,45.0,114721.29,92043.99,0.0,22677.3,114721.29,115024.14,0.2,0.0,0.1972,62.73,0.2545,0.6273,0.55,46.27,-6.371,-6.7107,0.3398,539.2822,489.7598,514.521,514.521,528.1644,0.017076,0.012102,-0.074549,,,,,prob_above_buy_threshold,prob_above_buy_threshold,2026-05-15,1.0,2026-05-17T18:43:31Z,14721.28,0.0,-0.322338
ml_xgboost,ML – XGBoost,JPM,xgboost,xgboost,xgboost,binary,binary-2026-05,D-ml_xgboost-efdf8e40f96a,S-JPM-xgboost-20240221-291701,T-ml_xgboost-ee8684223373,BUY,2026-05-17T18:43:31Z,2024-02-21,2024-02-21,179.95,179.73,179.95,180.99,178.52,180.9,7024000,128.0,0.0,128.0,92043.99,69010.39,0.0,23033.6,115532.63,115654.23,0.2,0.0,0.1992,60.15,0.2031,0.6015,0.55,71.61,2.7169,2.4036,0.3133,180.642,170.157,175.3995,175.3995,170.8556,0.011996,0.019237,0.085296,,,,,prob_above_buy_threshold,prob_above_buy_threshold,2026-05-15,1.0,2026-05-17T18:43:31Z,14721.28,0.0,-0.322338
ml_xgboost,ML – XGBoost,JNJ,xgboost,xgboost,xgboost,binary,binary-2026-05,D-ml_xgboost-ec0ce301d667,S-JNJ-xgboost-20240222-39de69,T-ml_xgboost-23869a0b26d2,BUY,2026-05-17T18:43:31Z,2024-02-22,2024-02-22,158.98,158.68,158.98,160.74,157.77,160.45,8065000,146.0,0.0,146.0,69010.39,45799.31,0.0,23211.08,116135.85,116350.47,0.2,0.0,0.1995,63.74,0.2747,0.6374,0.55,58.32,-0.0787,-0.303,0.2243,160.5138,155.2442,157.879,157.879,158.2632,0.008663,0.005796,-0.029293,,,,,prob_above_buy_threshold,prob_above_buy_threshold,2026-05-15,1.0,2026-05-17T18:43:31Z,14721.28,0.0,-0.322338
ml_xgboost,ML – XGBoost,UNH,xgboost,xgboost,xgboost,binary,binary-2026-05,D-ml_xgboost-34cd61e60d9f,S-UNH-xgboost-20240228-6ca730,T-ml_xgboost-c165b398daf0,SELL,2026-05-17T18:43:31Z,2024-02-28,2024-02-28,495.44,513.42,495.44,498.55,484.39,498.28,9558600,45.0,45.0,0.0,45799.31,68094.11,22294.8,0.0,115408.85,115281.05,0.2,0.1932,0.0,44.29,0.1143,0.4429,0.55,34.4,-0.959,-0.2632,-0.6958,531.388,501.421,516.4045,516.4045,520.1696,-0.009392,-0.051537,-0.010396,-382.5,-0.016867,22,False,prob_below_sell_threshold,prob_below_sell_threshold,2026-05-15,1.0,2026-05-17T18:43:31Z,14338.78,-0.025983,-0.322338
ml_xgboost,ML – XGBoost,JNJ,xgboost,xgboost,xgboost,binary,binary-2026-05,D-ml_xgboost-7be97d56d575,S-JNJ-xgboost-20240307-347d58,T-ml_xgboost-df89556d907b,SELL,2026-05-17T18:43:31Z,2024-03-07,2024-03-07,160.0,159.34,160.0,160.36,158.24,158.87,5188700,146.0,146.0,0.0,68094.11,91454.11,23360.0,0.0,115336.49,115501.47,0.2,0.2025,0.0,43.33,0.1334,0.4333,0.55,47.93,0.455,0.5203,-0.0652,163.0575,155.0785,159.068,159.068,159.3284,0.004091,0.00214,-0.040788,148.92,0.006416,14,True,prob_below_sell_threshold,prob_below_sell_threshold,2026-05-15,1.0,2026-05-17T18:43:31Z,14487.7,-0.015867,-0.322338
ml_xgboost,ML – XGBoost,JPM,xgboost,xgboost,xgboost,binary,binary-2026-05,D-ml_xgboost-5eda23aafeaa,S-JPM-xgboost-20240311-0c3ada,T-ml_xgboost-0b26e4d665c1,SELL,2026-05-17T18:43:31Z,2024-03-11,2024-03-11,187.28,188.22,187.28,188.44,186.22,188.29,5762600,128.0,128.0,0.0,91454.11,115425.95,23971.84,0.0,115555.23,115425.95,0.2,0.2074,0.0,42.2,0.156,0.422,0.55,73.09,3.8931,3.7652,0.1279,192.1666,174.2684,183.2175,183.2175,176.3836,0.008232,0.023209,0.047055,938.24,0.040734,19,True,prob_below_sell_threshold,prob_below_sell_threshold,2026-05-15,1.0,2026-05-17T18:43:31Z,15425.94,0.0,-0.322338
ml_xgboost,ML – XGBoost,JNJ,xgboost,xgboost,xgboost,binary,binary-2026-05,D-ml_xgboost-d7903cc87da3,S-JNJ-xgboost-20240312-1330aa,T-ml_xgboost-aef493f9040c,BUY,2026-05-17T18:43:31Z,2024-03-12,2024-03-12,161.58,161.23,161.58,163.11,161.13,162.74,8018700,142.0,0.0,142.0,115425.95,92481.59,0.0,22944.36,115425.95,115590.67,0.2,0.0,0.1985,56.38,0.1276,0.5638,0.55,61.75,0.6631,0.5266,0.1364,163.5965,155.7875,159.692,159.692,159.6168,-0.010077,-0.040125,-0.077055,,,,,prob_above_buy_threshold,prob_above_buy_threshold,2026-05-15,1.0,2026-05-17T18:43:31Z,15425.94,0.0,-0.322338
ml_xgboost,ML – XGBoost,MSFT,xgboost,xgboost,xgboost,binary,binary-2026-05,D-ml_xgboost-b59c267aac7f,S-MSFT-xgboost-20240314-b55066,T-ml_xgboost-6a77757f60ff,BUY,2026-05-17T18:43:31Z,2024-03-14,2024-03-14,420.24,415.1,420.24,427.82,417.99,425.22,34157300,54.0,0.0,54.0,92481.59,69788.63,0.0,22692.96,115089.41,115358.33,0.2,0.0,0.1967,60.73,0.2147,0.6073,0.55,65.13,3.4552,2.7749,0.6803,420.9238,397.5362,409.23,409.23,401.962,-0.020695,0.00976,-0.007808,,,,,prob_above_buy_threshold,prob_above_buy_threshold,2026-05-15,1.0,2026-05-17T18:43:31Z,15425.94,0.0,-0.322338
ml_xgboost,ML – XGBoost,UNH,xgboost,xgboost,xgboost,binary,binary-2026-05,D-ml_xgboost-1d1c2e5374c4,S-UNH-xgboost-20240314-284bc3,T-ml_xgboost-128ab311aedb,BUY,2026-05-17T18:43:31Z,2024-03-14,2024-03-14,488.72,488.0,488.72,489.68,485.19,489.0,3378500,47.0,0.0,47.0,69788.63,46818.79,0.0,22969.84,115089.41,115371.49,0.2,0.0,0.1991,56.62,0.1324,0.5662,0.55,41.35,-8.6628,-8.4433,-0.2195,538.7269,461.0551,499.891,499.891,511.1744,0.003722,0.005501,-0.10184,,,,,prob_above_buy_threshold,prob_above_buy_threshold,2026-05-15,1.0,2026-05-17T18:43:31Z,15425.94,0.0,-0.322338
ml_xgboost,ML – XGBoost,AAPL,xgboost,xgboost,xgboost,binary,binary-2026-05,D-ml_xgboost-cd6cfb971fa3,S-AAPL-xgboost-20240315-af2136,T-ml_xgboost-065e8689a61f,BUY,2026-05-17T18:43:31Z,2024-03-15,2024-03-15,171.17,173.0,171.17,172.62,170.29,172.62,121752700,134.0,0.0,134.0,46818.79,23882.01,0.0,22936.78,114835.57,115029.87,0.2,0.0,0.1994,60.0,0.1999,0.6,0.55,36.96,-3.7937,-3.7446,-0.0491,187.4428,166.1072,176.775,176.775,183.2858,0.006372,-0.00197,0.000406,,,,,prob_above_buy_threshold,prob_above_buy_threshold,2026-05-15,1.0,2026-05-17T18:43:31Z,15425.94,0.0,-0.322338
ml_xgboost,ML – XGBoost,JNJ,xgboost,xgboost,xgboost,binary,binary-2026-05,D-ml_xgboost-6397c0f3b4b5,S-JNJ-xgboost-20240315-4ff1d1,T-ml_xgboost-68c1a761acd5,SELL,2026-05-17T18:43:31Z,2024-03-15,2024-03-15,158.06,159.21,158.06,159.19,157.1,158.18,13165500,142.0,142.0,0.0,23882.01,46326.53,22444.52,0.0,114835.57,115012.83,0.2,0.1954,0.0,33.88,0.3225,0.3388,0.55,44.73,0.3025,0.4975,-0.1949,163.2114,157.0086,160.11,160.11,159.633,-0.008977,-0.01865,-0.066949,-499.84,-0.021785,3,False,prob_below_sell_threshold,prob_below_sell_threshold,2026-05-15,1.0,2026-05-17T18:43:31Z,14926.1,-0.032403,-0.322338
ml_xgboost,ML – XGBoost,JPM,xgboost,xgboost,xgboost,binary,binary-2026-05,D-ml_xgboost-8c718b1f1d37,S-JPM-xgboost-20240320-d0a497,T-ml_xgboost-a4ca39cc9bae,BUY,2026-05-17T18:43:31Z,2024-03-20,2024-03-20,194.19,193.79,194.19,196.56,193.61,196.33,9367000,119.0,0.0,119.0,46326.53,23217.92,0.0,23108.61,116459.54,116714.2,0.2,0.0,0.198,58.84,0.1768,0.5884,0.55,76.5,4.1963,3.8989,0.2974,195.2065,180.8945,188.0505,188.0505,179.2388,0.013905,0.016248,-0.076809,,,,,prob_above_buy_threshold,prob_above_buy_threshold,2026-05-15,1.0,2026-05-17T18:43:31Z,14926.1,-0.032403,-0.322338
ml_xgboost,ML – XGBoost,MSFT,xgboost,xgboost,xgboost,binary,binary-2026-05,D-ml_xgboost-ae6f1d3ddd90,S-MSFT-xgboost-20240328-aab3a9,T-ml_xgboost-076966a66653,SELL,2026-05-17T18:43:31Z,2024-03-28,2024-03-28,420.96,421.43,420.96,421.87,419.12,420.72,21871200,54.0,54.0,0.0,23217.92,45949.76,22731.84,0.0,116001.72,116014.68,0.2,0.196,0.0,39.65,0.2069,0.3965,0.55,55.42,4.5454,4.6667,-0.1213,432.974,400.605,416.7895,416.7895,410.6174,0.009151,0.011409,-0.034227,38.88,0.001713,14,True,prob_below_sell_threshold,prob_below_sell_threshold,2026-05-15,1.0,2026-05-17T18:43:31Z,14964.98,-0.029882,-0.322338
ml_xgboost,ML – XGBoost,JPM,xgboost,xgboost,xgboost,binary,binary-2026-05,D-ml_xgboost-03e56daf3a26,S-JPM-xgboost-20240402-c92de8,T-ml_xgboost-74258862765f,SELL,2026-05-17T18:43:31Z,2024-04-02,2024-04-02,198.39,198.94,198.39,199.78,198.08,198.86,7014700,119.0,119.0,0.0,45949.76,69558.17,23608.41,0.0,113771.24,113715.31,0.2,0.2075,0.0,44.96,0.1008,0.4496,0.55,68.4,4.5235,4.4409,0.0826,202.1761,184.6819,193.429,193.429,183.839,-0.002816,-0.008599,-0.035804,499.8,0.021628,13,True,prob_below_sell_threshold,prob_below_sell_threshold,2026-05-15,1.0,2026-05-17T18:43:31Z,15464.78,0.0,-0.322338
ml_xgboost,ML – XGBoost,JNJ,xgboost,xgboost,xgboost,binary,binary-2026-05,D-ml_xgboost-cb4e3e544068,S-JNJ-xgboost-20240402-7e4cf1,T-ml_xgboost-b8956e4a99f1,BUY,2026-05-17T18:43:31Z,2024-04-02,2024-04-02,156.57,157.78,156.57,157.83,155.95,157.73,6102300,145.0,0.0,145.0,69558.17,46855.52,0.0,22702.65,113771.24,113883.5,0.2,0.0,0.1993,56.16,0.1232,0.5616,0.55,48.49,-0.5637,-0.5961,0.0324,162.3162,153.9358,158.126,158.126,158.5968,-0.022,-0.034489,-0.083307,,,,,prob_above_buy_threshold,prob_above_buy_threshold,2026-05-15,1.0,2026-05-17T18:43:31Z,15464.78,0.0,-0.322338
ml_xgboost,ML – XGBoost,UNH,xgboost,xgboost,xgboost,binary,binary-2026-05,D-ml_xgboost-f208e57553c5,S-UNH-xgboost-20240403-3eba36,T-ml_xgboost-8b14119e3487,SELL,2026-05-17T18:43:31Z,2024-04-03,2024-04-03,462.0,458.14,462.0,462.85,455.55,459.74,4460400,47.0,47.0,0.0,46855.52,68569.52,21714.0,0.0,113564.09,113670.31,0.2,0.1912,0.0,29.12,0.4176,0.2912,0.55,28.79,-7.3184,-5.4113,-1.9072,506.1014,464.3186,485.21,485.21,500.0788,-0.009484,-0.021077,0.053008,-1255.84,-0.054673,20,False,prob_below_sell_threshold,prob_below_sell_threshold,2026-05-15,1.0,2026-05-17T18:43:31Z,14208.94,-0.081206,-0.322338
ml_xgboost,ML – XGBoost,JNJ,xgboost,xgboost,xgboost,binary,binary-2026-05,D-ml_xgboost-7e147791c794,S-JNJ-xgboost-20240404-730205,T-ml_xgboost-5991aca6fa87,SELL,2026-05-17T18:43:31Z,2024-04-04,2024-04-04,155.31,154.26,155.31,155.5,152.41,152.5,6947400,145.0,145.0,0.0,68569.52,91089.46,22519.95,0.0,113303.9,113711.35,0.2,0.1988,0.0,29.43,0.4115,0.2943,0.55,31.88,-1.0749,-0.7207,-0.3542,162.4308,152.5662,157.4985,157.4985,158.2864,-0.000721,-0.024328,-0.016918,-182.7,-0.008048,2,False,prob_below_sell_threshold,prob_below_sell_threshold,2026-05-15,1.0,2026-05-17T18:43:31Z,14026.24,-0.09302,-0.322338
ml_xgboost,ML – XGBoost,UNH,xgboost,xgboost,xgboost,binary,binary-2026-05,D-ml_xgboost-228af3c2b3fd,S-UNH-xgboost-20240417-4577d3,T-ml_xgboost-61cc14e26d50,BUY,2026-05-17T18:43:31Z,2024-04-17,2024-04-17,478.6,468.89,478.6,488.0,474.59,478.99,8759800,47.0,0.0,47.0,91089.46,68595.26,0.0,22494.2,113601.46,113619.79,0.2,0.0,0.198,75.59,0.5118,0.7559,0.55,53.98,-9.385,-10.9429,1.5579,508.8488,431.2392,470.044,470.044,489.7938,0.029625,0.017349,0.080503,,,,,prob_above_buy_threshold,prob_above_buy_threshold,2026-05-15,1.0,2026-05-17T18:43:31Z,14026.24,-0.09302,-0.322338
ml_xgboost,ML – XGBoost,AAPL,xgboost,xgboost,xgboost,binary,binary-2026-05,D-ml_xgboost-33bf0232bce3,S-AAPL-xgboost-20240419-900f54,T-ml_xgboost-d46913c4ef10,SELL,2026-05-17T18:43:31Z,2024-04-19,2024-04-19,166.21,167.04,166.21,166.4,164.08,165.0,68149400,134.0,134.0,0.0,68595.26,90867.41,22272.14,0.0,114258.37,114420.52,0.2,0.1949,0.0,41.72,0.1656,0.4172,0.55,37.89,-1.8783,-1.7203,-0.158,175.5452,164.8698,170.2075,170.2075,175.1372,0.005091,0.026061,0.150727,-664.64,-0.028977,35,False,prob_below_sell_threshold,prob_below_sell_threshold,2026-05-15,1.0,2026-05-17T18:43:31Z,13361.6,-0.135998,-0.322338
ml_xgboost,ML – XGBoost,JNJ,xgboost,xgboost,xgboost,binary,binary-2026-05,D-ml_xgboost-eb90fb5026b4,S-JNJ-xgboost-20240423-c2600a,T-ml_xgboost-20d411eb3ac4,BUY,2026-05-17T18:43:31Z,2024-04-23,2024-04-23,149.86,149.12,149.86,150.49,148.2,149.56,10110400,151.0,0.0,151.0,90867.41,68238.55,0.0,22628.86,113717.87,113672.56,0.2,0.0,0.1991,64.08,0.2815,0.6408,0.55,42.42,-2.6195,-2.6695,0.05,160.0566,142.5544,151.3055,151.3055,155.8244,-0.006887,-0.033231,0.011233,,,,,prob_above_buy_threshold,prob_above_buy_threshold,2026-05-15,1.0,2026-05-17T18:43:31Z,13361.6,-0.135998,-0.322338
ml_xgboost,ML – XGBoost,AAPL,xgboost,xgboost,xgboost,binary,binary-2026-05,D-ml_xgboost-32053fe70285,S-AAPL-xgboost-20240425-999838,T-ml_xgboost-fc569d90fb29,BUY,2026-05-17T18:43:31Z,2024-04-25,2024-04-25,169.53,169.02,169.53,170.61,168.15,169.89,50558300,134.0,0.0,134.0,68238.55,45521.53,0.0,22717.02,113619.79,113668.03,0.2,0.0,0.1999,65.24,0.3049,0.6524,0.55,48.48,-1.6234,-1.7957,0.1723,174.9394,164.0256,169.4825,169.4825,173.583,-0.003473,0.018483,0.100006,,,,,prob_above_buy_threshold,prob_above_buy_threshold,2026-05-15,1.0,2026-05-17T18:43:31Z,13361.6,-0.135998,-0.322338
ml_xgboost,ML – XGBoost,JPM,xgboost,xgboost,xgboost,binary,binary-2026-05,D-ml_xgboost-cad3cca2787e,S-JPM-xgboost-20240425-bcbc4c,T-ml_xgboost-df3c242dcbac,BUY,2026-05-17T18:43:31Z,2024-04-25,2024-04-25,192.25,193.08,192.25,193.94,191.18,193.37,9802300,118.0,0.0,118.0,45521.53,22836.03,0.0,22685.5,113619.79,113800.19,0.2,0.0,0.1993,59.58,0.1916,0.5958,0.55,56.0,-0.3742,-0.4799,0.1057,205.5786,178.1854,191.882,191.882,189.5992,0.000621,-0.008843,0.018359,,,,,prob_above_buy_threshold,prob_above_buy_threshold,2026-05-15,1.0,2026-05-17T18:43:31Z,13361.6,-0.135998,-0.322338
ml_xgboost,ML – XGBoost,MSFT,xgboost,xgboost,xgboost,binary,binary-2026-05,D-ml_xgboost-b6a7a5c54b5b,S-MSFT-xgboost-20240506-f71d8b,T-ml_xgboost-72408448fa27,BUY,2026-05-17T18:43:31Z,2024-05-06,2024-05-06,408.76,406.66,408.76,413.93,406.37,413.54,16996600,55.0,0.0,55.0,22836.03,354.23,0.0,22481.8,115512.61,115775.51,0.2,0.0,0.1942,59.0,0.18,0.59,0.55,53.53,-3.695,-4.019,0.3239,429.2848,387.7482,408.5165,408.5165,413.539,-0.010156,0.000435,0.006118,,,,,prob_above_buy_threshold,prob_above_buy_threshold,2026-05-15,1.0,2026-05-17T18:43:31Z,13361.6,-0.135998,-0.322338
ml_xgboost,ML – XGBoost,JPM,xgboost,xgboost,xgboost,binary,binary-2026-05,D-ml_xgboost-f61c741f4f88,S-JPM-xgboost-20240523-2909cf,T-ml_xgboost-394136de7791,SELL,2026-05-17T18:43:31Z,2024-05-23,2024-05-23,197.81,198.31,197.81,198.3,196.07,196.92,8069400,118.0,118.0,0.0,354.23,23695.8,23341.58,0.0,119013.42,119118.44,0.2,0.1961,0.0,40.0,0.2001,0.4,0.55,51.91,2.1041,2.2088,-0.1047,204.7952,188.0198,196.4075,196.4075,194.2518,0.019246,0.028997,0.009953,656.08,0.028921,28,True,prob_below_sell_threshold,prob_below_sell_threshold,2026-05-15,1.0,2026-05-17T18:43:31Z,14017.68,-0.093574,-0.322338
ml_xgboost,ML – XGBoost,UNH,xgboost,xgboost,xgboost,binary,binary-2026-05,D-ml_xgboost-b8fd69b37bcd,S-UNH-xgboost-20240524-2921f8,T-ml_xgboost-6b352f8f669c,SELL,2026-05-17T18:43:31Z,2024-05-24,2024-05-24,516.11,516.83,516.11,517.14,507.52,508.17,2527800,47.0,47.0,0.0,23695.8,47952.97,24257.17,0.0,118888.39,119261.56,0.2,0.204,0.0,38.65,0.227,0.3865,0.55,53.09,8.7527,9.1867,-0.434,532.9948,480.6902,506.8425,506.8425,489.143,-0.008836,-0.021115,-0.046579,1762.97,0.078374,37,True,prob_below_sell_threshold,prob_below_sell_threshold,2026-05-15,1.0,2026-05-17T18:43:31Z,15780.65,0.0,-0.322338
ml_xgboost,ML – XGBoost,AAPL,xgboost,xgboost,xgboost,binary,binary-2026-05,D-ml_xgboost-4f9dfa05136b,S-AAPL-xgboost-20240528-381422,T-ml_xgboost-7efec15d3080,SELL,2026-05-17T18:43:31Z,2024-05-28,2024-05-28,191.51,189.98,191.51,193.0,189.1,189.99,52280100,134.0,134.0,0.0,47952.97,73615.31,25662.34,0.0,118880.62,119084.29,0.2,0.2159,0.0,40.85,0.1831,0.4085,0.55,63.71,4.4519,4.3857,0.0663,198.0695,171.4095,184.7395,184.7395,176.2646,0.001579,0.022949,0.122427,2945.32,0.129653,33,True,prob_below_sell_threshold,prob_below_sell_threshold,2026-05-15,1.0,2026-05-17T18:43:31Z,18725.97,0.0,-0.322338
ml_xgboost,ML – XGBoost,JNJ,xgboost,xgboost,xgboost,binary,binary-2026-05,D-ml_xgboost-fb2236510093,S-JNJ-xgboost-20240528-cf44bb,T-ml_xgboost-259fa739bbd4,SELL,2026-05-17T18:43:31Z,2024-05-28,2024-05-28,146.79,146.97,146.79,146.79,144.15,144.38,10499800,151.0,151.0,0.0,73615.31,95780.6,22165.29,0.0,118880.62,119448.2,0.2,0.1864,0.0,25.61,0.4877,0.2561,0.55,35.82,-0.4812,-0.0121,-0.4691,155.447,144.775,150.111,150.111,151.0314,0.000416,0.023687,0.0169,-463.57,-0.020486,35,False,prob_below_sell_threshold,prob_below_sell_threshold,2026-05-15,1.0,2026-05-17T18:43:31Z,18262.4,-0.024755,-0.322338
ml_xgboost,ML – XGBoost,MSFT,xgboost,xgboost,xgboost,binary,binary-2026-05,D-ml_xgboost-954f414a014e,S-MSFT-xgboost-20240531-6716ef,T-ml_xgboost-4bab5d18bcf2,SELL,2026-05-17T18:43:31Z,2024-05-31,2024-05-31,416.75,414.67,416.75,416.75,404.51,415.13,47995300,55.0,55.0,0.0,95780.6,118701.85,22921.25,0.0,118612.75,118701.85,0.2,0.1932,0.0,37.99,0.2402,0.3799,0.55,46.61,3.1278,3.644,-0.5163,435.0452,404.2598,419.6525,419.6525,416.448,-0.003878,0.021005,0.10021,439.45,0.019547,25,True,prob_below_sell_threshold,prob_below_sell_threshold,2026-05-15,1.0,2026-05-17T18:43:31Z,18701.85,-0.001288,-0.322338
ml_xgboost,ML – XGBoost,AAPL,xgboost,xgboost,xgboost,binary,binary-2026-05,D-ml_xgboost-a81d1a93e8bb,S-AAPL-xgboost-20240611-96b0b4,T-ml_xgboost-b072fcdb37c8,BUY,2026-05-17T18:43:31Z,2024-06-11,2024-06-11,193.65,193.12,193.65,207.16,193.63,207.15,172373300,122.0,0.0,122.0,118701.85,95076.55,0.0,23625.3,118701.85,120348.85,0.2,0.0,0.1963,63.73,0.2746,0.6373,0.55,75.22,4.9353,4.4133,0.522,200.8458,183.9261,192.386,192.386,180.709,0.028578,0.034468,0.098576,,,,,prob_above_buy_threshold,prob_above_buy_threshold,2026-05-15,1.0,2026-05-17T18:43:31Z,18701.85,-0.001288,-0.322338
ml_xgboost,ML – XGBoost,MSFT,xgboost,xgboost,xgboost,binary,binary-2026-05,D-ml_xgboost-852b35e3a449,S-MSFT-xgboost-20240612-3689fe,T-ml_xgboost-5819205e6523,BUY,2026-05-17T18:43:31Z,2024-06-12,2024-06-12,435.32,432.68,435.32,443.4,433.25,441.06,22366200,55.0,0.0,55.0,95076.55,71133.95,0.0,23942.6,121071.09,121386.79,0.2,0.0,0.1972,67.54,0.3509,0.6754,0.55,68.32,4.246,2.9799,1.2661,438.4456,411.4754,424.9605,424.9605,416.704,0.001179,0.01052,0.028318,,,,,prob_above_buy_threshold,prob_above_buy_threshold,2026-05-15,1.0,2026-05-17T18:43:31Z,18701.85,-0.001288,-0.322338
ml_xgboost,ML – XGBoost,JNJ,xgboost,xgboost,xgboost,binary,binary-2026-05,D-ml_xgboost-9ba639c422c0,S-JNJ-xgboost-20240620-3f2528,T-ml_xgboost-345c48ca780c,BUY,2026-05-17T18:43:31Z,2024-06-20,2024-06-20,145.27,145.65,145.27,148.08,145.01,147.78,8749700,166.0,0.0,166.0,71133.95,47019.13,0.0,24114.82,121228.41,121645.07,0.2,0.0,0.1982,60.09,0.2017,0.6009,0.55,51.03,-0.8859,-1.0137,0.1278,150.739,142.823,146.781,146.781,148.145,0.006564,-0.013398,0.046759,,,,,prob_above_buy_threshold,prob_above_buy_threshold,2026-05-15,1.0,2026-05-17T18:43:31Z,18701.85,-0.001288,-0.322338
ml_xgboost,ML – XGBoost,AAPL,xgboost,xgboost,xgboost,binary,binary-2026-05,D-ml_xgboost-a29a8122e6bd,S-AAPL-xgboost-20240624-2652ef,T-ml_xgboost-ae281fd113d1,SELL,2026-05-17T18:43:31Z,2024-06-24,2024-06-24,207.72,207.49,207.72,212.7,206.59,208.14,80727000,122.0,122.0,0.0,47019.13,72360.97,25341.84,0.0,121787.98,121736.74,0.2,0.2081,0.0,38.94,0.2211,0.3894,0.55,62.29,6.9232,6.8874,0.0358,220.5162,182.0598,201.288,201.288,187.4738,0.004468,0.041366,0.081051,1716.54,0.072657,13,True,prob_below_sell_threshold,prob_below_sell_threshold,2026-05-15,1.0,2026-05-17T18:43:31Z,20418.39,0.0,-0.322338
ml_xgboost,ML – XGBoost,JPM,xgboost,xgboost,xgboost,binary,binary-2026-05,D-ml_xgboost-e040f6e71d9f,S-JPM-xgboost-20240628-a286d0,T-ml_xgboost-3f3e2f6e62fa,BUY,2026-05-17T18:43:31Z,2024-06-28,2024-06-28,200.01,199.17,200.01,202.6,199.3,202.26,15307600,121.0,0.0,121.0,72360.97,48159.76,0.0,24201.21,121205.78,121478.03,0.2,0.0,0.1992,64.04,0.2809,0.6404,0.55,59.48,0.6344,0.2224,0.4119,203.4884,191.8546,197.6715,197.6715,196.2856,0.015772,0.014387,0.04247,,,,,prob_above_buy_threshold,prob_above_buy_threshold,2026-05-15,1.0,2026-05-17T18:43:31Z,20418.39,0.0,-0.322338
ml_xgboost,ML – XGBoost,UNH,xgboost,xgboost,xgboost,binary,binary-2026-05,D-ml_xgboost-ccd25474ec20,S-UNH-xgboost-20240628-4da381,T-ml_xgboost-5574ed12c6fa,BUY,2026-05-17T18:43:31Z,2024-06-28,2024-06-28,496.37,486.44,496.37,509.4,489.41,509.26,22734200,48.0,0.0,48.0,48159.76,24334.0,0.0,23825.76,121205.78,122096.75,0.2,0.0,0.1951,57.84,0.1567,0.5784,0.55,59.85,-2.1308,-2.932,0.8012,508.863,477.572,493.2175,493.2175,498.3896,-0.028689,-0.039116,0.112889,,,,,prob_above_buy_threshold,prob_above_buy_threshold,2026-05-15,1.0,2026-05-17T18:43:31Z,20418.39,0.0,-0.322338
ml_xgboost,ML – XGBoost,AAPL,xgboost,xgboost,xgboost,binary,binary-2026-05,D-ml_xgboost-e3a4d68ad236,S-AAPL-xgboost-20240705-cd5596,T-ml_xgboost-61ddf0463dad,BUY,2026-05-17T18:43:31Z,2024-07-05,2024-07-05,221.65,221.55,221.65,226.45,221.65,226.34,60412400,109.0,0.0,109.0,24334.0,174.15,0.0,24159.85,122569.55,123080.76,0.2,0.0,0.1963,63.04,0.2609,0.6304,0.55,74.63,7.4411,6.8117,0.6293,227.5534,194.4126,210.983,210.983,195.0848,0.006539,0.018556,-0.028629,,,,,prob_above_buy_threshold,prob_above_buy_threshold,2026-05-15,1.0,2026-05-17T18:43:31Z,20418.39,0.0,-0.322338
ml_xgboost,ML – XGBoost,MSFT,xgboost,xgboost,xgboost,binary,binary-2026-05,D-ml_xgboost-17d4c9795792,S-MSFT-xgboost-20240711-45ad80,T-ml_xgboost-fe581ddc3faf,SELL,2026-05-17T18:43:31Z,2024-07-11,2024-07-11,462.98,466.25,462.98,464.78,451.55,454.7,23111200,55.0,55.0,0.0,174.15,25638.05,25463.9,0.0,124148.71,124604.11,0.2,0.2051,0.0,38.46,0.2308,0.3846,0.55,55.92,8.7852,9.0506,-0.2654,468.9954,436.7096,452.8525,452.8525,431.8946,-0.002529,-0.031515,-0.114383,1521.3,0.063539,29,True,prob_below_sell_threshold,prob_below_sell_threshold,2026-05-15,1.0,2026-05-17T18:43:31Z,21939.69,0.0,-0.322338
ml_xgboost,ML – XGBoost,AAPL,xgboost,xgboost,xgboost,binary,binary-2026-05,D-ml_xgboost-5c71fe70ca18,S-AAPL-xgboost-20240717-581e13,T-ml_xgboost-f861298c1ed3,SELL,2026-05-17T18:43:31Z,2024-07-17,2024-07-17,229.45,234.82,229.45,231.46,226.64,228.88,57345900,109.0,109.0,0.0,25638.05,50648.1,25010.05,0.0,130336.97,130399.1,0.2,0.1919,0.0,42.71,0.1459,0.4271,0.55,63.59,8.4637,8.3104,0.1533,239.5258,202.1982,220.862,220.862,204.4436,-0.020535,-0.045177,-0.031283,850.2,0.035191,12,True,prob_below_sell_threshold,prob_below_sell_threshold,2026-05-15,1.0,2026-05-17T18:43:31Z,22789.89,0.0,-0.322338
ml_xgboost,ML – XGBoost,JPM,xgboost,xgboost,xgboost,binary,binary-2026-05,D-ml_xgboost-8d4d34c3beeb,S-JPM-xgboost-20240723-d092ae,T-ml_xgboost-5bed164520c9,SELL,2026-05-17T18:43:31Z,2024-07-23,2024-07-23,211.02,210.28,211.02,211.48,209.35,210.33,5557300,121.0,121.0,0.0,50648.1,76181.52,25533.42,0.0,128013.74,128097.23,0.2,0.1995,0.0,44.99,0.1003,0.4499,0.55,58.23,3.2236,3.157,0.0666,216.5869,197.2721,206.9295,206.9295,201.829,-0.008273,0.023107,0.019921,1332.21,0.055047,25,True,prob_below_sell_threshold,prob_below_sell_threshold,2026-05-15,1.0,2026-05-17T18:43:31Z,24122.1,0.0,-0.322338
ml_xgboost,ML – XGBoost,UNH,xgboost,xgboost,xgboost,binary,binary-2026-05,D-ml_xgboost-37102b51154e,S-UNH-xgboost-20240806-6b4409,T-ml_xgboost-98ca760898db,SELL,2026-05-17T18:43:31Z,2024-08-06,2024-08-06,568.21,569.96,568.21,577.52,562.53,568.35,3216500,48.0,48.0,0.0,76181.52,103455.61,27274.08,0.0,129851.34,129844.63,0.2,0.21,0.0,37.01,0.2599,0.3701,0.55,60.67,18.0039,18.2388,-0.2348,605.8386,504.8154,555.327,555.327,518.027,-0.003994,0.010363,0.063042,3448.32,0.144731,39,True,prob_below_sell_threshold,prob_below_sell_threshold,2026-05-15,1.0,2026-05-17T18:43:31Z,27570.42,0.0,-0.322338
ml_xgboost,ML – XGBoost,JNJ,xgboost,xgboost,xgboost,binary,binary-2026-05,D-ml_xgboost-6a426fe7b938,S-JNJ-xgboost-20240808-a3c7fd,T-ml_xgboost-0f906c621f95,SELL,2026-05-17T18:43:31Z,2024-08-08,2024-08-08,158.57,158.9,158.57,160.7,158.03,160.22,5094800,166.0,166.0,0.0,103455.61,129778.23,26322.62,0.0,130052.13,129778.23,0.2,0.2024,0.0,39.0,0.22,0.39,0.55,59.01,2.9358,2.9833,-0.0475,165.1911,149.0039,157.0975,157.0975,150.8632,0.002497,-0.007053,0.025964,2207.8,0.091554,49,True,prob_below_sell_threshold,prob_below_sell_threshold,2026-05-15,1.0,2026-05-17T18:43:31Z,29778.22,0.0,-0.322338
ml_xgboost,ML – XGBoost,MSFT,xgboost,xgboost,xgboost,binary,binary-2026-05,D-ml_xgboost-f9fc56bbdc94,S-MSFT-xgboost-20240814-5275e1,T-ml_xgboost-253abc0393f0,BUY,2026-05-17T18:43:31Z,2024-08-14,2024-08-14,414.8,414.01,414.8,417.72,412.45,416.86,18267000,62.0,0.0,62.0,129778.23,104060.63,0.0,25717.6,129778.23,129905.95,0.2,0.0,0.198,65.98,0.3196,0.6598,0.55,45.9,-8.9156,-9.4137,0.4982,447.9779,389.1241,418.551,418.551,435.5524,0.010003,0.017464,0.024325,,,,,prob_above_buy_threshold,prob_above_buy_threshold,2026-05-15,1.0,2026-05-17T18:43:31Z,29778.22,0.0,-0.322338
ml_xgboost,ML – XGBoost,AAPL,xgboost,xgboost,xgboost,binary,binary-2026-05,D-ml_xgboost-5662dc922d1f,S-AAPL-xgboost-20240815-ede786,T-ml_xgboost-cf3c386d94cb,BUY,2026-05-17T18:43:31Z,2024-08-15,2024-08-15,224.6,221.72,224.6,225.35,222.76,224.72,46414000,115.0,0.0,115.0,104060.63,78231.63,0.0,25829.0,130164.49,130178.29,0.2,0.0,0.1984,63.19,0.2638,0.6319,0.55,59.28,0.4936,0.0403,0.4533,228.2705,208.3015,218.286,218.286,217.0224,0.005918,-0.000846,-0.009879,,,,,prob_above_buy_threshold,prob_above_buy_threshold,2026-05-15,1.0,2026-05-17T18:43:31Z,29778.22,0.0,-0.322338
ml_xgboost,ML – XGBoost,JPM,xgboost,xgboost,xgboost,binary,binary-2026-05,D-ml_xgboost-029b448a927a,S-JPM-xgboost-20240815-5f0963,T-ml_xgboost-1ee3e38de061,BUY,2026-05-17T18:43:31Z,2024-08-15,2024-08-15,213.0,210.24,213.0,213.89,211.1,211.55,7001000,122.0,0.0,122.0,78231.63,52245.63,0.0,25986.0,130164.49,130001.39,0.2,0.0,0.1999,65.44,0.3088,0.6544,0.55,57.86,0.5788,0.2405,0.3384,217.5125,197.2125,207.3625,207.3625,204.1668,0.011439,0.024013,-0.034176,,,,,prob_above_buy_threshold,prob_above_buy_threshold,2026-05-15,1.0,2026-05-17T18:43:31Z,29778.22,0.0,-0.322338
ml_xgboost,ML – XGBoost,JNJ,xgboost,xgboost,xgboost,binary,binary-2026-05,D-ml_xgboost-0bfe5e7c6797,S-JNJ-xgboost-20240903-9439dd,T-ml_xgboost-779784325382,BUY,2026-05-17T18:43:31Z,2024-09-03,2024-09-03,165.24,165.86,165.24,167.81,164.77,167.16,6956500,157.0,0.0,157.0,52245.63,26302.95,0.0,25942.68,130126.06,130427.5,0.2,0.0,0.1989,57.4,0.148,0.574,0.55,70.22,2.5153,2.2485,0.2668,166.7398,156.2972,161.5185,161.5185,156.1124,0.001196,0.001316,-0.030928,,,,,prob_above_buy_threshold,prob_above_buy_threshold,2026-05-15,1.0,2026-05-17T18:43:31Z,29778.22,0.0,-0.322338
ml_xgboost,ML – XGBoost,AAPL,xgboost,xgboost,xgboost,binary,binary-2026-05,D-ml_xgboost-e9ffda34627f,S-AAPL-xgboost-20240904-7d41b8,T-ml_xgboost-96156f99722b,SELL,2026-05-17T18:43:31Z,2024-09-04,2024-09-04,221.66,222.77,221.66,221.78,217.48,220.85,43840200,115.0,115.0,0.0,26302.95,51793.85,25490.9,0.0,130086.28,130179.43,0.2,0.196,0.0,37.96,0.2408,0.3796,0.55,46.28,1.7509,2.1453,-0.3944,233.7346,212.7594,223.247,223.247,222.1574,0.006928,0.008196,0.026851,-338.1,-0.01309,20,False,prob_below_sell_threshold,prob_below_sell_threshold,2026-05-15,1.0,2026-05-17T18:43:31Z,29440.12,-0.011354,-0.322338
ml_xgboost,ML – XGBoost,JPM,xgboost,xgboost,xgboost,binary,binary-2026-05,D-ml_xgboost-37f03eac4936,S-JPM-xgboost-20240906-97a34c,T-ml_xgboost-1b6ab4c523fc,SELL,2026-05-17T18:43:31Z,2024-09-06,2024-09-06,217.6,217.63,217.6,218.74,211.09,212.46,7777000,122.0,122.0,0.0,51793.85,78341.05,26547.2,0.0,128427.03,129054.11,0.2,0.2067,0.0,28.11,0.4378,0.2811,0.55,46.56,2.8196,3.3218,-0.5021,226.0788,205.1782,215.6285,215.6285,210.616,0.020474,-0.038313,-0.005836,561.2,0.021596,22,True,prob_below_sell_threshold,prob_below_sell_threshold,2026-05-15,1.0,2026-05-17T18:43:31Z,30001.32,0.0,-0.322338
ml_xgboost,ML – XGBoost,JNJ,xgboost,xgboost,xgboost,binary,binary-2026-05,D-ml_xgboost-54d8dc80d849,S-JNJ-xgboost-20240906-8417f1,T-ml_xgboost-b8d7a3590bd3,SELL,2026-05-17T18:43:31Z,2024-09-06,2024-09-06,165.18,164.99,165.18,165.94,164.12,164.38,6016900,157.0,157.0,0.0,78341.05,104274.31,25933.26,0.0,128427.03,129179.71,0.2,0.2019,0.0,41.46,0.1709,0.4146,0.55,58.57,2.3398,2.359,-0.0192,168.0766,156.8244,162.4505,162.4505,157.1844,0.013566,0.006935,-0.024881,-9.42,-0.000363,3,False,prob_below_sell_threshold,prob_below_sell_threshold,2026-05-15,1.0,2026-05-17T18:43:31Z,29991.9,-0.000314,-0.322338
ml_xgboost,ML – XGBoost,AAPL,xgboost,xgboost,xgboost,binary,binary-2026-05,D-ml_xgboost-c0f472966fc9,S-AAPL-xgboost-20240923-efe8aa,T-ml_xgboost-e45c138e5c81,BUY,2026-05-17T18:43:31Z,2024-09-23,2024-09-23,227.34,228.2,227.34,229.45,225.81,226.47,54146000,115.0,0.0,115.0,104274.31,78130.21,0.0,26144.1,131151.93,131051.88,0.2,0.0,0.1995,63.35,0.267,0.6335,0.55,56.02,0.7304,0.3054,0.425,231.5897,215.7703,223.68,223.68,222.3564,0.003974,0.028834,0.0442,,,,,prob_above_buy_threshold,prob_above_buy_threshold,2026-05-15,1.0,2026-05-17T18:43:31Z,29991.9,-0.000314,-0.322338
ml_xgboost,ML – XGBoost,MSFT,xgboost,xgboost,xgboost,binary,binary-2026-05,D-ml_xgboost-4f14d3e2e3e7,S-MSFT-xgboost-20241001-7d626d,T-ml_xgboost-1db9ad647de7,SELL,2026-05-17T18:43:31Z,2024-10-01,2024-10-01,428.45,430.3,428.45,428.48,418.81,420.69,19092900,62.0,62.0,0.0,78130.21,104694.11,26563.9,0.0,130227.14,130708.26,0.2,0.204,0.0,43.65,0.1271,0.4365,0.55,45.78,2.6393,3.1743,-0.535,446.2917,403.2993,424.7955,424.7955,419.329,-0.008462,-0.014215,0.026766,846.3,0.032907,48,True,prob_below_sell_threshold,prob_below_sell_threshold,2026-05-15,1.0,2026-05-17T18:43:31Z,30838.2,0.0,-0.322338
ml_xgboost,ML – XGBoost,AAPL,xgboost,xgboost,xgboost,binary,binary-2026-05,D-ml_xgboost-74def69c090a,S-AAPL-xgboost-20241007-397b37,T-ml_xgboost-231a8cf14891,SELL,2026-05-17T18:43:31Z,2024-10-07,2024-10-07,224.5,226.8,224.5,225.69,221.33,221.69,39505400,115.0,115.0,0.0,104694.11,130511.61,25817.5,0.0,130188.46,130511.61,0.2,0.1983,0.0,37.29,0.2542,0.3729,0.55,44.95,0.8436,1.2016,-0.358,232.8868,216.5712,224.729,224.729,222.7494,0.018404,0.043349,0.001443,-326.6,-0.012492,14,False,prob_below_sell_threshold,prob_below_sell_threshold,2026-05-15,1.0,2026-05-17T18:43:31Z,30511.6,-0.010591,-0.322338
ml_xgboost,ML – XGBoost,JPM,xgboost,xgboost,xgboost,binary,binary-2026-05,D-ml_xgboost-08b69b279df1,S-JPM-xgboost-20241008-d5b34f,T-ml_xgboost-769702110009,BUY,2026-05-17T18:43:31Z,2024-10-08,2024-10-08,210.58,210.93,210.58,211.33,208.38,210.75,6021800,123.0,0.0,123.0,130511.61,104610.27,0.0,25901.34,130511.61,130532.52,0.2,0.0,0.1984,57.81,0.1563,0.5781,0.55,50.77,-0.6235,-0.7832,0.1597,213.3925,204.7255,209.059,209.059,211.0182,0.012669,0.055231,0.050961,,,,,prob_above_buy_threshold,prob_above_buy_threshold,2026-05-15,1.0,2026-05-17T18:43:31Z,30511.6,-0.010591,-0.322338
ml_xgboost,ML – XGBoost,UNH,xgboost,xgboost,xgboost,binary,binary-2026-05,D-ml_xgboost-e40cfca42a9d,S-UNH-xgboost-20241011-155db2,T-ml_xgboost-cca782f35226,BUY,2026-05-17T18:43:31Z,2024-10-11,2024-10-11,596.49,597.7,596.49,601.52,596.2,598.05,1909700,44.0,0.0,44.0,104610.27,78364.71,0.0,26245.56,131951.94,132020.58,0.2,0.0,0.1988,59.28,0.1857,0.5928,0.55,61.55,3.2564,2.0381,1.2183,599.2659,568.5081,583.887,583.887,583.5964,0.01229,-0.047555,0.029697,,,,,prob_above_buy_threshold,prob_above_buy_threshold,2026-05-15,1.0,2026-05-17T18:43:31Z,30511.6,-0.010591,-0.322338
ml_xgboost,ML – XGBoost,AAPL,xgboost,xgboost,xgboost,binary,binary-2026-05,D-ml_xgboost-999cacc628d7,S-AAPL-xgboost-20241014-9bd481,T-ml_xgboost-beec5ea11997,BUY,2026-05-17T18:43:31Z,2024-10-14,2024-10-14,228.7,227.55,228.7,231.73,228.6,231.3,39882100,115.0,0.0,115.0,78364.71,52064.21,0.0,26300.5,132244.35,132543.35,0.2,0.0,0.1984,56.21,0.1243,0.5621,0.55,58.12,1.4113,1.1773,0.234,233.6872,219.6548,226.671,226.671,223.6666,0.011025,0.022395,-0.030566,,,,,prob_above_buy_threshold,prob_above_buy_threshold,2026-05-15,1.0,2026-05-17T18:43:31Z,30511.6,-0.010591,-0.322338
ml_xgboost,ML – XGBoost,UNH,xgboost,xgboost,xgboost,binary,binary-2026-05,D-ml_xgboost-db4cb95e5794,S-UNH-xgboost-20241015-bac190,T-ml_xgboost-9641e67238a0,SELL,2026-05-17T18:43:31Z,2024-10-15,2024-10-15,552.02,605.4,552.02,569.7,543.0,556.29,11939400,44.0,44.0,0.0,52064.21,76353.09,24288.88,0.0,130787.69,130599.81,0.2,0.1857,0.0,39.73,0.2054,0.3973,0.55,35.47,1.1725,2.2288,-1.0563,605.2626,561.9704,583.6165,583.6165,583.6344,0.027054,0.024394,0.104945,-1956.68,-0.074553,4,False,prob_below_sell_threshold,prob_below_sell_threshold,2026-05-15,1.0,2026-05-17T18:43:31Z,28554.92,-0.074041,-0.322338
ml_xgboost,ML – XGBoost,JNJ,xgboost,xgboost,xgboost,binary,binary-2026-05,D-ml_xgboost-a6b06caf8a22,S-JNJ-xgboost-20241015-660448,T-ml_xgboost-160e0a996e62,BUY,2026-05-17T18:43:31Z,2024-10-15,2024-10-15,160.0,161.6,160.0,166.75,159.0,164.1,10548000,163.0,0.0,163.0,76353.09,50273.09,0.0,26080.0,130787.69,131268.11,0.2,0.0,0.1987,55.68,0.1135,0.5568,0.55,59.22,-0.3641,-0.5015,0.1375,165.3863,158.4207,161.9035,161.9035,162.564,0.001097,-0.003961,-0.069836,,,,,prob_above_buy_threshold,prob_above_buy_threshold,2026-05-15,1.0,2026-05-17T18:43:31Z,28554.92,-0.074041,-0.322338
ml_xgboost,ML – XGBoost,MSFT,xgboost,xgboost,xgboost,binary,binary-2026-05,D-ml_xgboost-35efbbf43a4c,S-MSFT-xgboost-20241023-84943d,T-ml_xgboost-84102d3903ed,BUY,2026-05-17T18:43:31Z,2024-10-23,2024-10-23,430.86,427.51,430.86,431.08,422.53,424.6,19654400,60.0,0.0,60.0,50273.09,24421.49,0.0,25851.6,131325.1,130949.5,0.2,0.0,0.1974,62.21,0.2442,0.6221,0.55,54.91,-0.189,-1.0158,0.8269,430.8004,408.5686,419.6845,419.6845,420.3216,0.000306,0.018676,-0.021456,,,,,prob_above_buy_threshold,prob_above_buy_threshold,2026-05-15,1.0,2026-05-17T18:43:31Z,28554.92,-0.074041,-0.322338
ml_xgboost,ML – XGBoost,AAPL,xgboost,xgboost,xgboost,binary,binary-2026-05,D-ml_xgboost-6020a79cac67,S-AAPL-xgboost-20241025-2bf5d8,T-ml_xgboost-a15f539f0efd,SELL,2026-05-17T18:43:31Z,2024-10-25,2024-10-25,229.74,230.57,229.74,233.22,229.57,231.41,38802300,115.0,115.0,0.0,24421.49,50841.59,26420.1,0.0,130290.21,130098.16,0.2,0.2028,0.0,40.49,0.1902,0.4049,0.55,53.62,2.0401,2.148,-0.1079,237.6137,222.5073,230.0605,230.0605,226.8016,0.008599,-0.036731,-0.006655,119.6,0.004547,11,True,prob_below_sell_threshold,prob_below_sell_threshold,2026-05-15,1.0,2026-05-17T18:43:31Z,28674.52,-0.070162,-0.322338
ml_xgboost,ML – XGBoost,JNJ,xgboost,xgboost,xgboost,binary,binary-2026-05,D-ml_xgboost-edb27a4b29a8,S-JNJ-xgboost-20241029-cfd44a,T-ml_xgboost-add836db3028,SELL,2026-05-17T18:43:31Z,2024-10-29,2024-10-29,161.46,161.6,161.46,162.17,160.06,160.09,5216900,163.0,163.0,0.0,50841.59,77159.57,26317.98,0.0,130269.96,130493.27,0.2,0.202,0.0,34.82,0.3036,0.3482,0.55,42.02,-0.1168,0.1039,-0.2208,165.8987,158.2763,162.0875,162.0875,163.3376,0.003248,-0.010869,-0.034793,237.98,0.009125,14,True,prob_below_sell_threshold,prob_below_sell_threshold,2026-05-15,1.0,2026-05-17T18:43:31Z,28912.5,-0.062445,-0.322338
ml_xgboost,ML – XGBoost,JPM,xgboost,xgboost,xgboost,binary,binary-2026-05,D-ml_xgboost-562be385ccad,S-JPM-xgboost-20241031-3fe184,T-ml_xgboost-f1495b860278,SELL,2026-05-17T18:43:31Z,2024-10-31,2024-10-31,224.7,224.41,224.7,225.69,221.82,221.92,7829900,123.0,123.0,0.0,77159.57,104797.67,27638.1,0.0,128836.73,129178.67,0.2,0.2145,0.0,38.73,0.2255,0.3873,0.55,54.97,2.9728,3.1296,-0.1568,230.9322,210.1978,220.565,220.565,215.8852,0.004596,0.065159,0.12527,1736.76,0.067053,23,True,prob_below_sell_threshold,prob_below_sell_threshold,2026-05-15,1.0,2026-05-17T18:43:31Z,30649.26,-0.006127,-0.322338
ml_xgboost,ML – XGBoost,MSFT,xgboost,xgboost,xgboost,binary,binary-2026-05,D-ml_xgboost-4baa0e666d78,S-MSFT-xgboost-20241101-1f57a2,T-ml_xgboost-b55471bcab56,SELL,2026-05-17T18:43:31Z,2024-11-01,2024-11-01,409.01,406.35,409.01,415.5,407.5,410.37,24230400,60.0,60.0,0.0,104797.67,129338.27,24540.6,0.0,129419.87,129338.27,0.2,0.1896,0.0,34.91,0.3018,0.3491,0.55,40.66,-0.5008,0.3607,-0.8615,433.8204,405.6106,419.7155,419.7155,420.6874,-0.004654,0.029656,0.050223,-1311.0,-0.050712,9,False,prob_below_sell_threshold,prob_below_sell_threshold,2026-05-15,1.0,2026-05-17T18:43:31Z,29338.26,-0.048639,-0.322338
ml_xgboost,ML – XGBoost,JPM,xgboost,xgboost,xgboost,binary,binary-2026-05,D-ml_xgboost-caffdc02962e,S-JPM-xgboost-20241106-d19f42,T-ml_xgboost-50e898bc9ade,BUY,2026-05-17T18:43:31Z,2024-11-06,2024-11-06,235.0,221.49,235.0,248.0,234.77,247.06,23987800,110.0,0.0,110.0,129338.27,103488.27,0.0,25850.0,129338.27,130664.87,0.2,0.0,0.1978,74.03,0.4806,0.7403,0.55,76.5,3.9754,3.0068,0.9686,235.7123,211.9127,223.8125,223.8125,216.6248,-0.043228,-0.023881,-0.006395,,,,,prob_above_buy_threshold,prob_above_buy_threshold,2026-05-15,1.0,2026-05-17T18:43:31Z,29338.26,-0.048639,-0.322338
ml_xgboost,ML – XGBoost,UNH,xgboost,xgboost,xgboost,binary,binary-2026-05,D-ml_xgboost-314c3e593c49,S-UNH-xgboost-20241106-3fbdbc,T-ml_xgboost-9077d27ee7d8,BUY,2026-05-17T18:43:31Z,2024-11-06,2024-11-06,603.9,567.03,603.9,605.5,590.85,596.69,6591300,42.0,0.0,42.0,103488.27,78124.47,0.0,25363.8,129338.27,130362.05,0.2,0.0,0.1946,80.77,0.6154,0.8077,0.55,62.33,-2.2533,-4.2786,2.0253,600.6889,543.2751,571.982,571.982,581.0558,0.014681,0.015385,-0.029697,,,,,prob_above_buy_threshold,prob_above_buy_threshold,2026-05-15,1.0,2026-05-17T18:43:31Z,29338.26,-0.048639,-0.322338
ml_xgboost,ML – XGBoost,MSFT,xgboost,xgboost,xgboost,binary,binary-2026-05,D-ml_xgboost-44bd54e7e8a5,S-MSFT-xgboost-20241112-8e61c2,T-ml_xgboost-2e2d232d92af,BUY,2026-05-17T18:43:31Z,2024-11-12,2024-11-12,418.25,418.01,418.25,424.44,417.2,423.03,19401200,62.0,0.0,62.0,78124.47,52192.97,0.0,25931.5,130292.21,130588.57,0.2,0.0,0.1986,57.72,0.1545,0.5772,0.55,52.31,-0.3066,-0.5778,0.2712,435.1968,405.9702,420.5835,420.5835,421.3812,0.00513,-0.012387,0.061367,,,,,prob_above_buy_threshold,prob_above_buy_threshold,2026-05-15,1.0,2026-05-17T18:43:31Z,29338.26,-0.048639,-0.322338
ml_xgboost,ML – XGBoost,AAPL,xgboost,xgboost,xgboost,binary,binary-2026-05,D-ml_xgboost-1869d71bb45a,S-AAPL-xgboost-20241119-7e88e3,T-ml_xgboost-37eeae6da725,BUY,2026-05-17T18:43:31Z,2024-11-19,2024-11-19,226.98,228.02,226.98,230.16,226.66,228.28,36211800,113.0,0.0,113.0,52192.97,26544.23,0.0,25648.74,129069.85,129216.75,0.2,0.0,0.1985,58.08,0.1617,0.5808,0.55,51.99,-0.4853,-0.6204,0.1351,234.1711,220.2739,227.2225,227.2225,227.3448,0.003154,0.0297,0.086604,,,,,prob_above_buy_threshold,prob_above_buy_threshold,2026-05-15,1.0,2026-05-17T18:43:31Z,29338.26,-0.048639,-0.322338
ml_xgboost,ML – XGBoost,MSFT,xgboost,xgboost,xgboost,binary,binary-2026-05,D-ml_xgboost-03783a7b85f5,S-MSFT-xgboost-20241119-49a9d0,T-ml_xgboost-2fa9811a634f,SELL,2026-05-17T18:43:31Z,2024-11-19,2024-11-19,413.11,415.76,413.11,417.94,411.55,417.79,18133500,62.0,62.0,0.0,26544.23,52157.05,25612.82,0.0,129069.85,128926.59,0.2,0.1984,0.0,44.0,0.12,0.44,0.55,47.86,-0.5161,-0.2762,-0.2399,435.5736,405.9284,420.751,420.751,422.6158,-0.005505,0.024414,0.046914,-318.68,-0.012289,7,False,prob_below_sell_threshold,prob_below_sell_threshold,2026-05-15,1.0,2026-05-17T18:43:31Z,29019.58,-0.058973,-0.322338
ml_xgboost,ML – XGBoost,UNH,xgboost,xgboost,xgboost,binary,binary-2026-05,D-ml_xgboost-49f101b29124,S-UNH-xgboost-20241119-4ac2a0,T-ml_xgboost-8dafaf09277f,SELL,2026-05-17T18:43:31Z,2024-11-19,2024-11-19,582.72,589.65,582.72,586.84,576.77,577.0,3198300,42.0,42.0,0.0,52157.05,76631.29,24474.24,0.0,129069.85,129166.83,0.2,0.1896,0.0,40.68,0.1865,0.4068,0.55,45.46,4.5719,4.9363,-0.3644,625.402,539.895,582.6485,582.6485,582.264,0.040728,0.051629,-0.133934,-889.56,-0.035072,13,False,prob_below_sell_threshold,prob_below_sell_threshold,2026-05-15,1.0,2026-05-17T18:43:31Z,28130.02,-0.087819,-0.322338
ml_xgboost,ML – XGBoost,JNJ,xgboost,xgboost,xgboost,binary,binary-2026-05,D-ml_xgboost-fe6dc8aa4dcd,S-JNJ-xgboost-20241122-8b041a,T-ml_xgboost-c753e7bfb3ef,BUY,2026-05-17T18:43:31Z,2024-11-22,2024-11-22,155.9,155.5,155.9,157.12,154.11,155.17,8266000,166.0,0.0,166.0,76631.29,50751.89,0.0,25879.4,129947.1,129825.92,0.2,0.0,0.1993,62.78,0.2557,0.6278,0.55,43.4,-1.9666,-2.0567,0.0901,162.2677,150.4623,156.365,156.365,160.1998,0.003931,-0.002384,-0.063801,,,,,prob_above_buy_threshold,prob_above_buy_threshold,2026-05-15,1.0,2026-05-17T18:43:31Z,28130.02,-0.087819,-0.322338
ml_xgboost,ML – XGBoost,MSFT,xgboost,xgboost,xgboost,binary,binary-2026-05,D-ml_xgboost-da1ff93c19ae,S-MSFT-xgboost-20241126-f586af,T-ml_xgboost-bdd562b321d3,BUY,2026-05-17T18:43:31Z,2024-11-26,2024-11-26,419.59,418.79,419.59,429.04,418.85,427.99,23458900,62.0,0.0,62.0,50751.89,24737.31,0.0,26014.58,130460.69,130981.49,0.2,0.0,0.1986,59.07,0.1814,0.5907,0.55,57.48,-0.1877,-0.6472,0.4595,432.1031,405.0109,418.557,418.557,421.5162,-0.011683,0.022033,0.023645,,,,,prob_above_buy_threshold,prob_above_buy_threshold,2026-05-15,1.0,2026-05-17T18:43:31Z,28130.02,-0.087819,-0.322338
ml_xgboost,ML – XGBoost,UNH,xgboost,xgboost,xgboost,binary,binary-2026-05,D-ml_xgboost-85415ff9a705,S-UNH-xgboost-20241126-1658c7,T-ml_xgboost-2f39da011702,BUY,2026-05-17T18:43:31Z,2024-11-26,2024-11-26,608.24,605.83,608.24,608.47,598.88,606.79,2693600,40.0,0.0,40.0,24737.31,407.71,0.0,24329.6,130460.69,130923.49,0.2,0.0,0.1858,60.08,0.2016,0.6008,0.55,57.49,5.7313,5.0836,0.6476,630.1129,553.5941,591.8535,591.8535,583.5018,0.00262,0.006592,-0.157616,,,,,prob_above_buy_threshold,prob_above_buy_threshold,2026-05-15,1.0,2026-05-17T18:43:31Z,28130.02,-0.087819,-0.322338
ml_xgboost,ML – XGBoost,JPM,xgboost,xgboost,xgboost,binary,binary-2026-05,D-ml_xgboost-5a2633027911,S-JPM-xgboost-20241202-1ba838,T-ml_xgboost-00616448338f,SELL,2026-05-17T18:43:31Z,2024-12-02,2024-12-02,249.55,249.72,249.55,250.25,245.03,246.25,8899700,110.0,110.0,0.0,407.71,27858.21,27450.5,0.0,131327.24,131690.24,0.2,0.209,0.0,33.67,0.3266,0.3367,0.55,61.76,6.4229,6.589,-0.1661,258.3133,225.3977,241.8555,241.8555,227.1054,-0.005807,-0.009909,-0.026558,1600.5,0.061915,26,True,prob_below_sell_threshold,prob_below_sell_threshold,2026-05-15,1.0,2026-05-17T18:43:31Z,29730.52,-0.035919,-0.322338
ml_xgboost,ML – XGBoost,UNH,xgboost,xgboost,xgboost,binary,binary-2026-05,D-ml_xgboost-0d6a19bab291,S-UNH-xgboost-20241205-e8f17d,T-ml_xgboost-f3fb9b436ff9,SELL,2026-05-17T18:43:31Z,2024-12-05,2024-12-05,605.64,610.79,605.64,608.99,573.89,578.97,5943700,40.0,40.0,0.0,27858.21,52083.81,24225.6,0.0,130743.29,131810.09,0.2,0.1853,0.0,29.69,0.4061,0.2969,0.55,42.68,4.3888,5.8196,-1.4307,625.8906,578.3744,602.1325,602.1325,586.791,-0.050693,-0.109177,-0.112786,-104.0,-0.004275,9,False,prob_below_sell_threshold,prob_below_sell_threshold,2026-05-15,1.0,2026-05-17T18:43:31Z,29626.52,-0.039292,-0.322338
ml_xgboost,ML – XGBoost,JNJ,xgboost,xgboost,xgboost,binary,binary-2026-05,D-ml_xgboost-5a11a10fb6b7,S-JNJ-xgboost-20241206-712604,T-ml_xgboost-1e6090350c38,SELL,2026-05-17T18:43:31Z,2024-12-06,2024-12-06,149.39,149.52,149.39,150.05,148.38,149.31,8389600,166.0,166.0,0.0,52083.81,76882.55,24798.74,0.0,131811.53,131824.81,0.2,0.1881,0.0,40.4,0.1919,0.404,0.55,29.69,-2.0833,-1.7722,-0.3111,157.4584,149.6396,153.549,153.549,158.1996,0.001942,-0.018016,-0.020628,-1080.66,-0.041758,14,False,prob_below_sell_threshold,prob_below_sell_threshold,2026-05-15,1.0,2026-05-17T18:43:31Z,28545.86,-0.074334,-0.322338
ml_xgboost,ML – XGBoost,MSFT,xgboost,xgboost,xgboost,binary,binary-2026-05,D-ml_xgboost-143ffc1b1d79,S-MSFT-xgboost-20241219-448c99,T-ml_xgboost-015559b9a878,SELL,2026-05-17T18:43:31Z,2024-12-19,2024-12-19,441.62,437.39,441.62,443.18,436.32,437.03,22963700,62.0,62.0,0.0,76882.55,104262.99,27380.44,0.0,132204.68,132489.26,0.2,0.2071,0.0,38.36,0.2328,0.3836,0.55,51.43,6.1303,6.3976,-0.2673,460.532,411.921,436.2265,436.2265,426.4474,-0.000984,-0.014873,0.020983,1365.86,0.052504,23,True,prob_below_sell_threshold,prob_below_sell_threshold,2026-05-15,1.0,2026-05-17T18:43:31Z,29911.72,-0.030043,-0.322338
ml_xgboost,ML – XGBoost,JNJ,xgboost,xgboost,xgboost,binary,binary-2026-05,D-ml_xgboost-bf1b0f17e132,S-JNJ-xgboost-20241224-8b729f,T-ml_xgboost-b9fc4f0e8896,BUY,2026-05-17T18:43:31Z,2024-12-24,2024-12-24,145.0,145.27,145.0,145.85,144.33,145.85,3164100,184.0,0.0,184.0,104262.99,77582.99,0.0,26680.0,133439.59,133595.99,0.2,0.0,0.1997,59.88,0.1975,0.5988,0.55,37.69,-2.8803,-2.8832,0.003,156.4078,140.9822,148.695,148.695,154.6328,-0.001851,-0.012547,0.048269,,,,,prob_above_buy_threshold,prob_above_buy_threshold,2026-05-15,1.0,2026-05-17T18:43:31Z,29911.72,-0.030043,-0.322338
ml_xgboost,ML – XGBoost,UNH,xgboost,xgboost,xgboost,binary,binary-2026-05,D-ml_xgboost-94ea85f9cdf6,S-UNH-xgboost-20241227-e4010b,T-ml_xgboost-07ef16b885bc,BUY,2026-05-17T18:43:31Z,2024-12-27,2024-12-27,509.42,511.15,509.42,513.18,507.8,509.99,3471800,52.0,0.0,52.0,77582.99,51093.15,0.0,26489.84,133153.86,133183.5,0.2,0.0,0.1989,55.61,0.1122,0.5561,0.55,38.31,-22.22,-21.2278,-0.9922,624.3091,452.2519,538.2805,538.2805,566.1082,-0.004294,0.007216,0.055119,,,,,prob_above_buy_threshold,prob_above_buy_threshold,2026-05-15,1.0,2026-05-17T18:43:31Z,29911.72,-0.030043,-0.322338
ml_xgboost,ML – XGBoost,AAPL,xgboost,xgboost,xgboost,binary,binary-2026-05,D-ml_xgboost-5fef207c3df6,S-AAPL-xgboost-20241230-9a7e9c,T-ml_xgboost-d332ff0f8769,SELL,2026-05-17T18:43:31Z,2024-12-30,2024-12-30,252.23,255.59,252.23,253.5,250.75,252.2,35557500,113.0,113.0,0.0,51093.15,79595.14,28501.99,0.0,132371.91,132375.3,0.2,0.2153,0.0,40.25,0.195,0.4025,0.55,60.19,5.6595,5.6656,-0.0061,260.0885,238.4475,249.268,249.268,237.2946,-0.007058,-0.039611,-0.05793,2853.25,0.111243,41,True,prob_below_sell_threshold,prob_below_sell_threshold,2026-05-15,1.0,2026-05-17T18:43:31Z,32764.97,0.0,-0.322338
ml_xgboost,ML – XGBoost,JPM,xgboost,xgboost,xgboost,binary,binary-2026-05,D-ml_xgboost-f3060c99666f,S-JPM-xgboost-20250114-bb749d,T-ml_xgboost-9198a4482d76,BUY,2026-05-17T18:43:31Z,2025-01-14,2025-01-14,242.66,244.21,242.66,247.72,242.19,247.47,12407400,110.0,0.0,110.0,79595.14,52902.54,0.0,26692.6,134503.62,135032.72,0.2,0.0,0.1977,61.82,0.2365,0.6182,0.55,60.25,1.1437,0.6456,0.4981,247.6487,232.8343,240.2415,240.2415,240.7918,0.01972,0.062109,0.113064,,,,,prob_above_buy_threshold,prob_above_buy_threshold,2026-05-15,1.0,2026-05-17T18:43:31Z,32764.97,0.0,-0.322338
ml_xgboost,ML – XGBoost,MSFT,xgboost,xgboost,xgboost,binary,binary-2026-05,D-ml_xgboost-9956d596af42,S-MSFT-xgboost-20250121-00cfd0,T-ml_xgboost-963525791511,BUY,2026-05-17T18:43:31Z,2025-01-21,2025-01-21,430.2,429.03,430.2,430.9,425.6,428.5,26085700,63.0,0.0,63.0,52902.54,25799.94,0.0,27102.6,136394.92,136287.82,0.2,0.0,0.1989,58.74,0.1749,0.5874,0.55,50.73,-2.174,-2.4491,0.2751,441.135,412.877,427.006,427.006,429.0588,0.041307,0.043641,-0.032042,,,,,prob_above_buy_threshold,prob_above_buy_threshold,2026-05-15,1.0,2026-05-17T18:43:31Z,32764.97,0.0,-0.322338
ml_xgboost,ML – XGBoost,AAPL,xgboost,xgboost,xgboost,binary,binary-2026-05,D-ml_xgboost-6cf0a1a9c5f2,S-AAPL-xgboost-20250129-01068e,T-ml_xgboost-83e349c42970,BUY,2026-05-17T18:43:31Z,2025-01-29,2025-01-29,234.12,238.26,234.12,239.86,234.01,239.36,45486100,110.0,0.0,110.0,25799.94,46.74,0.0,25753.2,138783.32,139359.72,0.2,0.0,0.1848,63.2,0.264,0.632,0.55,53.42,-3.3245,-3.6402,0.3158,253.751,218.326,236.0385,236.0385,239.8206,-0.007395,-0.028785,-0.008606,,,,,prob_above_buy_threshold,prob_above_buy_threshold,2026-05-15,1.0,2026-05-17T18:43:31Z,32764.97,0.0,-0.322338
ml_xgboost,ML – XGBoost,MSFT,xgboost,xgboost,xgboost,binary,binary-2026-05,D-ml_xgboost-637d44a86edf,S-MSFT-xgboost-20250131-1bbc4e,T-ml_xgboost-cdfbe5b8c8a6,SELL,2026-05-17T18:43:31Z,2025-01-31,2025-01-31,418.98,414.99,418.98,420.69,414.91,415.06,34161900,63.0,63.0,0.0,46.74,26442.48,26395.74,0.0,137763.6,138010.56,0.2,0.1916,0.0,29.23,0.4153,0.2923,0.55,40.48,-0.3019,0.7749,-1.0768,450.3583,406.4467,428.4025,428.4025,431.3554,-0.009974,-0.012793,-0.064015,-706.86,-0.026081,10,False,prob_below_sell_threshold,prob_below_sell_threshold,2026-05-15,1.0,2026-05-17T18:43:31Z,32058.11,-0.021574,-0.322338
ml_xgboost,ML – XGBoost,JPM,xgboost,xgboost,xgboost,binary,binary-2026-05,D-ml_xgboost-58c06ffa8900,S-JPM-xgboost-20250205-56f063,T-ml_xgboost-826973714ee1,SELL,2026-05-17T18:43:31Z,2025-02-05,2025-02-05,268.91,267.94,268.91,270.64,268.33,270.43,5704400,110.0,110.0,0.0,26442.48,56022.58,29580.1,0.0,138294.56,138127.36,0.2,0.2139,0.0,42.47,0.1507,0.4247,0.55,75.78,6.8419,6.4141,0.4278,279.0104,239.0466,259.0285,259.0285,249.1934,0.023925,0.018563,-0.088341,2887.5,0.108176,22,True,prob_below_sell_threshold,prob_below_sell_threshold,2026-05-15,1.0,2026-05-17T18:43:31Z,34945.61,0.0,-0.322338
ml_xgboost,ML – XGBoost,UNH,xgboost,xgboost,xgboost,binary,binary-2026-05,D-ml_xgboost-2211ae3c73f1,S-UNH-xgboost-20250212-1b355c,T-ml_xgboost-dbbbd57d3192,SELL,2026-05-17T18:43:31Z,2025-02-12,2025-02-12,539.85,533.92,539.85,542.35,525.51,527.4,3859200,52.0,52.0,0.0,56022.58,84094.78,28072.2,0.0,138070.92,138718.32,0.2,0.2033,0.0,44.01,0.1199,0.4401,0.55,46.34,0.5303,1.2738,-0.7435,555.2324,511.5796,533.406,533.406,532.4582,0.007167,-0.047364,-0.086993,1582.36,0.059735,47,True,prob_below_sell_threshold,prob_below_sell_threshold,2026-05-15,1.0,2026-05-17T18:43:31Z,36527.97,0.0,-0.322338
ml_xgboost,ML – XGBoost,MSFT,xgboost,xgboost,xgboost,binary,binary-2026-05,D-ml_xgboost-451550d3f330,S-MSFT-xgboost-20250220-c51869,T-ml_xgboost-53dc883ba7bf,BUY,2026-05-17T18:43:31Z,2025-02-20,2025-02-20,415.29,414.77,415.29,419.31,412.54,416.13,23508700,67.0,0.0,67.0,84094.78,56270.35,0.0,27824.43,140517.2,140573.48,0.2,0.0,0.1979,56.58,0.1316,0.5658,0.55,47.05,-4.6497,-4.7647,0.1149,447.267,392.66,419.9635,419.9635,428.1554,-0.019033,-0.056713,-0.070387,,,,,prob_above_buy_threshold,prob_above_buy_threshold,2026-05-15,1.0,2026-05-17T18:43:31Z,36527.97,0.0,-0.322338
ml_xgboost,ML – XGBoost,MSFT,xgboost,xgboost,xgboost,binary,binary-2026-05,D-ml_xgboost-ff633fe81879,S-MSFT-xgboost-20250226-16e342,T-ml_xgboost-74569cac6e6a,SELL,2026-05-17T18:43:31Z,2025-02-26,2025-02-26,398.01,397.9,398.01,403.6,394.25,399.73,19619000,67.0,67.0,0.0,56270.35,82937.02,26666.67,0.0,139498.58,139383.34,0.2,0.1912,0.0,40.49,0.1901,0.4049,0.55,36.11,-6.2683,-5.3032,-0.9651,428.813,394.845,411.829,411.829,424.714,-0.018012,0.003227,-0.024417,-1157.76,-0.041609,6,False,prob_below_sell_threshold,prob_below_sell_threshold,2026-05-15,1.0,2026-05-17T18:43:31Z,35370.21,-0.031695,-0.322338
ml_xgboost,ML – XGBoost,AAPL,xgboost,xgboost,xgboost,binary,binary-2026-05,D-ml_xgboost-39ad9713161a,S-AAPL-xgboost-20250303-945261,T-ml_xgboost-90ff7391a6b4,SELL,2026-05-17T18:43:31Z,2025-03-03,2025-03-03,241.79,241.84,241.79,244.03,236.11,238.03,47184000,110.0,110.0,0.0,82937.02,109533.92,26596.9,0.0,139899.84,140313.44,0.2,0.1901,0.0,44.02,0.1196,0.4402,0.55,48.33,1.4565,1.5781,-0.1216,251.6735,225.3055,238.4895,238.4895,239.9608,-0.008822,-0.044322,-0.066798,843.7,0.032761,33,True,prob_below_sell_threshold,prob_below_sell_threshold,2026-05-15,1.0,2026-05-17T18:43:31Z,36213.91,-0.008598,-0.322338
ml_xgboost,ML – XGBoost,UNH,xgboost,xgboost,xgboost,binary,binary-2026-05,D-ml_xgboost-70994c5478ab,S-UNH-xgboost-20250306-d3d60c,T-ml_xgboost-ecaa80bc27a9,BUY,2026-05-17T18:43:31Z,2025-03-06,2025-03-06,476.0,475.98,476.0,488.12,472.0,487.72,4964000,58.0,0.0,58.0,109533.92,81925.92,0.0,27608.0,140046.64,140726.4,0.2,0.0,0.1962,57.36,0.1473,0.5736,0.55,45.05,-14.7017,-14.436,-0.2657,551.2541,441.8889,496.5715,496.5715,513.4136,0.01181,-0.012712,0.108095,,,,,prob_above_buy_threshold,prob_above_buy_threshold,2026-05-15,1.0,2026-05-17T18:43:31Z,36213.91,-0.008598,-0.322338
ml_xgboost,ML – XGBoost,JNJ,xgboost,xgboost,xgboost,binary,binary-2026-05,D-ml_xgboost-640f4232e39d,S-JNJ-xgboost-20250310-3691ed,T-ml_xgboost-59a4ed531bb5,SELL,2026-05-17T18:43:31Z,2025-03-10,2025-03-10,167.48,166.69,167.48,169.9,167.05,167.7,17559000,184.0,184.0,0.0,81925.92,112742.24,30816.32,0.0,140635.48,140595.0,0.2,0.2191,0.0,42.09,0.1581,0.4209,0.55,69.87,3.9312,3.7896,0.1416,170.821,152.538,161.6795,161.6795,153.249,-0.010972,-0.02898,-0.101849,4136.32,0.155034,76,True,prob_below_sell_threshold,prob_below_sell_threshold,2026-05-15,1.0,2026-05-17T18:43:31Z,40350.23,0.0,-0.322338
ml_xgboost,ML – XGBoost,MSFT,xgboost,xgboost,xgboost,binary,binary-2026-05,D-ml_xgboost-4ae32e5ef28a,S-MSFT-xgboost-20250317-1660e6,T-ml_xgboost-2ebf80737887,BUY,2026-05-17T18:43:31Z,2025-03-17,2025-03-17,386.7,388.56,386.7,392.71,385.57,388.7,22474300,73.0,0.0,73.0,112742.24,84513.14,0.0,28229.1,141685.4,141831.4,0.2,0.0,0.199,60.66,0.2131,0.6066,0.55,42.37,-8.255,-8.3386,0.0836,417.2454,373.5676,395.4065,395.4065,411.8,-0.013327,0.011268,-0.00229,,,,,prob_above_buy_threshold,prob_above_buy_threshold,2026-05-15,1.0,2026-05-17T18:43:31Z,40350.23,0.0,-0.322338
ml_xgboost,ML – XGBoost,JPM,xgboost,xgboost,xgboost,binary,binary-2026-05,D-ml_xgboost-80ad9b33503f,S-JPM-xgboost-20250320-1e554e,T-ml_xgboost-bed320b4ce2e,BUY,2026-05-17T18:43:31Z,2025-03-20,2025-03-20,236.56,239.11,236.56,241.76,236.2,239.01,8328500,120.0,0.0,120.0,84513.14,56125.94,0.0,28387.2,142407.86,142701.86,0.2,0.0,0.1989,58.25,0.165,0.5825,0.55,40.68,-7.6052,-7.25,-0.3552,271.7374,219.3226,245.53,245.53,256.8852,0.010962,0.038116,-0.029497,,,,,prob_above_buy_threshold,prob_above_buy_threshold,2026-05-15,1.0,2026-05-17T18:43:31Z,40350.23,0.0,-0.322338
ml_xgboost,ML – XGBoost,AAPL,xgboost,xgboost,xgboost,binary,binary-2026-05,D-ml_xgboost-ec17caff3634,S-AAPL-xgboost-20250325-354545,T-ml_xgboost-fa3281d9c795,BUY,2026-05-17T18:43:31Z,2025-03-25,2025-03-25,220.77,220.73,220.77,224.1,220.08,223.75,34493600,131.0,0.0,131.0,56125.94,27205.07,0.0,28920.87,144887.16,145277.54,0.2,0.0,0.1991,60.85,0.217,0.6085,0.55,47.15,-5.1775,-5.2824,0.105,247.3638,203.7212,225.5425,225.5425,231.2176,-0.009922,-0.002503,-0.085587,,,,,prob_above_buy_threshold,prob_above_buy_threshold,2026-05-15,1.0,2026-05-17T18:43:31Z,40350.23,0.0,-0.322338
ml_xgboost,ML – XGBoost,AAPL,xgboost,xgboost,xgboost,binary,binary-2026-05,D-ml_xgboost-2e86ece5b065,S-AAPL-xgboost-20250404-65e057,T-ml_xgboost-5717139cdbce,SELL,2026-05-17T18:43:31Z,2025-04-04,2025-04-04,193.89,203.19,193.89,199.88,187.34,188.38,125910900,131.0,131.0,0.0,27205.07,52604.66,25399.59,0.0,133837.67,134559.47,0.2,0.1898,0.0,21.42,0.5717,0.2142,0.55,25.18,-6.1788,-4.439,-1.7398,233.753,199.378,216.5655,216.5655,229.0204,-0.036734,0.051863,0.055791,-3521.28,-0.121756,10,False,prob_below_sell_threshold,prob_below_sell_threshold,2026-05-15,1.0,2026-05-17T18:43:31Z,36828.95,-0.087268,-0.322338
ml_xgboost,ML – XGBoost,MSFT,xgboost,xgboost,xgboost,binary,binary-2026-05,D-ml_xgboost-3e4bfa4f41d4,S-MSFT-xgboost-20250404-12e8b2,T-ml_xgboost-c72ef0a0bed8,SELL,2026-05-17T18:43:31Z,2025-04-04,2025-04-04,364.13,373.11,364.13,374.59,359.48,359.84,49209900,73.0,73.0,0.0,52604.66,79186.15,26581.49,0.0,133837.67,134872.65,0.2,0.1986,0.0,29.16,0.4168,0.2916,0.55,29.81,-7.2141,-5.8253,-1.3889,399.383,367.578,383.4805,383.4805,399.797,-0.005502,0.079508,0.212122,-1647.61,-0.058366,18,False,prob_below_sell_threshold,prob_below_sell_threshold,2026-05-15,1.0,2026-05-17T18:43:31Z,35181.34,-0.128101,-0.322338
ml_xgboost,ML – XGBoost,JPM,xgboost,xgboost,xgboost,binary,binary-2026-05,D-ml_xgboost-a33a51bd8670,S-JPM-xgboost-20250404-eb2abf,T-ml_xgboost-8227669ecdac,SELL,2026-05-17T18:43:31Z,2025-04-04,2025-04-04,215.31,228.69,215.31,217.7,208.93,210.28,27170700,120.0,120.0,0.0,79186.15,105023.35,25837.2,0.0,133837.67,135476.25,0.2,0.193,0.0,26.75,0.4649,0.2675,0.55,25.51,-5.4066,-3.7988,-1.6078,257.606,217.442,237.524,237.524,254.5076,0.019783,0.123264,0.201065,-2550.0,-0.089829,15,False,prob_below_sell_threshold,prob_below_sell_threshold,2026-05-15,1.0,2026-05-17T18:43:31Z,32631.34,-0.191297,-0.322338
ml_xgboost,ML – XGBoost,MSFT,xgboost,xgboost,xgboost,binary,binary-2026-05,D-ml_xgboost-64c3215f7004,S-MSFT-xgboost-20250410-84c31d,T-ml_xgboost-f45e0c7585cf,BUY,2026-05-17T18:43:31Z,2025-04-10,2025-04-10,382.06,390.49,382.06,383.9,367.8,381.35,38024400,73.0,0.0,73.0,105023.35,77132.97,0.0,27890.38,139498.55,139446.72,0.2,0.0,0.2,65.59,0.3119,0.6559,0.55,48.86,-6.445,-6.951,0.506,404.7765,358.3455,381.561,381.561,394.1192,0.018618,-0.035584,0.150465,,,,,prob_above_buy_threshold,prob_above_buy_threshold,2026-05-15,1.0,2026-05-17T18:43:31Z,32631.34,-0.191297,-0.322338
ml_xgboost,ML – XGBoost,JPM,xgboost,xgboost,xgboost,binary,binary-2026-05,D-ml_xgboost-3e056bcf02e2,S-JPM-xgboost-20250411-be633c,T-ml_xgboost-26cdc5a5409b,BUY,2026-05-17T18:43:31Z,2025-04-11,2025-04-11,226.31,227.11,226.31,238.58,225.0,236.2,20284500,123.0,0.0,123.0,77132.97,49296.84,0.0,27836.13,140259.08,141475.55,0.2,0.0,0.1968,64.5,0.2901,0.645,0.55,48.98,-5.7592,-5.6809,-0.0782,259.9133,213.3417,236.6275,236.6275,250.434,-0.006266,-0.030525,0.100974,,,,,prob_above_buy_threshold,prob_above_buy_threshold,2026-05-15,1.0,2026-05-17T18:43:31Z,32631.34,-0.191297,-0.322338
ml_xgboost,ML – XGBoost,AAPL,xgboost,xgboost,xgboost,binary,binary-2026-05,D-ml_xgboost-0d94a960dea3,S-AAPL-xgboost-20250415-2d55d9,T-ml_xgboost-2704967b5da1,BUY,2026-05-17T18:43:31Z,2025-04-15,2025-04-15,201.86,202.52,201.86,203.51,199.8,202.14,51343900,138.0,0.0,138.0,49296.84,21440.16,0.0,27856.68,139978.34,140016.98,0.2,0.0,0.199,75.02,0.5005,0.7502,0.55,45.48,-8.2193,-8.3218,0.1025,238.9364,177.2746,208.1055,208.1055,223.3024,-0.038933,0.01217,0.050411,,,,,prob_above_buy_threshold,prob_above_buy_threshold,2026-05-15,1.0,2026-05-17T18:43:31Z,32631.34,-0.191297,-0.322338
ml_xgboost,ML – XGBoost,UNH,xgboost,xgboost,xgboost,binary,binary-2026-05,D-ml_xgboost-673b740d39d6,S-UNH-xgboost-20250417-299a89,T-ml_xgboost-caa647465f44,SELL,2026-05-17T18:43:31Z,2025-04-17,2025-04-17,481.95,585.04,481.95,489.79,447.1,454.11,29120200,58.0,58.0,0.0,21440.16,49393.26,27953.1,0.0,130340.8,131955.52,0.2,0.2145,0.0,14.24,0.7152,0.1424,0.55,31.88,12.1761,16.0844,-3.9083,612.2607,466.9643,539.6125,539.6125,513.0404,-0.063377,-0.078109,-0.357182,345.1,0.0125,42,True,prob_below_sell_threshold,prob_below_sell_threshold,2026-05-15,1.0,2026-05-17T18:43:31Z,32976.44,-0.182745,-0.322338
ml_xgboost,ML – XGBoost,JNJ,xgboost,xgboost,xgboost,binary,binary-2026-05,D-ml_xgboost-9174cc377fa3,S-JNJ-xgboost-20250417-ff9c8f,T-ml_xgboost-66c8ff017344,BUY,2026-05-17T18:43:31Z,2025-04-17,2025-04-17,154.16,153.91,154.16,159.44,154.16,157.47,10981100,169.0,0.0,169.0,49393.26,23340.22,0.0,26053.04,130340.8,132514.91,0.2,0.0,0.1966,59.54,0.1909,0.5954,0.55,51.19,-1.9797,-2.0599,0.0803,167.4605,146.0775,156.769,156.769,159.6642,-0.003493,-0.018353,-0.038992,,,,,prob_above_buy_threshold,prob_above_buy_threshold,2026-05-15,1.0,2026-05-17T18:43:31Z,32976.44,-0.182745,-0.322338
ml_xgboost,ML – XGBoost,MSFT,xgboost,xgboost,xgboost,binary,binary-2026-05,D-ml_xgboost-3dc5cf4fe6f8,S-MSFT-xgboost-20250421-457520,T-ml_xgboost-4452201289d5,SELL,2026-05-17T18:43:31Z,2025-04-21,2025-04-21,362.82,367.78,362.82,364.48,355.67,359.12,20807300,73.0,73.0,0.0,23340.22,49826.08,26485.86,0.0,130897.31,131167.41,0.2,0.2023,0.0,40.75,0.185,0.4075,0.55,38.04,-5.4474,-5.0348,-0.4126,403.1797,353.3223,378.251,378.251,389.6802,0.021441,0.089218,0.277762,-1404.52,-0.050359,11,False,prob_below_sell_threshold,prob_below_sell_threshold,2026-05-15,1.0,2026-05-17T18:43:31Z,31571.92,-0.217553,-0.322338
ml_xgboost,ML – XGBoost,MSFT,xgboost,xgboost,xgboost,binary,binary-2026-05,D-ml_xgboost-02b3a459e387,S-MSFT-xgboost-20250424-525844,T-ml_xgboost-3f53bdc6cea8,BUY,2026-05-17T18:43:31Z,2025-04-24,2025-04-24,375.7,374.39,375.7,388.45,375.19,387.3,22232300,71.0,0.0,71.0,49826.08,23151.38,0.0,26674.7,134855.03,135678.62,0.2,0.0,0.1966,78.38,0.5677,0.7838,0.55,53.88,-3.7122,-4.8763,1.1641,398.4288,353.1032,375.766,375.766,387.5822,0.011748,0.098373,0.174438,,,,,prob_above_buy_threshold,prob_above_buy_threshold,2026-05-15,1.0,2026-05-17T18:43:31Z,31571.92,-0.217553,-0.322338
ml_xgboost,ML – XGBoost,AAPL,xgboost,xgboost,xgboost,binary,binary-2026-05,D-ml_xgboost-15c2f85cb3ac,S-AAPL-xgboost-20250508-6d534e,T-ml_xgboost-af34d998b9ff,SELL,2026-05-17T18:43:31Z,2025-05-08,2025-05-08,197.72,196.25,197.72,200.05,194.68,197.49,50478900,138.0,138.0,0.0,23151.38,50436.74,27285.36,0.0,138998.42,139030.16,0.2,0.1963,0.0,44.41,0.1118,0.4441,0.55,42.76,-2.5738,-2.454,-0.1198,215.5299,188.7991,202.1645,202.1645,211.8114,0.005266,0.070687,0.032559,-571.32,-0.020509,23,False,prob_below_sell_threshold,prob_below_sell_threshold,2026-05-15,1.0,2026-05-17T18:43:31Z,31000.6,-0.231712,-0.322338
ml_xgboost,ML – XGBoost,AAPL,xgboost,xgboost,xgboost,binary,binary-2026-05,D-ml_xgboost-e1a79bd49741,S-AAPL-xgboost-20250512-45c5da,T-ml_xgboost-b42b3d6c66ac,BUY,2026-05-17T18:43:31Z,2025-05-12,2025-05-12,210.97,198.53,210.97,211.27,206.75,210.79,63775800,133.0,0.0,133.0,50436.74,22377.73,0.0,28059.01,140370.01,140346.06,0.2,0.0,0.1999,64.74,0.2947,0.6474,0.55,54.92,-1.7641,-2.353,0.5889,215.8921,190.5119,203.202,203.202,210.415,0.010152,-0.009536,-0.038522,,,,,prob_above_buy_threshold,prob_above_buy_threshold,2026-05-15,1.0,2026-05-17T18:43:31Z,31000.6,-0.231712,-0.322338
ml_xgboost,ML – XGBoost,JNJ,xgboost,xgboost,xgboost,binary,binary-2026-05,D-ml_xgboost-c84944e592dc,S-JNJ-xgboost-20250513-15df27,T-ml_xgboost-cf50a1522a41,SELL,2026-05-17T18:43:31Z,2025-05-13,2025-05-13,151.7,154.14,151.7,151.7,148.08,148.44,10549600,169.0,169.0,0.0,22377.73,48015.03,25637.3,0.0,140022.95,140573.89,0.2,0.1831,0.0,42.42,0.1516,0.4242,0.55,35.07,-1.0762,-0.7635,-0.3127,158.9746,151.2194,155.097,155.097,158.2138,-0.014012,0.035166,0.045944,-415.74,-0.015957,26,False,prob_below_sell_threshold,prob_below_sell_threshold,2026-05-15,1.0,2026-05-17T18:43:31Z,30584.86,-0.242015,-0.322338
ml_xgboost,ML – XGBoost,JNJ,xgboost,xgboost,xgboost,binary,binary-2026-05,D-ml_xgboost-c3581b29fd5a,S-JNJ-xgboost-20250521-8547ea,T-ml_xgboost-e4f9c008a2dc,BUY,2026-05-17T18:43:31Z,2025-05-21,2025-05-21,153.19,153.66,153.19,154.43,153.0,153.18,7032200,181.0,0.0,181.0,48015.03,20287.64,0.0,27727.39,139133.39,139131.58,0.2,0.0,0.1993,61.34,0.2268,0.6134,0.55,48.39,-1.1972,-1.2843,0.087,159.1221,148.2299,153.676,153.676,156.414,-0.003721,0.002611,-0.022131,,,,,prob_above_buy_threshold,prob_above_buy_threshold,2026-05-15,1.0,2026-05-17T18:43:31Z,30584.86,-0.242015,-0.322338
ml_xgboost,ML – XGBoost,MSFT,xgboost,xgboost,xgboost,binary,binary-2026-05,D-ml_xgboost-858a1074d54a,S-MSFT-xgboost-20250522-58d5e7,T-ml_xgboost-d3161a75f780,SELL,2026-05-17T18:43:31Z,2025-05-22,2025-05-22,454.95,452.57,454.95,460.25,453.9,454.86,18025600,71.0,71.0,0.0,20287.64,52589.09,32301.45,0.0,139048.4,139054.79,0.2,0.2323,0.0,41.08,0.1784,0.4108,0.55,72.0,17.318,16.6909,0.627,480.3993,389.1937,434.7965,434.7965,401.8986,-0.010289,0.012092,0.068461,5626.75,0.21094,28,True,prob_below_sell_threshold,prob_below_sell_threshold,2026-05-15,1.0,2026-05-17T18:43:31Z,36211.61,-0.102567,-0.322338
ml_xgboost,ML – XGBoost,JPM,xgboost,xgboost,xgboost,binary,binary-2026-05,D-ml_xgboost-6b61ae43581f,S-JPM-xgboost-20250522-86a249,T-ml_xgboost-73937e625dab,SELL,2026-05-17T18:43:31Z,2025-05-22,2025-05-22,259.44,261.04,259.44,262.3,258.87,260.67,6514100,123.0,123.0,0.0,52589.09,84500.21,31911.12,0.0,139048.4,138903.5,0.2,0.2295,0.0,42.93,0.1415,0.4293,0.55,59.79,6.2834,6.007,0.2763,272.3502,238.5678,255.459,255.459,243.5776,0.000153,0.012775,0.067518,4074.99,0.146392,41,True,prob_below_sell_threshold,prob_below_sell_threshold,2026-05-15,1.0,2026-05-17T18:43:31Z,40286.6,-0.001577,-0.322338
ml_xgboost,ML – XGBoost,UNH,xgboost,xgboost,xgboost,binary,binary-2026-05,D-ml_xgboost-b997cf3c206c,S-UNH-xgboost-20250522-79c1d5,T-ml_xgboost-6878c75c707b,BUY,2026-05-17T18:43:31Z,2025-05-22,2025-05-22,293.89,302.98,293.89,305.67,292.5,296.67,27159600,94.0,0.0,94.0,84500.21,56874.55,0.0,27625.66,139048.4,139164.82,0.2,0.0,0.1985,67.39,0.3479,0.6739,0.55,27.23,-46.9569,-44.5494,-2.4075,459.5482,262.2518,360.9,360.9,454.0492,-0.003708,0.017663,0.013517,,,,,prob_above_buy_threshold,prob_above_buy_threshold,2026-05-15,1.0,2026-05-17T18:43:31Z,40286.6,-0.001577,-0.322338
ml_xgboost,ML – XGBoost,AAPL,xgboost,xgboost,xgboost,binary,binary-2026-05,D-ml_xgboost-d02c3c2e2179,S-AAPL-xgboost-20250523-ebf48a,T-ml_xgboost-493955b71e3d,SELL,2026-05-17T18:43:31Z,2025-05-23,2025-05-23,193.67,201.36,193.67,197.7,193.46,195.27,78432900,133.0,133.0,0.0,56874.55,82632.65,25758.11,0.0,138311.18,138098.38,0.2,0.1862,0.0,35.54,0.2892,0.3554,0.55,38.66,-1.1403,-0.4438,-0.6965,218.4004,193.1306,205.7655,205.7655,206.48,0.025298,0.032929,0.025759,-2300.9,-0.082002,11,False,prob_below_sell_threshold,prob_below_sell_threshold,2026-05-15,1.0,2026-05-17T18:43:31Z,37985.7,-0.0586,-0.322338
ml_xgboost,ML – XGBoost,AAPL,xgboost,xgboost,xgboost,binary,binary-2026-05,D-ml_xgboost-ea55fbc19508,S-AAPL-xgboost-20250609-c282e3,T-ml_xgboost-29447914a2f5,BUY,2026-05-17T18:43:31Z,2025-06-09,2025-06-09,204.39,203.92,204.39,206.0,200.02,201.45,72862600,136.0,0.0,136.0,82632.65,54835.62,0.0,27797.04,139229.14,138829.3,0.2,0.0,0.2002,55.18,0.1037,0.5518,0.55,46.96,-1.0892,-1.2076,0.1184,214.3811,194.4529,204.417,204.417,203.2314,0.006056,-0.015041,0.048101,,,,,prob_above_buy_threshold,prob_above_buy_threshold,2026-05-15,1.0,2026-05-17T18:43:31Z,37985.7,-0.0586,-0.322338
ml_xgboost,ML – XGBoost,AAPL,xgboost,xgboost,xgboost,binary,binary-2026-05,D-ml_xgboost-91eeb232f1c6,S-AAPL-xgboost-20250613-354852,T-ml_xgboost-6d7fe939960d,SELL,2026-05-17T18:43:31Z,2025-06-13,2025-06-13,199.73,199.2,199.73,200.37,195.7,196.45,51447300,136.0,136.0,0.0,54835.62,81998.89,27163.28,0.0,139459.74,139905.82,0.2,0.1948,0.0,43.96,0.1208,0.4396,0.55,40.72,-1.6097,-1.2792,-0.3305,209.2422,194.5518,201.897,201.897,201.4312,0.010028,0.025706,0.064444,-633.76,-0.0228,4,False,prob_below_sell_threshold,prob_below_sell_threshold,2026-05-15,1.0,2026-05-17T18:43:31Z,37351.94,-0.074307,-0.322338
ml_xgboost,ML – XGBoost,JNJ,xgboost,xgboost,xgboost,binary,binary-2026-05,D-ml_xgboost-fc29155d5b38,S-JNJ-xgboost-20250618-ead5ae,T-ml_xgboost-9518eff2e924,SELL,2026-05-17T18:43:31Z,2025-06-18,2025-06-18,152.57,152.38,152.57,152.65,150.71,150.73,8325200,181.0,181.0,0.0,81998.89,109614.07,27615.17,0.0,138157.82,138490.87,0.2,0.1999,0.0,41.7,0.1659,0.417,0.55,39.82,-0.0608,0.1712,-0.2321,157.4269,150.9691,154.198,154.198,153.902,-0.006236,0.008492,0.086048,-112.22,-0.004047,28,False,prob_below_sell_threshold,prob_below_sell_threshold,2026-05-15,1.0,2026-05-17T18:43:31Z,37239.72,-0.077088,-0.322338
ml_xgboost,ML – XGBoost,AAPL,xgboost,xgboost,xgboost,binary,binary-2026-05,D-ml_xgboost-392b18b64507,S-AAPL-xgboost-20250623-db54fe,T-ml_xgboost-0392c9119941,BUY,2026-05-17T18:43:31Z,2025-06-23,2025-06-23,201.63,201.0,201.63,202.3,198.96,201.5,55814300,136.0,0.0,136.0,109614.07,82192.39,0.0,27421.68,137877.99,137860.3,0.2,0.0,0.1989,57.15,0.1429,0.5715,0.55,50.39,-1.4211,-1.5684,0.1472,204.956,195.117,200.0365,200.0365,202.408,-0.005955,0.018213,0.06402,,,,,prob_above_buy_threshold,prob_above_buy_threshold,2026-05-15,1.0,2026-05-17T18:43:31Z,37239.72,-0.077088,-0.322338
ml_xgboost,ML – XGBoost,JPM,xgboost,xgboost,xgboost,binary,binary-2026-05,D-ml_xgboost-55b8e41ff944,S-JPM-xgboost-20250624-6e5cd0,T-ml_xgboost-619652bc43a6,BUY,2026-05-17T18:43:31Z,2025-06-24,2025-06-24,280.21,278.27,280.21,282.71,279.51,281.26,9267900,98.0,0.0,98.0,82192.39,54731.81,0.0,27460.58,138161.47,138264.37,0.2,0.0,0.1986,55.07,0.1015,0.5507,0.55,73.99,5.2446,4.4399,0.8048,278.3591,258.1439,268.2515,268.2515,257.0128,0.009955,0.032532,0.055109,,,,,prob_above_buy_threshold,prob_above_buy_threshold,2026-05-15,1.0,2026-05-17T18:43:31Z,37239.72,-0.077088,-0.322338
ml_xgboost,ML – XGBoost,JNJ,xgboost,xgboost,xgboost,binary,binary-2026-05,D-ml_xgboost-7ed73f90c999,S-JNJ-xgboost-20250702-e6b1c1,T-ml_xgboost-6e3c6e1052c1,BUY,2026-05-17T18:43:31Z,2025-07-02,2025-07-02,156.0,155.92,156.0,156.3,155.07,155.56,5544000,180.0,0.0,180.0,54731.81,26651.81,0.0,28080.0,141150.29,141071.09,0.2,0.0,0.199,64.8,0.296,0.648,0.55,56.62,-0.0524,-0.3198,0.2673,157.9184,149.5986,153.7585,153.7585,153.8332,0.002893,0.013692,0.059013,,,,,prob_above_buy_threshold,prob_above_buy_threshold,2026-05-15,1.0,2026-05-17T18:43:31Z,37239.72,-0.077088,-0.322338
ml_xgboost,ML – XGBoost,JPM,xgboost,xgboost,xgboost,binary,binary-2026-05,D-ml_xgboost-f554b809914a,S-JPM-xgboost-20250709-e6a874,T-ml_xgboost-76dc879804f3,SELL,2026-05-17T18:43:31Z,2025-07-09,2025-07-09,287.18,282.78,287.18,287.2,282.48,283.16,11273800,98.0,98.0,0.0,26651.81,54795.45,28143.64,0.0,139720.47,140114.43,0.2,0.2014,0.0,30.56,0.3888,0.3056,0.55,56.95,6.7202,7.1577,-0.4375,299.2713,261.1747,280.223,280.223,267.5504,0.017764,0.009394,0.028924,683.06,0.024874,15,True,prob_below_sell_threshold,prob_below_sell_threshold,2026-05-15,1.0,2026-05-17T18:43:31Z,37922.78,-0.06016,-0.322338
ml_xgboost,ML – XGBoost,AAPL,xgboost,xgboost,xgboost,binary,binary-2026-05,D-ml_xgboost-899220f2e5c9,S-AAPL-xgboost-20250729-fb4cc6,T-ml_xgboost-e02537e287c1,SELL,2026-05-17T18:43:31Z,2025-07-29,2025-07-29,214.18,214.05,214.18,214.81,210.82,211.27,51411700,136.0,136.0,0.0,54795.45,83923.92,29128.48,0.0,138328.55,138724.31,0.2,0.2106,0.0,40.11,0.1979,0.4011,0.55,54.51,2.318,2.4073,-0.0893,215.4772,207.6788,211.578,211.578,205.435,-0.010508,-0.039523,0.085388,1706.8,0.062243,36,True,prob_below_sell_threshold,prob_below_sell_threshold,2026-05-15,1.0,2026-05-17T18:43:31Z,39629.58,-0.01786,-0.322338
ml_xgboost,ML – XGBoost,UNH,xgboost,xgboost,xgboost,binary,binary-2026-05,D-ml_xgboost-ee756249e048,S-UNH-xgboost-20250730-b6701f,T-ml_xgboost-edf44bd2a7fb,SELL,2026-05-17T18:43:31Z,2025-07-30,2025-07-30,264.8,261.07,264.8,266.63,258.12,266.04,22371800,94.0,94.0,0.0,83923.92,108815.12,24891.2,0.0,139038.48,138921.92,0.2,0.179,0.0,39.95,0.201,0.3995,0.55,33.22,-10.946,-9.132,-1.814,317.5446,264.2744,290.9095,290.9095,299.6584,-0.061946,-0.076154,0.142234,-2734.46,-0.098983,69,False,prob_below_sell_threshold,prob_below_sell_threshold,2026-05-15,1.0,2026-05-17T18:43:31Z,36895.12,-0.085628,-0.322338
ml_xgboost,ML – XGBoost,JNJ,xgboost,xgboost,xgboost,binary,binary-2026-05,D-ml_xgboost-53e967586d83,S-JNJ-xgboost-20250801-89b586,T-ml_xgboost-6cb8563d120b,SELL,2026-05-17T18:43:31Z,2025-08-01,2025-08-01,165.48,164.74,165.48,167.62,164.79,167.33,8927800,180.0,180.0,0.0,108815.12,138601.52,29786.4,0.0,138934.52,138601.52,0.2,0.2144,0.0,42.19,0.1562,0.4219,0.55,61.99,3.2175,3.1757,0.0418,173.2703,152.5587,162.9145,162.9145,157.4498,0.022172,0.035857,0.058806,1706.4,0.060769,30,True,prob_below_sell_threshold,prob_below_sell_threshold,2026-05-15,1.0,2026-05-17T18:43:31Z,38601.52,-0.043338,-0.322338
ml_xgboost,ML – XGBoost,MSFT,xgboost,xgboost,xgboost,binary,binary-2026-05,D-ml_xgboost-a93063544cbc,S-MSFT-xgboost-20250804-f586b5,T-ml_xgboost-c13b9e61eb3d,BUY,2026-05-17T18:43:31Z,2025-08-04,2025-08-04,528.27,524.11,528.27,538.25,528.13,535.64,25349000,52.0,0.0,52.0,138601.52,111131.48,0.0,27470.04,138601.52,138984.76,0.2,0.0,0.1976,61.88,0.2376,0.6188,0.55,74.07,10.7088,9.5821,1.1267,530.3956,491.4534,510.9245,510.9245,490.2262,-0.01473,-0.025894,-0.056979,,,,,prob_above_buy_threshold,prob_above_buy_threshold,2026-05-15,1.0,2026-05-17T18:43:31Z,38601.52,-0.043338,-0.322338
ml_xgboost,ML – XGBoost,MSFT,xgboost,xgboost,xgboost,binary,binary-2026-05,D-ml_xgboost-29f02a4b85ec,S-MSFT-xgboost-20250807-026aae,T-ml_xgboost-e604994b2b8e,SELL,2026-05-17T18:43:31Z,2025-08-07,2025-08-07,526.8,524.94,526.8,528.09,517.55,520.84,16079100,52.0,52.0,0.0,111131.48,138525.08,27393.6,0.0,138215.16,138525.08,0.2,0.1982,0.0,33.73,0.3254,0.3373,0.55,58.9,9.6442,9.8633,-0.2191,533.8391,495.2019,514.5205,514.5205,494.3822,0.002304,0.003149,-0.049612,-76.44,-0.002783,3,False,prob_below_sell_threshold,prob_below_sell_threshold,2026-05-15,1.0,2026-05-17T18:43:31Z,38525.08,-0.045233,-0.322338
ml_xgboost,ML – XGBoost,AAPL,xgboost,xgboost,xgboost,binary,binary-2026-05,D-ml_xgboost-d5b1f58deb76,S-AAPL-xgboost-20250808-910554,T-ml_xgboost-21a3270a4f89,BUY,2026-05-17T18:43:31Z,2025-08-08,2025-08-08,220.83,220.03,220.83,231.0,219.25,229.35,113854000,125.0,0.0,125.0,138525.08,110921.33,0.0,27603.75,138525.08,139590.08,0.2,0.0,0.1977,90.22,0.8044,0.9022,0.55,73.66,2.4329,1.2297,1.2032,223.3038,199.7942,211.549,211.549,206.668,-0.009462,0.009767,0.037192,,,,,prob_above_buy_threshold,prob_above_buy_threshold,2026-05-15,1.0,2026-05-17T18:43:31Z,38525.08,-0.045233,-0.322338
ml_xgboost,ML – XGBoost,UNH,xgboost,xgboost,xgboost,binary,binary-2026-05,D-ml_xgboost-89e973671179,S-UNH-xgboost-20250808-dc2427,T-ml_xgboost-163d1f1f9260,BUY,2026-05-17T18:43:31Z,2025-08-08,2025-08-08,244.79,244.67,244.79,251.08,244.37,250.89,10185700,113.0,0.0,113.0,110921.33,83260.06,0.0,27661.27,138525.08,140279.38,0.2,0.0,0.1972,57.24,0.1448,0.5724,0.55,36.53,-15.7588,-14.3655,-1.3933,310.1701,230.3099,270.24,270.24,291.5554,0.005899,0.211726,0.276456,,,,,prob_above_buy_threshold,prob_above_buy_threshold,2026-05-15,1.0,2026-05-17T18:43:31Z,38525.08,-0.045233,-0.322338
ml_xgboost,ML – XGBoost,JNJ,xgboost,xgboost,xgboost,binary,binary-2026-05,D-ml_xgboost-7388b0ad7b7b,S-JNJ-xgboost-20250808-7e4974,T-ml_xgboost-762678f22429,BUY,2026-05-17T18:43:31Z,2025-08-08,2025-08-08,171.02,171.53,171.02,173.96,170.39,173.33,7686800,161.0,0.0,161.0,83260.06,55725.84,0.0,27534.22,138525.08,140651.29,0.2,0.0,0.1958,56.17,0.1233,0.5617,0.55,70.4,3.7233,3.4491,0.2742,175.6784,157.6806,166.6795,166.6795,159.3062,0.002827,0.019097,0.027693,,,,,prob_above_buy_threshold,prob_above_buy_threshold,2026-05-15,1.0,2026-05-17T18:43:31Z,38525.08,-0.045233,-0.322338
ml_xgboost,ML – XGBoost,AAPL,xgboost,xgboost,xgboost,binary,binary-2026-05,D-ml_xgboost-a3bd96ac4fe8,S-AAPL-xgboost-20250822-1f6099,T-ml_xgboost-fe670588f943,SELL,2026-05-17T18:43:31Z,2025-08-22,2025-08-22,226.17,224.9,226.17,229.09,225.41,227.76,42477800,125.0,125.0,0.0,55725.84,83997.09,28271.25,0.0,147799.99,147601.24,0.2,0.1913,0.0,41.22,0.1756,0.4122,0.55,61.46,5.1561,5.0905,0.0656,242.1457,198.6413,220.3935,220.3935,212.2402,-0.002634,0.019231,0.124341,667.5,0.024181,14,True,prob_below_sell_threshold,prob_below_sell_threshold,2026-05-15,1.0,2026-05-17T18:43:31Z,39192.58,-0.02869,-0.322338
ml_xgboost,ML – XGBoost,JNJ,xgboost,xgboost,xgboost,binary,binary-2026-05,D-ml_xgboost-8550bdb0b2e4,S-JNJ-xgboost-20250825-1f90cb,T-ml_xgboost-b2f405824d9e,SELL,2026-05-17T18:43:31Z,2025-08-25,2025-08-25,179.52,179.29,179.52,180.26,178.29,178.41,6229100,161.0,161.0,0.0,83997.09,112899.81,28902.72,0.0,147170.28,147348.99,0.2,0.1964,0.0,40.17,0.1967,0.4017,0.55,72.11,4.1819,4.0836,0.0983,181.8462,164.8108,173.3285,173.3285,164.0618,-0.010762,-0.001962,-0.010257,1368.5,0.049702,17,True,prob_below_sell_threshold,prob_below_sell_threshold,2026-05-15,1.0,2026-05-17T18:43:31Z,40561.08,0.0,-0.322338
ml_xgboost,ML – XGBoost,JPM,xgboost,xgboost,xgboost,binary,binary-2026-05,D-ml_xgboost-d802b6c0815a,S-JPM-xgboost-20250827-612ea1,T-ml_xgboost-02428c96c803,BUY,2026-05-17T18:43:31Z,2025-08-27,2025-08-27,297.25,298.57,297.25,301.07,297.04,299.28,6056500,99.0,0.0,99.0,112899.81,83472.06,0.0,29427.75,147238.25,147439.22,0.2,0.0,0.1996,61.69,0.2337,0.6169,0.55,61.53,2.0423,1.5926,0.4497,298.8916,286.1854,292.5385,292.5385,290.03,0.005981,0.01517,0.047347,,,,,prob_above_buy_threshold,prob_above_buy_threshold,2026-05-15,1.0,2026-05-17T18:43:31Z,40561.08,0.0,-0.322338
ml_xgboost,ML – XGBoost,AAPL,xgboost,xgboost,xgboost,binary,binary-2026-05,D-ml_xgboost-d03b950d4f40,S-AAPL-xgboost-20250905-ba5b2d,T-ml_xgboost-d990e9152834,BUY,2026-05-17T18:43:31Z,2025-09-05,2025-09-05,240.0,239.78,240.0,241.32,238.49,239.69,54870400,123.0,0.0,123.0,83472.06,53952.06,0.0,29520.0,148254.75,148216.62,0.2,0.0,0.1992,57.93,0.1586,0.5793,0.55,70.86,5.5891,5.0767,0.5124,239.3144,223.0176,231.166,231.166,218.4136,-0.007551,-0.023447,0.076474,,,,,prob_above_buy_threshold,prob_above_buy_threshold,2026-05-15,1.0,2026-05-17T18:43:31Z,40561.08,0.0,-0.322338
ml_xgboost,ML – XGBoost,JPM,xgboost,xgboost,xgboost,binary,binary-2026-05,D-ml_xgboost-ca15cdede1f3,S-JPM-xgboost-20250908-b17d84,T-ml_xgboost-d9995c8971d8,SELL,2026-05-17T18:43:31Z,2025-09-08,2025-09-08,294.89,294.38,294.89,296.46,291.44,292.91,8188500,99.0,99.0,0.0,53952.06,83146.17,29194.11,0.0,148397.64,148593.66,0.2,0.1967,0.0,33.94,0.3211,0.3394,0.55,47.15,1.9748,2.3473,-0.3725,303.755,286.774,295.2645,295.2645,292.8698,0.016865,0.05459,0.055546,-233.64,-0.007939,12,False,prob_below_sell_threshold,prob_below_sell_threshold,2026-05-15,1.0,2026-05-17T18:43:31Z,40327.44,-0.00576,-0.322338
ml_xgboost,ML – XGBoost,AAPL,xgboost,xgboost,xgboost,binary,binary-2026-05,D-ml_xgboost-571416c64c1f,S-AAPL-xgboost-20250910-96f221,T-ml_xgboost-cbd3efb84980,SELL,2026-05-17T18:43:31Z,2025-09-10,2025-09-10,232.19,234.35,232.19,232.42,225.95,226.79,83440800,123.0,123.0,0.0,83146.17,111705.54,28559.37,0.0,150227.48,150891.68,0.2,0.1901,0.0,19.75,0.605,0.1975,0.55,48.07,4.2585,4.9963,-0.7378,240.487,223.129,231.808,231.808,220.249,0.014286,0.053794,0.137881,-960.63,-0.032542,5,False,prob_below_sell_threshold,prob_below_sell_threshold,2026-05-15,1.0,2026-05-17T18:43:31Z,39366.81,-0.029444,-0.322338
ml_xgboost,ML – XGBoost,JPM,xgboost,xgboost,xgboost,binary,binary-2026-05,D-ml_xgboost-52212cee4e4d,S-JPM-xgboost-20250912-27a7ff,T-ml_xgboost-71e3e2afdafe,BUY,2026-05-17T18:43:31Z,2025-09-12,2025-09-12,305.0,305.56,305.0,307.55,303.7,306.91,6846700,99.0,0.0,99.0,111705.54,81510.54,0.0,30195.0,151539.17,151728.26,0.2,0.0,0.199,66.62,0.3323,0.6662,0.55,63.69,2.9705,2.4124,0.5581,307.2384,287.6666,297.4525,297.4525,293.8984,0.006484,0.025643,-0.019615,,,,,prob_above_buy_threshold,prob_above_buy_threshold,2026-05-15,1.0,2026-05-17T18:43:31Z,39366.81,-0.029444,-0.322338
ml_xgboost,ML – XGBoost,MSFT,xgboost,xgboost,xgboost,binary,binary-2026-05,D-ml_xgboost-542b7018a10b,S-MSFT-xgboost-20250915-521e17,T-ml_xgboost-3ef5029924bc,BUY,2026-05-17T18:43:31Z,2025-09-15,2025-09-15,508.79,509.9,508.79,515.47,507.0,515.36,17143800,59.0,0.0,59.0,81510.54,51491.93,0.0,30018.61,151403.21,151790.84,0.2,0.0,0.1978,64.93,0.2986,0.6493,0.55,58.03,-1.3727,-2.0614,0.6888,516.2219,494.7901,505.506,505.506,510.7228,-0.012263,-0.001766,-0.002542,,,,,prob_above_buy_threshold,prob_above_buy_threshold,2026-05-15,1.0,2026-05-17T18:43:31Z,39366.81,-0.029444,-0.322338
ml_xgboost,ML – XGBoost,UNH,xgboost,xgboost,xgboost,binary,binary-2026-05,D-ml_xgboost-177ed3849620,S-UNH-xgboost-20250918-3bceb8,T-ml_xgboost-9f3b5b41c986,SELL,2026-05-17T18:43:31Z,2025-09-18,2025-09-18,343.53,341.61,343.53,344.93,334.12,334.82,11255600,113.0,113.0,0.0,51491.93,90310.82,38818.89,0.0,150334.91,151319.14,0.2,0.2582,0.0,40.83,0.1835,0.4083,0.55,60.85,14.8484,14.176,0.6724,361.6399,284.3321,322.986,322.986,294.839,0.005585,0.032077,0.065259,11157.62,0.403366,41,True,prob_below_sell_threshold,prob_below_sell_threshold,2026-05-15,1.0,2026-05-17T18:43:31Z,50524.43,0.0,-0.322338
ml_xgboost,ML – XGBoost,AAPL,xgboost,xgboost,xgboost,binary,binary-2026-05,D-ml_xgboost-56f5537d8906,S-AAPL-xgboost-20250922-421503,T-ml_xgboost-3521ee7859c2,BUY,2026-05-17T18:43:31Z,2025-09-22,2025-09-22,248.3,245.5,248.3,256.64,248.12,256.08,105517400,122.0,0.0,122.0,90310.82,60018.22,0.0,30292.6,151594.93,152544.09,0.2,0.0,0.1986,80.0,0.5999,0.8,0.55,74.96,5.6013,4.4464,1.1549,249.1588,222.4152,235.787,235.787,224.8274,-0.006443,-0.006443,0.024055,,,,,prob_above_buy_threshold,prob_above_buy_threshold,2026-05-15,1.0,2026-05-17T18:43:31Z,50524.43,0.0,-0.322338
ml_xgboost,ML – XGBoost,JNJ,xgboost,xgboost,xgboost,binary,binary-2026-05,D-ml_xgboost-4078cb5870e7,S-JNJ-xgboost-20250930-85ba1d,T-ml_xgboost-391babdcc68f,BUY,2026-05-17T18:43:31Z,2025-09-30,2025-09-30,181.7,181.62,181.7,185.99,181.07,185.42,11569000,168.0,0.0,168.0,60018.22,29492.62,0.0,30525.6,152869.7,153494.66,0.2,0.0,0.1989,68.54,0.3709,0.6854,0.55,71.02,1.7196,1.2148,0.5048,182.6342,172.9658,177.8,177.8,174.9528,0.003398,0.018714,0.008144,,,,,prob_above_buy_threshold,prob_above_buy_threshold,2026-05-15,1.0,2026-05-17T18:43:31Z,50524.43,0.0,-0.322338
ml_xgboost,ML – XGBoost,JPM,xgboost,xgboost,xgboost,binary,binary-2026-05,D-ml_xgboost-c7ba04d6df69,S-JPM-xgboost-20251001-b7e242,T-ml_xgboost-9b6106b24017,SELL,2026-05-17T18:43:31Z,2025-10-01,2025-10-01,313.97,315.43,313.97,314.59,307.41,310.71,9235200,99.0,99.0,0.0,29492.62,60575.65,31083.03,0.0,153337.1,153659.84,0.2,0.2027,0.0,35.12,0.2977,0.3512,0.55,57.06,4.6477,4.8351,-0.1873,322.411,294.565,308.488,308.488,300.1822,-0.01017,-0.021499,-0.016736,888.03,0.02941,19,True,prob_below_sell_threshold,prob_below_sell_threshold,2026-05-15,1.0,2026-05-17T18:43:31Z,51412.46,0.0,-0.322338
ml_xgboost,ML – XGBoost,AAPL,xgboost,xgboost,xgboost,binary,binary-2026-05,D-ml_xgboost-8b434ce59cd7,S-AAPL-xgboost-20251006-22cf55,T-ml_xgboost-a5fb28563006,SELL,2026-05-17T18:43:31Z,2025-10-06,2025-10-06,257.99,258.02,257.99,259.07,255.05,256.69,44664100,122.0,122.0,0.0,60575.65,92050.43,31474.78,0.0,154688.34,154846.94,0.2,0.2035,0.0,43.9,0.1221,0.439,0.55,68.21,7.2126,7.0169,0.1957,267.6428,225.7532,246.698,246.698,233.5806,-0.000818,-0.035179,0.048151,1182.18,0.039025,14,True,prob_below_sell_threshold,prob_below_sell_threshold,2026-05-15,1.0,2026-05-17T18:43:31Z,52594.64,0.0,-0.322338
ml_xgboost,ML – XGBoost,MSFT,xgboost,xgboost,xgboost,binary,binary-2026-05,D-ml_xgboost-30201eecef1d,S-MSFT-xgboost-20251013-a41eaf,T-ml_xgboost-bd76d0ac67b1,SELL,2026-05-17T18:43:31Z,2025-10-13,2025-10-13,516.41,510.96,516.41,516.41,511.68,514.05,14284200,59.0,59.0,0.0,92050.43,122518.62,30468.19,0.0,154450.58,154589.82,0.2,0.1973,0.0,41.45,0.1711,0.4145,0.55,49.52,2.5334,2.7807,-0.2472,527.3354,503.4566,515.396,515.396,513.2698,-0.000934,0.00533,-0.01566,449.58,0.014977,28,True,prob_below_sell_threshold,prob_below_sell_threshold,2026-05-15,1.0,2026-05-17T18:43:31Z,53044.22,0.0,-0.322338
ml_xgboost,ML – XGBoost,JNJ,xgboost,xgboost,xgboost,binary,binary-2026-05,D-ml_xgboost-e5c8a2d66fbc,S-JNJ-xgboost-20251020-72db57,T-ml_xgboost-7138523872dd,SELL,2026-05-17T18:43:31Z,2025-10-20,2025-10-20,193.5,193.22,193.5,194.48,192.33,193.72,8034700,168.0,168.0,0.0,122518.62,155026.62,32508.0,0.0,155063.58,155026.62,0.2,0.2096,0.0,44.78,0.1044,0.4478,0.55,80.42,4.0568,3.7654,0.2914,197.8106,176.0834,186.947,186.947,180.861,-0.009498,-0.017654,0.03025,1982.4,0.064942,20,True,prob_below_sell_threshold,prob_below_sell_threshold,2026-05-15,1.0,2026-05-17T18:43:31Z,55026.62,0.0,-0.322338
ml_xgboost,ML – XGBoost,AAPL,xgboost,xgboost,xgboost,binary,binary-2026-05,D-ml_xgboost-94fa56bdfc49,S-AAPL-xgboost-20251027-069cd1,T-ml_xgboost-bf3de07c10e8,BUY,2026-05-17T18:43:31Z,2025-10-27,2025-10-27,264.88,262.82,264.88,269.12,264.65,268.81,44888200,117.0,0.0,117.0,155026.62,124035.66,0.0,30990.96,155026.62,155486.43,0.2,0.0,0.1993,62.13,0.2427,0.6213,0.55,69.03,4.9987,4.2742,0.7245,267.6881,243.8069,255.7475,255.7475,244.8862,0.000707,0.000893,0.02645,,,,,prob_above_buy_threshold,prob_above_buy_threshold,2026-05-15,1.0,2026-05-17T18:43:31Z,55026.62,0.0,-0.322338
ml_xgboost,ML – XGBoost,MSFT,xgboost,xgboost,xgboost,binary,binary-2026-05,D-ml_xgboost-7487062d638e,S-MSFT-xgboost-20251027-57bd11,T-ml_xgboost-9cc27228aee2,BUY,2026-05-17T18:43:31Z,2025-10-27,2025-10-27,531.78,523.61,531.78,534.58,529.01,531.52,18734700,58.0,0.0,58.0,124035.66,93192.42,0.0,30843.24,155026.62,155471.35,0.2,0.0,0.1984,62.85,0.2571,0.6285,0.55,66.53,2.9167,1.9055,1.0112,529.8771,507.9658,518.9215,518.9215,512.0182,0.019849,-0.027261,-0.108218,,,,,prob_above_buy_threshold,prob_above_buy_threshold,2026-05-15,1.0,2026-05-17T18:43:31Z,55026.62,0.0,-0.322338
ml_xgboost,ML – XGBoost,JPM,xgboost,xgboost,xgboost,binary,binary-2026-05,D-ml_xgboost-b633135270a9,S-JPM-xgboost-20251029-158aaf,T-ml_xgboost-a0628546625f,BUY,2026-05-17T18:43:31Z,2025-10-29,2025-10-29,303.51,305.36,303.51,308.25,303.01,305.51,7520300,102.0,0.0,102.0,93192.42,62234.4,0.0,30958.02,156157.22,156361.22,0.2,0.0,0.198,61.62,0.2325,0.6162,0.55,52.9,-1.0123,-1.2949,0.2825,312.2905,293.7395,303.015,303.015,304.0892,0.012864,0.020196,0.006972,,,,,prob_above_buy_threshold,prob_above_buy_threshold,2026-05-15,1.0,2026-05-17T18:43:31Z,55026.62,0.0,-0.322338
ml_xgboost,ML – XGBoost,MSFT,xgboost,xgboost,xgboost,binary,binary-2026-05,D-ml_xgboost-bdf42a4801b3,S-MSFT-xgboost-20251103-7a1b69,T-ml_xgboost-48d9c3b1fc1b,SELL,2026-05-17T18:43:31Z,2025-11-03,2025-11-03,519.81,517.81,519.81,524.96,514.59,517.03,22374700,58.0,58.0,0.0,62234.4,92383.38,30148.98,0.0,155254.69,155415.93,0.2,0.1942,0.0,41.07,0.1786,0.4107,0.55,47.08,3.1148,3.4796,-0.3648,538.4382,503.8948,521.1665,521.1665,514.0214,-0.005222,-0.021333,-0.052279,-694.26,-0.022509,7,False,prob_below_sell_threshold,prob_below_sell_threshold,2026-05-15,1.0,2026-05-17T18:43:31Z,54332.36,-0.012617,-0.322338
ml_xgboost,ML – XGBoost,AAPL,xgboost,xgboost,xgboost,binary,binary-2026-05,D-ml_xgboost-e625e7f82e1a,S-AAPL-xgboost-20251106-bd3ce8,T-ml_xgboost-5f315635f71f,SELL,2026-05-17T18:43:31Z,2025-11-06,2025-11-06,267.89,270.14,267.89,273.4,267.89,269.77,51204000,117.0,117.0,0.0,92383.38,123726.51,31343.13,0.0,155915.31,155695.35,0.2,0.201,0.0,40.54,0.1892,0.4054,0.55,66.7,5.8714,5.7394,0.132,279.7173,242.6747,261.196,261.196,251.534,-0.004819,0.011788,0.033399,352.17,0.011364,10,True,prob_below_sell_threshold,prob_below_sell_threshold,2026-05-15,1.0,2026-05-17T18:43:31Z,54684.53,-0.006217,-0.322338
ml_xgboost,ML – XGBoost,JNJ,xgboost,xgboost,xgboost,binary,binary-2026-05,D-ml_xgboost-ffd590d8b3c9,S-JNJ-xgboost-20251113-e6f58a,T-ml_xgboost-e5e2642b67b2,BUY,2026-05-17T18:43:31Z,2025-11-13,2025-11-13,194.21,194.39,194.21,196.0,193.45,195.25,8631600,159.0,0.0,159.0,123726.51,92847.12,0.0,30879.39,155293.47,155458.83,0.2,0.0,0.1986,60.1,0.202,0.601,0.55,68.11,1.5731,1.1876,0.3856,196.2215,183.8705,190.046,190.046,185.4882,0.003483,0.040051,0.083636,,,,,prob_above_buy_threshold,prob_above_buy_threshold,2026-05-15,1.0,2026-05-17T18:43:31Z,54684.53,-0.006217,-0.322338
ml_xgboost,ML – XGBoost,JPM,xgboost,xgboost,xgboost,binary,binary-2026-05,D-ml_xgboost-c185dbb6b939,S-JPM-xgboost-20251117-1ac603,T-ml_xgboost-fdc2bc53196e,SELL,2026-05-17T18:43:31Z,2025-11-17,2025-11-17,304.0,303.61,304.0,305.59,297.67,300.37,8344000,102.0,102.0,0.0,92847.12,123855.12,31008.0,0.0,155218.08,155588.34,0.2,0.1998,0.0,26.87,0.4626,0.2687,0.55,41.3,1.0727,1.8636,-0.7909,321.697,292.908,307.3025,307.3025,307.676,-0.003196,-0.00789,0.050538,49.98,0.001614,19,True,prob_below_sell_threshold,prob_below_sell_threshold,2026-05-15,1.0,2026-05-17T18:43:31Z,54734.51,-0.005309,-0.322338
ml_xgboost,ML – XGBoost,UNH,xgboost,xgboost,xgboost,binary,binary-2026-05,D-ml_xgboost-b35a3062c1df,S-UNH-xgboost-20251125-a6e035,T-ml_xgboost-f7151e485c48,BUY,2026-05-17T18:43:31Z,2025-11-25,2025-11-25,321.12,319.05,321.12,328.0,320.9,326.28,6149100,97.0,0.0,97.0,123855.12,92706.48,0.0,31148.64,156715.65,157216.17,0.2,0.0,0.1981,56.76,0.1352,0.5676,0.55,46.55,-7.6722,-7.5927,-0.0795,349.6979,304.5221,327.11,327.11,343.8824,0.010512,0.041161,0.003984,,,,,prob_above_buy_threshold,prob_above_buy_threshold,2026-05-15,1.0,2026-05-17T18:43:31Z,54734.51,-0.005309,-0.322338
ml_xgboost,ML – XGBoost,AAPL,xgboost,xgboost,xgboost,binary,binary-2026-05,D-ml_xgboost-fa2f79b9a2a5,S-AAPL-xgboost-20251201-619cc8,T-ml_xgboost-2b1f8213a37c,BUY,2026-05-17T18:43:31Z,2025-12-01,2025-12-01,278.01,278.85,278.01,283.42,276.14,283.1,46587700,112.0,0.0,112.0,92706.48,61569.36,0.0,31137.12,156706.91,157276.99,0.2,0.0,0.198,57.59,0.1519,0.5759,0.55,72.56,4.6168,4.1109,0.5058,280.9504,263.5066,272.2285,272.2285,263.3914,0.010915,-0.018403,-0.035394,,,,,prob_above_buy_threshold,prob_above_buy_threshold,2026-05-15,1.0,2026-05-17T18:43:31Z,54734.51,-0.005309,-0.322338
ml_xgboost,ML – XGBoost,JPM,xgboost,xgboost,xgboost,binary,binary-2026-05,D-ml_xgboost-70c98846c195,S-JPM-xgboost-20251201-9fe62a,T-ml_xgboost-2a41d3fcedf7,BUY,2026-05-17T18:43:31Z,2025-12-01,2025-12-01,312.95,313.08,312.95,314.04,308.54,308.92,7727300,100.0,0.0,100.0,61569.36,30274.35,0.0,31295.0,156706.91,156873.99,0.2,0.0,0.1995,61.7,0.234,0.617,0.55,53.27,-0.087,-0.4297,0.3427,321.0717,294.3293,307.7005,307.7005,306.8962,-0.003367,0.020361,0.046938,,,,,prob_above_buy_threshold,prob_above_buy_threshold,2026-05-15,1.0,2026-05-17T18:43:31Z,54734.51,-0.005309,-0.322338
ml_xgboost,ML – XGBoost,MSFT,xgboost,xgboost,xgboost,binary,binary-2026-05,D-ml_xgboost-b6df052c6f21,S-MSFT-xgboost-20251202-cd4a4e,T-ml_xgboost-75a18870d077,BUY,2026-05-17T18:43:31Z,2025-12-02,2025-12-02,486.72,486.74,486.72,493.5,486.32,490.0,19562700,62.0,0.0,62.0,30274.35,97.71,0.0,30176.64,157257.8,157461.16,0.2,0.0,0.1916,58.24,0.1647,0.5824,0.55,44.43,-7.9836,-7.9579,-0.0257,520.9151,468.9739,494.9445,494.9445,509.4802,-0.025041,0.004122,-0.01302,,,,,prob_above_buy_threshold,prob_above_buy_threshold,2026-05-15,1.0,2026-05-17T18:43:31Z,54734.51,-0.005309,-0.322338
ml_xgboost,ML – XGBoost,JNJ,xgboost,xgboost,xgboost,binary,binary-2026-05,D-ml_xgboost-9d5c244cacc1,S-JNJ-xgboost-20251203-68bc19,T-ml_xgboost-529f185515a5,SELL,2026-05-17T18:43:31Z,2025-12-03,2025-12-03,205.9,205.42,205.9,207.02,204.99,205.33,8363300,159.0,159.0,0.0,97.71,32835.81,32738.1,0.0,158354.11,158444.74,0.2,0.2067,0.0,41.2,0.176,0.412,0.55,73.17,4.6276,4.3615,0.2661,213.628,184.342,198.985,198.985,192.4924,-0.01388,0.005893,0.009838,1858.71,0.060193,20,True,prob_below_sell_threshold,prob_below_sell_threshold,2026-05-15,1.0,2026-05-17T18:43:31Z,56593.22,0.0,-0.322338
ml_xgboost,ML – XGBoost,AAPL,xgboost,xgboost,xgboost,binary,binary-2026-05,D-ml_xgboost-754a61dbeaa7,S-AAPL-xgboost-20251208-a3945c,T-ml_xgboost-2bb723cbaf24,SELL,2026-05-17T18:43:31Z,2025-12-08,2025-12-08,278.13,278.78,278.13,279.67,276.15,277.89,38211800,112.0,112.0,0.0,32835.81,63986.37,31150.56,0.0,157314.87,157341.75,0.2,0.198,0.0,34.41,0.3118,0.3441,0.55,57.74,4.506,4.681,-0.175,286.5831,263.8979,275.2405,275.2405,266.0426,-0.002555,-0.013603,-0.063191,13.44,0.000432,7,True,prob_below_sell_threshold,prob_below_sell_threshold,2026-05-15,1.0,2026-05-17T18:43:31Z,56606.66,0.0,-0.322338
ml_xgboost,ML – XGBoost,JNJ,xgboost,xgboost,xgboost,binary,binary-2026-05,D-ml_xgboost-accd65a7b5c1,S-JNJ-xgboost-20251216-3335a1,T-ml_xgboost-20376ca73d67,BUY,2026-05-17T18:43:31Z,2025-12-16,2025-12-16,214.0,214.17,214.0,214.73,208.81,209.3,9949800,147.0,0.0,147.0,63986.37,32528.37,0.0,31458.0,157494.96,156804.06,0.2,0.0,0.2006,56.6,0.132,0.566,0.55,62.81,4.0636,3.8051,0.2586,212.8834,198.1526,205.518,205.518,196.6442,0.004921,-0.016818,0.049068,,,,,prob_above_buy_threshold,prob_above_buy_threshold,2026-05-15,1.0,2026-05-17T18:43:31Z,56606.66,0.0,-0.322338
ml_xgboost,ML – XGBoost,JNJ,xgboost,xgboost,xgboost,binary,binary-2026-05,D-ml_xgboost-ab1f055a27f3,S-JNJ-xgboost-20251218-c17f05,T-ml_xgboost-55b1178f98df,SELL,2026-05-17T18:43:31Z,2025-12-18,2025-12-18,209.8,210.33,209.8,211.06,207.76,208.31,7499900,147.0,147.0,0.0,32528.37,63368.97,30840.6,0.0,156286.29,156505.32,0.2,0.1973,0.0,39.14,0.2172,0.3914,0.55,59.42,3.7894,3.8373,-0.0479,213.3912,199.2578,206.3245,206.3245,197.4454,-0.009313,-0.003264,0.047525,-617.4,-0.019626,2,False,prob_below_sell_threshold,prob_below_sell_threshold,2026-05-15,1.0,2026-05-17T18:43:31Z,55989.26,-0.010907,-0.322338
ml_xgboost,ML – XGBoost,JPM,xgboost,xgboost,xgboost,binary,binary-2026-05,D-ml_xgboost-04eabfed0709,S-JPM-xgboost-20260112-076464,T-ml_xgboost-e967e1d89750,SELL,2026-05-17T18:43:31Z,2026-01-12,2026-01-12,321.88,329.19,321.88,326.02,321.23,324.49,12805100,100.0,100.0,0.0,63368.97,95556.98,32188.0,0.0,158432.6,158171.61,0.2,0.2032,0.0,36.01,0.2798,0.3601,0.55,52.96,4.3755,4.6391,-0.2636,335.8091,312.1269,323.968,323.968,314.9658,-0.041881,-0.067028,-0.019138,893.0,0.028535,42,True,prob_below_sell_threshold,prob_below_sell_threshold,2026-05-15,1.0,2026-05-17T18:43:31Z,56882.26,0.0,-0.322338
ml_xgboost,ML – XGBoost,MSFT,xgboost,xgboost,xgboost,binary,binary-2026-05,D-ml_xgboost-e1c7063afc53,S-MSFT-xgboost-20260114-9b66c5,T-ml_xgboost-eaf7362f8ddf,SELL,2026-05-17T18:43:31Z,2026-01-14,2026-01-14,466.46,470.67,466.46,468.2,457.17,459.38,28184300,62.0,62.0,0.0,95556.98,124477.49,28920.52,0.0,156529.65,156968.61,0.2,0.1848,0.0,30.32,0.3935,0.3032,0.55,31.45,-4.7806,-3.4739,-1.3068,494.3974,465.6527,480.025,480.025,487.1314,-0.005921,-0.017937,-0.125256,-1256.12,-0.041626,43,False,prob_below_sell_threshold,prob_below_sell_threshold,2026-05-15,1.0,2026-05-17T18:43:31Z,55626.14,-0.022083,-0.322338
ml_xgboost,ML – XGBoost,JNJ,xgboost,xgboost,xgboost,binary,binary-2026-05,D-ml_xgboost-3ddb83189c83,S-JNJ-xgboost-20260114-c32be3,T-ml_xgboost-afadef8dfd6d,BUY,2026-05-17T18:43:31Z,2026-01-14,2026-01-14,214.73,213.65,214.73,218.86,214.15,218.55,11858800,145.0,0.0,145.0,124477.49,93341.65,0.0,31135.85,156529.65,157522.52,0.2,0.0,0.1977,68.34,0.3667,0.6834,0.55,70.57,2.1966,1.5521,0.6445,214.4433,201.5807,208.012,208.012,203.227,0.004667,-0.000275,0.118966,,,,,prob_above_buy_threshold,prob_above_buy_threshold,2026-05-15,1.0,2026-05-17T18:43:31Z,55626.14,-0.022083,-0.322338
ml_xgboost,ML – XGBoost,UNH,xgboost,xgboost,xgboost,binary,binary-2026-05,D-ml_xgboost-7529276141da,S-UNH-xgboost-20260115-0e4635,T-ml_xgboost-ff069fe7e89f,SELL,2026-05-17T18:43:31Z,2026-01-15,2026-01-15,335.2,334.96,335.2,339.45,328.06,338.96,6943500,97.0,97.0,0.0,93341.65,125856.05,32514.4,0.0,158058.42,157693.7,0.2,0.2057,0.0,44.62,0.1076,0.4462,0.55,53.06,2.2098,2.2101,-0.0003,349.0103,320.5947,334.8025,334.8025,330.0738,-0.023425,0.051039,-0.135031,1365.76,0.043847,51,True,prob_below_sell_threshold,prob_below_sell_threshold,2026-05-15,1.0,2026-05-17T18:43:31Z,56991.9,0.0,-0.322338
ml_xgboost,ML – XGBoost,UNH,xgboost,xgboost,xgboost,binary,binary-2026-05,D-ml_xgboost-70846b43de63,S-UNH-xgboost-20260122-f728ae,T-ml_xgboost-98f5bbba3515,BUY,2026-05-17T18:43:31Z,2026-01-22,2026-01-22,347.18,347.75,347.18,354.95,346.77,354.47,7491400,90.0,0.0,90.0,125856.05,94609.85,0.0,31246.2,157537.1,158193.2,0.2,0.0,0.1975,64.22,0.2844,0.6422,0.55,62.57,3.3376,2.2792,1.0583,353.3463,322.1906,337.7685,337.7685,331.4204,0.00505,-0.175417,-0.181877,,,,,prob_above_buy_threshold,prob_above_buy_threshold,2026-05-15,1.0,2026-05-17T18:43:31Z,56991.9,0.0,-0.322338
ml_xgboost,ML – XGBoost,AAPL,xgboost,xgboost,xgboost,binary,binary-2026-05,D-ml_xgboost-4ede0ed83574,S-AAPL-xgboost-20260127-3615de,T-ml_xgboost-3c39cd135ff1,BUY,2026-05-17T18:43:31Z,2026-01-27,2026-01-27,259.17,255.41,259.17,261.95,258.21,258.27,49648300,117.0,0.0,117.0,94609.85,64286.96,0.0,30322.89,152596.65,152491.35,0.2,0.0,0.1988,55.89,0.1179,0.5589,0.55,45.6,-5.0762,-4.97,-0.1062,276.2347,243.5143,259.8745,259.8745,269.0676,-0.007086,0.043404,0.061796,,,,,prob_above_buy_threshold,prob_above_buy_threshold,2026-05-15,1.0,2026-05-17T18:43:31Z,56991.9,0.0,-0.322338
ml_xgboost,ML – XGBoost,MSFT,xgboost,xgboost,xgboost,binary,binary-2026-05,D-ml_xgboost-eaade81c799d,S-MSFT-xgboost-20260127-4a0e73,T-ml_xgboost-70175ef01c5f,BUY,2026-05-17T18:43:31Z,2026-01-27,2026-01-27,473.7,470.28,473.7,482.87,473.16,480.58,29213900,64.0,0.0,64.0,64286.96,33970.15,0.0,30316.8,152596.65,152931.66,0.2,0.0,0.1982,77.23,0.5445,0.7723,0.55,55.45,-5.1978,-6.5277,1.3299,495.3268,446.0422,470.6845,470.6845,479.6282,0.002185,-0.144346,-0.166424,,,,,prob_above_buy_threshold,prob_above_buy_threshold,2026-05-15,1.0,2026-05-17T18:43:31Z,56991.9,0.0,-0.322338
ml_xgboost,ML – XGBoost,UNH,xgboost,xgboost,xgboost,binary,binary-2026-05,D-ml_xgboost-adeeb335d4e6,S-UNH-xgboost-20260127-82f10b,T-ml_xgboost-524c197aae1f,SELL,2026-05-17T18:43:31Z,2026-01-27,2026-01-27,293.97,351.64,293.97,299.5,280.4,282.7,65836900,90.0,90.0,0.0,33970.15,60427.46,26457.3,0.0,152596.65,153945.96,0.2,0.1734,0.0,11.18,0.7764,0.1118,0.55,28.39,-0.6635,2.3246,-2.988,367.991,308.185,338.088,338.088,331.4706,0.040042,0.005235,0.005306,-4788.9,-0.153263,5,False,prob_below_sell_threshold,prob_below_sell_threshold,2026-05-15,1.0,2026-05-17T18:43:31Z,52203.0,-0.084028,-0.322338
ml_xgboost,ML – XGBoost,MSFT,xgboost,xgboost,xgboost,binary,binary-2026-05,D-ml_xgboost-9ecf4bbbb5d0,S-MSFT-xgboost-20260130-8f973d,T-ml_xgboost-ed40d6ec7cb3,SELL,2026-05-17T18:43:31Z,2026-01-30,2026-01-30,439.17,433.5,439.17,439.6,426.45,430.29,58566800,64.0,64.0,0.0,60427.46,88534.34,28106.88,0.0,151276.43,151844.75,0.2,0.1858,0.0,20.3,0.5941,0.203,0.55,32.63,-8.3762,-6.4701,-1.9061,496.0796,434.0114,465.0455,465.0455,476.1174,-0.016082,-0.067745,-0.073764,-2209.92,-0.072894,3,False,prob_below_sell_threshold,prob_below_sell_threshold,2026-05-15,1.0,2026-05-17T18:43:31Z,49993.08,-0.122804,-0.322338
ml_xgboost,ML – XGBoost,JPM,xgboost,xgboost,xgboost,binary,binary-2026-05,D-ml_xgboost-3faf5908e68b,S-JPM-xgboost-20260203-083671,T-ml_xgboost-66f20d5152f3,BUY,2026-05-17T18:43:31Z,2026-02-03,2026-02-03,309.73,308.14,309.73,316.25,309.1,314.85,12688000,99.0,0.0,99.0,88534.34,57871.06,0.0,30663.27,153863.0,154369.88,0.2,0.0,0.1986,63.53,0.2705,0.6353,0.55,54.15,-2.9737,-3.4306,0.4569,333.6248,289.2872,311.456,311.456,313.6962,0.007686,0.010894,-0.049103,,,,,prob_above_buy_threshold,prob_above_buy_threshold,2026-05-15,1.0,2026-05-17T18:43:31Z,49993.08,-0.122804,-0.322338
ml_xgboost,ML – XGBoost,JPM,xgboost,xgboost,xgboost,binary,binary-2026-05,D-ml_xgboost-dd4e18f43e47,S-JPM-xgboost-20260213-5936da,T-ml_xgboost-0376c3efbfed,SELL,2026-05-17T18:43:31Z,2026-02-13,2026-02-13,298.52,302.64,298.52,304.29,296.52,302.55,9114500,99.0,99.0,0.0,57871.06,87424.54,29553.48,0.0,153050.02,152651.05,0.2,0.1931,0.0,43.61,0.1279,0.4361,0.55,41.81,-1.2086,-0.9791,-0.2295,322.8786,293.3454,308.112,308.112,315.1222,0.015138,-0.016129,-0.054173,-1109.79,-0.036193,10,False,prob_below_sell_threshold,prob_below_sell_threshold,2026-05-15,1.0,2026-05-17T18:43:31Z,48883.29,-0.142277,-0.322338
ml_xgboost,ML – XGBoost,UNH,xgboost,xgboost,xgboost,binary,binary-2026-05,D-ml_xgboost-8be24f240652,S-UNH-xgboost-20260213-6d9b93,T-ml_xgboost-26cc780513c6,BUY,2026-05-17T18:43:31Z,2026-02-13,2026-02-13,285.63,284.37,285.63,293.46,284.51,293.19,10281900,107.0,0.0,107.0,87424.54,56862.13,0.0,30562.41,153050.02,153459.97,0.2,0.0,0.1992,62.09,0.2418,0.6209,0.55,44.87,-13.7625,-13.8033,0.0408,362.66,240.519,301.5895,301.5895,321.2282,-0.013984,-0.037007,-0.026263,,,,,prob_above_buy_threshold,prob_above_buy_threshold,2026-05-15,1.0,2026-05-17T18:43:31Z,48883.29,-0.142277,-0.322338
ml_xgboost,ML – XGBoost,AAPL,xgboost,xgboost,xgboost,binary,binary-2026-05,D-ml_xgboost-0936b9378eb7,S-AAPL-xgboost-20260217-e2b17b,T-ml_xgboost-1bc468ffe847,SELL,2026-05-17T18:43:31Z,2026-02-17,2026-02-17,258.05,255.78,258.05,266.29,255.54,263.88,58469100,117.0,117.0,0.0,56862.13,87053.98,30191.85,0.0,153951.57,153269.46,0.2,0.1961,0.0,39.52,0.2096,0.3952,0.55,48.45,0.8148,1.0931,-0.2782,283.7801,241.6019,262.691,262.691,267.0698,0.001781,0.031302,-0.03657,-131.04,-0.004322,21,False,prob_below_sell_threshold,prob_below_sell_threshold,2026-05-15,1.0,2026-05-17T18:43:31Z,48752.25,-0.144576,-0.322338
ml_xgboost,ML – XGBoost,JNJ,xgboost,xgboost,xgboost,binary,binary-2026-05,D-ml_xgboost-9440c9163397,S-JNJ-xgboost-20260219-adf9c7,T-ml_xgboost-f41b45644f4f,SELL,2026-05-17T18:43:31Z,2026-02-19,2026-02-19,244.62,244.99,244.62,246.96,244.27,246.91,7553900,145.0,145.0,0.0,87053.98,122523.88,35469.9,0.0,153878.44,153546.39,0.2,0.2305,0.0,42.93,0.1414,0.4293,0.55,83.95,8.0712,7.6053,0.4659,251.717,216.683,234.2,234.2,219.2514,-0.017901,-0.013932,-0.037706,4334.05,0.139198,36,True,prob_below_sell_threshold,prob_below_sell_threshold,2026-05-15,1.0,2026-05-17T18:43:31Z,53086.3,-0.068529,-0.322338
ml_xgboost,ML – XGBoost,MSFT,xgboost,xgboost,xgboost,binary,binary-2026-05,D-ml_xgboost-34625f67f5ed,S-MSFT-xgboost-20260220-2f749d,T-ml_xgboost-909bebdbd846,BUY,2026-05-17T18:43:31Z,2026-02-20,2026-02-20,396.11,398.46,396.11,400.12,395.16,397.23,34015200,77.0,0.0,77.0,122523.88,92023.41,0.0,30500.47,153553.88,153640.12,0.2,0.0,0.1985,60.74,0.2149,0.6074,0.55,32.03,-17.7732,-17.6288,-0.1444,478.9907,364.2453,421.618,421.618,454.131,-0.032122,-0.011303,-0.038668,,,,,prob_above_buy_threshold,prob_above_buy_threshold,2026-05-15,1.0,2026-05-17T18:43:31Z,53086.3,-0.068529,-0.322338
ml_xgboost,ML – XGBoost,AAPL,xgboost,xgboost,xgboost,binary,binary-2026-05,D-ml_xgboost-2aa9f3ac8de0,S-AAPL-xgboost-20260225-108767,T-ml_xgboost-ce22ef87be7c,BUY,2026-05-17T18:43:31Z,2026-02-25,2026-02-25,271.78,272.14,271.78,274.94,271.05,274.23,33714300,112.0,0.0,112.0,92023.41,61584.05,0.0,30439.36,153279.01,153553.42,0.2,0.0,0.1982,61.46,0.2293,0.6146,0.55,58.61,1.2788,0.7313,0.5475,281.8393,253.3067,267.573,267.573,265.6838,-0.004668,-0.042701,-0.078803,,,,,prob_above_buy_threshold,prob_above_buy_threshold,2026-05-15,1.0,2026-05-17T18:43:31Z,53086.3,-0.068529,-0.322338
ml_xgboost,ML – XGBoost,AAPL,xgboost,xgboost,xgboost,binary,binary-2026-05,D-ml_xgboost-ad12ea5ece15,S-AAPL-xgboost-20260303-8d85fe,T-ml_xgboost-788c749ce465,SELL,2026-05-17T18:43:31Z,2026-03-03,2026-03-03,263.48,264.72,263.48,265.56,260.13,263.75,38568900,112.0,112.0,0.0,61584.05,91093.81,29509.76,0.0,153172.13,153141.89,0.2,0.1927,0.0,39.44,0.2113,0.3944,0.55,47.23,0.4995,0.8488,-0.3493,281.1021,256.1829,268.6425,268.6425,265.019,-0.004664,-0.011071,-0.037763,-929.6,-0.030539,6,False,prob_below_sell_threshold,prob_below_sell_threshold,2026-05-15,1.0,2026-05-17T18:43:31Z,52156.7,-0.08484,-0.322338
ml_xgboost,ML – XGBoost,JPM,xgboost,xgboost,xgboost,binary,binary-2026-05,D-ml_xgboost-f8a15e0caf45,S-JPM-xgboost-20260319-0d1db9,T-ml_xgboost-ccd39ef55eb7,BUY,2026-05-17T18:43:31Z,2026-03-19,2026-03-19,286.88,287.74,286.88,289.51,284.62,287.97,9846700,105.0,0.0,105.0,91093.81,60971.41,0.0,30122.4,151055.43,151169.88,0.2,0.0,0.1993,58.32,0.1665,0.5832,0.55,39.07,-5.7261,-5.6071,-0.119,309.2741,278.4249,293.8495,293.8495,304.0336,-0.004896,0.012814,0.077508,,,,,prob_above_buy_threshold,prob_above_buy_threshold,2026-05-15,1.0,2026-05-17T18:43:31Z,52156.7,-0.08484,-0.322338
ml_xgboost,ML – XGBoost,MSFT,xgboost,xgboost,xgboost,binary,binary-2026-05,D-ml_xgboost-d99df2575a19,S-MSFT-xgboost-20260324-a81da8,T-ml_xgboost-2aced9ec6608,SELL,2026-05-17T18:43:31Z,2026-03-24,2026-03-24,382.36,383.0,382.36,382.47,371.85,372.74,42733600,77.0,77.0,0.0,60971.41,90413.13,29441.72,0.0,149508.35,150249.09,0.2,0.1969,0.0,39.09,0.2181,0.3909,0.55,28.41,-9.1305,-7.7542,-1.3763,417.4926,378.2694,397.881,397.881,416.7394,-0.004561,-0.006895,0.161453,-1058.75,-0.034713,32,False,prob_below_sell_threshold,prob_below_sell_threshold,2026-05-15,1.0,2026-05-17T18:43:31Z,51097.95,-0.103417,-0.322338
ml_xgboost,ML – XGBoost,UNH,xgboost,xgboost,xgboost,binary,binary-2026-05,D-ml_xgboost-20b0b472a672,S-UNH-xgboost-20260324-5f4365,T-ml_xgboost-3e2b1b031421,SELL,2026-05-17T18:43:31Z,2026-03-24,2026-03-24,268.87,269.54,268.87,273.38,267.59,272.28,5911700,107.0,107.0,0.0,90413.13,119182.22,28769.09,0.0,149508.35,149884.22,0.2,0.1924,0.0,43.33,0.1334,0.4333,0.55,38.78,-5.1422,-4.4917,-0.6505,297.0472,271.2148,284.131,284.131,295.5256,-0.006354,-0.006207,0.298369,-1793.32,-0.058677,39,False,prob_below_sell_threshold,prob_below_sell_threshold,2026-05-15,1.0,2026-05-17T18:43:31Z,49304.63,-0.134884,-0.322338
ml_xgboost,ML – XGBoost,AAPL,xgboost,xgboost,xgboost,binary,binary-2026-05,D-ml_xgboost-8c5906255090,S-AAPL-xgboost-20260327-f3eddc,T-ml_xgboost-f1fa31191988,BUY,2026-05-17T18:43:31Z,2026-03-27,2026-03-27,253.9,252.89,253.9,255.49,248.07,248.8,47900000,117.0,0.0,117.0,119182.22,89475.92,0.0,29706.3,148880.42,148283.72,0.2,0.0,0.2003,55.55,0.1111,0.5555,0.55,37.95,-3.6587,-3.471,-0.1877,265.9919,244.7601,255.376,255.376,260.2854,-0.008722,0.040434,0.075603,,,,,prob_above_buy_threshold,prob_above_buy_threshold,2026-05-15,1.0,2026-05-17T18:43:31Z,49304.63,-0.134884,-0.322338
ml_xgboost,ML – XGBoost,MSFT,xgboost,xgboost,xgboost,binary,binary-2026-05,D-ml_xgboost-fab124ec64ab,S-MSFT-xgboost-20260402-560d7d,T-ml_xgboost-e74ed64e6d69,BUY,2026-05-17T18:43:31Z,2026-04-02,2026-04-02,367.21,369.37,367.21,373.64,364.15,373.46,24099100,81.0,0.0,81.0,89475.92,59731.91,0.0,29744.01,150351.56,150857.81,0.2,0.0,0.1972,55.99,0.1198,0.5599,0.55,39.48,-11.5167,-11.1468,-0.3699,419.1829,351.8111,385.497,385.497,403.6066,-0.001553,-0.006935,0.109731,,,,,prob_above_buy_threshold,prob_above_buy_threshold,2026-05-15,1.0,2026-05-17T18:43:31Z,49304.63,-0.134884,-0.322338
ml_xgboost,ML – XGBoost,UNH,xgboost,xgboost,xgboost,binary,binary-2026-05,D-ml_xgboost-85bb1a34588c,S-UNH-xgboost-20260402-f1f81d,T-ml_xgboost-adc5548f807b,BUY,2026-05-17T18:43:31Z,2026-04-02,2026-04-02,272.29,273.98,272.29,279.04,271.53,277.26,6407000,110.0,0.0,110.0,59731.91,29780.01,0.0,29951.9,150351.56,151404.51,0.2,0.0,0.1978,62.48,0.2497,0.6248,0.55,48.74,-5.3595,-5.8809,0.5215,293.075,260.411,276.743,276.743,285.8392,0.014787,0.097634,0.330087,,,,,prob_above_buy_threshold,prob_above_buy_threshold,2026-05-15,1.0,2026-05-17T18:43:31Z,49304.63,-0.134884,-0.322338
ml_xgboost,ML – XGBoost,JPM,xgboost,xgboost,xgboost,binary,binary-2026-05,D-ml_xgboost-48e5cb24b0ac,S-JPM-xgboost-20260428-313e2b,T-ml_xgboost-fb22b3e09fba,SELL,2026-05-17T18:43:31Z,2026-04-28,2026-04-28,315.2,311.63,315.2,315.45,311.17,311.45,7398600,105.0,105.0,0.0,29780.01,62876.01,33096.0,0.0,169269.28,169663.03,0.2,0.1955,0.0,43.76,0.1248,0.4376,0.55,57.95,4.1695,4.1325,0.037,321.3813,292.8377,307.1095,307.1095,299.314,-0.007064,-0.006582,,2973.6,0.098717,40,True,prob_below_sell_threshold,prob_below_sell_threshold,2026-05-15,1.0,2026-05-17T18:43:31Z,52278.23,-0.082708,-0.322338
ml_xgboost,ML – XGBoost,MSFT,xgboost,xgboost,xgboost,binary,binary-2026-05,D-ml_xgboost-f85192c13a7e,S-MSFT-xgboost-20260504-6d30b2,T-ml_xgboost-d4704236362b,SELL,2026-05-17T18:43:31Z,2026-05-04,2026-05-04,411.54,414.44,411.54,420.78,410.8,413.62,28066500,81.0,81.0,0.0,62876.01,96210.75,33334.74,0.0,169550.84,169382.36,0.2,0.1966,0.0,41.0,0.1799,0.41,0.55,53.99,7.7176,7.9397,-0.2221,448.9922,366.2278,407.61,407.61,396.4382,-0.005416,-0.002321,,3590.73,0.120721,32,True,prob_below_sell_threshold,prob_below_sell_threshold,2026-05-15,1.0,2026-05-17T18:43:31Z,55868.96,-0.019704,-0.322338
ml_xgboost,ML – XGBoost,UNH,xgboost,xgboost,xgboost,binary,binary-2026-05,D-ml_xgboost-086a21be525e,S-UNH-xgboost-20260506-b57c39,T-ml_xgboost-7e3cf145e6e8,SELL,2026-05-17T18:43:31Z,2026-05-06,2026-05-06,363.1,363.87,363.1,368.55,358.25,367.28,6695500,110.0,110.0,0.0,96210.75,136151.75,39941.0,0.0,170250.22,169790.43,0.2,0.2346,0.0,37.81,0.2439,0.3781,0.55,75.88,19.9566,19.0725,0.8841,391.6989,294.2371,342.968,342.968,306.3658,0.006698,0.092246,,9989.1,0.333505,34,True,prob_below_sell_threshold,prob_below_sell_threshold,2026-05-15,1.0,2026-05-17T18:43:31Z,65858.06,0.0,-0.322338
ml_xgboost,ML – XGBoost,JNJ,xgboost,xgboost,xgboost,binary,binary-2026-05,D-ml_xgboost-b9b1620647f5,S-JNJ-xgboost-20260513-45473d,T-ml_xgboost-339ddd7eb47f,BUY,2026-05-17T18:43:31Z,2026-05-13,2026-05-13,225.82,224.26,225.82,230.8,225.44,230.42,7464500,151.0,0.0,151.0,136151.75,102052.93,0.0,34098.82,171119.54,171814.14,0.2,0.0,0.1985,65.71,0.3142,0.6571,0.55,51.95,-3.0716,-3.4583,0.3867,234.3885,219.7765,227.0825,227.0825,235.0592,0.001649,,,,,,,prob_above_buy_threshold,prob_above_buy_threshold,2026-05-15,1.0,2026-05-17T18:43:31Z,65858.06,0.0,-0.322338
ml_lightgbm,ML – LightGBM,PG,lightgbm,lightgbm,lightgbm,binary,binary-2026-05,D-ml_lightgbm-0597fdb4a09c,S-PG-lightgbm-20230613-cb1b7e,T-ml_lightgbm-d008d8f84fe6,BUY,2026-05-17T18:43:33Z,2023-06-13,2023-06-13,144.51,145.41,144.51,145.68,144.28,145.06,5321200,138.0,0.0,138.0,100000.0,80057.62,0.0,19942.38,100000.0,100075.9,0.2,0.0,0.1993,65.28,0.3057,0.6528,0.55,34.77,,,,154.7826,139.7384,147.2605,147.2605,,0.009375,0.030194,0.026816,,,,,prob_above_buy_threshold,prob_above_buy_threshold,2026-05-15,1.0,2026-05-17T18:43:33Z,0.0,0.0,0.0
ml_lightgbm,ML – LightGBM,NEE,lightgbm,lightgbm,lightgbm,binary,binary-2026-05,D-ml_lightgbm-b34622533903,S-NEE-lightgbm-20230614-6ede47,T-ml_lightgbm-9afb6ac35284,BUY,2026-05-17T18:43:33Z,2023-06-14,2023-06-14,74.9,74.35,74.9,74.95,73.29,73.4,8893600,267.0,0.0,267.0,80057.62,60059.32,0.0,19998.3,100263.58,99863.08,0.2,0.0,0.2003,58.63,0.1727,0.5863,0.55,41.58,,,,75.344,72.657,74.0005,74.0005,,0.013079,0.023569,-0.002725,,,,,prob_above_buy_threshold,prob_above_buy_threshold,2026-05-15,1.0,2026-05-17T18:43:33Z,0.0,0.0,0.0
ml_lightgbm,ML – LightGBM,PG,lightgbm,lightgbm,lightgbm,binary,binary-2026-05,D-ml_lightgbm-d50e448aed54,S-PG-lightgbm-20230616-9b9993,T-ml_lightgbm-4f7e1d456788,SELL,2026-05-17T18:43:33Z,2023-06-16,2023-06-16,148.92,148.45,148.92,150.09,148.9,149.54,11244900,138.0,138.0,0.0,60059.32,80610.28,20550.96,0.0,100878.37,100792.81,0.2,0.2037,0.0,44.77,0.1046,0.4477,0.55,54.42,,,,151.0354,141.5916,146.3135,146.3135,,-0.009228,-0.006219,-0.001805,608.58,0.030517,3,True,prob_below_sell_threshold,prob_below_sell_threshold,2026-05-15,1.0,2026-05-17T18:43:33Z,608.58,0.0,0.0
ml_lightgbm,ML – LightGBM,NEE,lightgbm,lightgbm,lightgbm,binary,binary-2026-05,D-ml_lightgbm-95327db466b4,S-NEE-lightgbm-20230616-eee601,T-ml_lightgbm-42e36f295b46,SELL,2026-05-17T18:43:33Z,2023-06-16,2023-06-16,74.75,74.36,74.75,76.42,74.72,75.59,23053600,267.0,267.0,0.0,80610.28,100568.53,19958.25,0.0,100878.37,100568.53,0.2,0.1978,0.0,41.05,0.179,0.4105,0.55,58.23,,,,75.2925,72.6595,73.976,73.976,,-0.01098,-0.017198,-0.046832,-40.05,-0.002003,2,False,prob_below_sell_threshold,prob_below_sell_threshold,2026-05-15,1.0,2026-05-17T18:43:33Z,568.53,-0.065809,-0.065809
ml_lightgbm,ML – LightGBM,DUK,lightgbm,lightgbm,lightgbm,binary,binary-2026-05,D-ml_lightgbm-da6342b95a58,S-DUK-lightgbm-20230623-6e9ded,T-ml_lightgbm-16bb0e869fd9,BUY,2026-05-17T18:43:33Z,2023-06-23,2023-06-23,91.2,90.9,91.2,91.55,89.54,89.72,3800200,220.0,0.0,220.0,100568.53,80504.53,0.0,20064.0,100568.53,100242.93,0.2,0.0,0.2002,59.26,0.1852,0.5926,0.55,40.91,-0.3028,,,92.9273,87.8507,90.389,90.389,,0.012483,0.000223,0.056286,,,,,prob_above_buy_threshold,prob_above_buy_threshold,2026-05-15,1.0,2026-05-17T18:43:33Z,568.53,-0.065809,-0.065809
ml_lightgbm,ML – LightGBM,NEE,lightgbm,lightgbm,lightgbm,binary,binary-2026-05,D-ml_lightgbm-81060f17964a,S-NEE-lightgbm-20230628-fceb92,T-ml_lightgbm-27982f466cf4,BUY,2026-05-17T18:43:33Z,2023-06-28,2023-06-28,73.95,73.91,73.95,74.21,73.22,73.44,8735100,270.0,0.0,270.0,80504.53,60538.03,0.0,19966.5,100106.53,99968.83,0.2,0.0,0.1997,57.14,0.1428,0.5714,0.55,43.18,-0.1334,,,75.6442,72.7098,74.177,74.177,,-0.008578,-0.005719,-0.002315,,,,,prob_above_buy_threshold,prob_above_buy_threshold,2026-05-15,1.0,2026-05-17T18:43:33Z,568.53,-0.065809,-0.065809
ml_lightgbm,ML – LightGBM,JNJ,lightgbm,lightgbm,lightgbm,binary,binary-2026-05,D-ml_lightgbm-4e0538ae3c6e,S-JNJ-lightgbm-20230707-e942ab,T-ml_lightgbm-d59b558fc358,BUY,2026-05-17T18:43:33Z,2023-07-07,2023-07-07,160.47,161.6,160.47,161.04,159.2,159.25,7022200,124.0,0.0,124.0,60538.03,40639.75,0.0,19898.28,99740.93,99589.65,0.2,0.0,0.1998,60.28,0.2055,0.6028,0.55,40.39,0.7355,1.3486,-0.6131,166.6442,158.9608,162.8025,162.8025,,0.001633,0.003893,0.061476,,,,,prob_above_buy_threshold,prob_above_buy_threshold,2026-05-15,1.0,2026-05-17T18:43:33Z,568.53,-0.065809,-0.065809
ml_lightgbm,ML – LightGBM,PG,lightgbm,lightgbm,lightgbm,binary,binary-2026-05,D-ml_lightgbm-d6b7d4af96d0,S-PG-lightgbm-20230711-cfdb94,T-ml_lightgbm-bc7b4fc717a9,BUY,2026-05-17T18:43:33Z,2023-07-11,2023-07-11,148.73,148.86,148.73,149.05,146.96,148.08,5150300,134.0,0.0,134.0,40639.75,20709.93,0.0,19929.82,99794.77,99707.67,0.2,0.0,0.1999,55.64,0.1129,0.5564,0.55,44.6,0.231,0.2791,-0.0481,153.1473,145.1627,149.155,149.155,,0.0052,0.008036,0.060845,,,,,prob_above_buy_threshold,prob_above_buy_threshold,2026-05-15,1.0,2026-05-17T18:43:33Z,568.53,-0.065809,-0.065809
ml_lightgbm,ML – LightGBM,DUK,lightgbm,lightgbm,lightgbm,binary,binary-2026-05,D-ml_lightgbm-06772d416bd3,S-DUK-lightgbm-20230712-4ae88b,T-ml_lightgbm-33619d634180,SELL,2026-05-17T18:43:33Z,2023-07-12,2023-07-12,91.1,90.88,91.1,92.53,90.96,92.36,2566300,220.0,220.0,0.0,20709.93,40751.93,20042.0,0.0,100413.85,100136.65,0.2,0.1996,0.0,42.23,0.1553,0.4223,0.55,57.12,-0.1277,-0.305,0.1773,92.5757,88.7143,90.645,90.645,,0.010286,-0.007687,0.004981,-22.0,-0.001096,19,False,prob_below_sell_threshold,prob_below_sell_threshold,2026-05-15,1.0,2026-05-17T18:43:33Z,546.53,-0.101959,-0.101959
ml_lightgbm,ML – LightGBM,JNJ,lightgbm,lightgbm,lightgbm,binary,binary-2026-05,D-ml_lightgbm-a7f9adfc238d,S-JNJ-lightgbm-20230720-365fe4,T-ml_lightgbm-6d4ca367f836,SELL,2026-05-17T18:43:33Z,2023-07-20,2023-07-20,161.94,158.74,161.94,169.14,161.3,168.38,21892900,124.0,124.0,0.0,40751.93,60832.49,20080.56,0.0,101813.09,101014.53,0.2,0.1972,0.0,29.85,0.4029,0.2985,0.55,69.85,0.1459,-0.025,0.1709,167.7771,155.9989,161.888,161.888,,0.010749,0.031536,0.033436,182.28,0.009161,13,True,prob_below_sell_threshold,prob_below_sell_threshold,2026-05-15,1.0,2026-05-17T18:43:33Z,728.81,0.0,-0.101959
ml_lightgbm,ML – LightGBM,PG,lightgbm,lightgbm,lightgbm,binary,binary-2026-05,D-ml_lightgbm-6a1014950494,S-PG-lightgbm-20230721-ee5285,T-ml_lightgbm-6bdd1ed33f6c,SELL,2026-05-17T18:43:33Z,2023-07-21,2023-07-21,151.15,150.56,151.15,153.67,150.7,152.93,9938400,134.0,134.0,0.0,60832.49,81086.59,20254.1,0.0,101818.11,101579.59,0.2,0.1989,0.0,36.78,0.2645,0.3678,0.55,62.82,0.4371,0.2138,0.2234,152.9372,147.1188,150.028,150.028,,0.003204,0.022756,-0.00255,324.28,0.016271,10,True,prob_below_sell_threshold,prob_below_sell_threshold,2026-05-15,1.0,2026-05-17T18:43:33Z,1053.09,0.0,-0.101959
ml_lightgbm,ML – LightGBM,NEE,lightgbm,lightgbm,lightgbm,binary,binary-2026-05,D-ml_lightgbm-ab04a6e3224d,S-NEE-lightgbm-20230721-be7606,T-ml_lightgbm-e735773aae92,SELL,2026-05-17T18:43:33Z,2023-07-21,2023-07-21,74.42,74.1,74.42,76.27,74.3,75.9,11878400,270.0,270.0,0.0,81086.59,101179.99,20093.4,0.0,101818.11,101179.99,0.2,0.1973,0.0,38.03,0.2394,0.3803,0.55,60.94,-0.1297,-0.3514,0.2216,75.5705,71.2605,73.4155,73.4155,,-0.00527,-0.040184,-0.106324,126.9,0.006356,23,True,prob_below_sell_threshold,prob_below_sell_threshold,2026-05-15,1.0,2026-05-17T18:43:33Z,1179.99,0.0,-0.101959
ml_lightgbm,ML – LightGBM,NEE,lightgbm,lightgbm,lightgbm,binary,binary-2026-05,D-ml_lightgbm-82fcb495482c,S-NEE-lightgbm-20230728-04d82d,T-ml_lightgbm-930d0176642b,BUY,2026-05-17T18:43:33Z,2023-07-28,2023-07-28,73.75,73.27,73.75,74.38,72.48,72.85,6230700,274.0,0.0,274.0,101179.99,80972.49,0.0,20207.5,101179.99,100933.39,0.2,0.0,0.2002,55.41,0.1082,0.5541,0.55,44.93,-0.0021,-0.0577,0.0557,76.0289,71.0831,73.556,73.556,73.9074,0.006177,-0.050515,-0.067124,,,,,prob_above_buy_threshold,prob_above_buy_threshold,2026-05-15,1.0,2026-05-17T18:43:33Z,1179.99,0.0,-0.101959
ml_lightgbm,ML – LightGBM,DUK,lightgbm,lightgbm,lightgbm,binary,binary-2026-05,D-ml_lightgbm-8f228672e4c2,S-DUK-lightgbm-20230803-d1dfa1,T-ml_lightgbm-670e5ea954ca,BUY,2026-05-17T18:43:33Z,2023-08-03,2023-08-03,92.29,92.53,92.29,92.48,90.2,90.37,2880500,217.0,0.0,217.0,80972.49,60945.56,0.0,20026.93,100179.89,99763.25,0.2,0.0,0.2007,59.33,0.1866,0.5933,0.55,41.48,0.3309,0.634,-0.3031,96.2102,89.0838,92.647,92.647,91.272,-0.01007,0.028107,-0.017373,,,,,prob_above_buy_threshold,prob_above_buy_threshold,2026-05-15,1.0,2026-05-17T18:43:33Z,1179.99,0.0,-0.101959
ml_lightgbm,ML – LightGBM,DUK,lightgbm,lightgbm,lightgbm,binary,binary-2026-05,D-ml_lightgbm-be58ca1890bf,S-DUK-lightgbm-20230811-8ed9ec,T-ml_lightgbm-29414f2f6e13,SELL,2026-05-17T18:43:33Z,2023-08-11,2023-08-11,93.0,92.91,93.0,93.99,92.94,93.82,2428700,217.0,217.0,0.0,60945.56,81126.56,20181.0,0.0,100188.58,100010.64,0.2,0.2014,0.0,42.93,0.1414,0.4293,0.55,56.69,0.1548,0.1707,-0.0159,96.2309,89.2881,92.7595,92.7595,91.572,-0.010978,-0.027926,-0.021744,154.07,0.007693,8,True,prob_below_sell_threshold,prob_below_sell_threshold,2026-05-15,1.0,2026-05-17T18:43:33Z,1334.06,0.0,-0.101959
ml_lightgbm,ML – LightGBM,PG,lightgbm,lightgbm,lightgbm,binary,binary-2026-05,D-ml_lightgbm-dc9c9a325ae6,S-PG-lightgbm-20230817-b9b96e,T-ml_lightgbm-c3a85a02649c,BUY,2026-05-17T18:43:33Z,2023-08-17,2023-08-17,153.21,153.21,153.21,153.56,151.79,152.11,6419500,130.0,0.0,130.0,81126.56,61209.26,0.0,19917.3,99624.3,99481.3,0.2,0.0,0.2002,57.83,0.1566,0.5783,0.55,42.85,0.7966,1.3878,-0.5912,158.6023,151.7917,155.197,155.197,151.436,0.002827,0.002827,0.008941,,,,,prob_above_buy_threshold,prob_above_buy_threshold,2026-05-15,1.0,2026-05-17T18:43:33Z,1334.06,0.0,-0.101959
ml_lightgbm,ML – LightGBM,WMT,lightgbm,lightgbm,lightgbm,binary,binary-2026-05,D-ml_lightgbm-3c49cdabd994,S-WMT-lightgbm-20230817-1f5ee1,T-ml_lightgbm-046549d962e6,BUY,2026-05-17T18:43:33Z,2023-08-17,2023-08-17,53.6333,53.0867,53.6333,53.7133,51.6733,51.8967,53614200,371.0,0.0,371.0,61209.26,41311.29,0.0,19897.97,99624.3,98837.0,0.2,0.0,0.2013,61.52,0.2305,0.6152,0.55,39.15,0.2235,0.3879,-0.1644,53.914,52.3887,53.1513,53.1513,52.2788,0.014388,0.007708,0.057486,,,,,prob_above_buy_threshold,prob_above_buy_threshold,2026-05-15,1.0,2026-05-17T18:43:33Z,1334.06,0.0,-0.101959
ml_lightgbm,ML – LightGBM,DUK,lightgbm,lightgbm,lightgbm,binary,binary-2026-05,D-ml_lightgbm-d5d86b778f89,S-DUK-lightgbm-20230817-6e1752,T-ml_lightgbm-c3f8344cab69,BUY,2026-05-17T18:43:33Z,2023-08-17,2023-08-17,90.84,91.7,90.84,92.19,90.54,90.7,2578600,219.0,0.0,219.0,41311.29,21417.33,0.0,19893.96,99624.3,98806.34,0.2,0.0,0.2013,56.72,0.1344,0.5672,0.55,44.06,-0.1017,0.0805,-0.1822,96.2215,89.2065,92.714,92.714,91.7504,0.005513,-0.007828,0.049394,,,,,prob_above_buy_threshold,prob_above_buy_threshold,2026-05-15,1.0,2026-05-17T18:43:33Z,1334.06,0.0,-0.101959
ml_lightgbm,ML – LightGBM,JNJ,lightgbm,lightgbm,lightgbm,binary,binary-2026-05,D-ml_lightgbm-a27603e9b96d,S-JNJ-lightgbm-20230821-0859b3,T-ml_lightgbm-0a942cfd4316,BUY,2026-05-17T18:43:33Z,2023-08-21,2023-08-21,169.69,172.49,169.69,169.85,165.96,167.35,151319500,116.0,0.0,116.0,21417.33,1733.29,0.0,19684.04,98635.06,98363.62,0.2,0.0,0.2001,56.69,0.1339,0.5669,0.55,44.25,1.6662,2.2865,-0.6203,176.1102,167.6178,171.864,171.864,166.2898,-0.007947,-0.018285,-0.030774,,,,,prob_above_buy_threshold,prob_above_buy_threshold,2026-05-15,1.0,2026-05-17T18:43:33Z,1334.06,0.0,-0.101959
ml_lightgbm,ML – LightGBM,WMT,lightgbm,lightgbm,lightgbm,binary,binary-2026-05,D-ml_lightgbm-b882d73167bc,S-WMT-lightgbm-20230829-4308a0,T-ml_lightgbm-c3cf4763c5e2,SELL,2026-05-17T18:43:33Z,2023-08-29,2023-08-29,53.0,52.9067,53.0,53.41,52.9533,53.35,12702300,371.0,371.0,0.0,1733.29,21396.29,19663.0,0.0,98860.45,98730.6,0.2,0.1989,0.0,42.67,0.1466,0.4267,0.55,57.12,0.0719,0.1101,-0.0382,53.9486,52.001,52.9748,52.9748,52.4737,0.007185,0.008872,0.010434,-234.97,-0.011809,12,False,prob_below_sell_threshold,prob_below_sell_threshold,2026-05-15,1.0,2026-05-17T18:43:33Z,1099.09,-0.176132,-0.176132
ml_lightgbm,ML – LightGBM,PG,lightgbm,lightgbm,lightgbm,binary,binary-2026-05,D-ml_lightgbm-bb2a95f8c1cb,S-PG-lightgbm-20230911-c1825a,T-ml_lightgbm-23b1d3309717,SELL,2026-05-17T18:43:33Z,2023-09-11,2023-09-11,153.33,152.93,153.33,155.1,153.08,154.75,4288500,130.0,130.0,0.0,21396.29,41329.19,19932.9,0.0,98985.39,98800.79,0.2,0.2014,0.0,44.29,0.1141,0.4429,0.55,55.4,0.02,0.0435,-0.0235,155.5543,151.2217,153.388,153.388,153.1394,-0.017577,-0.004523,-0.073603,15.6,0.000783,25,True,prob_below_sell_threshold,prob_below_sell_threshold,2026-05-15,1.0,2026-05-17T18:43:33Z,1114.69,-0.164438,-0.176132
ml_lightgbm,ML – LightGBM,DUK,lightgbm,lightgbm,lightgbm,binary,binary-2026-05,D-ml_lightgbm-ebd20b9e706d,S-DUK-lightgbm-20230911-0bd146,T-ml_lightgbm-0a22b686485f,SELL,2026-05-17T18:43:33Z,2023-09-11,2023-09-11,90.85,91.02,90.85,92.47,90.73,91.78,3992900,219.0,219.0,0.0,41329.19,61225.34,19896.15,0.0,98985.39,98597.12,0.2,0.201,0.0,43.39,0.1322,0.4339,0.55,55.94,-0.5214,-0.7257,0.2043,93.0058,87.1232,90.0645,90.0645,91.3532,0.003705,0.034648,-0.038679,2.19,0.00011,25,True,prob_below_sell_threshold,prob_below_sell_threshold,2026-05-15,1.0,2026-05-17T18:43:33Z,1116.88,-0.162796,-0.176132
ml_lightgbm,ML – LightGBM,PG,lightgbm,lightgbm,lightgbm,binary,binary-2026-05,D-ml_lightgbm-7b82fd2c9dad,S-PG-lightgbm-20230912-07cf3d,T-ml_lightgbm-d9a257e64ece,BUY,2026-05-17T18:43:33Z,2023-09-12,2023-09-12,154.99,154.75,154.99,155.15,151.57,152.03,4537800,127.0,0.0,127.0,61225.34,41541.61,0.0,19683.73,98758.65,98382.72,0.2,0.0,0.2001,55.7,0.114,0.557,0.55,44.56,-0.105,0.0138,-0.1188,155.1407,151.2593,153.2,153.2,153.1452,0.006972,0.010327,-0.047688,,,,,prob_above_buy_threshold,prob_above_buy_threshold,2026-05-15,1.0,2026-05-17T18:43:33Z,1116.88,-0.162796,-0.176132
ml_lightgbm,ML – LightGBM,PG,lightgbm,lightgbm,lightgbm,binary,binary-2026-05,D-ml_lightgbm-fa69b91f1396,S-PG-lightgbm-20230914-05067f,T-ml_lightgbm-b1c186670267,SELL,2026-05-17T18:43:33Z,2023-09-14,2023-09-14,153.85,153.09,153.85,154.92,153.37,154.77,4606800,127.0,127.0,0.0,41541.61,61080.56,19538.95,0.0,99173.96,99057.12,0.2,0.197,0.0,44.99,0.1002,0.4499,0.55,54.64,0.0087,-0.0082,0.0169,155.131,151.255,153.193,153.193,153.2076,-0.0084,-0.016993,-0.073981,-144.78,-0.007355,2,False,prob_below_sell_threshold,prob_below_sell_threshold,2026-05-15,1.0,2026-05-17T18:43:33Z,972.1,-0.271322,-0.271322
ml_lightgbm,ML – LightGBM,NEE,lightgbm,lightgbm,lightgbm,binary,binary-2026-05,D-ml_lightgbm-3a31f7f777fa,S-NEE-lightgbm-20230914-d71a55,T-ml_lightgbm-43d1ccc57067,SELL,2026-05-17T18:43:33Z,2023-09-14,2023-09-14,68.9,68.43,68.9,69.35,68.42,69.28,7944900,274.0,274.0,0.0,61080.56,79959.16,18878.6,0.0,99173.96,98953.01,0.2,0.1904,0.0,41.42,0.1716,0.4142,0.55,57.6,-0.5052,-0.9337,0.4285,68.9581,65.7659,67.362,67.362,69.9686,-0.009238,-0.034209,-0.234988,-1328.9,-0.065763,48,False,prob_below_sell_threshold,prob_below_sell_threshold,2026-05-15,1.0,2026-05-17T18:43:33Z,-356.8,-1.267454,-1.267454
ml_lightgbm,ML – LightGBM,NEE,lightgbm,lightgbm,lightgbm,binary,binary-2026-05,D-ml_lightgbm-7496caa1517b,S-NEE-lightgbm-20230920-e191b9,T-ml_lightgbm-93873131c56b,BUY,2026-05-17T18:43:33Z,2023-09-20,2023-09-20,68.07,67.59,68.07,68.14,67.24,67.35,5804000,290.0,0.0,290.0,79959.16,60218.86,0.0,19740.3,98856.73,98647.92,0.2,0.0,0.2001,55.74,0.1148,0.5574,0.55,44.29,-0.3357,-0.5823,0.2466,69.169,65.743,67.456,67.456,69.6256,-0.006533,-0.109725,-0.209503,,,,,prob_above_buy_threshold,prob_above_buy_threshold,2026-05-15,1.0,2026-05-17T18:43:33Z,-356.8,-1.267454,-1.267454
ml_lightgbm,ML – LightGBM,PG,lightgbm,lightgbm,lightgbm,binary,binary-2026-05,D-ml_lightgbm-3ba227a4befe,S-PG-lightgbm-20230921-5ed3d4,T-ml_lightgbm-86b048a29de0,BUY,2026-05-17T18:43:33Z,2023-09-21,2023-09-21,153.45,153.47,153.45,153.71,152.07,152.14,5096400,128.0,0.0,128.0,60218.86,40577.27,0.0,19641.6,98375.33,98207.65,0.2,0.0,0.2,55.53,0.1107,0.5553,0.55,44.76,-0.0883,-0.0054,-0.0829,155.1331,151.7759,153.4545,153.4545,153.6106,-0.003681,-0.038123,-0.025569,,,,,prob_above_buy_threshold,prob_above_buy_threshold,2026-05-15,1.0,2026-05-17T18:43:33Z,-356.8,-1.267454,-1.267454
ml_lightgbm,ML – LightGBM,DUK,lightgbm,lightgbm,lightgbm,binary,binary-2026-05,D-ml_lightgbm-898c7d2b6f6b,S-DUK-lightgbm-20230927-b362a1,T-ml_lightgbm-8e2ce26855a0,BUY,2026-05-17T18:43:33Z,2023-09-27,2023-09-27,91.1,91.12,91.1,91.41,89.26,90.09,3715400,208.0,0.0,208.0,40577.27,21628.47,0.0,18948.8,95049.94,94839.86,0.2,0.0,0.1998,58.98,0.1796,0.5898,0.55,41.58,0.353,0.5652,-0.2122,96.9805,86.4275,91.704,91.704,91.897,-0.015651,-0.044067,-0.021534,,,,,prob_above_buy_threshold,prob_above_buy_threshold,2026-05-15,1.0,2026-05-17T18:43:33Z,-356.8,-1.267454,-1.267454
ml_lightgbm,ML – LightGBM,WMT,lightgbm,lightgbm,lightgbm,binary,binary-2026-05,D-ml_lightgbm-68283e9be9d2,S-WMT-lightgbm-20230929-089435,T-ml_lightgbm-872103530046,BUY,2026-05-17T18:43:33Z,2023-09-29,2023-09-29,54.3433,54.18,54.3433,54.3767,53.0633,53.31,18842400,343.0,0.0,343.0,21628.47,2988.7,0.0,18639.76,93337.73,92983.29,0.2,0.0,0.2005,58.27,0.1655,0.5827,0.55,42.34,0.1317,0.2978,-0.1662,55.2658,53.3542,54.31,54.31,53.5701,0.001063,-0.02201,0.007753,,,,,prob_above_buy_threshold,prob_above_buy_threshold,2026-05-15,1.0,2026-05-17T18:43:33Z,-356.8,-1.267454,-1.267454
ml_lightgbm,ML – LightGBM,PG,lightgbm,lightgbm,lightgbm,binary,binary-2026-05,D-ml_lightgbm-1d140c1e2630,S-PG-lightgbm-20231018-499a81,T-ml_lightgbm-2d04d5703707,SELL,2026-05-17T18:43:33Z,2023-10-18,2023-10-18,150.06,146.26,150.06,151.3,148.77,150.03,10508500,128.0,128.0,0.0,2988.7,22196.38,19207.68,0.0,92161.75,92165.59,0.2,0.2084,0.0,41.47,0.1706,0.4147,0.55,57.7,-1.4095,-1.9996,0.5901,151.9648,140.9642,146.4645,146.4645,150.831,-0.011864,0.003799,0.009265,-433.92,-0.022092,27,False,prob_below_sell_threshold,prob_below_sell_threshold,2026-05-15,1.0,2026-05-17T18:43:33Z,-790.72,-1.592717,-1.592717
ml_lightgbm,ML – LightGBM,WMT,lightgbm,lightgbm,lightgbm,binary,binary-2026-05,D-ml_lightgbm-f8163ad29811,S-WMT-lightgbm-20231024-0bf12d,T-ml_lightgbm-be5bd0794f6b,SELL,2026-05-17T18:43:33Z,2023-10-24,2023-10-24,53.8,53.67,53.8,54.4933,53.7967,54.4167,17535000,343.0,343.0,0.0,22196.38,40649.78,18453.4,0.0,92642.86,92431.34,0.2,0.1992,0.0,40.66,0.1867,0.4066,0.55,58.67,0.0239,-0.0946,0.1185,54.5672,52.0421,53.3047,53.3047,53.5644,-0.003002,0.00098,-0.045268,-186.36,-0.009998,25,False,prob_below_sell_threshold,prob_below_sell_threshold,2026-05-15,1.0,2026-05-17T18:43:33Z,-977.08,-1.732411,-1.732411
ml_lightgbm,ML – LightGBM,NEE,lightgbm,lightgbm,lightgbm,binary,binary-2026-05,D-ml_lightgbm-8c9de3683626,S-NEE-lightgbm-20231026-c4b58b,T-ml_lightgbm-c55df69678fe,SELL,2026-05-17T18:43:33Z,2023-10-26,2023-10-26,56.77,56.46,56.77,58.24,56.68,57.57,17357800,290.0,290.0,0.0,40649.78,57113.08,16463.3,0.0,93182.68,92950.68,0.2,0.1767,0.0,43.42,0.1317,0.4342,0.55,53.44,-1.7667,-2.7868,1.0201,57.6976,48.4294,53.0635,53.0635,61.2958,-0.023102,0.040646,-0.000347,-3277.0,-0.166006,36,False,prob_below_sell_threshold,prob_below_sell_threshold,2026-05-15,1.0,2026-05-17T18:43:33Z,-4254.08,-4.188822,-4.188822
ml_lightgbm,ML – LightGBM,DUK,lightgbm,lightgbm,lightgbm,binary,binary-2026-05,D-ml_lightgbm-ba54ba23a872,S-DUK-lightgbm-20231102-e70ef1,T-ml_lightgbm-7f576596800b,SELL,2026-05-17T18:43:33Z,2023-11-02,2023-11-02,89.5,89.54,89.5,90.6,88.99,89.89,4553000,208.0,208.0,0.0,57113.08,75729.08,18616.0,0.0,93238.04,93156.92,0.2,0.1997,0.0,44.46,0.1107,0.4446,0.55,54.91,-0.1628,-0.4862,0.3234,90.3014,86.4266,88.364,88.364,89.6396,0.004339,-0.021471,0.030593,-332.8,-0.017563,36,False,prob_below_sell_threshold,prob_below_sell_threshold,2026-05-15,1.0,2026-05-17T18:43:33Z,-4586.88,-4.438286,-4.438286
ml_lightgbm,ML – LightGBM,NEE,lightgbm,lightgbm,lightgbm,binary,binary-2026-05,D-ml_lightgbm-286ba678b8d4,S-NEE-lightgbm-20231109-9086e4,T-ml_lightgbm-97f2b6d6daa9,BUY,2026-05-17T18:43:33Z,2023-11-09,2023-11-09,57.12,57.5,57.12,57.27,54.62,54.72,17147900,325.0,0.0,325.0,75729.08,57165.08,0.0,18564.0,92829.8,92049.8,0.2,0.0,0.2017,59.13,0.1827,0.5913,0.55,41.64,-0.0284,-0.3856,0.3573,61.0702,50.9778,56.024,56.024,59.3668,0.007675,0.034357,0.091009,,,,,prob_above_buy_threshold,prob_above_buy_threshold,2026-05-15,1.0,2026-05-17T18:43:33Z,-4586.88,-4.438286,-4.438286
ml_lightgbm,ML – LightGBM,DUK,lightgbm,lightgbm,lightgbm,binary,binary-2026-05,D-ml_lightgbm-d68b179c5585,S-DUK-lightgbm-20231113-87a694,T-ml_lightgbm-4fbccc4b00a5,BUY,2026-05-17T18:43:33Z,2023-11-13,2023-11-13,88.19,88.27,88.19,88.39,86.61,87.02,3396400,208.0,0.0,208.0,57165.08,38821.56,0.0,18343.52,92002.66,91759.3,0.2,0.0,0.1999,58.99,0.1799,0.5899,0.55,41.49,-0.2326,-0.1652,-0.0674,90.449,86.355,88.402,88.402,89.5062,0.032521,0.026201,0.095495,,,,,prob_above_buy_threshold,prob_above_buy_threshold,2026-05-15,1.0,2026-05-17T18:43:33Z,-4586.88,-4.438286,-4.438286
ml_lightgbm,ML – LightGBM,DUK,lightgbm,lightgbm,lightgbm,binary,binary-2026-05,D-ml_lightgbm-ee92e38ac503,S-DUK-lightgbm-20231114-82a16c,T-ml_lightgbm-c1802d6cbe6f,SELL,2026-05-17T18:43:33Z,2023-11-14,2023-11-14,88.63,87.02,88.63,89.9,88.5,89.85,5739200,208.0,208.0,0.0,38821.56,57256.6,18435.04,0.0,93342.67,93088.91,0.2,0.1975,0.0,44.92,0.1017,0.4492,0.55,54.51,-0.1036,-0.1529,0.0493,90.577,86.316,88.4465,88.4465,89.5702,-0.002671,0.000334,0.091597,91.52,0.004989,1,True,prob_below_sell_threshold,prob_below_sell_threshold,2026-05-15,1.0,2026-05-17T18:43:33Z,-4495.36,-4.369684,-4.438286
ml_lightgbm,ML – LightGBM,WMT,lightgbm,lightgbm,lightgbm,binary,binary-2026-05,D-ml_lightgbm-cbb7221e7eb7,S-WMT-lightgbm-20231116-6fca49,T-ml_lightgbm-f7737901d587,BUY,2026-05-17T18:43:33Z,2023-11-16,2023-11-16,52.9167,56.5933,52.9167,53.15,51.8333,52.0133,97658700,351.0,0.0,351.0,57256.6,38682.85,0.0,18573.75,93063.2,92746.13,0.2,0.0,0.2003,65.4,0.3081,0.654,0.55,35.86,0.2941,0.4011,-0.107,56.6468,52.5629,54.6048,54.6048,54.1279,-0.004422,0.000128,-0.021148,,,,,prob_above_buy_threshold,prob_above_buy_threshold,2026-05-15,1.0,2026-05-17T18:43:33Z,-4495.36,-4.369684,-4.438286
ml_lightgbm,ML – LightGBM,JNJ,lightgbm,lightgbm,lightgbm,binary,binary-2026-05,D-ml_lightgbm-b4937fc675dd,S-JNJ-lightgbm-20231124-83a5d5,T-ml_lightgbm-04a508328cff,SELL,2026-05-17T18:43:33Z,2023-11-24,2023-11-24,150.86,150.82,150.86,152.68,150.86,152.5,3351400,116.0,116.0,0.0,38682.85,56182.61,17499.76,0.0,93335.62,93145.38,0.2,0.1875,0.0,43.65,0.1269,0.4365,0.55,55.59,-0.7495,-1.4585,0.709,152.9682,145.7508,149.3595,149.3595,153.7862,-0.008,0.038557,0.01941,-2184.28,-0.110967,95,False,prob_below_sell_threshold,prob_below_sell_threshold,2026-05-15,1.0,2026-05-17T18:43:33Z,-6679.64,-6.007001,-6.007001
ml_lightgbm,ML – LightGBM,NEE,lightgbm,lightgbm,lightgbm,binary,binary-2026-05,D-ml_lightgbm-659170b24f86,S-NEE-lightgbm-20231129-2314c4,T-ml_lightgbm-3569f58506f3,SELL,2026-05-17T18:43:33Z,2023-11-29,2023-11-29,58.53,58.16,58.53,59.23,57.98,58.36,17019100,325.0,325.0,0.0,56182.61,75204.86,19022.25,0.0,93410.97,93466.22,0.2,0.2036,0.0,44.05,0.1189,0.4405,0.55,55.41,0.2512,0.0587,0.1926,60.2704,54.7336,57.502,57.502,56.6972,0.00257,0.031528,0.045579,458.25,0.024685,20,True,prob_below_sell_threshold,prob_below_sell_threshold,2026-05-15,1.0,2026-05-17T18:43:33Z,-6221.39,-5.663501,-6.007001
ml_lightgbm,ML – LightGBM,PG,lightgbm,lightgbm,lightgbm,binary,binary-2026-05,D-ml_lightgbm-bf00be41f63e,S-PG-lightgbm-20231205-d6c071,T-ml_lightgbm-304a8ea2e49b,BUY,2026-05-17T18:43:33Z,2023-12-05,2023-12-05,152.14,152.06,152.14,152.61,146.18,146.76,11895800,122.0,0.0,122.0,75204.86,56643.78,0.0,18561.08,93425.27,92768.91,0.2,0.0,0.2001,62.27,0.2454,0.6227,0.55,38.58,0.2888,0.6116,-0.3228,154.05,148.37,151.21,151.21,148.8474,-0.00075,-0.005587,0.012878,,,,,prob_above_buy_threshold,prob_above_buy_threshold,2026-05-15,1.0,2026-05-17T18:43:33Z,-6221.39,-5.663501,-6.007001
ml_lightgbm,ML – LightGBM,WMT,lightgbm,lightgbm,lightgbm,binary,binary-2026-05,D-ml_lightgbm-34081a0f8458,S-WMT-lightgbm-20231227-daba3b,T-ml_lightgbm-ea6fd1242217,SELL,2026-05-17T18:43:33Z,2023-12-27,2023-12-27,52.1033,52.1367,52.1033,52.65,52.0533,52.6267,19896000,351.0,351.0,0.0,56643.78,74932.05,18288.27,0.0,92935.06,92751.37,0.2,0.1968,0.0,43.54,0.1292,0.4354,0.55,55.62,-0.191,-0.4557,0.2647,52.6885,50.1451,51.4168,51.4168,52.9179,-0.001964,-0.00076,0.040474,-285.48,-0.01537,41,False,prob_below_sell_threshold,prob_below_sell_threshold,2026-05-15,1.0,2026-05-17T18:43:33Z,-6506.87,-5.877494,-6.007001
ml_lightgbm,ML – LightGBM,PG,lightgbm,lightgbm,lightgbm,binary,binary-2026-05,D-ml_lightgbm-c8aa009d9284,S-PG-lightgbm-20240102-53d399,T-ml_lightgbm-59c528638d25,SELL,2026-05-17T18:43:33Z,2024-01-02,2024-01-02,146.36,146.54,146.36,149.41,146.31,148.74,7238400,122.0,122.0,0.0,74932.05,92787.97,17855.92,0.0,93078.33,92787.97,0.2,0.1918,0.0,44.27,0.1146,0.4427,0.55,55.12,-0.7296,-1.085,0.3554,149.8774,142.6106,146.244,146.244,148.9054,-0.006051,0.003765,0.056474,-705.16,-0.037991,28,False,prob_below_sell_threshold,prob_below_sell_threshold,2026-05-15,1.0,2026-05-17T18:43:33Z,-7212.03,-6.406076,-6.406076
ml_lightgbm,ML – LightGBM,NEE,lightgbm,lightgbm,lightgbm,binary,binary-2026-05,D-ml_lightgbm-e054ca322782,S-NEE-lightgbm-20240117-0f1346,T-ml_lightgbm-5a74a355194f,BUY,2026-05-17T18:43:33Z,2024-01-17,2024-01-17,59.46,60.35,59.46,60.01,57.8,58.27,11543100,312.0,0.0,312.0,92787.97,74236.45,0.0,18551.52,92787.97,92416.69,0.2,0.0,0.2007,63.0,0.26,0.63,0.55,38.35,0.2261,0.6125,-0.3864,63.1327,58.8013,60.967,60.967,59.4278,-0.01064,-0.021624,-0.038785,,,,,prob_above_buy_threshold,prob_above_buy_threshold,2026-05-15,1.0,2026-05-17T18:43:33Z,-7212.03,-6.406076,-6.406076
ml_lightgbm,ML – LightGBM,DUK,lightgbm,lightgbm,lightgbm,binary,binary-2026-05,D-ml_lightgbm-9568e4d40637,S-DUK-lightgbm-20240119-036b55,T-ml_lightgbm-65956cb6b569,BUY,2026-05-17T18:43:33Z,2024-01-19,2024-01-19,96.3,95.86,96.3,96.3,95.2,95.56,2965100,191.0,0.0,191.0,74236.45,55843.15,0.0,18393.3,92101.57,91960.23,0.2,0.0,0.2,56.07,0.1213,0.5607,0.55,44.63,0.6001,1.1337,-0.5336,99.8605,95.0555,97.458,97.458,94.267,-0.005232,0.003244,-0.03851,,,,,prob_above_buy_threshold,prob_above_buy_threshold,2026-05-15,1.0,2026-05-17T18:43:33Z,-7212.03,-6.406076,-6.406076
ml_lightgbm,ML – LightGBM,DUK,lightgbm,lightgbm,lightgbm,binary,binary-2026-05,D-ml_lightgbm-6b316d97e34e,S-DUK-lightgbm-20240201-0652b6,T-ml_lightgbm-bea4a96759be,SELL,2026-05-17T18:43:33Z,2024-02-01,2024-02-01,95.35,95.83,95.35,97.85,94.75,97.79,2745900,191.0,191.0,0.0,55843.15,74055.0,18211.85,0.0,93163.04,92697.0,0.2,0.1955,0.0,41.26,0.1749,0.4126,0.55,58.5,0.0352,0.1455,-0.1103,99.9755,93.8655,96.9205,96.9205,95.4908,-0.016055,-0.052562,-0.070866,-181.45,-0.009865,13,False,prob_below_sell_threshold,prob_below_sell_threshold,2026-05-15,1.0,2026-05-17T18:43:33Z,-7393.48,-6.54209,-6.54209
ml_lightgbm,ML – LightGBM,JNJ,lightgbm,lightgbm,lightgbm,binary,binary-2026-05,D-ml_lightgbm-ec96f08c1f23,S-JNJ-lightgbm-20240202-828b68,T-ml_lightgbm-155b9998ff60,BUY,2026-05-17T18:43:33Z,2024-02-02,2024-02-02,157.97,158.36,157.97,158.31,155.94,156.61,8295900,116.0,0.0,116.0,74055.0,55730.48,0.0,18324.52,92197.8,92040.04,0.2,0.0,0.1991,61.51,0.2302,0.6151,0.55,39.14,0.1147,0.7404,-0.6256,163.286,157.298,160.292,160.292,157.4602,-0.005172,0.000958,0.020624,,,,,prob_above_buy_threshold,prob_above_buy_threshold,2026-05-15,1.0,2026-05-17T18:43:33Z,-7393.48,-6.54209,-6.54209
ml_lightgbm,ML – LightGBM,DUK,lightgbm,lightgbm,lightgbm,binary,binary-2026-05,D-ml_lightgbm-512136908074,S-DUK-lightgbm-20240206-6a27bc,T-ml_lightgbm-273e298fb43b,BUY,2026-05-17T18:43:33Z,2024-02-06,2024-02-06,95.09,95.25,95.09,95.41,94.75,95.06,2171800,192.0,0.0,192.0,55730.48,37473.2,0.0,18257.28,91609.2,91603.44,0.2,0.0,0.1993,55.77,0.1154,0.5577,0.55,44.73,-0.137,0.0415,-0.1785,99.1585,93.6935,96.426,96.426,95.8306,0.004629,-0.036293,-0.010414,,,,,prob_above_buy_threshold,prob_above_buy_threshold,2026-05-15,1.0,2026-05-17T18:43:33Z,-7393.48,-6.54209,-6.54209
ml_lightgbm,ML – LightGBM,JNJ,lightgbm,lightgbm,lightgbm,binary,binary-2026-05,D-ml_lightgbm-408cd7c15509,S-JNJ-lightgbm-20240222-edc34d,T-ml_lightgbm-07e1d447572b,SELL,2026-05-17T18:43:33Z,2024-02-22,2024-02-22,158.98,158.68,158.98,160.74,157.77,160.45,8065000,116.0,116.0,0.0,37473.2,55914.88,18441.68,0.0,91455.4,91284.88,0.2,0.2016,0.0,41.16,0.1767,0.4116,0.55,58.32,-0.0787,-0.303,0.2243,160.5138,155.2442,157.879,157.879,158.2632,0.008663,0.005796,-0.029293,117.16,0.006394,20,True,prob_below_sell_threshold,prob_below_sell_threshold,2026-05-15,1.0,2026-05-17T18:43:33Z,-7276.32,-6.454267,-6.54209
ml_lightgbm,ML – LightGBM,DUK,lightgbm,lightgbm,lightgbm,binary,binary-2026-05,D-ml_lightgbm-e74a40f0009a,S-DUK-lightgbm-20240306-1492e0,T-ml_lightgbm-85de1e28a88f,SELL,2026-05-17T18:43:33Z,2024-03-06,2024-03-06,93.47,92.69,93.47,94.32,92.97,94.07,4229900,192.0,192.0,0.0,55914.88,73861.12,17946.24,0.0,91301.68,91186.48,0.2,0.1966,0.0,44.61,0.1078,0.4461,0.55,54.64,-0.637,-0.9493,0.3123,94.4512,89.9068,92.179,92.179,94.9792,0.004358,0.015201,0.021792,-311.04,-0.017036,29,False,prob_below_sell_threshold,prob_below_sell_threshold,2026-05-15,1.0,2026-05-17T18:43:33Z,-7587.36,-6.68742,-6.68742
ml_lightgbm,ML – LightGBM,NEE,lightgbm,lightgbm,lightgbm,binary,binary-2026-05,D-ml_lightgbm-8c9de736bd5b,S-NEE-lightgbm-20240308-162708,T-ml_lightgbm-0d09c6778e6d,SELL,2026-05-17T18:43:33Z,2024-03-08,2024-03-08,56.72,56.25,56.72,58.16,56.31,57.81,12735600,312.0,312.0,0.0,73861.12,91557.76,17696.64,0.0,91897.84,91557.76,0.2,0.1926,0.0,41.71,0.1659,0.4171,0.55,57.26,-0.4616,-0.7044,0.2428,57.9522,54.3438,56.148,56.148,58.0638,0.001038,0.039267,0.121951,-854.88,-0.046081,51,False,prob_below_sell_threshold,prob_below_sell_threshold,2026-05-15,1.0,2026-05-17T18:43:33Z,-8442.24,-7.328231,-7.328231
ml_lightgbm,ML – LightGBM,JNJ,lightgbm,lightgbm,lightgbm,binary,binary-2026-05,D-ml_lightgbm-6b633112c8d7,S-JNJ-lightgbm-20240315-3ad34d,T-ml_lightgbm-ae5f98284c51,BUY,2026-05-17T18:43:33Z,2024-03-15,2024-03-15,158.06,159.21,158.06,159.19,157.1,158.18,13165500,115.0,0.0,115.0,91557.76,73380.86,0.0,18176.9,91557.76,91571.56,0.2,0.0,0.1985,55.7,0.1139,0.557,0.55,44.73,0.3025,0.4975,-0.1949,163.2114,157.0086,160.11,160.11,159.633,-0.008977,-0.01865,-0.066949,,,,,prob_above_buy_threshold,prob_above_buy_threshold,2026-05-15,1.0,2026-05-17T18:43:33Z,-8442.24,-7.328231,-7.328231
ml_lightgbm,ML – LightGBM,WMT,lightgbm,lightgbm,lightgbm,binary,binary-2026-05,D-ml_lightgbm-eca5bf644025,S-WMT-lightgbm-20240402-62cb13,T-ml_lightgbm-cabd27d5edb7,BUY,2026-05-17T18:43:33Z,2024-04-02,2024-04-02,59.9,60.0,59.9,60.1,58.88,59.16,19510100,305.0,0.0,305.0,73380.86,55111.36,0.0,18269.5,91519.81,91294.11,0.2,0.0,0.2001,57.26,0.1451,0.5726,0.55,43.6,0.4614,0.8094,-0.3479,61.714,59.543,60.6285,60.6285,58.3029,0.004564,0.010649,0.003212,,,,,prob_above_buy_threshold,prob_above_buy_threshold,2026-05-15,1.0,2026-05-17T18:43:33Z,-8442.24,-7.328231,-7.328231
ml_lightgbm,ML – LightGBM,PG,lightgbm,lightgbm,lightgbm,binary,binary-2026-05,D-ml_lightgbm-f98a0eebe59e,S-PG-lightgbm-20240403-eec7a4,T-ml_lightgbm-4457138877aa,BUY,2026-05-17T18:43:33Z,2024-04-03,2024-04-03,160.63,160.57,160.63,160.88,155.68,156.15,9601800,113.0,0.0,113.0,55111.36,36960.17,0.0,18151.19,90977.41,90471.17,0.2,0.0,0.2006,66.29,0.3257,0.6629,0.55,34.24,0.2606,0.8534,-0.5928,163.7758,158.2892,161.0325,161.0325,159.1838,-0.004483,0.006981,0.04643,,,,,prob_above_buy_threshold,prob_above_buy_threshold,2026-05-15,1.0,2026-05-17T18:43:33Z,-8442.24,-7.328231,-7.328231
ml_lightgbm,ML – LightGBM,WMT,lightgbm,lightgbm,lightgbm,binary,binary-2026-05,D-ml_lightgbm-7dd1ecd6ebc8,S-WMT-lightgbm-20240410-b1fa67,T-ml_lightgbm-401a0720bfd8,SELL,2026-05-17T18:43:33Z,2024-04-10,2024-04-10,59.62,59.79,59.62,60.76,59.39,60.62,15097600,305.0,305.0,0.0,36960.17,55144.27,18184.1,0.0,90490.39,90185.39,0.2,0.201,0.0,40.98,0.1803,0.4098,0.55,58.99,0.2106,0.3782,-0.1676,61.7198,59.1182,60.419,60.419,58.9633,-0.008743,-0.016001,-0.005279,-85.4,-0.004675,8,False,prob_below_sell_threshold,prob_below_sell_threshold,2026-05-15,1.0,2026-05-17T18:43:33Z,-8527.64,-7.392246,-7.392246
ml_lightgbm,ML – LightGBM,DUK,lightgbm,lightgbm,lightgbm,binary,binary-2026-05,D-ml_lightgbm-635cdabef2b7,S-DUK-lightgbm-20240415-21b09f,T-ml_lightgbm-5c4a9e068f3b,BUY,2026-05-17T18:43:33Z,2024-04-15,2024-04-15,95.45,94.9,95.45,95.63,93.68,94.13,2623100,187.0,0.0,187.0,55144.27,37295.12,0.0,17849.15,89682.97,89436.13,0.2,0.0,0.1996,56.41,0.1283,0.5641,0.55,44.09,0.2447,0.4774,-0.2328,97.2813,93.7527,95.517,95.517,94.1196,-0.013386,0.042388,0.093063,,,,,prob_above_buy_threshold,prob_above_buy_threshold,2026-05-15,1.0,2026-05-17T18:43:33Z,-8527.64,-7.392246,-7.392246
ml_lightgbm,ML – LightGBM,WMT,lightgbm,lightgbm,lightgbm,binary,binary-2026-05,D-ml_lightgbm-912e4011e1e1,S-WMT-lightgbm-20240418-4b2ae9,T-ml_lightgbm-0d92aa085f02,BUY,2026-05-17T18:43:33Z,2024-04-18,2024-04-18,59.83,59.65,59.83,59.94,59.22,59.26,12061500,300.0,0.0,300.0,37295.12,19346.12,0.0,17949.0,89767.9,89596.9,0.2,0.0,0.2003,57.28,0.1457,0.5728,0.55,43.17,0.0304,0.1822,-0.1518,61.1989,58.9341,60.0665,60.0665,59.4269,0.004556,0.016031,0.080155,,,,,prob_above_buy_threshold,prob_above_buy_threshold,2026-05-15,1.0,2026-05-17T18:43:33Z,-8527.64,-7.392246,-7.392246
ml_lightgbm,ML – LightGBM,DUK,lightgbm,lightgbm,lightgbm,binary,binary-2026-05,D-ml_lightgbm-8e847efe852e,S-DUK-lightgbm-20240419-2d99a8,T-ml_lightgbm-14fbcfd22a24,SELL,2026-05-17T18:43:33Z,2024-04-19,2024-04-19,96.1,95.93,96.1,98.41,95.98,98.24,4212800,187.0,187.0,0.0,19346.12,37316.82,17970.7,0.0,90455.47,90055.29,0.2,0.1987,0.0,37.01,0.2598,0.3701,0.55,62.25,0.3029,0.2647,0.0383,98.0346,93.1084,95.5715,95.5715,94.1098,-0.001221,-0.005395,0.057512,121.55,0.00681,4,True,prob_below_sell_threshold,prob_below_sell_threshold,2026-05-15,1.0,2026-05-17T18:43:33Z,-8406.09,-7.301133,-7.392246
ml_lightgbm,ML – LightGBM,PG,lightgbm,lightgbm,lightgbm,binary,binary-2026-05,D-ml_lightgbm-1656b458be78,S-PG-lightgbm-20240422-00d65c,T-ml_lightgbm-d4ea8230b3d5,SELL,2026-05-17T18:43:33Z,2024-04-22,2024-04-22,158.43,158.14,158.43,161.29,157.25,160.54,8926300,113.0,113.0,0.0,37316.82,55219.41,17902.59,0.0,90648.64,90410.21,0.2,0.1975,0.0,39.14,0.2172,0.3914,0.55,60.43,-0.4529,-0.7238,0.2709,162.7732,153.2158,157.9945,157.9945,159.1066,0.00598,0.006977,0.04217,-248.6,-0.013696,19,False,prob_below_sell_threshold,prob_below_sell_threshold,2026-05-15,1.0,2026-05-17T18:43:33Z,-8654.69,-7.487482,-7.487482
ml_lightgbm,ML – LightGBM,WMT,lightgbm,lightgbm,lightgbm,binary,binary-2026-05,D-ml_lightgbm-e097bda43fb4,S-WMT-lightgbm-20240507-f232d5,T-ml_lightgbm-0ebe6edd0ae7,SELL,2026-05-17T18:43:33Z,2024-05-07,2024-05-07,60.17,59.87,60.17,60.8,60.05,60.62,14520200,300.0,300.0,0.0,55219.41,73270.41,18051.0,0.0,90508.21,90373.21,0.2,0.1994,0.0,42.11,0.1577,0.4211,0.55,57.47,0.0434,0.0027,0.0406,60.7589,58.9401,59.8495,59.8495,60.0758,-0.005279,-0.012537,0.10673,102.0,0.005683,19,True,prob_below_sell_threshold,prob_below_sell_threshold,2026-05-15,1.0,2026-05-17T18:43:33Z,-8552.69,-7.411023,-7.487482
ml_lightgbm,ML – LightGBM,JNJ,lightgbm,lightgbm,lightgbm,binary,binary-2026-05,D-ml_lightgbm-27e38e25f67f,S-JNJ-lightgbm-20240513-19d91e,T-ml_lightgbm-5e02ec367eee,SELL,2026-05-17T18:43:33Z,2024-05-13,2024-05-13,150.04,149.91,150.04,152.0,149.71,151.22,5628500,115.0,115.0,0.0,73270.41,90525.01,17254.6,0.0,90660.71,90525.01,0.2,0.1903,0.0,44.95,0.101,0.4495,0.55,54.28,-0.5535,-1.2264,0.6729,152.2108,143.9942,148.1025,148.1025,152.8308,0.001058,0.000331,-0.029493,-922.3,-0.05074,59,False,prob_below_sell_threshold,prob_below_sell_threshold,2026-05-15,1.0,2026-05-17T18:43:33Z,-9474.99,-8.102372,-8.102372
ml_lightgbm,ML – LightGBM,JNJ,lightgbm,lightgbm,lightgbm,binary,binary-2026-05,D-ml_lightgbm-82e82a9ee400,S-JNJ-lightgbm-20240524-5ff33e,T-ml_lightgbm-f46853119e83,BUY,2026-05-17T18:43:33Z,2024-05-24,2024-05-24,149.53,149.7,149.53,149.81,146.76,146.97,9520600,121.0,0.0,121.0,90525.01,72431.88,0.0,18093.13,90525.01,90215.25,0.2,0.0,0.2006,60.13,0.2025,0.6013,0.55,40.55,0.0228,0.1052,-0.0824,155.1331,145.3329,150.233,150.233,151.3074,-0.017623,0.005239,0.001497,,,,,prob_above_buy_threshold,prob_above_buy_threshold,2026-05-15,1.0,2026-05-17T18:43:33Z,-9474.99,-8.102372,-8.102372
ml_lightgbm,ML – LightGBM,PG,lightgbm,lightgbm,lightgbm,binary,binary-2026-05,D-ml_lightgbm-78af792fd732,S-PG-lightgbm-20240528-3b6214,T-ml_lightgbm-596099c9e664,BUY,2026-05-17T18:43:33Z,2024-05-28,2024-05-28,164.49,165.33,164.49,164.76,162.26,163.11,6466200,109.0,0.0,109.0,72431.88,54502.47,0.0,17929.41,89901.86,89751.44,0.2,0.0,0.1998,56.25,0.1249,0.5625,0.55,44.31,1.2103,1.7014,-0.4911,168.8684,162.5416,165.705,165.705,161.8428,-0.008951,0.02391,0.026608,,,,,prob_above_buy_threshold,prob_above_buy_threshold,2026-05-15,1.0,2026-05-17T18:43:33Z,-9474.99,-8.102372,-8.102372
ml_lightgbm,ML – LightGBM,PG,lightgbm,lightgbm,lightgbm,binary,binary-2026-05,D-ml_lightgbm-db667966221d,S-PG-lightgbm-20240604-e3d79b,T-ml_lightgbm-8074907fe8e2,SELL,2026-05-17T18:43:33Z,2024-06-04,2024-06-04,164.79,164.65,164.79,167.12,164.4,167.01,6277000,109.0,109.0,0.0,54502.47,72464.58,17962.11,0.0,90590.36,90348.38,0.2,0.1983,0.0,40.22,0.1957,0.4022,0.55,59.63,0.5929,0.9276,-0.3347,169.2849,162.2341,165.7595,165.7595,162.0804,-0.005748,0.002814,-0.019041,32.7,0.001824,7,True,prob_below_sell_threshold,prob_below_sell_threshold,2026-05-15,1.0,2026-05-17T18:43:33Z,-9442.29,-8.07786,-8.102372
ml_lightgbm,ML – LightGBM,NEE,lightgbm,lightgbm,lightgbm,binary,binary-2026-05,D-ml_lightgbm-b9b71002a50c,S-NEE-lightgbm-20240611-349b50,T-ml_lightgbm-85c52a474816,BUY,2026-05-17T18:43:33Z,2024-06-11,2024-06-11,75.3,76.97,75.3,75.32,71.55,72.74,22781500,239.0,0.0,239.0,72464.58,54467.87,0.0,17996.7,90222.53,89610.69,0.2,0.0,0.2008,57.64,0.1529,0.5764,0.55,44.19,1.3463,2.1355,-0.7892,79.351,73.866,76.6085,76.6085,70.7056,-0.006599,-0.031619,0.026945,,,,,prob_above_buy_threshold,prob_above_buy_threshold,2026-05-15,1.0,2026-05-17T18:43:33Z,-9442.29,-8.07786,-8.102372
ml_lightgbm,ML – LightGBM,DUK,lightgbm,lightgbm,lightgbm,binary,binary-2026-05,D-ml_lightgbm-04124507ed76,S-DUK-lightgbm-20240617-a0309f,T-ml_lightgbm-65b48be7ad03,BUY,2026-05-17T18:43:33Z,2024-06-17,2024-06-17,101.95,102.36,101.95,102.1,100.69,100.8,2953100,175.0,0.0,175.0,54467.87,36626.62,0.0,17841.25,89409.91,89208.66,0.2,0.0,0.2,55.44,0.1088,0.5544,0.55,45.15,0.2283,0.595,-0.3667,104.7732,100.1488,102.461,102.461,100.3702,-0.007639,-0.005952,0.066667,,,,,prob_above_buy_threshold,prob_above_buy_threshold,2026-05-15,1.0,2026-05-17T18:43:33Z,-9442.29,-8.07786,-8.102372
ml_lightgbm,ML – LightGBM,JNJ,lightgbm,lightgbm,lightgbm,binary,binary-2026-05,D-ml_lightgbm-4d12f107ccdb,S-JNJ-lightgbm-20240621-3c5ed6,T-ml_lightgbm-4584ff30eebc,SELL,2026-05-17T18:43:33Z,2024-06-21,2024-06-21,147.89,147.78,147.89,149.08,147.37,148.75,15172300,121.0,121.0,0.0,36626.62,54521.31,17894.69,0.0,89498.96,89394.9,0.2,0.1999,0.0,44.94,0.1012,0.4494,0.55,54.51,-0.6463,-0.9402,0.2939,149.2243,143.8627,146.5435,146.5435,148.116,0.002487,-0.017412,0.036908,-198.44,-0.010968,28,False,prob_below_sell_threshold,prob_below_sell_threshold,2026-05-15,1.0,2026-05-17T18:43:33Z,-9640.73,-8.226609,-8.226609
ml_lightgbm,ML – LightGBM,JNJ,lightgbm,lightgbm,lightgbm,binary,binary-2026-05,D-ml_lightgbm-bccecc3be88b,S-JNJ-lightgbm-20240627-4f2960,T-ml_lightgbm-7d574219e661,BUY,2026-05-17T18:43:33Z,2024-06-27,2024-06-27,146.8,146.82,146.8,147.36,144.84,145.8,5739200,122.0,0.0,122.0,54521.31,36611.71,0.0,17909.6,89743.64,89621.64,0.2,0.0,0.1998,56.94,0.1388,0.5694,0.55,43.25,-0.4788,-0.6384,0.1596,148.8961,144.5349,146.7155,146.7155,148.1276,0.002469,0.004664,0.101783,,,,,prob_above_buy_threshold,prob_above_buy_threshold,2026-05-15,1.0,2026-05-17T18:43:33Z,-9640.73,-8.226609,-8.226609
ml_lightgbm,ML – LightGBM,PG,lightgbm,lightgbm,lightgbm,binary,binary-2026-05,D-ml_lightgbm-c81728bc4dae,S-PG-lightgbm-20240628-5a6b6c,T-ml_lightgbm-fc24382954f5,BUY,2026-05-17T18:43:33Z,2024-06-28,2024-06-28,166.0,166.62,166.0,167.24,164.58,164.92,9253100,107.0,0.0,107.0,36611.71,18849.71,0.0,17762.0,88907.07,88791.51,0.2,0.0,0.2,55.73,0.1145,0.5573,0.55,44.69,0.4741,0.7707,-0.2966,169.3066,164.4204,166.8635,166.8635,165.2234,-0.01334,0.009702,0.030378,,,,,prob_above_buy_threshold,prob_above_buy_threshold,2026-05-15,1.0,2026-05-17T18:43:33Z,-9640.73,-8.226609,-8.226609
ml_lightgbm,ML – LightGBM,JNJ,lightgbm,lightgbm,lightgbm,binary,binary-2026-05,D-ml_lightgbm-5f5eec4c10d7,S-JNJ-lightgbm-20240710-008ddf,T-ml_lightgbm-7f835c3cbd31,SELL,2026-05-17T18:43:33Z,2024-07-10,2024-07-10,147.26,147.05,147.26,149.47,146.68,149.43,6093200,122.0,122.0,0.0,18849.71,36815.43,17965.72,0.0,90346.12,90081.38,0.2,0.1989,0.0,40.42,0.1915,0.4042,0.55,58.98,-0.197,-0.4757,0.2787,149.0747,144.2233,146.649,146.649,148.011,0.001807,0.047849,0.063374,56.12,0.003133,13,True,prob_below_sell_threshold,prob_below_sell_threshold,2026-05-15,1.0,2026-05-17T18:43:33Z,-9584.61,-8.184542,-8.226609
ml_lightgbm,ML – LightGBM,DUK,lightgbm,lightgbm,lightgbm,binary,binary-2026-05,D-ml_lightgbm-f4028f300269,S-DUK-lightgbm-20240710-7edb7c,T-ml_lightgbm-4e5ac248ad06,SELL,2026-05-17T18:43:33Z,2024-07-10,2024-07-10,101.25,100.94,101.25,102.9,100.9,102.83,3128400,175.0,175.0,0.0,36815.43,54534.18,17718.75,0.0,90346.12,89804.88,0.2,0.1961,0.0,39.12,0.2175,0.3912,0.55,60.27,-0.101,-0.2812,0.1802,102.593,98.859,100.726,100.726,101.5602,0.015851,0.045609,0.103861,-122.5,-0.006866,23,False,prob_below_sell_threshold,prob_below_sell_threshold,2026-05-15,1.0,2026-05-17T18:43:33Z,-9707.11,-8.276367,-8.276367
ml_lightgbm,ML – LightGBM,NEE,lightgbm,lightgbm,lightgbm,binary,binary-2026-05,D-ml_lightgbm-eed891314b8a,S-NEE-lightgbm-20240711-a95244,T-ml_lightgbm-b6890517dfcc,SELL,2026-05-17T18:43:33Z,2024-07-11,2024-07-11,73.5,72.9,73.5,75.21,73.46,74.7,12188700,239.0,239.0,0.0,54534.18,72100.68,17566.5,0.0,90100.26,89813.46,0.2,0.195,0.0,41.6,0.168,0.416,0.55,57.27,-0.25,-0.4314,0.1814,74.7691,69.9679,72.3685,72.3685,73.8622,0.017403,-0.040562,0.038019,-430.2,-0.023904,30,False,prob_below_sell_threshold,prob_below_sell_threshold,2026-05-15,1.0,2026-05-17T18:43:33Z,-10137.31,-8.598841,-8.598841
ml_lightgbm,ML – LightGBM,NEE,lightgbm,lightgbm,lightgbm,binary,binary-2026-05,D-ml_lightgbm-cdd8b173bb93,S-NEE-lightgbm-20240715-a3c80b,T-ml_lightgbm-bece2b5dde8a,BUY,2026-05-17T18:43:33Z,2024-07-15,2024-07-15,74.17,76.0,74.17,74.4,70.76,70.97,19575400,241.0,0.0,241.0,72100.68,54225.71,0.0,17874.97,89710.74,88939.54,0.2,0.0,0.201,56.76,0.1352,0.5676,0.55,43.96,-0.1416,-0.2987,0.157,75.3834,69.5066,72.445,72.445,74.09,0.013104,0.027195,0.093138,,,,,prob_above_buy_threshold,prob_above_buy_threshold,2026-05-15,1.0,2026-05-17T18:43:33Z,-10137.31,-8.598841,-8.598841
ml_lightgbm,ML – LightGBM,PG,lightgbm,lightgbm,lightgbm,binary,binary-2026-05,D-ml_lightgbm-ec96b4049124,S-PG-lightgbm-20240717-c6a242,T-ml_lightgbm-6db1ba8f6390,SELL,2026-05-17T18:43:33Z,2024-07-17,2024-07-17,167.75,166.95,167.75,170.17,167.33,169.44,7982300,107.0,107.0,0.0,54225.71,72174.96,17949.25,0.0,89442.69,89261.86,0.2,0.2007,0.0,39.78,0.2044,0.3978,0.55,59.67,0.2975,0.0714,0.2261,169.7782,162.8758,166.327,166.327,166.1692,-0.005902,-0.008499,-0.003777,187.25,0.010542,19,True,prob_below_sell_threshold,prob_below_sell_threshold,2026-05-15,1.0,2026-05-17T18:43:33Z,-9950.06,-8.45848,-8.598841
ml_lightgbm,ML – LightGBM,NEE,lightgbm,lightgbm,lightgbm,binary,binary-2026-05,D-ml_lightgbm-4d56ac68a4cd,S-NEE-lightgbm-20240724-b710fa,T-ml_lightgbm-8ac23b133f26,SELL,2026-05-17T18:43:33Z,2024-07-24,2024-07-24,72.73,72.11,72.73,75.75,72.29,75.41,17813700,241.0,241.0,0.0,72174.96,89702.9,17527.93,0.0,90348.78,89702.9,0.2,0.194,0.0,40.54,0.1893,0.4054,0.55,58.02,-0.0142,-0.2467,0.2325,75.5213,69.2667,72.394,72.394,74.1596,-0.026124,0.012996,0.056093,-347.04,-0.019415,9,False,prob_below_sell_threshold,prob_below_sell_threshold,2026-05-15,1.0,2026-05-17T18:43:33Z,-10297.1,-8.718618,-8.718618
ml_lightgbm,ML – LightGBM,PG,lightgbm,lightgbm,lightgbm,binary,binary-2026-05,D-ml_lightgbm-1da9f2c99ed1,S-PG-lightgbm-20240730-691dbf,T-ml_lightgbm-8180713124eb,BUY,2026-05-17T18:43:33Z,2024-07-30,2024-07-30,161.79,169.93,161.79,162.38,158.04,161.7,15746300,110.0,0.0,110.0,89702.9,71906.0,0.0,17796.9,89702.9,89693.0,0.2,0.0,0.1984,61.84,0.2368,0.6184,0.55,39.03,0.192,0.4272,-0.2352,170.6626,162.5324,166.5975,166.5975,166.4242,-0.005813,0.039518,0.046691,,,,,prob_above_buy_threshold,prob_above_buy_threshold,2026-05-15,1.0,2026-05-17T18:43:33Z,-10297.1,-8.718618,-8.718618
ml_lightgbm,ML – LightGBM,WMT,lightgbm,lightgbm,lightgbm,binary,binary-2026-05,D-ml_lightgbm-2baf7dd48db0,S-WMT-lightgbm-20240731-becec6,T-ml_lightgbm-d42acc0b56a6,BUY,2026-05-17T18:43:33Z,2024-07-31,2024-07-31,69.18,69.19,69.18,69.25,68.29,68.64,22908800,259.0,0.0,259.0,71906.0,53988.38,0.0,17917.62,89589.6,89449.73,0.2,0.0,0.2003,55.01,0.1002,0.5501,0.55,45.66,0.5042,0.8445,-0.3403,71.3296,68.5094,69.9195,69.9195,67.935,0.016754,-0.025204,0.108392,,,,,prob_above_buy_threshold,prob_above_buy_threshold,2026-05-15,1.0,2026-05-17T18:43:33Z,-10297.1,-8.718618,-8.718618
ml_lightgbm,ML – LightGBM,PG,lightgbm,lightgbm,lightgbm,binary,binary-2026-05,D-ml_lightgbm-635a2bdb8f1d,S-PG-lightgbm-20240802-3c4550,T-ml_lightgbm-f752415d91fa,SELL,2026-05-17T18:43:33Z,2024-08-02,2024-08-02,167.44,165.69,167.44,170.35,165.15,170.08,11899000,110.0,110.0,0.0,53988.38,72406.78,18418.4,0.0,90428.32,90137.92,0.2,0.2037,0.0,42.72,0.1455,0.4272,0.55,56.58,0.0464,0.1387,-0.0922,171.513,162.041,166.777,166.777,166.2888,-0.011877,0.002705,0.008584,621.5,0.034922,3,True,prob_below_sell_threshold,prob_below_sell_threshold,2026-05-15,1.0,2026-05-17T18:43:33Z,-9675.6,-8.252747,-8.718618
ml_lightgbm,ML – LightGBM,WMT,lightgbm,lightgbm,lightgbm,binary,binary-2026-05,D-ml_lightgbm-524c84129b24,S-WMT-lightgbm-20240815-e731f6,T-ml_lightgbm-bdf698d39803,SELL,2026-05-17T18:43:33Z,2024-08-15,2024-08-15,74.12,68.66,74.12,74.44,72.78,73.18,49567500,259.0,259.0,0.0,72406.78,91603.86,19197.08,0.0,91360.4,91603.86,0.2,0.2101,0.0,29.81,0.4038,0.2981,0.55,69.26,0.2151,0.0266,0.1885,72.107,66.333,69.22,69.22,68.6738,0.003689,0.032796,0.101394,1279.46,0.071408,15,True,prob_below_sell_threshold,prob_below_sell_threshold,2026-05-15,1.0,2026-05-17T18:43:33Z,-8396.14,-7.293675,-8.718618
ml_lightgbm,ML – LightGBM,JNJ,lightgbm,lightgbm,lightgbm,binary,binary-2026-05,D-ml_lightgbm-340b6beaf8ac,S-JNJ-lightgbm-20240925-914ad1,T-ml_lightgbm-ed9c674f5462,BUY,2026-05-17T18:43:33Z,2024-09-25,2024-09-25,163.0,162.78,163.0,163.32,160.36,160.6,5420000,112.0,0.0,112.0,91603.86,73347.86,0.0,18256.0,91603.86,91335.06,0.2,0.0,0.1999,60.69,0.2139,0.6069,0.55,40.17,0.4653,1.3158,-0.8506,168.5744,161.6916,165.133,165.133,161.7118,0.004919,0.003549,0.032752,,,,,prob_above_buy_threshold,prob_above_buy_threshold,2026-05-15,1.0,2026-05-17T18:43:33Z,-8396.14,-7.293675,-8.718618
ml_lightgbm,ML – LightGBM,PG,lightgbm,lightgbm,lightgbm,binary,binary-2026-05,D-ml_lightgbm-d8e13c73ae00,S-PG-lightgbm-20241003-963b87,T-ml_lightgbm-16a349c1e00a,BUY,2026-05-17T18:43:33Z,2024-10-03,2024-10-03,171.37,171.92,171.37,171.37,169.77,170.12,4794300,106.0,0.0,106.0,73347.86,55182.64,0.0,18165.22,91323.86,91191.36,0.2,0.0,0.1992,58.7,0.1741,0.587,0.55,42.02,0.0803,0.6457,-0.5654,177.5561,170.2459,173.901,173.901,171.0582,-0.007289,-0.006877,-0.029038,,,,,prob_above_buy_threshold,prob_above_buy_threshold,2026-05-15,1.0,2026-05-17T18:43:33Z,-8396.14,-7.293675,-8.718618
ml_lightgbm,ML – LightGBM,DUK,lightgbm,lightgbm,lightgbm,binary,binary-2026-05,D-ml_lightgbm-56e243729a59,S-DUK-lightgbm-20241004-f0a9e8,T-ml_lightgbm-c4aebaab3d07,BUY,2026-05-17T18:43:33Z,2024-10-04,2024-10-04,114.63,115.76,114.63,114.87,113.81,114.05,3512900,158.0,0.0,158.0,55182.64,37071.1,0.0,18111.54,91036.4,90944.76,0.2,0.0,0.1991,56.1,0.122,0.561,0.55,44.56,0.4107,0.7813,-0.3706,117.9211,114.4829,116.202,116.202,114.162,-0.033494,0.001052,-0.012012,,,,,prob_above_buy_threshold,prob_above_buy_threshold,2026-05-15,1.0,2026-05-17T18:43:33Z,-8396.14,-7.293675,-8.718618
ml_lightgbm,ML – LightGBM,NEE,lightgbm,lightgbm,lightgbm,binary,binary-2026-05,D-ml_lightgbm-d1a1393d81bc,S-NEE-lightgbm-20241007-443f90,T-ml_lightgbm-95d38e10a2a9,BUY,2026-05-17T18:43:33Z,2024-10-07,2024-10-07,83.55,83.85,83.55,83.55,80.19,80.29,11971600,215.0,0.0,215.0,37071.1,19107.85,0.0,17963.25,90069.52,89368.62,0.2,0.0,0.201,61.41,0.2281,0.6141,0.55,40.02,0.8265,1.2979,-0.4714,86.4088,81.4842,83.9465,83.9465,80.7338,0.002616,0.032632,-0.023913,,,,,prob_above_buy_threshold,prob_above_buy_threshold,2026-05-15,1.0,2026-05-17T18:43:33Z,-8396.14,-7.293675,-8.718618
ml_lightgbm,ML – LightGBM,JNJ,lightgbm,lightgbm,lightgbm,binary,binary-2026-05,D-ml_lightgbm-8fd1972a08d8,S-JNJ-lightgbm-20241015-5980a8,T-ml_lightgbm-1ee372d3ce7e,SELL,2026-05-17T18:43:33Z,2024-10-15,2024-10-15,160.0,161.6,160.0,166.75,159.0,164.1,10548000,112.0,112.0,0.0,19107.85,37027.85,17920.0,0.0,92190.28,91731.08,0.2,0.1944,0.0,40.39,0.1922,0.4039,0.55,59.22,-0.3641,-0.5015,0.1375,165.3863,158.4207,161.9035,161.9035,162.564,0.001097,-0.003961,-0.069836,-336.0,-0.018405,20,False,prob_below_sell_threshold,prob_below_sell_threshold,2026-05-15,1.0,2026-05-17T18:43:33Z,-8732.14,-7.545538,-8.718618
ml_lightgbm,ML – LightGBM,PG,lightgbm,lightgbm,lightgbm,binary,binary-2026-05,D-ml_lightgbm-fdcdd0da1bcf,S-PG-lightgbm-20241015-8da12b,T-ml_lightgbm-9d3a5ab61103,SELL,2026-05-17T18:43:33Z,2024-10-15,2024-10-15,172.89,172.51,172.89,174.91,172.82,173.57,7172200,106.0,106.0,0.0,37027.85,55354.19,18326.34,0.0,92190.28,91659.0,0.2,0.1988,0.0,43.32,0.1336,0.4332,0.55,56.3,-0.341,-0.4311,0.0901,175.9199,167.4341,171.677,171.677,171.6046,-0.006856,-0.022297,-0.044535,161.12,0.00887,12,True,prob_below_sell_threshold,prob_below_sell_threshold,2026-05-15,1.0,2026-05-17T18:43:33Z,-8571.02,-7.424764,-8.718618
ml_lightgbm,ML – LightGBM,DUK,lightgbm,lightgbm,lightgbm,binary,binary-2026-05,D-ml_lightgbm-86a831bfc98a,S-DUK-lightgbm-20241015-6c4af3,T-ml_lightgbm-fc592a59c9a4,SELL,2026-05-17T18:43:33Z,2024-10-15,2024-10-15,116.5,115.09,116.5,118.07,115.7,117.12,2863200,158.0,158.0,0.0,55354.19,73761.19,18407.0,0.0,92190.28,91561.04,0.2,0.1997,0.0,40.39,0.1922,0.4039,0.55,59.0,-0.0936,-0.1196,0.026,118.908,110.868,114.888,114.888,114.5282,0.022712,0.023566,-0.04474,295.46,0.016313,11,True,prob_below_sell_threshold,prob_below_sell_threshold,2026-05-15,1.0,2026-05-17T18:43:33Z,-8275.56,-7.203289,-8.718618
ml_lightgbm,ML – LightGBM,NEE,lightgbm,lightgbm,lightgbm,binary,binary-2026-05,D-ml_lightgbm-be7e87f45413,S-NEE-lightgbm-20241016-70567b,T-ml_lightgbm-a993e9329294,SELL,2026-05-17T18:43:33Z,2024-10-16,2024-10-16,83.08,82.79,83.08,84.64,82.73,84.39,8061600,215.0,215.0,0.0,73761.19,91623.39,17862.2,0.0,91905.04,91623.39,0.2,0.1944,0.0,41.04,0.1791,0.4104,0.55,58.54,0.2409,0.4036,-0.1628,86.5664,79.9506,83.2585,83.2585,81.4882,-0.007228,0.006754,-0.120275,-101.05,-0.005625,9,False,prob_below_sell_threshold,prob_below_sell_threshold,2026-05-15,1.0,2026-05-17T18:43:33Z,-8376.61,-7.279035,-8.718618
ml_lightgbm,ML – LightGBM,PG,lightgbm,lightgbm,lightgbm,binary,binary-2026-05,D-ml_lightgbm-7037ae81469a,S-PG-lightgbm-20241021-e36848,T-ml_lightgbm-32b4c8f484c5,BUY,2026-05-17T18:43:33Z,2024-10-21,2024-10-21,170.98,171.28,170.98,171.48,168.45,169.54,5522500,107.0,0.0,107.0,91623.39,73328.53,0.0,18294.86,91623.39,91469.31,0.2,0.0,0.2,56.71,0.1342,0.5671,0.55,43.63,-0.2914,-0.2985,0.0072,175.1905,167.3665,171.2785,171.2785,171.7238,0.000944,-0.001416,0.007137,,,,,prob_above_buy_threshold,prob_above_buy_threshold,2026-05-15,1.0,2026-05-17T18:43:33Z,-8376.61,-7.279035,-8.718618
ml_lightgbm,ML – LightGBM,JNJ,lightgbm,lightgbm,lightgbm,binary,binary-2026-05,D-ml_lightgbm-5c672bfeaaeb,S-JNJ-lightgbm-20241025-631615,T-ml_lightgbm-f35a07667878,BUY,2026-05-17T18:43:33Z,2024-10-25,2024-10-25,163.68,163.67,163.68,163.92,160.61,160.88,6400400,111.0,0.0,111.0,73328.53,55160.05,0.0,18168.48,91328.07,91017.27,0.2,0.0,0.1996,56.5,0.13,0.565,0.55,43.77,0.2421,0.1716,0.0705,165.8969,158.5141,162.2055,162.2055,163.2842,0.004475,-0.004662,-0.035492,,,,,prob_above_buy_threshold,prob_above_buy_threshold,2026-05-15,1.0,2026-05-17T18:43:33Z,-8376.61,-7.279035,-8.718618
ml_lightgbm,ML – LightGBM,NEE,lightgbm,lightgbm,lightgbm,binary,binary-2026-05,D-ml_lightgbm-d06a3fecc7b0,S-NEE-lightgbm-20241025-6f3cdd,T-ml_lightgbm-a1ef33545289,BUY,2026-05-17T18:43:33Z,2024-10-25,2024-10-25,82.9,82.81,82.9,83.13,81.29,81.43,6580700,220.0,0.0,220.0,55160.05,36922.05,0.0,18238.0,91328.07,90693.87,0.2,0.0,0.2011,56.99,0.1398,0.5699,0.55,43.75,0.2257,0.3849,-0.1592,86.4937,79.8543,83.174,83.174,82.3164,0.017684,-0.050104,-0.066683,,,,,prob_above_buy_threshold,prob_above_buy_threshold,2026-05-15,1.0,2026-05-17T18:43:33Z,-8376.61,-7.279035,-8.718618
ml_lightgbm,ML – LightGBM,DUK,lightgbm,lightgbm,lightgbm,binary,binary-2026-05,D-ml_lightgbm-b9cde8137c84,S-DUK-lightgbm-20241029-317f09,T-ml_lightgbm-5f0b70c81cdd,BUY,2026-05-17T18:43:33Z,2024-10-29,2024-10-29,116.0,117.06,116.0,116.35,114.38,114.41,3478800,155.0,0.0,155.0,36922.05,18942.05,0.0,17980.0,90082.43,89835.98,0.2,0.0,0.2001,58.05,0.1609,0.5805,0.55,42.52,0.7083,0.9567,-0.2484,123.0343,109.7027,116.3685,116.3685,115.7072,-0.003584,-0.002884,0.022987,,,,,prob_above_buy_threshold,prob_above_buy_threshold,2026-05-15,1.0,2026-05-17T18:43:33Z,-8376.61,-7.279035,-8.718618
ml_lightgbm,ML – LightGBM,PG,lightgbm,lightgbm,lightgbm,binary,binary-2026-05,D-ml_lightgbm-6b795701b641,S-PG-lightgbm-20241115-d5ee73,T-ml_lightgbm-b29838f65fa2,SELL,2026-05-17T18:43:33Z,2024-11-15,2024-11-15,167.94,167.08,167.94,170.57,166.88,169.54,9939400,107.0,107.0,0.0,18942.05,36911.63,17969.58,0.0,88360.18,88188.98,0.2,0.2034,0.0,44.41,0.1117,0.4441,0.55,55.01,-0.8799,-1.3594,0.4795,171.4511,162.3139,166.8825,166.8825,170.3114,0.007137,0.039755,0.009437,-325.28,-0.01778,25,False,prob_below_sell_threshold,prob_below_sell_threshold,2026-05-15,1.0,2026-05-17T18:43:33Z,-8701.89,-7.522863,-8.718618
ml_lightgbm,ML – LightGBM,DUK,lightgbm,lightgbm,lightgbm,binary,binary-2026-05,D-ml_lightgbm-4a38304f581c,S-DUK-lightgbm-20241126-2d7672,T-ml_lightgbm-b1754bd116f2,SELL,2026-05-17T18:43:33Z,2024-11-26,2024-11-26,115.39,115.0,115.39,117.1,115.08,117.04,2850500,155.0,155.0,0.0,36911.63,54797.08,17885.45,0.0,89252.35,88996.6,0.2,0.2004,0.0,38.56,0.2289,0.3856,0.55,60.44,-0.0325,-0.5449,0.5124,116.4493,110.2957,113.3725,113.3725,115.0874,0.003247,-0.032126,-0.07459,-94.55,-0.005259,28,False,prob_below_sell_threshold,prob_below_sell_threshold,2026-05-15,1.0,2026-05-17T18:43:33Z,-8796.44,-7.593736,-8.718618
ml_lightgbm,ML – LightGBM,DUK,lightgbm,lightgbm,lightgbm,binary,binary-2026-05,D-ml_lightgbm-a7bd0f8156f8,S-DUK-lightgbm-20241204-7dca7e,T-ml_lightgbm-e2c30296d7b2,BUY,2026-05-17T18:43:33Z,2024-12-04,2024-12-04,113.45,113.64,113.45,113.75,112.72,113.28,2218900,155.0,0.0,155.0,54797.08,37212.33,0.0,17584.75,88162.05,88135.7,0.2,0.0,0.1995,55.34,0.1069,0.5534,0.55,44.8,0.0681,-0.0275,0.0956,117.5595,109.9875,113.7735,113.7735,115.0052,0.006444,-0.032574,-0.048552,,,,,prob_above_buy_threshold,prob_above_buy_threshold,2026-05-15,1.0,2026-05-17T18:43:33Z,-8796.44,-7.593736,-8.718618
ml_lightgbm,ML – LightGBM,PG,lightgbm,lightgbm,lightgbm,binary,binary-2026-05,D-ml_lightgbm-2f9a3a970b4e,S-PG-lightgbm-20241209-eff096,T-ml_lightgbm-5bb661ecde1f,BUY,2026-05-17T18:43:33Z,2024-12-09,2024-12-09,173.64,173.82,173.64,173.76,170.43,170.79,7164300,100.0,0.0,100.0,37212.33,19848.33,0.0,17364.0,87590.23,87305.23,0.2,0.0,0.1989,55.78,0.1156,0.5578,0.55,44.7,1.5563,1.9229,-0.3666,182.3185,163.9505,173.1345,173.1345,170.5808,0.008724,0.002049,-0.050881,,,,,prob_above_buy_threshold,prob_above_buy_threshold,2026-05-15,1.0,2026-05-17T18:43:33Z,-8796.44,-7.593736,-8.718618
ml_lightgbm,ML – LightGBM,WMT,lightgbm,lightgbm,lightgbm,binary,binary-2026-05,D-ml_lightgbm-f364cc7ba7a5,S-WMT-lightgbm-20241223-78629f,T-ml_lightgbm-0a39e0b7b49d,BUY,2026-05-17T18:43:33Z,2024-12-23,2024-12-23,91.5,92.24,91.5,91.5,88.91,90.35,26205400,187.0,0.0,187.0,19848.33,2737.83,0.0,17110.5,85558.9,85343.85,0.2,0.0,0.2005,55.62,0.1123,0.5562,0.55,45.59,1.5181,2.2736,-0.7556,96.7418,90.0882,93.415,93.415,87.473,0.025789,0.0,0.04881,,,,,prob_above_buy_threshold,prob_above_buy_threshold,2026-05-15,1.0,2026-05-17T18:43:33Z,-8796.44,-7.593736,-8.718618
ml_lightgbm,ML – LightGBM,WMT,lightgbm,lightgbm,lightgbm,binary,binary-2026-05,D-ml_lightgbm-08475f5de461,S-WMT-lightgbm-20250110-edf577,T-ml_lightgbm-ff155fd1ffe1,SELL,2026-05-17T18:43:33Z,2025-01-10,2025-01-10,92.49,91.8,92.49,93.58,92.2,93.0,18140900,187.0,187.0,0.0,2737.83,20033.46,17295.63,0.0,82986.94,82891.57,0.2,0.2084,0.0,42.79,0.1443,0.4279,0.55,57.04,0.2741,0.5314,-0.2573,95.7804,89.1196,92.45,92.45,89.5952,-0.015806,-0.011398,0.106667,185.13,0.01082,18,True,prob_below_sell_threshold,prob_below_sell_threshold,2026-05-15,1.0,2026-05-17T18:43:33Z,-8611.31,-7.454965,-8.718618
ml_lightgbm,ML – LightGBM,JNJ,lightgbm,lightgbm,lightgbm,binary,binary-2026-05,D-ml_lightgbm-0998700a91eb,S-JNJ-lightgbm-20250116-4fb1d0,T-ml_lightgbm-e056d6af3825,SELL,2026-05-17T18:43:33Z,2025-01-16,2025-01-16,144.32,144.97,144.32,148.07,144.06,147.77,8964000,111.0,111.0,0.0,20033.46,36052.98,16019.52,0.0,85091.63,84708.68,0.2,0.1883,0.0,44.87,0.1025,0.4487,0.55,54.34,-1.2423,-1.9056,0.6633,147.3182,142.0128,144.6655,144.6655,149.5534,-0.005008,-0.006429,0.05671,-2148.96,-0.118279,83,False,prob_below_sell_threshold,prob_below_sell_threshold,2026-05-15,1.0,2026-05-17T18:43:33Z,-10760.27,-9.065807,-9.065807
ml_lightgbm,ML – LightGBM,DUK,lightgbm,lightgbm,lightgbm,binary,binary-2026-05,D-ml_lightgbm-b68ec7b530de,S-DUK-lightgbm-20250121-aadbef,T-ml_lightgbm-1a919e0195be,SELL,2026-05-17T18:43:33Z,2025-01-21,2025-01-21,110.0,109.26,110.0,111.35,109.3,110.77,3144100,155.0,155.0,0.0,36052.98,53102.98,17050.0,0.0,84981.33,84861.98,0.2,0.2006,0.0,40.76,0.1847,0.4076,0.55,58.32,-0.5245,-1.0821,0.5576,110.1952,105.4448,107.82,107.82,110.5922,-0.017604,0.004875,0.009208,-534.75,-0.03041,48,False,prob_below_sell_threshold,prob_below_sell_threshold,2026-05-15,1.0,2026-05-17T18:43:33Z,-11295.02,-9.466651,-9.466651
ml_lightgbm,ML – LightGBM,NEE,lightgbm,lightgbm,lightgbm,binary,binary-2026-05,D-ml_lightgbm-23e95a2e7972,S-NEE-lightgbm-20250124-385fb1,T-ml_lightgbm-e611c110057e,SELL,2026-05-17T18:43:33Z,2025-01-24,2025-01-24,68.1,69.23,68.1,74.05,68.0,72.83,24588500,220.0,220.0,0.0,53102.98,68084.98,14982.0,0.0,85537.58,84496.98,0.2,0.1752,0.0,43.69,0.1261,0.4369,0.55,55.15,-0.8717,-1.2477,0.376,74.0843,67.1067,70.5955,70.5955,73.2538,0.013731,-0.017438,-0.027873,-3256.0,-0.178528,91,False,prob_below_sell_threshold,prob_below_sell_threshold,2026-05-15,1.0,2026-05-17T18:43:33Z,-14551.02,-11.907321,-11.907321
ml_lightgbm,ML – LightGBM,PG,lightgbm,lightgbm,lightgbm,binary,binary-2026-05,D-ml_lightgbm-712abfa3c4c5,S-PG-lightgbm-20250127-b876ff,T-ml_lightgbm-667699f4bbfe,SELL,2026-05-17T18:43:33Z,2025-01-27,2025-01-27,166.72,164.12,166.72,169.94,166.11,169.66,9170800,100.0,100.0,0.0,68084.98,84756.98,16672.0,0.0,85050.98,84756.98,0.2,0.196,0.0,38.37,0.2326,0.3837,0.55,60.49,-0.9907,-2.0306,1.0399,171.1155,156.3195,163.7175,163.7175,168.8136,-0.020453,-0.005305,0.017623,-692.0,-0.039853,49,False,prob_below_sell_threshold,prob_below_sell_threshold,2026-05-15,1.0,2026-05-17T18:43:33Z,-15243.02,-12.426038,-12.426038
ml_lightgbm,ML – LightGBM,NEE,lightgbm,lightgbm,lightgbm,binary,binary-2026-05,D-ml_lightgbm-60e5f5433621,S-NEE-lightgbm-20250204-0e61f1,T-ml_lightgbm-18d27cf0391a,BUY,2026-05-17T18:43:33Z,2025-02-04,2025-02-04,70.25,71.05,70.25,70.85,69.62,69.9,10574700,241.0,0.0,241.0,84756.98,67826.73,0.0,16930.25,84756.98,84672.63,0.2,0.0,0.1999,55.17,0.1034,0.5517,0.55,45.04,-0.3647,-0.5661,0.2013,73.6664,66.9876,70.327,70.327,72.645,-0.010014,0.006152,0.008298,,,,,prob_above_buy_threshold,prob_above_buy_threshold,2026-05-15,1.0,2026-05-17T18:43:33Z,-15243.02,-12.426038,-12.426038
ml_lightgbm,ML – LightGBM,PG,lightgbm,lightgbm,lightgbm,binary,binary-2026-05,D-ml_lightgbm-017d266d2fa3,S-PG-lightgbm-20250214-951512,T-ml_lightgbm-750f7ee71600,BUY,2026-05-17T18:43:33Z,2025-02-14,2025-02-14,169.79,171.02,169.79,170.0,162.3,162.89,13179500,99.0,0.0,99.0,67826.73,51017.52,0.0,16809.21,84229.19,83546.09,0.2,0.0,0.2012,59.48,0.1896,0.5948,0.55,41.29,0.549,0.5111,0.0379,172.1965,161.4575,166.827,166.827,167.2842,0.015593,0.046964,0.042176,,,,,prob_above_buy_threshold,prob_above_buy_threshold,2026-05-15,1.0,2026-05-17T18:43:33Z,-15243.02,-12.426038,-12.426038
ml_lightgbm,ML – LightGBM,WMT,lightgbm,lightgbm,lightgbm,binary,binary-2026-05,D-ml_lightgbm-1ba0ba558ae7,S-WMT-lightgbm-20250220-c75436,T-ml_lightgbm-72c219b51cb1,BUY,2026-05-17T18:43:33Z,2025-02-20,2025-02-20,98.78,104.0,98.78,100.12,96.68,97.21,55450900,171.0,0.0,171.0,51017.52,34126.14,0.0,16891.38,84475.05,84206.58,0.2,0.0,0.2006,56.62,0.1323,0.5662,0.55,44.53,2.2767,2.6381,-0.3614,106.8893,93.8527,100.371,100.371,95.6742,-0.024997,-0.004321,-0.117272,,,,,prob_above_buy_threshold,prob_above_buy_threshold,2026-05-15,1.0,2026-05-17T18:43:33Z,-15243.02,-12.426038,-12.426038
ml_lightgbm,ML – LightGBM,PG,lightgbm,lightgbm,lightgbm,binary,binary-2026-05,D-ml_lightgbm-c11123c25bcb,S-PG-lightgbm-20250221-1aec20,T-ml_lightgbm-fd6edad383dd,SELL,2026-05-17T18:43:33Z,2025-02-21,2025-02-21,167.44,167.21,167.44,170.55,165.92,170.23,9813700,99.0,99.0,0.0,34126.14,50702.7,16576.56,0.0,84437.07,84160.86,0.2,0.1963,0.0,42.74,0.1452,0.4274,0.55,56.72,0.4868,0.4165,0.0703,171.6676,163.5484,167.608,167.608,166.6638,0.001821,0.021207,-0.020795,-232.65,-0.013841,7,False,prob_below_sell_threshold,prob_below_sell_threshold,2026-05-15,1.0,2026-05-17T18:43:33Z,-15475.67,-12.60043,-12.60043
ml_lightgbm,ML – LightGBM,NEE,lightgbm,lightgbm,lightgbm,binary,binary-2026-05,D-ml_lightgbm-243ea6fcccab,S-NEE-lightgbm-20250221-ec5d34,T-ml_lightgbm-77c61537d6c5,SELL,2026-05-17T18:43:33Z,2025-02-21,2025-02-21,70.14,70.14,70.14,71.97,70.01,71.58,16742500,241.0,241.0,0.0,50702.7,67606.44,16903.74,0.0,84437.07,83813.82,0.2,0.2002,0.0,43.47,0.1306,0.4347,0.55,55.83,-0.3895,-0.6042,0.2147,73.1777,67.2113,70.1945,70.1945,70.8428,-0.010897,-0.019698,-0.009779,-26.51,-0.001566,17,False,prob_below_sell_threshold,prob_below_sell_threshold,2026-05-15,1.0,2026-05-17T18:43:33Z,-15502.18,-12.620302,-12.620302
ml_lightgbm,ML – LightGBM,PG,lightgbm,lightgbm,lightgbm,binary,binary-2026-05,D-ml_lightgbm-6faf5ca2d235,S-PG-lightgbm-20250312-2c6c27,T-ml_lightgbm-4b194ba04714,BUY,2026-05-17T18:43:33Z,2025-03-12,2025-03-12,169.7,173.12,169.7,171.83,167.77,168.37,10158800,96.0,0.0,96.0,67606.44,51315.24,0.0,16291.2,82175.64,82047.96,0.2,0.0,0.1986,56.04,0.1209,0.5604,0.55,44.56,1.5638,1.807,-0.2431,178.4663,164.0227,171.2445,171.2445,167.4922,0.001307,0.001188,-0.035933,,,,,prob_above_buy_threshold,prob_above_buy_threshold,2026-05-15,1.0,2026-05-17T18:43:33Z,-15502.18,-12.620302,-12.620302
ml_lightgbm,ML – LightGBM,NEE,lightgbm,lightgbm,lightgbm,binary,binary-2026-05,D-ml_lightgbm-864ae5fc2229,S-NEE-lightgbm-20250324-6c9d13,T-ml_lightgbm-3b88c94ff387,BUY,2026-05-17T18:43:33Z,2025-03-24,2025-03-24,70.95,70.88,70.95,71.79,69.91,70.07,12385400,231.0,0.0,231.0,51315.24,34925.79,0.0,16389.45,82178.43,81975.15,0.2,0.0,0.1999,55.57,0.1113,0.5557,0.55,45.22,0.0712,0.3542,-0.283,74.8506,68.3924,71.6215,71.6215,70.5886,-0.021122,0.011703,-0.048951,,,,,prob_above_buy_threshold,prob_above_buy_threshold,2026-05-15,1.0,2026-05-17T18:43:33Z,-15502.18,-12.620302,-12.620302
ml_lightgbm,ML – LightGBM,JNJ,lightgbm,lightgbm,lightgbm,binary,binary-2026-05,D-ml_lightgbm-95bf6e8a4add,S-JNJ-lightgbm-20250401-936948,T-ml_lightgbm-101402b40f3d,BUY,2026-05-17T18:43:33Z,2025-04-01,2025-04-01,160.73,165.84,160.73,161.81,153.13,153.25,23303100,103.0,0.0,103.0,34925.79,18370.6,0.0,16555.19,82872.0,82101.56,0.2,0.0,0.2016,67.67,0.3534,0.6767,0.55,33.87,0.1689,1.1558,-0.9869,169.1555,157.6985,163.427,163.427,158.9958,0.013768,-0.021207,0.019967,,,,,prob_above_buy_threshold,prob_above_buy_threshold,2026-05-15,1.0,2026-05-17T18:43:33Z,-15502.18,-12.620302,-12.620302
ml_lightgbm,ML – LightGBM,PG,lightgbm,lightgbm,lightgbm,binary,binary-2026-05,D-ml_lightgbm-b9f1793cb990,S-PG-lightgbm-20250403-f19ed8,T-ml_lightgbm-e5bf9d4bdcf1,SELL,2026-05-17T18:43:33Z,2025-04-03,2025-04-03,174.23,169.5,174.23,174.8,170.73,172.39,9393300,96.0,96.0,0.0,18370.6,35096.68,16726.08,0.0,82967.3,83143.94,0.2,0.2016,0.0,42.18,0.1563,0.4218,0.55,57.19,0.0363,-0.3457,0.3819,175.5896,162.9334,169.2615,169.2615,169.2376,-0.050119,-0.051221,-0.068855,434.88,0.026694,22,True,prob_below_sell_threshold,prob_below_sell_threshold,2026-05-15,1.0,2026-05-17T18:43:33Z,-15067.3,-12.29432,-12.620302
ml_lightgbm,ML – LightGBM,NEE,lightgbm,lightgbm,lightgbm,binary,binary-2026-05,D-ml_lightgbm-e80be3d56952,S-NEE-lightgbm-20250403-187d0c,T-ml_lightgbm-586c411ccab9,SELL,2026-05-17T18:43:33Z,2025-04-03,2025-04-03,71.67,70.48,71.67,72.96,71.37,72.14,13652700,231.0,231.0,0.0,35096.68,51652.45,16555.77,0.0,82967.3,83035.37,0.2,0.1995,0.0,44.54,0.1091,0.4454,0.55,55.17,-0.0682,-0.0963,0.0281,74.983,68.103,71.543,71.543,70.7916,-0.072498,-0.075132,-0.070003,166.32,0.010148,10,True,prob_below_sell_threshold,prob_below_sell_threshold,2026-05-15,1.0,2026-05-17T18:43:33Z,-14900.98,-12.169648,-12.620302
ml_lightgbm,ML – LightGBM,PG,lightgbm,lightgbm,lightgbm,binary,binary-2026-05,D-ml_lightgbm-0949f5f806b1,S-PG-lightgbm-20250404-3aabee,T-ml_lightgbm-3967eb28c012,BUY,2026-05-17T18:43:33Z,2025-04-04,2025-04-04,171.77,172.39,171.77,173.6,163.47,163.75,13454200,95.0,0.0,95.0,51652.45,35334.3,0.0,16318.15,81661.66,80899.76,0.2,0.0,0.2017,60.05,0.201,0.6005,0.55,40.9,-0.41,-0.3585,-0.0515,174.6252,162.6778,168.6515,168.6515,169.1896,-0.021496,0.019298,-0.030046,,,,,prob_above_buy_threshold,prob_above_buy_threshold,2026-05-15,1.0,2026-05-17T18:43:33Z,-14900.98,-12.169648,-12.620302
ml_lightgbm,ML – LightGBM,NEE,lightgbm,lightgbm,lightgbm,binary,binary-2026-05,D-ml_lightgbm-31f542170da7,S-NEE-lightgbm-20250404-80a899,T-ml_lightgbm-035551a7ec6e,BUY,2026-05-17T18:43:33Z,2025-04-04,2025-04-04,72.79,72.14,72.79,73.42,66.86,66.91,20993500,224.0,0.0,224.0,35334.3,19029.34,0.0,16304.96,81661.66,79582.64,0.2,0.0,0.2049,64.1,0.282,0.641,0.55,37.79,-0.3809,-0.1532,-0.2277,75.177,67.317,71.247,71.247,70.7452,-0.027649,-0.01644,-0.012106,,,,,prob_above_buy_threshold,prob_above_buy_threshold,2026-05-15,1.0,2026-05-17T18:43:33Z,-14900.98,-12.169648,-12.620302
ml_lightgbm,ML – LightGBM,DUK,lightgbm,lightgbm,lightgbm,binary,binary-2026-05,D-ml_lightgbm-29133f137819,S-DUK-lightgbm-20250408-d0ea08,T-ml_lightgbm-5923424c5e72,BUY,2026-05-17T18:43:33Z,2025-04-08,2025-04-08,118.17,116.86,118.17,118.36,114.7,115.95,4976200,131.0,0.0,131.0,19029.34,3549.07,0.0,15480.27,77873.12,77582.3,0.2,0.0,0.1995,56.25,0.125,0.5625,0.55,44.72,0.6388,1.1117,-0.473,123.2387,115.0343,119.1365,119.1365,116.49,0.003105,0.039155,0.057352,,,,,prob_above_buy_threshold,prob_above_buy_threshold,2026-05-15,1.0,2026-05-17T18:43:33Z,-14900.98,-12.169648,-12.620302
ml_lightgbm,ML – LightGBM,WMT,lightgbm,lightgbm,lightgbm,binary,binary-2026-05,D-ml_lightgbm-e1ebb7a4823f,S-WMT-lightgbm-20250410-07732f,T-ml_lightgbm-bed59392231f,SELL,2026-05-17T18:43:33Z,2025-04-10,2025-04-10,88.73,89.6,88.73,91.87,88.16,90.61,34735300,171.0,171.0,0.0,3549.07,18721.9,15172.83,0.0,80147.97,79826.49,0.2,0.1893,0.0,43.62,0.1277,0.4362,0.55,54.58,-1.2542,-1.9356,0.6814,90.7718,81.9702,86.371,86.371,93.0336,0.02417,0.028805,0.067432,-1718.55,-0.101741,49,False,prob_below_sell_threshold,prob_below_sell_threshold,2026-05-15,1.0,2026-05-17T18:43:33Z,-16619.53,-13.457858,-13.457858
ml_lightgbm,ML – LightGBM,DUK,lightgbm,lightgbm,lightgbm,binary,binary-2026-05,D-ml_lightgbm-0349ba206a07,S-DUK-lightgbm-20250414-7fd64c,T-ml_lightgbm-5734cd4868ab,SELL,2026-05-17T18:43:33Z,2025-04-14,2025-04-14,118.69,118.94,118.69,121.19,118.07,120.6,3226200,131.0,131.0,0.0,18721.9,34270.29,15548.39,0.0,81649.49,81399.28,0.2,0.1904,0.0,43.5,0.1299,0.435,0.55,56.02,0.4241,0.6507,-0.2266,123.1831,114.7809,118.982,118.982,117.0202,-0.000912,0.016003,-0.062438,68.12,0.0044,6,True,prob_below_sell_threshold,prob_below_sell_threshold,2026-05-15,1.0,2026-05-17T18:43:33Z,-16551.41,-13.406796,-13.457858
ml_lightgbm,ML – LightGBM,PG,lightgbm,lightgbm,lightgbm,binary,binary-2026-05,D-ml_lightgbm-c78864aef3f1,S-PG-lightgbm-20250417-7a5d8c,T-ml_lightgbm-e27abe81fcbc,SELL,2026-05-17T18:43:33Z,2025-04-17,2025-04-17,167.53,166.39,167.53,171.65,167.35,170.63,7227100,95.0,95.0,0.0,34270.29,50185.64,15915.35,0.0,81552.99,81258.49,0.2,0.1952,0.0,43.8,0.124,0.438,0.55,55.32,-0.3619,-0.9087,0.5468,173.8187,159.2973,166.558,166.558,168.8002,-0.0286,-0.056321,-0.043076,-402.8,-0.024684,13,False,prob_below_sell_threshold,prob_below_sell_threshold,2026-05-15,1.0,2026-05-17T18:43:33Z,-16954.21,-13.708731,-13.708731
ml_lightgbm,ML – LightGBM,PG,lightgbm,lightgbm,lightgbm,binary,binary-2026-05,D-ml_lightgbm-651e26399c68,S-PG-lightgbm-20250424-1b6f3c,T-ml_lightgbm-87b5dfe553ac,BUY,2026-05-17T18:43:33Z,2025-04-24,2025-04-24,160.5,165.73,160.5,160.96,156.58,159.53,20077700,100.0,0.0,100.0,50185.64,34135.64,0.0,16050.0,81005.83,80908.83,0.2,0.0,0.1984,61.31,0.2261,0.6131,0.55,40.05,-0.937,-0.7062,-0.2307,174.1736,158.6544,166.414,166.414,168.5018,0.00934,0.002821,0.034476,,,,,prob_above_buy_threshold,prob_above_buy_threshold,2026-05-15,1.0,2026-05-17T18:43:33Z,-16954.21,-13.708731,-13.708731
ml_lightgbm,ML – LightGBM,NEE,lightgbm,lightgbm,lightgbm,binary,binary-2026-05,D-ml_lightgbm-60e912004f78,S-NEE-lightgbm-20250509-cfcfbf,T-ml_lightgbm-1f0f860ef714,SELL,2026-05-17T18:43:33Z,2025-05-09,2025-05-09,68.68,68.32,68.68,70.49,68.45,70.31,17326200,224.0,224.0,0.0,34135.64,49519.96,15384.32,0.0,81535.74,81170.62,0.2,0.1887,0.0,38.39,0.2322,0.3839,0.55,59.86,-0.1011,-0.5898,0.4887,69.1037,64.5193,66.8115,66.8115,69.012,-0.008818,0.066705,0.022614,-920.64,-0.056464,35,False,prob_below_sell_threshold,prob_below_sell_threshold,2026-05-15,1.0,2026-05-17T18:43:33Z,-17874.85,-14.398835,-14.398835
ml_lightgbm,ML – LightGBM,DUK,lightgbm,lightgbm,lightgbm,binary,binary-2026-05,D-ml_lightgbm-cedae9f162bc,S-DUK-lightgbm-20250512-ad7727,T-ml_lightgbm-b7e479a788b9,BUY,2026-05-17T18:43:33Z,2025-05-12,2025-05-12,119.01,120.33,119.01,120.32,115.45,115.85,5661200,136.0,0.0,136.0,49519.96,33334.6,0.0,16185.36,81486.38,81056.62,0.2,0.0,0.1997,63.08,0.2616,0.6308,0.55,38.17,0.147,0.6585,-0.5115,123.7917,117.9763,120.884,120.884,119.4118,-0.023997,0.00984,0.004143,,,,,prob_above_buy_threshold,prob_above_buy_threshold,2026-05-15,1.0,2026-05-17T18:43:33Z,-17874.85,-14.398835,-14.398835
ml_lightgbm,ML – LightGBM,PG,lightgbm,lightgbm,lightgbm,binary,binary-2026-05,D-ml_lightgbm-7be3ac12920b,S-PG-lightgbm-20250519-82ddf1,T-ml_lightgbm-5fe6c768375a,SELL,2026-05-17T18:43:33Z,2025-05-19,2025-05-19,163.47,163.28,163.47,165.15,163.41,164.77,8119900,100.0,100.0,0.0,33334.6,49681.6,16347.0,0.0,81428.71,81298.71,0.2,0.2008,0.0,44.24,0.1152,0.4424,0.55,54.94,-0.9446,-1.6415,0.6969,166.4526,155.8604,161.1565,161.1565,164.9588,0.00528,0.018146,-0.037932,297.0,0.018505,25,True,prob_below_sell_threshold,prob_below_sell_threshold,2026-05-15,1.0,2026-05-17T18:43:33Z,-17577.85,-14.176206,-14.398835
ml_lightgbm,ML – LightGBM,NEE,lightgbm,lightgbm,lightgbm,binary,binary-2026-05,D-ml_lightgbm-5a6d8c2b0145,S-NEE-lightgbm-20250522-0c46d7,T-ml_lightgbm-3116b1d3e3da,BUY,2026-05-17T18:43:33Z,2025-05-22,2025-05-22,68.9,71.54,68.9,69.0,63.88,66.94,40207600,235.0,0.0,235.0,49681.6,33490.1,0.0,16191.5,81117.95,80657.35,0.2,0.0,0.2007,58.99,0.1799,0.5899,0.55,42.25,1.0657,0.9993,0.0664,75.791,63.056,69.4235,69.4235,69.0364,0.01225,0.055273,0.056618,,,,,prob_above_buy_threshold,prob_above_buy_threshold,2026-05-15,1.0,2026-05-17T18:43:33Z,-17577.85,-14.176206,-14.398835
ml_lightgbm,ML – LightGBM,JNJ,lightgbm,lightgbm,lightgbm,binary,binary-2026-05,D-ml_lightgbm-263b6f2091d1,S-JNJ-lightgbm-20250602-3f6530,T-ml_lightgbm-49cdfba0ca9d,SELL,2026-05-17T18:43:33Z,2025-06-02,2025-06-02,154.48,155.21,154.48,155.54,152.3,155.4,6669300,103.0,103.0,0.0,33490.1,49401.54,15911.44,0.0,81924.83,81830.07,0.2,0.1942,0.0,44.84,0.1031,0.4484,0.55,54.6,-0.2564,-0.7676,0.5112,158.0809,148.0471,153.064,153.064,155.0874,-0.006306,-0.001094,0.003346,-643.75,-0.038885,62,False,prob_below_sell_threshold,prob_below_sell_threshold,2026-05-15,1.0,2026-05-17T18:43:33Z,-18221.6,-14.658756,-14.658756
ml_lightgbm,ML – LightGBM,PG,lightgbm,lightgbm,lightgbm,binary,binary-2026-05,D-ml_lightgbm-90d6510f9218,S-PG-lightgbm-20250605-cf7c06,T-ml_lightgbm-c62da58d8f6e,BUY,2026-05-17T18:43:33Z,2025-06-05,2025-06-05,165.43,165.95,165.43,165.44,162.51,162.8,10351800,99.0,0.0,99.0,49401.54,33023.97,0.0,16377.57,81944.68,81684.31,0.2,0.0,0.2005,55.42,0.1085,0.5542,0.55,44.87,0.8483,0.8001,0.0482,171.4173,156.9157,164.1665,164.1665,164.4752,0.007494,0.002334,-0.014128,,,,,prob_above_buy_threshold,prob_above_buy_threshold,2026-05-15,1.0,2026-05-17T18:43:33Z,-18221.6,-14.658756,-14.658756
ml_lightgbm,ML – LightGBM,NEE,lightgbm,lightgbm,lightgbm,binary,binary-2026-05,D-ml_lightgbm-ff30ba807057,S-NEE-lightgbm-20250605-3cb0c3,T-ml_lightgbm-d7cbdf9ee95b,SELL,2026-05-17T18:43:33Z,2025-06-05,2025-06-05,70.3,69.88,70.3,72.0,69.75,71.5,10967200,235.0,235.0,0.0,33023.97,49544.47,16520.5,0.0,81944.68,81402.31,0.2,0.2016,0.0,44.26,0.1147,0.4426,0.55,55.34,0.3997,0.4156,-0.0159,75.5073,65.8967,70.702,70.702,68.7332,0.009231,0.032727,0.045455,329.0,0.020319,14,True,prob_below_sell_threshold,prob_below_sell_threshold,2026-05-15,1.0,2026-05-17T18:43:33Z,-17892.6,-14.41214,-14.658756
ml_lightgbm,ML – LightGBM,WMT,lightgbm,lightgbm,lightgbm,binary,binary-2026-05,D-ml_lightgbm-608d6d97db13,S-WMT-lightgbm-20250611-217f05,T-ml_lightgbm-79f2f9d24711,BUY,2026-05-17T18:43:33Z,2025-06-11,2025-06-11,97.29,97.32,97.29,97.29,95.35,95.8,16389600,167.0,0.0,167.0,49544.47,33297.04,0.0,16247.43,81416.96,81168.13,0.2,0.0,0.2002,56.45,0.129,0.5645,0.55,44.2,0.4817,0.8546,-0.373,99.9204,95.2576,97.589,97.589,95.0774,-0.010125,-0.007411,-0.014614,,,,,prob_above_buy_threshold,prob_above_buy_threshold,2026-05-15,1.0,2026-05-17T18:43:33Z,-17892.6,-14.41214,-14.658756
ml_lightgbm,ML – LightGBM,JNJ,lightgbm,lightgbm,lightgbm,binary,binary-2026-05,D-ml_lightgbm-fbaa3b78e110,S-JNJ-lightgbm-20250617-4f5153,T-ml_lightgbm-68562437cb65,BUY,2026-05-17T18:43:33Z,2025-06-17,2025-06-17,154.97,155.22,154.97,155.28,152.1,152.38,6407100,103.0,0.0,103.0,33297.04,17335.13,0.0,15961.91,80341.71,80074.94,0.2,0.0,0.1993,56.72,0.1344,0.5672,0.55,43.72,0.2832,0.2293,0.0539,157.1715,151.5175,154.3445,154.3445,153.8998,-0.010828,-0.000656,0.069563,,,,,prob_above_buy_threshold,prob_above_buy_threshold,2026-05-15,1.0,2026-05-17T18:43:33Z,-17892.6,-14.41214,-14.658756
ml_lightgbm,ML – LightGBM,WMT,lightgbm,lightgbm,lightgbm,binary,binary-2026-05,D-ml_lightgbm-f22ab26d896d,S-WMT-lightgbm-20250623-d82827,T-ml_lightgbm-5ec16264e721,SELL,2026-05-17T18:43:33Z,2025-06-23,2025-06-23,95.92,96.12,95.92,97.93,95.67,97.87,20432400,167.0,167.0,0.0,17335.13,33353.77,16018.64,0.0,81115.27,80789.62,0.2,0.1975,0.0,42.47,0.1506,0.4247,0.55,57.23,-0.1673,-0.001,-0.1663,100.4142,93.4828,96.9485,96.9485,96.33,0.001328,-0.00092,-0.02064,-228.79,-0.014082,12,False,prob_below_sell_threshold,prob_below_sell_threshold,2026-05-15,1.0,2026-05-17T18:43:33Z,-18121.39,-14.583639,-14.658756
ml_lightgbm,ML – LightGBM,NEE,lightgbm,lightgbm,lightgbm,binary,binary-2026-05,D-ml_lightgbm-adf0882fea5b,S-NEE-lightgbm-20250630-834669,T-ml_lightgbm-654960c1b109,BUY,2026-05-17T18:43:33Z,2025-06-30,2025-06-30,67.83,70.89,67.83,69.68,67.2,69.42,20894500,238.0,0.0,238.0,33353.77,17210.23,0.0,16143.54,80907.7,81286.12,0.2,0.0,0.1986,57.93,0.1586,0.5793,0.55,43.18,0.0511,0.4346,-0.3835,74.4009,68.9471,71.674,71.674,69.9168,0.052434,0.043791,0.036445,,,,,prob_above_buy_threshold,prob_above_buy_threshold,2026-05-15,1.0,2026-05-17T18:43:33Z,-18121.39,-14.583639,-14.658756
ml_lightgbm,ML – LightGBM,DUK,lightgbm,lightgbm,lightgbm,binary,binary-2026-05,D-ml_lightgbm-676e018020df,S-DUK-lightgbm-20250630-a6e0e3,T-ml_lightgbm-83ad21616fa2,SELL,2026-05-17T18:43:33Z,2025-06-30,2025-06-30,116.62,116.92,116.62,118.06,116.3,118.0,3486700,136.0,136.0,0.0,17210.23,33070.55,15860.32,0.0,80907.7,81098.44,0.2,0.196,0.0,42.81,0.1437,0.4281,0.55,56.66,-0.0659,-0.3491,0.2833,117.9857,114.4553,116.2205,116.2205,117.7036,0.007373,-0.014322,0.012627,-325.04,-0.020082,49,False,prob_below_sell_threshold,prob_below_sell_threshold,2026-05-15,1.0,2026-05-17T18:43:33Z,-18446.43,-14.827287,-14.827287
ml_lightgbm,ML – LightGBM,JNJ,lightgbm,lightgbm,lightgbm,binary,binary-2026-05,D-ml_lightgbm-b10f65d626f8,S-JNJ-lightgbm-20250701-e13f50,T-ml_lightgbm-1ca4eac748f1,SELL,2026-05-17T18:43:33Z,2025-07-01,2025-07-01,153.0,152.75,153.0,157.75,152.81,155.92,10896700,103.0,103.0,0.0,33070.55,48829.55,15759.0,0.0,82479.37,82178.61,0.2,0.1911,0.0,41.59,0.1682,0.4159,0.55,57.95,-0.2596,-0.3866,0.127,157.7918,149.6112,153.7015,153.7015,153.8604,-0.002309,0.002309,0.07273,-202.91,-0.012712,14,False,prob_below_sell_threshold,prob_below_sell_threshold,2026-05-15,1.0,2026-05-17T18:43:33Z,-18649.34,-14.979386,-14.979386
ml_lightgbm,ML – LightGBM,NEE,lightgbm,lightgbm,lightgbm,binary,binary-2026-05,D-ml_lightgbm-f317f1daad3e,S-NEE-lightgbm-20250701-9eeb2d,T-ml_lightgbm-a8a7ee6e07d2,SELL,2026-05-17T18:43:33Z,2025-07-01,2025-07-01,69.57,69.42,69.57,73.15,67.54,73.06,23841100,238.0,238.0,0.0,48829.55,65387.21,16557.66,0.0,82479.37,81347.99,0.2,0.2007,0.0,42.84,0.1433,0.4284,0.55,56.57,0.2033,0.3883,-0.185,74.516,69.123,71.8195,71.8195,70.0518,-0.000548,0.008076,-0.028333,414.12,0.025652,1,True,prob_below_sell_threshold,prob_below_sell_threshold,2026-05-15,1.0,2026-05-17T18:43:33Z,-18235.22,-14.668965,-14.979386
ml_lightgbm,ML – LightGBM,WMT,lightgbm,lightgbm,lightgbm,binary,binary-2026-05,D-ml_lightgbm-3ba05616aa62,S-WMT-lightgbm-20250710-508fd1,T-ml_lightgbm-4f9c2c21c3a1,BUY,2026-05-17T18:43:33Z,2025-07-10,2025-07-10,96.66,96.81,96.66,96.78,94.74,94.86,18894800,167.0,0.0,167.0,65387.21,49244.99,0.0,16142.22,81077.72,80777.12,0.2,0.0,0.1998,59.18,0.1836,0.5918,0.55,41.38,0.0947,0.2431,-0.1483,99.5887,93.5453,96.567,96.567,97.2052,-0.004849,0.002425,0.087076,,,,,prob_above_buy_threshold,prob_above_buy_threshold,2026-05-15,1.0,2026-05-17T18:43:33Z,-18235.22,-14.668965,-14.979386
ml_lightgbm,ML – LightGBM,NEE,lightgbm,lightgbm,lightgbm,binary,binary-2026-05,D-ml_lightgbm-23157fa44750,S-NEE-lightgbm-20250724-c01ae0,T-ml_lightgbm-ce643c08152f,BUY,2026-05-17T18:43:33Z,2025-07-24,2025-07-24,72.93,72.82,72.93,72.97,71.35,71.97,11166100,222.0,0.0,222.0,49244.99,33054.53,0.0,16190.46,81099.38,80886.26,0.2,0.0,0.2002,56.2,0.1239,0.562,0.55,44.68,0.7367,0.9598,-0.2231,77.6173,69.9127,73.765,73.765,72.4144,-0.001667,-0.012644,0.057107,,,,,prob_above_buy_threshold,prob_above_buy_threshold,2026-05-15,1.0,2026-05-17T18:43:33Z,-18235.22,-14.668965,-14.979386
ml_lightgbm,ML – LightGBM,WMT,lightgbm,lightgbm,lightgbm,binary,binary-2026-05,D-ml_lightgbm-2ac5422df802,S-WMT-lightgbm-20250725-52c48f,T-ml_lightgbm-acbb52657833,SELL,2026-05-17T18:43:33Z,2025-07-25,2025-07-25,96.84,96.6,96.84,97.65,96.53,97.47,12868500,167.0,167.0,0.0,33054.53,49226.81,16172.28,0.0,80954.42,80849.21,0.2,0.1998,0.0,43.02,0.1396,0.4302,0.55,56.64,-0.1315,-0.249,0.1175,99.1584,93.7916,96.475,96.475,96.789,0.001436,0.010465,-0.006566,30.06,0.001862,15,True,prob_below_sell_threshold,prob_below_sell_threshold,2026-05-15,1.0,2026-05-17T18:43:33Z,-18205.16,-14.646433,-14.979386
ml_lightgbm,ML – LightGBM,NEE,lightgbm,lightgbm,lightgbm,binary,binary-2026-05,D-ml_lightgbm-047e0c6a53f2,S-NEE-lightgbm-20250815-29a487,T-ml_lightgbm-926fdd9a483f,SELL,2026-05-17T18:43:33Z,2025-08-15,2025-08-15,72.24,72.24,72.24,76.69,71.78,75.41,23398400,222.0,222.0,0.0,49226.81,65264.09,16037.28,0.0,81249.47,80545.73,0.2,0.1974,0.0,36.09,0.2782,0.3609,0.55,62.71,0.0546,-0.2076,0.2622,76.0745,68.6845,72.3795,72.3795,72.7118,0.004111,0.012067,-0.05185,-153.18,-0.009461,22,False,prob_below_sell_threshold,prob_below_sell_threshold,2026-05-15,1.0,2026-05-17T18:43:33Z,-18358.34,-14.761255,-14.979386
ml_lightgbm,ML – LightGBM,PG,lightgbm,lightgbm,lightgbm,binary,binary-2026-05,D-ml_lightgbm-0f8da599889c,S-PG-lightgbm-20250819-efda25,T-ml_lightgbm-e368343a96ef,SELL,2026-05-17T18:43:33Z,2025-08-19,2025-08-19,155.73,155.72,155.73,158.7,155.67,158.4,7868100,99.0,99.0,0.0,65264.09,80681.36,15417.27,0.0,80945.69,80681.36,0.2,0.1905,0.0,39.36,0.2127,0.3936,0.55,59.88,-0.3745,-1.0492,0.6746,159.989,149.205,154.597,154.597,157.1304,0.007008,-0.015341,0.012184,-960.3,-0.058635,75,False,prob_below_sell_threshold,prob_below_sell_threshold,2026-05-15,1.0,2026-05-17T18:43:33Z,-19318.64,-15.481088,-15.481088
ml_lightgbm,ML – LightGBM,WMT,lightgbm,lightgbm,lightgbm,binary,binary-2026-05,D-ml_lightgbm-9e7bb58d5a78,S-WMT-lightgbm-20250821-987a3c,T-ml_lightgbm-99158aed6321,BUY,2026-05-17T18:43:33Z,2025-08-21,2025-08-21,99.41,102.57,99.41,99.45,96.95,97.96,51825100,162.0,0.0,162.0,80681.36,64576.94,0.0,16104.42,80681.36,80446.46,0.2,0.0,0.2002,57.06,0.1413,0.5706,0.55,43.81,0.8869,1.2032,-0.3163,104.946,95.903,100.4245,100.4245,97.8898,-0.011535,-0.018885,0.04461,,,,,prob_above_buy_threshold,prob_above_buy_threshold,2026-05-15,1.0,2026-05-17T18:43:33Z,-19318.64,-15.481088,-15.481088
ml_lightgbm,ML – LightGBM,NEE,lightgbm,lightgbm,lightgbm,binary,binary-2026-05,D-ml_lightgbm-7d22cb80be8a,S-NEE-lightgbm-20250828-769249,T-ml_lightgbm-4e363bb8bdd2,BUY,2026-05-17T18:43:33Z,2025-08-28,2025-08-28,73.26,73.89,73.26,73.48,71.9,72.09,10917200,218.0,0.0,218.0,64576.94,48606.26,0.0,15970.68,80146.76,79891.7,0.2,0.0,0.1999,58.39,0.1678,0.5839,0.55,42.22,0.4732,0.5898,-0.1165,77.6387,69.2463,73.4425,73.4425,73.1382,-0.000555,-0.016507,0.052157,,,,,prob_above_buy_threshold,prob_above_buy_threshold,2026-05-15,1.0,2026-05-17T18:43:33Z,-19318.64,-15.481088,-15.481088
ml_lightgbm,ML – LightGBM,DUK,lightgbm,lightgbm,lightgbm,binary,binary-2026-05,D-ml_lightgbm-a0a7d32fd11e,S-DUK-lightgbm-20250903-d276af,T-ml_lightgbm-44ee597a5c70,BUY,2026-05-17T18:43:33Z,2025-09-03,2025-09-03,121.3,121.89,121.3,121.89,120.62,121.5,2152100,132.0,0.0,132.0,48606.26,32594.66,0.0,16011.6,80330.88,80357.28,0.2,0.0,0.1993,55.32,0.1064,0.5532,0.55,45.35,0.2935,0.779,-0.4855,126.523,121.02,123.7715,123.7715,120.7576,-0.005185,-0.001235,0.007325,,,,,prob_above_buy_threshold,prob_above_buy_threshold,2026-05-15,1.0,2026-05-17T18:43:33Z,-19318.64,-15.481088,-15.481088
ml_lightgbm,ML – LightGBM,WMT,lightgbm,lightgbm,lightgbm,binary,binary-2026-05,D-ml_lightgbm-f87a73f5b5c3,S-WMT-lightgbm-20250904-da26ec,T-ml_lightgbm-9905761c69c9,SELL,2026-05-17T18:43:33Z,2025-09-04,2025-09-04,99.91,99.44,99.91,101.35,99.65,100.93,15640900,162.0,162.0,0.0,32594.66,48780.08,16185.42,0.0,80349.82,80184.58,0.2,0.2014,0.0,40.81,0.1838,0.4081,0.55,58.85,-0.1277,-0.0987,-0.029,105.2711,94.2389,99.755,99.755,98.2028,-0.004161,0.017042,0.007629,81.0,0.00503,14,True,prob_below_sell_threshold,prob_below_sell_threshold,2026-05-15,1.0,2026-05-17T18:43:33Z,-19237.64,-15.420371,-15.481088
ml_lightgbm,ML – LightGBM,JNJ,lightgbm,lightgbm,lightgbm,binary,binary-2026-05,D-ml_lightgbm-24a39711cb67,S-JNJ-lightgbm-20250918-94c58e,T-ml_lightgbm-64e2f8056c81,BUY,2026-05-17T18:43:33Z,2025-09-18,2025-09-18,176.6,177.2,176.6,177.02,173.87,174.16,8200900,90.0,0.0,90.0,48780.08,32886.08,0.0,15894.0,80103.78,79884.18,0.2,0.0,0.199,55.26,0.1053,0.5526,0.55,45.41,1.1117,1.8713,-0.7596,179.9546,174.8894,177.422,177.422,172.0378,0.011656,0.020498,0.103124,,,,,prob_above_buy_threshold,prob_above_buy_threshold,2026-05-15,1.0,2026-05-17T18:43:33Z,-19237.64,-15.420371,-15.481088
ml_lightgbm,ML – LightGBM,PG,lightgbm,lightgbm,lightgbm,binary,binary-2026-05,D-ml_lightgbm-52ea58f313d0,S-PG-lightgbm-20250922-07f528,T-ml_lightgbm-e17296415add,BUY,2026-05-17T18:43:33Z,2025-09-22,2025-09-22,156.08,156.04,156.08,156.08,153.05,153.07,8712900,103.0,0.0,103.0,32886.08,16809.84,0.0,16076.24,80385.84,80075.81,0.2,0.0,0.2008,62.02,0.2403,0.6202,0.55,38.81,-0.0749,0.4165,-0.4914,160.9047,154.2083,157.5565,157.5565,156.0844,-0.003724,0.003005,-0.007252,,,,,prob_above_buy_threshold,prob_above_buy_threshold,2026-05-15,1.0,2026-05-17T18:43:33Z,-19237.64,-15.420371,-15.481088
ml_lightgbm,ML – LightGBM,DUK,lightgbm,lightgbm,lightgbm,binary,binary-2026-05,D-ml_lightgbm-95174e1a0c09,S-DUK-lightgbm-20250923-8bf87a,T-ml_lightgbm-6ba84ffc4fce,SELL,2026-05-17T18:43:33Z,2025-09-23,2025-09-23,121.46,121.58,121.46,123.24,120.97,123.1,2123700,132.0,132.0,0.0,16809.84,32842.56,16032.72,0.0,80424.5,80208.02,0.2,0.1994,0.0,43.08,0.1383,0.4308,0.55,56.51,-0.1374,-0.2057,0.0683,123.6635,119.5885,121.626,121.626,121.871,0.004387,0.00528,0.042486,21.12,0.001319,20,True,prob_below_sell_threshold,prob_below_sell_threshold,2026-05-15,1.0,2026-05-17T18:43:33Z,-19216.52,-15.40454,-15.481088
ml_lightgbm,ML – LightGBM,NEE,lightgbm,lightgbm,lightgbm,binary,binary-2026-05,D-ml_lightgbm-8a6c57f1a033,S-NEE-lightgbm-20250924-ccfcc2,T-ml_lightgbm-3ec312b5f884,SELL,2026-05-17T18:43:33Z,2025-09-24,2025-09-24,72.19,72.32,72.19,73.88,72.05,73.83,11281800,218.0,218.0,0.0,32842.56,48579.98,15737.42,0.0,80538.86,80181.34,0.2,0.1954,0.0,39.27,0.2146,0.3927,0.55,59.68,-0.1995,-0.4903,0.2908,73.7535,69.2395,71.4965,71.4965,72.6878,0.011107,0.065556,0.122037,-233.26,-0.014606,27,False,prob_below_sell_threshold,prob_below_sell_threshold,2026-05-15,1.0,2026-05-17T18:43:33Z,-19449.78,-15.579389,-15.579389
ml_lightgbm,ML – LightGBM,JNJ,lightgbm,lightgbm,lightgbm,binary,binary-2026-05,D-ml_lightgbm-66e3b6e9b259,S-JNJ-lightgbm-20250925-c0bb6d,T-ml_lightgbm-8bd859165f6c,SELL,2026-05-17T18:43:33Z,2025-09-25,2025-09-25,177.2,176.69,177.2,178.4,175.91,177.73,8475000,90.0,90.0,0.0,48579.98,64527.98,15948.0,0.0,80247.13,80199.43,0.2,0.1987,0.0,43.93,0.1214,0.4393,0.55,55.95,0.7108,1.0998,-0.389,179.5894,174.4036,176.9965,176.9965,173.8386,0.011141,0.046419,0.082935,54.0,0.003397,7,True,prob_below_sell_threshold,prob_below_sell_threshold,2026-05-15,1.0,2026-05-17T18:43:33Z,-19395.78,-15.538911,-15.579389
ml_lightgbm,ML – LightGBM,WMT,lightgbm,lightgbm,lightgbm,binary,binary-2026-05,D-ml_lightgbm-67ff92aac1ec,S-WMT-lightgbm-20251029-8b531e,T-ml_lightgbm-fe1fec533971,BUY,2026-05-17T18:43:33Z,2025-10-29,2025-10-29,102.91,103.17,102.91,103.67,102.11,102.46,11986400,155.0,0.0,155.0,64527.98,48576.93,0.0,15951.05,79851.29,79781.54,0.2,0.0,0.1999,57.41,0.1483,0.5741,0.55,43.3,0.5769,1.0418,-0.4649,109.39,99.842,104.616,104.616,102.4102,-0.002245,-0.009662,0.064806,,,,,prob_above_buy_threshold,prob_above_buy_threshold,2026-05-15,1.0,2026-05-17T18:43:33Z,-19395.78,-15.538911,-15.579389
ml_lightgbm,ML – LightGBM,DUK,lightgbm,lightgbm,lightgbm,binary,binary-2026-05,D-ml_lightgbm-01982431fb2c,S-DUK-lightgbm-20251029-d70ec8,T-ml_lightgbm-e87f09e6b7e0,BUY,2026-05-17T18:43:33Z,2025-10-29,2025-10-29,125.65,125.65,125.65,126.07,123.82,124.29,3686400,127.0,0.0,127.0,48576.93,32619.38,0.0,15957.55,79851.29,79608.82,0.2,0.0,0.2004,56.25,0.1251,0.5625,0.55,44.35,0.842,1.264,-0.422,130.41,122.478,126.444,126.444,123.9078,0.007402,-0.004184,-0.006919,,,,,prob_above_buy_threshold,prob_above_buy_threshold,2026-05-15,1.0,2026-05-17T18:43:33Z,-19395.78,-15.538911,-15.579389
ml_lightgbm,ML – LightGBM,JNJ,lightgbm,lightgbm,lightgbm,binary,binary-2026-05,D-ml_lightgbm-dcea9cf6fe21,S-JNJ-lightgbm-20251105-ac8ec1,T-ml_lightgbm-80a8c1ca5a87,BUY,2026-05-17T18:43:33Z,2025-11-05,2025-11-05,186.64,186.86,186.64,187.83,185.4,186.0,5049400,84.0,0.0,84.0,32619.38,16941.62,0.0,15677.76,79082.39,79028.63,0.2,0.0,0.1984,55.51,0.1102,0.5551,0.55,45.28,0.6893,1.7703,-1.081,194.9035,185.3305,190.117,190.117,183.8644,0.005215,0.045108,0.088602,,,,,prob_above_buy_threshold,prob_above_buy_threshold,2026-05-15,1.0,2026-05-17T18:43:33Z,-19395.78,-15.538911,-15.579389
ml_lightgbm,ML – LightGBM,JNJ,lightgbm,lightgbm,lightgbm,binary,binary-2026-05,D-ml_lightgbm-057dc065bf01,S-JNJ-lightgbm-20251111-75d55d,T-ml_lightgbm-065d7baa4136,SELL,2026-05-17T18:43:33Z,2025-11-11,2025-11-11,189.39,188.41,189.39,193.92,189.05,193.83,7465600,84.0,84.0,0.0,16941.62,32850.38,15908.76,0.0,80262.25,79889.29,0.2,0.1982,0.0,34.14,0.3173,0.3414,0.55,65.62,0.8378,1.0591,-0.2213,195.1742,184.2828,189.7285,189.7285,184.8306,0.002889,0.031832,0.065573,231.0,0.014734,6,True,prob_below_sell_threshold,prob_below_sell_threshold,2026-05-15,1.0,2026-05-17T18:43:33Z,-19164.78,-15.365756,-15.579389
ml_lightgbm,ML – LightGBM,WMT,lightgbm,lightgbm,lightgbm,binary,binary-2026-05,D-ml_lightgbm-c4682daf536a,S-WMT-lightgbm-20251120-9f6713,T-ml_lightgbm-b7b4ccab412e,SELL,2026-05-17T18:43:33Z,2025-11-20,2025-11-20,103.94,100.61,103.94,107.91,102.68,107.11,50375900,155.0,155.0,0.0,32850.38,48961.08,16110.7,0.0,80278.58,79787.23,0.2,0.2007,0.0,35.82,0.2837,0.3582,0.55,63.01,-0.0882,-0.2685,0.1802,105.903,99.663,102.783,102.783,103.4978,-0.016712,0.031743,0.067687,159.65,0.010009,22,True,prob_below_sell_threshold,prob_below_sell_threshold,2026-05-15,1.0,2026-05-17T18:43:33Z,-19005.13,-15.246083,-15.579389
ml_lightgbm,ML – LightGBM,PG,lightgbm,lightgbm,lightgbm,binary,binary-2026-05,D-ml_lightgbm-d36e81aea76c,S-PG-lightgbm-20251121-684c65,T-ml_lightgbm-232cf41ed63b,SELL,2026-05-17T18:43:33Z,2025-11-21,2025-11-21,148.38,148.19,148.38,151.5,148.3,150.92,12018000,103.0,103.0,0.0,48961.08,64244.22,15283.14,0.0,80101.44,79839.82,0.2,0.1908,0.0,42.67,0.1467,0.4267,0.55,56.68,-0.7413,-1.1598,0.4185,151.7547,144.4964,148.1255,148.1255,150.7572,-0.026107,-0.023059,-0.054532,-793.1,-0.049334,60,False,prob_below_sell_threshold,prob_below_sell_threshold,2026-05-15,1.0,2026-05-17T18:43:33Z,-19798.23,-15.840584,-15.840584
ml_lightgbm,ML – LightGBM,PG,lightgbm,lightgbm,lightgbm,binary,binary-2026-05,D-ml_lightgbm-887ac734d909,S-PG-lightgbm-20251124-5fd1d6,T-ml_lightgbm-990cc15728af,BUY,2026-05-17T18:43:33Z,2025-11-24,2025-11-24,150.1,150.92,150.1,150.41,146.54,146.98,13846900,106.0,0.0,106.0,64244.22,48333.62,0.0,15910.6,79749.65,79418.93,0.2,0.0,0.2003,55.29,0.1059,0.5529,0.55,44.92,-0.7755,-1.083,0.3074,151.1423,144.6327,147.8875,147.8875,150.5602,0.010274,-0.00762,-0.025854,,,,,prob_above_buy_threshold,prob_above_buy_threshold,2026-05-15,1.0,2026-05-17T18:43:33Z,-19798.23,-15.840584,-15.840584
ml_lightgbm,ML – LightGBM,NEE,lightgbm,lightgbm,lightgbm,binary,binary-2026-05,D-ml_lightgbm-1ed7c212ad47,S-NEE-lightgbm-20251208-f5454e,T-ml_lightgbm-4c2a5fc459a1,BUY,2026-05-17T18:43:33Z,2025-12-08,2025-12-08,83.14,83.13,83.14,83.16,80.41,80.55,18136600,186.0,0.0,186.0,48333.62,32869.58,0.0,15464.04,77630.6,77148.86,0.2,0.0,0.2004,64.26,0.2852,0.6426,0.55,37.06,0.0824,0.588,-0.5056,86.9052,81.9818,84.4435,84.4435,83.2682,-0.011297,0.013656,-0.027064,,,,,prob_above_buy_threshold,prob_above_buy_threshold,2026-05-15,1.0,2026-05-17T18:43:33Z,-19798.23,-15.840584,-15.840584
ml_lightgbm,ML – LightGBM,PG,lightgbm,lightgbm,lightgbm,binary,binary-2026-05,D-ml_lightgbm-92b2020a6535,S-PG-lightgbm-20251217-92ca4c,T-ml_lightgbm-82963af6df53,SELL,2026-05-17T18:43:33Z,2025-12-17,2025-12-17,146.69,145.21,146.69,148.45,146.45,147.81,9833300,106.0,106.0,0.0,32869.58,48418.72,15549.14,0.0,78384.99,78266.27,0.2,0.1984,0.0,43.61,0.1278,0.4361,0.55,55.78,-1.1208,-1.5695,0.4486,152.049,138.585,145.317,145.317,147.5852,-0.015493,-0.022461,-0.022191,-361.46,-0.022718,23,False,prob_below_sell_threshold,prob_below_sell_threshold,2026-05-15,1.0,2026-05-17T18:43:33Z,-20159.69,-16.111532,-16.111532
ml_lightgbm,ML – LightGBM,PG,lightgbm,lightgbm,lightgbm,binary,binary-2026-05,D-ml_lightgbm-4bb63f6922d8,S-PG-lightgbm-20251222-abba93,T-ml_lightgbm-467d4b9b6dce,BUY,2026-05-17T18:43:33Z,2025-12-22,2025-12-22,143.71,144.46,143.71,144.4,142.42,142.69,11731400,108.0,0.0,108.0,48418.72,32898.04,0.0,15520.68,78076.26,77966.1,0.2,0.0,0.1991,57.12,0.1424,0.5712,0.55,43.34,-0.9686,-1.2604,0.2917,150.6921,138.5989,144.6455,144.6455,147.2194,0.003434,0.009531,0.050739,,,,,prob_above_buy_threshold,prob_above_buy_threshold,2026-05-15,1.0,2026-05-17T18:43:33Z,-20159.69,-16.111532,-16.111532
ml_lightgbm,ML – LightGBM,PG,lightgbm,lightgbm,lightgbm,binary,binary-2026-05,D-ml_lightgbm-92b5e488db9c,S-PG-lightgbm-20260114-03a086,T-ml_lightgbm-8ba17cfbfed5,SELL,2026-05-17T18:43:33Z,2026-01-14,2026-01-14,144.68,144.24,144.68,146.9,144.37,146.35,13475000,108.0,108.0,0.0,32898.04,48523.48,15625.44,0.0,79024.48,78844.12,0.2,0.1977,0.0,41.47,0.1705,0.4147,0.55,57.83,-0.4832,-0.9766,0.4934,147.8873,138.8717,143.3795,143.3795,144.9098,-0.011753,0.024462,0.101537,104.76,0.00675,23,True,prob_below_sell_threshold,prob_below_sell_threshold,2026-05-15,1.0,2026-05-17T18:43:33Z,-20054.93,-16.033005,-16.111532
ml_lightgbm,ML – LightGBM,NEE,lightgbm,lightgbm,lightgbm,binary,binary-2026-05,D-ml_lightgbm-1c355b5b0d17,S-NEE-lightgbm-20260114-cc527d,T-ml_lightgbm-dfbdc84d253c,SELL,2026-05-17T18:43:33Z,2026-01-14,2026-01-14,80.94,81.64,80.94,82.63,80.94,81.98,10282400,186.0,186.0,0.0,48523.48,63578.32,15054.84,0.0,79024.48,78650.68,0.2,0.1905,0.0,44.48,0.1104,0.4448,0.55,54.84,-0.2783,-0.5465,0.2682,82.1238,78.8322,80.478,80.478,82.3078,0.002562,0.037692,0.121371,-409.2,-0.026461,37,False,prob_below_sell_threshold,prob_below_sell_threshold,2026-05-15,1.0,2026-05-17T18:43:33Z,-20464.13,-16.339737,-16.339737
ml_lightgbm,ML – LightGBM,DUK,lightgbm,lightgbm,lightgbm,binary,binary-2026-05,D-ml_lightgbm-2c5cee56bc8c,S-DUK-lightgbm-20260115-e0aee8,T-ml_lightgbm-90da3f3dee49,SELL,2026-05-17T18:43:33Z,2026-01-15,2026-01-15,118.63,118.68,118.63,119.41,118.45,118.9,3716400,127.0,127.0,0.0,63578.32,78644.33,15066.01,0.0,78678.62,78644.33,0.2,0.1915,0.0,44.07,0.1186,0.4407,0.55,55.43,-0.2319,-0.6166,0.3847,118.7363,115.7317,117.234,117.234,119.294,0.002691,-0.012363,0.078217,-891.54,-0.05587,78,False,prob_below_sell_threshold,prob_below_sell_threshold,2026-05-15,1.0,2026-05-17T18:43:33Z,-21355.67,-17.008028,-17.008028
ml_lightgbm,ML – LightGBM,PG,lightgbm,lightgbm,lightgbm,binary,binary-2026-05,D-ml_lightgbm-9a3fd76d8e3b,S-PG-lightgbm-20260305-b0c2d9,T-ml_lightgbm-c4d2cbd8cb6e,BUY,2026-05-17T18:43:33Z,2026-03-05,2026-03-05,156.94,158.3,156.94,157.1,153.77,153.99,10060300,100.0,0.0,100.0,78644.33,62950.33,0.0,15694.0,78644.33,78349.33,0.2,0.0,0.2003,58.6,0.172,0.586,0.55,42.85,2.1092,3.2904,-1.1811,166.9259,154.2271,160.5765,160.5765,151.8128,-0.002338,-0.022664,-0.070589,,,,,prob_above_buy_threshold,prob_above_buy_threshold,2026-05-15,1.0,2026-05-17T18:43:33Z,-21355.67,-17.008028,-17.008028
ml_lightgbm,ML – LightGBM,JNJ,lightgbm,lightgbm,lightgbm,binary,binary-2026-05,D-ml_lightgbm-ef041cd7f536,S-JNJ-lightgbm-20260318-ea6277,T-ml_lightgbm-804aa398687c,BUY,2026-05-17T18:43:33Z,2026-03-18,2026-03-18,237.87,238.11,237.87,239.11,235.42,237.28,6811500,65.0,0.0,65.0,62950.33,47488.78,0.0,15461.55,77621.33,77582.98,0.2,0.0,0.1993,55.99,0.1198,0.5599,0.55,44.94,1.4091,3.0164,-1.6073,249.7288,237.3372,243.533,243.533,232.9308,0.001349,0.011168,-0.011548,,,,,prob_above_buy_threshold,prob_above_buy_threshold,2026-05-15,1.0,2026-05-17T18:43:33Z,-21355.67,-17.008028,-17.008028
ml_lightgbm,ML – LightGBM,WMT,lightgbm,lightgbm,lightgbm,binary,binary-2026-05,D-ml_lightgbm-4b28315cbc5c,S-WMT-lightgbm-20260318-cffb21,T-ml_lightgbm-dd1584e0fdbf,BUY,2026-05-17T18:43:33Z,2026-03-18,2026-03-18,124.33,125.08,124.33,124.61,121.83,121.98,19734900,124.0,0.0,124.0,47488.78,32071.86,0.0,15416.92,77621.33,77291.58,0.2,0.0,0.1995,57.68,0.1537,0.5768,0.55,43.25,0.0738,0.5789,-0.5051,128.6539,121.9781,125.316,125.316,123.2992,-0.007296,0.008854,0.023282,,,,,prob_above_buy_threshold,prob_above_buy_threshold,2026-05-15,1.0,2026-05-17T18:43:33Z,-21355.67,-17.008028,-17.008028
ml_lightgbm,ML – LightGBM,NEE,lightgbm,lightgbm,lightgbm,binary,binary-2026-05,D-ml_lightgbm-f4340fbc7178,S-NEE-lightgbm-20260320-1615d9,T-ml_lightgbm-1cd509d95e97,BUY,2026-05-17T18:43:33Z,2026-03-20,2026-03-20,92.74,92.41,92.74,94.21,89.17,89.5,21860800,165.0,0.0,165.0,32071.86,16769.76,0.0,15302.1,76557.38,76022.79,0.2,0.0,0.2013,57.89,0.1578,0.5789,0.55,43.23,0.392,0.8425,-0.4505,95.233,89.627,92.43,92.43,89.22,0.008156,0.021229,0.028045,,,,,prob_above_buy_threshold,prob_above_buy_threshold,2026-05-15,1.0,2026-05-17T18:43:33Z,-21355.67,-17.008028,-17.008028
ml_lightgbm,ML – LightGBM,DUK,lightgbm,lightgbm,lightgbm,binary,binary-2026-05,D-ml_lightgbm-32d65fcbf8df,S-DUK-lightgbm-20260320-7d80ad,T-ml_lightgbm-e08fe03d1acf,BUY,2026-05-17T18:43:33Z,2026-03-20,2026-03-20,130.43,129.74,130.43,130.54,126.77,126.81,7644800,117.0,0.0,117.0,16769.76,1509.45,0.0,15260.31,76557.38,75599.25,0.2,0.0,0.2019,58.27,0.1654,0.5827,0.55,42.77,1.3651,2.0867,-0.7216,134.2466,127.1324,130.6895,130.6895,125.0606,0.004179,0.025077,0.00828,,,,,prob_above_buy_threshold,prob_above_buy_threshold,2026-05-15,1.0,2026-05-17T18:43:33Z,-21355.67,-17.008028,-17.008028
ml_lightgbm,ML – LightGBM,JNJ,lightgbm,lightgbm,lightgbm,binary,binary-2026-05,D-ml_lightgbm-913edea368f1,S-JNJ-lightgbm-20260330-4202df,T-ml_lightgbm-0cab681714e5,SELL,2026-05-17T18:43:33Z,2026-03-30,2026-03-30,243.49,240.45,243.49,244.21,240.51,242.49,7241300,65.0,65.0,0.0,1509.45,17336.3,15826.85,0.0,77655.62,77720.62,0.2,0.2038,0.0,42.46,0.1509,0.4246,0.55,57.29,0.3087,0.6064,-0.2977,246.8547,234.0733,240.464,240.464,237.368,0.008042,-0.016825,-0.060621,365.3,0.023626,12,True,prob_below_sell_threshold,prob_below_sell_threshold,2026-05-15,1.0,2026-05-17T18:43:33Z,-20990.37,-16.734202,-17.008028
ml_lightgbm,ML – LightGBM,DUK,lightgbm,lightgbm,lightgbm,binary,binary-2026-05,D-ml_lightgbm-be570d65f595,S-DUK-lightgbm-20260330-8a89a4,T-ml_lightgbm-7b58275e818b,SELL,2026-05-17T18:43:33Z,2026-03-30,2026-03-30,131.45,129.99,131.45,132.71,131.07,131.71,3968800,117.0,117.0,0.0,17336.3,32715.95,15379.65,0.0,77655.62,77690.2,0.2,0.198,0.0,39.87,0.2026,0.3987,0.55,59.94,0.6834,1.0241,-0.3407,134.4195,126.6665,130.543,130.543,126.4238,-0.005846,0.000835,-0.029686,119.34,0.00782,10,True,prob_below_sell_threshold,prob_below_sell_threshold,2026-05-15,1.0,2026-05-17T18:43:33Z,-20871.03,-16.644746,-17.008028
ml_lightgbm,ML – LightGBM,NEE,lightgbm,lightgbm,lightgbm,binary,binary-2026-05,D-ml_lightgbm-92ace505ab06,S-NEE-lightgbm-20260331-3c0646,T-ml_lightgbm-5f1d32ca1971,SELL,2026-05-17T18:43:33Z,2026-03-31,2026-03-31,92.26,92.05,92.26,92.99,91.36,92.88,13914200,165.0,165.0,0.0,32715.95,47938.85,15222.9,0.0,77895.87,77793.57,0.2,0.1954,0.0,42.7,0.1461,0.427,0.55,56.86,0.2812,0.3413,-0.0601,93.3942,89.9248,91.6595,91.6595,90.6312,-0.000323,0.013889,0.013889,-79.2,-0.005176,11,False,prob_below_sell_threshold,prob_below_sell_threshold,2026-05-15,1.0,2026-05-17T18:43:33Z,-20950.23,-16.704114,-17.008028
ml_lightgbm,ML – LightGBM,WMT,lightgbm,lightgbm,lightgbm,binary,binary-2026-05,D-ml_lightgbm-72c3b47ac4eb,S-WMT-lightgbm-20260402-03fcf9,T-ml_lightgbm-5e5a0ddbff25,SELL,2026-05-17T18:43:33Z,2026-04-02,2026-04-02,125.15,124.74,125.15,125.9,124.15,125.79,11898400,124.0,124.0,0.0,47938.85,63457.45,15518.6,0.0,77848.81,77769.45,0.2,0.1993,0.0,43.4,0.1319,0.434,0.55,55.95,-0.0854,-0.3723,0.2869,127.35,119.747,123.5485,123.5485,124.4856,0.00795,0.007791,0.046188,101.68,0.006595,15,True,prob_below_sell_threshold,prob_below_sell_threshold,2026-05-15,1.0,2026-05-17T18:43:33Z,-20848.55,-16.627895,-17.008028
ml_lightgbm,ML – LightGBM,NEE,lightgbm,lightgbm,lightgbm,binary,binary-2026-05,D-ml_lightgbm-27c5e4363f2c,S-NEE-lightgbm-20260414-513b2c,T-ml_lightgbm-57e9ed8b4453,BUY,2026-05-17T18:43:33Z,2026-04-14,2026-04-14,91.69,92.3,91.69,91.87,90.58,91.31,9370600,169.0,0.0,169.0,63457.45,47961.84,0.0,15495.61,77895.45,77831.23,0.2,0.0,0.1991,55.03,0.1006,0.5503,0.55,45.33,0.4587,0.5522,-0.0935,94.8262,89.6378,92.232,92.232,91.9358,-0.000767,-0.007776,0.035922,,,,,prob_above_buy_threshold,prob_above_buy_threshold,2026-05-15,1.0,2026-05-17T18:43:33Z,-20848.55,-16.627895,-17.008028
ml_lightgbm,ML – LightGBM,DUK,lightgbm,lightgbm,lightgbm,binary,binary-2026-05,D-ml_lightgbm-c6888633c4c1,S-DUK-lightgbm-20260415-09b9b2,T-ml_lightgbm-a5a145fdf63f,BUY,2026-05-17T18:43:33Z,2026-04-15,2026-04-15,129.25,129.78,129.25,129.25,127.93,127.98,3294800,120.0,0.0,120.0,47961.84,32451.84,0.0,15510.0,77719.4,77567.0,0.2,0.0,0.2,58.57,0.1715,0.5857,0.55,41.97,0.3707,0.763,-0.3923,133.6745,126.6355,130.155,130.155,128.9742,0.005079,-0.021331,-0.03188,,,,,prob_above_buy_threshold,prob_above_buy_threshold,2026-05-15,1.0,2026-05-17T18:43:33Z,-20848.55,-16.627895,-17.008028
ml_lightgbm,ML – LightGBM,JNJ,lightgbm,lightgbm,lightgbm,binary,binary-2026-05,D-ml_lightgbm-e3eec40bc337,S-JNJ-lightgbm-20260416-212a00,T-ml_lightgbm-a2febc0a495a,BUY,2026-05-17T18:43:33Z,2026-04-16,2026-04-16,237.42,238.67,237.42,238.14,232.12,234.54,8668900,65.0,0.0,65.0,32451.84,17019.54,0.0,15432.3,77717.71,77530.51,0.2,0.0,0.199,60.96,0.2193,0.6096,0.55,39.62,-0.4473,0.1903,-0.6376,245.1555,233.7535,239.4545,239.4545,241.3234,-0.001535,-0.016586,-0.015946,,,,,prob_above_buy_threshold,prob_above_buy_threshold,2026-05-15,1.0,2026-05-17T18:43:33Z,-20848.55,-16.627895,-17.008028
ml_lightgbm,ML – LightGBM,NEE,lightgbm,lightgbm,lightgbm,binary,binary-2026-05,D-ml_lightgbm-3a2de1cf1b37,S-NEE-lightgbm-20260423-c3f69d,T-ml_lightgbm-a467bb2f0b24,SELL,2026-05-17T18:43:33Z,2026-04-23,2026-04-23,92.6,90.0,92.6,96.7,92.32,96.25,17524900,169.0,169.0,0.0,17019.54,32668.94,15649.4,0.0,78213.84,77596.99,0.2,0.2001,0.0,34.42,0.3116,0.3442,0.55,64.6,0.2051,0.1883,0.0168,95.4207,89.5933,92.507,92.507,92.3318,-0.010078,0.016935,,153.79,0.009925,9,True,prob_below_sell_threshold,prob_below_sell_threshold,2026-05-15,1.0,2026-05-17T18:43:33Z,-20694.76,-16.512616,-17.008028
ml_lightgbm,ML – LightGBM,PG,lightgbm,lightgbm,lightgbm,binary,binary-2026-05,D-ml_lightgbm-f9e41e0b7296,S-PG-lightgbm-20260424-b1e7dd,T-ml_lightgbm-a2d0b6f9e237,SELL,2026-05-17T18:43:33Z,2026-04-24,2026-04-24,152.01,145.71,152.01,152.42,147.62,148.18,13786200,100.0,100.0,0.0,32668.94,47869.94,15201.0,0.0,77546.84,77929.84,0.2,0.196,0.0,43.9,0.122,0.439,0.55,55.11,-0.9467,-1.6525,0.7058,147.5537,140.9263,144.24,144.24,150.6878,0.001485,-0.006209,,-493.0,-0.031413,50,False,prob_below_sell_threshold,prob_below_sell_threshold,2026-05-15,1.0,2026-05-17T18:43:33Z,-21187.76,-16.882164,-17.008028
ml_lightgbm,ML – LightGBM,PG,lightgbm,lightgbm,lightgbm,binary,binary-2026-05,D-ml_lightgbm-1d9fdec42124,S-PG-lightgbm-20260504-f78691,T-ml_lightgbm-e6ce9d1bb98f,BUY,2026-05-17T18:43:33Z,2026-05-04,2026-05-04,146.06,147.26,146.06,146.06,143.27,143.42,9642800,106.0,0.0,106.0,47869.94,32387.58,0.0,15482.36,77736.94,77457.1,0.2,0.0,0.1999,57.14,0.1427,0.5714,0.55,43.28,-0.2497,-0.5789,0.3292,149.5597,140.9153,145.2375,145.2375,149.1832,0.010319,-0.000418,,,,,,prob_above_buy_threshold,prob_above_buy_threshold,2026-05-15,1.0,2026-05-17T18:43:33Z,-21187.76,-16.882164,-17.008028
benchmark,Benchmark (SPY Buy & Hold),SPY,buy_and_hold,buy_and_hold,buy_and_hold,binary,binary-2026-05,D-benchmark-2d9037c6017d,S-SPY-buy_and_hold-20230516-62be29,T-benchmark-f16764281a22,BUY,2026-05-17T18:43:35Z,2023-05-16,2023-05-16,411.86,,411.86,412.82,410.24,410.25,57705500,242.0,0.0,242.0,100000.0,329.88,0.0,99670.12,100000.0,99610.38,1.0,0.0,1.0006,0.0,1.0,1.0,0.0,,,,,,,,,,0.012139,0.00936,0.065643,,,,,buy_and_hold_entry,buy_and_hold_entry,2026-05-15,1.0,2026-05-17T18:43:35Z,0.0,0.0,0.0
experimental_ensemble,Experimental – Model Consensus,PG,ensemble_majority,ensemble_majority,ensemble_majority,binary,binary-2026-05,D-experimental_ensemble-ae8f3f9f0ecc,S-PG-ensemble_majority-20230605-53c815,T-experimental_ensemble-44452c7bf477,BUY,2026-05-17T18:43:36Z,2023-06-05,2023-06-05,146.05,146.52,146.05,147.85,145.73,145.94,4753700,114.0,0.0,114.0,100000.0,83350.3,0.0,16649.7,100000.0,99987.46,0.1667,0.0,0.1665,2.0,0.5,0.7,2.0,31.84,,,,,,,,,-0.009936,-0.003632,0.043168,,,,,majority_buy>=2,majority_buy>=2,2026-05-15,1.0,2026-05-17T18:43:36Z,0.0,0.0,0.0
experimental_ensemble,Experimental – Model Consensus,UNH,ensemble_majority,ensemble_majority,ensemble_majority,binary,binary-2026-05,D-experimental_ensemble-50b2061f82ee,S-UNH-ensemble_majority-20230614-46f811,T-experimental_ensemble-4aaf4c74f21a,BUY,2026-05-17T18:43:36Z,2023-06-14,2023-06-14,454.64,491.31,454.64,460.63,445.68,459.86,14672400,36.0,0.0,36.0,83350.3,66983.26,0.0,16367.04,100042.18,100230.1,0.1667,0.0,0.1633,3.0,0.75,0.8,2.0,31.72,,,,502.5046,467.3724,484.9385,484.9385,,0.013113,0.04173,0.044166,,,,,majority_buy>=2,majority_buy>=2,2026-05-15,1.0,2026-05-17T18:43:36Z,0.0,0.0,0.0
experimental_ensemble,Experimental – Model Consensus,XOM,ensemble_majority,ensemble_majority,ensemble_majority,binary,binary-2026-05,D-experimental_ensemble-bda67e165cbe,S-XOM-ensemble_majority-20230714-d4c9c8,T-experimental_ensemble-3de709dbce50,BUY,2026-05-17T18:43:36Z,2023-07-14,2023-07-14,104.05,104.54,104.05,104.05,100.53,100.94,28181900,162.0,0.0,162.0,66983.26,50127.16,0.0,16856.1,101375.08,100871.26,0.1667,0.0,0.1671,2.0,0.5,0.7,2.0,38.4,-0.2444,0.0499,-0.2943,108.2404,101.2176,104.729,104.729,,0.004359,0.029225,0.107886,,,,,majority_buy>=2,majority_buy>=2,2026-05-15,1.0,2026-05-17T18:43:36Z,0.0,0.0,0.0
experimental_ensemble,Experimental – Model Consensus,XOM,ensemble_majority,ensemble_majority,ensemble_majority,binary,binary-2026-05,D-experimental_ensemble-9fe51150875f,S-XOM-ensemble_majority-20230720-40c3ee,T-experimental_ensemble-949ee79c2751,SELL,2026-05-17T18:43:36Z,2023-07-20,2023-07-20,102.54,101.62,102.54,103.66,102.36,103.41,15740200,162.0,162.0,0.0,50127.16,66738.64,16611.48,0.0,102196.06,102055.12,0.1667,0.1625,0.0,2.0,0.5,0.3,2.0,47.89,-0.7318,-0.3923,-0.3395,108.3914,100.0386,104.215,104.215,,0.004642,0.019437,0.048254,-244.62,-0.014512,6,False,majority_sell>=2,majority_sell>=2,2026-05-15,1.0,2026-05-17T18:43:36Z,-244.62,0.0,0.0
experimental_ensemble,Experimental – Model Consensus,MSFT,ensemble_majority,ensemble_majority,ensemble_majority,binary,binary-2026-05,D-experimental_ensemble-d0647b7efecf,S-MSFT-ensemble_majority-20230721-a20576,T-experimental_ensemble-d3c440b898d1,BUY,2026-05-17T18:43:36Z,2023-07-21,2023-07-21,349.15,346.87,349.15,350.3,339.83,343.77,69405400,48.0,0.0,48.0,66738.64,49979.44,0.0,16759.2,102407.74,102149.5,0.1667,0.0,0.1641,2.0,0.5,0.7,2.0,53.67,4.7181,4.1977,0.5204,355.1252,325.3348,340.23,340.23,,0.003898,-0.015708,-0.079384,,,,,majority_buy>=2,majority_buy>=2,2026-05-15,1.0,2026-05-17T18:43:36Z,-244.62,0.0,0.0
experimental_ensemble,Experimental – Model Consensus,PG,ensemble_majority,ensemble_majority,ensemble_majority,binary,binary-2026-05,D-experimental_ensemble-5954f553a86e,S-PG-ensemble_majority-20230725-fbe798,T-experimental_ensemble-cc231844fdf0,SELL,2026-05-17T18:43:36Z,2023-07-25,2023-07-25,153.48,153.42,153.48,153.86,152.45,153.78,5883800,114.0,114.0,0.0,49979.44,67476.16,17496.72,0.0,102750.88,102716.68,0.1667,0.1703,0.0,2.0,0.5,0.3,2.0,65.29,0.8577,0.4141,0.4436,153.9492,147.1198,150.5345,150.5345,,0.00104,0.016062,-0.01268,847.02,0.050873,50,True,majority_sell>=2,majority_sell>=2,2026-05-15,1.0,2026-05-17T18:43:36Z,602.4,0.0,0.0
experimental_ensemble,Experimental – Model Consensus,MSFT,ensemble_majority,ensemble_majority,ensemble_majority,binary,binary-2026-05,D-experimental_ensemble-cdd8e9d0c0e1,S-MSFT-ensemble_majority-20230726-ec8643,T-experimental_ensemble-49df84dc48c9,SELL,2026-05-17T18:43:36Z,2023-07-26,2023-07-26,341.44,350.98,341.44,344.67,333.11,337.77,58383700,48.0,48.0,0.0,67476.16,83865.28,16389.12,0.0,101977.12,102153.28,0.1667,0.1607,0.0,2.0,0.5,0.3,2.0,47.79,3.6104,4.1682,-0.5577,356.1324,327.8946,342.0135,342.0135,,-0.020872,-0.030405,-0.031886,-370.08,-0.022082,5,False,majority_sell>=2,majority_sell>=2,2026-05-15,1.0,2026-05-17T18:43:36Z,232.32,-0.614343,-0.614343
experimental_ensemble,Experimental – Model Consensus,XOM,ensemble_majority,ensemble_majority,ensemble_majority,binary,binary-2026-05,D-experimental_ensemble-70f7a58729d5,S-XOM-ensemble_majority-20230726-edc6f7,T-experimental_ensemble-ac89a42bb7b2,BUY,2026-05-17T18:43:36Z,2023-07-26,2023-07-26,105.11,105.68,105.11,105.72,104.64,105.09,15159600,161.0,0.0,161.0,83865.28,66942.57,0.0,16922.71,101977.12,102150.06,0.1667,0.0,0.1657,2.0,0.5,0.7,2.0,52.8,-0.1254,-0.3398,0.2144,108.6465,100.3475,104.497,104.497,,0.00314,0.001903,0.019602,,,,,majority_buy>=2,majority_buy>=2,2026-05-15,1.0,2026-05-17T18:43:36Z,232.32,-0.614343,-0.614343
experimental_ensemble,Experimental – Model Consensus,UNH,ensemble_majority,ensemble_majority,ensemble_majority,binary,binary-2026-05,D-experimental_ensemble-c8f97218dce6,S-UNH-ensemble_majority-20230816-dc4f25,T-experimental_ensemble-aa119107ba8f,SELL,2026-05-17T18:43:36Z,2023-08-16,2023-08-16,508.0,506.69,508.0,510.5,502.83,503.56,1454100,36.0,36.0,0.0,66942.57,85230.57,18288.0,0.0,102191.47,102351.31,0.1667,0.179,0.0,3.0,0.75,0.2,2.0,54.07,5.2812,6.2571,-0.9759,511.4143,500.7257,506.07,506.07,488.2362,-0.019064,-0.02804,-0.039638,1920.96,0.117368,63,True,majority_sell>=2,majority_sell>=2,2026-05-15,1.0,2026-05-17T18:43:36Z,2153.28,0.0,-0.614343
experimental_ensemble,Experimental – Model Consensus,MSFT,ensemble_majority,ensemble_majority,ensemble_majority,binary,binary-2026-05,D-experimental_ensemble-37ccd715ae97,S-MSFT-ensemble_majority-20230823-22dba9,T-experimental_ensemble-4fae7cd01df9,BUY,2026-05-17T18:43:36Z,2023-08-23,2023-08-23,323.82,322.46,323.82,329.2,323.46,327.0,21166400,52.0,0.0,52.0,85230.57,68391.93,0.0,16838.64,102481.72,102647.08,0.1667,0.0,0.164,2.0,0.5,0.7,2.0,49.03,-4.012,-4.1906,0.1785,337.7304,313.9316,325.831,325.831,334.5692,-0.021498,0.005474,-0.022844,,,,,majority_buy>=2,majority_buy>=2,2026-05-15,1.0,2026-05-17T18:43:36Z,2153.28,0.0,-0.614343
experimental_ensemble,Experimental – Model Consensus,XOM,ensemble_majority,ensemble_majority,ensemble_majority,binary,binary-2026-05,D-experimental_ensemble-ced74c1b3f69,S-XOM-ensemble_majority-20230823-4e6e4f,T-experimental_ensemble-3c48aca05d28,SELL,2026-05-17T18:43:36Z,2023-08-23,2023-08-23,107.04,108.1,107.04,107.3,105.72,107.15,11435600,161.0,161.0,0.0,68391.93,85625.37,17233.44,0.0,102481.72,102629.37,0.1667,0.1682,0.0,3.0,0.75,0.2,2.0,49.33,0.8333,1.0507,-0.2174,111.8824,103.9706,107.9265,107.9265,105.8444,-0.007466,0.034811,0.071022,310.73,0.018362,28,True,majority_sell>=2,majority_sell>=2,2026-05-15,1.0,2026-05-17T18:43:36Z,2464.01,0.0,-0.614343
experimental_ensemble,Experimental – Model Consensus,WMT,ensemble_majority,ensemble_majority,ensemble_majority,binary,binary-2026-05,D-experimental_ensemble-98c1cfaa2b7c,S-WMT-ensemble_majority-20230905-8fade7,T-experimental_ensemble-3af2f601c8af,BUY,2026-05-17T18:43:36Z,2023-09-05,2023-09-05,53.95,53.8567,53.95,54.2667,53.3933,53.4233,15209400,318.0,0.0,318.0,85625.37,68469.27,0.0,17156.1,102969.97,102802.49,0.1667,0.0,0.1669,3.0,0.75,0.8,2.0,54.55,0.26,0.1832,0.0768,54.3043,51.9234,53.1138,53.1138,52.6459,0.007487,0.026518,-0.007363,,,,,majority_buy>=2,majority_buy>=2,2026-05-15,1.0,2026-05-17T18:43:36Z,2464.01,0.0,-0.614343
experimental_ensemble,Experimental – Model Consensus,AAPL,ensemble_majority,ensemble_majority,ensemble_majority,binary,binary-2026-05,D-experimental_ensemble-a408fa64d531,S-AAPL-ensemble_majority-20230906-92d420,T-experimental_ensemble-6682cb995e31,BUY,2026-05-17T18:43:36Z,2023-09-06,2023-09-06,188.4,189.7,188.4,188.85,181.47,182.91,81755800,91.0,0.0,91.0,68469.27,51324.87,0.0,17144.4,102894.85,102395.26,0.1667,0.0,0.1674,3.0,0.75,0.8,2.0,48.86,0.4018,-0.926,1.3278,189.9992,170.7008,180.35,180.35,186.722,-0.029249,-0.047564,-0.050571,,,,,majority_buy>=2,majority_buy>=2,2026-05-15,1.0,2026-05-17T18:43:36Z,2464.01,0.0,-0.614343
experimental_ensemble,Experimental – Model Consensus,JPM,ensemble_majority,ensemble_majority,ensemble_majority,binary,binary-2026-05,D-experimental_ensemble-6065d53ef3a0,S-JPM-ensemble_majority-20230915-83c37e,T-experimental_ensemble-1cc14b74779b,BUY,2026-05-17T18:43:36Z,2023-09-15,2023-09-15,148.92,149.25,148.92,149.73,148.31,148.81,19863400,114.0,0.0,114.0,51324.87,34347.99,0.0,16976.88,101874.06,101861.52,0.1667,0.0,0.1667,3.0,0.75,0.8,2.0,53.05,-0.9625,-1.3814,0.4188,150.2956,143.4134,146.8545,146.8545,150.8092,0.002083,-0.020698,-0.005443,,,,,majority_buy>=2,majority_buy>=2,2026-05-15,1.0,2026-05-17T18:43:36Z,2464.01,0.0,-0.614343
experimental_ensemble,Experimental – Model Consensus,UNH,ensemble_majority,ensemble_majority,ensemble_majority,binary,binary-2026-05,D-experimental_ensemble-664f0d84a5c6,S-UNH-ensemble_majority-20230915-29f064,T-experimental_ensemble-281cb2ee2e1e,BUY,2026-05-17T18:43:36Z,2023-09-15,2023-09-15,485.74,483.6,485.74,489.82,484.14,486.7,5334300,34.0,0.0,34.0,34347.99,17832.83,0.0,16515.16,101874.06,101894.16,0.1667,0.0,0.1621,2.0,0.5,0.7,2.0,49.14,-3.6342,-3.8362,0.202,499.2983,472.3347,485.8165,485.8165,491.7322,-0.001315,0.03986,0.10828,,,,,majority_buy>=2,majority_buy>=2,2026-05-15,1.0,2026-05-17T18:43:36Z,2464.01,0.0,-0.614343
experimental_ensemble,Experimental – Model Consensus,AAPL,ensemble_majority,ensemble_majority,ensemble_majority,binary,binary-2026-05,D-experimental_ensemble-ed926682b250,S-AAPL-ensemble_majority-20230918-ccfa10,T-experimental_ensemble-74fc5030e783,SELL,2026-05-17T18:43:36Z,2023-09-18,2023-09-18,176.48,175.01,176.48,179.38,176.17,177.97,67257600,91.0,91.0,0.0,17832.83,33892.51,16059.68,0.0,101987.46,101851.87,0.1667,0.1575,0.0,2.0,0.5,0.3,2.0,45.57,-1.8761,-1.3969,-0.4792,190.0007,170.5403,180.2705,180.2705,184.4656,0.006181,-0.01062,0.004214,-1084.72,-0.06327,12,False,majority_sell>=2,majority_sell>=2,2026-05-15,1.0,2026-05-17T18:43:36Z,1379.29,-0.440225,-0.614343
experimental_ensemble,Experimental – Model Consensus,JNJ,ensemble_majority,ensemble_majority,ensemble_majority,binary,binary-2026-05,D-experimental_ensemble-f8e86a9d428d,S-JNJ-ensemble_majority-20230920-6052a8,T-experimental_ensemble-6620c3f991d8,BUY,2026-05-17T18:43:36Z,2023-09-20,2023-09-20,162.19,162.2,162.19,163.54,161.66,162.91,3837400,104.0,0.0,104.0,33892.51,17024.75,0.0,16867.76,101585.63,101660.51,0.1667,0.0,0.1659,3.0,0.75,0.8,2.0,46.34,-1.2605,-1.4937,0.2332,166.5547,158.7093,162.632,162.632,166.3844,-0.007673,-0.035602,-0.062489,,,,,majority_buy>=2,majority_buy>=2,2026-05-15,1.0,2026-05-17T18:43:36Z,1379.29,-0.440225,-0.614343
experimental_ensemble,Experimental – Model Consensus,WMT,ensemble_majority,ensemble_majority,ensemble_majority,binary,binary-2026-05,D-experimental_ensemble-52ad3595d64b,S-WMT-ensemble_majority-20230921-dd77ae,T-experimental_ensemble-1b583db43ba3,SELL,2026-05-17T18:43:36Z,2023-09-21,2023-09-21,54.7533,54.6367,54.7533,54.8333,53.93,53.9733,18782400,318.0,318.0,0.0,17024.75,34436.31,17411.56,0.0,101429.19,101677.23,0.1667,0.1717,0.0,3.0,0.75,0.2,2.0,50.6,0.4138,0.4667,-0.0529,55.6313,52.4947,54.063,54.063,53.2915,0.002656,0.003829,-0.007102,255.46,0.01489,16,True,majority_sell>=2,majority_sell>=2,2026-05-15,1.0,2026-05-17T18:43:36Z,1634.75,-0.336549,-0.614343
experimental_ensemble,Experimental – Model Consensus,MSFT,ensemble_majority,ensemble_majority,ensemble_majority,binary,binary-2026-05,D-experimental_ensemble-1d53f7af04aa,S-MSFT-ensemble_majority-20231002-7461d5,T-experimental_ensemble-9557313f68ea,SELL,2026-05-17T18:43:36Z,2023-10-02,2023-10-02,316.28,315.75,316.28,321.89,315.18,321.8,20570000,52.0,52.0,0.0,34436.31,50882.87,16446.56,0.0,101190.67,100903.63,0.1667,0.1625,0.0,3.0,0.75,0.2,2.0,47.72,-3.5686,-2.6242,-0.9444,343.1485,308.2495,325.699,325.699,326.8946,-0.026134,0.024922,0.048198,-392.08,-0.023285,40,False,majority_sell>=2,majority_sell>=2,2026-05-15,1.0,2026-05-17T18:43:36Z,1242.67,-0.495672,-0.614343
experimental_ensemble,Experimental – Model Consensus,AAPL,ensemble_majority,ensemble_majority,ensemble_majority,binary,binary-2026-05,D-experimental_ensemble-5ceaf783af37,S-AAPL-ensemble_majority-20231005-4faa95,T-experimental_ensemble-d23088a5814c,BUY,2026-05-17T18:43:36Z,2023-10-05,2023-10-05,173.79,173.66,173.79,175.45,172.68,174.91,48527900,96.0,0.0,96.0,50882.87,34199.03,0.0,16683.84,101067.85,101175.37,0.1667,0.0,0.1649,3.0,0.75,0.8,2.0,47.36,-2.0889,-2.3174,0.2285,179.8946,169.6194,174.757,174.757,179.704,0.01475,0.03316,0.015208,,,,,majority_buy>=2,majority_buy>=2,2026-05-15,1.0,2026-05-17T18:43:36Z,1242.67,-0.495672,-0.614343
experimental_ensemble,Experimental – Model Consensus,JPM,ensemble_majority,ensemble_majority,ensemble_majority,binary,binary-2026-05,D-experimental_ensemble-e4490911e2f9,S-JPM-ensemble_majority-20231006-8bb42f,T-experimental_ensemble-237aab975ebd,SELL,2026-05-17T18:43:36Z,2023-10-06,2023-10-06,142.91,142.9,142.91,145.88,142.14,145.1,10270600,114.0,114.0,0.0,34199.03,50490.77,16291.74,0.0,102017.57,101767.91,0.1667,0.1597,0.0,2.0,0.5,0.3,2.0,46.46,-1.1749,-1.0157,-0.1592,150.2033,142.0057,146.1045,146.1045,148.8518,-0.002274,0.019986,-0.014473,-685.14,-0.040357,21,False,majority_sell>=2,majority_sell>=2,2026-05-15,1.0,2026-05-17T18:43:36Z,557.53,-0.773731,-0.773731
experimental_ensemble,Experimental – Model Consensus,JPM,ensemble_majority,ensemble_majority,ensemble_majority,binary,binary-2026-05,D-experimental_ensemble-52da4452ac05,S-JPM-ensemble_majority-20231011-4efb44,T-experimental_ensemble-b4f93d7949fc,BUY,2026-05-17T18:43:36Z,2023-10-11,2023-10-11,146.51,145.65,146.51,147.23,145.02,146.15,8698200,115.0,0.0,115.0,50490.77,33642.12,0.0,16848.65,101814.71,101773.31,0.1667,0.0,0.1656,2.0,0.5,0.7,2.0,50.43,-0.7955,-0.9731,0.1775,150.1497,141.9953,146.0725,146.0725,148.1422,-0.002326,-0.001642,-0.009784,,,,,majority_buy>=2,majority_buy>=2,2026-05-15,1.0,2026-05-17T18:43:36Z,557.53,-0.773731,-0.773731
experimental_ensemble,Experimental – Model Consensus,MSFT,ensemble_majority,ensemble_majority,ensemble_majority,binary,binary-2026-05,D-experimental_ensemble-cea1681d8bd5,S-MSFT-ensemble_majority-20231013-eb1ff1,T-experimental_ensemble-82ea7f737c6d,BUY,2026-05-17T18:43:36Z,2023-10-13,2023-10-13,332.38,331.16,332.38,333.83,326.36,327.73,21072400,51.0,0.0,51.0,33642.12,16690.74,0.0,16951.38,102483.72,102246.57,0.1667,0.0,0.1658,3.0,0.75,0.8,2.0,53.16,0.7556,-0.8899,1.6455,335.1432,308.5738,321.8585,321.8585,324.877,0.014982,-0.003234,0.127971,,,,,majority_buy>=2,majority_buy>=2,2026-05-15,1.0,2026-05-17T18:43:36Z,557.53,-0.773731,-0.773731
experimental_ensemble,Experimental – Model Consensus,WMT,ensemble_majority,ensemble_majority,ensemble_majority,binary,binary-2026-05,D-experimental_ensemble-025983470510,S-WMT-ensemble_majority-20231017-e532c7,T-experimental_ensemble-05cb8d447995,BUY,2026-05-17T18:43:36Z,2023-10-17,2023-10-17,53.58,53.7367,53.58,53.9033,53.4633,53.8067,10893000,311.0,0.0,311.0,16690.74,27.36,0.0,16663.38,102077.61,102148.1,0.1667,0.0,0.1631,2.0,0.5,0.7,2.0,54.21,-0.1456,-0.1912,0.0457,54.8882,52.0018,53.445,53.445,53.549,0.000743,0.011337,0.038595,,,,,majority_buy>=2,majority_buy>=2,2026-05-15,1.0,2026-05-17T18:43:36Z,557.53,-0.773731,-0.773731
experimental_ensemble,Experimental – Model Consensus,UNH,ensemble_majority,ensemble_majority,ensemble_majority,binary,binary-2026-05,D-experimental_ensemble-fc12f4f2879c,S-UNH-ensemble_majority-20231027-e451dc,T-experimental_ensemble-4731893778f1,SELL,2026-05-17T18:43:36Z,2023-10-27,2023-10-27,525.99,528.36,525.99,527.74,521.26,524.66,2585600,34.0,34.0,0.0,27.36,17911.02,17883.66,0.0,98289.94,98335.16,0.1667,0.1819,0.0,3.0,0.75,0.2,2.0,54.62,6.4498,8.0996,-1.6498,542.2306,509.2414,525.736,525.736,504.6178,0.010159,0.011894,0.036081,1368.5,0.082863,42,True,majority_sell>=2,majority_sell>=2,2026-05-15,1.0,2026-05-17T18:43:36Z,1926.03,-0.218335,-0.773731
experimental_ensemble,Experimental – Model Consensus,PG,ensemble_majority,ensemble_majority,ensemble_majority,binary,binary-2026-05,D-experimental_ensemble-e2475363fa1c,S-PG-ensemble_majority-20231027-3959c5,T-experimental_ensemble-6232911114ae,BUY,2026-05-17T18:43:36Z,2023-10-27,2023-10-27,148.98,149.8,148.98,149.95,146.28,147.16,8131800,109.0,0.0,109.0,17911.02,1672.2,0.0,16238.82,98289.94,98136.78,0.1667,0.0,0.1655,3.0,0.75,0.8,2.0,46.67,-0.093,-0.6923,0.5994,151.1928,141.6032,146.398,146.398,149.9508,0.01427,0.019774,0.027725,,,,,majority_buy>=2,majority_buy>=2,2026-05-15,1.0,2026-05-17T18:43:36Z,1926.03,-0.218335,-0.773731
experimental_ensemble,Experimental – Model Consensus,AAPL,ensemble_majority,ensemble_majority,ensemble_majority,binary,binary-2026-05,D-experimental_ensemble-90a8c5c68de3,S-AAPL-ensemble_majority-20231101-df6041,T-experimental_ensemble-cda308632871,SELL,2026-05-17T18:43:36Z,2023-11-01,2023-11-01,171.0,170.77,171.0,174.23,170.12,173.97,56934900,96.0,96.0,0.0,1672.2,18088.2,16416.0,0.0,100863.76,100578.64,0.1667,0.1628,0.0,2.0,0.5,0.3,2.0,49.54,-1.6725,-1.4376,-0.2349,182.6151,167.0719,174.8435,174.8435,176.6534,0.020693,0.051273,0.091855,-267.84,-0.016054,27,False,majority_sell>=2,majority_sell>=2,2026-05-15,1.0,2026-05-17T18:43:36Z,1658.19,-0.327036,-0.773731
experimental_ensemble,Experimental – Model Consensus,JPM,ensemble_majority,ensemble_majority,ensemble_majority,binary,binary-2026-05,D-experimental_ensemble-ae3f85f63403,S-JPM-ensemble_majority-20231102-668015,T-experimental_ensemble-64c84487a499,SELL,2026-05-17T18:43:36Z,2023-11-02,2023-11-02,140.09,138.94,140.09,141.48,139.23,141.42,10186200,115.0,115.0,0.0,18088.2,34198.55,16110.35,0.0,101406.65,101253.7,0.1667,0.1589,0.0,2.0,0.5,0.3,2.0,45.94,-1.9224,-1.6427,-0.2797,150.1612,135.9258,143.0435,143.0435,144.9496,0.011172,0.020294,0.109037,-738.3,-0.04382,22,False,majority_sell>=2,majority_sell>=2,2026-05-15,1.0,2026-05-17T18:43:36Z,919.89,-0.62667,-0.773731
experimental_ensemble,Experimental – Model Consensus,AAPL,ensemble_majority,ensemble_majority,ensemble_majority,binary,binary-2026-05,D-experimental_ensemble-e00447bca1ae,S-AAPL-ensemble_majority-20231103-985a62,T-experimental_ensemble-84444ac6ffef,BUY,2026-05-17T18:43:36Z,2023-11-03,2023-11-03,174.24,177.57,174.24,176.82,173.35,176.65,79829200,96.0,0.0,96.0,34198.55,17471.51,0.0,16727.04,101358.09,101589.45,0.1667,0.0,0.1647,2.0,0.5,0.7,2.0,54.55,-0.7763,-1.2571,0.4808,182.7513,167.1177,174.9345,174.9345,176.5878,0.014605,0.055194,0.072346,,,,,majority_buy>=2,majority_buy>=2,2026-05-15,1.0,2026-05-17T18:43:36Z,919.89,-0.62667,-0.773731
experimental_ensemble,Experimental – Model Consensus,JPM,ensemble_majority,ensemble_majority,ensemble_majority,binary,binary-2026-05,D-experimental_ensemble-02ea27a2cf04,S-JPM-ensemble_majority-20231103-3897b3,T-experimental_ensemble-85cfb12bd452,BUY,2026-05-17T18:43:36Z,2023-11-03,2023-11-03,142.19,141.42,142.19,143.77,141.85,143.0,9538700,118.0,0.0,118.0,17471.51,693.09,0.0,16778.42,101358.09,101685.03,0.1667,0.0,0.165,2.0,0.5,0.7,2.0,50.43,-1.6052,-1.6352,0.03,149.9934,135.8836,142.9385,142.9385,144.865,0.007552,0.023986,0.104825,,,,,majority_buy>=2,majority_buy>=2,2026-05-15,1.0,2026-05-17T18:43:36Z,919.89,-0.62667,-0.773731
experimental_ensemble,Experimental – Model Consensus,PG,ensemble_majority,ensemble_majority,ensemble_majority,binary,binary-2026-05,D-experimental_ensemble-2c42cfdc8dd7,S-PG-ensemble_majority-20231121-e5a6df,T-experimental_ensemble-ba87b4888097,SELL,2026-05-17T18:43:36Z,2023-11-21,2023-11-21,149.85,150.27,149.85,150.01,148.83,149.61,7310400,109.0,109.0,0.0,693.09,17026.74,16333.65,0.0,104253.02,104279.18,0.1667,0.1567,0.0,2.0,0.5,0.3,2.0,48.0,0.6105,0.7282,-0.1177,153.0192,148.0858,150.5525,150.5525,149.1428,0.009425,0.01016,-0.038099,94.83,0.00584,25,True,majority_sell>=2,majority_sell>=2,2026-05-15,1.0,2026-05-17T18:43:36Z,1014.72,-0.588183,-0.773731
experimental_ensemble,Experimental – Model Consensus,MSFT,ensemble_majority,ensemble_majority,ensemble_majority,binary,binary-2026-05,D-experimental_ensemble-60af205c485e,S-MSFT-ensemble_majority-20231124-715b00,T-experimental_ensemble-5f5482f1ba55,SELL,2026-05-17T18:43:36Z,2023-11-24,2023-11-24,377.33,377.85,377.33,377.97,375.14,377.43,10176600,51.0,51.0,0.0,17026.74,36270.57,19243.83,0.0,104668.73,104663.63,0.1667,0.1839,0.0,2.0,0.5,0.3,2.0,68.09,11.2737,10.6272,0.6465,389.6419,332.5051,361.0735,361.0735,339.4014,0.003126,-0.007736,-0.007551,2292.45,0.135237,42,True,majority_sell>=2,majority_sell>=2,2026-05-15,1.0,2026-05-17T18:43:36Z,3307.17,0.0,-0.773731
experimental_ensemble,Experimental – Model Consensus,AAPL,ensemble_majority,ensemble_majority,ensemble_majority,binary,binary-2026-05,D-experimental_ensemble-d55f5fd49be3,S-AAPL-ensemble_majority-20231128-782512,T-experimental_ensemble-1da512352a0a,SELL,2026-05-17T18:43:36Z,2023-11-28,2023-11-28,189.78,189.79,189.78,191.08,189.4,190.4,38415400,96.0,96.0,0.0,36270.57,54489.45,18218.88,0.0,104881.89,104822.37,0.1667,0.1737,0.0,2.0,0.5,0.3,2.0,67.46,3.8941,3.5303,0.3638,197.0227,172.4693,184.746,184.746,178.6102,-0.00541,0.015861,0.014443,1491.84,0.089187,25,True,majority_sell>=2,majority_sell>=2,2026-05-15,1.0,2026-05-17T18:43:36Z,4799.01,0.0,-0.773731
experimental_ensemble,Experimental – Model Consensus,XOM,ensemble_majority,ensemble_majority,ensemble_majority,binary,binary-2026-05,D-experimental_ensemble-005b4a45b852,S-XOM-ensemble_majority-20231205-b892ff,T-experimental_ensemble-c1598d0189c9,BUY,2026-05-17T18:43:36Z,2023-12-05,2023-12-05,102.27,102.43,102.27,102.34,100.29,100.44,22250300,172.0,0.0,172.0,54489.45,36899.01,0.0,17590.44,105763.12,105448.36,0.1667,0.0,0.1668,3.0,0.75,0.8,2.0,33.03,-1.4853,-1.4388,-0.0465,105.6752,101.3648,103.52,103.52,107.7096,-0.013242,-0.023795,0.018718,,,,,majority_buy>=2,majority_buy>=2,2026-05-15,1.0,2026-05-17T18:43:36Z,4799.01,0.0,-0.773731
experimental_ensemble,Experimental – Model Consensus,JPM,ensemble_majority,ensemble_majority,ensemble_majority,binary,binary-2026-05,D-experimental_ensemble-27ead9b739a0,S-JPM-ensemble_majority-20231207-24de6c,T-experimental_ensemble-0fd33fea33b1,SELL,2026-05-17T18:43:36Z,2023-12-07,2023-12-07,156.69,156.31,156.69,157.31,156.15,156.79,8130900,118.0,118.0,0.0,36899.01,55388.43,18489.42,0.0,104295.09,104283.29,0.1667,0.1773,0.0,2.0,0.5,0.3,2.0,70.64,3.1671,2.914,0.2532,160.5725,144.9385,152.7555,152.7555,147.1426,0.011034,0.045921,0.097136,1711.0,0.101976,34,True,majority_sell>=2,majority_sell>=2,2026-05-15,1.0,2026-05-17T18:43:36Z,6510.01,0.0,-0.773731
experimental_ensemble,Experimental – Model Consensus,JNJ,ensemble_majority,ensemble_majority,ensemble_majority,binary,binary-2026-05,D-experimental_ensemble-678ec281e8e4,S-JNJ-ensemble_majority-20231220-2f4249,T-experimental_ensemble-5db40b4a3c88,SELL,2026-05-17T18:43:36Z,2023-12-20,2023-12-20,156.54,156.46,156.54,156.66,153.11,153.27,7008300,104.0,104.0,0.0,55388.43,71668.59,16280.16,0.0,104681.55,105021.63,0.1667,0.1555,0.0,2.0,0.5,0.3,2.0,46.71,0.8117,0.9867,-0.1749,159.586,150.251,154.9185,154.9185,152.5292,0.010243,0.021596,0.060025,-587.6,-0.034836,91,False,majority_sell>=2,majority_sell>=2,2026-05-15,1.0,2026-05-17T18:43:36Z,5922.41,-0.090261,-0.773731
experimental_ensemble,Experimental – Model Consensus,PG,ensemble_majority,ensemble_majority,ensemble_majority,binary,binary-2026-05,D-experimental_ensemble-bf35dfe11d8d,S-PG-ensemble_majority-20231229-d4d0ba,T-experimental_ensemble-9f538124ecfa,BUY,2026-05-17T18:43:36Z,2023-12-29,2023-12-29,146.0,145.73,146.0,146.96,145.73,146.54,5300900,120.0,0.0,120.0,71668.59,54148.59,0.0,17520.0,105208.2,105273.0,0.1667,0.0,0.1664,3.0,0.75,0.8,2.0,47.98,-1.0228,-1.1739,0.1511,150.916,141.964,146.44,146.44,148.8956,0.015013,0.014672,0.074724,,,,,majority_buy>=2,majority_buy>=2,2026-05-15,1.0,2026-05-17T18:43:36Z,5922.41,-0.090261,-0.773731
experimental_ensemble,Experimental – Model Consensus,UNH,ensemble_majority,ensemble_majority,ensemble_majority,binary,binary-2026-05,D-experimental_ensemble-1c42574fc472,S-UNH-ensemble_majority-20240105-84a977,T-experimental_ensemble-a649895b5279,BUY,2026-05-17T18:43:36Z,2024-01-05,2024-01-05,547.0,545.42,547.0,547.0,533.73,537.38,2815400,32.0,0.0,32.0,54148.59,36644.59,0.0,17504.0,105736.95,105429.11,0.1667,0.0,0.166,3.0,0.75,0.8,2.0,52.82,-0.3142,-2.059,1.7448,555.5774,511.1106,533.344,533.344,536.6584,-0.0016,-0.029532,-0.064052,,,,,majority_buy>=2,majority_buy>=2,2026-05-15,1.0,2026-05-17T18:43:36Z,5922.41,-0.090261,-0.773731
experimental_ensemble,Experimental – Model Consensus,AAPL,ensemble_majority,ensemble_majority,ensemble_majority,binary,binary-2026-05,D-experimental_ensemble-2c5f0e77a7c9,S-AAPL-ensemble_majority-20240129-f7166c,T-experimental_ensemble-5d431b445e8e,BUY,2026-05-17T18:43:36Z,2024-01-29,2024-01-29,192.01,192.42,192.01,192.2,189.58,191.73,47145600,92.0,0.0,92.0,36644.59,18979.67,0.0,17664.92,106376.58,106350.82,0.1667,0.0,0.1661,3.0,0.75,0.8,2.0,53.93,0.9436,0.18,0.7636,197.1871,179.0429,188.115,188.115,190.9246,-0.019246,-0.021123,-0.047463,,,,,majority_buy>=2,majority_buy>=2,2026-05-15,1.0,2026-05-17T18:43:36Z,5922.41,-0.090261,-0.773731
experimental_ensemble,Experimental – Model Consensus,WMT,ensemble_majority,ensemble_majority,ensemble_majority,binary,binary-2026-05,D-experimental_ensemble-28c1024c41c8,S-WMT-ensemble_majority-20240129-2165c4,T-experimental_ensemble-500d43b7d018,SELL,2026-05-17T18:43:36Z,2024-01-29,2024-01-29,54.7833,54.7567,54.7833,55.1367,54.5067,55.0133,18240300,311.0,311.0,0.0,18979.67,36017.29,17037.62,0.0,106376.58,106279.29,0.1667,0.1602,0.0,2.0,0.5,0.3,2.0,65.47,0.588,0.4905,0.0975,55.1288,52.1495,53.6392,53.6392,52.5293,0.003333,0.021934,0.083192,374.24,0.022459,104,True,majority_sell>=2,majority_sell>=2,2026-05-15,1.0,2026-05-17T18:43:36Z,6296.65,-0.032774,-0.773731
experimental_ensemble,Experimental – Model Consensus,AAPL,ensemble_majority,ensemble_majority,ensemble_majority,binary,binary-2026-05,D-experimental_ensemble-413d824b08f5,S-AAPL-ensemble_majority-20240205-b45514,T-experimental_ensemble-ccb540fa5eb2,SELL,2026-05-17T18:43:36Z,2024-02-05,2024-02-05,188.15,185.85,188.15,189.25,185.84,187.68,69668800,92.0,92.0,0.0,36017.29,53327.08,17309.8,0.0,105830.37,105873.61,0.1667,0.1636,0.0,2.0,0.5,0.3,2.0,47.3,-0.4478,-0.0504,-0.3974,196.2577,180.7043,188.481,188.481,190.5912,0.008632,-0.002824,-0.093564,-355.12,-0.020103,7,False,majority_sell>=2,majority_sell>=2,2026-05-15,1.0,2026-05-17T18:43:36Z,5941.53,-0.087324,-0.773731
experimental_ensemble,Experimental – Model Consensus,PG,ensemble_majority,ensemble_majority,ensemble_majority,binary,binary-2026-05,D-experimental_ensemble-9a4205a9a41a,S-PG-ensemble_majority-20240221-a0e483,T-experimental_ensemble-e4a0c00b503d,SELL,2026-05-17T18:43:36Z,2024-02-21,2024-02-21,159.19,158.51,159.19,160.4,159.19,160.4,7121000,120.0,120.0,0.0,53327.08,72429.89,19102.8,0.0,107312.32,107167.12,0.1667,0.178,0.0,3.0,0.75,0.2,2.0,67.92,1.8814,2.009,-0.1276,160.8089,153.8641,157.3365,157.3365,151.3974,0.000998,-0.002182,0.009913,1582.8,0.090342,54,True,majority_sell>=2,majority_sell>=2,2026-05-15,1.0,2026-05-17T18:43:36Z,7524.33,0.0,-0.773731
experimental_ensemble,Experimental – Model Consensus,JNJ,ensemble_majority,ensemble_majority,ensemble_majority,binary,binary-2026-05,D-experimental_ensemble-695ddcdf78f7,S-JNJ-ensemble_majority-20240304-7930fa,T-experimental_ensemble-5c59d5789a0b,BUY,2026-05-17T18:43:36Z,2024-03-04,2024-03-04,161.32,162.12,161.32,161.61,158.27,159.84,8532900,109.0,0.0,109.0,72429.89,54846.0,0.0,17583.88,105799.65,105638.32,0.1667,0.0,0.1665,3.0,0.75,0.8,2.0,51.83,0.7804,0.4773,0.3032,162.9824,154.5196,158.751,158.751,159.0362,0.000813,0.008696,-0.013201,,,,,majority_buy>=2,majority_buy>=2,2026-05-15,1.0,2026-05-17T18:43:36Z,7524.33,0.0,-0.773731
experimental_ensemble,Experimental – Model Consensus,JNJ,ensemble_majority,ensemble_majority,ensemble_majority,binary,binary-2026-05,D-experimental_ensemble-60d00a9f120f,S-JNJ-ensemble_majority-20240307-04905a,T-experimental_ensemble-76be6100643c,SELL,2026-05-17T18:43:36Z,2024-03-07,2024-03-07,160.0,159.34,160.0,160.36,158.24,158.87,5188700,109.0,109.0,0.0,54846.0,72286.0,17440.0,0.0,105951.43,106074.6,0.1667,0.1646,0.0,2.0,0.5,0.3,2.0,47.93,0.455,0.5203,-0.0652,163.0575,155.0785,159.068,159.068,159.3284,0.004091,0.00214,-0.040788,-143.88,-0.008183,3,False,majority_sell>=2,majority_sell>=2,2026-05-15,1.0,2026-05-17T18:43:36Z,7380.45,-0.019122,-0.773731
experimental_ensemble,Experimental – Model Consensus,AAPL,ensemble_majority,ensemble_majority,ensemble_majority,binary,binary-2026-05,D-experimental_ensemble-bb0e8d4a2769,S-AAPL-ensemble_majority-20240313-8974ab,T-experimental_ensemble-7678bbe6a853,BUY,2026-05-17T18:43:36Z,2024-03-13,2024-03-13,172.77,173.23,172.77,173.19,170.76,171.13,52488700,102.0,0.0,102.0,72286.0,54663.46,0.0,17622.54,106741.16,106573.88,0.1667,0.0,0.1654,2.0,0.5,0.7,2.0,32.14,-4.1653,-3.6741,-0.4911,189.0032,166.7858,177.8945,177.8945,183.7712,0.010927,0.04406,0.022848,,,,,majority_buy>=2,majority_buy>=2,2026-05-15,1.0,2026-05-17T18:43:36Z,7380.45,-0.019122,-0.773731
experimental_ensemble,Experimental – Model Consensus,JNJ,ensemble_majority,ensemble_majority,ensemble_majority,binary,binary-2026-05,D-experimental_ensemble-f64b42aa8bc6,S-JNJ-ensemble_majority-20240313-852eaf,T-experimental_ensemble-99ac900aaa2c,BUY,2026-05-17T18:43:36Z,2024-03-13,2024-03-13,162.53,162.74,162.53,162.68,159.81,161.1,6260000,109.0,0.0,109.0,54663.46,36947.69,0.0,17715.77,106741.16,106418.02,0.1667,0.0,0.1665,2.0,0.5,0.7,2.0,54.74,0.6672,0.5547,0.1125,163.5774,156.2696,159.9235,159.9235,159.704,-0.011732,-0.033147,-0.076412,,,,,majority_buy>=2,majority_buy>=2,2026-05-15,1.0,2026-05-17T18:43:36Z,7380.45,-0.019122,-0.773731
experimental_ensemble,Experimental – Model Consensus,JNJ,ensemble_majority,ensemble_majority,ensemble_majority,binary,binary-2026-05,D-experimental_ensemble-81a09836567a,S-JNJ-ensemble_majority-20240327-b8cc21,T-experimental_ensemble-b30d4367c63c,SELL,2026-05-17T18:43:36Z,2024-03-27,2024-03-27,155.99,155.77,155.99,158.22,155.44,157.96,8461600,109.0,109.0,0.0,36947.69,53950.6,17002.91,0.0,107397.0,107182.26,0.1667,0.1583,0.0,3.0,0.75,0.2,2.0,49.51,-0.8718,-0.5634,-0.3084,163.348,153.868,158.608,158.608,158.7892,0.001456,-0.034566,-0.070524,-712.86,-0.040239,14,False,majority_sell>=2,majority_sell>=2,2026-05-15,1.0,2026-05-17T18:43:36Z,6667.59,-0.113863,-0.773731
experimental_ensemble,Experimental – Model Consensus,XOM,ensemble_majority,ensemble_majority,ensemble_majority,binary,binary-2026-05,D-experimental_ensemble-969316ea9c6b,S-XOM-ensemble_majority-20240411-d9c874,T-experimental_ensemble-3fa041905001,SELL,2026-05-17T18:43:36Z,2024-04-11,2024-04-11,122.69,122.2,122.69,122.69,120.34,121.79,17555900,172.0,172.0,0.0,53950.6,75053.29,21102.68,0.0,106887.6,107042.4,0.1667,0.1974,0.0,2.0,0.5,0.3,2.0,79.57,3.7599,3.493,0.2669,123.912,109.101,116.5065,116.5065,109.2084,-0.011659,-0.02685,-0.027506,3512.24,0.199668,128,True,majority_sell>=2,majority_sell>=2,2026-05-15,1.0,2026-05-17T18:43:36Z,10179.83,0.0,-0.773731
experimental_ensemble,Experimental – Model Consensus,JNJ,ensemble_majority,ensemble_majority,ensemble_majority,binary,binary-2026-05,D-experimental_ensemble-f95e21b9219d,S-JNJ-ensemble_majority-20240426-f413fb,T-experimental_ensemble-b7dc8b480867,BUY,2026-05-17T18:43:36Z,2024-04-26,2024-04-26,146.7,146.82,146.7,147.18,145.95,146.14,6183000,122.0,0.0,122.0,75053.29,57155.89,0.0,17897.4,108173.09,108104.77,0.1667,0.0,0.1656,3.0,0.75,0.8,2.0,33.84,-2.4602,-2.5652,0.105,157.2607,142.3073,149.784,149.784,155.253,0.004653,0.021418,0.005679,,,,,majority_buy>=2,majority_buy>=2,2026-05-15,1.0,2026-05-17T18:43:36Z,10179.83,0.0,-0.773731
experimental_ensemble,Experimental – Model Consensus,JPM,ensemble_majority,ensemble_majority,ensemble_majority,binary,binary-2026-05,D-experimental_ensemble-6f1b71e4e111,S-JPM-ensemble_majority-20240430-65c184,T-experimental_ensemble-be552351ce7c,BUY,2026-05-17T18:43:36Z,2024-04-30,2024-04-30,192.81,193.28,192.81,194.99,191.64,191.74,8153700,93.0,0.0,93.0,57155.89,39224.56,0.0,17931.33,107647.93,107548.42,0.1667,0.0,0.1667,3.0,0.75,0.8,2.0,52.23,0.2301,-0.1794,0.4095,203.1824,178.6226,190.9025,190.9025,190.4708,0.000626,5.2e-05,0.033222,,,,,majority_buy>=2,majority_buy>=2,2026-05-15,1.0,2026-05-17T18:43:36Z,10179.83,0.0,-0.773731
experimental_ensemble,Experimental – Model Consensus,MSFT,ensemble_majority,ensemble_majority,ensemble_majority,binary,binary-2026-05,D-experimental_ensemble-26c009e31965,S-MSFT-ensemble_majority-20240506-d7aa0d,T-experimental_ensemble-06140a64fec8,BUY,2026-05-17T18:43:36Z,2024-05-06,2024-05-06,408.76,406.66,408.76,413.93,406.37,413.54,16996600,44.0,0.0,44.0,39224.56,21239.12,0.0,17985.44,109561.9,109772.22,0.1667,0.0,0.1638,2.0,0.5,0.7,2.0,53.53,-3.695,-4.019,0.3239,429.2848,387.7482,408.5165,408.5165,413.539,-0.010156,0.000435,0.006118,,,,,majority_buy>=2,majority_buy>=2,2026-05-15,1.0,2026-05-17T18:43:36Z,10179.83,0.0,-0.773731
experimental_ensemble,Experimental – Model Consensus,WMT,ensemble_majority,ensemble_majority,ensemble_majority,binary,binary-2026-05,D-experimental_ensemble-0b9da1699d02,S-WMT-ensemble_majority-20240508-a645bd,T-experimental_ensemble-215e203c36ba,BUY,2026-05-17T18:43:36Z,2024-05-08,2024-05-08,60.63,60.62,60.63,60.85,60.22,60.3,11015700,303.0,0.0,303.0,21239.12,2868.23,0.0,18370.89,110412.43,110312.43,0.1667,0.0,0.1665,2.0,0.5,0.7,2.0,54.22,0.0741,0.017,0.0571,60.6983,58.9687,59.8335,59.8335,60.09,0.002322,-0.007794,0.113599,,,,,majority_buy>=2,majority_buy>=2,2026-05-15,1.0,2026-05-17T18:43:36Z,10179.83,0.0,-0.773731
experimental_ensemble,Experimental – Model Consensus,UNH,ensemble_majority,ensemble_majority,ensemble_majority,binary,binary-2026-05,D-experimental_ensemble-ef1018c14d0e,S-UNH-ensemble_majority-20240522-aa7f04,T-experimental_ensemble-ab5900f2d6ba,SELL,2026-05-17T18:43:36Z,2024-05-22,2024-05-22,522.82,523.55,522.82,526.28,520.65,521.35,2299100,32.0,32.0,0.0,2868.23,19598.47,16730.24,0.0,114906.68,114953.72,0.1667,0.1456,0.0,2.0,0.5,0.3,2.0,65.27,10.5396,9.1218,1.4178,531.7167,478.3893,505.053,505.053,488.183,-0.00867,-0.076148,-0.074345,-773.76,-0.044205,138,False,majority_sell>=2,majority_sell>=2,2026-05-15,1.0,2026-05-17T18:43:36Z,9406.07,-0.076009,-0.773731
experimental_ensemble,Experimental – Model Consensus,AAPL,ensemble_majority,ensemble_majority,ensemble_majority,binary,binary-2026-05,D-experimental_ensemble-bc8e0d3124b0,S-AAPL-ensemble_majority-20240530-20ee09,T-experimental_ensemble-cc36f789070a,SELL,2026-05-17T18:43:36Z,2024-05-30,2024-05-30,190.76,190.29,190.76,192.18,190.63,191.29,49889100,102.0,102.0,0.0,19598.47,39055.98,19457.52,0.0,113279.05,113224.99,0.1667,0.1718,0.0,3.0,0.75,0.2,2.0,65.63,4.2324,4.3432,-0.1107,196.0907,177.5833,186.837,186.837,176.9002,0.005019,0.016676,0.101051,1834.98,0.104127,78,True,majority_sell>=2,majority_sell>=2,2026-05-15,1.0,2026-05-17T18:43:36Z,11241.05,0.0,-0.773731
experimental_ensemble,Experimental – Model Consensus,MSFT,ensemble_majority,ensemble_majority,ensemble_majority,binary,binary-2026-05,D-experimental_ensemble-7d57662ea26b,S-MSFT-ensemble_majority-20240531-4d973d,T-experimental_ensemble-5460ac53f9c8,SELL,2026-05-17T18:43:36Z,2024-05-31,2024-05-31,416.75,414.67,416.75,416.75,404.51,415.13,47995300,44.0,44.0,0.0,39055.98,57392.98,18337.0,0.0,113985.32,114056.6,0.1667,0.1609,0.0,2.0,0.5,0.3,2.0,46.61,3.1278,3.644,-0.5163,435.0452,404.2598,419.6525,419.6525,416.448,-0.003878,0.021005,0.10021,351.56,0.019547,25,True,majority_sell>=2,majority_sell>=2,2026-05-15,1.0,2026-05-17T18:43:36Z,11592.61,0.0,-0.773731
experimental_ensemble,Experimental – Model Consensus,JNJ,ensemble_majority,ensemble_majority,ensemble_majority,binary,binary-2026-05,D-experimental_ensemble-294bcfc71ee1,S-JNJ-ensemble_majority-20240603-3797e2,T-experimental_ensemble-6b9e4a3722a1,SELL,2026-05-17T18:43:36Z,2024-06-03,2024-06-03,147.25,146.67,147.25,148.9,146.77,147.74,7329200,122.0,122.0,0.0,57392.98,75357.48,17964.5,0.0,114129.99,114070.21,0.1667,0.1574,0.0,3.0,0.75,0.2,2.0,46.05,-1.0856,-0.6331,-0.4524,155.5209,143.6181,149.5695,149.5695,150.2244,0.000406,-0.004129,-0.011574,67.1,0.003749,38,True,majority_sell>=2,majority_sell>=2,2026-05-15,1.0,2026-05-17T18:43:36Z,11659.71,0.0,-0.773731
experimental_ensemble,Experimental – Model Consensus,JPM,ensemble_majority,ensemble_majority,ensemble_majority,binary,binary-2026-05,D-experimental_ensemble-1f91ef248e9a,S-JPM-ensemble_majority-20240604-b21644,T-experimental_ensemble-822d0845d762,SELL,2026-05-17T18:43:36Z,2024-06-04,2024-06-04,200.16,201.82,200.16,201.98,198.28,199.16,6848300,93.0,93.0,0.0,75357.48,93972.37,18614.88,0.0,114059.16,114152.16,0.1667,0.1632,0.0,2.0,0.5,0.3,2.0,52.84,1.8344,1.9927,-0.1583,205.0489,193.4381,199.2435,199.2435,195.1424,-0.00954,-0.024101,0.047851,683.55,0.03812,35,True,majority_sell>=2,majority_sell>=2,2026-05-15,1.0,2026-05-17T18:43:36Z,12343.26,0.0,-0.773731
experimental_ensemble,Experimental – Model Consensus,WMT,ensemble_majority,ensemble_majority,ensemble_majority,binary,binary-2026-05,D-experimental_ensemble-a8b8f69426ef,S-WMT-ensemble_majority-20240610-cc615e,T-experimental_ensemble-78047dbfdde1,SELL,2026-05-17T18:43:36Z,2024-06-10,2024-06-10,67.19,65.88,67.19,67.33,66.27,66.96,21659500,303.0,303.0,0.0,93972.37,114330.94,20358.57,0.0,114261.24,114330.94,0.1667,0.1782,0.0,2.0,0.5,0.3,2.0,69.06,1.5326,1.4598,0.0728,68.9656,60.4014,64.6835,64.6835,61.7878,-0.003435,0.00687,0.051523,1987.68,0.108197,33,True,majority_sell>=2,majority_sell>=2,2026-05-15,1.0,2026-05-17T18:43:36Z,14330.94,0.0,-0.773731
experimental_ensemble,Experimental – Model Consensus,JNJ,ensemble_majority,ensemble_majority,ensemble_majority,binary,binary-2026-05,D-experimental_ensemble-02a0a3f9870a,S-JNJ-ensemble_majority-20240620-29decd,T-experimental_ensemble-5d3436f22135,BUY,2026-05-17T18:43:36Z,2024-06-20,2024-06-20,145.27,145.65,145.27,148.08,145.01,147.78,8749700,131.0,0.0,131.0,114330.94,95300.57,0.0,19030.37,114330.94,114659.75,0.1667,0.0,0.166,2.0,0.5,0.7,2.0,51.03,-0.8859,-1.0137,0.1278,150.739,142.823,146.781,146.781,148.145,0.006564,-0.013398,0.046759,,,,,majority_buy>=2,majority_buy>=2,2026-05-15,1.0,2026-05-17T18:43:36Z,14330.94,0.0,-0.773731
experimental_ensemble,Experimental – Model Consensus,XOM,ensemble_majority,ensemble_majority,ensemble_majority,binary,binary-2026-05,D-experimental_ensemble-2c424f83ffd9,S-XOM-ensemble_majority-20240624-42524c,T-experimental_ensemble-6de7866ef350,BUY,2026-05-17T18:43:36Z,2024-06-24,2024-06-24,111.64,110.76,111.64,114.53,111.64,114.05,16266700,171.0,0.0,171.0,95300.57,76210.13,0.0,19090.44,114835.28,115247.4,0.1667,0.0,0.1656,2.0,0.5,0.7,2.0,52.6,-1.352,-1.5316,0.1797,116.7845,108.1895,112.487,112.487,115.9254,0.002806,0.007979,-0.005612,,,,,majority_buy>=2,majority_buy>=2,2026-05-15,1.0,2026-05-17T18:43:36Z,14330.94,0.0,-0.773731
experimental_ensemble,Experimental – Model Consensus,UNH,ensemble_majority,ensemble_majority,ensemble_majority,binary,binary-2026-05,D-experimental_ensemble-e62153889a20,S-UNH-ensemble_majority-20240701-b185fa,T-experimental_ensemble-ee7425160e1d,BUY,2026-05-17T18:43:36Z,2024-07-01,2024-07-01,506.75,509.26,506.75,508.91,492.89,494.65,4523100,37.0,0.0,37.0,76210.13,57460.38,0.0,18749.75,115051.93,114604.23,0.1667,0.0,0.1636,2.0,0.5,0.7,2.0,50.33,-1.7479,-2.6952,0.9472,508.8103,477.5527,493.1815,493.1815,498.419,0.007258,-0.005135,0.165127,,,,,majority_buy>=2,majority_buy>=2,2026-05-15,1.0,2026-05-17T18:43:36Z,14330.94,0.0,-0.773731
experimental_ensemble,Experimental – Model Consensus,PG,ensemble_majority,ensemble_majority,ensemble_majority,binary,binary-2026-05,D-experimental_ensemble-0d9eef5523fe,S-PG-ensemble_majority-20240723-7c9d42,T-experimental_ensemble-17395f5316a7,BUY,2026-05-17T18:43:36Z,2024-07-23,2024-07-23,168.11,168.25,168.11,168.42,166.32,166.62,4863400,116.0,0.0,116.0,57460.38,37959.62,0.0,19500.76,117335.24,117162.4,0.1667,0.0,0.1664,3.0,0.75,0.8,2.0,50.24,0.4838,0.3252,0.1586,169.569,162.918,166.2435,166.2435,166.3684,0.008282,-0.029528,0.022746,,,,,majority_buy>=2,majority_buy>=2,2026-05-15,1.0,2026-05-17T18:43:36Z,14330.94,0.0,-0.773731
experimental_ensemble,Experimental – Model Consensus,PG,ensemble_majority,ensemble_majority,ensemble_majority,binary,binary-2026-05,D-experimental_ensemble-89c260a06831,S-PG-ensemble_majority-20240801-387adc,T-experimental_ensemble-612c195470ac,SELL,2026-05-17T18:43:36Z,2024-08-01,2024-08-01,160.88,160.76,160.88,166.31,160.68,165.69,12532700,116.0,116.0,0.0,37959.62,56621.7,18662.08,0.0,119430.16,118872.2,0.1667,0.1563,0.0,3.0,0.75,0.2,2.0,48.95,-0.3091,0.1617,-0.4709,171.0613,162.0057,166.5335,166.5335,166.2542,0.026495,0.031263,0.026193,-838.68,-0.043008,9,False,majority_sell>=2,majority_sell>=2,2026-05-15,1.0,2026-05-17T18:43:36Z,13492.26,-0.058522,-0.773731
experimental_ensemble,Experimental – Model Consensus,XOM,ensemble_majority,ensemble_majority,ensemble_majority,binary,binary-2026-05,D-experimental_ensemble-f314a15f805e,S-XOM-ensemble_majority-20240806-e1a2e5,T-experimental_ensemble-68e83a2253bf,SELL,2026-05-17T18:43:36Z,2024-08-06,2024-08-06,114.45,114.77,114.45,115.63,113.63,114.16,13647800,171.0,171.0,0.0,56621.7,76192.65,19570.95,0.0,117997.08,118046.66,0.1667,0.1659,0.0,2.0,0.5,0.3,2.0,45.83,0.4991,0.7254,-0.2262,119.6125,112.0145,115.8135,115.8135,114.104,0.013315,0.032411,-0.000876,480.51,0.02517,43,True,majority_sell>=2,majority_sell>=2,2026-05-15,1.0,2026-05-17T18:43:36Z,13972.77,-0.024993,-0.773731
experimental_ensemble,Experimental – Model Consensus,PG,ensemble_majority,ensemble_majority,ensemble_majority,binary,binary-2026-05,D-experimental_ensemble-ed7de7c61b08,S-PG-ensemble_majority-20240806-efc716,T-experimental_ensemble-71d932c8cf5a,BUY,2026-05-17T18:43:36Z,2024-08-06,2024-08-06,167.9,168.06,167.9,170.33,167.85,168.09,7454900,117.0,0.0,117.0,76192.65,56548.35,0.0,19644.3,117997.08,118068.89,0.1667,0.0,0.1664,2.0,0.5,0.7,2.0,52.73,0.2555,0.166,0.0895,171.7382,162.2128,166.9755,166.9755,166.3458,0.011482,-0.004759,0.046463,,,,,majority_buy>=2,majority_buy>=2,2026-05-15,1.0,2026-05-17T18:43:36Z,13972.77,-0.024993,-0.773731
experimental_ensemble,Experimental – Model Consensus,UNH,ensemble_majority,ensemble_majority,ensemble_majority,binary,binary-2026-05,D-experimental_ensemble-680cbe75387a,S-UNH-ensemble_majority-20240809-6d0960,T-experimental_ensemble-3ffc8b43fa2a,SELL,2026-05-17T18:43:36Z,2024-08-09,2024-08-09,564.54,566.24,564.54,565.93,557.63,558.76,2976700,37.0,37.0,0.0,56548.35,77436.33,20887.98,0.0,118216.86,118430.72,0.1667,0.1767,0.0,3.0,0.75,0.2,2.0,54.73,13.7017,16.6812,-2.9795,592.3611,535.7189,564.04,564.04,521.9172,0.011687,0.033861,0.063247,2138.23,0.11404,39,True,majority_sell>=2,majority_sell>=2,2026-05-15,1.0,2026-05-17T18:43:36Z,16111.0,0.0,-0.773731
experimental_ensemble,Experimental – Model Consensus,JNJ,ensemble_majority,ensemble_majority,ensemble_majority,binary,binary-2026-05,D-experimental_ensemble-ac9413fe70a7,S-JNJ-ensemble_majority-20240813-669b33,T-experimental_ensemble-257f50eff478,SELL,2026-05-17T18:43:36Z,2024-08-13,2024-08-13,160.27,159.88,160.27,160.37,156.44,158.39,9711400,131.0,131.0,0.0,77436.33,98431.7,20995.37,0.0,117758.34,118004.63,0.1667,0.1783,0.0,3.0,0.75,0.2,2.0,54.12,2.4178,2.8065,-0.3887,164.141,152.93,158.5355,158.5355,151.7132,0.000568,0.011175,0.040596,1965.0,0.103256,54,True,majority_sell>=2,majority_sell>=2,2026-05-15,1.0,2026-05-17T18:43:36Z,18076.0,0.0,-0.773731
experimental_ensemble,Experimental – Model Consensus,MSFT,ensemble_majority,ensemble_majority,ensemble_majority,binary,binary-2026-05,D-experimental_ensemble-d5c2093438cd,S-MSFT-ensemble_majority-20240815-3d4f60,T-experimental_ensemble-9b4a59779a46,BUY,2026-05-17T18:43:36Z,2024-08-15,2024-08-15,419.8,416.86,419.8,421.11,417.66,421.03,20752100,46.0,0.0,46.0,98431.7,79120.9,0.0,19310.8,118078.34,118134.92,0.1667,0.0,0.1635,3.0,0.75,0.8,2.0,49.34,-7.5771,-9.0464,1.4693,445.3007,389.8673,417.584,417.584,435.6516,-0.00608,-0.013016,0.022706,,,,,majority_buy>=2,majority_buy>=2,2026-05-15,1.0,2026-05-17T18:43:36Z,18076.0,0.0,-0.773731
experimental_ensemble,Experimental – Model Consensus,XOM,ensemble_majority,ensemble_majority,ensemble_majority,binary,binary-2026-05,D-experimental_ensemble-fcc2959864d2,S-XOM-ensemble_majority-20240919-add7d7,T-experimental_ensemble-b1eed6e096ce,BUY,2026-05-17T18:43:36Z,2024-09-19,2024-09-19,116.16,114.58,116.16,117.58,115.19,116.0,12660600,171.0,0.0,171.0,79120.9,59257.54,0.0,19863.36,119370.82,119343.46,0.1667,0.0,0.1664,2.0,0.5,0.7,2.0,54.1,-0.6883,-0.8922,0.2039,119.6738,109.4132,114.5435,114.5435,115.7462,-0.006293,-0.027586,0.0375,,,,,majority_buy>=2,majority_buy>=2,2026-05-15,1.0,2026-05-17T18:43:36Z,18076.0,0.0,-0.773731
experimental_ensemble,Experimental – Model Consensus,PG,ensemble_majority,ensemble_majority,ensemble_majority,binary,binary-2026-05,D-experimental_ensemble-a148c30fdb92,S-PG-ensemble_majority-20240919-8b138e,T-experimental_ensemble-179e6980719d,SELL,2026-05-17T18:43:36Z,2024-09-19,2024-09-19,172.88,173.92,172.88,173.16,170.38,171.54,8692000,117.0,117.0,0.0,59257.54,79484.5,20226.96,0.0,119370.82,119500.24,0.1667,0.1694,0.0,3.0,0.75,0.2,2.0,47.46,1.3774,1.7162,-0.3388,178.8404,167.6526,173.2465,173.2465,169.9354,0.015623,0.009735,0.004314,582.66,0.029661,44,True,majority_sell>=2,majority_sell>=2,2026-05-15,1.0,2026-05-17T18:43:36Z,18658.66,0.0,-0.773731
experimental_ensemble,Experimental – Model Consensus,AAPL,ensemble_majority,ensemble_majority,ensemble_majority,binary,binary-2026-05,D-experimental_ensemble-41dd5f83c650,S-AAPL-ensemble_majority-20241001-053abc,T-experimental_ensemble-579b5352697f,BUY,2026-05-17T18:43:36Z,2024-10-01,2024-10-01,229.52,233.0,229.52,229.65,223.74,226.21,63285000,86.0,0.0,86.0,79484.5,59745.78,0.0,19738.72,119344.27,119059.61,0.1667,0.0,0.1658,2.0,0.5,0.7,2.0,52.26,1.6956,1.1696,0.526,232.318,215.542,223.93,223.93,222.3106,0.00252,-0.001945,0.032978,,,,,majority_buy>=2,majority_buy>=2,2026-05-15,1.0,2026-05-17T18:43:36Z,18658.66,0.0,-0.773731
experimental_ensemble,Experimental – Model Consensus,MSFT,ensemble_majority,ensemble_majority,ensemble_majority,binary,binary-2026-05,D-experimental_ensemble-cc30663d214c,S-MSFT-ensemble_majority-20241001-006ef0,T-experimental_ensemble-c514b85b224f,SELL,2026-05-17T18:43:36Z,2024-10-01,2024-10-01,428.45,430.3,428.45,428.48,418.81,420.69,19092900,46.0,46.0,0.0,59745.78,79454.48,19708.7,0.0,119344.27,119416.57,0.1667,0.1651,0.0,2.0,0.5,0.3,2.0,45.78,2.6393,3.1743,-0.535,446.2917,403.2993,424.7955,424.7955,419.329,-0.008462,-0.014215,0.026766,397.9,0.020605,47,True,majority_sell>=2,majority_sell>=2,2026-05-15,1.0,2026-05-17T18:43:36Z,19056.56,0.0,-0.773731
experimental_ensemble,Experimental – Model Consensus,JPM,ensemble_majority,ensemble_majority,ensemble_majority,binary,binary-2026-05,D-experimental_ensemble-5fd14093752c,S-JPM-ensemble_majority-20241008-49a7ed,T-experimental_ensemble-ea84c5e8815e,BUY,2026-05-17T18:43:36Z,2024-10-08,2024-10-08,210.58,210.93,210.58,211.33,208.38,210.75,6021800,94.0,0.0,94.0,79454.48,59659.96,0.0,19794.52,119739.54,119755.52,0.1667,0.0,0.1653,2.0,0.5,0.7,2.0,50.77,-0.6235,-0.7832,0.1597,213.3925,204.7255,209.059,209.059,211.0182,0.012669,0.055231,0.050961,,,,,majority_buy>=2,majority_buy>=2,2026-05-15,1.0,2026-05-17T18:43:36Z,19056.56,0.0,-0.773731
experimental_ensemble,Experimental – Model Consensus,PG,ensemble_majority,ensemble_majority,ensemble_majority,binary,binary-2026-05,D-experimental_ensemble-68a95cece429,S-PG-ensemble_majority-20241016-3084c2,T-experimental_ensemble-55ed0de0a0f6,BUY,2026-05-17T18:43:36Z,2024-10-16,2024-10-16,171.88,173.57,171.88,172.59,170.89,172.38,6117000,117.0,0.0,117.0,59659.96,39550.0,0.0,20109.96,121248.06,121306.56,0.1667,0.0,0.1658,2.0,0.5,0.7,2.0,52.39,-0.2231,-0.3895,0.1664,175.7317,167.4683,171.6,171.6,171.6904,-0.00058,-0.016243,-0.033647,,,,,majority_buy>=2,majority_buy>=2,2026-05-15,1.0,2026-05-17T18:43:36Z,19056.56,0.0,-0.773731
experimental_ensemble,Experimental – Model Consensus,XOM,ensemble_majority,ensemble_majority,ensemble_majority,binary,binary-2026-05,D-experimental_ensemble-352da7652f34,S-XOM-ensemble_majority-20241018-0b3ad6,T-experimental_ensemble-34142d4f87dd,SELL,2026-05-17T18:43:36Z,2024-10-18,2024-10-18,120.44,120.35,120.44,120.64,119.15,120.01,12898600,171.0,171.0,0.0,39550.0,60145.24,20595.24,0.0,121506.25,121579.78,0.1667,0.1695,0.0,3.0,0.75,0.2,2.0,51.45,1.4144,1.7442,-0.3299,127.0376,113.5204,120.279,120.279,117.4048,0.000583,-0.004333,-0.005833,731.88,0.036846,29,True,majority_sell>=2,majority_sell>=2,2026-05-15,1.0,2026-05-17T18:43:36Z,19788.44,0.0,-0.773731
experimental_ensemble,Experimental – Model Consensus,JNJ,ensemble_majority,ensemble_majority,ensemble_majority,binary,binary-2026-05,D-experimental_ensemble-83a74bcb8b29,S-JNJ-ensemble_majority-20241021-0b6734,T-experimental_ensemble-acb60a2368f2,BUY,2026-05-17T18:43:36Z,2024-10-21,2024-10-21,165.1,165.12,165.1,165.25,162.31,162.83,6082700,122.0,0.0,122.0,60145.24,40003.04,0.0,20142.2,121280.7,121003.75,0.1667,0.0,0.1665,3.0,0.75,0.8,2.0,51.12,0.2563,-0.1137,0.3699,165.0019,158.6401,161.821,161.821,162.9238,0.003808,-0.007554,-0.049499,,,,,majority_buy>=2,majority_buy>=2,2026-05-15,1.0,2026-05-17T18:43:36Z,19788.44,0.0,-0.773731
experimental_ensemble,Experimental – Model Consensus,AAPL,ensemble_majority,ensemble_majority,ensemble_majority,binary,binary-2026-05,D-experimental_ensemble-d84e34b02324,S-AAPL-ensemble_majority-20241030-788c28,T-experimental_ensemble-214f4779396e,SELL,2026-05-17T18:43:36Z,2024-10-30,2024-10-30,232.61,233.67,232.61,233.47,229.55,230.1,47070900,86.0,86.0,0.0,40003.04,60007.5,20004.46,0.0,119921.32,120137.18,0.1667,0.1668,0.0,3.0,0.75,0.2,2.0,50.2,1.7142,2.0273,-0.3131,237.9538,223.2852,230.6195,230.6195,227.176,-0.018209,-0.032073,0.020991,265.74,0.013463,29,True,majority_sell>=2,majority_sell>=2,2026-05-15,1.0,2026-05-17T18:43:36Z,20054.18,0.0,-0.773731
experimental_ensemble,Experimental – Model Consensus,MSFT,ensemble_majority,ensemble_majority,ensemble_majority,binary,binary-2026-05,D-experimental_ensemble-ccc1bbda7f86,S-MSFT-ensemble_majority-20241031-cb09b1,T-experimental_ensemble-76054b72e3a0,BUY,2026-05-17T18:43:36Z,2024-10-31,2024-10-31,415.36,432.53,415.36,416.16,406.3,406.35,53971000,48.0,0.0,48.0,60007.5,40070.22,0.0,19937.28,119696.95,119264.48,0.1667,0.0,0.1672,2.0,0.5,0.7,2.0,36.58,0.5109,0.5761,-0.0651,433.5583,406.4417,420.0,420.0,420.791,0.009893,0.046955,0.042107,,,,,majority_buy>=2,majority_buy>=2,2026-05-15,1.0,2026-05-17T18:43:36Z,20054.18,0.0,-0.773731
experimental_ensemble,Experimental – Model Consensus,JPM,ensemble_majority,ensemble_majority,ensemble_majority,binary,binary-2026-05,D-experimental_ensemble-490bf1100fcf,S-JPM-ensemble_majority-20241104-b0a9a0,T-experimental_ensemble-0d39c083ddd8,SELL,2026-05-17T18:43:36Z,2024-11-04,2024-11-04,222.65,222.94,222.65,223.76,219.17,219.78,8229600,94.0,94.0,0.0,40070.22,60999.32,20929.1,0.0,118955.26,119225.04,0.1667,0.1759,0.0,3.0,0.75,0.2,2.0,50.34,2.362,2.9217,-0.5596,229.868,213.319,221.5935,221.5935,216.0408,0.007781,0.088771,0.113932,1134.58,0.057318,27,True,majority_sell>=2,majority_sell>=2,2026-05-15,1.0,2026-05-17T18:43:36Z,21188.76,0.0,-0.773731
experimental_ensemble,Experimental – Model Consensus,PG,ensemble_majority,ensemble_majority,ensemble_majority,binary,binary-2026-05,D-experimental_ensemble-16981656493c,S-PG-ensemble_majority-20241108-4e8a2b,T-experimental_ensemble-01fddceb24d5,SELL,2026-05-17T18:43:36Z,2024-11-08,2024-11-08,164.02,163.41,164.02,167.75,163.93,167.71,7506200,117.0,117.0,0.0,60999.32,80189.66,19190.34,0.0,119870.65,119438.92,0.1667,0.1601,0.0,3.0,0.75,0.2,2.0,49.21,-1.7874,-1.557,-0.2304,174.7741,161.6859,168.23,168.23,171.0704,-0.010017,0.010912,0.018365,-919.62,-0.04573,23,False,majority_sell>=2,majority_sell>=2,2026-05-15,1.0,2026-05-17T18:43:36Z,20269.14,-0.043401,-0.773731
experimental_ensemble,Experimental – Model Consensus,XOM,ensemble_majority,ensemble_majority,ensemble_majority,binary,binary-2026-05,D-experimental_ensemble-ed9557b2cef4,S-XOM-ensemble_majority-20241111-aaca83,T-experimental_ensemble-037d265a7a4b,BUY,2026-05-17T18:43:36Z,2024-11-11,2024-11-11,121.0,121.11,121.0,121.62,120.07,120.47,11969700,164.0,0.0,164.0,80189.66,60345.66,0.0,19844.0,119169.02,119082.1,0.1667,0.0,0.1666,2.0,0.5,0.7,2.0,54.35,0.275,0.1064,0.1686,122.7156,116.0244,119.37,119.37,117.9524,-0.000996,-0.001328,-0.064746,,,,,majority_buy>=2,majority_buy>=2,2026-05-15,1.0,2026-05-17T18:43:36Z,20269.14,-0.043401,-0.773731
experimental_ensemble,Experimental – Model Consensus,UNH,ensemble_majority,ensemble_majority,ensemble_majority,binary,binary-2026-05,D-experimental_ensemble-09b870379fc9,S-UNH-ensemble_majority-20241114-8e9e6f,T-experimental_ensemble-363f0608a204,BUY,2026-05-17T18:43:36Z,2024-11-14,2024-11-14,603.48,605.87,603.48,606.0,588.99,593.15,3079200,32.0,0.0,32.0,60345.66,41034.3,0.0,19311.36,119136.36,118805.8,0.1667,0.0,0.1625,3.0,0.75,0.8,2.0,53.17,8.0602,4.0487,4.0115,623.4028,537.1002,580.2515,580.2515,582.8866,-0.001551,0.007317,-0.122515,,,,,majority_buy>=2,majority_buy>=2,2026-05-15,1.0,2026-05-17T18:43:36Z,20269.14,-0.043401,-0.773731
experimental_ensemble,Experimental – Model Consensus,PG,ensemble_majority,ensemble_majority,ensemble_majority,binary,binary-2026-05,D-experimental_ensemble-7e41737b2e74,S-PG-ensemble_majority-20241114-63a006,T-experimental_ensemble-00550dbaaec2,BUY,2026-05-17T18:43:36Z,2024-11-14,2024-11-14,166.71,166.58,166.71,168.04,166.51,167.08,7444300,119.0,0.0,119.0,41034.3,21195.81,0.0,19838.49,119136.36,118849.83,0.1667,0.0,0.1669,3.0,0.75,0.8,2.0,48.44,-1.2295,-1.4793,0.2498,171.7962,162.1428,166.9695,166.9695,170.4324,0.014723,0.033936,0.023821,,,,,majority_buy>=2,majority_buy>=2,2026-05-15,1.0,2026-05-17T18:43:36Z,20269.14,-0.043401,-0.773731
experimental_ensemble,Experimental – Model Consensus,AAPL,ensemble_majority,ensemble_majority,ensemble_majority,binary,binary-2026-05,D-experimental_ensemble-7cf5d1ed024c,S-AAPL-ensemble_majority-20241119-ec7733,T-experimental_ensemble-2a52192b9a39,BUY,2026-05-17T18:43:36Z,2024-11-19,2024-11-19,226.98,228.02,226.98,230.16,226.66,228.28,36211800,86.0,0.0,86.0,21195.81,1675.53,0.0,19520.28,118155.49,118267.29,0.1667,0.0,0.1651,2.0,0.5,0.7,2.0,51.99,-0.4853,-0.6204,0.1351,234.1711,220.2739,227.2225,227.2225,227.3448,0.003154,0.0297,0.086604,,,,,majority_buy>=2,majority_buy>=2,2026-05-15,1.0,2026-05-17T18:43:36Z,20269.14,-0.043401,-0.773731
experimental_ensemble,Experimental – Model Consensus,MSFT,ensemble_majority,ensemble_majority,ensemble_majority,binary,binary-2026-05,D-experimental_ensemble-ba6547d90ae0,S-MSFT-ensemble_majority-20241119-5de663,T-experimental_ensemble-505ce0cd8ebe,SELL,2026-05-17T18:43:36Z,2024-11-19,2024-11-19,413.11,415.76,413.11,417.94,411.55,417.79,18133500,48.0,48.0,0.0,1675.53,21504.81,19829.28,0.0,118155.49,118042.64,0.1667,0.1678,0.0,2.0,0.5,0.3,2.0,47.86,-0.5161,-0.2762,-0.2399,435.5736,405.9284,420.751,420.751,422.6158,-0.005505,0.024414,0.046914,-108.0,-0.005417,19,False,majority_sell>=2,majority_sell>=2,2026-05-15,1.0,2026-05-17T18:43:36Z,20161.14,-0.048498,-0.773731
experimental_ensemble,Experimental – Model Consensus,UNH,ensemble_majority,ensemble_majority,ensemble_majority,binary,binary-2026-05,D-experimental_ensemble-ce34746b7b45,S-UNH-ensemble_majority-20241119-72eecb,T-experimental_ensemble-62818beadf71,SELL,2026-05-17T18:43:36Z,2024-11-19,2024-11-19,582.72,589.65,582.72,586.84,576.77,577.0,3198300,32.0,32.0,0.0,21504.81,40151.84,18647.04,0.0,118155.49,118225.68,0.1667,0.1578,0.0,2.0,0.5,0.3,2.0,45.46,4.5719,4.9363,-0.3644,625.402,539.895,582.6485,582.6485,582.264,0.040728,0.051629,-0.133934,-664.32,-0.0344,5,False,majority_sell>=2,majority_sell>=2,2026-05-15,1.0,2026-05-17T18:43:36Z,19496.82,-0.079851,-0.773731
experimental_ensemble,Experimental – Model Consensus,MSFT,ensemble_majority,ensemble_majority,ensemble_majority,binary,binary-2026-05,D-experimental_ensemble-7397f949244d,S-MSFT-ensemble_majority-20241127-dfdac7,T-experimental_ensemble-60d6c796fe86,BUY,2026-05-17T18:43:36Z,2024-11-27,2024-11-27,425.11,427.99,425.11,427.23,422.02,422.99,18332400,47.0,0.0,47.0,40151.84,20171.68,0.0,19980.17,119954.7,119855.06,0.1667,0.0,0.1667,2.0,0.5,0.7,2.0,52.69,0.1005,-0.4977,0.5981,430.2236,405.9364,418.08,418.08,421.3598,0.001111,0.046408,0.017826,,,,,majority_buy>=2,majority_buy>=2,2026-05-15,1.0,2026-05-17T18:43:36Z,19496.82,-0.079851,-0.773731
experimental_ensemble,Experimental – Model Consensus,PG,ensemble_majority,ensemble_majority,ensemble_majority,binary,binary-2026-05,D-experimental_ensemble-82cb1105e61b,S-PG-ensemble_majority-20241210-75dbea,T-experimental_ensemble-6c321bdcc780,SELL,2026-05-17T18:43:36Z,2024-12-10,2024-12-10,170.42,170.79,170.42,172.93,169.93,172.28,6219900,119.0,119.0,0.0,20171.68,40451.66,20279.98,0.0,119501.66,119280.32,0.1667,0.1697,0.0,3.0,0.75,0.2,2.0,48.68,1.2668,1.7917,-0.5249,182.0497,164.8442,173.447,173.447,170.5624,-0.009577,-0.011319,-0.079638,441.49,0.022254,26,True,majority_sell>=2,majority_sell>=2,2026-05-15,1.0,2026-05-17T18:43:36Z,19938.31,-0.059015,-0.773731
experimental_ensemble,Experimental – Model Consensus,MSFT,ensemble_majority,ensemble_majority,ensemble_majority,binary,binary-2026-05,D-experimental_ensemble-772e5f9f4624,S-MSFT-ensemble_majority-20241220-2c33a4,T-experimental_ensemble-3551cb8446a0,SELL,2026-05-17T18:43:36Z,2024-12-20,2024-12-20,433.11,437.03,433.11,443.74,428.63,436.6,64263700,47.0,47.0,0.0,40451.66,60807.82,20356.17,0.0,117846.02,117681.99,0.1667,0.1727,0.0,3.0,0.75,0.2,2.0,51.03,5.2517,6.1684,-0.9167,459.2315,415.5945,437.413,437.413,426.8626,-0.003092,-0.026958,0.023156,376.0,0.018819,23,True,majority_sell>=2,majority_sell>=2,2026-05-15,1.0,2026-05-17T18:43:36Z,20314.31,-0.04127,-0.773731
experimental_ensemble,Experimental – Model Consensus,AAPL,ensemble_majority,ensemble_majority,ensemble_majority,binary,binary-2026-05,D-experimental_ensemble-2167c3a2f4a9,S-AAPL-ensemble_majority-20250102-b654e4,T-experimental_ensemble-de68d06a4c47,SELL,2026-05-17T18:43:36Z,2025-01-02,2025-01-02,248.93,250.42,248.93,249.1,241.82,243.85,55740700,86.0,86.0,0.0,60807.82,82215.8,21407.98,0.0,116948.21,117385.08,0.1667,0.1831,0.0,3.0,0.75,0.2,2.0,46.03,4.0567,5.2513,-1.1946,259.5793,240.1597,249.8695,249.8695,237.7504,-0.002009,-0.028706,-0.064958,1887.7,0.096705,44,True,majority_sell>=2,majority_sell>=2,2026-05-15,1.0,2026-05-17T18:43:36Z,22202.01,0.0,-0.773731
experimental_ensemble,Experimental – Model Consensus,UNH,ensemble_majority,ensemble_majority,ensemble_majority,binary,binary-2026-05,D-experimental_ensemble-54e7a81cb68c,S-UNH-ensemble_majority-20250107-17c171,T-experimental_ensemble-f479058eea15,BUY,2026-05-17T18:43:36Z,2025-01-07,2025-01-07,518.85,513.67,518.85,519.5,511.22,514.25,3914500,37.0,0.0,37.0,82215.8,63018.35,0.0,19197.45,117890.86,117720.66,0.1667,0.0,0.1631,4.0,1.0,0.9,2.0,42.04,-15.2126,-18.635,3.4224,552.067,474.0699,513.0685,513.0685,559.2416,0.019971,0.056723,0.030705,,,,,majority_buy>=2,majority_buy>=2,2026-05-15,1.0,2026-05-17T18:43:36Z,22202.01,0.0,-0.773731
experimental_ensemble,Experimental – Model Consensus,MSFT,ensemble_majority,ensemble_majority,ensemble_majority,binary,binary-2026-05,D-experimental_ensemble-c984e6ed89f6,S-MSFT-ensemble_majority-20250121-43bd0e,T-experimental_ensemble-f32d0db4786b,BUY,2026-05-17T18:43:36Z,2025-01-21,2025-01-21,430.2,429.03,430.2,430.9,425.6,428.5,26085700,46.0,0.0,46.0,63018.35,43229.15,0.0,19789.2,118798.36,118720.16,0.1667,0.0,0.1667,2.0,0.5,0.7,2.0,50.73,-2.174,-2.4491,0.2751,441.135,412.877,427.006,427.006,429.0588,0.041307,0.043641,-0.032042,,,,,majority_buy>=2,majority_buy>=2,2026-05-15,1.0,2026-05-17T18:43:36Z,22202.01,0.0,-0.773731
experimental_ensemble,Experimental – Model Consensus,PG,ensemble_majority,ensemble_majority,ensemble_majority,binary,binary-2026-05,D-experimental_ensemble-a6821ffdec3f,S-PG-ensemble_majority-20250122-934c92,T-experimental_ensemble-1207b4c8a24b,BUY,2026-05-17T18:43:36Z,2025-01-22,2025-01-22,167.1,161.72,167.1,168.14,164.44,164.74,14356700,118.0,0.0,118.0,43229.15,23511.35,0.0,19717.8,118669.85,118391.37,0.1667,0.0,0.1665,2.0,0.5,0.7,2.0,49.6,-2.3303,-2.6048,0.2745,171.6751,156.2779,163.9765,163.9765,168.758,0.008559,0.009044,0.014993,,,,,majority_buy>=2,majority_buy>=2,2026-05-15,1.0,2026-05-17T18:43:36Z,22202.01,0.0,-0.773731
experimental_ensemble,Experimental – Model Consensus,AAPL,ensemble_majority,ensemble_majority,ensemble_majority,binary,binary-2026-05,D-experimental_ensemble-e2bcb4f6b15d,S-AAPL-ensemble_majority-20250129-d55cc4,T-experimental_ensemble-a0b2790373d7,BUY,2026-05-17T18:43:36Z,2025-01-29,2025-01-29,234.12,238.26,234.12,239.86,234.01,239.36,45486100,85.0,0.0,85.0,23511.35,3611.15,0.0,19900.2,119645.55,120090.95,0.1667,0.0,0.1657,2.0,0.5,0.7,2.0,53.42,-3.3245,-3.6402,0.3158,253.751,218.326,236.0385,236.0385,239.8206,-0.007395,-0.028785,-0.008606,,,,,majority_buy>=2,majority_buy>=2,2026-05-15,1.0,2026-05-17T18:43:36Z,22202.01,0.0,-0.773731
experimental_ensemble,Experimental – Model Consensus,UNH,ensemble_majority,ensemble_majority,ensemble_majority,binary,binary-2026-05,D-experimental_ensemble-416a206e6f89,S-UNH-ensemble_majority-20250212-c286c6,T-experimental_ensemble-59214cdbac08,SELL,2026-05-17T18:43:36Z,2025-02-12,2025-02-12,539.85,533.92,539.85,542.35,525.51,527.4,3859200,37.0,37.0,0.0,3611.15,23585.6,19974.45,0.0,118632.3,119092.95,0.1667,0.1684,0.0,2.0,0.5,0.3,2.0,46.34,0.5303,1.2738,-0.7435,555.2324,511.5796,533.406,533.406,532.4582,0.007167,-0.047364,-0.086993,777.0,0.040474,36,True,majority_sell>=2,majority_sell>=2,2026-05-15,1.0,2026-05-17T18:43:36Z,22979.01,0.0,-0.773731
experimental_ensemble,Experimental – Model Consensus,PG,ensemble_majority,ensemble_majority,ensemble_majority,binary,binary-2026-05,D-experimental_ensemble-12af58c1f1b9,S-PG-ensemble_majority-20250219-76bfbf,T-experimental_ensemble-efbebfaacaee,SELL,2026-05-17T18:43:36Z,2025-02-19,2025-02-19,166.1,165.43,166.1,166.87,165.24,166.49,7910700,118.0,118.0,0.0,23585.6,43185.4,19599.8,0.0,120476.57,120430.55,0.1667,0.1627,0.0,2.0,0.5,0.3,2.0,49.32,0.2637,0.4349,-0.1712,171.3689,163.1921,167.2805,167.2805,166.912,0.004325,0.028891,0.012493,-118.0,-0.005984,28,False,majority_sell>=2,majority_sell>=2,2026-05-15,1.0,2026-05-17T18:43:36Z,22861.01,-0.005135,-0.773731
experimental_ensemble,Experimental – Model Consensus,AAPL,ensemble_majority,ensemble_majority,ensemble_majority,binary,binary-2026-05,D-experimental_ensemble-2eace5ded5fd,S-AAPL-ensemble_majority-20250303-35109f,T-experimental_ensemble-b481f95face2,SELL,2026-05-17T18:43:36Z,2025-03-03,2025-03-03,241.79,241.84,241.79,244.03,236.11,238.03,47184000,85.0,85.0,0.0,43185.4,63737.55,20552.15,0.0,119369.29,119688.89,0.1667,0.1722,0.0,2.0,0.5,0.3,2.0,48.33,1.4565,1.5781,-0.1216,251.6735,225.3055,238.4895,238.4895,239.9608,-0.008822,-0.044322,-0.066798,651.95,0.032761,33,True,majority_sell>=2,majority_sell>=2,2026-05-15,1.0,2026-05-17T18:43:36Z,23512.96,0.0,-0.773731
experimental_ensemble,Experimental – Model Consensus,XOM,ensemble_majority,ensemble_majority,ensemble_majority,binary,binary-2026-05,D-experimental_ensemble-ef284a5bd266,S-XOM-ensemble_majority-20250306-d32465,T-experimental_ensemble-1479dc87616f,SELL,2026-05-17T18:43:36Z,2025-03-06,2025-03-06,105.43,105.44,105.43,108.11,104.36,107.62,17150200,164.0,164.0,0.0,63737.55,81028.07,17290.52,0.0,119875.43,119516.27,0.1667,0.1442,0.0,3.0,0.75,0.2,2.0,45.58,-0.4935,-0.1165,-0.377,112.7795,105.9315,109.3555,109.3555,108.8258,0.013009,0.009757,0.044694,-2553.48,-0.128678,115,False,majority_sell>=2,majority_sell>=2,2026-05-15,1.0,2026-05-17T18:43:36Z,20959.48,-0.108599,-0.773731
experimental_ensemble,Experimental – Model Consensus,JNJ,ensemble_majority,ensemble_majority,ensemble_majority,binary,binary-2026-05,D-experimental_ensemble-953d4e8cbd6d,S-JNJ-ensemble_majority-20250306-49406b,T-experimental_ensemble-c6bd341ff26e,SELL,2026-05-17T18:43:36Z,2025-03-06,2025-03-06,165.0,165.12,165.0,165.87,163.51,165.83,8037900,122.0,122.0,0.0,81028.07,101158.07,20130.0,0.0,119875.43,119415.01,0.1667,0.1679,0.0,2.0,0.5,0.3,2.0,66.88,3.939,3.7142,0.2248,169.8619,150.7211,160.2915,160.2915,152.356,0.005186,-0.017126,-0.036242,-12.2,-0.000606,136,False,majority_sell>=2,majority_sell>=2,2026-05-15,1.0,2026-05-17T18:43:36Z,20947.28,-0.109118,-0.773731
experimental_ensemble,Experimental – Model Consensus,UNH,ensemble_majority,ensemble_majority,ensemble_majority,binary,binary-2026-05,D-experimental_ensemble-5ad10802f5dd,S-UNH-ensemble_majority-20250314-a933cc,T-experimental_ensemble-bd43392a2eff,BUY,2026-05-17T18:43:36Z,2025-03-14,2025-03-14,481.0,481.52,481.0,489.45,478.24,488.65,3915900,41.0,0.0,41.0,101158.07,81437.07,0.0,19721.0,119031.83,119345.48,0.1667,0.0,0.1652,3.0,0.75,0.8,2.0,47.45,-8.7485,-11.4314,2.6829,515.3022,450.6488,482.9755,482.9755,510.8038,0.021222,0.05771,0.226788,,,,,majority_buy>=2,majority_buy>=2,2026-05-15,1.0,2026-05-17T18:43:36Z,20947.28,-0.109118,-0.773731
experimental_ensemble,Experimental – Model Consensus,JPM,ensemble_majority,ensemble_majority,ensemble_majority,binary,binary-2026-05,D-experimental_ensemble-d06f2c155296,S-JPM-ensemble_majority-20250324-7d4932,T-experimental_ensemble-769ac6b25c02,BUY,2026-05-17T18:43:36Z,2025-03-24,2025-03-24,245.48,241.63,245.48,248.69,244.41,248.06,9422700,81.0,0.0,81.0,81437.07,61553.19,0.0,19883.88,120695.25,120904.23,0.1667,0.0,0.1645,3.0,0.75,0.8,2.0,51.45,-5.6476,-6.8637,1.2162,267.3632,220.1078,243.7355,243.7355,256.953,0.012376,-0.011126,-0.05027,,,,,majority_buy>=2,majority_buy>=2,2026-05-15,1.0,2026-05-17T18:43:36Z,20947.28,-0.109118,-0.773731
experimental_ensemble,Experimental – Model Consensus,AAPL,ensemble_majority,ensemble_majority,ensemble_majority,binary,binary-2026-05,D-experimental_ensemble-07c3e5612d9a,S-AAPL-ensemble_majority-20250331-a1de73,T-experimental_ensemble-ac2372c3f453,BUY,2026-05-17T18:43:36Z,2025-03-31,2025-03-31,217.01,217.9,217.01,225.62,216.23,222.13,65299300,92.0,0.0,92.0,61553.19,41588.27,0.0,19964.92,120164.18,120635.23,0.1667,0.0,0.1655,3.0,0.75,0.8,2.0,46.83,-3.675,-4.565,0.89,238.8507,205.0223,221.9365,221.9365,230.2496,0.004772,-0.183091,-0.04916,,,,,majority_buy>=2,majority_buy>=2,2026-05-15,1.0,2026-05-17T18:43:36Z,20947.28,-0.109118,-0.773731
experimental_ensemble,Experimental – Model Consensus,WMT,ensemble_majority,ensemble_majority,ensemble_majority,binary,binary-2026-05,D-experimental_ensemble-ff0a25193418,S-WMT-ensemble_majority-20250331-0f4b0a,T-experimental_ensemble-cef54475513c,BUY,2026-05-17T18:43:36Z,2025-03-31,2025-03-31,84.76,85.15,84.76,88.2,84.37,87.79,30269300,236.0,0.0,236.0,41588.27,21584.91,0.0,20003.36,120164.18,121350.31,0.1667,0.0,0.1648,3.0,0.75,0.8,2.0,45.45,-2.5161,-2.8083,0.2922,94.7609,80.7211,87.741,87.741,94.3164,0.011846,-0.045108,0.093974,,,,,majority_buy>=2,majority_buy>=2,2026-05-15,1.0,2026-05-17T18:43:36Z,20947.28,-0.109118,-0.773731
experimental_ensemble,Experimental – Model Consensus,PG,ensemble_majority,ensemble_majority,ensemble_majority,binary,binary-2026-05,D-experimental_ensemble-b0ac35784129,S-PG-ensemble_majority-20250401-9f6885,T-experimental_ensemble-eccacc65b024,BUY,2026-05-17T18:43:36Z,2025-04-01,2025-04-01,170.57,170.42,170.57,171.05,169.06,170.56,7021100,119.0,0.0,119.0,21584.91,1287.08,0.0,20297.83,121847.39,121846.2,0.1667,0.0,0.1666,2.0,0.5,0.7,2.0,53.73,-0.3725,-0.4828,0.1103,176.6363,162.6247,169.6305,169.6305,168.929,-0.006215,-0.071353,-0.046846,,,,,majority_buy>=2,majority_buy>=2,2026-05-15,1.0,2026-05-17T18:43:36Z,20947.28,-0.109118,-0.773731
experimental_ensemble,Experimental – Model Consensus,JPM,ensemble_majority,ensemble_majority,ensemble_majority,binary,binary-2026-05,D-experimental_ensemble-351e12d65b13,S-JPM-ensemble_majority-20250409-ff6f1a,T-experimental_ensemble-09b727ca75c8,SELL,2026-05-17T18:43:36Z,2025-04-09,2025-04-09,212.5,216.87,212.5,237.48,211.0,234.34,24022400,81.0,81.0,0.0,1287.08,18499.58,17212.5,0.0,120705.54,118936.5,0.1667,0.1426,0.0,3.0,0.75,0.2,2.0,47.04,-6.826,-5.4075,-1.4186,259.8685,212.8185,236.3435,236.3435,251.864,-0.030853,-0.020184,0.081634,-2671.38,-0.134349,16,False,majority_sell>=2,majority_sell>=2,2026-05-15,1.0,2026-05-17T18:43:36Z,18275.9,-0.222731,-0.773731
experimental_ensemble,Experimental – Model Consensus,JNJ,ensemble_majority,ensemble_majority,ensemble_majority,binary,binary-2026-05,D-experimental_ensemble-129e18f05531,S-JNJ-ensemble_majority-20250417-2c252f,T-experimental_ensemble-9f9145546ec4,BUY,2026-05-17T18:43:36Z,2025-04-17,2025-04-17,154.16,153.91,154.16,159.44,154.16,157.47,10981100,120.0,0.0,120.0,18499.58,0.38,0.0,18499.2,114463.02,114860.22,0.1667,0.0,0.1611,2.0,0.5,0.7,2.0,51.19,-1.9797,-2.0599,0.0803,167.4605,146.0775,156.769,156.769,159.6642,-0.003493,-0.018353,-0.038992,,,,,majority_buy>=2,majority_buy>=2,2026-05-15,1.0,2026-05-17T18:43:36Z,18275.9,-0.222731,-0.773731
experimental_ensemble,Experimental – Model Consensus,WMT,ensemble_majority,ensemble_majority,ensemble_majority,binary,binary-2026-05,D-experimental_ensemble-c9117d1a498e,S-WMT-ensemble_majority-20250513-72388d,T-experimental_ensemble-21e7b9fa6035,SELL,2026-05-17T18:43:36Z,2025-05-13,2025-05-13,96.5,96.75,96.5,97.32,95.23,95.88,19746700,236.0,236.0,0.0,0.38,22774.38,22774.0,0.0,112346.31,112492.63,0.1667,0.2027,0.0,3.0,0.75,0.2,2.0,53.59,1.709,1.9455,-0.2365,100.2645,91.7045,95.9845,95.9845,91.1382,0.009908,0.020025,-0.000834,2770.64,0.138509,43,True,majority_sell>=2,majority_sell>=2,2026-05-15,1.0,2026-05-17T18:43:36Z,21046.54,-0.104896,-0.773731
experimental_ensemble,Experimental – Model Consensus,XOM,ensemble_majority,ensemble_majority,ensemble_majority,binary,binary-2026-05,D-experimental_ensemble-7e54ef5bc705,S-XOM-ensemble_majority-20250514-f978c8,T-experimental_ensemble-1448a16865c5,BUY,2026-05-17T18:43:36Z,2025-05-14,2025-05-14,108.86,109.46,108.86,108.86,107.93,108.48,15494900,171.0,0.0,171.0,22774.38,4159.32,0.0,18615.06,112139.97,112074.99,0.1667,0.0,0.1661,3.0,0.75,0.8,2.0,52.83,-0.1883,-0.7337,0.5455,110.4383,103.2627,106.8505,106.8505,109.2544,0.000922,-0.044432,0.011523,,,,,majority_buy>=2,majority_buy>=2,2026-05-15,1.0,2026-05-17T18:43:36Z,21046.54,-0.104896,-0.773731
experimental_ensemble,Experimental – Model Consensus,JNJ,ensemble_majority,ensemble_majority,ensemble_majority,binary,binary-2026-05,D-experimental_ensemble-9236be3ffa78,S-JNJ-ensemble_majority-20250519-057a48,T-experimental_ensemble-96fc3ca853a0,SELL,2026-05-17T18:43:36Z,2025-05-19,2025-05-19,151.89,151.33,151.89,152.66,151.05,152.49,12639900,120.0,120.0,0.0,4159.32,22386.12,18226.8,0.0,113539.39,113467.39,0.1667,0.1605,0.0,2.0,0.5,0.3,2.0,46.9,-1.5761,-1.2949,-0.2813,159.7451,148.2359,153.9905,153.9905,156.9484,0.007673,0.004984,-0.000721,-272.4,-0.014725,32,False,majority_sell>=2,majority_sell>=2,2026-05-15,1.0,2026-05-17T18:43:36Z,20774.14,-0.116481,-0.773731
experimental_ensemble,Experimental – Model Consensus,MSFT,ensemble_majority,ensemble_majority,ensemble_majority,binary,binary-2026-05,D-experimental_ensemble-48265eff397b,S-MSFT-ensemble_majority-20250521-41ac4a,T-experimental_ensemble-cd709fefe249,SELL,2026-05-17T18:43:36Z,2025-05-21,2025-05-21,454.57,458.17,454.57,457.78,451.81,452.57,19216900,46.0,46.0,0.0,22386.12,43296.34,20910.22,0.0,111630.83,111722.83,0.1667,0.1873,0.0,2.0,0.5,0.3,2.0,70.97,17.8688,16.5342,1.3347,480.4557,382.3813,431.4185,431.4185,400.4668,0.00506,0.013501,0.054864,1121.02,0.056648,120,True,majority_sell>=2,majority_sell>=2,2026-05-15,1.0,2026-05-17T18:43:36Z,21895.16,-0.068805,-0.773731
experimental_ensemble,Experimental – Model Consensus,JNJ,ensemble_majority,ensemble_majority,ensemble_majority,binary,binary-2026-05,D-experimental_ensemble-4fb93d8ab5ee,S-JNJ-ensemble_majority-20250529-69b0d9,T-experimental_ensemble-0c3e9167a4be,BUY,2026-05-17T18:43:36Z,2025-05-29,2025-05-29,151.75,152.43,151.75,154.04,151.56,153.58,6810600,122.0,0.0,122.0,43296.34,24782.84,0.0,18513.5,111535.34,111758.6,0.1667,0.0,0.1657,3.0,0.75,0.8,2.0,49.92,-0.7079,-1.0027,0.2948,158.1038,148.0212,153.0625,153.0625,155.3954,0.010613,0.000521,-0.007618,,,,,majority_buy>=2,majority_buy>=2,2026-05-15,1.0,2026-05-17T18:43:36Z,21895.16,-0.068805,-0.773731
experimental_ensemble,Experimental – Model Consensus,AAPL,ensemble_majority,ensemble_majority,ensemble_majority,binary,binary-2026-05,D-experimental_ensemble-7af6dc03dfbb,S-AAPL-ensemble_majority-20250530-883a40,T-experimental_ensemble-080899a32691,SELL,2026-05-17T18:43:36Z,2025-05-30,2025-05-30,199.37,199.95,199.37,201.96,196.78,200.85,70819900,92.0,92.0,0.0,24782.84,43124.88,18342.04,0.0,112285.18,112149.02,0.1667,0.1634,0.0,2.0,0.5,0.3,2.0,45.7,-1.6845,-1.1216,-0.5628,214.966,191.991,203.4785,203.4785,205.4002,0.004232,0.015285,0.021509,-1622.88,-0.081287,60,False,majority_sell>=2,majority_sell>=2,2026-05-15,1.0,2026-05-17T18:43:36Z,20272.28,-0.137825,-0.773731
experimental_ensemble,Experimental – Model Consensus,PG,ensemble_majority,ensemble_majority,ensemble_majority,binary,binary-2026-05,D-experimental_ensemble-7c8959051e29,S-PG-ensemble_majority-20250606-def4ae,T-experimental_ensemble-3b23ac40850a,SELL,2026-05-17T18:43:36Z,2025-06-06,2025-06-06,163.29,162.8,163.29,165.24,163.28,164.02,5697700,119.0,119.0,0.0,43124.88,62556.39,19431.51,0.0,111819.11,111732.24,0.1667,0.1738,0.0,2.0,0.5,0.3,2.0,48.05,0.6505,0.7702,-0.1197,171.2323,157.6377,164.435,164.435,164.424,-0.008901,-0.022802,-0.037374,-866.32,-0.042681,66,False,majority_sell>=2,majority_sell>=2,2026-05-15,1.0,2026-05-17T18:43:36Z,19405.96,-0.17467,-0.773731
experimental_ensemble,Experimental – Model Consensus,AAPL,ensemble_majority,ensemble_majority,ensemble_majority,binary,binary-2026-05,D-experimental_ensemble-2f17b07f9754,S-AAPL-ensemble_majority-20250623-a1fce7,T-experimental_ensemble-84c6103d898e,BUY,2026-05-17T18:43:36Z,2025-06-23,2025-06-23,201.63,201.0,201.63,202.3,198.96,201.5,55814300,92.0,0.0,92.0,62556.39,44006.43,0.0,18549.96,112452.85,112440.89,0.1667,0.0,0.165,2.0,0.5,0.7,2.0,50.39,-1.4211,-1.5684,0.1472,204.956,195.117,200.0365,200.0365,202.408,-0.005955,0.018213,0.06402,,,,,majority_buy>=2,majority_buy>=2,2026-05-15,1.0,2026-05-17T18:43:36Z,19405.96,-0.17467,-0.773731
experimental_ensemble,Experimental – Model Consensus,JNJ,ensemble_majority,ensemble_majority,ensemble_majority,binary,binary-2026-05,D-experimental_ensemble-c6c8d6e93ba0,S-JNJ-ensemble_majority-20250624-04f974,T-experimental_ensemble-f5a49268c0c9,SELL,2026-05-17T18:43:36Z,2025-06-24,2025-06-24,151.5,151.32,151.5,152.72,150.98,152.19,9544200,122.0,122.0,0.0,44006.43,62489.43,18483.0,0.0,112057.77,111973.59,0.1667,0.1649,0.0,2.0,0.5,0.3,2.0,45.71,-0.5835,-0.1684,-0.4151,157.8574,149.9956,153.9265,153.9265,153.9748,0.000591,0.024509,0.111111,-30.5,-0.001647,26,False,majority_sell>=2,majority_sell>=2,2026-05-15,1.0,2026-05-17T18:43:36Z,19375.46,-0.175967,-0.773731
experimental_ensemble,Experimental – Model Consensus,XOM,ensemble_majority,ensemble_majority,ensemble_majority,binary,binary-2026-05,D-experimental_ensemble-457c2304052d,S-XOM-ensemble_majority-20250630-906329,T-experimental_ensemble-dc60bce75493,SELL,2026-05-17T18:43:36Z,2025-06-30,2025-06-30,108.64,109.38,108.64,108.84,107.72,107.8,19199000,171.0,171.0,0.0,62489.43,81066.87,18577.44,0.0,112589.64,112733.28,0.1667,0.165,0.0,2.0,0.5,0.3,2.0,48.24,0.9968,1.2328,-0.2361,116.2069,100.6521,108.4295,108.4295,106.9976,0.013358,0.059276,0.047124,-37.62,-0.002021,47,False,majority_sell>=2,majority_sell>=2,2026-05-15,1.0,2026-05-17T18:43:36Z,19337.84,-0.177567,-0.773731
experimental_ensemble,Experimental – Model Consensus,PG,ensemble_majority,ensemble_majority,ensemble_majority,binary,binary-2026-05,D-experimental_ensemble-eab36c301c30,S-PG-ensemble_majority-20250702-599522,T-experimental_ensemble-e9380039ea20,BUY,2026-05-17T18:43:36Z,2025-07-02,2025-07-02,161.14,161.22,161.14,161.35,159.86,161.2,8848700,117.0,0.0,117.0,81066.87,62213.49,0.0,18853.38,113221.31,113228.33,0.1667,0.0,0.1665,2.0,0.5,0.7,2.0,48.87,-0.9939,-1.1007,0.1068,165.0971,156.9859,161.0415,161.0415,162.2824,-0.002295,-0.016811,-0.066563,,,,,majority_buy>=2,majority_buy>=2,2026-05-15,1.0,2026-05-17T18:43:36Z,19337.84,-0.177567,-0.773731
experimental_ensemble,Experimental – Model Consensus,WMT,ensemble_majority,ensemble_majority,ensemble_majority,binary,binary-2026-05,D-experimental_ensemble-beb64fc20d8d,S-WMT-ensemble_majority-20250702-2ebe08,T-experimental_ensemble-155a1e612c43,BUY,2026-05-17T18:43:36Z,2025-07-02,2025-07-02,98.13,98.24,98.13,98.38,97.06,97.61,12502000,192.0,0.0,192.0,62213.49,43372.53,0.0,18840.96,113221.31,113128.49,0.1667,0.0,0.1665,2.0,0.5,0.7,2.0,53.99,0.2769,0.1222,0.1547,99.6474,93.7945,96.721,96.721,96.995,0.007684,-0.028173,0.003791,,,,,majority_buy>=2,majority_buy>=2,2026-05-15,1.0,2026-05-17T18:43:36Z,19337.84,-0.177567,-0.773731
experimental_ensemble,Experimental – Model Consensus,WMT,ensemble_majority,ensemble_majority,ensemble_majority,binary,binary-2026-05,D-experimental_ensemble-40816cf5a129,S-WMT-ensemble_majority-20250714-6971e1,T-experimental_ensemble-214112833816,SELL,2026-05-17T18:43:36Z,2025-07-14,2025-07-14,94.51,94.4,94.51,95.84,94.38,95.78,13779100,192.0,192.0,0.0,43372.53,61518.45,18145.92,0.0,111269.03,111025.19,0.1667,0.1631,0.0,2.0,0.5,0.3,2.0,46.27,-0.1811,0.0998,-0.2808,99.6219,93.4671,96.5445,96.5445,97.143,-0.004072,-0.001148,0.085091,-695.04,-0.03689,12,False,majority_sell>=2,majority_sell>=2,2026-05-15,1.0,2026-05-17T18:43:36Z,18642.8,-0.207127,-0.773731
experimental_ensemble,Experimental – Model Consensus,JNJ,ensemble_majority,ensemble_majority,ensemble_majority,binary,binary-2026-05,D-experimental_ensemble-86b39e18bca9,S-JNJ-ensemble_majority-20250715-a82da5,T-experimental_ensemble-3273946c4620,BUY,2026-05-17T18:43:36Z,2025-07-15,2025-07-15,156.36,156.82,156.36,157.19,154.8,155.17,6873200,117.0,0.0,117.0,61518.45,43224.33,0.0,18294.12,110580.24,110441.01,0.1667,0.0,0.1656,3.0,0.75,0.8,2.0,51.41,0.7276,0.4738,0.2538,158.7117,149.5373,154.1245,154.1245,153.9384,0.061932,0.082232,0.113488,,,,,majority_buy>=2,majority_buy>=2,2026-05-15,1.0,2026-05-17T18:43:36Z,18642.8,-0.207127,-0.773731
experimental_ensemble,Experimental – Model Consensus,AAPL,ensemble_majority,ensemble_majority,ensemble_majority,binary,binary-2026-05,D-experimental_ensemble-e5a517764408,S-AAPL-ensemble_majority-20250729-dcdda3,T-experimental_ensemble-eade2a737df1,SELL,2026-05-17T18:43:36Z,2025-07-29,2025-07-29,214.18,214.05,214.18,214.81,210.82,211.27,51411700,92.0,92.0,0.0,43224.33,62928.89,19704.56,0.0,111357.28,111625.0,0.1667,0.1769,0.0,2.0,0.5,0.3,2.0,54.51,2.318,2.4073,-0.0893,215.4772,207.6788,211.578,211.578,205.435,-0.010508,-0.039523,0.085388,1154.6,0.062243,36,True,majority_sell>=2,majority_sell>=2,2026-05-15,1.0,2026-05-17T18:43:36Z,19797.4,-0.158022,-0.773731
experimental_ensemble,Experimental – Model Consensus,JNJ,ensemble_majority,ensemble_majority,ensemble_majority,binary,binary-2026-05,D-experimental_ensemble-6aed5925e36c,S-JNJ-ensemble_majority-20250804-555beb,T-experimental_ensemble-90c938149c41,SELL,2026-05-17T18:43:36Z,2025-08-04,2025-08-04,167.03,167.33,167.03,171.19,166.64,171.04,12679100,117.0,117.0,0.0,62928.89,82471.4,19542.51,0.0,110459.67,109990.5,0.1667,0.1769,0.0,2.0,0.5,0.3,2.0,67.57,3.4161,3.2238,0.1924,174.0118,153.3942,163.703,163.703,157.807,-0.001754,0.016254,0.041043,1248.39,0.06824,20,True,majority_sell>=2,majority_sell>=2,2026-05-15,1.0,2026-05-17T18:43:36Z,21045.79,-0.104928,-0.773731
experimental_ensemble,Experimental – Model Consensus,XOM,ensemble_majority,ensemble_majority,ensemble_majority,binary,binary-2026-05,D-experimental_ensemble-d952ea3b5585,S-XOM-ensemble_majority-20250820-4cc210,T-experimental_ensemble-d60b161d243d,BUY,2026-05-17T18:43:36Z,2025-08-20,2025-08-20,107.88,107.42,107.88,109.33,107.68,108.53,18959700,175.0,0.0,175.0,82471.4,63592.4,0.0,18879.0,113427.51,113541.26,0.1667,0.0,0.1663,2.0,0.5,0.7,2.0,50.39,-0.8097,-0.8702,0.0605,112.8763,103.9897,108.433,108.433,110.0798,0.00645,0.038883,0.049756,,,,,majority_buy>=2,majority_buy>=2,2026-05-15,1.0,2026-05-17T18:43:36Z,21045.79,-0.104928,-0.773731
experimental_ensemble,Experimental – Model Consensus,WMT,ensemble_majority,ensemble_majority,ensemble_majority,binary,binary-2026-05,D-experimental_ensemble-8c0b1199608e,S-WMT-ensemble_majority-20250910-a2336e,T-experimental_ensemble-a9432dd0cd58,BUY,2026-05-17T18:43:36Z,2025-09-10,2025-09-10,101.95,102.29,101.95,102.45,100.39,100.41,17934900,189.0,0.0,189.0,63592.4,44323.85,0.0,19268.55,115907.83,115616.77,0.1667,0.0,0.1667,3.0,0.75,0.8,2.0,53.97,0.5159,0.1864,0.3295,103.8366,94.7824,99.3095,99.3095,98.546,0.022309,0.038442,0.024798,,,,,majority_buy>=2,majority_buy>=2,2026-05-15,1.0,2026-05-17T18:43:36Z,21045.79,-0.104928,-0.773731
experimental_ensemble,Experimental – Model Consensus,PG,ensemble_majority,ensemble_majority,ensemble_majority,binary,binary-2026-05,D-experimental_ensemble-71eb70207bb1,S-PG-ensemble_majority-20250915-299609,T-experimental_ensemble-84d9c4fbd611,SELL,2026-05-17T18:43:36Z,2025-09-15,2025-09-15,157.88,157.9,157.88,158.52,156.2,156.83,5995000,117.0,117.0,0.0,44323.85,62795.81,18471.96,0.0,116195.11,116317.96,0.1667,0.159,0.0,2.0,0.5,0.3,2.0,48.15,0.5313,0.6154,-0.0841,160.4834,155.2516,157.8675,157.8675,156.2172,0.007779,-0.023975,-0.059555,-381.42,-0.020231,75,False,majority_sell>=2,majority_sell>=2,2026-05-15,1.0,2026-05-17T18:43:36Z,20664.37,-0.12115,-0.773731
experimental_ensemble,Experimental – Model Consensus,MSFT,ensemble_majority,ensemble_majority,ensemble_majority,binary,binary-2026-05,D-experimental_ensemble-f158f7f0ace0,S-MSFT-ensemble_majority-20250916-f7b2f3,T-experimental_ensemble-011fa56c8e38,BUY,2026-05-17T18:43:36Z,2025-09-16,2025-09-16,516.88,515.36,516.88,517.23,508.6,509.04,19711900,37.0,0.0,37.0,62795.81,43671.25,0.0,19124.56,116342.17,116052.09,0.1667,0.0,0.1648,3.0,0.75,0.8,2.0,51.6,-1.0164,-1.8524,0.836,514.579,495.627,505.103,505.103,510.9492,0.001925,0.000373,0.008899,,,,,majority_buy>=2,majority_buy>=2,2026-05-15,1.0,2026-05-17T18:43:36Z,20664.37,-0.12115,-0.773731
experimental_ensemble,Experimental – Model Consensus,UNH,ensemble_majority,ensemble_majority,ensemble_majority,binary,binary-2026-05,D-experimental_ensemble-4121a0b88610,S-UNH-ensemble_majority-20250917-f3669a,T-experimental_ensemble-b54f332f10d5,SELL,2026-05-17T18:43:36Z,2025-09-17,2025-09-17,337.69,339.78,337.69,343.0,337.69,341.61,8467700,41.0,41.0,0.0,43671.25,57516.54,13845.29,0.0,116430.78,116270.06,0.1667,0.1189,0.0,2.0,0.5,0.3,2.0,66.39,15.9564,14.0079,1.9485,360.7468,281.7272,321.237,321.237,294.2008,-0.019876,0.029859,0.0572,-5875.71,-0.297942,187,False,majority_sell>=2,majority_sell>=2,2026-05-15,1.0,2026-05-17T18:43:36Z,14788.66,-0.371042,-0.773731
experimental_ensemble,Experimental – Model Consensus,XOM,ensemble_majority,ensemble_majority,ensemble_majority,binary,binary-2026-05,D-experimental_ensemble-c417a60f9831,S-XOM-ensemble_majority-20251001-12f3a3,T-experimental_ensemble-fc4579e51f65,SELL,2026-05-17T18:43:36Z,2025-10-01,2025-10-01,112.56,112.75,112.56,113.02,111.29,111.99,16614000,175.0,175.0,0.0,57516.54,77214.54,19698.0,0.0,115614.5,115714.25,0.1667,0.1704,0.0,2.0,0.5,0.3,2.0,47.6,0.8035,1.0059,-0.2023,116.8223,109.2077,113.015,113.015,110.9924,-0.006251,0.018127,0.039825,819.0,0.043382,42,True,majority_sell>=2,majority_sell>=2,2026-05-15,1.0,2026-05-17T18:43:36Z,15607.66,-0.33621,-0.773731
experimental_ensemble,Experimental – Model Consensus,WMT,ensemble_majority,ensemble_majority,ensemble_majority,binary,binary-2026-05,D-experimental_ensemble-4038166a974e,S-WMT-ensemble_majority-20251001-4348f7,T-experimental_ensemble-bdf6b53d99c7,SELL,2026-05-17T18:43:36Z,2025-10-01,2025-10-01,102.56,103.06,102.56,102.86,100.55,101.96,16142800,189.0,189.0,0.0,77214.54,96598.38,19383.84,0.0,115614.5,115827.65,0.1667,0.1677,0.0,3.0,0.75,0.2,2.0,50.95,0.7797,0.9423,-0.1625,104.6177,100.6073,102.6125,102.6125,100.5686,-0.00255,0.009219,0.004904,115.29,0.005983,21,True,majority_sell>=2,majority_sell>=2,2026-05-15,1.0,2026-05-17T18:43:36Z,15722.95,-0.331307,-0.773731
experimental_ensemble,Experimental – Model Consensus,MSFT,ensemble_majority,ensemble_majority,ensemble_majority,binary,binary-2026-05,D-experimental_ensemble-2a0ee2384254,S-MSFT-ensemble_majority-20251013-da9f33,T-experimental_ensemble-28214feb6ced,SELL,2026-05-17T18:43:36Z,2025-10-13,2025-10-13,516.41,510.96,516.41,516.41,511.68,514.05,14284200,37.0,37.0,0.0,96598.38,115705.55,19107.17,0.0,115618.23,115705.55,0.1667,0.1653,0.0,2.0,0.5,0.3,2.0,49.52,2.5334,2.7807,-0.2472,527.3354,503.4566,515.396,515.396,513.2698,-0.000934,0.00533,-0.01566,-17.39,-0.000909,27,False,majority_sell>=2,majority_sell>=2,2026-05-15,1.0,2026-05-17T18:43:36Z,15705.56,-0.332047,-0.773731
experimental_ensemble,Experimental – Model Consensus,PG,ensemble_majority,ensemble_majority,ensemble_majority,binary,binary-2026-05,D-experimental_ensemble-6713aebb5581,S-PG-ensemble_majority-20251020-6fc1f5,T-experimental_ensemble-077ab4384103,BUY,2026-05-17T18:43:36Z,2025-10-20,2025-10-20,151.59,151.4,151.59,152.39,151.3,151.96,5601300,127.0,0.0,127.0,115705.55,96453.62,0.0,19251.93,115705.55,115752.54,0.1667,0.0,0.1663,3.0,0.75,0.8,2.0,49.14,-1.4666,-1.6459,0.1793,154.8276,147.6914,151.2595,151.2595,154.8186,-0.002238,-0.001448,-0.040405,,,,,majority_buy>=2,majority_buy>=2,2026-05-15,1.0,2026-05-17T18:43:36Z,15705.56,-0.332047,-0.773731
experimental_ensemble,Experimental – Model Consensus,JPM,ensemble_majority,ensemble_majority,ensemble_majority,binary,binary-2026-05,D-experimental_ensemble-7926e2156dc8,S-JPM-ensemble_majority-20251029-482000,T-experimental_ensemble-6e0d43ca2b90,BUY,2026-05-17T18:43:36Z,2025-10-29,2025-10-29,303.51,305.36,303.51,308.25,303.01,305.51,7520300,63.0,0.0,63.0,96453.62,77332.49,0.0,19121.13,115347.41,115473.41,0.1667,0.0,0.1656,2.0,0.5,0.7,2.0,52.9,-1.0123,-1.2949,0.2825,312.2905,293.7395,303.015,303.015,304.0892,0.012864,0.020196,0.006972,,,,,majority_buy>=2,majority_buy>=2,2026-05-15,1.0,2026-05-17T18:43:36Z,15705.56,-0.332047,-0.773731
experimental_ensemble,Experimental – Model Consensus,MSFT,ensemble_majority,ensemble_majority,ensemble_majority,binary,binary-2026-05,D-experimental_ensemble-a6d8c15726d4,S-MSFT-ensemble_majority-20251030-44afd9,T-experimental_ensemble-74ff375d05d9,BUY,2026-05-17T18:43:36Z,2025-10-30,2025-10-30,530.48,541.55,530.48,534.97,522.12,525.76,41023100,36.0,0.0,36.0,77332.49,58235.21,0.0,19097.28,115823.87,115653.95,0.1667,0.0,0.1651,3.0,0.75,0.8,2.0,54.17,5.0955,3.4521,1.6434,539.1929,504.2481,521.7205,521.7205,513.554,-0.015121,-0.054512,-0.064193,,,,,majority_buy>=2,majority_buy>=2,2026-05-15,1.0,2026-05-17T18:43:36Z,15705.56,-0.332047,-0.773731
experimental_ensemble,Experimental – Model Consensus,XOM,ensemble_majority,ensemble_majority,ensemble_majority,binary,binary-2026-05,D-experimental_ensemble-e00681bad099,S-XOM-ensemble_majority-20251030-5747f8,T-experimental_ensemble-3368bbf20962,BUY,2026-05-17T18:43:36Z,2025-10-30,2025-10-30,116.43,116.45,116.43,116.52,114.53,114.69,16172900,165.0,0.0,165.0,58235.21,39024.26,0.0,19210.95,115823.87,115366.85,0.1667,0.0,0.1665,3.0,0.75,0.8,2.0,53.51,0.763,0.5084,0.2545,116.9607,110.2393,113.6,113.6,113.0864,-0.002877,-0.001657,0.010725,,,,,majority_buy>=2,majority_buy>=2,2026-05-15,1.0,2026-05-17T18:43:36Z,15705.56,-0.332047,-0.773731
experimental_ensemble,Experimental – Model Consensus,MSFT,ensemble_majority,ensemble_majority,ensemble_majority,binary,binary-2026-05,D-experimental_ensemble-859f7615f983,S-MSFT-ensemble_majority-20251103-f0b04f,T-experimental_ensemble-76f74b0fc329,SELL,2026-05-17T18:43:36Z,2025-11-03,2025-11-03,519.81,517.81,519.81,524.96,514.59,517.03,22374700,36.0,36.0,0.0,39024.26,57737.42,18713.16,0.0,114695.33,114795.41,0.1667,0.1632,0.0,2.0,0.5,0.3,2.0,47.08,3.1148,3.4796,-0.3648,538.4382,503.8948,521.1665,521.1665,514.0214,-0.005222,-0.021333,-0.052279,-384.12,-0.020114,4,False,majority_sell>=2,majority_sell>=2,2026-05-15,1.0,2026-05-17T18:43:36Z,15321.44,-0.348383,-0.773731
experimental_ensemble,Experimental – Model Consensus,PG,ensemble_majority,ensemble_majority,ensemble_majority,binary,binary-2026-05,D-experimental_ensemble-333004e57dd9,S-PG-ensemble_majority-20251111-d1183d,T-experimental_ensemble-259a529d0747,SELL,2026-05-17T18:43:36Z,2025-11-11,2025-11-11,145.96,145.5,145.96,148.65,145.67,148.54,7332500,127.0,127.0,0.0,57737.42,76274.34,18536.92,0.0,116249.76,115922.1,0.1667,0.1595,0.0,2.0,0.5,0.3,2.0,46.35,-1.5153,-1.3622,-0.1531,154.0868,144.7992,149.443,149.443,152.5008,-0.003568,-0.010435,-0.058705,-715.01,-0.03714,22,False,majority_sell>=2,majority_sell>=2,2026-05-15,1.0,2026-05-17T18:43:36Z,14606.43,-0.378792,-0.773731
experimental_ensemble,Experimental – Model Consensus,XOM,ensemble_majority,ensemble_majority,ensemble_majority,binary,binary-2026-05,D-experimental_ensemble-28bfd5f79b7f,S-XOM-ensemble_majority-20251124-861817,T-experimental_ensemble-5db91b298787,SELL,2026-05-17T18:43:36Z,2025-11-24,2025-11-24,117.2,117.08,117.2,117.2,114.74,115.97,18034900,165.0,165.0,0.0,76274.34,95612.34,19338.0,0.0,114183.39,114386.34,0.1667,0.1694,0.0,3.0,0.75,0.2,2.0,49.26,0.8916,1.1173,-0.2257,120.4578,112.7582,116.608,116.608,114.766,-0.012589,-0.005088,0.029749,127.05,0.006613,25,True,majority_sell>=2,majority_sell>=2,2026-05-15,1.0,2026-05-17T18:43:36Z,14733.48,-0.373389,-0.773731
experimental_ensemble,Experimental – Model Consensus,WMT,ensemble_majority,ensemble_majority,ensemble_majority,binary,binary-2026-05,D-experimental_ensemble-0bd19e0ba4e2,S-WMT-ensemble_majority-20251124-3e4870,T-experimental_ensemble-1cbe7017c212,BUY,2026-05-17T18:43:36Z,2025-11-24,2025-11-24,105.36,105.32,105.36,106.27,103.76,104.06,42519200,180.0,0.0,180.0,95612.34,76647.54,0.0,18964.8,114183.39,114152.34,0.1667,0.0,0.1661,3.0,0.75,0.8,2.0,52.24,0.1445,-0.1271,0.2716,105.63,99.81,102.72,102.72,103.5418,0.028253,0.080242,0.065731,,,,,majority_buy>=2,majority_buy>=2,2026-05-15,1.0,2026-05-17T18:43:36Z,14733.48,-0.373389,-0.773731
experimental_ensemble,Experimental – Model Consensus,JPM,ensemble_majority,ensemble_majority,ensemble_majority,binary,binary-2026-05,D-experimental_ensemble-111b9066c198,S-JPM-ensemble_majority-20251125-566220,T-experimental_ensemble-ac2082c13811,SELL,2026-05-17T18:43:36Z,2025-11-25,2025-11-25,300.05,298.0,300.05,304.5,295.56,303.0,8877200,63.0,63.0,0.0,76647.54,95550.69,18903.15,0.0,114996.54,114810.69,0.1667,0.1644,0.0,3.0,0.75,0.2,2.0,47.38,-1.6701,-0.3802,-1.2898,320.8066,294.2374,307.522,307.522,307.0986,0.015314,0.030132,0.08637,-217.98,-0.0114,27,False,majority_sell>=2,majority_sell>=2,2026-05-15,1.0,2026-05-17T18:43:36Z,14515.5,-0.38266,-0.773731
experimental_ensemble,Experimental – Model Consensus,PG,ensemble_majority,ensemble_majority,ensemble_majority,binary,binary-2026-05,D-experimental_ensemble-e2a488c16592,S-PG-ensemble_majority-20251125-4581cb,T-experimental_ensemble-1fc248f786f7,BUY,2026-05-17T18:43:36Z,2025-11-25,2025-11-25,147.32,146.98,147.32,148.65,147.22,148.49,10477700,130.0,0.0,130.0,95550.69,76399.09,0.0,19151.6,114996.54,114962.79,0.1667,0.0,0.1666,3.0,0.75,0.8,2.0,49.26,-0.6731,-1.001,0.3279,150.5997,144.8873,147.7435,147.7435,150.369,-0.001616,-0.011987,-0.026938,,,,,majority_buy>=2,majority_buy>=2,2026-05-15,1.0,2026-05-17T18:43:36Z,14515.5,-0.38266,-0.773731
experimental_ensemble,Experimental – Model Consensus,UNH,ensemble_majority,ensemble_majority,ensemble_majority,binary,binary-2026-05,D-experimental_ensemble-e2f2d7237f97,S-UNH-ensemble_majority-20251126-cfa1ca,T-experimental_ensemble-e73bcd38613d,BUY,2026-05-17T18:43:36Z,2025-11-26,2025-11-26,326.59,326.28,326.59,335.19,325.89,329.71,5504200,58.0,0.0,58.0,76399.09,57456.87,0.0,18942.22,115309.59,115490.55,0.1667,0.0,0.164,2.0,0.5,0.7,2.0,49.14,-6.5612,-7.3864,0.8252,344.4484,307.2166,325.8325,325.8325,343.6444,0.000182,0.011465,0.00643,,,,,majority_buy>=2,majority_buy>=2,2026-05-15,1.0,2026-05-17T18:43:36Z,14515.5,-0.38266,-0.773731
experimental_ensemble,Experimental – Model Consensus,JPM,ensemble_majority,ensemble_majority,ensemble_majority,binary,binary-2026-05,D-experimental_ensemble-797d3e7682d5,S-JPM-ensemble_majority-20251201-dea714,T-experimental_ensemble-a2292d8f8c50,BUY,2026-05-17T18:43:36Z,2025-12-01,2025-12-01,312.95,313.08,312.95,314.04,308.54,308.92,7727300,61.0,0.0,61.0,57456.87,38366.92,0.0,19089.95,115445.65,115199.82,0.1667,0.0,0.1657,2.0,0.5,0.7,2.0,53.27,-0.087,-0.4297,0.3427,321.0717,294.3293,307.7005,307.7005,306.8962,-0.003367,0.020361,0.046938,,,,,majority_buy>=2,majority_buy>=2,2026-05-15,1.0,2026-05-17T18:43:36Z,14515.5,-0.38266,-0.773731
experimental_ensemble,Experimental – Model Consensus,MSFT,ensemble_majority,ensemble_majority,ensemble_majority,binary,binary-2026-05,D-experimental_ensemble-e4f0ea32fc42,S-MSFT-ensemble_majority-20251208-0ba4bf,T-experimental_ensemble-c32f588e62eb,BUY,2026-05-17T18:43:36Z,2025-12-08,2025-12-08,484.89,483.16,484.89,492.3,484.38,491.02,21965900,39.0,0.0,39.0,38366.92,19456.21,0.0,18910.71,114789.69,115028.76,0.1667,0.0,0.1644,3.0,0.75,0.8,2.0,47.83,-6.9411,-7.825,0.884,515.8998,465.7232,490.8115,490.8115,507.3778,0.002037,-0.032993,-0.015376,,,,,majority_buy>=2,majority_buy>=2,2026-05-15,1.0,2026-05-17T18:43:36Z,14515.5,-0.38266,-0.773731
experimental_ensemble,Experimental – Model Consensus,XOM,ensemble_majority,ensemble_majority,ensemble_majority,binary,binary-2026-05,D-experimental_ensemble-128672ca7f0c,S-XOM-ensemble_majority-20251215-82b574,T-experimental_ensemble-43f115e4f43d,BUY,2026-05-17T18:43:36Z,2025-12-15,2025-12-15,119.01,118.82,119.01,119.03,116.85,117.76,16358700,163.0,0.0,163.0,19456.21,57.58,0.0,19398.63,117168.31,116964.56,0.1667,0.0,0.1659,2.0,0.5,0.7,2.0,52.99,0.7207,0.5975,0.1232,119.9912,114.2798,117.1355,117.1355,115.6662,-0.026155,0.003312,0.105639,,,,,majority_buy>=2,majority_buy>=2,2026-05-15,1.0,2026-05-17T18:43:36Z,14515.5,-0.38266,-0.773731
experimental_ensemble,Experimental – Model Consensus,XOM,ensemble_majority,ensemble_majority,ensemble_majority,binary,binary-2026-05,D-experimental_ensemble-5ee53249749d,S-XOM-ensemble_majority-20251218-409289,T-experimental_ensemble-725bc6084456,SELL,2026-05-17T18:43:36Z,2025-12-18,2025-12-18,116.99,117.41,116.99,116.99,115.63,116.54,13705600,163.0,163.0,0.0,57.58,19126.95,19069.37,0.0,115640.94,115714.29,0.1667,0.1649,0.0,3.0,0.75,0.2,2.0,49.1,0.3128,0.487,-0.1743,119.7563,113.9717,116.864,116.864,115.7892,0.001287,0.022053,0.119444,-329.26,-0.016973,3,False,majority_sell>=2,majority_sell>=2,2026-05-15,1.0,2026-05-17T18:43:36Z,14186.24,-0.396663,-0.773731
experimental_ensemble,Experimental – Model Consensus,WMT,ensemble_majority,ensemble_majority,ensemble_majority,binary,binary-2026-05,D-experimental_ensemble-71087a8c908d,S-WMT-ensemble_majority-20251222-fb5162,T-experimental_ensemble-478ceac5bc06,SELL,2026-05-17T18:43:36Z,2025-12-22,2025-12-22,114.01,114.36,114.01,114.32,112.22,112.6,21473900,180.0,180.0,0.0,19126.95,39648.75,20521.8,0.0,115424.3,115678.1,0.1667,0.1778,0.0,3.0,0.75,0.2,2.0,53.5,2.3384,2.7303,-0.3918,119.5606,106.7044,113.1325,113.1325,107.6692,-0.015098,-0.006039,0.046448,1557.0,0.082099,28,True,majority_sell>=2,majority_sell>=2,2026-05-15,1.0,2026-05-17T18:43:36Z,15743.24,-0.330444,-0.773731
experimental_ensemble,Experimental – Model Consensus,PG,ensemble_majority,ensemble_majority,ensemble_majority,binary,binary-2026-05,D-experimental_ensemble-0cac45c45fea,S-PG-ensemble_majority-20260109-31976c,T-experimental_ensemble-fce155aeabfc,SELL,2026-05-17T18:43:36Z,2026-01-09,2026-01-09,141.7,141.53,141.7,142.33,140.83,141.87,9528500,130.0,130.0,0.0,39648.75,58069.75,18421.0,0.0,116815.2,116793.1,0.1667,0.1577,0.0,2.0,0.5,0.3,2.0,45.68,-1.3242,-1.1755,-0.1486,147.6042,138.6228,143.1135,143.1135,145.2032,0.011208,0.01875,0.108973,-730.6,-0.038148,45,False,majority_sell>=2,majority_sell>=2,2026-05-15,1.0,2026-05-17T18:43:36Z,15012.64,-0.361516,-0.773731
experimental_ensemble,Experimental – Model Consensus,PG,ensemble_majority,ensemble_majority,ensemble_majority,binary,binary-2026-05,D-experimental_ensemble-8648f843aeb7,S-PG-ensemble_majority-20260112-c1d068,T-experimental_ensemble-74d8c7b71efb,BUY,2026-05-17T18:43:36Z,2026-01-12,2026-01-12,142.28,141.87,142.28,143.88,141.71,143.46,12812000,136.0,0.0,136.0,58069.75,38719.67,0.0,19350.08,116223.24,116383.72,0.1667,0.0,0.1663,2.0,0.5,0.7,2.0,50.35,-1.1033,-1.1611,0.0578,147.6085,138.8885,143.2485,143.2485,145.097,0.005437,0.024676,0.10888,,,,,majority_buy>=2,majority_buy>=2,2026-05-15,1.0,2026-05-17T18:43:36Z,15012.64,-0.361516,-0.773731
experimental_ensemble,Experimental – Model Consensus,UNH,ensemble_majority,ensemble_majority,ensemble_majority,binary,binary-2026-05,D-experimental_ensemble-f653a520c741,S-UNH-ensemble_majority-20260116-952107,T-experimental_ensemble-2d26a7be8fbe,SELL,2026-05-17T18:43:36Z,2026-01-16,2026-01-16,334.86,338.96,334.86,336.2,330.43,331.02,8039100,58.0,58.0,0.0,38719.67,58141.55,19421.88,0.0,114570.12,114792.84,0.1667,0.1695,0.0,2.0,0.5,0.3,2.0,46.34,1.4961,2.0673,-0.5712,349.0095,320.5345,334.772,334.772,330.0776,0.022385,0.062292,-0.126669,479.66,0.025322,51,True,majority_sell>=2,majority_sell>=2,2026-05-15,1.0,2026-05-17T18:43:36Z,15492.3,-0.341117,-0.773731
experimental_ensemble,Experimental – Model Consensus,MSFT,ensemble_majority,ensemble_majority,ensemble_majority,binary,binary-2026-05,D-experimental_ensemble-d23857cd4a15,S-MSFT-ensemble_majority-20260123-81ebe8,T-experimental_ensemble-b682f3b82d1c,SELL,2026-05-17T18:43:36Z,2026-01-23,2026-01-23,451.87,451.14,451.87,471.1,450.53,465.95,38000200,39.0,39.0,0.0,58141.55,75764.48,17622.93,0.0,114894.92,114345.8,0.1667,0.1534,0.0,3.0,0.75,0.2,2.0,46.05,-8.214,-6.8181,-1.3959,498.3764,445.4796,471.928,471.928,481.0074,0.009293,-0.076532,-0.174869,-1287.78,-0.068098,46,False,majority_sell>=2,majority_sell>=2,2026-05-15,1.0,2026-05-17T18:43:36Z,14204.52,-0.395886,-0.773731
experimental_ensemble,Experimental – Model Consensus,AAPL,ensemble_majority,ensemble_majority,ensemble_majority,binary,binary-2026-05,D-experimental_ensemble-92abf6c60089,S-AAPL-ensemble_majority-20260129-62a5ae,T-experimental_ensemble-15019a089c56,BUY,2026-05-17T18:43:36Z,2026-01-29,2026-01-29,258.0,256.44,258.0,259.65,254.41,258.28,67253000,74.0,0.0,74.0,75764.48,56672.48,0.0,19092.0,114842.5,114863.22,0.1667,0.0,0.1662,3.0,0.75,0.8,2.0,46.32,-4.0841,-4.7387,0.6546,271.9348,244.6022,258.2685,258.2685,268.4548,0.004646,0.068259,0.022843,,,,,majority_buy>=2,majority_buy>=2,2026-05-15,1.0,2026-05-17T18:43:36Z,14204.52,-0.395886,-0.773731
experimental_ensemble,Experimental – Model Consensus,MSFT,ensemble_majority,ensemble_majority,ensemble_majority,binary,binary-2026-05,D-experimental_ensemble-bbabc441b69f,S-MSFT-ensemble_majority-20260129-c29e38,T-experimental_ensemble-625c28a12e5b,BUY,2026-05-17T18:43:36Z,2026-01-29,2026-01-29,439.99,481.63,439.99,442.5,421.02,433.5,128855300,43.0,0.0,43.0,56672.48,37752.91,0.0,18919.57,114842.5,114584.15,0.1667,0.0,0.1651,2.0,0.5,0.7,2.0,33.57,-6.183,-5.9936,-0.1894,495.3179,440.1061,467.712,467.712,477.6614,-0.007405,-0.09188,-0.094025,,,,,majority_buy>=2,majority_buy>=2,2026-05-15,1.0,2026-05-17T18:43:36Z,14204.52,-0.395886,-0.773731
experimental_ensemble,Experimental – Model Consensus,JPM,ensemble_majority,ensemble_majority,ensemble_majority,binary,binary-2026-05,D-experimental_ensemble-e24db726c6de,S-JPM-ensemble_majority-20260217-d88bfe,T-experimental_ensemble-b0de165d8a68,SELL,2026-05-17T18:43:36Z,2026-02-17,2026-02-17,302.76,302.55,302.76,308.24,302.5,307.13,8896800,61.0,61.0,0.0,37752.91,56221.27,18468.36,0.0,114778.74,114512.17,0.1667,0.1609,0.0,2.0,0.5,0.3,2.0,46.26,-1.3749,-1.0583,-0.3166,322.4793,293.2107,307.845,307.845,315.0222,0.005372,-0.032006,-0.0659,-621.59,-0.032561,78,False,majority_sell>=2,majority_sell>=2,2026-05-15,1.0,2026-05-17T18:43:36Z,13582.93,-0.422322,-0.773731
experimental_ensemble,Experimental – Model Consensus,AAPL,ensemble_majority,ensemble_majority,ensemble_majority,binary,binary-2026-05,D-experimental_ensemble-53badb09f3b8,S-AAPL-ensemble_majority-20260220-25e0ef,T-experimental_ensemble-d085ea8c7782,SELL,2026-05-17T18:43:36Z,2026-02-20,2026-02-20,258.97,260.58,258.97,264.75,258.16,264.58,42070500,74.0,74.0,0.0,56221.27,75385.05,19163.78,0.0,114747.16,114332.02,0.1667,0.167,0.0,2.0,0.5,0.3,2.0,49.57,0.073,0.6716,-0.5986,281.9865,248.0765,265.0315,265.0315,266.1126,0.006047,-0.001512,-0.062703,71.78,0.00376,22,True,majority_sell>=2,majority_sell>=2,2026-05-15,1.0,2026-05-17T18:43:36Z,13654.71,-0.419269,-0.773731
experimental_ensemble,Experimental – Model Consensus,PG,ensemble_majority,ensemble_majority,ensemble_majority,binary,binary-2026-05,D-experimental_ensemble-024e5be7c1f1,S-PG-ensemble_majority-20260220-c4fbb5,T-experimental_ensemble-427b3abbe1df,SELL,2026-05-17T18:43:36Z,2026-02-20,2026-02-20,159.13,158.56,159.13,161.06,158.16,160.78,11508100,136.0,136.0,0.0,75385.05,97026.73,21641.68,0.0,114747.16,114107.62,0.1667,0.1886,0.0,3.0,0.75,0.2,2.0,66.35,3.4444,3.4638,-0.0194,164.6573,146.7017,155.6795,155.6795,148.4302,0.027304,0.03993,-0.102625,2291.6,0.118428,39,True,majority_sell>=2,majority_sell>=2,2026-05-15,1.0,2026-05-17T18:43:36Z,15946.31,-0.321808,-0.773731
experimental_ensemble,Experimental – Model Consensus,UNH,ensemble_majority,ensemble_majority,ensemble_majority,binary,binary-2026-05,D-experimental_ensemble-417f03d678d9,S-UNH-ensemble_majority-20260225-d01008,T-experimental_ensemble-c7acdb7ce682,BUY,2026-05-17T18:43:36Z,2026-02-25,2026-02-25,277.29,273.95,277.29,284.74,276.87,284.2,11380600,68.0,0.0,68.0,97026.73,78171.01,0.0,18855.72,114252.53,114722.41,0.1667,0.0,0.1644,4.0,1.0,0.9,2.0,43.12,-9.3016,-10.8705,1.5689,297.8131,268.9099,283.3615,283.3615,314.8538,0.008656,0.027305,-0.04803,,,,,majority_buy>=2,majority_buy>=2,2026-05-15,1.0,2026-05-17T18:43:36Z,15946.31,-0.321808,-0.773731
experimental_ensemble,Experimental – Model Consensus,JPM,ensemble_majority,ensemble_majority,ensemble_majority,binary,binary-2026-05,D-experimental_ensemble-4f0fbc2cd4fd,S-JPM-ensemble_majority-20260324-37bb1b,T-experimental_ensemble-4dabed2eb596,BUY,2026-05-17T18:43:36Z,2026-03-24,2026-03-24,286.17,289.91,286.17,295.48,285.37,292.4,11092300,65.0,0.0,65.0,78171.01,59569.96,0.0,18601.05,112713.87,113118.82,0.1667,0.0,0.1644,3.0,0.75,0.8,2.0,46.98,-4.4449,-5.281,0.8361,305.2626,278.7474,292.005,292.005,301.6916,0.010328,0.006019,0.07052,,,,,majority_buy>=2,majority_buy>=2,2026-05-15,1.0,2026-05-17T18:43:36Z,15946.31,-0.321808,-0.773731
experimental_ensemble,Experimental – Model Consensus,AAPL,ensemble_majority,ensemble_majority,ensemble_majority,binary,binary-2026-05,D-experimental_ensemble-5c7036c4fc13,S-AAPL-ensemble_majority-20260401-5c6c7e,T-experimental_ensemble-450a633b6d4a,BUY,2026-05-17T18:43:36Z,2026-04-01,2026-04-01,254.08,253.79,254.08,256.18,253.33,255.63,40059400,74.0,0.0,74.0,59569.96,40768.04,0.0,18801.92,113283.21,113397.91,0.1667,0.0,0.1658,2.0,0.5,0.7,2.0,49.94,-2.8808,-3.3957,0.5148,262.2667,244.9913,253.629,253.629,260.1976,0.001134,0.019012,0.061495,,,,,majority_buy>=2,majority_buy>=2,2026-05-15,1.0,2026-05-17T18:43:36Z,15946.31,-0.321808,-0.773731
experimental_ensemble,Experimental – Model Consensus,WMT,ensemble_majority,ensemble_majority,ensemble_majority,binary,binary-2026-05,D-experimental_ensemble-7889cd88a44c,S-WMT-ensemble_majority-20260401-143f87,T-experimental_ensemble-7430946278cf,BUY,2026-05-17T18:43:36Z,2026-04-01,2026-04-01,123.8,124.28,123.8,125.23,123.13,124.74,17039700,152.0,0.0,152.0,40768.04,21950.44,0.0,18817.6,113283.21,113540.79,0.1667,0.0,0.1657,2.0,0.5,0.7,2.0,53.17,-0.2985,-0.444,0.1455,127.0846,119.7644,123.4245,123.4245,124.357,0.008418,0.035193,0.05764,,,,,majority_buy>=2,majority_buy>=2,2026-05-15,1.0,2026-05-17T18:43:36Z,15946.31,-0.321808,-0.773731
experimental_ensemble,Experimental – Model Consensus,PG,ensemble_majority,ensemble_majority,ensemble_majority,binary,binary-2026-05,D-experimental_ensemble-59d416770ed9,S-PG-ensemble_majority-20260402-60d5b7,T-experimental_ensemble-4325c270e997,BUY,2026-05-17T18:43:36Z,2026-04-02,2026-04-02,144.09,144.09,144.09,144.21,142.58,143.12,5941700,131.0,0.0,131.0,21950.44,3074.65,0.0,18875.79,114070.06,113942.99,0.1667,0.0,0.1657,3.0,0.75,0.8,2.0,34.08,-3.2942,-3.0958,-0.1984,156.7118,138.4212,147.5665,147.5665,153.5032,-0.002445,0.014254,0.028927,,,,,majority_buy>=2,majority_buy>=2,2026-05-15,1.0,2026-05-17T18:43:36Z,15946.31,-0.321808,-0.773731
experimental_ensemble,Experimental – Model Consensus,XOM,ensemble_majority,ensemble_majority,ensemble_majority,binary,binary-2026-05,D-experimental_ensemble-b392eef92fb1,S-XOM-ensemble_majority-20260430-d3659e,T-experimental_ensemble-9d64c9933b24,BUY,2026-05-17T18:43:36Z,2026-04-30,2026-04-30,152.43,154.67,152.43,155.69,151.34,154.33,22885900,20.0,0.0,20.0,3074.65,26.05,0.0,3048.6,125563.83,125601.83,0.1667,0.0,0.0243,2.0,0.5,0.7,2.0,52.18,-1.3303,-1.5761,0.2458,162.6022,142.7758,152.689,152.689,154.787,-0.010238,-0.050217,,,,,,majority_buy>=2,majority_buy>=2,2026-05-15,1.0,2026-05-17T18:43:36Z,15946.31,-0.321808,-0.773731
experimental_ensemble,Experimental – Model Consensus,JPM,ensemble_majority,ensemble_majority,ensemble_majority,binary,binary-2026-05,D-experimental_ensemble-8d8debdca7be,S-JPM-ensemble_majority-20260504-dba867,T-experimental_ensemble-4b37f349df86,SELL,2026-05-17T18:43:36Z,2026-05-04,2026-05-04,310.62,312.47,310.62,310.65,306.51,307.65,7338200,65.0,65.0,0.0,26.05,20216.35,20190.3,0.0,125177.36,125370.41,0.1667,0.1613,0.0,3.0,0.75,0.2,2.0,51.18,3.2021,3.8064,-0.6043,317.9187,302.6013,310.26,310.26,299.471,0.005688,-0.024866,,1589.25,0.085439,41,True,majority_sell>=2,majority_sell>=2,2026-05-15,1.0,2026-05-17T18:43:36Z,17535.56,-0.254217,-0.773731
experimental_ensemble,Experimental – Model Consensus,UNH,ensemble_majority,ensemble_majority,ensemble_majority,binary,binary-2026-05,D-experimental_ensemble-b633a625b59e,S-UNH-ensemble_majority-20260505-8446a6,T-experimental_ensemble-89ab92705101,SELL,2026-05-17T18:43:36Z,2026-05-05,2026-05-05,370.48,370.75,370.48,371.8,361.81,363.87,6489000,68.0,68.0,0.0,20216.35,45408.99,25192.64,0.0,125637.74,126087.23,0.1667,0.2005,0.0,2.0,0.5,0.3,2.0,74.53,20.5464,18.8515,1.6949,389.8283,289.9777,339.903,339.903,304.4992,0.009371,0.089373,,6336.92,0.336074,69,True,majority_sell>=2,majority_sell>=2,2026-05-15,1.0,2026-05-17T18:43:36Z,23872.48,0.0,-0.773731
experimental_ensemble,Experimental – Model Consensus,MSFT,ensemble_majority,ensemble_majority,ensemble_majority,binary,binary-2026-05,D-experimental_ensemble-beb0aa4ac462,S-MSFT-ensemble_majority-20260508-558333,T-experimental_ensemble-6125ac4aa8b6,SELL,2026-05-17T18:43:36Z,2026-05-08,2026-05-08,417.39,420.77,417.39,418.63,414.0,415.12,33383800,43.0,43.0,0.0,45408.99,63356.76,17947.77,0.0,126862.61,126960.22,0.1667,0.1415,0.0,3.0,0.75,0.2,2.0,53.89,5.8774,6.9574,-1.08,438.4695,393.8175,416.1435,416.1435,398.147,-0.005926,0.016381,,-971.8,-0.051365,99,False,majority_sell>=2,majority_sell>=2,2026-05-15,1.0,2026-05-17T18:43:36Z,22900.68,-0.040708,-0.773731
experimental_ensemble,Experimental – Model Consensus,XOM,ensemble_majority,ensemble_majority,ensemble_majority,binary,binary-2026-05,D-experimental_ensemble-ac2032a9e1db,S-XOM-ensemble_majority-20260511-1c4fc3,T-experimental_ensemble-5b803ecf149b,SELL,2026-05-17T18:43:36Z,2026-05-11,2026-05-11,146.02,144.57,146.02,149.72,146.0,149.68,14849500,20.0,20.0,0.0,63356.76,66277.16,2920.4,0.0,126182.52,126109.32,0.1667,0.0231,0.0,2.0,0.5,0.3,2.0,46.64,-1.625,-1.362,-0.263,155.6703,144.3537,150.012,150.012,154.8364,0.006347,,,-128.2,-0.042052,11,False,majority_sell>=2,majority_sell>=2,2026-05-15,1.0,2026-05-17T18:43:36Z,22772.48,-0.046078,-0.773731
experimental_ensemble,Experimental – Model Consensus,JNJ,ensemble_majority,ensemble_majority,ensemble_majority,binary,binary-2026-05,D-experimental_ensemble-04d3ca8e6e2a,S-JNJ-ensemble_majority-20260511-2d9114,T-experimental_ensemble-19dc8b7ac330,BUY,2026-05-17T18:43:36Z,2026-05-11,2026-05-11,221.32,221.32,221.32,223.28,220.37,221.43,6223200,95.0,0.0,95.0,66277.16,45251.76,0.0,21025.4,126182.52,126119.77,0.1667,0.0,0.1667,2.0,0.5,0.7,2.0,33.14,-3.9653,-3.5028,-0.4626,238.5095,218.0645,228.287,228.287,235.8718,0.012781,,,,,,,majority_buy>=2,majority_buy>=2,2026-05-15,1.0,2026-05-17T18:43:36Z,22772.48,-0.046078,-0.773731
experimental_ensemble,Experimental – Model Consensus,WMT,ensemble_majority,ensemble_majority,ensemble_majority,binary,binary-2026-05,D-experimental_ensemble-0ba855415791,S-WMT-ensemble_majority-20260511-2ff657,T-experimental_ensemble-9d8297deb94b,SELL,2026-05-17T18:43:36Z,2026-05-11,2026-05-11,130.18,130.43,130.18,130.6,126.38,127.59,18699200,152.0,152.0,0.0,45251.76,65039.12,19787.36,0.0,126182.52,126513.45,0.1667,0.1568,0.0,2.0,0.5,0.3,2.0,47.95,1.087,1.3135,-0.2265,133.3012,124.4708,128.886,128.886,126.2366,0.021632,,,969.76,0.051535,40,True,majority_sell>=2,majority_sell>=2,2026-05-15,1.0,2026-05-17T18:43:36Z,23742.24,-0.005456,-0.773731
experimental_ensemble,Experimental – Model Consensus,XOM,ensemble_majority,ensemble_majority,ensemble_majority,binary,binary-2026-05,D-experimental_ensemble-38d20f18382c,S-XOM-ensemble_majority-20260513-a48381,T-experimental_ensemble-b0f72271dae9,BUY,2026-05-17T18:43:36Z,2026-05-13,2026-05-13,150.06,150.63,150.06,151.79,149.68,151.57,15772800,141.0,0.0,141.0,65039.12,43880.66,0.0,21158.46,127678.84,127891.75,0.1667,0.0,0.1654,2.0,0.5,0.7,2.0,49.8,-1.2418,-1.3539,0.1121,155.8754,144.5437,150.2095,150.2095,154.7594,0.007983,,,,,,,majority_buy>=2,majority_buy>=2,2026-05-15,1.0,2026-05-17T18:43:36Z,23742.24,-0.005456,-0.773731
