Date,Open,High,Low,Close,Volume,Adj Close
2011-04-01,59.630001068115234,59.63999938964844,59.060001373291016,59.4900016784668,9908000,38.40851211547852
2011-04-04,59.5,60.18000030517578,59.459999084472656,60.150001525878906,9415100,38.83462524414063
2011-04-05,59.75,59.959999084472656,59.47999954223633,59.79999923706055,10557700,38.60865020751953
2011-04-06,59.70000076293945,59.900001525878906,59.59999847412109,59.65999984741211,10011200,38.51826477050781
2011-04-07,59.720001220703125,59.7599983215332,59.25,59.47999954223633,9232900,38.40205001831055
2011-04-08,59.72999954223633,59.77999877929688,59.310001373291016,59.459999084472656,7853200,38.389122009277344
2011-04-11,59.540000915527344,60.16999816894531,59.5,59.86000061035156,9845800,38.64738082885742
2011-04-12,59.65999984741211,60.08000183105469,59.65999984741211,59.93999862670898,9208000,38.69902801513672
2011-04-13,59.65999984741211,59.95000076293945,59.5099983215332,59.59999847412109,10509000,38.4795150756836
2011-04-14,59.54999923706055,60.119998931884766,59.4900016784668,60.02000045776367,10436200,38.75068664550781
2011-04-15,60.2400016784668,60.95000076293945,59.97999954223633,60.560001373291016,18608500,39.09933471679688
2011-04-18,60.45000076293945,61.18999862670898,60.09999847412109,60.459999084472656,20034800,39.03475570678711
2011-04-19,62.0,62.869998931884766,61.79999923706055,62.68999862670898,26083100,40.47452545166016
2011-04-20,63.209999084472656,64.54000091552734,63.18000030517578,64.38999938964844,26732100,41.57208251953125
2011-04-21,63.810001373291016,64.30000305175781,63.77000045776367,64.06999969482422,11688100,41.36549377441406
2011-04-25,63.650001525878906,64.19999694824219,63.5099983215332,64.11000061035156,7226900,41.39131164550781
2011-04-26,64.06999969482422,65.30000305175781,64.06999969482422,64.94999694824219,14500000,41.93365478515625
2011-04-27,63.45000076293945,65.5999984741211,63.400001525878906,65.56999969482422,23777500,42.33394241333008
2011-04-28,65.38999938964844,65.73999786376953,64.93000030517578,65.37999725341797,13091400,42.21126937866211
2011-04-29,65.58999633789062,65.97000122070312,65.4000015258789,65.72000122070312,12100000,42.43077087402344
2011-05-02,65.91999816894531,66.30999755859375,65.80999755859375,66.20999908447266,15456200,42.74713134765625
2011-05-03,66.11000061035156,66.45999908447266,66.01000213623047,66.26000213623047,13105500,42.779415130615234
2011-05-04,66.0,66.31999969482422,65.37000274658203,65.66999816894531,13408900,42.39849853515625
2011-05-05,65.44999694824219,65.61000061035156,64.80000305175781,65.01000213623047,14925200,41.97237777709961
2011-05-06,65.25,65.5,65.12000274658203,65.2699966430664,11904600,42.14024353027344
2011-05-09,65.11000061035156,65.76000213623047,65.06999969482422,65.62999725341797,9003100,42.37266540527344
2011-05-10,65.61000061035156,65.80000305175781,65.27999877929688,65.76000213623047,9693100,42.45661163330078
2011-05-11,66.31999969482422,66.73999786376953,65.80999755859375,66.56999969482422,19986100,42.97954559326172
2011-05-12,66.04000091552734,67.37000274658203,65.81999969482422,67.19000244140625,15622200,43.37985610961914
2011-05-13,67.08999633789062,67.25,65.94999694824219,66.62000274658203,11700900,43.011844635009766
2011-05-16,66.41000366210938,66.79000091552734,66.19000244140625,66.37000274658203,11513200,42.850433349609375
2011-05-17,66.2300033569336,66.4800033569336,65.86000061035156,66.4000015258789,10784100,42.86981201171875
2011-05-18,66.16999816894531,66.51000213623047,65.94000244140625,66.5,9028400,42.93436813354492
2011-05-19,66.52999877929688,66.52999877929688,65.8499984741211,66.38999938964844,9685100,42.86334228515625
2011-05-20,66.25,66.33000183105469,65.27999877929688,65.69000244140625,12367000,42.41140365600586
2011-05-23,65.19000244140625,65.69000244140625,65.08000183105469,65.55999755859375,12020200,42.32746505737305
2011-05-24,65.73999786376953,66.2300033569336,65.5,65.77999877929688,11017700,42.46951675415039
2011-05-25,66.29000091552734,66.58999633789062,66.06999969482422,66.29000091552734,14767100,42.79877471923828
2011-05-26,65.58999633789062,65.77999877929688,65.27999877929688,65.51000213623047,12044100,42.66202545166016
2011-05-27,65.79000091552734,66.97000122070312,65.5999984741211,66.7699966430664,16385700,43.48258972167969
2011-05-31,67.30999755859375,67.33999633789062,66.98999786376953,67.29000091552734,16473800,43.82122421264648
2011-06-01,67.0199966430664,67.29000091552734,66.45999908447266,66.4800033569336,11003400,43.2937126159668
2011-06-02,66.44000244140625,66.76000213623047,66.27999877929688,66.4800033569336,9582900,43.2937126159668
2011-06-03,65.83999633789062,66.36000061035156,65.80000305175781,66.08999633789062,10364900,43.03971862792969
2011-06-06,65.87000274658203,66.22000122070312,65.83999633789062,66.05000305175781,8397400,43.01369857788086
2011-06-07,66.0,66.27999877929688,65.5,65.5,10426800,42.65551376342773
2011-06-08,65.48999786376953,66.2300033569336,65.18000030517578,66.13999938964844,10020300,43.07230758666992
2011-06-09,66.33000183105469,67.27999877929688,66.16999816894531,66.77999877929688,14054500,43.48908996582031
2011-06-10,66.48999786376953,66.68000030517578,66.08999633789062,66.08999633789062,9312900,43.03971862792969
2011-06-13,66.31999969482422,66.95999908447266,66.26000213623047,66.58999633789062,8146200,43.36534118652344
2011-06-14,66.94999694824219,67.36000061035156,66.75,67.0999984741211,11389100,43.69747924804688
2011-06-15,67.0,67.0,65.70999908447266,66.16000366210938,12623500,43.085330963134766
2011-06-16,65.69999694824219,66.3499984741211,65.47000122070312,66.31999969482422,11683900,43.18952178955078
2011-06-17,66.62999725341797,66.94999694824219,66.19000244140625,66.29000091552734,14336400,43.16997528076172
2011-06-20,66.08000183105469,66.73999786376953,66.06999969482422,66.51000213623047,9309200,43.313255310058594
2011-06-21,66.5199966430664,66.75,66.16000366210938,66.48999786376953,9811500,43.30023193359375
2011-06-22,66.47000122070312,66.62000274658203,66.05000305175781,66.06999969482422,7988100,43.02671432495117
2011-06-23,65.54000091552734,65.73999786376953,64.69000244140625,65.66999816894531,16234800,42.76622772216797
2011-06-24,65.56999969482422,65.61000061035156,64.83000183105469,65.05999755859375,13186200,42.36897659301758
2011-06-27,65.29000091552734,65.61000061035156,65.0,65.25,7199500,42.49270248413086
2011-06-28,65.58999633789062,66.12000274658203,65.37999725341797,65.91000366210938,7724600,42.92250442504883
2011-06-29,66.2300033569336,66.58999633789062,65.93000030517578,66.30999755859375,9227000,43.18301010131836
2011-06-30,66.41999816894531,66.91000366210938,66.25,66.5199966430664,9747200,43.31977081298828
2011-07-01,66.4800033569336,67.36000061035156,66.2699966430664,67.30000305175781,9216500,43.82772445678711
2011-07-05,67.29000091552734,67.66999816894531,67.25,67.62000274658203,9773600,44.03612518310547
2011-07-06,67.62999725341797,67.75,67.37000274658203,67.55000305175781,7100400,43.990535736083984
2011-07-07,67.81999969482422,68.05000305175781,67.4000015258789,67.91999816894531,8415200,44.231483459472656
2011-07-08,67.80999755859375,67.98999786376953,67.19000244140625,67.56999969482422,7866100,44.003562927246094
2011-07-11,66.87999725341797,67.41000366210938,66.83000183105469,67.2699966430664,8918900,43.80817794799805
2011-07-12,66.9000015258789,67.68000030517578,66.83000183105469,67.02999877929688,10528700,43.651885986328125
2011-07-13,67.38999938964844,67.9800033569336,67.20999908447266,67.62999725341797,9031700,44.04262924194336
2011-07-14,67.5999984741211,67.93000030517578,67.47000122070312,67.66000366210938,9636500,44.06216049194336
2011-07-15,67.7300033569336,67.94999694824219,66.98999786376953,67.44999694824219,10245100,43.925411224365234
2011-07-18,67.16999816894531,67.3499984741211,66.55000305175781,67.08999633789062,10361000,43.69097137451172
2011-07-19,67.0999984741211,67.22000122070312,66.1500015258789,66.72000122070312,13677400,43.45001602172852
2011-07-20,66.56999969482422,66.9000015258789,66.05999755859375,66.23999786376953,8912600,43.13743209838867
2011-07-21,66.44999694824219,66.79000091552734,66.12999725341797,66.47000122070312,11394100,43.287208557128906
2011-07-22,66.69000244140625,66.79000091552734,66.48999786376953,66.72000122070312,7721000,43.45001602172852
2011-07-25,66.20999908447266,66.43000030517578,66.01000213623047,66.25,10247700,43.14393997192383
2011-07-26,66.16999816894531,66.31999969482422,65.87000274658203,65.91999816894531,10008300,42.92902374267578
2011-07-27,65.76000213623047,65.87000274658203,65.13999938964844,65.2300033569336,12810400,42.47968292236328
2011-07-28,65.2300033569336,65.62000274658203,64.77999877929688,65.08000183105469,9920400,42.38199615478516
2011-07-29,64.73999786376953,64.93000030517578,64.12999725341797,64.79000091552734,16829000,42.19314956665039
2011-08-01,65.27999877929688,65.33000183105469,63.65999984741211,64.41000366210938,15842200,41.9456901550293
2011-08-02,64.11000061035156,64.3499984741211,63.43000030517578,63.43000030517578,17118300,41.30745315551758
2011-08-03,63.369998931884766,63.52999877929688,61.86000061035156,63.40999984741211,17660300,41.2944450378418
2011-08-04,62.61000061035156,63.15999984741211,61.810001373291016,61.84000015258789,23485600,40.27201461791992
2011-08-05,62.119998931884766,63.43000030517578,61.04999923706055,62.709999084472656,24037800,40.83858108520508
2011-08-08,61.79999923706055,62.58000183105469,61.04999923706055,61.119998931884766,32423200,39.803131103515625
2011-08-09,61.709999084472656,62.369998931884766,59.08000183105469,62.20000076293945,36288000,40.50646209716797
2011-08-10,61.619998931884766,61.959999084472656,60.0099983215332,60.20000076293945,32688900,39.20400619506836
2011-08-11,60.18000030517578,64.19000244140625,60.130001068115234,63.43999862670898,33514400,41.3139877319336
2011-08-12,63.61000061035156,63.9900016784668,62.900001525878906,63.36000061035156,42324600,41.26187515258789
2011-08-15,63.84999847412109,64.62000274658203,63.61000061035156,64.58999633789062,39362000,42.062896728515625
2011-08-16,63.77000045776367,64.70999908447266,63.68999862670898,64.36000061035156,13142100,41.913116455078125
2011-08-17,64.55999755859375,64.8499984741211,63.79999923706055,64.26000213623047,11847600,41.84797668457031
2011-08-18,63.18999862670898,63.58000183105469,62.02000045776367,63.15999984741211,23376400,41.13165283203125
2011-08-19,62.90999984741211,63.77999877929688,62.7400016784668,63.13999938964844,19394800,41.11861801147461
2011-08-22,63.9900016784668,64.0999984741211,63.0099983215332,63.290000915527344,13689300,41.216304779052734
2011-08-23,63.52000045776367,64.98999786376953,63.41999816894531,64.97000122070312,14879000,42.31036376953125
2011-08-24,65.37999725341797,65.69999694824219,64.83999633789062,65.52999877929688,14523000,42.67504501342773
2011-08-25,65.48999786376953,65.48999786376953,64.19999694824219,64.55000305175781,13134400,42.03683853149414
2011-08-26,63.54999923706055,64.56999969482422,62.5,64.27999877929688,14150600,42.23395538330078
2011-08-29,64.63999938964844,65.91999816894531,64.55999755859375,65.86000061035156,12867900,43.272071838378906
2011-08-30,65.81999969482422,66.04000091552734,65.19000244140625,65.7699966430664,11183000,43.21293258666992
2011-08-31,66.02999877929688,66.2300033569336,65.33999633789062,65.80000305175781,14555300,43.23263931274414
2011-09-01,65.66000366210938,66.13999938964844,65.11000061035156,65.33000183105469,11141100,42.92384719848633
2011-09-02,64.83000183105469,65.0,63.90999984741211,64.06999969482422,13713600,42.09598922729492
2011-09-06,63.16999816894531,64.75,62.5,64.63999938964844,15848300,42.47047424316406
2011-09-07,65.04000091552734,65.44999694824219,64.69000244140625,65.43000030517578,10759700,42.98954772949219
2011-09-08,64.95999908447266,65.93000030517578,64.83999633789062,64.94999694824219,15551500,42.67417526245117
2011-09-09,64.38999938964844,64.41000366210938,63.290000915527344,63.63999938964844,17008200,41.81344223022461
2011-09-12,63.09999847412109,63.61000061035156,62.29999923706055,63.59000015258789,13448200,41.78060150146485
2011-09-13,63.9900016784668,64.05000305175781,63.18000030517578,63.61000061035156,11595300,41.79375076293945
2011-09-14,63.95000076293945,64.47000122070312,62.97999954223633,63.72999954223633,13429500,41.87258529663086
2011-09-15,64.27999877929688,64.62999725341797,63.91999816894531,64.4000015258789,10625800,42.31281280517578
2011-09-16,64.5199966430664,64.73999786376953,63.959999084472656,64.58999633789062,15688800,42.43762969970703
2011-09-19,64.05000305175781,64.38999938964844,63.630001068115234,64.13999938964844,8571800,42.14199066162109
2011-09-20,64.41999816894531,64.8499984741211,63.790000915527344,64.22000122070312,10874800,42.19454956054688
2011-09-21,64.19000244140625,64.5999984741211,63.09999847412109,63.130001068115234,10041300,41.47836685180664
2011-09-22,62.15999984741211,62.59999847412109,61.13999938964844,61.91999816894531,19456900,40.68335723876953
2011-09-23,61.29999923706055,61.900001525878906,61.0,61.59000015258789,10983700,40.46654510498047
2011-09-26,62.04999923706055,62.84999847412109,62.0099983215332,62.68999862670898,10561700,41.18927001953125
2011-09-27,63.369998931884766,64.3499984741211,62.709999084472656,63.81999969482422,13118200,41.93172073364258
2011-09-28,63.900001525878906,64.44999694824219,63.13999938964844,63.25,8964200,41.557228088378906
2011-09-29,63.91999816894531,64.23999786376953,63.02000045776367,63.900001525878906,8923300,41.98428726196289
2011-09-30,63.220001220703125,64.73999786376953,63.150001525878906,63.68999862670898,14556100,41.8463134765625
2011-10-03,63.650001525878906,64.20999908447266,62.04999923706055,62.08000183105469,16891100,40.788482666015625
2011-10-04,61.54999923706055,62.33000183105469,60.83000183105469,62.16999816894531,18192000,40.847618103027344
2011-10-05,62.209999084472656,62.5099983215332,61.59999847412109,62.34999847412109,15405200,40.96588516235352
2011-10-06,62.52000045776367,62.83000183105469,62.09999847412109,62.810001373291016,9595400,41.26811599731445
2011-10-07,63.0099983215332,63.720001220703125,63.0,63.130001068115234,12361600,41.47836685180664
2011-10-10,63.88999938964844,64.43000030517578,63.63999938964844,64.43000030517578,7104000,42.332496643066406
2011-10-11,64.26000213623047,64.36000061035156,63.84999847412109,63.959999084472656,7628700,42.023712158203125
2011-10-12,64.12999725341797,64.69000244140625,63.869998931884766,64.33000183105469,9375100,42.26680755615234
2011-10-13,64.44999694824219,64.44999694824219,63.56999969482422,64.2300033569336,7781100,42.20110702514648
2011-10-14,64.69000244140625,64.73999786376953,64.16999816894531,64.72000122070312,6678800,42.52303695678711
2011-10-17,64.4000015258789,64.83999633789062,63.619998931884766,63.790000915527344,10797900,41.91201019287109
2011-10-18,63.7599983215332,64.73999786376953,63.400001525878906,64.41999816894531,11705300,42.32595443725586
2011-10-19,64.51000213623047,64.51000213623047,62.15999984741211,62.63999938964844,19964600,41.15643310546875
2011-10-20,62.959999084472656,63.130001068115234,62.310001373291016,62.52999877929688,11562600,41.08416366577149
2011-10-21,63.11000061035156,63.84000015258789,62.88999938964844,63.77999877929688,13175400,41.90543746948242
2011-10-24,63.900001525878906,64.79000091552734,63.59999847412109,64.7300033569336,12552700,42.52961730957031
2011-10-25,64.55999755859375,64.83000183105469,63.560001373291016,63.68999862670898,10324800,41.8463134765625
2011-10-26,64.19000244140625,64.5999984741211,63.790000915527344,64.48999786376953,9932100,42.37194061279297
2011-10-27,64.98999786376953,65.69000244140625,64.70999908447266,65.5,16450700,43.03553009033203
2011-10-28,65.63999938964844,65.8499984741211,65.02999877929688,65.5999984741211,10390800,43.10122299194336
2011-10-31,65.16999816894531,65.86000061035156,64.37999725341797,64.38999938964844,13720400,42.30623245239258
2011-11-01,63.68000030517578,64.0999984741211,63.18000030517578,63.380001068115234,14749900,41.64264297485352
2011-11-02,64.38999938964844,64.38999938964844,63.40999984741211,63.63999938964844,10136200,41.81344223022461
2011-11-03,64.06999969482422,64.5199966430664,63.66999816894531,64.33999633789062,10466000,42.273380279541016
2011-11-04,64.0,64.54000091552734,63.40999984741211,64.12000274658203,9725200,42.12883377075195
2011-11-07,63.959999084472656,64.33999633789062,63.25,64.0,8783900,42.04999542236328
2011-11-08,64.08999633789062,64.98999786376953,63.95000076293945,64.86000061035156,7989500,42.61503219604492
2011-11-09,64.06999969482422,64.12999725341797,63.09999847412109,63.52999877929688,11072500,41.741188049316406
2011-11-10,64.12999725341797,64.41999816894531,63.65999984741211,64.12000274658203,7597500,42.12883377075195
2011-11-11,64.62000274658203,65.48999786376953,64.62000274658203,65.25,9086800,42.87128448486328
2011-11-14,64.97000122070312,65.33000183105469,64.6500015258789,64.91000366210938,8276100,42.64788818359375
2011-11-15,64.97000122070312,65.29000091552734,64.51000213623047,64.98999786376953,10726300,42.700443267822266
2011-11-16,64.52999877929688,65.16000366210938,64.30000305175781,64.4000015258789,8398100,42.31281280517578
2011-11-17,64.16999816894531,64.51000213623047,63.29999923706055,63.93999862670898,13924700,42.01056289672852
2011-11-18,64.19000244140625,64.19999694824219,63.560001373291016,63.84999847412109,12659600,41.95143508911133
2011-11-21,63.27000045776367,63.34000015258789,62.880001068115234,62.93999862670898,32806700,41.3535385131836
2011-11-22,62.95000076293945,63.20000076293945,62.70000076293945,62.900001525878906,8680000,41.32725143432617
2011-11-23,62.59000015258789,62.650001525878906,61.9900016784668,61.9900016784668,10362800,40.72935485839844
2011-11-25,61.310001373291016,61.63999938964844,61.04999923706055,61.27000045776367,5838800,40.62989044189453
2011-11-28,61.880001068115234,62.709999084472656,61.77999877929688,62.369998931884766,11678000,41.35932922363281
2011-11-29,62.81999969482422,63.130001068115234,62.459999084472656,62.77999877929688,8923600,41.6312141418457
2011-11-30,63.91999816894531,64.73999786376953,63.79999923706055,64.72000122070312,15032600,42.91767883300781
2011-12-01,64.68000030517578,64.94999694824219,64.3499984741211,64.44999694824219,9852700,42.73862075805664
2011-12-02,64.87000274658203,64.88999938964844,63.29999923706055,63.470001220703125,15792800,42.08876800537109
2011-12-05,64.0999984741211,64.25,62.84999847412109,63.36000061035156,15294500,42.01582336425781
2011-12-06,63.61000061035156,63.93000030517578,63.2599983215332,63.4900016784668,10417800,42.10203552246094
2011-12-07,63.56999969482422,64.80999755859375,63.369998931884766,64.44999694824219,11504700,42.73862075805664
2011-12-08,64.13999938964844,64.44999694824219,63.560001373291016,63.77999877929688,9566800,42.29432678222656
2011-12-09,64.31999969482422,64.68000030517578,63.97999954223633,64.52999877929688,8835700,42.79168701171875
2011-12-12,63.869998931884766,64.19999694824219,63.34999847412109,63.5099983215332,10808700,42.11531066894531
2011-12-13,64.08000183105469,64.08000183105469,63.13999938964844,63.36000061035156,14215500,42.01582336425781
2011-12-14,63.380001068115234,63.77999877929688,62.93000030517578,63.18000030517578,9802400,41.89645767211914
2011-12-15,63.650001525878906,64.0999984741211,63.56999969482422,64.0,9656700,42.44022750854492
2011-12-16,64.36000061035156,64.37000274658203,63.54999923706055,64.30000305175781,19214300,42.63916397094727
2011-12-19,64.18000030517578,64.27999877929688,63.36000061035156,63.52999877929688,9024700,42.12855529785156
2011-12-20,64.0199966430664,64.7300033569336,64.01000213623047,64.5199966430664,12247700,42.78504180908203
2011-12-21,64.80999755859375,65.0,64.58000183105469,64.95999908447266,8517800,43.07683181762695
2011-12-22,65.05999755859375,65.26000213623047,64.62000274658203,65.18000030517578,7428000,43.22271347045898
2011-12-23,65.2300033569336,66.0,65.18000030517578,65.9800033569336,6503300,43.75322723388672
2011-12-27,65.98999786376953,66.31999969482422,65.9000015258789,66.0199966430664,4995100,43.779747009277344
2011-12-28,65.97000122070312,66.02999877929688,65.30000305175781,65.44999694824219,5943900,43.40175628662109
2011-12-29,65.30999755859375,66.02999877929688,65.25,65.87999725341797,5702400,43.6869010925293
2011-12-30,65.58999633789062,65.93000030517578,65.52999877929688,65.58000183105469,4959700,43.48796844482422
2012-01-03,65.58999633789062,66.0,65.25,65.87999725341797,16116200,43.6869010925293
2012-01-04,65.75,65.87999725341797,65.11000061035156,65.4800033569336,9243100,43.421661376953125
2012-01-05,65.31999969482422,65.5999984741211,64.83000183105469,65.4000015258789,11886900,43.36860275268555
2012-01-06,65.44000244140625,65.45999908447266,64.61000061035156,64.83000183105469,15359900,42.99062728881836
2012-01-09,64.95999908447266,65.08999633789062,64.41000366210938,64.93000030517578,7934600,43.05693435668945
2012-01-10,65.11000061035156,65.4000015258789,65.0,65.19999694824219,8476600,43.23597717285156
2012-01-11,65.11000061035156,65.54000091552734,64.83999633789062,65.12999725341797,6784600,43.1895637512207
2012-01-12,65.27999877929688,65.41000366210938,64.93000030517578,65.2300033569336,7402900,43.25587463378906
2012-01-13,64.97000122070312,65.27999877929688,64.36000061035156,65.26000213623047,8978800,43.27577972412109
2012-01-17,65.54000091552734,65.69000244140625,64.5,65.12000274658203,8359900,43.18291473388672
2012-01-18,65.26000213623047,65.37000274658203,65.0,65.27999877929688,8095600,43.28903198242188
2012-01-19,65.16000366210938,65.25,64.79000091552734,65.19000244140625,11699800,43.22934341430664
2012-01-20,65.27999877929688,65.55000305175781,64.54000091552734,65.2699966430664,14715500,43.28239822387695
2012-01-23,65.2300033569336,65.33000183105469,64.87999725341797,65.0,10125000,43.10334396362305
2012-01-24,64.33999633789062,65.44999694824219,64.33999633789062,65.0,12367900,43.10334396362305
2012-01-25,64.83000183105469,65.30000305175781,64.76000213623047,65.22000122070312,10531400,43.24924087524414
2012-01-26,65.52999877929688,65.87999725341797,65.22000122070312,65.69999694824219,12546100,43.56753158569336
2012-01-27,65.62000274658203,65.87000274658203,65.45999908447266,65.55999755859375,10466300,43.474708557128906
2012-01-30,65.33000183105469,65.70999908447266,65.12999725341797,65.70999908447266,7482100,43.57417297363281
2012-01-31,65.86000061035156,65.94999694824219,65.55999755859375,65.91000366210938,13562900,43.7067985534668
2012-02-01,65.97000122070312,66.31999969482422,65.6500015258789,65.69000244140625,12275900,43.5609016418457
2012-02-02,65.94000244140625,65.97000122070312,65.3499984741211,65.58999633789062,8282400,43.49459838867188
2012-02-03,65.9000015258789,66.0199966430664,65.52999877929688,65.63999938964844,9036200,43.52774810791016
2012-02-06,65.45999908447266,65.58000183105469,65.05000305175781,65.19000244140625,9535700,43.22934341430664
2012-02-07,65.16000366210938,65.38999938964844,65.0199966430664,65.26000213623047,9248100,43.27577972412109
2012-02-08,65.19999694824219,65.3499984741211,65.08999633789062,65.23999786376953,6889400,43.262489318847656
2012-02-09,65.16000366210938,65.3499984741211,64.81999969482422,64.88999938964844,10936200,43.03041458129883
2012-02-10,64.70999908447266,64.7699966430664,64.25,64.5999984741211,13954200,42.83809661865234
2012-02-13,64.9000015258789,64.94999694824219,64.5999984741211,64.68000030517578,9662500,42.89115905761719
2012-02-14,64.75,64.86000061035156,64.33000183105469,64.61000061035156,8978500,42.8447380065918
2012-02-15,64.51000213623047,64.94999694824219,64.47000122070312,64.6500015258789,9023400,42.87126541137695
2012-02-16,64.5999984741211,65.16000366210938,64.44000244140625,64.91999816894531,8194500,43.05029678344727
2012-02-17,65.22000122070312,65.27999877929688,64.80999755859375,64.98999786376953,9057500,43.096710205078125
2012-02-21,65.2300033569336,65.23999786376953,64.75,65.04000091552734,8081700,43.12989044189453
2012-02-22,65.08000183105469,65.33999633789062,64.87000274658203,65.0,8150600,43.10334396362305
2012-02-23,65.19000244140625,66.05000305175781,64.9000015258789,65.0999984741211,8991500,43.169677734375
2012-02-24,64.79000091552734,64.79000091552734,64.19000244140625,64.45999908447266,10478200,43.12282943725586
2012-02-27,64.26000213623047,64.63999938964844,64.0199966430664,64.44999694824219,8523000,43.11613082885742
2012-02-28,64.5999984741211,65.41999816894531,64.5,65.18000030517578,11581400,43.6045036315918
2012-02-29,65.22000122070312,65.26000213623047,64.70999908447266,65.08000183105469,11489100,43.53761672973633
2012-03-01,65.11000061035156,65.26000213623047,64.63999938964844,64.83000183105469,8813800,43.37036895751953
2012-03-02,64.73999786376953,64.87000274658203,64.56999969482422,64.7699966430664,6063900,43.33021926879883
2012-03-05,64.69000244140625,64.95999908447266,64.54000091552734,64.91000366210938,7601000,43.42387008666992
2012-03-06,64.45999908447266,64.7300033569336,64.19000244140625,64.3499984741211,9511100,43.04925155639648
2012-03-07,64.2699966430664,64.45999908447266,64.12000274658203,64.30000305175781,8591800,43.015811920166016
2012-03-08,64.94999694824219,65.08000183105469,64.73999786376953,64.8499984741211,11311100,43.383750915527344
2012-03-09,64.83000183105469,65.0,64.58999633789062,64.73999786376953,8410600,43.310150146484375
2012-03-12,64.55000305175781,65.1500015258789,64.54000091552734,65.0999984741211,7284700,43.55098724365234
2012-03-13,65.41999816894531,65.44000244140625,65.02999877929688,65.33000183105469,9884100,43.70484924316406
2012-03-14,65.20999908447266,65.37999725341797,65.0199966430664,65.08000183105469,9612200,43.53761672973633
2012-03-15,64.93000030517578,65.37999725341797,64.8499984741211,65.06999969482422,11372900,43.53091812133789
2012-03-16,65.19999694824219,65.45999908447266,64.80999755859375,65.12000274658203,17707000,43.564361572265625
2012-03-19,64.94999694824219,65.2699966430664,64.9000015258789,65.20999908447266,7321800,43.62458038330078
2012-03-20,65.0,65.12999725341797,64.76000213623047,64.95999908447266,7760400,43.457332611083984
2012-03-21,64.95999908447266,65.06999969482422,64.63999938964844,64.76000213623047,7839600,43.32353591918945
2012-03-22,64.68000030517578,64.69000244140625,64.4000015258789,64.45999908447266,10621300,43.12282943725586
2012-03-23,64.48999786376953,64.70999908447266,64.37000274658203,64.55000305175781,8062500,43.18305206298828
2012-03-26,64.88999938964844,65.26000213623047,64.83000183105469,65.16999816894531,8503800,43.59782028198242
2012-03-27,65.33000183105469,65.5,65.22000122070312,65.4000015258789,10723800,43.75169372558594
2012-03-28,65.4000015258789,65.62000274658203,65.18000030517578,65.62000274658203,10305500,43.89888000488281
2012-03-29,65.27999877929688,65.54000091552734,65.19999694824219,65.54000091552734,9553300,43.8453369140625
2012-03-30,65.62999725341797,66.18000030517578,65.58000183105469,65.95999908447266,11307700,44.12630844116211
2012-04-02,66.04000091552734,66.30000305175781,65.81999969482422,66.20999908447266,8785900,44.29356002807617
2012-04-03,66.12000274658203,66.1500015258789,65.5,65.87999725341797,9128400,44.072792053222656
2012-04-04,65.61000061035156,65.69999694824219,65.36000061035156,65.38999938964844,9432300,43.744998931884766
2012-04-05,65.26000213623047,65.37999725341797,65.08999633789062,65.33999633789062,7922700,43.711551666259766
2012-04-09,64.94999694824219,65.2300033569336,64.87999725341797,64.91999816894531,6363400,43.43056869506836
2012-04-10,64.80999755859375,64.86000061035156,64.16000366210938,64.19999694824219,12793200,42.94889831542969
2012-04-11,64.69000244140625,64.69000244140625,63.959999084472656,64.12999725341797,10434100,42.902076721191406
2012-04-12,64.05000305175781,64.1500015258789,63.68000030517578,64.1500015258789,13122300,42.91546249389648
2012-04-13,63.93999862670898,64.0,63.52000045776367,63.540000915527344,11226600,42.507362365722656
2012-04-16,63.720001220703125,64.16000366210938,63.66999816894531,63.97999954223633,10502400,42.80173110961914
2012-04-17,64.2300033569336,64.27999877929688,63.27000045776367,64.22000122070312,18322900,42.96227645874024
2012-04-18,63.900001525878906,63.91999816894531,63.119998931884766,63.2599983215332,20567700,42.32005310058594
2012-04-19,63.220001220703125,63.540000915527344,62.7599983215332,63.02999877929688,15189000,42.16618728637695
2012-04-20,63.220001220703125,63.970001220703125,63.20000076293945,63.709999084472656,14320700,42.62108612060547
2012-04-23,63.5,63.68999862670898,63.29999923706055,63.369998931884766,10120900,42.39363861083984
2012-04-24,63.54999923706055,63.790000915527344,63.36000061035156,63.77000045776367,9022400,42.661251068115234
2012-04-25,63.959999084472656,64.58000183105469,63.84000015258789,64.43000030517578,11162800,43.10277557373047
2012-04-26,64.41000366210938,64.97000122070312,64.26000213623047,64.75,9139200,43.31682586669922
2012-04-27,64.94999694824219,65.12999725341797,64.68000030517578,64.83999633789062,10746700,43.37705993652344
2012-04-30,64.8499984741211,65.38999938964844,64.83999633789062,65.0999984741211,11362300,43.55098724365234
2012-05-01,64.91000366210938,65.36000061035156,64.80000305175781,65.22000122070312,10107900,43.63126373291016
2012-05-02,65.16999816894531,65.33000183105469,64.83999633789062,65.33000183105469,8349700,43.70484924316406
2012-05-03,65.4000015258789,65.48999786376953,65.0999984741211,65.33999633789062,10431800,43.711551666259766
2012-05-04,65.19000244140625,65.29000091552734,64.73999786376953,64.73999786376953,10301300,43.310150146484375
2012-05-07,64.58000183105469,65.0199966430664,64.51000213623047,64.80000305175781,8387800,43.350284576416016
2012-05-08,64.68000030517578,64.9800033569336,64.55000305175781,64.9800033569336,12491900,43.47071838378906
2012-05-09,64.58999633789062,64.87999725341797,64.25,64.27999877929688,10649400,43.002418518066406
2012-05-10,64.80999755859375,64.86000061035156,64.38999938964844,64.56999969482422,7702000,43.19643020629883
2012-05-11,64.43000030517578,64.98999786376953,64.2300033569336,64.33999633789062,37824600,43.04254913330078
2012-05-14,64.02999877929688,64.0999984741211,63.560001373291016,63.93000030517578,39687800,42.76826858520508
2012-05-15,63.70000076293945,64.13999938964844,63.40999984741211,63.61000061035156,8500000,42.55420303344727
2012-05-16,63.790000915527344,63.93000030517578,63.45000076293945,63.709999084472656,10018400,42.62108612060547
2012-05-17,63.709999084472656,64.0,63.47999954223633,63.54999923706055,7993500,42.51406097412109
2012-05-18,63.869998931884766,63.90999984741211,63.09000015258789,63.34999847412109,13781300,42.38027572631836
2012-05-21,63.2599983215332,63.83000183105469,63.25,63.470001220703125,8784900,42.46054458618164
2012-05-22,63.400001525878906,63.79999923706055,63.33000183105469,63.52000045776367,8409300,42.49399566650391
2012-05-23,63.400001525878906,63.75,62.880001068115234,63.27000045776367,11269100,42.32674407958984
2012-05-24,62.88999938964844,63.34000015258789,62.79999923706055,63.09999847412109,9309400,42.623966217041016
2012-05-25,62.880001068115234,62.97999954223633,62.290000915527344,62.5099983215332,11208500,42.22542190551758
2012-05-29,62.84000015258789,62.93000030517578,62.29999923706055,62.59000015258789,10089700,42.27944564819336
2012-05-30,62.34000015258789,62.400001525878906,62.0,62.209999084472656,9414700,42.02278518676758
2012-05-31,62.36000061035156,62.880001068115234,62.13999938964844,62.43000030517578,13297100,42.17138671875
2012-06-01,62.040000915527344,62.310001373291016,61.709999084472656,61.77999877929688,12061100,41.7323112487793
2012-06-04,62.040000915527344,62.45000076293945,61.88999938964844,62.34000015258789,9200000,42.11058044433594
2012-06-05,62.15999984741211,62.380001068115234,62.0,62.209999084472656,9523400,42.02278518676758
2012-06-06,62.09000015258789,62.79999923706055,61.88999938964844,62.79999923706055,11562500,42.42130661010742
2012-06-07,63.18000030517578,63.20000076293945,62.5099983215332,62.79999923706055,12959300,42.42130661010742
2012-06-08,62.540000915527344,63.040000915527344,62.33000183105469,62.97999954223633,11249500,42.54290771484375
2012-06-11,62.970001220703125,63.02999877929688,62.11000061035156,62.119998931884766,12226400,41.96197891235352
2012-06-12,62.15999984741211,63.27000045776367,61.83000183105469,63.08000183105469,26655400,42.61045837402344
2012-06-13,64.23999786376953,64.69999694824219,63.18000030517578,64.44999694824219,98440200,43.535888671875
2012-06-14,64.3499984741211,65.75,64.29000091552734,65.44999694824219,34314900,44.21139144897461
2012-06-15,65.9000015258789,66.0999984741211,65.51000213623047,66.01000213623047,25992800,44.58966445922852
2012-06-18,65.81999969482422,66.38999938964844,65.81999969482422,66.30000305175781,25750000,44.78556442260742
2012-06-19,66.4000015258789,66.95999908447266,66.36000061035156,66.72000122070312,23615400,45.06926345825195
2012-06-20,66.77999877929688,67.0,66.45999908447266,67.0,21254600,45.25840759277344
2012-06-21,66.55000305175781,66.97000122070312,66.16000366210938,66.38999938964844,24545300,44.84635543823242
2012-06-22,66.66000366210938,66.97000122070312,66.5199966430664,66.62999725341797,18965700,45.00848007202149
2012-06-25,66.26000213623047,66.62999725341797,66.13999938964844,66.5,13734500,44.920658111572266
2012-06-26,66.55999755859375,66.69000244140625,66.41000366210938,66.41999816894531,11100000,44.86661148071289
2012-06-27,66.41999816894531,67.19999694824219,66.36000061035156,66.83999633789062,17594200,45.15031814575195
2012-06-28,66.70999908447266,67.0,66.44000244140625,66.94000244140625,12110900,45.2178955078125
2012-06-29,67.30000305175781,67.69999694824219,67.20999908447266,67.55999755859375,18286000,45.63668823242188
2012-07-02,67.41999816894531,68.0,67.33999633789062,68.0,12552700,45.93391418457031
2012-07-03,67.95999908447266,68.12000274658203,67.72000122070312,68.04000091552734,8902400,45.9609375
2012-07-05,67.91999816894531,68.1500015258789,67.77999877929688,67.77999877929688,11857800,45.78530502319336
2012-07-06,67.51000213623047,67.87999725341797,67.36000061035156,67.63999938964844,9758000,45.69073867797852
2012-07-09,67.73999786376953,67.95999908447266,67.62999725341797,67.77999877929688,12485900,45.78530502319336
2012-07-10,67.97000122070312,68.0999984741211,67.73999786376953,67.87999725341797,12851800,45.85283279418945
2012-07-11,68.02999877929688,68.11000061035156,67.72000122070312,67.9000015258789,12026100,45.86636734008789
2012-07-12,67.62000274658203,68.12000274658203,67.44000244140625,67.70999908447266,16484200,45.73801803588867
2012-07-13,67.79000091552734,68.73999786376953,67.7300033569336,68.61000061035156,13238800,46.3459587097168
2012-07-16,68.47000122070312,68.72000122070312,68.36000061035156,68.44999694824219,12921500,46.237884521484375
2012-07-17,67.83999633789062,69.18000030517578,67.61000061035156,69.0,24201900,46.609413146972656
2012-07-18,68.73999786376953,69.45999908447266,68.66000366210938,69.37000274658203,15616200,46.85932922363281
2012-07-19,69.25,69.69999694824219,68.9800033569336,69.52999877929688,13499500,46.967411041259766
2012-07-20,69.3499984741211,69.36000061035156,68.3499984741211,68.62999725341797,13964600,46.359466552734375
2012-07-23,68.13999938964844,68.30999755859375,67.6500015258789,68.11000061035156,11771400,46.00821685791016
2012-07-24,68.0999984741211,68.25,67.0,67.3499984741211,12145700,45.49483489990234
2012-07-25,67.66999816894531,68.0199966430664,67.38999938964844,67.52999877929688,9882200,45.61643600463867
2012-07-26,68.30000305175781,68.9800033569336,68.20999908447266,68.73999786376953,16477200,46.43378448486328
2012-07-27,68.94999694824219,69.68000030517578,68.88999938964844,69.5199966430664,14015900,46.96065521240234
2012-07-30,69.37000274658203,69.6500015258789,69.16000366210938,69.44999694824219,8379500,46.91337966918945
2012-07-31,69.25,69.55999755859375,69.0999984741211,69.22000122070312,10313900,46.75802230834961
2012-08-01,69.4800033569336,69.75,69.25,69.37999725341797,11681700,46.86608505249024
2012-08-02,68.80999755859375,68.9800033569336,68.0199966430664,68.44999694824219,13536000,46.237884521484375
2012-08-03,68.9800033569336,69.31999969482422,68.88999938964844,69.12000274658203,10898800,46.690460205078125
2012-08-06,69.18000030517578,69.33999633789062,68.77999877929688,68.83999633789062,8723200,46.50131607055664
2012-08-07,68.80999755859375,68.94000244140625,68.20999908447266,68.29000091552734,11268400,46.12981033325195
2012-08-08,68.29000091552734,68.55999755859375,68.22000122070312,68.3499984741211,6573100,46.17032623291016
2012-08-09,68.33000183105469,68.6500015258789,68.16999816894531,68.31999969482422,7764200,46.15005111694336
2012-08-10,68.12000274658203,68.70999908447266,68.12000274658203,68.63999938964844,7645000,46.3662223815918
2012-08-13,68.38999938964844,68.55000305175781,68.16999816894531,68.45999908447266,7199200,46.24462127685547
2012-08-14,68.73999786376953,68.75,68.5,68.63999938964844,8217800,46.3662223815918
2012-08-15,68.51000213623047,68.83999633789062,68.30000305175781,68.3499984741211,9349100,46.17032623291016
2012-08-16,68.44000244140625,68.44999694824219,68.0199966430664,68.19999694824219,13518500,46.06900787353516
2012-08-17,68.12000274658203,68.18000030517578,67.51000213623047,67.80000305175781,11999500,45.7988166809082
2012-08-20,67.80000305175781,67.83999633789062,67.66999816894531,67.69999694824219,12645200,45.73126220703125
2012-08-21,67.69000244140625,68.25,67.62000274658203,67.77999877929688,9544900,45.78530502319336
2012-08-22,67.62999725341797,67.93000030517578,67.52999877929688,67.75,8230900,45.76503372192383
2012-08-23,67.80000305175781,67.94999694824219,67.55999755859375,67.73999786376953,9062700,45.758277893066406
2012-08-24,67.22000122070312,67.83999633789062,67.1500015258789,67.5999984741211,11297500,46.07864761352539
2012-08-27,67.54000091552734,67.95999908447266,67.4800033569336,67.48999786376953,8761000,46.00366973876953
2012-08-28,67.30999755859375,67.69999694824219,67.22000122070312,67.51000213623047,6750800,46.01730346679688
2012-08-29,67.27999877929688,67.83000183105469,67.05999755859375,67.37000274658203,9609500,45.921871185302734
2012-08-30,67.2300033569336,67.41000366210938,66.8499984741211,67.20999908447266,9672700,45.81280517578125
2012-08-31,67.44999694824219,67.9000015258789,67.16000366210938,67.43000030517578,10151800,45.962772369384766
2012-09-04,67.48999786376953,67.54000091552734,66.97000122070312,67.26000213623047,8402700,45.84688949584961
2012-09-05,67.44000244140625,67.87000274658203,67.13999938964844,67.2699966430664,9266000,45.85370635986328
2012-09-06,67.70999908447266,68.22000122070312,67.58999633789062,67.83999633789062,13075500,46.24223709106445
2012-09-07,67.97000122070312,68.01000213623047,67.5199966430664,67.87999725341797,8403300,46.26950454711914
2012-09-10,67.98999786376953,68.47000122070312,67.83000183105469,68.18000030517578,11441300,46.4739990234375
2012-09-11,68.36000061035156,68.55000305175781,68.18000030517578,68.19999694824219,8821700,46.48762893676758
2012-09-12,68.37000274658203,68.45999908447266,68.02999877929688,68.1500015258789,8230700,46.45354080200195
2012-09-13,68.01000213623047,69.16999816894531,68.0,68.98999786376953,13006300,47.0261116027832
2012-09-14,68.91000366210938,68.91000366210938,68.08000183105469,68.47000122070312,13024000,46.671669006347656
2012-09-17,68.48999786376953,68.69999694824219,68.0,68.25,11584100,46.52172088623047
2012-09-18,68.08000183105469,68.66999816894531,68.06999969482422,68.55000305175781,8063100,46.72620391845703
2012-09-19,68.75,68.91999816894531,68.5999984741211,68.5999984741211,9911300,46.76028823852539
2012-09-20,68.41000366210938,68.98999786376953,68.33000183105469,68.9000015258789,8704000,46.96476745605469
2012-09-21,69.05000305175781,69.36000061035156,68.83999633789062,69.05999755859375,19064400,47.0738410949707
2012-09-24,68.87999725341797,69.19999694824219,68.80999755859375,69.0,9082100,47.032936096191406
2012-09-25,69.01000213623047,69.63999938964844,69.01000213623047,69.31999969482422,11625400,47.25106048583984
2012-09-26,69.5,69.5,68.95999908447266,69.0,9971900,47.032936096191406
2012-09-27,69.08999633789062,69.3499984741211,68.88999938964844,69.01000213623047,8253200,47.03974533081055
2012-09-28,68.7699966430664,69.04000091552734,68.5,68.91000366210938,10293200,46.97160720825195
2012-10-01,68.91999816894531,69.44999694824219,68.91999816894531,69.12999725341797,9647200,47.12155532836914
2012-10-02,69.12000274658203,69.27999877929688,68.63999938964844,68.95999908447266,10062700,47.00567626953125
2012-10-03,69.19000244140625,69.31999969482422,68.7300033569336,69.0,8557900,47.032936096191406
2012-10-04,69.0999984741211,69.5,69.01000213623047,69.2699966430664,9395900,47.216983795166016
2012-10-05,69.45999908447266,69.73999786376953,69.31999969482422,69.6500015258789,9429900,47.47599792480469
2012-10-08,69.5999984741211,69.6500015258789,69.16999816894531,69.44000244140625,6444600,47.33285903930664
2012-10-09,68.62000274658203,68.97000122070312,68.0999984741211,68.41000366210938,15365900,46.63078689575195
2012-10-10,68.37999725341797,68.48999786376953,67.9800033569336,68.22000122070312,10710100,46.50125503540039
2012-10-11,68.20999908447266,68.30000305175781,67.86000061035156,67.97000122070312,9505500,46.33086395263672
2012-10-12,68.18000030517578,68.51000213623047,67.80000305175781,67.97000122070312,8685500,46.33086395263672
2012-10-15,68.18000030517578,68.98999786376953,68.06999969482422,68.5999984741211,14868000,46.76028823852539
2012-10-16,69.30000305175781,69.80000305175781,69.0199966430664,69.55000305175781,13688800,47.407840728759766
2012-10-17,69.7300033569336,71.18000030517578,69.55000305175781,71.0,26522700,48.396217346191406
2012-10-18,70.87000274658203,72.73999786376953,70.81999969482422,72.5199966430664,33591100,49.43229675292969
2012-10-19,72.11000061035156,72.23999786376953,71.7300033569336,71.86000061035156,18391000,48.9824104309082
2012-10-22,71.79000091552734,72.29000091552734,71.33000183105469,71.77999877929688,14033400,48.92787551879883
2012-10-23,71.16999816894531,71.52999877929688,70.52999877929688,70.88999938964844,11086000,48.32123947143555
2012-10-24,70.98999786376953,71.19999694824219,70.66999816894531,70.73999786376953,8572000,48.2189826965332
2012-10-25,71.01000213623047,71.55999755859375,70.98999786376953,71.13999938964844,9672700,48.49164581298828
2012-10-26,71.0,71.31999969482422,70.55999755859375,70.9000015258789,8965200,48.32804489135742
2012-10-31,71.11000061035156,71.25,70.4800033569336,70.81999969482422,9950600,48.27351760864258
2012-11-01,71.0999984741211,71.9000015258789,70.83000183105469,71.5,11226000,48.73702621459961
2012-11-02,71.69999694824219,71.69999694824219,70.83000183105469,70.9000015258789,7946700,48.32804489135742
2012-11-05,70.86000061035156,71.0,70.47000122070312,70.79000091552734,6874500,48.25307846069336
2012-11-06,71.0,71.62000274658203,70.88999938964844,71.01000213623047,7927500,48.40303421020508
2012-11-07,70.69000244140625,70.98999786376953,69.69999694824219,70.33999633789062,12719700,47.946327209472656
2012-11-08,70.1500015258789,70.41999816894531,69.6500015258789,69.6500015258789,12652100,47.47599792480469
2012-11-09,69.55999755859375,70.26000213623047,69.43000030517578,69.87000274658203,10511700,47.62596130371094
2012-11-12,69.79000091552734,70.05000305175781,69.30999755859375,69.68000030517578,9761000,47.49645233154297
2012-11-13,69.5199966430664,70.11000061035156,69.4000015258789,69.51000213623047,8244500,47.38058853149414
2012-11-14,69.62999725341797,69.76000213623047,69.02999877929688,69.2699966430664,10470700,47.216983795166016
2012-11-15,68.98999786376953,69.19999694824219,68.72000122070312,69.06999969482422,11803600,47.080657958984375
2012-11-16,68.87000274658203,69.2699966430664,68.51000213623047,69.19000244140625,14272300,47.16242980957031
2012-11-19,69.54000091552734,69.80999755859375,69.04000091552734,69.25,12337400,47.20334243774414
2012-11-20,69.26000213623047,69.70999908447266,69.13999938964844,69.66999816894531,9859500,47.48965072631836
2012-11-21,69.62999725341797,69.87999725341797,69.44999694824219,69.58999633789062,7639900,47.43510055541992
2012-11-23,69.08000183105469,69.55999755859375,68.94999694824219,69.55999755859375,5450100,47.83395767211914
2012-11-26,69.12000274658203,69.5,68.81999969482422,69.08999633789062,9884800,47.5107421875
2012-11-27,69.01000213623047,69.1500015258789,68.7300033569336,68.80999755859375,8763200,47.31820297241211
2012-11-28,68.70999908447266,69.37999725341797,68.5999984741211,69.29000091552734,9983200,47.64827728271485
2012-11-29,69.47000122070312,69.55999755859375,69.05000305175781,69.22000122070312,9853400,47.60015487670898
2012-11-30,69.38999938964844,69.91999816894531,69.18000030517578,69.7300033569336,13480700,47.95086669921875
2012-12-03,69.80000305175781,69.91999816894531,69.36000061035156,69.6500015258789,9928900,47.895843505859375
2012-12-04,69.58000183105469,70.48999786376953,69.44999694824219,69.86000061035156,14278100,48.04022979736328
2012-12-05,69.93000030517578,70.29000091552734,69.58000183105469,69.97000122070312,11037100,48.11589813232422
2012-12-06,70.33999633789062,70.33999633789062,69.80000305175781,70.05000305175781,9459200,48.17091751098633
2012-12-07,70.04000091552734,70.5199966430664,69.86000061035156,70.44999694824219,10021300,48.44596481323242
2012-12-10,70.26000213623047,70.80000305175781,70.26000213623047,70.5999984741211,9700300,48.54912185668945
2012-12-11,70.93000030517578,71.62000274658203,70.75,71.0999984741211,14933700,48.89295196533203
2012-12-12,71.20999908447266,71.37000274658203,70.8499984741211,70.95999908447266,11783300,48.79665756225586
2012-12-13,70.9000015258789,71.0,70.62000274658203,70.75,8838900,48.65228271484375
2012-12-14,70.62000274658203,70.86000061035156,70.48999786376953,70.69000244140625,10263600,48.61103820800781
2012-12-17,70.83999633789062,71.18000030517578,70.77999877929688,70.94000244140625,14317200,48.78293991088867
2012-12-18,71.05999755859375,71.0999984741211,70.5,70.94999694824219,16352400,48.7898063659668
2012-12-19,70.91000366210938,71.30999755859375,70.62999725341797,70.62999725341797,11865600,48.56974411010742
2012-12-20,70.73999786376953,70.9000015258789,70.48999786376953,70.75,11775800,48.65228271484375
2012-12-21,70.55999755859375,70.75,70.05999755859375,70.2699966430664,22142300,48.322174072265625
2012-12-24,70.31999969482422,70.4000015258789,69.94000244140625,70.0199966430664,5006500,48.15028381347656
2012-12-26,69.94999694824219,70.36000061035156,69.87999725341797,70.16999816894531,7737300,48.2534294128418
2012-12-27,70.12999725341797,70.4000015258789,69.80000305175781,70.08999633789062,10700400,48.19841003417969
2012-12-28,69.83999633789062,70.06999969482422,69.41999816894531,69.4800033569336,9691100,47.77895736694336
2012-12-31,69.23999786376953,70.11000061035156,69.18000030517578,70.0999984741211,12770000,48.20528793334961
2013-01-02,71.0199966430664,71.0199966430664,70.30000305175781,70.83999633789062,12874200,48.71416091918945
2013-01-03,70.9800033569336,71.0,70.44999694824219,70.73999786376953,9598300,48.64537811279297
2013-01-04,71.23999786376953,71.7300033569336,71.01000213623047,71.55000305175781,11631800,49.20240783691406
2013-01-07,71.5,71.52999877929688,71.19000244140625,71.4000015258789,7548800,49.099246978759766
2013-01-08,71.30999755859375,71.6500015258789,71.25,71.41000366210938,9825300,49.10614013671875
2013-01-09,71.63999938964844,71.8499984741211,71.5,71.7300033569336,7672800,49.32617568969727
2013-01-10,71.80999755859375,72.37999725341797,71.73999786376953,72.19000244140625,11888500,49.64250946044922
2013-01-11,72.19000244140625,72.58000183105469,72.16000366210938,72.3499984741211,7766700,49.75252532958984
2013-01-14,72.5999984741211,72.79000091552734,72.37000274658203,72.55999755859375,7386000,49.89694595336914
2013-01-15,72.25,72.44000244140625,72.0,72.37000274658203,7795100,49.76630401611328
2013-01-16,72.26000213623047,72.81999969482422,72.25,72.58000183105469,8779900,49.91070175170898
2013-01-17,72.87999725341797,73.01000213623047,72.37000274658203,72.9000015258789,10570100,50.13075256347656
2013-01-18,72.9000015258789,73.2300033569336,72.79000091552734,73.2300033569336,13558600,50.35767364501953
2013-01-22,72.91999816894531,73.20999908447266,72.41999816894531,72.69000244140625,11469800,49.98634338378906
2013-01-23,72.5199966430664,72.91000366210938,72.47000122070312,72.8499984741211,10155100,50.09636306762695
2013-01-24,72.95999908447266,73.2300033569336,72.83999633789062,73.0999984741211,9369700,50.26828002929688
2013-01-25,73.12999725341797,73.93000030517578,73.05999755859375,73.91999816894531,10421500,50.83216094970703
2013-01-28,73.95999908447266,74.0,73.43000030517578,73.62000274658203,9420900,50.62584686279297
2013-01-29,73.66999816894531,74.62000274658203,73.63999938964844,74.41000366210938,12386500,51.16912460327149
2013-01-30,74.44999694824219,74.80000305175781,74.01000213623047,74.08999633789062,9245500,50.94905471801758
2013-01-31,74.08000183105469,74.36000061035156,73.77999877929688,73.91999816894531,10448700,50.83216094970703
2013-02-01,74.13999938964844,74.41999816894531,74.08000183105469,74.18000030517578,10016300,51.0109748840332
2013-02-04,73.55999755859375,74.25,73.55999755859375,74.11000061035156,9200700,50.96282196044922
2013-02-05,74.48999786376953,74.81999969482422,74.47000122070312,74.66000366210938,10230800,51.34103012084961
2013-02-06,74.56999969482422,75.38999938964844,74.5199966430664,75.38999938964844,12084000,51.8430290222168
2013-02-07,74.81999969482422,75.19999694824219,74.68000030517578,75.05999755859375,9798200,51.616092681884766
2013-02-08,75.16999816894531,75.61000061035156,74.7300033569336,75.4800033569336,8153300,51.904930114746094
2013-02-11,75.27999877929688,75.5,75.05000305175781,75.41000366210938,5697100,51.85679244995117
2013-02-12,75.41999816894531,75.86000061035156,75.41999816894531,75.80000305175781,7598900,52.1249885559082
2013-02-13,75.79000091552734,75.87000274658203,75.37000274658203,75.66000366210938,8014800,52.0286979675293
2013-02-14,75.5,76.08999633789062,75.37999725341797,75.80999755859375,9681800,52.13182830810547
2013-02-15,75.72000122070312,76.16000366210938,75.51000213623047,76.16000366210938,10528400,52.37255096435547
2013-02-19,76.02999877929688,77.0,75.95999908447266,76.95999908447266,9747400,52.92266845703125
2013-02-20,76.79000091552734,76.97000122070312,76.54000091552734,76.6500015258789,7857500,52.70948791503906
2013-02-21,76.47000122070312,77.0199966430664,76.37999725341797,76.87000274658203,9465700,52.86077117919922
2013-02-22,76.38999938964844,76.48999786376953,75.97000122070312,76.25,8571500,52.8538703918457
2013-02-25,76.47000122070312,76.66000366210938,75.56999969482422,75.56999969482422,10603300,52.38248825073242
2013-02-26,75.87999725341797,76.33999633789062,75.5,75.75,10742100,52.50725936889648
2013-02-27,75.68000030517578,76.44999694824219,75.5999984741211,76.31999969482422,8180300,52.902381896972656
2013-02-28,76.2300033569336,76.48999786376953,76.11000061035156,76.11000061035156,11806300,52.75682067871094
2013-03-01,75.79000091552734,76.7699966430664,75.7300033569336,76.69999694824219,9528300,53.165775299072266
2013-03-04,76.7300033569336,77.27999877929688,76.7300033569336,77.19999694824219,12628000,53.512351989746094
2013-03-05,77.55999755859375,77.70999908447266,77.44000244140625,77.66000366210938,9399400,53.83121490478516
2013-03-06,77.69000244140625,77.73999786376953,77.22000122070312,77.38999938964844,8535200,53.64404678344727
2013-03-07,77.62000274658203,77.95999908447266,77.58999633789062,77.75,7996500,53.89360046386719
2013-03-08,77.83999633789062,78.22000122070312,77.69999694824219,78.19000244140625,8554100,54.19858932495117
2013-03-11,77.91999816894531,78.5199966430664,77.83999633789062,78.44000244140625,8807600,54.37190246582031
2013-03-12,78.5,78.69000244140625,78.20999908447266,78.55999755859375,8790500,54.455055236816406
2013-03-13,78.5199966430664,78.66999816894531,78.19999694824219,78.55000305175781,7983400,54.44813919067383
2013-03-14,78.66999816894531,79.0999984741211,78.48999786376953,79.0999984741211,10130400,54.829368591308594
2013-03-15,78.62000274658203,79.23999786376953,78.62000274658203,79.19000244140625,18296500,54.89176559448242
2013-03-18,78.72000122070312,79.19000244140625,78.69999694824219,78.80999755859375,8005400,54.62835693359375
2013-03-19,78.9800033569336,79.08999633789062,78.5,78.86000061035156,7095800,54.66300201416016
2013-03-20,79.18000030517578,79.61000061035156,79.16999816894531,79.44999694824219,8000800,55.07197952270508
2013-03-21,79.12000274658203,79.5,78.7699966430664,79.01000213623047,8436300,54.76699066162109
2013-03-22,79.11000061035156,79.73999786376953,79.0199966430664,79.73999786376953,6873100,55.27297592163086
2013-03-25,79.83000183105469,79.94000244140625,79.47000122070312,79.68000030517578,9616600,55.23141479492188
2013-03-26,79.93000030517578,80.87999725341797,79.8499984741211,80.8499984741211,12682900,56.04243469238281
2013-03-27,80.55999755859375,81.3499984741211,80.2699966430664,81.2699966430664,10703400,56.33351135253906
2013-03-28,81.37000274658203,81.58999633789062,80.94999694824219,81.52999877929688,11332100,56.51374816894531
2013-04-01,81.38999938964844,81.95999908447266,81.27999877929688,81.93000030517578,7376800,56.7910385131836
2013-04-02,82.0,82.69000244140625,81.9000015258789,82.69000244140625,10342200,57.31784439086914
2013-04-03,82.73999786376953,82.94999694824219,81.56999969482422,82.06999969482422,12254000,56.88803863525391
2013-04-04,82.19999694824219,82.72000122070312,81.93000030517578,82.41000366210938,10303000,57.123756408691406
2013-04-05,81.79000091552734,82.11000061035156,81.62000274658203,82.04000091552734,8581400,56.86725234985352
2013-04-08,81.2699966430664,81.38999938964844,80.30999755859375,81.11000061035156,15828500,56.22261428833008
2013-04-09,81.26000213623047,81.75,81.23999786376953,81.5199966430664,9111000,56.50681686401367
2013-04-10,81.83000183105469,82.19999694824219,81.73999786376953,82.0199966430664,7583200,56.85341262817383
2013-04-11,82.13999938964844,82.95999908447266,82.08000183105469,82.31999969482422,9882700,57.06135559082031
2013-04-12,82.25,82.73999786376953,82.16999816894531,82.73999786376953,6987000,57.35249328613281
2013-04-15,82.72000122070312,83.08999633789062,81.70999908447266,81.70999908447266,12385800,56.63854217529297
2013-04-16,82.33000183105469,83.54000091552734,82.06999969482422,83.44000244140625,12620000,57.83771514892578
2013-04-17,83.36000061035156,84.43000030517578,83.29000091552734,83.9000015258789,13693300,58.15654754638672
2013-04-18,83.95999908447266,84.30000305175781,83.02999877929688,83.18000030517578,9921500,57.657501220703125
2013-04-19,83.51000213623047,84.56999969482422,83.47000122070312,84.48999786376953,10787600,58.56551742553711
2013-04-22,84.58999633789062,84.93000030517578,84.19999694824219,84.83000183105469,6989900,58.80123901367188
2013-04-23,84.98999786376953,85.68000030517578,84.0,85.44999694824219,8982100,59.23097229003906
2013-04-24,85.68000030517578,85.73999786376953,84.27999877929688,84.38999938964844,9480600,58.49620056152344
2013-04-25,84.54000091552734,85.44000244140625,84.33999633789062,85.22000122070312,8689400,59.07152938842773
2013-04-26,85.30000305175781,85.48999786376953,84.80999755859375,85.12000274658203,6784700,59.002220153808594
2013-04-29,85.0199966430664,85.88999938964844,84.91000366210938,85.58000183105469,8038000,59.32107925415039
2013-04-30,85.38999938964844,85.69999694824219,84.88999938964844,85.2300033569336,12099600,59.07848358154297
2013-05-01,84.5,85.12999725341797,83.87999725341797,84.2300033569336,12312100,58.38532257080078
2013-05-02,84.44000244140625,85.20999908447266,84.16999816894531,85.16000366210938,8668900,59.02994537353516
2013-05-03,85.58000183105469,85.98999786376953,85.44999694824219,85.75,9213800,59.43889617919922
2013-05-06,85.77999877929688,85.77999877929688,84.55000305175781,84.68000030517578,8815600,58.69724655151367
2013-05-07,84.87000274658203,85.56999969482422,84.62999725341797,85.52999877929688,9061800,59.28643035888672
2013-05-08,85.4800033569336,85.5999984741211,84.93000030517578,85.45999908447266,8044600,59.2379035949707
2013-05-09,85.44999694824219,85.69000244140625,84.95999908447266,85.1500015258789,8342000,59.02303314208984
2013-05-10,85.29000091552734,85.76000213623047,85.18000030517578,85.76000213623047,7594800,59.44585037231445
2013-05-13,85.55999755859375,86.06999969482422,85.44000244140625,85.8499984741211,6631500,59.50824737548828
2013-05-14,85.76000213623047,87.08000183105469,85.76000213623047,86.97000122070312,10360700,60.28456497192383
2013-05-15,86.94000244140625,87.87999725341797,86.94000244140625,87.63999938964844,13444400,60.74899673461914
2013-05-16,87.33000183105469,87.7699966430664,87.05999755859375,87.44999694824219,9441900,60.61730194091797
2013-05-17,87.47000122070312,88.19999694824219,87.41000366210938,88.08999633789062,11437700,61.06093215942383
2013-05-20,88.0999984741211,88.19999694824219,87.80999755859375,88.01000213623047,7235800,61.0054817199707
2013-05-21,87.94000244140625,88.63999938964844,87.79000091552734,88.58999633789062,10099600,61.40748596191406
2013-05-22,88.69999694824219,89.98999786376953,88.19999694824219,88.45999908447266,13825900,61.31739044189453
2013-05-23,87.11000061035156,87.97000122070312,87.0,87.20999908447266,14446900,60.905364990234375
2013-05-24,86.80000305175781,87.02999877929688,86.48999786376953,86.81999969482422,10390100,60.63299560546875
2013-05-28,87.54000091552734,88.29000091552734,87.2699966430664,87.61000061035156,8380200,61.18470764160156
2013-05-29,87.08000183105469,87.16000366210938,85.13999938964844,85.6500015258789,11872100,59.81587219238281
2013-05-30,85.70999908447266,86.30999755859375,85.68000030517578,85.98999786376953,7801200,60.053340911865234
2013-05-31,85.68000030517578,85.98999786376953,84.18000030517578,84.18000030517578,13302700,58.78927612304688
2013-06-03,84.27999877929688,84.70999908447266,83.37000274658203,84.70999908447266,11768500,59.15939712524414
2013-06-04,84.72000122070312,85.02999877929688,83.55999755859375,84.0999984741211,9972000,58.73340225219727
2013-06-05,83.91000366210938,85.0,83.4800033569336,83.68000030517578,9839100,58.44008255004883
2013-06-06,83.58999633789062,84.45999908447266,82.6500015258789,84.45999908447266,10671000,58.984825134277344
2013-06-07,84.95999908447266,85.18000030517578,84.4000015258789,84.91000366210938,8907700,59.29910659790039
2013-06-10,85.01000213623047,85.70999908447266,84.7300033569336,85.13999938964844,8477100,59.45969772338867
2013-06-11,84.76000213623047,85.0199966430664,84.12999725341797,84.69000244140625,8967000,59.14546203613281
2013-06-12,85.18000030517578,85.5,83.69999694824219,83.73999786376953,8413200,58.48199462890625
2013-06-13,83.5999984741211,84.95999908447266,83.08000183105469,84.91000366210938,8570000,59.29910659790039
2013-06-14,84.70999908447266,85.4800033569336,84.66000366210938,84.91000366210938,6357100,59.29910659790039
2013-06-17,85.37000274658203,86.4000015258789,84.9800033569336,85.62999725341797,8429100,59.80189895629883
2013-06-18,85.75,86.44000244140625,85.62999725341797,86.36000061035156,7233600,60.31171798706055
2013-06-19,86.43000030517578,86.5,84.80000305175781,84.86000061035156,8288400,59.26416397094727
2013-06-20,84.20999908447266,84.44999694824219,82.12000274658203,82.62000274658203,15172600,57.69980239868164
2013-06-21,83.0,84.31999969482422,82.5,83.19999694824219,20715800,58.1048583984375
2013-06-24,82.91999816894531,85.30999755859375,82.80999755859375,84.61000061035156,14777500,59.089576721191406
2013-06-25,85.16000366210938,85.58999633789062,84.54000091552734,85.3499984741211,11239400,59.60637664794922
2013-06-26,85.94999694824219,87.31999969482422,85.94000244140625,86.98999786376953,11966500,60.7517204284668
2013-06-27,87.52999877929688,87.81999969482422,86.48999786376953,86.70999908447266,8890300,60.55615234375
2013-06-28,86.72000122070312,87.37999725341797,85.8499984741211,85.86000061035156,11896300,59.96253967285156
2013-07-01,85.72000122070312,87.63999938964844,85.5,86.62999725341797,9905200,60.50028991699219
2013-07-02,86.6500015258789,87.19999694824219,86.20999908447266,86.56999969482422,8572100,60.45839691162109
2013-07-03,86.54000091552734,87.04000091552734,86.0999984741211,86.77999877929688,3599900,60.60506820678711
2013-07-05,87.58000183105469,87.87999725341797,86.91999816894531,87.87000274658203,5403600,61.36627197265625
2013-07-08,88.08999633789062,88.98999786376953,87.97000122070312,88.58999633789062,12051400,61.86909103393555
2013-07-09,88.6500015258789,89.08000183105469,88.36000061035156,88.87999725341797,9348600,62.07163619995117
2013-07-10,88.87999725341797,89.4800033569336,88.80999755859375,89.23999786376953,7067100,62.323028564453125
2013-07-11,89.80999755859375,89.93000030517578,89.0,89.66999816894531,8941300,62.62336349487305
2013-07-12,89.69000244140625,89.98999786376953,89.37999725341797,89.98999786376953,7590600,62.84685134887695
2013-07-15,89.91000366210938,90.80999755859376,89.76000213623047,90.4000015258789,13343200,63.1331787109375
2013-07-16,91.04000091552734,91.66000366210938,90.12999725341795,90.4000015258789,11409200,63.1331787109375
2013-07-17,90.58000183105467,90.97000122070312,89.87999725341797,90.12999725341795,12832200,62.94460678100586
2013-07-18,90.33000183105467,90.9499969482422,90.05999755859375,90.16999816894533,8329300,62.972537994384766
2013-07-19,90.23999786376952,92.2699966430664,90.05000305175781,92.2300033569336,12506300,64.41120910644531
2013-07-22,92.08000183105467,92.55999755859376,91.61000061035156,92.27999877929688,9916200,64.44610595703125
2013-07-23,92.38999938964844,92.86000061035156,92.11000061035156,92.41999816894533,8467700,64.54389190673828
2013-07-24,92.6500015258789,92.66000366210938,91.75,92.36000061035156,6846300,64.50200653076172
2013-07-25,92.0,92.75,91.75,92.56999969482422,7368000,64.64864349365234
2013-07-26,92.31999969482422,92.93000030517578,91.6500015258789,92.83000183105467,8663700,64.8302230834961
2013-07-29,92.62999725341795,93.38999938964844,92.61000061035156,93.20999908447266,7925000,65.09562683105469
2013-07-30,93.47000122070312,93.97000122070312,93.0199966430664,93.16999816894533,8863000,65.06768035888672
2013-07-31,93.2300033569336,94.41999816894533,93.19000244140624,93.5,11365700,65.29814147949219
2013-08-01,94.16000366210938,94.4000015258789,93.6999969482422,93.7699966430664,11098600,65.48670959472656
2013-08-02,93.55999755859376,94.38999938964844,93.4499969482422,94.38999938964844,8503100,65.91970825195312
2013-08-05,94.0500030517578,94.3000030517578,93.43000030517578,93.8000030517578,7192400,65.50765228271484
2013-08-06,93.87999725341795,93.94000244140624,93.5,93.80999755859376,6415000,65.51461791992188
2013-08-07,93.5999984741211,94.02999877929688,93.47000122070312,93.66000366210938,9056900,65.40985870361328
2013-08-08,94.2699966430664,94.37000274658205,92.70999908447266,93.33999633789062,11090000,65.18638610839844
2013-08-09,93.38999938964844,93.38999938964844,91.77999877929688,92.36000061035156,12135800,64.50200653076172
2013-08-12,92.08000183105467,92.7699966430664,91.75,92.0,11012300,64.25055694580078
2013-08-13,91.88999938964844,93.3499984741211,91.76000213623048,93.01000213623048,10099800,64.95594787597656
2013-08-14,92.79000091552734,92.9499969482422,90.51000213623048,90.6999969482422,12716800,63.34269714355469
2013-08-15,90.31999969482422,90.41000366210938,89.08999633789062,89.55000305175781,12010700,62.53955459594727
2013-08-16,89.12999725341797,89.80000305175781,88.7699966430664,89.37000274658203,14100700,62.41384506225586
2013-08-19,89.47000122070312,91.25,89.3499984741211,90.4499969482422,8687000,63.16809844970703
2013-08-20,90.5500030517578,91.6500015258789,89.7300033569336,89.7300033569336,8559200,62.66527557373047
2013-08-21,89.47000122070312,89.62999725341797,88.68000030517578,88.80000305175781,7940700,62.01579284667969
2013-08-22,88.76000213623047,89.02999877929688,88.12000274658203,88.26000213623047,7191900,61.63864135742188
2013-08-23,87.93000030517578,88.44000244140625,87.20999908447266,88.41000366210938,7714900,62.208595275878906
2013-08-26,88.36000061035156,88.4800033569336,87.38999938964844,87.52999877929688,6724500,61.58939743041992
2013-08-27,86.97000122070312,87.08000183105469,85.95999908447266,86.16999816894531,9941200,60.6324462890625
2013-08-28,86.36000061035156,86.91000366210938,85.87999725341797,86.52999877929688,8829200,60.88575744628906
2013-08-29,86.41000366210938,87.13999938964844,85.98999786376953,86.56999969482422,5768800,60.91389846801758
2013-08-30,86.77999877929688,86.77999877929688,85.8499984741211,86.41000366210938,7471300,60.801307678222656
2013-09-03,86.88999938964844,87.30000305175781,86.02999877929688,86.41999816894531,7590500,60.80836868286133
2013-09-04,86.45999908447266,87.25,86.25,86.9000015258789,8458800,61.14612579345703
2013-09-05,87.0,87.16999816894531,86.62000274658203,87.04000091552734,5647900,61.24460983276367
2013-09-06,87.22000122070312,87.91999816894531,86.0,87.16000366210938,10034900,61.32905197143555
2013-09-09,87.38999938964844,87.5999984741211,87.01000213623047,87.55999755859375,6819700,61.61050415039063
2013-09-10,88.13999938964844,88.58000183105469,87.8499984741211,88.52999877929688,8658700,62.29302978515625
2013-09-11,88.62999725341797,89.2699966430664,88.13999938964844,89.2300033569336,8098100,62.78556823730469
2013-09-12,89.30000305175781,89.56999969482422,88.87999725341797,89.01000213623047,7938500,62.63079833984375
2013-09-13,89.12999725341797,89.25,88.19999694824219,88.56999969482422,7738600,62.32118225097656
2013-09-16,89.43000030517578,89.56999969482422,88.83000183105469,89.02999877929688,7563700,62.64484786987305
2013-09-17,89.05000305175781,89.22000122070312,88.58000183105469,89.05999755859375,6291100,62.66595458984375
2013-09-18,88.91000366210938,89.91000366210938,88.30000305175781,89.91000366210938,10115500,63.26403045654297
2013-09-19,90.05000305175781,90.1999969482422,89.79000091552734,90.06999969482422,6721000,63.37663650512695
2013-09-20,90.1999969482422,90.72000122070312,89.68000030517578,89.68000030517578,14708600,63.10221862792969
2013-09-23,89.43000030517578,89.75,88.80999755859375,89.08999633789062,7376200,62.68705368041992
2013-09-24,89.0199966430664,89.19999694824219,88.1500015258789,88.22000122070312,7797500,62.07492065429688
2013-09-25,88.41999816894531,88.47000122070312,87.06999969482422,87.08000183105469,7493200,61.27275848388672
2013-09-26,87.27999877929688,87.69999694824219,86.72000122070312,87.06999969482422,6400600,61.26572799682617
2013-09-27,86.80999755859375,86.94000244140625,86.44000244140625,86.7300033569336,5461100,61.02648162841797
2013-09-30,86.33000183105469,86.94999694824219,86.1500015258789,86.69000244140625,7962300,60.998329162597656
2013-10-01,86.58999633789062,87.48999786376953,86.26000213623047,87.47000122070312,6318700,61.54716873168945
2013-10-02,87.12999725341797,87.29000091552734,86.44000244140625,87.29000091552734,6383400,61.42051315307617
2013-10-03,87.19000244140625,87.4000015258789,86.27999877929688,86.58000183105469,7724600,60.920928955078125
2013-10-04,86.81999969482422,87.41999816894531,86.55999755859375,87.30999755859375,6050000,61.43458938598633
2013-10-07,86.69999694824219,86.9800033569336,86.29000091552734,86.58999633789062,5705200,60.92796325683594
2013-10-08,86.62000274658203,86.73999786376953,85.56999969482422,85.61000061035156,8669800,60.2384147644043
2013-10-09,85.93000030517578,86.2300033569336,85.5,85.95999908447266,8014200,60.48466491699219
2013-10-10,86.72000122070312,87.77999877929688,86.69999694824219,87.77999877929688,8647900,61.76528930664063
2013-10-11,88.62000274658203,89.4800033569336,88.0199966430664,89.44999694824219,8449800,62.94035339355469
2013-10-14,88.83000183105469,89.88999938964844,88.62999725341797,89.80000305175781,9198600,63.18666076660156
2013-10-15,90.33000183105467,91.45999908447266,89.93000030517578,89.93000030517578,11024000,63.278114318847656
2013-10-16,90.41999816894533,91.16999816894533,90.16000366210938,91.11000061035156,8116000,64.1084213256836
2013-10-17,90.87000274658205,92.0,90.7699966430664,91.97000122070312,8569600,64.71351623535156
2013-10-18,91.75,92.0500030517578,91.13999938964844,91.62999725341795,9082600,64.47432708740234
2013-10-21,91.62999725341795,91.62999725341795,90.7699966430664,91.1999969482422,6940500,64.1717300415039
2013-10-22,91.52999877929688,92.55999755859376,91.5,92.36000061035156,9635500,64.98797607421875
2013-10-23,92.06999969482422,92.43000030517578,91.5199966430664,92.0999984741211,6449600,64.80502319335938
2013-10-24,92.6500015258789,92.98999786376952,92.13999938964844,92.3499984741211,5251000,64.98089599609375
2013-10-25,92.04000091552734,92.2699966430664,91.77999877929688,92.08999633789062,6076000,64.79801177978516
2013-10-28,91.95999908447266,92.8000030517578,91.91999816894533,92.38999938964844,6551000,65.0090560913086
2013-10-29,92.8000030517578,93.18000030517578,92.58000183105467,93.13999938964844,6096700,65.53678894042969
2013-10-30,93.2699966430664,93.4499969482422,92.6500015258789,92.79000091552734,6295400,65.29053497314453
2013-10-31,92.8499984741211,93.3499984741211,92.31999969482422,92.61000061035156,7773900,65.16385650634766
2013-11-01,92.37999725341795,93.58000183105467,92.37999725341795,93.37000274658205,6835900,65.69865417480469
2013-11-04,93.45999908447266,93.5,92.43000030517578,93.02999877929688,6862500,65.45938873291016
2013-11-05,92.54000091552734,92.9499969482422,92.27999877929688,92.80999755859376,5350600,65.30460357666016
2013-11-06,93.02999877929688,93.1999969482422,92.72000122070312,93.04000091552734,5301300,65.46646118164062
2013-11-07,93.19000244140624,93.3499984741211,92.69000244140624,92.69000244140624,6116900,65.22016143798828
2013-11-08,92.62999725341795,94.0999984741211,92.55999755859376,94.0500030517578,7229500,66.17710876464844
2013-11-11,93.97000122070312,94.63999938964844,93.94000244140624,94.29000091552734,4723100,66.34599304199219
2013-11-12,93.9800033569336,94.08999633789062,93.0,93.55999755859376,7639600,65.83233642578125
2013-11-13,93.36000061035156,93.4499969482422,92.31999969482422,93.33999633789062,8954300,65.677490234375
2013-11-14,93.4000015258789,94.13999938964844,93.4000015258789,93.91999816894533,7045700,66.08564758300781
2013-11-15,93.62999725341795,94.4000015258789,93.5500030517578,94.38999938964844,7063000,66.41636657714844
2013-11-18,94.36000061035156,94.5999984741211,94.01000213623048,94.3000030517578,8492000,66.3530044555664
2013-11-19,94.2699966430664,94.91999816894533,94.0,94.86000061035156,6624200,66.7470703125
2013-11-20,94.94000244140624,95.47000122070312,94.66000366210938,95.1500015258789,7076500,66.95110321044922
2013-11-21,95.45999908447266,95.75,95.0500030517578,95.1999969482422,6896200,66.98629760742188
2013-11-22,94.38999938964844,95.58000183105467,94.38999938964844,95.25,6462100,67.48936462402344
2013-11-25,95.48999786376952,95.98999786376952,95.08000183105467,95.62999725341795,6374600,67.75859832763672
2013-11-26,95.58000183105467,95.87000274658205,94.97000122070312,95.05999755859376,7267600,67.35472869873047
2013-11-27,95.33999633789062,95.37000274658205,94.61000061035156,94.9800033569336,4603800,67.29806518554688
2013-11-29,95.2300033569336,95.5,94.43000030517578,94.66000366210938,4106800,67.07133483886719
2013-12-02,94.41000366210938,94.66000366210938,93.97000122070312,94.27999877929688,5827400,66.80207061767578
2013-12-03,94.1999969482422,94.55999755859376,93.51000213623048,93.97000122070312,9061100,66.58240509033203
2013-12-04,93.76000213623048,94.25,93.12999725341795,93.62999725341795,6218500,66.34149932861328
2013-12-05,93.41999816894533,93.62999725341795,92.66000366210938,92.97000122070312,8666200,65.87386322021484
2013-12-06,93.5999984741211,94.4800033569336,93.41999816894533,94.44000244140624,7280400,66.91545104980469
2013-12-09,94.3000030517578,94.4800033569336,93.6999969482422,94.44000244140624,6974500,66.91545104980469
2013-12-10,94.58000183105467,94.79000091552734,93.95999908447266,94.13999938964844,7576600,66.702880859375
2013-12-11,94.4000015258789,94.4499969482422,93.02999877929688,93.11000061035156,9424300,65.97306823730469
2013-12-12,92.83999633789062,92.86000061035156,91.06999969482422,91.16000366210938,12285700,64.59138488769531
2013-12-13,91.45999908447266,91.86000061035156,91.08000183105467,91.3499984741211,7909000,64.72602081298828
2013-12-16,91.41999816894533,92.31999969482422,91.16000366210938,91.37000274658205,6623000,64.7402114868164
2013-12-17,91.3000030517578,91.33000183105467,90.5,90.66000366210938,8794000,64.23713684082031
2013-12-18,90.9499969482422,92.66000366210938,89.7699966430664,92.63999938964844,9691100,65.6400375366211
2013-12-19,92.4000015258789,92.4000015258789,91.41999816894533,91.9800033569336,7341000,65.17240905761719
2013-12-20,91.9499969482422,92.75,91.9499969482422,92.08999633789062,11265000,65.25035858154297
2013-12-23,92.55999755859376,92.68000030517578,91.76000213623048,92.02999877929688,5312200,65.20782470703125
2013-12-24,92.18000030517578,92.38999938964844,91.8499984741211,92.05999755859376,3147300,65.2291030883789
2013-12-26,91.98999786376952,92.54000091552734,91.7699966430664,92.54000091552734,3459100,65.56917572021484
2013-12-27,92.7699966430664,92.95999908447266,92.18000030517578,92.3499984741211,3511300,65.43455505371094
2013-12-30,92.16000366210938,92.3000030517578,91.7300033569336,92.3000030517578,4370100,65.39911651611328
2013-12-31,92.16999816894533,92.22000122070312,91.1500015258789,91.58999633789062,6348200,64.89606475830078
2014-01-02,91.13999938964844,91.7300033569336,91.01000213623048,91.02999877929688,5919600,64.4992904663086
2014-01-03,91.29000091552734,92.22000122070312,91.26000213623048,91.8499984741211,5637600,65.08030700683594
2014-01-06,91.93000030517578,92.75,91.87000274658205,92.33000183105467,7443500,65.42041778564453
2014-01-07,93.04000091552734,94.62000274658205,92.98999786376952,94.29000091552734,11063300,66.80915069580078
2014-01-08,94.16999816894533,94.5999984741211,93.87999725341795,94.16000366210938,9096700,66.71704864501953
2014-01-09,94.94000244140624,95.37999725341795,94.08999633789062,94.7300033569336,7944700,67.12091064453125
2014-01-10,94.63999938964844,94.9800033569336,94.13999938964844,94.73999786376952,6697400,67.12799835205078
2014-01-13,94.37000274658205,94.98999786376952,94.05999755859376,94.5,9589200,66.95794677734375
2014-01-14,94.5999984741211,94.9000015258789,94.31999969482422,94.72000122070312,7567300,67.11383819580078
2014-01-15,94.6500015258789,95.2699966430664,94.51000213623048,94.8000030517578,7390700,67.1705322265625
2014-01-16,94.5999984741211,95.08999633789062,94.2300033569336,94.63999938964844,8401100,67.05712890625
2014-01-17,94.72000122070312,95.16999816894533,94.37999725341795,95.05999755859376,13714400,67.35472869873047
2014-01-21,94.93000030517578,95.0999984741211,92.62000274658205,94.02999877929688,16368400,66.62494659423828
2014-01-22,93.98999786376952,94.5500030517578,93.54000091552734,94.31999969482422,8875500,66.83042907714844
2014-01-23,93.73999786376952,93.8000030517578,92.41000366210938,92.73999786376952,9322300,65.7109146118164
2014-01-24,92.12000274658205,92.61000061035156,90.61000061035156,90.61000061035156,10604200,64.20169830322266
2014-01-27,90.3000030517578,90.76000213623048,89.8499984741211,89.94000244140625,8685200,63.72698974609375
2014-01-28,90.58000183105467,90.5999984741211,89.79000091552734,90.0999984741211,8254400,63.84035873413086
2014-01-29,89.47000122070312,89.70999908447266,88.52999877929688,88.9000015258789,11160100,62.99006271362305
2014-01-30,89.62000274658203,89.77999877929688,89.01000213623047,89.5,6874900,63.41520690917969
2014-01-31,89.01000213623047,89.33999633789062,88.1500015258789,88.47000122070312,12193800,62.68540573120117
2014-02-03,88.75,88.77999877929688,86.61000061035156,86.77999877929688,13944600,61.48793411254883
2014-02-04,86.93000030517578,87.27999877929688,86.08999633789062,86.62000274658203,11436400,61.37456130981445
2014-02-05,86.48999786376953,87.66999816894531,86.4800033569336,87.27999877929688,10667300,61.84221267700195
2014-02-06,87.62999725341797,88.76000213623047,87.55000305175781,88.75,10037900,62.8838005065918
2014-02-07,88.91999816894531,90.04000091552734,88.61000061035156,90.04000091552734,9435100,63.79782485961914
2014-02-10,90.23999786376952,91.08000183105467,89.80000305175781,91.06999969482422,8080200,64.52762603759766
2014-02-11,91.08999633789062,92.97000122070312,90.9499969482422,92.97000122070312,11556300,65.87386322021484
2014-02-12,92.9499969482422,92.98999786376952,91.9499969482422,92.41999816894533,7696100,65.48416900634766
2014-02-13,92.0,92.62000274658205,91.70999908447266,92.55999755859376,5926000,65.58335876464844
2014-02-14,92.5999984741211,92.9499969482422,92.02999877929688,92.76000213623048,5485100,65.72510528564453
2014-02-18,92.7699966430664,92.8499984741211,92.08999633789062,92.16999816894533,6926500,65.3070297241211
2014-02-19,92.1500015258789,92.75,91.56999969482422,91.63999938964844,7693400,64.9314956665039
2014-02-20,91.69000244140624,92.7300033569336,91.30999755859376,92.37999725341795,8160100,65.4558334350586
2014-02-21,91.86000061035156,92.25,91.4499969482422,91.5199966430664,7381500,65.31310272216797
2014-02-24,91.4499969482422,92.05999755859376,91.0999984741211,91.11000061035156,8406700,65.02051544189453
2014-02-25,91.58999633789062,91.87000274658205,90.66000366210938,91.11000061035156,6383400,65.02051544189453
2014-02-26,91.11000061035156,91.54000091552734,90.7699966430664,91.11000061035156,6334100,65.02051544189453
2014-02-27,91.16000366210938,91.41999816894533,90.75,91.36000061035156,7040300,65.19890594482422
2014-02-28,91.41999816894533,92.63999938964844,91.05999755859376,92.12000274658205,9643700,65.74127960205078
2014-03-03,91.12999725341795,91.9800033569336,90.83000183105467,91.55999755859376,7506700,65.34162902832031
2014-03-04,92.47000122070312,93.45999908447266,92.25,93.33999633789062,8796300,66.61196899414062
2014-03-05,93.2699966430664,93.3000030517578,92.37999725341795,92.58999633789062,6842500,66.07667541503906
2014-03-06,93.19000244140624,93.6500015258789,92.81999969482422,92.88999938964844,7718300,66.29078674316406
2014-03-07,93.37000274658205,93.4800033569336,92.69000244140624,93.31999969482422,6792000,66.59765625
2014-03-10,93.16999816894533,93.48999786376952,92.79000091552734,93.4499969482422,4878200,66.69044494628906
2014-03-11,93.70999908447266,93.75,93.08999633789062,93.48999786376952,5837200,66.71897888183594
2014-03-12,92.81999969482422,93.62000274658205,92.6500015258789,93.5999984741211,6154900,66.79745483398438
2014-03-13,93.8499984741211,94.1999969482422,92.9800033569336,93.0,7659400,66.36927032470703
2014-03-14,92.87999725341795,93.44000244140624,92.45999908447266,92.80999755859376,7337800,66.23371124267578
2014-03-17,93.26000213623048,94.18000030517578,93.18000030517578,93.93000030517578,5872600,67.03298950195312
2014-03-18,93.9000015258789,94.23999786376952,93.4800033569336,93.94000244140624,5891900,67.04011535644531
2014-03-19,93.88999938964844,94.36000061035156,92.91999816894533,93.58999633789062,5937600,66.79033660888672
2014-03-20,93.5199966430664,94.19000244140624,92.95999908447266,94.12000274658205,5727400,67.16859436035156
2014-03-21,94.7699966430664,95.93000030517578,93.87999725341795,95.93000030517578,23988800,68.46028900146484
2014-03-24,95.3000030517578,95.43000030517578,94.54000091552734,95.1999969482422,13944100,67.93934631347656
2014-03-25,95.6999969482422,97.6999969482422,95.6999969482422,97.37999725341795,14167300,69.49505615234375
2014-03-26,97.51000213623048,98.47000122070312,97.0500030517578,97.0500030517578,11215100,69.2595443725586
2014-03-27,97.08000183105467,97.6999969482422,96.26000213623048,97.27999877929688,8694600,69.42372131347656
2014-03-28,97.51000213623048,98.22000122070312,96.95999908447266,97.44000244140624,8816000,69.53789520263672
2014-03-31,98.0,98.5999984741211,97.61000061035156,98.2300033569336,7545700,70.10167694091797
2014-04-01,98.30999755859376,98.68000030517578,97.37000274658205,97.94000244140624,7068500,69.89470672607422
2014-04-02,98.01000213623048,98.38999938964844,97.37000274658205,98.2300033569336,7995600,70.10167694091797
2014-04-03,97.97000122070312,98.33999633789062,97.52999877929688,98.26000213623048,5471200,70.12309265136719
2014-04-04,98.62000274658205,99.37999725341795,98.31999969482422,98.41999816894533,10309700,70.23729705810547
2014-04-07,98.38999938964844,99.36000061035156,97.83000183105467,97.88999938964844,11409200,69.85906219482422
2014-04-08,98.02999877929688,98.7300033569336,97.5,98.05999755859376,9601800,69.98035430908203
2014-04-09,98.41999816894533,99.0,97.77999877929688,98.9499969482422,8921300,70.6155014038086
2014-04-10,98.86000061035156,98.93000030517578,96.5199966430664,96.54000091552734,9667800,68.89562225341797
2014-04-11,96.1999969482422,97.1999969482422,96.0500030517578,96.87000274658205,8710700,69.13113403320312
2014-04-14,97.27999877929688,97.36000061035156,96.25,97.13999938964844,8617200,69.32380676269531
2014-04-15,98.4499969482422,99.20999908447266,98.0500030517578,99.1999969482422,13999100,70.79391479492188
2014-04-16,99.56999969482422,99.70999908447266,98.06999969482422,98.75,11308000,70.47277069091797
2014-04-17,98.69000244140624,99.6500015258789,98.69000244140624,98.95999908447266,9153500,70.62267303466797
2014-04-21,99.01000213623048,100.12999725341795,98.66999816894533,100.0,7031400,71.36483764648438
2014-04-22,100.0,100.75,99.73999786376952,100.18000030517578,7937900,71.4932861328125
2014-04-23,100.23999786376952,100.55999755859376,99.91999816894533,100.22000122070312,5876000,71.52182006835938
2014-04-24,100.23999786376952,100.37000274658205,99.5500030517578,99.95999908447266,6149900,71.33628845214844
2014-04-25,99.97000122070312,100.26000213623048,99.4000015258789,99.79000091552734,5895900,71.21497344970703
2014-04-28,100.55999755859376,101.5,100.12000274658205,101.33999633789062,8792900,72.32111358642578
2014-04-29,101.62999725341795,101.9800033569336,100.95999908447266,101.02999877929688,7811200,72.09989166259766
2014-04-30,100.83999633789062,101.66999816894533,100.6999969482422,101.29000091552734,8513600,72.28543853759766
2014-05-01,100.7699966430664,101.02999877929688,99.93000030517578,100.52999877929688,6590500,71.74308013916016
2014-05-02,100.16999816894533,100.37999725341795,98.87999725341795,99.30999755859376,8744200,70.87239074707031
2014-05-05,99.29000091552734,100.16999816894533,99.04000091552734,100.0,5438200,71.36483764648438
2014-05-06,100.0199966430664,100.0199966430664,99.51000213623048,99.51000213623048,5795900,71.0151596069336
2014-05-07,99.8499984741211,101.0500030517578,99.3499984741211,100.91000366210938,8720800,72.0142593383789
2014-05-08,100.66999816894533,101.08999633789062,100.36000061035156,100.5,5667900,71.72164916992188
2014-05-09,100.86000061035156,101.25,100.41000366210938,100.91000366210938,5691700,72.0142593383789
2014-05-12,101.23999786376952,101.23999786376952,100.41999816894533,100.5199966430664,7437300,71.73592376708984
2014-05-13,100.9000015258789,101.48999786376952,100.62999725341795,101.0199966430664,6183200,72.09275817871094
2014-05-14,100.9499969482422,101.0999984741211,100.7699966430664,100.87000274658205,4187200,71.9857177734375
2014-05-15,100.63999938964844,100.83999633789062,100.41000366210938,100.69000244140624,7007600,71.85724639892578
2014-05-16,100.56999969482422,100.88999938964844,100.13999938964844,100.58000183105467,6516900,71.77875518798828
2014-05-19,100.22000122070312,100.93000030517578,100.12999725341795,100.63999938964844,6997200,71.8215560913086
2014-05-20,100.80999755859376,100.9800033569336,99.95999908447266,100.25,5438400,71.54325103759766
2014-05-21,100.5999984741211,101.1999969482422,100.52999877929688,101.13999938964844,5302500,72.17839813232422
2014-05-22,100.58000183105467,101.01000213623048,100.08000183105467,100.95999908447266,5124900,72.55207061767578
2014-05-23,101.04000091552734,101.16000366210938,100.66999816894533,100.9800033569336,5275700,72.5664291381836
2014-05-27,101.0999984741211,101.36000061035156,100.2699966430664,100.80999755859376,4524400,72.44429016113281
2014-05-28,100.66999816894533,100.93000030517578,100.12000274658205,100.3000030517578,4352700,72.07780456542969
2014-05-29,100.55999755859376,100.8000030517578,100.1500015258789,100.76000213623048,3685200,72.40835571289062
2014-05-30,100.6999969482422,101.54000091552734,100.5500030517578,101.45999908447266,5973900,72.911376953125
2014-06-02,101.54000091552734,102.26000213623048,101.01000213623048,102.16999816894533,5845400,73.42159271240234
2014-06-03,101.91000366210938,102.5999984741211,101.83999633789062,102.45999908447266,6681300,73.6300048828125
2014-06-04,102.2300033569336,102.70999908447266,101.94000244140624,102.68000030517578,5608600,73.78810119628906
2014-06-05,102.77999877929688,103.36000061035156,102.41999816894533,103.22000122070312,4730900,74.17617797851562
2014-06-06,103.25,103.33000183105467,102.83999633789062,103.18000030517578,4624000,74.1474380493164
2014-06-09,103.06999969482422,103.2300033569336,102.68000030517578,103.22000122070312,3748800,74.17617797851562
2014-06-10,103.47000122070312,104.12000274658205,102.7699966430664,104.0999984741211,5792100,74.80854797363281
2014-06-11,103.80999755859376,104.1500015258789,103.12999725341795,103.31999969482422,5960500,74.24801635742188
2014-06-12,103.18000030517578,103.20999908447266,102.51000213623048,102.52999877929688,5930700,73.68031311035156
2014-06-13,102.51000213623048,102.6500015258789,102.16999816894533,102.52999877929688,4301600,73.68031311035156
2014-06-16,102.5199966430664,102.88999938964844,101.83999633789062,102.4499969482422,5645500,73.622802734375
2014-06-17,102.12999725341795,102.1999969482422,101.37999725341795,101.93000030517578,4834600,73.24913787841797
2014-06-18,101.91000366210938,102.83000183105467,101.86000061035156,102.80999755859376,5445000,73.88152313232422
2014-06-19,102.93000030517578,103.87000274658205,102.80999755859376,103.80999755859376,5481500,74.60012817382812
2014-06-20,104.37000274658205,105.4800033569336,104.06999969482422,105.2699966430664,12459700,75.64930725097656
2014-06-23,104.91000366210938,105.12000274658205,104.44000244140624,104.75,6063200,75.27565002441406
2014-06-24,104.62999725341795,105.2300033569336,104.5500030517578,104.58999633789062,5915000,75.16068267822266
2014-06-25,104.2300033569336,105.87000274658205,104.2300033569336,105.76000213623048,6411100,76.00147247314453
2014-06-26,105.83999633789062,105.97000122070312,105.02999877929688,105.6500015258789,5106900,75.92242431640625
2014-06-27,105.47000122070312,105.58999633789062,104.4499969482422,104.98999786376952,6463000,75.44810485839844
2014-06-30,105.62000274658205,106.0,104.5199966430664,104.62000274658205,6877800,75.18224334716797
2014-07-01,105.1500015258789,106.0,104.98999786376952,105.87000274658205,5129200,76.08051300048828
2014-07-02,105.6999969482422,105.97000122070312,105.3000030517578,105.86000061035156,3764900,76.07331848144531
2014-07-03,105.87000274658205,106.25,105.11000061035156,105.41999816894533,4199100,75.75714111328125
2014-07-07,105.41999816894533,106.73999786376952,105.2699966430664,106.47000122070312,7014900,76.51170349121094
2014-07-08,106.20999908447266,106.25,105.5199966430664,105.72000122070312,6268400,75.97270202636719
2014-07-09,106.0,106.20999908447266,105.72000122070312,106.04000091552734,5720900,76.20264434814453
2014-07-10,105.08000183105467,106.0,104.5199966430664,105.8000030517578,4955100,76.03021240234375
2014-07-11,105.83999633789062,106.01000213623048,104.86000061035156,105.0999984741211,5461000,75.52716064453125
2014-07-14,105.37999725341795,105.48999786376952,105.11000061035156,105.37999725341795,7784800,75.72837829589844
2014-07-15,105.2300033569336,105.47000122070312,102.7699966430664,103.27999877929688,14219700,74.2192611694336
2014-07-16,103.52999877929688,103.66999816894533,101.9499969482422,102.22000122070312,11946800,73.45758819580078
2014-07-17,101.9000015258789,102.0999984741211,100.26000213623048,100.37000274658205,11218900,72.12810516357422
2014-07-18,100.66999816894533,101.95999908447266,100.37000274658205,101.8000030517578,8408400,73.15572357177734
2014-07-21,101.44000244140624,101.58000183105467,101.0199966430664,101.2699966430664,6379900,72.77484893798828
2014-07-22,101.91000366210938,102.54000091552734,101.77999877929688,102.47000122070312,6554100,73.63720703125
2014-07-23,102.8000030517578,102.93000030517578,101.87999725341795,102.19000244140624,4815300,73.43600463867188
2014-07-24,102.33999633789062,102.7300033569336,102.0199966430664,102.1999969482422,5177200,73.44316101074219
2014-07-25,102.2699966430664,102.4000015258789,101.8000030517578,102.11000061035156,3951500,73.37848663330078
2014-07-28,101.88999938964844,102.4000015258789,101.66000366210938,102.11000061035156,4634800,73.37848663330078
2014-07-29,102.4499969482422,102.51000213623048,101.69000244140624,101.95999908447266,6053900,73.27070617675781
2014-07-30,102.2699966430664,102.8499984741211,101.80999755859376,102.3000030517578,5994800,73.51502227783203
2014-07-31,101.7699966430664,101.83999633789062,100.0500030517578,100.08999633789062,9141500,71.9268798828125
2014-08-01,99.76000213623048,100.41000366210938,98.8000030517578,99.9000015258789,8610700,71.79033660888672
2014-08-04,99.98999786376952,100.37999725341795,99.31999969482422,100.16000366210938,6790800,71.97718811035156
2014-08-05,99.83000183105467,100.23999786376952,99.5500030517578,99.81999969482422,6230900,71.73284149169922
2014-08-06,99.66999816894533,100.83000183105467,99.5999984741211,100.70999908447266,7412100,72.37240600585938
2014-08-07,101.08999633789062,101.19000244140624,99.58000183105467,99.93000030517578,7417800,71.8118896484375
2014-08-08,100.20999908447266,101.1500015258789,99.7699966430664,101.08000183105467,5618400,72.63831329345703
2014-08-11,101.62000274658205,101.77999877929688,101.01000213623048,101.16000366210938,5703000,72.69578552246094
2014-08-12,101.0,101.22000122070312,100.30999755859376,100.62999725341795,4577700,72.31494140625
2014-08-13,101.1500015258789,101.9499969482422,101.1500015258789,101.73999786376952,4563700,73.11260223388672
2014-08-14,101.88999938964844,102.0500030517578,101.5,102.0199966430664,5239400,73.31378936767578
2014-08-15,102.20999908447266,102.44000244140624,100.8000030517578,101.16999816894533,6986000,72.70297241210938
2014-08-18,101.91999816894533,102.72000122070312,101.75,102.6999969482422,5979500,73.80247497558594
2014-08-19,102.7300033569336,102.95999908447266,102.0199966430664,102.95999908447266,5670000,73.98932647705078
2014-08-20,102.87000274658205,103.3000030517578,102.6999969482422,103.20999908447266,5183000,74.16898345947266
2014-08-21,103.33000183105467,104.41999816894533,103.33000183105467,104.19000244140624,8357600,74.87321472167969
2014-08-22,103.62999725341795,104.02999877929688,102.97000122070312,103.0999984741211,5076300,74.59104919433594
2014-08-25,103.6500015258789,103.80999755859376,103.08999633789062,103.2300033569336,3678200,74.68511962890625
2014-08-26,103.47000122070312,103.72000122070312,103.16999816894533,103.44000244140624,3512400,74.8370361328125
2014-08-27,103.5999984741211,103.72000122070312,102.91000366210938,103.22000122070312,4786100,74.67789459228516
2014-08-28,102.9000015258789,103.19000244140624,102.70999908447266,102.9499969482422,3482200,74.48253631591797
2014-08-29,103.0999984741211,103.76000213623048,103.01000213623048,103.7300033569336,5287800,75.04685974121094
2014-09-02,103.3000030517578,103.70999908447266,103.0199966430664,103.36000061035156,4644800,74.7791976928711
2014-09-03,103.81999969482422,104.0999984741211,103.54000091552734,103.76000213623048,4725800,75.06857299804688
2014-09-04,103.98999786376952,104.0999984741211,103.76000213623048,103.83999633789062,6147700,75.12646484375
2014-09-05,103.91999816894533,104.41999816894533,103.33999633789062,104.41999816894533,5744400,75.54605865478516
2014-09-08,104.41999816894533,104.58000183105467,103.83000183105467,104.0500030517578,4900300,75.27836608886719
2014-09-09,104.4000015258789,104.4000015258789,103.5500030517578,103.8000030517578,5999400,75.09751892089844
2014-09-10,104.19000244140624,105.33999633789062,103.95999908447266,104.98999786376952,7402200,75.95844268798828
2014-09-11,104.77999877929688,104.88999938964844,104.0999984741211,104.5500030517578,4834100,75.6401138305664
2014-09-12,104.54000091552734,104.80999755859376,103.95999908447266,104.58000183105467,5929200,75.6618423461914
2014-09-15,104.58999633789062,104.91000366210938,104.3499984741211,104.72000122070312,4525500,75.76310729980469
2014-09-16,104.48999786376952,105.94000244140624,104.3000030517578,105.87999725341795,6081400,76.60234832763672
2014-09-17,105.87999725341795,106.62999725341795,105.8000030517578,106.19000244140624,6627800,76.82665252685547
2014-09-18,106.18000030517578,107.41000366210938,106.02999877929688,107.3499984741211,6628700,77.66587829589844
2014-09-19,107.88999938964844,108.37000274658205,107.62000274658205,107.98999786376952,13033400,78.12889099121094
2014-09-22,108.0,108.25,107.77999877929688,107.87999725341795,5788300,78.04933166503906
2014-09-23,107.7699966430664,108.0999984741211,107.19000244140624,107.45999908447266,8108100,77.7454605102539
2014-09-24,107.6999969482422,108.7699966430664,107.33999633789062,108.63999938964844,5890900,78.59917449951172
2014-09-25,108.52999877929688,108.5500030517578,107.06999969482422,107.0999984741211,5688200,77.4850082397461
2014-09-26,107.41000366210938,107.48999786376952,106.1999969482422,107.0999984741211,4467500,77.4850082397461
2014-09-29,106.37999725341795,106.6500015258789,106.04000091552734,106.54000091552734,6581600,77.079833984375
2014-09-30,106.5,107.20999908447266,106.4499969482422,106.58999633789062,6822500,77.11602783203125
2014-10-01,105.9800033569336,106.27999877929688,103.9499969482422,104.3000030517578,12263700,75.45927429199219
2014-10-02,104.05999755859376,104.54000091552734,103.25,103.8499984741211,7566100,75.13368225097656
2014-10-03,104.2300033569336,105.19000244140624,104.12999725341795,105.12999725341795,6856100,76.05973815917969
2014-10-06,105.68000030517578,106.0,104.37000274658205,104.86000061035156,5015100,75.8644027709961
2014-10-07,104.45999908447266,104.45999908447266,102.33999633789062,102.38999938964844,8407800,74.07740020751953
2014-10-08,102.43000030517578,105.02999877929688,102.04000091552734,104.91000366210938,8337000,75.90058135986328
2014-10-09,104.62999725341795,104.86000061035156,101.79000091552734,102.08000183105467,10675900,73.85311889648438
2014-10-10,102.3499984741211,102.52999877929688,101.2300033569336,101.2300033569336,9984100,73.2381591796875
2014-10-13,101.45999908447266,101.45999908447266,99.0199966430664,99.12000274658205,10334600,71.71160125732422
2014-10-14,100.52999877929688,100.9000015258789,95.33999633789062,97.01000213623048,20807400,70.18504333496094
2014-10-15,96.0500030517578,98.72000122070312,95.0999984741211,98.20999908447266,21905900,71.05323791503906
2014-10-16,96.97000122070312,98.0,96.5,96.77999877929688,14575300,70.01863861083984
2014-10-17,97.54000091552734,99.1500015258789,97.30999755859376,98.6999969482422,12272900,71.40773010253906
2014-10-20,98.83000183105467,99.1999969482422,98.31999969482422,99.1999969482422,7988900,71.7695083618164
2014-10-21,99.83000183105467,100.37999725341795,99.33999633789062,100.36000061035156,7287300,72.60872650146484
2014-10-22,101.0999984741211,101.79000091552734,100.5199966430664,101.22000122070312,9360100,73.23092651367188
2014-10-23,102.26000213623048,102.9800033569336,101.94000244140624,102.62999725341795,7570400,74.25102996826172
2014-10-24,102.9499969482422,103.29000091552734,102.20999908447266,103.12999725341795,5973100,74.61275482177734
2014-10-27,103.06999969482422,104.23999786376952,103.04000091552734,104.06999969482422,7043900,75.29283142089844
2014-10-28,104.5500030517578,104.8000030517578,103.55999755859376,104.79000091552734,10347800,75.81375122070312
2014-10-29,105.0,105.55999755859376,104.86000061035156,105.55999755859376,8188300,76.37084197998047
2014-10-30,105.16999816894533,107.0500030517578,104.91000366210938,107.04000091552734,9068300,77.44158172607422
2014-10-31,107.94000244140624,108.18000030517578,107.26000213623048,107.77999877929688,10800100,77.97697448730469
2014-11-03,107.83000183105467,108.12000274658205,106.75,107.45999908447266,7082600,77.7454605102539
2014-11-04,107.88999938964844,108.7300033569336,107.33999633789062,108.62000274658205,9349000,78.58468627929688
2014-11-05,109.0500030517578,109.26000213623048,107.9499969482422,108.81999969482422,6966800,78.72940063476562
2014-11-06,108.93000030517578,109.31999969482422,108.5500030517578,109.01000213623048,6200300,78.8668441772461
2014-11-07,109.0,109.02999877929688,107.91999816894533,108.1999969482422,6652600,78.28082275390625
2014-11-10,108.06999969482422,108.91999816894533,107.1999969482422,108.81999969482422,7573300,78.72940063476562
2014-11-11,108.87999725341795,109.4000015258789,108.5500030517578,108.91000366210938,6221100,78.79450988769531
2014-11-12,108.66999816894533,109.0,108.38999938964844,108.75,4895900,78.67875671386719
2014-11-13,109.0500030517578,109.48999786376952,108.5,109.06999969482422,4860000,78.91027069091797
2014-11-14,108.91999816894533,109.05999755859376,108.01000213623048,108.16000366210938,5650700,78.25191497802734
2014-11-17,108.0,108.69000244140624,107.61000061035156,108.3000030517578,5233000,78.3531723022461
2014-11-18,108.12999725341795,109.05999755859376,107.72000122070312,108.83000183105467,5407200,78.73663330078125
2014-11-19,108.4499969482422,108.80999755859376,108.0999984741211,108.76000213623048,5217800,78.68599700927734
2014-11-20,108.5500030517578,108.56999969482422,107.69000244140624,108.18000030517578,8090700,78.26636505126953
2014-11-21,108.7300033569336,108.7300033569336,107.62000274658205,107.86000061035156,8417400,78.54306030273438
2014-11-24,107.91999816894533,108.2300033569336,106.63999938964844,106.87999725341795,9098000,77.82945251464844
2014-11-25,106.9800033569336,107.19000244140624,106.6999969482422,106.6999969482422,7367900,77.6983642578125
2014-11-26,106.7699966430664,107.25,106.5999984741211,107.20999908447266,5503700,78.06975555419922
2014-11-28,107.61000061035156,108.81999969482422,107.33000183105467,108.25,5881200,78.82707977294922
2014-12-01,107.88999938964844,108.80999755859376,107.3499984741211,108.02999877929688,5638800,78.66686248779297
2014-12-02,107.97000122070312,108.52999877929688,107.5,108.51000213623048,6184400,79.0163803100586
2014-12-03,108.54000091552734,108.98999786376952,107.6500015258789,107.72000122070312,8957400,78.44112396240234
2014-12-04,108.08999633789062,108.3000030517578,107.37999725341795,107.55999755859376,6697600,78.32462310791016
2014-12-05,107.52999877929688,108.73999786376952,107.22000122070312,108.51000213623048,6449700,79.0163803100586
2014-12-08,108.41999816894533,108.87999725341795,108.13999938964844,108.5199966430664,6499300,79.02368927001953
2014-12-09,108.22000122070312,108.47000122070312,106.88999938964844,108.0500030517578,7214300,78.6814193725586
2014-12-10,107.61000061035156,107.95999908447266,106.1500015258789,106.23999786376952,9416400,77.36339569091797
2014-12-11,105.8499984741211,107.30999755859376,105.36000061035156,106.72000122070312,7114600,77.71292877197266
2014-12-12,106.6500015258789,106.87000274658205,104.38999938964844,104.43000030517578,8325500,76.04535675048828
2014-12-15,104.7699966430664,105.05999755859376,103.62999725341795,103.95999908447266,12110600,75.70313262939453
2014-12-16,103.4800033569336,105.20999908447266,102.5,102.76000213623048,10209200,74.82929229736328
2014-12-17,103.2699966430664,104.48999786376952,102.6999969482422,104.06999969482422,10207600,75.78319549560547
2014-12-18,105.62000274658205,106.81999969482422,104.73999786376952,106.80999755859376,11756800,77.77843475341797
2014-12-19,106.62999725341795,107.38999938964844,105.5,105.5500030517578,19154400,76.86096954345703
2014-12-22,105.69000244140624,106.83000183105467,105.66999816894533,106.73999786376952,8124500,77.72750091552734
2014-12-23,106.66000366210938,106.91000366210938,103.91999816894533,104.27999877929688,10171700,75.93614196777344
2014-12-24,104.37999725341795,105.33000183105467,104.37999725341795,104.58999633789062,3415100,76.16187286376953
2014-12-26,105.06999969482422,105.69000244140624,104.69000244140624,105.05999755859376,2951000,76.5041275024414
2014-12-29,104.63999938964844,105.69000244140624,104.61000061035156,105.33000183105467,4273400,76.70072174072266
2014-12-30,105.41999816894533,105.8000030517578,105.05999755859376,105.36000061035156,4371700,76.72259521484375
2014-12-31,105.61000061035156,106.11000061035156,104.54000091552734,104.56999969482422,6202100,76.14733123779297
2015-01-02,105.0500030517578,105.5500030517578,104.12999725341795,104.5199966430664,5753600,76.11088562011719
2015-01-05,104.4800033569336,104.7300033569336,103.68000030517578,103.79000091552734,8079300,75.5793228149414
2015-01-06,104.33999633789062,104.98999786376952,102.94000244140624,103.27999877929688,7428000,75.20792388916016
2015-01-07,103.91000366210938,105.83000183105467,103.80999755859376,105.55999755859376,7931700,76.86822509765625
2015-01-08,106.05999755859376,106.48999786376952,105.75,106.38999938964844,9916000,77.47262573242188
2015-01-09,106.5,106.5,104.75,104.94000244140624,7364800,76.41676330566406
2015-01-12,105.16999816894533,105.81999969482422,104.3000030517578,104.58000183105467,6839000,76.15462493896484
2015-01-13,105.44000244140624,106.33000183105467,104.23999786376952,104.76000213623048,10151100,76.28567504882812
2015-01-14,103.86000061035156,104.43000030517578,103.51000213623048,104.0,8887700,75.73224639892578
2015-01-15,102.97000122070312,103.93000030517578,101.9499969482422,102.48999786376952,10834800,74.6326675415039
2015-01-16,102.05999755859376,104.62000274658205,102.0,104.04000091552734,14092300,75.7613754272461
2015-01-20,101.5500030517578,102.0500030517578,100.26000213623048,101.29000091552734,20460000,73.75884246826172
2015-01-21,100.55999755859376,102.0999984741211,100.4000015258789,101.9000015258789,11702900,74.20303344726562
2015-01-22,102.38999938964844,103.83000183105467,101.56999969482422,103.76000213623048,9036600,75.5574722290039
2015-01-23,102.94000244140624,102.97000122070312,101.94000244140624,102.1999969482422,10126000,74.4214859008789
2015-01-26,101.8000030517578,102.4499969482422,101.20999908447266,102.26000213623048,8962800,74.4651870727539
2015-01-27,101.83000183105467,102.7699966430664,100.93000030517578,102.08999633789062,10160500,74.34136962890625
2015-01-28,102.4800033569336,102.93000030517578,101.44000244140624,101.4800033569336,9053200,73.89718627929688
2015-01-29,101.51000213623048,102.45999908447266,100.66999816894533,102.37999725341795,7569300,74.55257415771484
2015-01-30,101.58000183105467,102.0,100.08999633789062,100.13999938964844,10676300,72.92138671875
2015-02-02,100.48999786376952,100.8499984741211,99.37999725341795,100.83000183105467,8990700,73.4238510131836
2015-02-03,101.4000015258789,102.55999755859376,101.12000274658205,102.45999908447266,10005200,74.61082458496094
2015-02-04,102.12000274658205,102.4499969482422,101.0199966430664,101.36000061035156,9514100,73.8097915649414
2015-02-05,101.56999969482422,102.55999755859376,101.45999908447266,102.45999908447266,6642200,74.61082458496094
2015-02-06,102.11000061035156,102.4499969482422,100.83000183105467,101.0999984741211,9215700,73.62046813964844
2015-02-09,101.05999755859376,101.05999755859376,99.0999984741211,99.77999877929688,9851700,72.65926361083984
2015-02-10,100.19000244140624,100.6999969482422,99.43000030517578,100.3499984741211,12275500,73.07432556152344
2015-02-11,100.45999908447266,100.79000091552734,99.9499969482422,100.37999725341795,8177000,73.09617614746094
2015-02-12,100.5,100.54000091552734,97.1500015258789,98.44000244140624,25835200,71.68346405029297
2015-02-13,98.44000244140624,99.66999816894533,98.33000183105467,99.62000274658205,11153600,72.54275512695312
2015-02-17,99.38999938964844,100.4800033569336,99.12000274658205,100.44000244140624,8627100,73.1398696899414
2015-02-18,100.6999969482422,100.94000244140624,99.37999725341795,99.95999908447266,7878200,72.79034423828125
2015-02-19,99.9499969482422,100.83999633789062,99.61000061035156,100.6999969482422,10028200,73.32918548583984
2015-02-20,100.18000030517578,100.37000274658205,99.11000061035156,100.26000213623048,10085700,73.51982879638672
2015-02-23,100.73999786376952,100.7699966430664,99.8000030517578,100.18000030517578,6878200,73.46118927001953
2015-02-24,100.25,101.0500030517578,100.0,100.6999969482422,6587200,73.8425064086914
2015-02-25,100.94000244140624,101.29000091552734,100.16000366210938,101.20999908447266,9684000,74.21646881103516
2015-02-26,101.37999725341795,103.18000030517578,101.22000122070312,102.8000030517578,11437900,75.3824234008789
2015-02-27,103.04000091552734,103.33000183105467,102.4800033569336,102.51000213623048,8500000,75.16976928710938
2015-03-02,102.51000213623048,103.41000366210938,102.51000213623048,103.22000122070312,7277600,75.69038391113281
2015-03-03,103.0999984741211,103.0999984741211,101.80999755859376,102.33999633789062,6419700,75.04510498046875
2015-03-04,102.12000274658205,102.12000274658205,101.16999816894533,101.6500015258789,8665500,74.53913879394531
2015-03-05,102.06999969482422,103.20999908447266,102.0,102.5199966430664,8042300,75.17710876464844
2015-03-06,102.08999633789062,102.43000030517578,99.87999725341795,100.11000061035156,9287600,73.40986633300781
2015-03-09,100.1999969482422,100.91999816894533,99.76000213623048,100.66000366210938,5701100,73.81317138671875
2015-03-10,99.98999786376952,100.44000244140624,99.51000213623048,99.52999877929688,8735700,72.98455810546875
2015-03-11,99.83000183105467,99.83000183105467,98.22000122070312,98.31999969482422,9138100,72.09729766845703
2015-03-12,98.95999908447266,100.23999786376952,98.83000183105467,99.83000183105467,8318000,73.20452117919922
2015-03-13,99.8499984741211,100.0500030517578,98.63999938964844,99.20999908447266,7821800,72.74988555908203
2015-03-16,99.73999786376952,101.06999969482422,99.73999786376952,101.05999755859376,7726500,74.10648345947266
2015-03-17,100.11000061035156,100.5199966430664,99.41000366210938,99.88999938964844,7301500,73.2485122680664
2015-03-18,99.88999938964844,101.73999786376952,99.12999725341795,101.45999908447266,7972500,74.39977264404297
2015-03-19,101.04000091552734,101.95999908447266,100.91000366210938,101.69000244140624,6863100,74.56846618652344
2015-03-20,101.87000274658205,102.9000015258789,101.76000213623048,102.4000015258789,12433800,75.08910369873047
2015-03-23,102.47000122070312,103.3499984741211,102.2300033569336,102.9800033569336,9016000,75.51441192626953
2015-03-24,102.83000183105467,103.2300033569336,101.93000030517578,101.95999908447266,8390700,74.76646423339844
2015-03-25,101.8499984741211,102.5,100.33999633789062,100.33999633789062,8444100,73.57853698730469
2015-03-26,99.9499969482422,100.80999755859376,99.55999755859376,100.13999938964844,9972400,73.43183898925781
2015-03-27,100.27999877929688,100.9499969482422,100.1500015258789,100.33999633789062,5847400,73.57853698730469
2015-03-30,101.23999786376952,101.86000061035156,100.76000213623048,101.5500030517578,6061200,74.4658203125
2015-03-31,100.97000122070312,101.48999786376952,100.58999633789062,100.5999984741211,8028000,73.76918029785156
2015-04-01,100.45999908447266,100.45999908447266,98.61000061035156,99.1500015258789,11368100,72.70589447021484
2015-04-02,99.44000244140624,99.98999786376952,98.88999938964844,99.63999938964844,6097100,73.06522369384766
2015-04-06,98.83999633789062,99.55999755859376,98.04000091552734,99.16000366210938,9697600,72.71324920654297
2015-04-07,99.5500030517578,100.87000274658205,99.43000030517578,100.0999984741211,7900300,73.40252685546875
2015-04-08,99.83999633789062,100.4499969482422,99.5999984741211,100.16000366210938,7354100,73.446533203125
2015-04-09,100.56999969482422,101.6500015258789,100.33000183105467,101.33000183105467,8073900,74.30448150634766
2015-04-10,101.33000183105467,102.13999938964844,100.93000030517578,102.05999755859376,6786500,74.83979797363281
2015-04-13,101.54000091552734,101.9800033569336,100.5500030517578,100.5500030517578,10753500,73.73250579833984
2015-04-14,101.0500030517578,101.45999908447266,100.19000244140624,100.5199966430664,9322200,73.71051025390625
2015-04-15,100.54000091552734,101.23999786376952,100.33000183105467,100.5999984741211,8237100,73.76918029785156
2015-04-16,100.2699966430664,100.31999969482422,99.7699966430664,99.79000091552734,7324800,73.17518615722656
2015-04-17,99.37000274658205,99.8499984741211,99.11000061035156,99.58000183105467,11084200,73.02120208740234
2015-04-20,100.26000213623048,100.87999725341795,100.0500030517578,100.20999908447266,6668500,73.48316955566406
2015-04-21,100.66000366210938,100.98999786376952,100.16000366210938,100.3000030517578,6532700,73.54917907714844
2015-04-22,100.62999725341795,100.8000030517578,99.95999908447266,100.43000030517578,4763900,73.6445083618164
2015-04-23,100.5,100.81999969482422,99.91000366210938,100.45999908447266,7351500,73.66650390625
2015-04-24,100.11000061035156,101.52999877929688,100.0,101.08000183105467,6566900,74.12115478515625
2015-04-27,101.16000366210938,101.5999984741211,100.47000122070312,100.58000183105467,9113900,73.75450134277344
2015-04-28,100.4499969482422,100.9499969482422,99.30999755859376,100.73999786376952,7484600,73.8718490600586
2015-04-29,100.51000213623048,100.61000061035156,99.9000015258789,100.38999938964844,8926200,73.61518859863281
2015-04-30,100.06999969482422,100.1500015258789,98.7699966430664,99.1999969482422,10170600,72.74256896972656
2015-05-01,99.62000274658205,100.38999938964844,99.62000274658205,100.12999725341795,6255000,73.42454528808594
2015-05-04,100.33000183105467,100.5500030517578,100.16000366210938,100.3499984741211,5532400,73.58586120605469
2015-05-05,100.12999725341795,100.29000091552734,99.29000091552734,99.5,8828000,72.9625473022461
2015-05-06,99.62000274658205,99.87000274658205,98.66000366210938,99.16999816894533,8030800,72.7205581665039
2015-05-07,98.94000244140624,100.0,98.91000366210938,99.66000366210938,6401600,73.07988739013672
2015-05-08,100.4800033569336,101.66999816894533,100.44000244140624,101.47000122070312,7508600,74.40715026855469
2015-05-11,101.31999969482422,101.66000366210938,101.01000213623048,101.02999877929688,5698900,74.0844955444336
2015-05-12,100.87999725341795,101.0500030517578,100.27999877929688,100.47000122070312,6903100,73.67384338378906
2015-05-13,100.68000030517578,101.12999725341795,100.47000122070312,100.5500030517578,5826800,73.73250579833984
2015-05-14,100.97000122070312,101.87000274658205,100.9499969482422,101.83000183105467,5454000,74.67113494873047
2015-05-15,101.9800033569336,102.31999969482422,101.66999816894533,102.3000030517578,6023500,75.01579284667969
2015-05-18,102.37000274658205,104.33999633789062,102.31999969482422,103.41999816894533,10479600,75.83706665039062
2015-05-19,103.66000366210938,104.12000274658205,103.26000213623048,103.95999908447266,7724100,76.23304748535156
2015-05-20,104.41999816894533,104.4800033569336,103.30999755859376,103.5999984741211,7146500,75.96902465820312
2015-05-21,102.91000366210938,103.3000030517578,102.33999633789062,102.41999816894533,6875600,75.65141296386719
2015-05-22,102.2699966430664,102.41000366210938,101.33000183105467,101.3499984741211,6216600,74.86107635498047
2015-05-26,101.2300033569336,101.5500030517578,100.58000183105467,100.81999969482422,7918900,74.46961212158203
2015-05-27,101.01000213623048,101.41000366210938,100.8000030517578,101.12999725341795,9297900,74.6985855102539
2015-05-28,101.01000213623048,101.6999969482422,100.80999755859376,101.1500015258789,5700100,74.71337127685547
2015-05-29,101.5500030517578,101.62000274658205,99.83000183105467,100.13999938964844,9957800,73.96733093261719
2015-06-01,100.27999877929688,100.5999984741211,99.72000122070312,100.04000091552734,7298100,73.89348602294922
2015-06-02,99.91999816894533,100.23999786376952,99.0999984741211,99.9800033569336,8312400,73.84915161132812
2015-06-03,100.31999969482422,100.43000030517578,99.83999633789062,100.08999633789062,5375200,73.9303970336914
2015-06-04,99.94000244140624,100.47000122070312,99.05999755859376,99.2300033569336,8057900,73.29519653320312
2015-06-05,98.98999786376952,99.0500030517578,98.1999969482422,98.58999633789062,7557300,72.82244873046875
2015-06-08,98.5999984741211,98.9800033569336,97.95999908447266,97.95999908447266,7054600,72.35712432861328
2015-06-09,98.44000244140624,98.54000091552734,97.8000030517578,98.20999908447266,7844300,72.54174041748047
2015-06-10,98.4800033569336,99.5500030517578,98.1999969482422,98.87999725341795,10025100,73.0366439819336
2015-06-11,99.1999969482422,99.8000030517578,98.83000183105467,99.23999786376952,6175200,73.30255889892578
2015-06-12,98.87999725341795,99.2300033569336,98.12000274658205,98.3499984741211,8717200,72.64515686035156
2015-06-15,97.75,97.87000274658205,97.01000213623048,97.48999786376952,6833500,72.00996398925781
2015-06-16,97.5,98.48999786376952,97.0999984741211,98.36000061035156,6049500,72.6525650024414
2015-06-17,98.37999725341795,99.12000274658205,98.1500015258789,98.7300033569336,6155800,72.92585754394531
2015-06-18,98.86000061035156,100.5500030517578,98.70999908447266,100.36000061035156,8815800,74.12982177734375
2015-06-19,99.87999725341795,100.1999969482422,99.77999877929688,99.86000061035156,11653600,73.76053619384766
2015-06-22,100.5999984741211,100.83999633789062,99.98999786376952,100.08999633789062,5055900,73.9303970336914
2015-06-23,100.0999984741211,100.36000061035156,99.4800033569336,99.77999877929688,6046600,73.70142364501953
2015-06-24,99.51000213623048,99.80999755859376,99.06999969482422,99.33000183105467,7254700,73.3690414428711
2015-06-25,99.5,99.9800033569336,99.11000061035156,99.12000274658205,6581100,73.21391296386719
2015-06-26,99.43000030517578,100.12999725341795,99.25,99.63999938964844,9041100,73.59803009033203
2015-06-29,98.9800033569336,99.3499984741211,97.62000274658205,97.68000030517578,11150900,72.15027618408203
2015-06-30,98.43000030517578,98.4499969482422,97.3000030517578,97.45999908447266,8967900,71.98777770996094
2015-07-01,98.3000030517578,98.68000030517578,97.63999938964844,98.47000122070312,6726700,72.73381805419922
2015-07-02,98.8499984741211,99.0199966430664,98.31999969482422,98.44000244140624,6091900,72.7116470336914
2015-07-06,97.70999908447266,98.5,96.63999938964844,98.1999969482422,6817800,72.53437805175781
2015-07-07,98.62999725341795,98.9800033569336,97.5199966430664,98.91999816894533,7122600,73.06621551513672
2015-07-08,98.41999816894533,98.58999633789062,97.69000244140624,97.7699966430664,6845500,72.2167739868164
2015-07-09,99.0500030517578,99.54000091552734,98.4000015258789,98.4000015258789,7316400,72.68209838867188
2015-07-10,99.77999877929688,99.88999938964844,99.08999633789062,99.52999877929688,6969300,73.51679229736328
2015-07-13,100.0500030517578,100.4800033569336,99.87000274658205,100.2699966430664,6986300,74.06336212158203
2015-07-14,99.26000213623048,99.87999725341795,98.5500030517578,99.77999877929688,9890600,73.70142364501953
2015-07-15,99.76000213623048,100.94000244140624,99.62999725341795,100.41999816894533,7990300,74.17415618896484
2015-07-16,100.9499969482422,101.36000061035156,100.77999877929688,101.11000061035156,5775000,74.68382263183594
2015-07-17,100.88999938964844,100.91000366210938,99.95999908447266,100.08000183105467,8054200,73.92301177978516
2015-07-20,100.5,100.6500015258789,100.0999984741211,100.37000274658205,5016200,74.13722229003906
2015-07-21,100.5999984741211,100.80999755859376,100.06999969482422,100.33999633789062,5891600,74.11506652832031
2015-07-22,100.41000366210938,100.70999908447266,99.7300033569336,100.18000030517578,6721900,73.99689483642578
2015-07-23,100.5,100.5999984741211,100.0,100.1999969482422,5016100,74.01165008544922
2015-07-24,99.75,99.9499969482422,99.0500030517578,99.1500015258789,6524200,73.23609161376953
2015-07-27,98.97000122070312,98.98999786376952,97.91999816894533,98.27999877929688,8734000,72.59346008300781
2015-07-28,98.88999938964844,99.2300033569336,98.41999816894533,99.0199966430664,7757500,73.14005279541016
2015-07-29,99.26000213623048,100.0500030517578,99.0500030517578,99.7300033569336,7853500,73.66449737548828
2015-07-30,99.8000030517578,100.0,99.37999725341795,99.83999633789062,5517400,73.74573516845703
2015-07-31,100.33999633789062,100.9800033569336,99.95999908447266,100.20999908447266,6216800,74.01903533935547
2015-08-03,100.0,100.20999908447266,99.2300033569336,100.0199966430664,6172500,73.87870025634766
2015-08-04,100.41000366210938,100.5,99.6500015258789,99.8000030517578,6005300,73.7161865234375
2015-08-05,100.56999969482422,101.0,100.3499984741211,100.5199966430664,4571300,74.2480239868164
2015-08-06,100.48999786376952,100.5999984741211,99.01000213623048,99.06999969482422,6988000,73.1769790649414
2015-08-07,99.0199966430664,99.06999969482422,98.16000366210938,98.8499984741211,6027900,73.01449584960938
2015-08-10,99.56999969482422,100.05999755859376,99.4499969482422,99.79000091552734,6133500,73.70881652832031
2015-08-11,99.0500030517578,99.33999633789062,98.7699966430664,99.01000213623048,6682600,73.13267517089844
2015-08-12,98.4000015258789,98.7300033569336,97.41000366210938,98.70999908447266,7462400,72.91107940673828
2015-08-13,98.73999786376952,98.9800033569336,98.1500015258789,98.4800033569336,5048000,72.74120330810547
2015-08-14,98.33000183105467,98.83000183105467,97.87000274658205,98.80999755859376,5177300,72.98493957519531
2015-08-17,98.44000244140624,99.87999725341795,98.05999755859376,99.87000274658205,6901800,73.76789093017578
2015-08-18,99.23999786376952,99.68000030517578,99.0199966430664,99.37000274658205,7618800,73.3985824584961
2015-08-19,99.18000030517578,99.98999786376952,98.77999877929688,99.30999755859376,7642400,73.35427856445312
2015-08-20,98.9499969482422,100.12000274658205,98.79000091552734,98.79000091552734,10620400,72.97020721435547
2015-08-21,97.22000122070312,98.5199966430664,95.51000213623048,95.55999755859376,16141500,71.12432098388672
2015-08-24,91.08000183105467,95.20999908447266,81.79000091552734,92.81999969482422,25636300,69.08496856689453
2015-08-25,95.69000244140624,95.6999969482422,90.4000015258789,90.7300033569336,15671100,67.5294189453125
2015-08-26,92.91000366210938,95.22000122070312,91.45999908447266,95.11000061035156,14738300,70.78938293457031
2015-08-27,96.0999984741211,96.4000015258789,94.3499984741211,96.22000122070312,11131200,71.61557006835938
2015-08-28,95.93000030517578,96.29000091552734,94.37999725341795,95.16999816894533,9200300,70.8340835571289
2015-08-31,94.87999725341795,95.16999816894533,93.58000183105467,93.9800033569336,9083500,69.94834899902344
2015-09-01,92.29000091552734,92.88999938964844,91.45999908447266,92.08999633789062,14593500,68.54164123535156
2015-09-02,93.16999816894533,93.47000122070312,92.5,93.3499984741211,11517400,69.47944641113281
2015-09-03,93.66000366210938,94.08999633789062,92.26000213623048,92.63999938964844,9027200,68.95098876953125
2015-09-04,91.58000183105467,91.87999725341795,90.56999969482422,91.30999755859376,10996800,67.96109771728516
2015-09-08,93.08999633789062,93.9800033569336,92.51000213623048,93.94000244140624,11394100,69.91859436035156
2015-09-09,94.98999786376952,95.16000366210938,92.02999877929688,92.22000122070312,7384500,68.63842010498047
2015-09-10,92.11000061035156,93.4800033569336,91.62000274658205,92.72000122070312,8359500,69.01054382324219
2015-09-11,92.44000244140624,93.0,91.8000030517578,92.93000030517578,7381300,69.16683959960938
2015-09-14,92.9000015258789,93.91000366210938,92.51000213623048,93.31999969482422,7948700,69.45713806152344
2015-09-15,93.79000091552734,94.75,93.19000244140624,94.4000015258789,7030700,70.26097106933594
2015-09-16,94.48999786376952,94.81999969482422,93.81999969482422,94.61000061035156,5630400,70.4172592163086
2015-09-17,94.52999877929688,96.19000244140624,94.31999969482422,94.83999633789062,8258000,70.58843231201172
2015-09-18,94.08000183105467,94.72000122070312,93.25,93.38999938964844,14211100,69.50924682617188
2015-09-21,93.87000274658205,94.5999984741211,92.37000274658205,93.12999725341795,7053700,69.3156967163086
2015-09-22,92.26000213623048,93.44000244140624,91.87999725341795,93.23999786376952,10618700,69.39759826660156
2015-09-23,93.20999908447266,93.6999969482422,92.55999755859376,92.98999786376952,5609300,69.21151733398438
2015-09-24,92.5199966430664,92.94000244140624,91.77999877929688,92.4800033569336,7407600,68.83192443847656
2015-09-25,92.93000030517578,93.12999725341795,90.76000213623048,91.0,10794400,67.7303695678711
2015-09-28,90.6999969482422,92.06999969482422,89.9000015258789,91.37000274658205,14332800,68.00576782226562
2015-09-29,92.23999786376952,93.83999633789062,91.83000183105467,93.04000091552734,11520000,69.24872589111328
2015-09-30,94.12999725341795,94.47000122070312,92.58999633789062,93.3499984741211,10970100,69.47944641113281
2015-10-01,93.43000030517578,93.8499984741211,91.76000213623048,93.16999816894533,9675900,69.34549713134766
2015-10-02,92.13999938964844,93.97000122070312,91.83999633789062,93.93000030517578,8368100,69.91114807128906
2015-10-05,94.19000244140624,94.81999969482422,94.08000183105467,94.76000213623048,9419200,70.52891540527344
2015-10-06,94.5199966430664,94.66000366210938,92.58000183105467,93.41999816894533,8365200,69.53157806396484
2015-10-07,94.26000213623048,95.41999816894533,93.44000244140624,94.9800033569336,9397300,70.6926498413086
2015-10-08,94.70999908447266,95.1999969482422,93.80999755859376,95.08000183105467,7090700,70.76707458496094
2015-10-09,95.13999938964844,95.95999908447266,94.77999877929688,95.37000274658205,8259700,70.98291778564453
2015-10-12,95.06999969482422,96.47000122070312,94.9800033569336,95.98999786376952,8957900,71.44438171386719
2015-10-13,94.79000091552734,96.2300033569336,94.30999755859376,95.4499969482422,12761900,71.04246520996094
2015-10-14,95.20999908447266,95.95999908447266,94.12000274658205,94.52999877929688,8881900,70.35770416259766
2015-10-15,95.0,97.3499984741211,94.86000061035156,97.1500015258789,9561900,72.30776977539062
2015-10-16,97.87000274658205,98.30999755859376,97.4000015258789,98.23999786376952,9495300,73.11902618408203
2015-10-19,98.0500030517578,98.1999969482422,97.30999755859376,97.94000244140624,8725400,72.89573669433594
2015-10-20,97.9499969482422,98.25,97.30999755859376,97.58999633789062,6041800,72.63523864746094
2015-10-21,97.63999938964844,98.22000122070312,97.06999969482422,97.62999725341795,7059800,72.66502380371094
2015-10-22,97.8499984741211,99.80999755859376,97.12999725341795,99.52999877929688,9887900,74.07918548583984
2015-10-23,99.87999725341795,100.87999725341795,99.52999877929688,100.30999755859376,9178900,74.65970611572266
2015-10-26,100.0500030517578,100.27999877929688,99.48999786376952,99.94000244140624,7561600,74.38433837890625
2015-10-27,99.91999816894533,100.9000015258789,99.6999969482422,100.19000244140624,8883200,74.57039642333984
2015-10-28,100.4499969482422,100.4800033569336,99.5,100.4800033569336,7256300,74.78624725341797
2015-10-29,100.47000122070312,101.52999877929688,100.12000274658205,101.37000274658205,6340700,75.44866943359375
2015-10-30,101.52999877929688,102.12000274658205,101.01000213623048,101.02999877929688,10520300,75.19559478759766
2015-11-02,101.18000030517578,102.33999633789062,100.83999633789062,102.16999816894533,6297900,76.0440902709961
2015-11-03,101.83999633789062,102.3000030517578,101.11000061035156,101.95999908447266,6229200,75.88780975341797
2015-11-04,101.9000015258789,102.38999938964844,101.69000244140624,101.94000244140624,5592300,75.8729019165039
2015-11-05,102.25,102.48999786376952,101.41999816894533,102.33000183105467,6545600,76.16316986083984
2015-11-06,101.56999969482422,101.91999816894533,100.86000061035156,101.91999816894533,6221100,75.85801696777344
2015-11-09,101.38999938964844,101.58999633789062,100.5500030517578,100.83999633789062,6625900,75.05419921875
2015-11-10,101.0,101.76000213623048,100.68000030517578,101.4499969482422,5114200,75.50821685791016
2015-11-11,101.77999877929688,102.36000061035156,101.5,101.86000061035156,6284700,75.81336212158203
2015-11-12,101.13999938964844,101.61000061035156,100.22000122070312,100.2699966430664,6918700,74.62994384765625
2015-11-13,100.04000091552734,100.94000244140624,99.73999786376952,99.87999725341795,8517500,74.33966064453125
2015-11-16,100.37999725341795,101.29000091552734,100.04000091552734,101.22000122070312,5755800,75.3370132446289
2015-11-17,100.37999725341795,101.70999908447266,100.37999725341795,101.5,5124000,75.54542541503906
2015-11-18,101.52999877929688,102.8000030517578,101.30999755859376,102.66999816894533,7148400,76.4162368774414
2015-11-19,102.66000366210938,102.68000030517578,102.05999755859376,102.48999786376952,5164500,76.28227996826172
2015-11-20,102.48999786376952,102.8000030517578,102.1999969482422,102.4800033569336,7671500,76.83709716796875
2015-11-23,102.38999938964844,103.0,102.19000244140624,102.7699966430664,6730600,77.05452728271484
2015-11-24,101.80999755859376,102.79000091552734,101.80999755859376,102.04000091552734,7492400,76.50719451904297
2015-11-25,102.16999816894533,102.33000183105467,101.95999908447266,101.95999908447266,5400800,76.44721984863281
2015-11-27,102.27999877929688,102.62000274658205,101.79000091552734,102.37000274658205,2353800,76.75465393066406
2015-11-30,102.4800033569336,102.4800033569336,101.23999786376952,101.23999786376952,8983700,75.9073715209961
2015-12-01,101.7300033569336,102.48999786376952,101.12000274658205,102.36000061035156,7545700,76.74713897705078
2015-12-02,102.5,102.93000030517578,101.98999786376952,102.0500030517578,6623500,76.51470184326172
2015-12-03,102.2699966430664,102.37000274658205,100.30999755859376,100.79000091552734,12008700,75.56997680664062
2015-12-04,101.4000015258789,103.0,101.27999877929688,102.9499969482422,7845400,77.18949890136719
2015-12-07,102.61000061035156,103.48999786376952,102.5999984741211,103.31999969482422,7262900,77.46693420410156
2015-12-08,102.9800033569336,103.23999786376952,101.91000366210938,102.41999816894533,8005400,76.79212188720703
2015-12-09,102.13999938964844,103.33999633789062,101.66999816894533,102.1500015258789,7947000,76.58966827392578
2015-12-10,102.3000030517578,103.33999633789062,101.8000030517578,102.63999938964844,6479300,76.9570541381836
2015-12-11,102.37000274658205,102.37000274658205,101.43000030517578,101.68000030517578,7796500,76.23727416992188
2015-12-14,101.6500015258789,102.29000091552734,100.77999877929688,102.1500015258789,10641500,76.58966827392578
2015-12-15,102.6500015258789,104.69000244140624,102.6500015258789,104.12999725341795,9283200,78.07421112060547
2015-12-16,104.63999938964844,105.48999786376952,103.5199966430664,105.25,8178800,78.91399383544922
2015-12-17,105.16000366210938,105.26000213623048,103.62999725341795,103.63999938964844,8740800,77.70682525634766
2015-12-18,103.08000183105467,103.08000183105467,101.9499969482422,101.9499969482422,14966000,76.43972778320312
2015-12-21,102.33999633789062,102.91999816894533,100.8499984741211,101.58000183105467,8321900,76.16231536865234
2015-12-22,101.91000366210938,102.87999725341795,101.1500015258789,102.70999908447266,5581600,77.0095443725586
2015-12-23,103.11000061035156,103.66999816894533,102.73999786376952,103.48999786376952,5531700,77.59436798095703
2015-12-24,103.12000274658205,103.91000366210938,103.01000213623048,103.72000122070312,2546300,77.76683044433594
2015-12-28,103.18000030517578,103.47000122070312,102.93000030517578,103.22000122070312,4063000,77.3919448852539
2015-12-29,103.33999633789062,104.19000244140624,103.33999633789062,104.02999877929688,4230000,77.9992446899414
2015-12-30,104.11000061035156,104.33999633789062,103.52999877929688,103.77999877929688,3847800,77.81181335449219
2015-12-31,103.37000274658205,103.62000274658205,102.69000244140624,102.72000122070312,4592600,77.01705169677734
2016-01-04,101.70999908447266,101.80999755859376,99.4499969482422,100.4800033569336,12722800,75.33756256103516
2016-01-05,100.58000183105467,101.44000244140624,100.56999969482422,100.9000015258789,6467200,75.6524658203125
2016-01-06,99.81999969482422,100.97000122070312,99.5999984741211,100.38999938964844,7733800,75.27007293701172
2016-01-07,99.30999755859376,100.08999633789062,98.87999725341795,99.22000122070312,9433100,74.39282989501953
2016-01-08,99.87999725341795,99.94000244140624,97.8499984741211,98.16000366210938,9766700,73.59806823730469
2016-01-11,98.23999786376952,98.62999725341795,96.08000183105467,97.56999969482422,8151400,73.15568542480469
2016-01-12,97.98999786376952,98.62999725341795,97.23999786376952,98.23999786376952,6745000,73.65805053710938
2016-01-13,98.48999786376952,98.9800033569336,96.83999633789062,97.0199966430664,8290700,72.74333190917969
2016-01-14,97.0999984741211,99.47000122070312,97.0,98.88999938964844,10164300,74.1454086303711
2016-01-15,96.37000274658205,98.0,96.25,97.0,12662200,72.72830200195312
2016-01-19,97.93000030517578,98.41000366210938,96.9000015258789,97.5,12457800,73.10321807861328
2016-01-20,96.11000061035156,97.27999877929688,94.52999877929688,95.75,12685200,71.7911376953125
2016-01-21,95.7699966430664,96.63999938964844,94.27999877929688,95.94000244140624,11266400,71.93357849121094
2016-01-22,97.0199966430664,97.08999633789062,95.9499969482422,96.75,8380000,72.54087829589844
2016-01-25,96.72000122070312,97.69000244140624,96.04000091552734,96.4000015258789,9350200,72.2784423828125
2016-01-26,97.26000213623048,101.33999633789062,97.13999938964844,101.18000030517578,17266600,75.86239624023438
2016-01-27,100.48999786376952,103.37999725341795,100.48999786376952,102.16000366210938,19330500,76.59717559814453
2016-01-28,102.5,103.04000091552734,101.8499984741211,102.2699966430664,12789500,76.67964935302734
2016-01-29,102.88999938964844,104.75,102.62999725341795,104.44000244140624,15614600,78.30667114257812
2016-02-01,103.61000061035156,104.79000091552734,103.22000122070312,104.37000274658205,9803700,78.25416564941406
2016-02-02,103.3000030517578,104.26000213623048,103.0,103.41000366210938,10616300,77.53438568115234
2016-02-03,103.6500015258789,104.37999725341795,102.01000213623048,104.13999938964844,10168600,78.08172607421875
2016-02-04,103.61000061035156,104.08999633789062,102.7300033569336,103.9000015258789,10389000,77.90178680419922
2016-02-05,102.66000366210938,102.7699966430664,99.77999877929688,100.54000091552734,15522200,75.38251495361328
2016-02-08,100.30999755859376,103.51000213623048,100.22000122070312,102.0,14323800,76.47721862792969
2016-02-09,101.30999755859376,102.23999786376952,100.97000122070312,101.97000122070312,10044500,76.4547119140625
2016-02-10,102.0500030517578,102.91000366210938,101.37000274658205,101.7300033569336,9833100,76.27476501464844
2016-02-11,100.45999908447266,102.0199966430664,99.9800033569336,101.6999969482422,12465800,76.25226593017578
2016-02-12,101.81999969482422,101.9800033569336,100.72000122070312,101.81999969482422,9035000,76.34222412109375
2016-02-16,102.37000274658205,103.0500030517578,101.6500015258789,102.31999969482422,10452800,76.71711730957031
2016-02-17,102.75,103.23999786376952,102.2300033569336,102.5,8904000,76.85208892822266
2016-02-18,102.83000183105467,104.68000030517578,102.5,104.23999786376952,10744600,78.15670776367188
2016-02-19,103.58000183105467,104.68000030517578,103.37999725341795,104.16000366210938,9343300,78.66270446777344
2016-02-22,104.16000366210938,104.75,104.0500030517578,104.75,6947000,79.10829162597656
2016-02-23,104.6500015258789,104.79000091552734,103.95999908447266,104.08000183105467,6629200,78.60228729248047
2016-02-24,103.33999633789062,105.08000183105467,102.97000122070312,104.95999908447266,9076100,79.26687622070312
2016-02-25,104.9499969482422,106.38999938964844,104.7699966430664,106.37999725341795,8092500,80.33926391601562
2016-02-26,106.81999969482422,106.91999816894533,105.41999816894533,105.77999877929688,9049400,79.88612365722656
2016-02-29,105.27999877929688,106.1999969482422,105.04000091552734,105.20999908447266,10111100,79.45567321777344
2016-03-01,105.9000015258789,107.23999786376952,105.44000244140624,107.22000122070312,8298500,80.97364044189453
2016-03-02,106.91000366210938,107.41000366210938,106.43000030517578,107.04000091552734,9767000,80.83769226074219
2016-03-03,106.81999969482422,107.0,105.62999725341795,106.6500015258789,6927200,80.54317474365234
2016-03-04,106.51000213623048,106.9800033569336,106.06999969482422,106.5,6715700,80.42987823486328
2016-03-07,106.0,106.91999816894533,105.48999786376952,106.73999786376952,6973500,80.61115264892578
2016-03-08,106.5199966430664,106.7699966430664,105.97000122070312,106.22000122070312,7632900,80.21843719482422
2016-03-09,106.83999633789062,107.0199966430664,106.08999633789062,106.83999633789062,7564200,80.68666076660156
2016-03-10,106.98999786376952,107.4800033569336,106.06999969482422,107.13999938964844,10474700,80.91321563720703
2016-03-11,107.5,107.98999786376952,107.20999908447266,107.70999908447266,7763800,81.34370422363281
2016-03-14,107.91999816894533,108.3000030517578,107.30999755859376,107.66000366210938,7242800,81.30592346191406
2016-03-15,107.62000274658205,108.3499984741211,106.76000213623048,107.76000213623048,8476600,81.38145446777344
2016-03-16,107.7300033569336,107.77999877929688,106.87999725341795,107.41000366210938,7065100,81.11712646484375
2016-03-17,107.47000122070312,107.5999984741211,106.4499969482422,106.73999786376952,8571100,80.61115264892578
2016-03-18,106.98999786376952,107.83999633789062,106.36000061035156,107.5,14758300,81.18511199951172
2016-03-21,107.41000366210938,107.75,106.5500030517578,107.27999877929688,7674700,81.01896667480469
2016-03-22,107.27999877929688,107.62999725341795,107.0500030517578,107.37999725341795,7821700,81.09449005126953
2016-03-23,107.29000091552734,108.83000183105467,107.1999969482422,108.5,8191300,81.94029998779297
2016-03-24,108.22000122070312,108.61000061035156,107.75,108.30999755859376,6284500,81.79682159423828
2016-03-28,108.41000366210938,108.9000015258789,108.05999755859376,108.2300033569336,4738100,81.7364273071289
2016-03-29,108.3000030517578,109.25,107.73999786376952,109.13999938964844,6612800,82.42362976074219
2016-03-30,109.4499969482422,109.55999755859376,108.93000030517578,108.9800033569336,5248200,82.3028335571289
2016-03-31,108.86000061035156,108.9800033569336,108.04000091552734,108.1999969482422,8167700,81.71375274658203
2016-04-01,108.0,109.29000091552734,107.69000244140624,109.19000244140624,9043200,82.46142578125
2016-04-04,108.81999969482422,109.0999984741211,108.26000213623048,108.58999633789062,10668900,82.00829315185547
2016-04-05,108.2300033569336,109.83999633789062,108.01000213623048,108.9499969482422,7939000,82.28013610839844
2016-04-06,108.72000122070312,109.5,107.87999725341795,109.41999816894533,6828700,82.63512420654297
2016-04-07,109.0,109.62000274658205,108.62999725341795,109.2699966430664,7822900,82.52184295654297
2016-04-08,109.37000274658205,109.63999938964844,108.76000213623048,109.0999984741211,6301600,82.3934326171875
2016-04-11,109.1500015258789,109.62000274658205,108.6500015258789,108.97000122070312,6823900,82.29525756835938
2016-04-12,109.0,110.23999786376952,108.75,109.5999984741211,8412300,82.77103424072266
2016-04-13,110.0,110.3499984741211,109.30999755859376,109.87000274658205,5758300,82.97496032714844
2016-04-14,110.0,110.29000091552734,109.4499969482422,109.83999633789062,4457100,82.9522933959961
2016-04-15,110.06999969482422,110.4000015258789,109.5,110.18000030517578,10057900,83.20906066894531
2016-04-18,110.0,111.0999984741211,109.66999816894533,110.93000030517578,7772500,83.77544403076172
2016-04-19,111.6500015258789,113.9499969482422,111.4800033569336,112.68000030517578,10526400,85.09707641601562
2016-04-20,113.19000244140624,114.19000244140624,113.0500030517578,113.58000183105467,8213400,85.77677917480469
2016-04-21,113.30999755859376,113.7300033569336,112.7699966430664,113.56999969482422,7884500,85.76923370361328
2016-04-22,113.43000030517578,113.75,112.83000183105467,113.31999969482422,7508700,85.58041381835938
2016-04-25,113.30999755859376,113.5500030517578,112.4800033569336,113.51000213623048,6139900,85.72391510009766
2016-04-26,113.4499969482422,113.55999755859376,112.6500015258789,112.91000366210938,5853600,85.27078247070312
2016-04-27,112.95999908447266,113.1999969482422,112.45999908447266,112.7699966430664,5759300,85.16504669189453
2016-04-28,112.0999984741211,112.70999908447266,111.63999938964844,112.4800033569336,6640000,84.94607543945312
2016-04-29,112.05999755859376,112.22000122070312,111.51000213623048,112.08000183105467,7774500,84.64396667480469
2016-05-02,112.22000122070312,112.79000091552734,111.93000030517578,112.75,5178800,85.14997100830078
2016-05-03,112.55999755859376,113.0999984741211,112.12000274658205,112.69000244140624,7554500,85.10464477539062
2016-05-04,112.04000091552734,112.54000091552734,111.6999969482422,112.22000122070312,5214600,84.74969482421875
2016-05-05,112.08000183105467,113.0999984741211,112.04000091552734,112.87999725341795,5404300,85.24811553955078
2016-05-06,112.58000183105467,113.0500030517578,112.27999877929688,112.73999786376952,6099900,85.14238739013672
2016-05-09,112.9800033569336,113.98999786376952,112.7300033569336,113.72000122070312,6512700,85.88250732421875
2016-05-10,114.0,115.0,113.91999816894533,114.66999816894533,8356400,86.59993743896484
2016-05-11,114.56999969482422,114.76000213623048,114.30999755859376,114.37000274658205,6680700,86.37339782714844
2016-05-12,114.5,114.76000213623048,113.54000091552734,114.2300033569336,7156300,86.26766204833984
2016-05-13,113.9000015258789,114.08999633789062,113.36000061035156,113.55999755859376,6779900,85.76167297363281
2016-05-16,113.38999938964844,114.62999725341795,113.30999755859376,114.44000244140624,6222900,86.42627716064453
2016-05-17,114.54000091552734,114.55999755859376,113.23999786376952,113.83000183105467,9233900,85.96559143066406
2016-05-18,113.61000061035156,114.02999877929688,112.87999725341795,113.58999633789062,8267900,85.78433990478516
2016-05-19,112.98999786376952,113.04000091552734,112.1999969482422,112.8499984741211,8232200,85.22547149658203
2016-05-20,112.1999969482422,112.91999816894533,111.76000213623048,112.63999938964844,7435200,85.6742172241211
2016-05-23,112.7699966430664,112.81999969482422,112.04000091552734,112.16000366210938,6462300,85.30914306640625
2016-05-24,112.5199966430664,113.5,112.5199966430664,112.69000244140624,6125300,85.71226501464844
2016-05-25,113.18000030517578,113.7300033569336,112.8499984741211,113.3499984741211,5453800,86.21424102783203
2016-05-26,113.11000061035156,113.31999969482422,112.8499984741211,112.9000015258789,3973600,85.87197875976562
2016-05-27,113.04000091552734,113.33999633789062,112.69000244140624,113.05999755859376,4647000,85.99369812011719
2016-05-31,113.26000213623048,113.62999725341795,112.31999969482422,112.69000244140624,10104700,85.71226501464844
2016-06-01,112.69000244140624,113.05999755859376,112.06999969482422,112.77999877929688,4748900,85.78071594238281
2016-06-02,112.87000274658205,114.6500015258789,112.86000061035156,114.48999786376952,7310800,87.08133697509766
2016-06-03,114.47000122070312,115.38999938964844,114.12000274658205,114.76000213623048,6881700,87.2867202758789
2016-06-06,114.97000122070312,116.0,114.93000030517578,115.7699966430664,6349400,88.0549087524414
2016-06-07,116.01000213623048,116.2300033569336,115.4499969482422,115.7300033569336,6417400,88.0245132446289
2016-06-08,115.5199966430664,115.9499969482422,115.41000366210938,115.8000030517578,5863800,88.07774353027344
2016-06-09,115.77999877929688,117.19000244140624,115.61000061035156,117.0,7375500,88.99046325683594
2016-06-10,116.73999786376952,117.2300033569336,116.36000061035156,117.01000213623048,6067400,88.99807739257812
2016-06-13,117.12999725341795,117.63999938964844,116.79000091552734,116.79000091552734,7940900,88.83071899414062
2016-06-14,116.4499969482422,117.18000030517578,116.3000030517578,117.12000274658205,6378400,89.08172607421875
2016-06-15,117.63999938964844,117.73999786376952,116.33999633789062,116.41000366210938,6371400,88.54168701171875
2016-06-16,115.69000244140624,116.88999938964844,115.22000122070312,116.63999938964844,6664300,88.71664428710938
2016-06-17,116.62000274658205,116.66999816894533,115.01000213623048,115.4800033569336,10702200,87.83436584472656
2016-06-20,116.5999984741211,117.13999938964844,116.43000030517578,116.54000091552734,5588200,88.64058685302734
2016-06-21,116.98999786376952,117.1500015258789,116.18000030517578,116.18000030517578,5493500,88.36676025390625
2016-06-22,116.54000091552734,117.20999908447266,116.30999755859376,116.45999908447266,5833800,88.57975769042969
2016-06-23,117.1999969482422,117.37999725341795,116.68000030517578,117.37999725341795,6775900,89.27946472167969
2016-06-24,115.06999969482422,117.12000274658205,115.0,115.62999725341795,13939500,87.94842529296875
2016-06-27,115.0,116.63999938964844,115.0,116.5500030517578,10877400,88.64818572998047
2016-06-28,117.16999816894533,118.37000274658205,116.5500030517578,118.2300033569336,10089600,89.92599487304688
2016-06-29,118.83999633789062,119.41000366210938,118.0999984741211,119.33000183105467,8341500,90.7626724243164
2016-06-30,119.18000030517578,121.41000366210938,119.16000366210938,121.3000030517578,11559900,92.2610321044922
2016-07-01,121.3000030517578,121.54000091552734,120.79000091552734,121.29000091552734,7051400,92.25344848632812
2016-07-05,121.36000061035156,123.2300033569336,121.33999633789062,122.2699966430664,9334100,92.99881744384766
2016-07-06,121.93000030517578,122.66000366210938,121.54000091552734,122.63999938964844,9332400,93.2802505493164
2016-07-07,122.58999633789062,122.80999755859376,122.01000213623048,122.51000213623048,6058700,93.18136596679688
2016-07-08,123.0,123.0999984741211,121.95999908447266,122.8499984741211,6129900,93.43997955322266
2016-07-11,122.70999908447266,123.4499969482422,122.41000366210938,122.93000030517578,6711600,93.50081634521484
2016-07-12,122.6500015258789,123.1999969482422,122.61000061035156,122.91999816894533,6415900,93.49322509765624
2016-07-13,122.68000030517578,123.4000015258789,122.3000030517578,123.0,5230800,93.5540771484375
2016-07-14,122.9800033569336,123.73999786376952,122.91000366210938,123.18000030517578,5322700,93.6909637451172
2016-07-15,123.7699966430664,124.3000030517578,122.70999908447266,123.0,7192800,93.5540771484375
2016-07-18,123.0,123.22000122070312,122.44000244140624,123.13999938964844,6599200,93.66056060791016
2016-07-19,124.77999877929688,125.75,123.33999633789062,125.25,11325700,95.26541137695312
2016-07-20,125.83999633789062,126.06999969482422,125.04000091552734,125.13999938964844,7334600,95.18175506591795
2016-07-21,125.20999908447266,125.73999786376952,124.88999938964844,125.1500015258789,5492600,95.1893539428711
2016-07-22,125.12000274658205,125.3499984741211,124.6500015258789,125.02999877929688,5839200,95.0980987548828
2016-07-25,125.06999969482422,125.12999725341795,124.13999938964844,124.88999938964844,4880600,94.99161529541016
2016-07-26,125.02999877929688,125.5500030517578,124.75,125.1500015258789,5589900,95.1893539428711
2016-07-27,125.0999984741211,125.2300033569336,124.33999633789062,124.7699966430664,4812600,94.90033721923828
2016-07-28,124.9800033569336,125.0,124.41000366210938,124.45999908447266,4320400,94.66454315185548
2016-07-29,124.33999633789062,125.31999969482422,124.33999633789062,125.2300033569336,7020900,95.2501983642578
2016-08-01,125.30999755859376,125.70999908447266,125.0999984741211,125.4000015258789,4615100,95.3795166015625
2016-08-02,125.6500015258789,125.9000015258789,124.4800033569336,124.8499984741211,7158700,94.961181640625
2016-08-03,125.0,125.0,123.69000244140624,123.9000015258789,5310600,94.23863220214844
2016-08-04,124.23999786376952,124.38999938964844,123.63999938964844,123.86000061035156,4728200,94.20816040039062
2016-08-05,124.37999725341795,124.37999725341795,123.76000213623048,124.23999786376952,5146900,94.49720001220705
2016-08-08,124.0,124.1500015258789,123.2300033569336,123.6500015258789,5232500,94.0484619140625
2016-08-09,123.91000366210938,124.0,123.33000183105467,123.43000030517578,3941500,93.88113403320312
2016-08-10,123.58999633789062,123.77999877929688,123.23999786376952,123.36000061035156,4333500,93.827880859375
2016-08-11,123.8499984741211,124.13999938964844,123.47000122070312,123.7699966430664,4052000,94.13973999023438
2016-08-12,123.47000122070312,123.7699966430664,122.9499969482422,123.22000122070312,4234800,93.72139739990234
2016-08-15,123.12000274658205,123.2699966430664,122.27999877929688,122.30999755859376,6469500,93.02925872802734
2016-08-16,122.11000061035156,122.31999969482422,120.05999755859376,120.33000183105467,11289100,91.52327728271484
2016-08-17,120.5,121.33000183105467,119.8499984741211,121.30999755859376,10442800,92.26863861083984
2016-08-18,121.16999816894533,121.38999938964844,119.9000015258789,120.72000122070312,8728000,91.8199234008789
2016-08-19,119.91000366210938,119.98999786376952,119.31999969482422,119.91999816894533,7798300,91.81990814208984
2016-08-22,119.9000015258789,119.9000015258789,118.9499969482422,119.12999725341795,6544900,91.21501159667967
2016-08-23,119.66999816894533,119.95999908447266,119.0199966430664,119.44000244140624,5603200,91.45237731933594
2016-08-24,119.4800033569336,119.61000061035156,118.62000274658205,118.70999908447266,6303900,90.89342498779295
2016-08-25,118.86000061035156,119.20999908447266,118.33000183105467,118.56999969482422,5566000,90.7862319946289
2016-08-26,118.83999633789062,119.73999786376952,118.55999755859376,119.04000091552734,6482700,91.14611053466795
2016-08-29,119.3000030517578,120.12999725341795,119.05999755859376,119.91999816894533,5074900,91.81990814208984
2016-08-30,120.66999816894533,120.66999816894533,119.26000213623048,119.47000122070312,3820500,91.47534942626952
2016-08-31,119.54000091552734,119.62000274658205,119.01000213623048,119.33999633789062,5693100,91.37579345703124
2016-09-01,119.19000244140624,119.38999938964844,118.5999984741211,119.08000183105467,4551800,91.1767349243164
2016-09-02,119.36000061035156,119.80999755859376,118.9000015258789,119.31999969482422,5806400,91.36048126220705
2016-09-06,119.77999877929688,119.97000122070312,119.36000061035156,119.75,5280700,91.6897430419922
2016-09-07,119.83999633789062,119.9499969482422,119.44000244140624,119.61000061035156,4753800,91.58253479003906
2016-09-08,119.37000274658205,119.81999969482422,119.13999938964844,119.47000122070312,4833000,91.47534942626952
2016-09-09,119.02999877929688,119.16000366210938,118.18000030517578,118.2300033569336,7957300,90.52589416503906
2016-09-12,117.76000213623048,119.4499969482422,117.37999725341795,119.16000366210938,7239800,91.23796081542967
2016-09-13,118.41999816894533,118.83000183105467,117.48999786376952,117.61000061035156,7957900,90.05121612548828
2016-09-14,117.8499984741211,118.33000183105467,117.45999908447266,117.86000061035156,6124900,90.24260711669922
2016-09-15,117.80999755859376,118.94000244140624,117.31999969482422,118.62999725341795,5812100,90.8321762084961
2016-09-16,118.51000213623048,119.13999938964844,118.12000274658205,118.25,12408800,90.54120635986328
2016-09-19,118.36000061035156,118.66000366210938,117.63999938964844,117.66000366210938,5457600,90.0894775390625
2016-09-20,118.16999816894533,118.23999786376952,117.69000244140624,117.9499969482422,5187700,90.31153106689452
2016-09-21,117.9499969482422,119.0,117.63999938964844,118.91000366210938,6337300,91.04656219482422
2016-09-22,119.25,119.83999633789062,119.13999938964844,119.45999908447266,5340500,91.46768188476562
2016-09-23,119.41000366210938,119.5999984741211,118.70999908447266,118.80999755859376,4773000,90.97000122070312
2016-09-26,118.62999725341795,118.63999938964844,117.55999755859376,117.77999877929688,5998900,90.18132781982422
2016-09-27,118.38999938964844,119.22000122070312,117.72000122070312,119.22000122070312,5349500,91.28392791748048
2016-09-28,119.0500030517578,119.5199966430664,118.80999755859376,119.38999938964844,5076100,91.41407012939452
2016-09-29,118.87999725341795,119.2699966430664,117.04000091552734,117.2699966430664,6190200,89.79085540771484
2016-09-30,117.77999877929688,118.62000274658205,117.38999938964844,118.12999725341795,7941100,90.4493408203125
2016-10-03,118.0,119.01000213623048,117.43000030517578,118.80999755859376,6098600,90.97000122070312
2016-10-04,118.83999633789062,119.4800033569336,118.27999877929688,118.81999969482422,5733900,90.97765350341795
2016-10-05,119.22000122070312,119.44000244140624,118.5999984741211,119.18000030517578,5778700,91.2532958984375
2016-10-06,118.5,118.8499984741211,117.91999816894533,118.75,4448500,90.92405700683594
2016-10-07,119.16999816894533,119.56999969482422,118.69000244140624,119.23999786376952,4799300,91.29924774169922
2016-10-10,119.51000213623048,120.1999969482422,119.3499984741211,119.8000030517578,3657000,91.72801208496094
2016-10-11,119.41000366210938,119.62999725341795,117.05999755859376,117.63999938964844,6394200,90.07414245605467
2016-10-12,117.95999908447266,118.43000030517578,117.5,117.97000122070312,4685200,90.32684326171876
2016-10-13,117.54000091552734,119.1999969482422,117.27999877929688,118.26000213623048,7387400,90.5488510131836
2016-10-14,118.5,118.8000030517578,117.55999755859376,117.55999755859376,5640500,90.01288604736328
2016-10-17,117.5,118.5500030517578,117.5,118.48999786376952,6956400,90.72498321533205
2016-10-18,117.37999725341795,118.4800033569336,115.16000366210938,115.41000366210938,12598300,88.36669921875
2016-10-19,115.56999969482422,115.88999938964844,114.45999908447266,114.58999633789062,7400900,87.73885345458984
2016-10-20,114.83000183105467,115.6999969482422,114.58999633789062,114.87000274658205,6973000,87.95323181152344
2016-10-21,114.11000061035156,114.23999786376952,112.98999786376952,113.44000244140624,8422000,86.85831451416016
2016-10-24,113.93000030517578,114.19000244140624,113.44000244140624,113.61000061035156,6141900,86.98849487304688
2016-10-25,113.63999938964844,114.16000366210938,113.08999633789062,113.95999908447266,5595000,87.2564926147461
2016-10-26,113.63999938964844,115.22000122070312,113.5999984741211,114.55999755859376,6429200,87.71587371826172
2016-10-27,114.9800033569336,116.5500030517578,114.79000091552734,115.6999969482422,7548700,88.58876037597656
2016-10-28,115.81999969482422,115.91000366210938,114.56999969482422,115.33000183105467,8813300,88.30545806884766
2016-10-31,115.27999877929688,116.2300033569336,114.5,115.98999786376952,8552500,88.810791015625
2016-11-01,114.76000213623048,115.94000244140624,114.62999725341795,115.33999633789062,7591900,88.3130874633789
2016-11-02,115.5199966430664,115.76000213623048,114.83000183105467,114.86000061035156,6591300,87.94558715820312
2016-11-03,114.87999725341795,115.44000244140624,114.75,115.02999877929688,6227100,88.07575988769531
2016-11-04,115.04000091552734,115.94000244140624,115.04000091552734,115.11000061035156,7160600,88.13700103759766
2016-11-07,115.88999938964844,116.72000122070312,115.83999633789062,116.66000366210938,6398200,89.32379150390625
2016-11-08,116.4800033569336,117.56999969482422,116.47000122070312,117.0500030517578,6675300,89.62239837646484
2016-11-09,120.0,122.5,118.0999984741211,120.30999755859376,16220000,92.11848449707033
2016-11-10,120.7699966430664,121.0999984741211,119.0199966430664,119.54000091552734,11904500,91.5289306640625
2016-11-11,119.48999786376952,119.48999786376952,118.12999725341795,118.47000122070312,8134800,90.70965576171876
2016-11-14,118.58000183105467,118.98999786376952,116.5,116.5999984741211,10054900,89.27782440185547
2016-11-15,116.4000015258789,116.69000244140624,115.81999969482422,116.31999969482422,7446700,89.0634536743164
2016-11-16,116.6500015258789,116.77999877929688,116.08000183105467,116.36000061035156,6594800,89.09407806396484
2016-11-17,116.68000030517578,116.68000030517578,116.12000274658205,116.56999969482422,5730300,89.2548828125
2016-11-18,115.79000091552734,115.91999816894533,114.80999755859376,115.36000061035156,7717800,88.93876647949219
2016-11-21,115.44000244140624,115.68000030517578,114.8000030517578,115.0,5843300,88.66123962402344
2016-11-22,114.58999633789062,115.0,112.2699966430664,112.73999786376952,11649700,86.9188461303711
2016-11-23,112.25,113.43000030517578,111.55999755859376,113.06999969482422,7892600,87.17326354980469
2016-11-25,113.5999984741211,114.2300033569336,113.37999725341795,114.12999725341795,3433300,87.99048614501953
2016-11-28,113.79000091552734,114.12000274658205,113.0500030517578,113.12999725341795,9065700,87.21953582763672
2016-11-29,112.9499969482422,113.41000366210938,112.16999816894533,112.4800033569336,7799600,86.7184066772461
2016-11-30,112.19000244140624,112.5199966430664,111.3000030517578,111.3000030517578,11178500,85.80865478515625
2016-12-01,111.36000061035156,111.54000091552734,111.0,111.37999725341795,8143300,85.87033081054688
2016-12-02,111.72000122070312,112.52999877929688,111.44000244140624,111.95999908447266,6167700,86.31749725341797
2016-12-05,112.4000015258789,112.41999816894533,111.7300033569336,111.94000244140624,5451600,86.30207824707031
2016-12-06,112.23999786376952,113.1999969482422,111.8499984741211,112.05999755859376,6530400,86.39459228515625
2016-12-07,111.88999938964844,111.88999938964844,109.31999969482422,111.0999984741211,11761100,85.65447235107422
2016-12-08,110.54000091552734,111.1999969482422,109.93000030517578,110.98999786376952,7774900,85.56966400146484
2016-12-09,111.41000366210938,112.43000030517578,111.1999969482422,112.26000213623048,7672100,86.54878997802734
2016-12-12,112.69000244140624,115.4000015258789,112.58000183105467,115.36000061035156,9544600,88.93876647949219
2016-12-13,115.52999877929688,115.97000122070312,115.01000213623048,115.88999938964844,7051600,89.3473892211914
2016-12-14,116.12000274658205,117.3000030517578,114.58000183105467,114.98999786376952,9378700,88.65352630615234
2016-12-15,115.33000183105467,115.91999816894533,114.88999938964844,115.88999938964844,6738100,89.3473892211914
2016-12-16,116.41000366210938,116.45999908447266,115.45999908447266,115.87999725341795,11291100,89.33970642089844
2016-12-19,116.06999969482422,116.66000366210938,115.94000244140624,116.0199966430664,6310800,89.44763946533203
2016-12-20,115.9800033569336,116.25,114.91000366210938,115.66000366210938,5715200,89.17007446289062
2016-12-21,116.1999969482422,116.1999969482422,114.73999786376952,115.30999755859376,5907600,88.90023040771484
2016-12-22,115.0,115.52999877929688,113.87999725341795,115.44000244140624,4602300,89.00045776367188
2016-12-23,115.4000015258789,116.31999969482422,115.3000030517578,115.95999908447266,2992500,89.40135192871094
2016-12-27,115.88999938964844,116.0,115.37999725341795,115.91000366210938,3232600,89.36283111572266
2016-12-28,115.87999725341795,116.16000366210938,115.0500030517578,115.0999984741211,3278300,88.73835754394531
2016-12-29,115.2300033569336,115.87000274658205,115.01000213623048,115.48999786376952,2993600,89.03901672363281
2016-12-30,115.8000030517578,115.98999786376952,114.9800033569336,115.20999908447266,5506700,88.8231430053711
2017-01-03,115.77999877929688,116.0,115.2300033569336,115.83999633789062,5953000,89.30882263183594
2017-01-04,115.5,116.2300033569336,115.30999755859376,115.6500015258789,5828900,89.16236877441406
2017-01-05,116.0,116.97000122070312,115.44000244140624,116.86000061035156,6217200,90.0952606201172
2017-01-06,116.66999816894533,117.0,115.76000213623048,116.3000030517578,5221400,89.66349792480469
2017-01-09,116.3499984741211,116.61000061035156,115.88999938964844,116.27999877929688,5457500,89.64806365966797
2017-01-10,116.02999877929688,117.0,115.87000274658205,116.16000366210938,5312800,89.5555648803711
2017-01-11,116.08000183105467,116.25,114.0199966430664,114.7300033569336,8887200,88.45307922363281
2017-01-12,114.2699966430664,114.7300033569336,113.37000274658205,114.62000274658205,6627300,88.36827087402344
2017-01-13,114.94000244140624,115.0199966430664,114.44000244140624,114.5999984741211,4935200,88.35285186767578
2017-01-17,113.94000244140624,115.0500030517578,113.66999816894533,114.87000274658205,6255400,88.56101989746094
2017-01-18,114.87000274658205,115.0999984741211,114.41000366210938,114.6999969482422,5014600,88.42993927001953
2017-01-19,114.68000030517578,114.9000015258789,113.91999816894533,114.1999969482422,5540800,88.04446411132812
2017-01-20,114.48999786376952,115.02999877929688,114.08000183105467,114.1500015258789,7502400,88.00592803955078
2017-01-23,114.51000213623048,114.7699966430664,113.8000030517578,113.91000366210938,7989800,87.82089233398438
2017-01-24,112.91000366210938,113.3000030517578,111.1500015258789,111.76000213623048,12450300,86.16332244873047
2017-01-25,111.93000030517578,112.8000030517578,110.76000213623048,112.8000030517578,9385500,86.96510314941406
2017-01-26,112.0,112.83999633789062,111.5999984741211,111.83999633789062,10164300,86.22496795654297
2017-01-27,112.0,113.54000091552734,111.9000015258789,113.37999725341795,8886100,87.41227722167969
2017-01-30,113.4000015258789,113.5999984741211,112.8499984741211,113.12999725341795,6969400,87.21953582763672
2017-01-31,112.79000091552734,113.4000015258789,112.43000030517578,113.25,8713400,87.31206512451172
2017-02-01,112.4800033569336,113.31999969482422,112.47000122070312,113.2300033569336,7082300,87.296630859375
2017-02-02,112.81999969482422,113.62000274658205,112.7699966430664,113.56999969482422,7826300,87.55873107910156
2017-02-03,113.5,113.66000366210938,112.66000366210938,113.63999938964844,7267600,87.61273193359375
2017-02-06,113.45999908447266,113.58999633789062,112.62000274658205,113.4000015258789,6178400,87.42768096923828
2017-02-07,113.5999984741211,113.62000274658205,113.0500030517578,113.4800033569336,5507900,87.48937225341797
2017-02-08,113.3000030517578,113.69000244140624,113.1500015258789,113.4000015258789,5272000,87.42768096923828
2017-02-09,113.4000015258789,114.6500015258789,113.4000015258789,114.08000183105467,5854600,87.95193481445312
2017-02-10,114.31999969482422,115.98999786376952,114.2300033569336,115.23999786376952,6438500,88.84627532958984
2017-02-13,115.27999877929688,116.12000274658205,115.22000122070312,115.87999725341795,5710800,89.33970642089844
2017-02-14,115.44000244140624,116.4000015258789,115.31999969482422,116.36000061035156,5539100,89.70976257324219
2017-02-15,115.9000015258789,117.45999908447266,115.58999633789062,117.1999969482422,5979700,90.35735321044922
2017-02-16,117.0,118.27999877929688,117.0,118.08000183105467,7119300,91.03580474853516
2017-02-17,118.19000244140624,118.9000015258789,118.0500030517578,118.86000061035156,8691400,91.6371612548828
2017-02-21,118.4000015258789,119.88999938964844,118.31999969482422,119.66000366210938,8595100,92.2539520263672
2017-02-22,119.27999877929688,119.7699966430664,119.25,119.5199966430664,5103900,92.14600372314452
2017-02-23,119.5199966430664,121.9000015258789,119.4800033569336,121.6999969482422,9980900,93.82672882080078
2017-02-24,121.5,122.73999786376952,120.9000015258789,122.7300033569336,10835000,95.24691772460938
2017-02-27,122.12999725341795,122.87999725341795,122.0999984741211,122.4000015258789,5946200,94.99079895019533
2017-02-28,122.01000213623048,122.6500015258789,121.94000244140624,122.20999908447266,8885500,94.84336853027344
2017-03-01,122.48999786376952,124.4499969482422,122.41999816894533,123.86000061035156,9393900,96.12387084960938
2017-03-02,123.75,124.36000061035156,123.0199966430664,123.62999725341795,6950200,95.94537353515624
2017-03-03,123.62999725341795,123.93000030517578,123.2300033569336,123.79000091552734,5585200,96.06954956054688
2017-03-06,123.01000213623048,124.43000030517578,122.5999984741211,123.70999908447266,6670700,96.0074691772461
2017-03-07,122.58000183105467,124.45999908447266,122.38999938964844,123.83000183105467,6644000,96.10062408447266
2017-03-08,123.75,124.68000030517578,123.5,124.0999984741211,7909900,96.31012725830078
2017-03-09,124.58000183105467,126.20999908447266,124.16999816894533,125.9499969482422,8571100,97.7458724975586
2017-03-10,126.04000091552734,126.48999786376952,125.54000091552734,126.20999908447266,7395400,97.94763946533205
2017-03-13,125.83000183105467,126.9499969482422,125.79000091552734,126.68000030517578,7162500,98.31242370605467
2017-03-14,126.86000061035156,127.75,126.7699966430664,127.0500030517578,7679700,98.59954071044922
2017-03-15,127.0500030517578,129.0,126.5999984741211,128.9600067138672,8360600,100.08184814453124
2017-03-16,128.44000244140625,128.6999969482422,127.7699966430664,128.4600067138672,7610700,99.69379425048828
2017-03-17,128.4499969482422,128.94000244140625,127.9499969482422,128.05999755859375,13300800,99.38336181640624
2017-03-20,128.0399932861328,128.4199981689453,127.97000122070312,128.07000732421875,5827500,99.3911361694336
2017-03-21,128.3800048828125,128.4499969482422,127.13999938964844,127.25,7578600,98.7547378540039
2017-03-22,127.0500030517578,127.6500015258789,126.20999908447266,126.26000213623048,10272700,97.9864501953125
2017-03-23,126.0999984741211,127.0,125.66000366210938,125.9000015258789,8508100,97.70706939697266
2017-03-24,125.86000061035156,126.36000061035156,125.12999725341795,125.4800033569336,6490300,97.38109588623048
2017-03-27,125.16000366210938,126.13999938964844,125.1500015258789,125.8000030517578,5004300,97.62944793701172
2017-03-28,125.62000274658205,125.77999877929688,124.77999877929688,125.66000366210938,5287600,97.5207977294922
2017-03-29,125.0500030517578,125.33000183105467,124.36000061035156,124.91999816894533,3971800,96.94651794433594
2017-03-30,124.73999786376952,125.43000030517578,124.27999877929688,124.66000366210938,4711700,96.74475860595705
2017-03-31,124.11000061035156,124.83000183105467,124.02999877929688,124.5500030517578,5657600,96.6593780517578
2017-04-03,124.7300033569336,125.30999755859376,124.27999877929688,124.69000244140624,4956400,96.76800537109376
2017-04-04,124.51000213623048,124.7699966430664,124.22000122070312,124.68000030517578,5358500,96.76026153564452
2017-04-05,124.72000122070312,125.5999984741211,124.41000366210938,124.8000030517578,5646300,96.85340118408205
2017-04-06,124.8499984741211,125.45999908447266,124.5,125.0500030517578,4324200,97.04741668701172
2017-04-07,125.12000274658205,125.47000122070312,124.83000183105467,124.91999816894533,3615100,96.94651794433594
2017-04-10,124.87000274658205,124.9499969482422,124.2300033569336,124.33999633789062,4594200,96.49640655517578
2017-04-11,124.26000213623048,124.79000091552734,123.9499969482422,124.22000122070312,4161500,96.40325927734376
2017-04-12,124.54000091552734,125.45999908447266,124.36000061035156,125.4000015258789,5556600,97.31903839111328
2017-04-13,125.12999725341795,125.6500015258789,124.95999908447266,124.98999786376952,5396500,97.00083923339844
2017-04-17,125.0199966430664,125.80999755859376,124.93000030517578,125.72000122070312,5367500,97.56737518310548
2017-04-18,123.18000030517578,123.37000274658205,120.9499969482422,121.81999969482422,13485700,94.54067993164062
2017-04-19,122.0999984741211,122.27999877929688,121.11000061035156,121.37000274658205,6993100,94.19147491455078
2017-04-20,121.86000061035156,122.1500015258789,121.3499984741211,121.87000274658205,6330100,94.57950592041016
2017-04-21,121.77999877929688,122.04000091552734,121.54000091552734,121.76000213623048,6021700,94.49414825439452
2017-04-24,122.5199966430664,123.20999908447266,122.1500015258789,122.88999938964844,5679000,95.37110137939452
2017-04-25,123.33999633789062,123.75,123.01000213623048,123.43000030517578,5090000,95.7901840209961
2017-04-26,123.79000091552734,124.26000213623048,123.4800033569336,123.51000213623048,5021800,95.85226440429688
2017-04-27,123.58000183105467,124.30999755859376,123.4000015258789,123.73999786376952,4225200,96.03076171875
2017-04-28,123.8499984741211,123.9000015258789,123.12999725341795,123.47000122070312,4381800,95.82122039794922
2017-05-01,123.4000015258789,123.77999877929688,123.0,123.33999633789062,4556400,95.7203369140625
2017-05-02,123.5199966430664,123.73999786376952,122.88999938964844,123.6999969482422,4881600,95.99969482421876
2017-05-03,123.58999633789062,123.6999969482422,123.04000091552734,123.33000183105467,3736500,95.71255493164062
2017-05-04,123.69000244140624,123.9499969482422,123.2300033569336,123.9499969482422,3753700,96.19371795654295
2017-05-05,123.8000030517578,123.8000030517578,122.86000061035156,123.51000213623048,4139800,95.85226440429688
2017-05-08,123.52999877929688,123.8000030517578,123.0199966430664,123.25,3608600,95.65048217773438
2017-05-09,123.2300033569336,123.47000122070312,122.87999725341795,123.20999908447266,3762500,95.61943817138672
2017-05-10,122.91000366210938,123.05999755859376,122.37999725341795,122.80999755859376,4237400,95.30897521972656
2017-05-11,122.5,123.20999908447266,122.33999633789062,123.1999969482422,4095900,95.61166381835938
2017-05-12,123.11000061035156,124.0999984741211,123.01000213623048,123.63999938964844,4097100,95.953125
2017-05-15,124.41000366210938,127.36000061035156,124.33000183105467,126.98999786376952,9854600,98.55296325683594
2017-05-16,127.33999633789062,128.3699951171875,127.05999755859376,127.7699966430664,7233800,99.15830993652344
2017-05-17,127.7699966430664,127.88999938964844,126.4499969482422,126.66999816894533,6480800,98.30463409423828
2017-05-18,126.45999908447266,127.87000274658205,125.95999908447266,126.97000122070312,6571300,98.53744506835938
2017-05-19,127.02999877929688,127.38999938964844,126.44000244140624,127.0,6957200,98.56076049804688
2017-05-22,126.62999725341795,127.6500015258789,126.62999725341795,127.26000213623048,4858200,98.76251983642578
2017-05-23,127.30999755859376,128.14999389648438,127.30999755859376,127.5199966430664,3972500,98.96430206298828
2017-05-24,127.79000091552734,128.0,127.29000091552734,127.51000213623048,3965200,98.95655822753906
2017-05-25,126.73999786376952,127.62000274658205,126.33000183105467,127.52999877929688,5294300,99.6283721923828
2017-05-26,127.2300033569336,127.66999816894533,126.83000183105467,126.91999816894533,4005200,99.15185546875
2017-05-30,126.6999969482422,127.38999938964844,126.19000244140624,127.11000061035156,3665400,99.30026245117188
2017-05-31,127.3499984741211,128.8000030517578,127.3499984741211,128.25,8813500,100.19085693359376
2017-06-01,128.32000732421875,128.77999877929688,128.1199951171875,128.77999877929688,5790900,100.6048812866211
2017-06-02,129.0500030517578,130.13999938964844,128.8300018310547,130.0800018310547,6562600,101.62046813964844
2017-06-05,129.97000122070312,130.52000427246094,129.8000030517578,130.36000061035156,4634700,101.83924102783205
2017-06-06,130.17999267578125,131.3300018310547,130.02999877929688,130.8300018310547,5619100,102.20637512207033
2017-06-07,131.0,131.47999572753906,130.5800018310547,130.75,5765200,102.1438980102539
2017-06-08,130.75,131.39999389648438,129.9600067138672,130.5500030517578,8101700,101.98765563964844
2017-06-09,130.3699951171875,131.6999969482422,130.30999755859375,131.52999877929688,5992500,102.75325775146484
2017-06-12,131.52999877929688,131.8300018310547,131.4199981689453,131.82000732421875,8020700,102.9798355102539
2017-06-13,131.75,132.72999572753906,131.39999389648438,132.02000427246094,5733800,103.13603973388672
2017-06-14,132.50999450683594,133.55999755859375,132.50999450683594,132.77000427246094,7329400,103.72195434570312
2017-06-15,132.0,133.35000610351562,131.80999755859375,133.0399932861328,5265000,103.93289184570312
2017-06-16,133.72000122070312,134.60000610351562,133.0399932861328,134.35000610351562,12639600,104.9562530517578
2017-06-19,134.14999389648438,134.67999267578125,133.49000549316406,134.07000732421875,7488700,104.73754119873048
2017-06-20,133.89999389648438,134.75999450683594,133.89999389648438,134.22000122070312,5201200,104.85470581054688
2017-06-21,134.2899932861328,135.11000061035156,134.02000427246094,134.91000366210938,5841100,105.39374542236328
2017-06-22,135.4499969482422,137.0,135.27000427246094,136.0500030517578,7311000,106.28431701660156
2017-06-23,135.4499969482422,136.50999450683594,135.32000732421875,136.42999267578125,9007100,106.58116149902344
2017-06-26,136.47999572753906,136.89999389648438,136.1999969482422,136.33999633789062,5561800,106.5108642578125
2017-06-27,136.5,136.72999572753906,134.99000549316406,135.00999450683594,6120500,105.47189331054688
2017-06-28,135.9499969482422,136.1999969482422,133.57000732421875,133.82000732421875,6557900,104.542236328125
2017-06-29,133.39999389648438,133.72999572753906,132.30999755859375,132.63999938964844,5750000,103.62036895751952
2017-06-30,132.6999969482422,133.1999969482422,132.27999877929688,132.2899932861328,5264400,103.34696197509766
2017-07-03,132.7899932861328,133.32000732421875,132.64999389648438,132.89999389648438,2931000,103.8235092163086
2017-07-05,132.97999572753906,134.05999755859375,132.4199981689453,133.63999938964844,4302700,104.4015884399414
2017-07-06,133.61000061035156,133.97000122070312,132.41000366210938,132.52000427246094,4282200,103.52664184570312
2017-07-07,132.91000366210938,133.0,131.69000244140625,132.5399932861328,4994100,103.54228973388672
2017-07-10,132.74000549316406,132.8699951171875,131.22999572753906,131.5500030517578,4019600,102.76885986328124
2017-07-11,131.42999267578125,131.7899932861328,130.47999572753906,131.22999572753906,3733100,102.51887512207033
2017-07-12,132.0399932861328,132.88999938964844,131.77000427246094,132.22999572753906,5053200,103.30010986328124
2017-07-13,132.10000610351562,132.22000122070312,130.99000549316406,131.86000061035156,4424400,103.01102447509766
2017-07-14,132.0,133.0,131.74000549316406,132.60000610351562,4383100,103.5891342163086
2017-07-17,132.7100067138672,132.92999267578125,131.75,132.14999389648438,4939400,103.23758697509766
2017-07-18,131.6199951171875,134.9499969482422,131.0800018310547,134.4600067138672,10256000,105.0421905517578
2017-07-19,134.83999633789062,135.41000366210938,134.52000427246094,135.2100067138672,5503300,105.6281280517578
2017-07-20,135.72999572753906,137.0800018310547,135.6199951171875,136.57000732421875,6088600,106.69058990478516
2017-07-21,135.3300018310547,136.27000427246094,135.10000610351562,135.30999755859375,6773500,105.70624542236328
2017-07-24,134.99000549316406,135.16000366210938,132.85000610351562,133.00999450683594,8306700,103.909423828125
2017-07-25,133.74000549316406,133.85000610351562,131.4499969482422,131.8800048828125,6262900,103.02664184570312
2017-07-26,131.66000366210938,132.24000549316406,130.75,130.9499969482422,5382200,102.3001480102539
2017-07-27,130.85000610351562,131.14999389648438,129.57000732421875,130.8300018310547,5838100,102.20637512207033
2017-07-28,131.13999938964844,131.99000549316406,130.52000427246094,131.85000610351562,4970900,103.00325775146484
2017-07-31,132.13999938964844,133.5800018310547,132.10000610351562,132.72000122070312,5440800,103.68287658691406
2017-08-01,133.1699981689453,133.35000610351562,132.27999877929688,132.50999450683594,3837600,103.5188446044922
2017-08-02,132.0800018310547,132.5,131.5,132.16000366210938,4032100,103.2454071044922
2017-08-03,131.91000366210938,133.39999389648438,131.50999450683594,133.35000610351562,4327300,104.17503356933594
2017-08-04,133.74000549316406,134.00999450683594,132.8000030517578,133.17999267578125,3192800,104.04225158691406
2017-08-07,133.08999633789062,133.47999572753906,132.50999450683594,132.86000061035156,3010800,103.7922592163086
2017-08-08,132.5,132.8000030517578,131.39999389648438,132.27000427246094,5535800,103.33133697509766
2017-08-09,132.80999755859375,133.41000366210938,132.3699951171875,133.22999572753906,6332300,104.081298828125
2017-08-10,133.0399932861328,133.85000610351562,132.3699951171875,133.08999633789062,5607900,103.971923828125
2017-08-11,133.63999938964844,134.49000549316406,132.75,133.10000610351562,4270600,103.97976684570312
2017-08-14,134.1999969482422,134.3699951171875,132.8699951171875,133.47999572753906,3041100,104.27662658691406
2017-08-15,133.85000610351562,133.94000244140625,133.1999969482422,133.3800048828125,3931800,104.1985092163086
2017-08-16,134.0800018310547,134.97000122070312,133.86000061035156,134.1699981689453,4469900,104.81563568115234
2017-08-17,134.17999267578125,134.74000549316406,133.02999877929688,133.0399932861328,5741400,103.93289184570312
2017-08-18,132.6699981689453,133.77999877929688,132.3800048828125,132.6300048828125,4792800,103.6125946044922
2017-08-21,132.27999877929688,133.64999389648438,132.19000244140625,133.4499969482422,4660000,104.25318908691406
2017-08-22,133.27000427246094,134.7899932861328,132.89999389648438,134.6999969482422,4150300,105.22969818115234
2017-08-23,134.42999267578125,134.49000549316406,132.64999389648438,132.8000030517578,5129900,103.745361328125
2017-08-24,132.82000732421875,133.0800018310547,132.27000427246094,132.88999938964844,5398400,103.81570434570312
2017-08-25,131.91000366210938,132.55999755859375,131.6199951171875,131.67999267578125,4133300,103.52478790283205
2017-08-28,131.67999267578125,132.1199951171875,131.49000549316406,131.74000549316406,5349200,103.57198333740234
2017-08-29,131.57000732421875,132.4499969482422,131.3000030517578,132.2100067138672,3277900,103.94149780273438
2017-08-30,132.0,132.0,130.89999389648438,131.07000732421875,5430800,103.04521942138672
2017-08-31,131.38999938964844,132.5,131.25,132.3699951171875,7407100,104.0672607421875
2017-09-01,132.60000610351562,132.64999389648438,130.94000244140625,131.02999877929688,3820800,103.01380157470705
2017-09-05,130.72000122070312,131.17999267578125,129.72000122070312,129.89999389648438,5146600,102.12539672851562
2017-09-06,130.5399932861328,131.0,130.2100067138672,130.6699981689453,5601900,102.73074340820312
2017-09-07,130.86000061035156,132.52000427246094,130.25,132.19000244140625,3800200,103.92576599121094
2017-09-08,132.0,132.33999633789062,130.8699951171875,130.97999572753906,4854400,102.97447204589844
2017-09-11,131.3699951171875,133.33999633789062,131.02000427246094,133.2100067138672,5724200,104.72767639160156
2017-09-12,133.8300018310547,133.8800048828125,131.92999267578125,132.6300048828125,5465200,104.27169036865234
2017-09-13,132.6699981689453,133.75,131.85000610351562,132.4499969482422,4679500,104.13018798828124
2017-09-14,132.13999938964844,134.47000122070312,131.99000549316406,134.17999267578125,6274500,105.49026489257812
2017-09-15,134.7899932861328,135.4499969482422,134.17999267578125,134.4499969482422,15522000,105.7025375366211
2017-09-18,134.44000244140625,135.77000427246094,134.11000061035156,135.3800048828125,5260800,106.43367767333984
2017-09-19,135.02000427246094,135.7899932861328,134.35000610351562,135.22000122070312,4903800,106.3078842163086
2017-09-20,133.25,134.2899932861328,132.33999633789062,133.22000122070312,8705500,104.73553466796876
2017-09-21,133.30999755859375,133.82000732421875,131.3800048828125,131.75,6051800,103.5798568725586
2017-09-22,131.99000549316406,132.38999938964844,131.27000427246094,131.38999938964844,4334900,103.29679870605467
2017-09-25,131.47000122070312,131.75999450683594,130.8300018310547,131.1699981689453,6017400,103.12384796142578
2017-09-26,131.5,131.94000244140625,130.82000732421875,130.94000244140625,4516200,102.94303131103516
2017-09-27,131.0,131.08999633789062,129.42999267578125,129.75,5796100,102.00746154785156
2017-09-28,129.91000366210938,130.27000427246094,129.2899932861328,129.47000122070312,3992700,101.78733825683594
2017-09-29,129.5800018310547,130.47000122070312,129.0500030517578,130.00999450683594,5736900,102.21186065673828
2017-10-02,130.16000366210938,131.3300018310547,130.02000427246094,131.22000122070312,4492900,103.16316223144533
2017-10-03,131.64999389648438,132.39999389648438,131.36000061035156,132.10000610351562,3900800,103.85501861572266
2017-10-04,132.39999389648438,133.17999267578125,132.10000610351562,132.88999938964844,3589000,104.47610473632812
2017-10-05,132.88999938964844,133.30999755859375,132.36000061035156,133.19000244140625,3741100,104.71194458007812
2017-10-06,133.0,133.25,132.47999572753906,133.22000122070312,2469500,104.73553466796876
2017-10-09,133.66000366210938,133.82000732421875,133.1699981689453,133.4499969482422,3750500,104.91636657714844
2017-10-10,133.55999755859375,134.1300048828125,132.9199981689453,133.89999389648438,4184600,105.27012634277344
2017-10-11,134.8800048828125,137.0800018310547,134.3699951171875,136.64999389648438,8269400,107.43213653564452
2017-10-12,136.33999633789062,137.52000427246094,136.02000427246094,136.8300018310547,5172800,107.5736846923828
2017-10-13,136.60000610351562,137.4199981689453,136.33999633789062,136.42999267578125,4106600,107.2591552734375
2017-10-16,136.4499969482422,137.25999450683594,135.5399932861328,136.1199951171875,5120100,107.01544189453124
2017-10-17,137.6699981689453,141.1199951171875,137.05999755859375,140.7899932861328,11717300,110.68693542480467
2017-10-18,140.7899932861328,141.5800018310547,140.07000732421875,140.67999267578125,6827700,110.6004867553711
2017-10-19,140.7100067138672,142.97999572753906,140.5399932861328,142.0399932861328,9181300,111.66964721679688
2017-10-20,142.3800048828125,143.6199951171875,141.8300018310547,142.39999389648438,5634500,111.95269012451172
2017-10-23,142.1300048828125,144.35000610351562,142.0800018310547,143.6199951171875,6686000,112.91180419921876
2017-10-24,143.3800048828125,143.3800048828125,140.92999267578125,141.63999938964844,6585800,111.355224609375
2017-10-25,141.16000366210938,143.22999572753906,140.9600067138672,142.36000061035156,6563600,111.92127990722656
2017-10-26,142.50999450683594,143.75,141.3800048828125,141.80999755859375,5841100,111.48885345458984
2017-10-27,141.0,142.6999969482422,140.1999969482422,141.77999877929688,5140100,111.46527862548828
2017-10-30,141.0800018310547,141.2100067138672,139.32000732421875,140.0,6034300,110.06585693359376
2017-10-31,140.02000427246094,140.25999450683594,138.97999572753906,139.41000366210938,4832100,109.6020050048828
2017-11-01,139.8300018310547,140.58999633789062,139.33999633789062,139.97999572753906,5006800,110.05010986328124
2017-11-02,140.11000061035156,140.2899932861328,139.11000061035156,139.92999267578125,3494100,110.01081085205078
2017-11-03,139.72999572753906,140.39999389648438,139.3000030517578,140.0800018310547,2737000,110.12876892089844
2017-11-06,140.00999450683594,140.49000549316406,139.72000122070312,139.75999450683594,4220700,109.87718200683594
2017-11-07,140.0800018310547,140.14999389648438,138.91000366210938,139.77000427246094,4201900,109.8850326538086
2017-11-08,139.6999969482422,141.8699951171875,139.4600067138672,141.32000732421875,4440700,111.10362243652344
2017-11-09,140.86000061035156,141.41000366210938,139.8000030517578,140.35000610351562,3517100,110.3410415649414
2017-11-10,140.1300048828125,140.1300048828125,138.61000061035156,139.55999755859375,4240800,109.7199478149414
2017-11-13,139.00999450683594,140.02000427246094,138.4199981689453,139.75999450683594,4322300,109.87718200683594
2017-11-14,139.57000732421875,140.27999877929688,138.9199981689453,139.49000549316406,4078200,109.6649169921875
2017-11-15,139.22999572753906,139.8300018310547,138.75,139.10000610351562,4811500,109.35828399658205
2017-11-16,139.4199981689453,139.67999267578125,138.63999938964844,138.8699951171875,4193800,109.1774673461914
2017-11-17,138.3000030517578,138.86000061035156,137.88999938964844,138.0,4247400,108.49349212646484
2017-11-20,138.14999389648438,138.55999755859375,137.74000549316406,137.92999267578125,4266300,108.43842315673828
2017-11-21,138.4499969482422,139.25999450683594,138.19000244140625,138.33999633789062,5660600,108.76078033447266
2017-11-22,138.3000030517578,138.3800048828125,136.60000610351562,137.2899932861328,3917000,107.93529510498048
2017-11-24,137.5,138.3800048828125,137.30999755859375,138.00999450683594,2606800,108.50133514404295
2017-11-27,137.50999450683594,138.30999755859375,137.47999572753906,138.10000610351562,3933100,109.23697662353516
2017-11-28,138.3000030517578,140.52999877929688,138.25,140.02000427246094,5052800,110.75572967529295
2017-11-29,140.22000122070312,140.6300048828125,138.9499969482422,139.80999755859375,5851400,110.58961486816406
2017-11-30,140.05999755859375,140.27999877929688,138.47999572753906,139.3300018310547,8941900,110.20989990234376
2017-12-01,139.57000732421875,140.52999877929688,138.60000610351562,139.97999572753906,5990500,110.72402954101562
2017-12-04,140.6199951171875,141.5,138.92999267578125,139.00999450683594,5916700,109.95677185058594
2017-12-05,139.7899932861328,140.80999755859375,139.1999969482422,139.6699981689453,6745300,110.47884368896484
2017-12-06,140.83999633789062,141.9600067138672,140.19000244140625,141.05999755859375,5591700,111.5783233642578
2017-12-07,140.00999450683594,141.5,139.25999450683594,140.00999450683594,4713100,110.7477798461914
2017-12-08,140.0,140.75999450683594,139.8000030517578,140.58999633789062,5101300,111.20655822753906
2017-12-11,140.89999389648438,141.1699981689453,139.8300018310547,141.13999938964844,4358600,111.64163970947266
2017-12-12,142.60000610351562,143.57000732421875,142.0399932861328,142.60000610351562,8016700,112.79647064208984
2017-12-13,142.5,143.42999267578125,142.2100067138672,142.88999938964844,6118400,113.02587890625
2017-12-14,143.52000427246094,143.6199951171875,141.61000061035156,141.64999389648438,5337900,112.04503631591795
2017-12-15,142.47999572753906,143.13999938964844,141.77999877929688,142.4600067138672,12517000,112.68577575683594
2017-12-18,142.55999755859375,143.8000030517578,141.39999389648438,141.8000030517578,5833200,112.16366577148438
2017-12-19,141.88999938964844,142.3800048828125,141.36000061035156,141.77999877929688,6580100,112.14788055419922
2017-12-20,142.25999450683594,142.5800018310547,141.0800018310547,141.16000366210938,6289800,111.657470703125
2017-12-21,141.58999633789062,142.1699981689453,141.02000427246094,141.05999755859375,6284700,111.5783233642578
2017-12-22,141.0,141.35000610351562,140.0399932861328,140.1199951171875,4665600,110.8348159790039
2017-12-26,140.4600067138672,140.5399932861328,139.67999267578125,140.08999633789062,3271100,110.8110809326172
2017-12-27,140.4199981689453,141.14999389648438,140.1999969482422,140.57000732421875,3753600,111.19073486328124
2017-12-28,140.6999969482422,141.0,140.3300018310547,140.55999755859375,2485000,111.18285369873048
2017-12-29,140.97999572753906,141.2100067138672,139.5800018310547,139.72000122070312,4452900,110.5184097290039
2018-01-02,139.66000366210938,139.9499969482422,138.72000122070312,139.22999572753906,6842100,110.13079833984376
2018-01-03,139.36000061035156,140.67999267578125,138.89999389648438,140.55999755859375,5350500,111.18285369873048
2018-01-04,140.4499969482422,141.13999938964844,140.22000122070312,140.5500030517578,4837600,111.17498016357422
2018-01-05,140.69000244140625,141.82000732421875,140.27999877929688,141.7100067138672,6158800,112.0924835205078
2018-01-08,141.6999969482422,142.0,140.9199981689453,141.88999938964844,5129800,112.2348861694336
2018-01-09,142.3699951171875,145.67999267578125,142.25999450683594,144.13999938964844,8897000,114.01463317871094
2018-01-10,143.5500030517578,144.16000366210938,143.32000732421875,143.97000122070312,6558600,113.880126953125
2018-01-11,144.1300048828125,144.89999389648438,143.69000244140625,144.7899932861328,4962200,114.52877807617188
2018-01-12,144.99000549316406,146.4199981689453,144.89999389648438,145.75999450683594,5450600,115.29602813720705
2018-01-16,146.4199981689453,148.05999755859375,146.02999877929688,146.86000061035156,8804000,116.16614532470705
2018-01-17,147.83999633789062,148.32000732421875,145.47999572753906,146.97999572753906,10619700,116.26106262207033
2018-01-18,146.92999267578125,147.44000244140625,145.97000122070312,146.9199981689453,5554800,116.21359252929688
2018-01-19,147.4600067138672,147.64999389648438,146.4199981689453,147.36000061035156,8738800,116.56163787841795
2018-01-22,147.00999450683594,148.13999938964844,146.72000122070312,148.13999938964844,7010400,117.17860412597656
2018-01-23,146.9600067138672,147.44000244140625,141.6199951171875,141.8300018310547,17473600,112.18739318847656
2018-01-24,143.5,143.55999755859375,141.8000030517578,142.07000732421875,13034400,112.37722778320312
2018-01-25,142.30999755859375,144.66000366210938,142.2100067138672,144.39999389648438,7938800,114.2202606201172
2018-01-26,144.5,145.60000610351562,144.1300048828125,145.3300018310547,8065600,114.95588684082033
2018-01-29,144.85000610351562,144.94000244140625,143.52999877929688,143.67999267578125,8013400,113.65076446533205
2018-01-30,143.39999389648438,143.82000732421875,142.42999267578125,142.42999267578125,8376100,112.66201782226562
2018-01-31,142.57000732421875,142.57000732421875,138.10000610351562,138.19000244140625,13137400,109.30818176269533
2018-02-01,137.52999877929688,140.6699981689453,137.0,140.02000427246094,9393600,110.75572967529295
2018-02-02,139.02000427246094,140.36000061035156,137.3800048828125,137.67999267578125,9262500,108.90475463867188
2018-02-05,136.5800018310547,137.0,122.1500015258789,130.38999938964844,19954100,103.13838958740234
2018-02-06,130.00999450683594,132.99000549316406,128.0,131.8300018310547,19193500,104.27743530273438
2018-02-07,131.88999938964844,133.42999267578125,131.35000610351562,131.4199981689453,10550400,103.95310974121094
2018-02-08,130.91000366210938,131.25,126.11000061035156,126.36000061035156,11680200,99.95065307617188
2018-02-09,127.5199966430664,130.9199981689453,125.44000244140624,129.52999877929688,15030900,102.4581069946289
2018-02-12,130.0,131.32000732421875,127.68000030517578,130.27000427246094,9963900,103.0434799194336
2018-02-13,129.2100067138672,130.60000610351562,128.6999969482422,129.9600067138672,6339000,102.79827117919922
2018-02-14,129.44000244140625,130.00999450683594,128.38999938964844,129.6699981689453,6259700,102.56886291503906
2018-02-15,130.10000610351562,131.27999877929688,129.39999389648438,131.22999572753906,5606400,103.80281066894533
2018-02-16,130.9600067138672,134.4499969482422,130.83999633789062,133.14999389648438,7970100,105.321533203125
2018-02-20,132.8699951171875,133.4499969482422,130.66000366210938,130.8699951171875,6563500,103.51805877685548
2018-02-21,130.8000030517578,132.42999267578125,129.86000061035156,129.91000366210938,6578000,102.75868225097656
2018-02-22,130.10000610351562,131.02000427246094,129.47999572753906,129.91000366210938,5732200,102.75868225097656
2018-02-23,130.08999633789062,132.0800018310547,130.02000427246094,132.02000427246094,5126800,104.42771911621094
2018-02-26,131.7100067138672,133.41000366210938,131.0,132.07000732421875,6684400,105.13623809814452
2018-02-27,132.2100067138672,133.08999633789062,131.60000610351562,131.6699981689453,7158600,104.81776428222656
2018-02-28,131.9499969482422,132.3300018310547,129.8699951171875,129.8800048828125,7985900,103.3928451538086
2018-03-01,129.11000061035156,130.1199951171875,126.5199966430664,127.27999877929688,9424000,101.32305145263672
2018-03-02,126.91000366210938,129.11000061035156,126.91000366210938,128.82000732421875,6910400,102.54901885986328
2018-03-05,128.6300048828125,130.3000030517578,128.17999267578125,129.7899932861328,5799800,103.32118225097656
2018-03-06,130.0,130.1999969482422,127.91999816894533,128.22000122070312,5546500,102.07136535644533
2018-03-07,127.4800033569336,129.3300018310547,127.2699966430664,129.0399932861328,6391700,102.72412872314452
2018-03-08,129.3300018310547,132.3000030517578,129.3300018310547,132.05999755859375,6423400,105.12825775146484
2018-03-09,132.50999450683594,133.82000732421875,131.55999755859375,133.8000030517578,7557800,106.51339721679688
2018-03-12,133.8000030517578,134.22999572753906,132.32000732421875,132.6300048828125,4942000,105.58201599121094
2018-03-13,133.8000030517578,135.38999938964844,133.4499969482422,134.35000610351562,9152300,106.95124053955078
2018-03-14,135.24000549316406,135.6999969482422,131.89999389648438,132.32000732421875,6770600,105.3352279663086
2018-03-15,132.5500030517578,134.24000549316406,132.47000122070312,133.05999755859375,6147200,105.92430877685548
2018-03-16,133.16000366210938,134.39999389648438,132.10000610351562,133.67999267578125,14233500,106.4178695678711
2018-03-19,133.35000610351562,133.47000122070312,129.36000061035156,130.24000549316406,6017000,103.67940521240234
2018-03-20,130.77999877929688,131.77999877929688,129.3800048828125,131.2100067138672,6214300,104.45158386230467
2018-03-21,131.39999389648438,132.77999877929688,130.66000366210938,131.19000244140625,5158700,104.4356689453125
2018-03-22,130.47000122070312,130.67999267578125,127.0999984741211,127.37999725341795,7560100,101.40265655517578
2018-03-23,127.62999725341795,127.8000030517578,124.9000015258789,125.0999984741211,8452500,99.58763885498048
2018-03-26,126.41000366210938,127.54000091552734,125.20999908447266,127.38999938964844,8358200,101.41062927246094
2018-03-27,127.11000061035156,129.10000610351562,126.38999938964844,127.20999908447266,7789900,101.26734924316406
2018-03-28,127.62999725341795,129.02000427246094,127.20999908447266,127.4499969482422,6868500,101.4583969116211
2018-03-29,127.97000122070312,128.75999450683594,126.81999969482422,128.14999389648438,6119400,102.01561737060548
2018-04-02,127.81999969482422,127.87999725341795,123.54000091552734,124.55999755859376,8916900,99.1577606201172
2018-04-03,125.18000030517578,128.49000549316406,124.68000030517578,128.35000610351562,8035000,102.1748504638672
2018-04-04,126.9000015258789,131.1199951171875,126.38999938964844,130.41000366210938,7717100,103.81475067138672
2018-04-05,130.41000366210938,131.1999969482422,129.5,130.7100067138672,5621700,104.05357360839844
2018-04-06,130.22000122070312,130.63999938964844,126.41000366210938,128.10000610351562,6399300,101.97582244873048
2018-04-09,128.64999389648438,131.13999938964844,127.68000030517578,129.47999572753906,6395800,103.07439422607422
2018-04-10,130.25,130.91000366210938,129.2899932861328,130.25,6019300,103.68736267089844
2018-04-11,129.13999938964844,130.35000610351562,129.02999877929688,129.6300048828125,4575400,103.1938018798828
2018-04-12,130.08999633789062,131.30999755859375,129.86000061035156,130.42999267578125,4559800,103.83063507080078
2018-04-13,131.08999633789062,131.4199981689453,129.6300048828125,130.6199951171875,4742300,103.98191833496094
2018-04-16,131.41000366210938,132.8800048828125,131.27999877929688,131.75999450683594,6379600,104.88941192626952
2018-04-17,132.11000061035156,132.1999969482422,128.80999755859375,130.5399932861328,11008700,103.9182357788086
2018-04-18,129.69000244140625,129.89999389648438,126.94000244140624,127.72000122070312,9383600,101.67332458496094
2018-04-19,127.62999725341795,128.27000427246094,126.88999938964844,127.5500030517578,5959500,101.53799438476562
2018-04-20,128.0,128.3000030517578,126.16999816894533,126.66000366210938,7743900,100.82951354980467
2018-04-23,126.87999725341795,127.3000030517578,125.77999877929688,126.83000183105467,7501900,100.96484375
2018-04-24,126.94000244140624,127.45999908447266,125.30999755859376,126.19000244140624,6577500,100.45533752441406
2018-04-25,125.91000366210938,126.8499984741211,125.27999877929688,126.76000213623048,5859600,100.90911102294922
2018-04-26,126.62000274658205,129.22000122070312,126.62000274658205,128.00999450683594,8211100,101.9041748046875
2018-04-27,127.7300033569336,128.7899932861328,127.5,128.27000427246094,4266800,102.11116790771484
2018-04-30,128.86000061035156,128.97999572753906,126.48999786376952,126.48999786376952,8219400,100.69418334960938
2018-05-01,126.31999969482422,126.63999938964844,124.97000122070312,126.01000213623048,5122600,100.31206512451172
2018-05-02,125.5199966430664,126.18000030517578,123.1999969482422,123.5,7390800,98.3139419555664
2018-05-03,123.3000030517578,123.69000244140624,121.27999877929688,123.02999877929688,7282900,97.93976593017578
2018-05-04,122.5999984741211,124.51000213623048,121.8000030517578,124.19000244140624,6127600,98.86321258544922
2018-05-07,124.13999938964844,125.23999786376952,123.31999969482422,123.58999633789062,6707900,98.38558959960938
2018-05-08,122.86000061035156,123.48999786376952,121.69000244140624,122.61000061035156,5951800,97.60543060302734
2018-05-09,122.98999786376952,124.0500030517578,122.52999877929688,123.51000213623048,6808600,98.32191467285156
2018-05-10,124.22000122070312,126.0500030517578,124.0,125.3499984741211,4948000,99.78662872314452
2018-05-11,125.7699966430664,127.5999984741211,125.76000213623048,127.23999786376952,5716700,101.29122161865234
2018-05-14,127.3499984741211,127.61000061035156,125.5999984741211,126.05999755859376,6101600,100.35187530517578
2018-05-15,125.54000091552734,125.83000183105467,124.4000015258789,125.12999725341795,5875700,99.61151123046876
2018-05-16,125.44000244140624,125.9000015258789,125.0,125.3499984741211,3818100,99.78662872314452
2018-05-17,125.48999786376952,125.58999633789062,123.5500030517578,123.8499984741211,6473400,98.59254455566406
2018-05-18,123.77999877929688,124.44000244140624,123.27999877929688,124.23999786376952,5433900,98.9030303955078
2018-05-21,124.62000274658205,124.98999786376952,123.31999969482422,123.72000122070312,5558700,98.48906707763672
2018-05-22,123.8000030517578,124.23999786376952,122.76000213623048,122.91000366210938,7172700,97.8442611694336
2018-05-23,122.87000274658205,123.97000122070312,122.73999786376952,123.4499969482422,4940800,98.2741241455078
2018-05-24,123.22000122070312,123.38999938964844,121.5500030517578,122.25,6923600,97.31885528564452
2018-05-25,121.55999755859376,122.8000030517578,121.12999725341795,121.47000122070312,4594800,97.41510772705078
2018-05-29,120.5,120.8000030517578,118.62000274658205,119.4000015258789,9821900,95.75498962402344
2018-05-30,120.12000274658205,121.58000183105467,119.54000091552734,120.97000122070312,6423700,97.0141143798828
2018-05-31,120.91999816894533,121.25,119.54000091552734,119.62000274658205,10337500,95.9314422607422
2018-06-01,120.37999725341795,121.31999969482422,119.97000122070312,121.26000213623048,5741000,97.2466812133789
2018-06-04,121.8499984741211,122.37000274658205,121.0199966430664,121.9499969482422,4853000,97.80004119873048
2018-06-05,122.0500030517578,122.55999755859376,120.9000015258789,121.4800033569336,5125400,97.42311096191406
2018-06-06,121.97000122070312,122.79000091552734,121.45999908447266,122.79000091552734,6799300,98.47370147705078
2018-06-07,123.0,123.48999786376952,122.2699966430664,123.33000183105467,7414100,98.9067611694336
2018-06-08,123.36000061035156,124.8499984741211,123.33000183105467,124.05999755859376,6208100,99.49217987060548
2018-06-11,124.2699966430664,124.33999633789062,122.5500030517578,122.66000366210938,5571400,98.36945343017578
2018-06-12,123.16000366210938,123.18000030517578,121.9499969482422,122.54000091552734,5227300,98.27320098876952
2018-06-13,123.1500015258789,124.08999633789062,122.45999908447266,122.62999725341795,5836900,98.34536743164062
2018-06-14,122.70999908447266,123.1500015258789,122.08999633789062,122.41000366210938,5239200,98.16893768310548
2018-06-15,122.0999984741211,122.7300033569336,121.23999786376952,122.61000061035156,13173500,98.32933044433594
2018-06-18,121.61000061035156,121.80999755859376,120.25,121.31999969482422,6787400,97.29480743408205
2018-06-19,120.66000366210938,123.16999816894533,120.56999969482422,122.56999969482422,8572400,98.2972412109375
2018-06-20,122.41999816894533,122.66000366210938,121.66000366210938,122.04000091552734,6277200,97.8722152709961
2018-06-21,121.83000183105467,122.23999786376952,121.11000061035156,121.4499969482422,4417200,97.3990478515625
2018-06-22,121.68000030517578,123.37999725341795,121.6500015258789,122.83999633789062,9501400,98.51378631591795
2018-06-25,122.81999969482422,123.43000030517578,121.51000213623048,122.58999633789062,8170500,98.31329345703124
2018-06-26,122.48999786376952,122.88999938964844,121.5999984741211,122.3499984741211,5496400,98.1208267211914
2018-06-27,122.12999725341795,122.97000122070312,121.4499969482422,121.61000061035156,5666000,97.52737426757812
2018-06-28,121.77999877929688,122.41000366210938,121.06999969482422,122.0,5296800,97.84014892578124
2018-06-29,122.23999786376952,123.18000030517578,121.19000244140624,121.33999633789062,7308700,97.3108367919922
2018-07-02,121.33999633789062,121.7300033569336,120.11000061035156,121.58000183105467,5481400,97.50334167480467
2018-07-03,121.6500015258789,123.45999908447266,121.26000213623048,122.70999908447266,4248100,98.40951538085938
2018-07-05,123.5999984741211,125.12000274658205,123.2300033569336,125.0,7319100,100.24604034423828
2018-07-06,125.16000366210938,125.91999816894533,124.61000061035156,125.75,7297900,100.84752655029295
2018-07-09,126.22000122070312,126.75,125.5999984741211,126.0500030517578,6706100,101.08809661865234
2018-07-10,126.37000274658205,127.5199966430664,126.11000061035156,127.37999725341795,5075600,102.15472412109376
2018-07-11,127.41000366210938,127.44000244140624,126.05999755859376,126.23999786376952,4827400,101.24047088623048
2018-07-12,127.70999908447266,128.2100067138672,127.16999816894533,127.76000213623048,6199000,102.45948791503906
2018-07-13,125.31999969482422,127.5,125.31999969482422,125.93000030517578,8250200,100.99188995361328
2018-07-16,126.0,126.0999984741211,124.16000366210938,124.69000244140624,7314400,99.99742889404295
2018-07-17,128.52999877929688,130.5399932861328,127.55999755859376,129.11000061035156,12858700,103.54212188720705
2018-07-18,128.80999755859375,129.0500030517578,127.16999816894533,127.8000030517578,7152000,102.4915542602539
2018-07-19,127.52999877929688,127.6999969482422,125.87000274658205,125.94000244140624,5984600,100.99988555908205
2018-07-20,125.3000030517578,126.13999938964844,125.12000274658205,125.8499984741211,5835500,100.92771911621094
2018-07-23,125.75,126.68000030517578,125.4499969482422,126.62999725341795,4631100,101.55323791503906
2018-07-24,127.23999786376952,129.6199951171875,127.1500015258789,129.36000061035156,7158800,103.7426300048828
2018-07-25,129.13999938964844,129.22999572753906,127.6500015258789,128.6199951171875,6523000,103.14915466308594
2018-07-26,129.89999389648438,131.22000122070312,129.85000610351562,130.27999877929688,7640600,104.4804229736328
2018-07-27,129.97999572753906,132.27000427246094,129.94000244140625,131.5500030517578,6620400,105.4989242553711
2018-07-30,131.77999877929688,132.49000549316406,131.25,132.1699981689453,11013100,105.99614715576172
2018-07-31,132.27999877929688,132.63999938964844,131.77000427246094,132.52000427246094,7598900,106.27684020996094
2018-08-01,132.38999938964844,132.9600067138672,132.0800018310547,132.63999938964844,5770400,106.37306213378906
2018-08-02,132.88999938964844,133.0,131.08999633789062,131.25,6563300,105.25836181640624
2018-08-03,131.17999267578125,132.6999969482422,130.89999389648438,131.9499969482422,6498700,105.81971740722656
2018-08-06,131.63999938964844,132.52999877929688,131.00999450683594,132.02000427246094,5840000,105.87586212158205
2018-08-07,131.8800048828125,132.1699981689453,131.3000030517578,131.4600067138672,4664600,105.42676544189452
2018-08-08,131.49000549316406,131.8000030517578,130.88999938964844,131.1699981689453,3721500,105.19418334960938
2018-08-09,131.5399932861328,131.72000122070312,130.6699981689453,131.1999969482422,4057800,105.21825408935548
2018-08-10,131.19000244140625,131.6300048828125,130.25999450683594,130.75,4324000,104.85736846923828
2018-08-13,130.72000122070312,130.89999389648438,129.85000610351562,130.22000122070312,3778000,104.43230438232422
2018-08-14,129.6699981689453,130.47000122070312,129.35000610351562,129.5,4542800,103.85491180419922
2018-08-15,129.75,130.74000549316406,128.92999267578125,130.42999267578125,5377300,104.60072326660156
2018-08-16,131.02000427246094,132.8800048828125,130.57000732421875,132.47999572753906,7861500,106.24476623535156
2018-08-17,132.4499969482422,135.0,132.19000244140625,134.47000122070312,6700900,107.84068298339844
2018-08-20,134.92999267578125,137.1199951171875,134.0,136.8800048828125,7935000,109.77345275878906
2018-08-21,137.0,137.42999267578125,135.3000030517578,135.35000610351562,5832100,108.54637908935548
2018-08-22,135.55999755859375,135.67999267578125,134.4199981689453,134.61000061035156,4688400,107.95294952392578
2018-08-23,134.61000061035156,135.49000549316406,134.10000610351562,135.11000061035156,5057600,108.35391998291016
2018-08-24,135.11000061035156,136.14999389648438,134.8300018310547,135.9499969482422,4809400,109.02758026123048
2018-08-27,135.5,136.0500030517578,134.2100067138672,134.9199981689453,4325900,108.92264556884766
2018-08-28,134.77999877929688,134.89999389648438,133.88999938964844,134.32000732421875,6037500,108.4382553100586
2018-08-29,134.32000732421875,134.94000244140625,133.94000244140625,134.86000061035156,4648700,108.87417602539062
2018-08-30,134.6999969482422,135.60000610351562,134.60000610351562,134.9499969482422,4821900,108.9468765258789
2018-08-31,134.60000610351562,135.0,133.97000122070312,134.69000244140625,6139500,108.73696899414062
2018-09-04,134.69000244140625,134.75,133.44000244140625,133.72000122070312,4406800,107.95387268066406
2018-09-05,133.47999572753906,135.94000244140625,133.4600067138672,135.86000061035156,6174800,109.6815185546875
2018-09-06,135.5,137.30999755859375,135.17999267578125,136.8699951171875,6562000,110.49691772460938
2018-09-07,136.77999877929688,137.69000244140625,135.75,137.32000732421875,6375200,110.86021423339844
2018-09-10,137.52999877929688,138.47000122070312,137.05999755859375,137.2100067138672,4892200,110.77141571044922
2018-09-11,137.63999938964844,138.91000366210938,137.22000122070312,138.50999450683594,7856800,111.82087707519533
2018-09-12,138.89999389648438,139.99000549316406,138.55999755859375,139.36000061035156,6767700,112.5071029663086
2018-09-13,139.88999938964844,140.47999572753906,139.02000427246094,139.88999938964844,6456100,112.93499755859376
2018-09-14,140.0,140.35000610351562,139.10000610351562,139.49000549316406,4534800,112.61204528808594
2018-09-17,139.3300018310547,140.39999389648438,139.17999267578125,139.9600067138672,5295500,112.99151611328124
2018-09-18,140.27000427246094,140.83999633789062,139.8300018310547,140.5399932861328,4581200,113.4597396850586
2018-09-19,140.75999450683594,140.99000549316406,140.0500030517578,140.4600067138672,5049900,113.3951416015625
2018-09-20,140.82000732421875,142.13999938964844,140.50999450683594,141.97999572753906,5019300,114.62228393554688
2018-09-21,142.17999267578125,143.1300048828125,141.69000244140625,142.8800048828125,13283400,115.34886169433594
2018-09-24,142.10000610351562,142.5,140.22999572753906,140.47000122070312,6708000,113.40325927734376
2018-09-25,140.52999877929688,140.9600067138672,138.39999389648438,138.63999938964844,7982800,111.92584991455078
2018-09-26,138.9499969482422,140.0,137.9600067138672,138.16000366210938,7133300,111.5383529663086
2018-09-27,138.4499969482422,139.5800018310547,137.57000732421875,138.22000122070312,6450500,111.5867919921875
2018-09-28,138.10000610351562,138.55999755859375,137.41000366210938,138.1699981689453,6638500,111.54641723632812
2018-10-01,138.25999450683594,139.85000610351562,138.0,139.69000244140625,4871800,112.77352142333984
2018-10-02,139.7899932861328,140.72999572753906,139.64999389648438,140.47999572753906,6439100,113.41129302978516
2018-10-03,140.5399932861328,141.27000427246094,138.8800048828125,139.02999877929688,5411800,112.24068450927734
2018-10-04,138.5500030517578,139.52999877929688,137.32000732421875,139.35000610351562,4738700,112.49906158447266
2018-10-05,139.8000030517578,140.25,138.55999755859375,139.10000610351562,4309300,112.29720306396484
2018-10-08,138.89999389648438,139.67999267578125,138.6199951171875,139.38999938964844,5174100,112.53134155273438
2018-10-09,138.74000549316406,139.6199951171875,137.80999755859375,139.1999969482422,4475300,112.37793731689452
2018-10-10,139.35000610351562,140.4600067138672,137.72999572753906,137.72999572753906,7265600,111.19121551513672
2018-10-11,137.91000366210938,138.66000366210938,132.8800048828125,133.83999633789062,11603200,108.0507354736328
2018-10-12,134.39999389648438,134.41000366210938,132.22999572753906,133.8699951171875,6998000,108.0749740600586
2018-10-15,133.8800048828125,135.3000030517578,133.50999450683594,133.9499969482422,6398700,108.1395492553711
2018-10-16,134.75,137.99000549316406,134.75,136.55999755859375,9592800,110.24662017822266
2018-10-17,136.22999572753906,140.0,136.2100067138672,139.4600067138672,8261100,112.58785247802734
2018-10-18,139.1999969482422,139.80999755859375,137.7100067138672,139.5,7583900,112.62010955810548
2018-10-19,138.33999633789062,140.0,137.91000366210938,139.0500030517578,5924800,112.25686645507812
2018-10-22,138.61000061035156,139.25999450683594,138.13999938964844,138.67999267578125,4864300,111.95811462402344
2018-10-23,137.7899932861328,139.49000549316406,137.4499969482422,138.92999267578125,8282700,112.15996551513672
2018-10-24,138.52000427246094,140.11000061035156,137.1699981689453,137.47000122070312,8279200,110.98129272460938
2018-10-25,137.4600067138672,139.08999633789062,135.0500030517578,138.47000122070312,9720700,111.7886199951172
2018-10-26,137.94000244140625,139.3000030517578,135.3300018310547,136.97000122070312,11371400,110.57762908935548
2018-10-29,136.99000549316406,139.10000610351562,136.22000122070312,137.5500030517578,6783000,111.04586029052734
2018-10-30,137.92999267578125,141.10000610351562,137.0,140.75,9646200,113.62928009033205
2018-10-31,141.0,141.42999267578125,139.61000061035156,139.99000549316406,9968900,113.01570892333984
2018-11-01,140.07000732421875,141.5800018310547,139.85000610351562,140.82000732421875,6913500,113.6857681274414
2018-11-02,141.97000122070312,142.0,139.66000366210938,140.67999267578125,7673200,113.57275390625
2018-11-05,141.0,142.74000549316406,139.0,142.1999969482422,5601400,114.79986572265624
2018-11-06,141.52999877929688,142.8300018310547,141.05999755859375,142.57000732421875,5798900,115.09860229492188
2018-11-07,143.10000610351562,144.8699951171875,142.97000122070312,144.75,7173600,116.85853576660156
2018-11-08,144.30999755859375,145.7899932861328,144.0,145.3000030517578,5497100,117.30252838134766
2018-11-09,145.0399932861328,145.74000549316406,144.3800048828125,145.33999633789062,5343100,117.33483123779295
2018-11-12,144.99000549316406,146.24000549316406,144.72999572753906,145.6199951171875,7013600,117.5609130859375
2018-11-13,146.19000244140625,146.75,143.4199981689453,144.67999267578125,7432300,116.80199432373048
2018-11-14,145.02000427246094,145.30999755859375,143.55999755859375,144.25,6433100,116.45487213134766
2018-11-15,143.41000366210938,144.50999450683594,142.47999572753906,144.5,6657900,116.6566925048828
2018-11-16,144.7100067138672,146.74000549316406,144.5500030517578,145.99000549316406,8494300,117.85960388183594
2018-11-19,146.42999267578125,148.44000244140625,146.3699951171875,147.72999572753906,8714600,119.26433563232422
2018-11-20,147.5,148.75,146.35000610351562,146.4499969482422,8937700,118.2309341430664
2018-11-21,146.22999572753906,146.22999572753906,140.77999877929688,141.99000549316406,10275400,114.63034057617188
2018-11-23,141.85000610351562,142.72999572753906,141.60000610351562,142.22999572753906,3404900,114.8241195678711
2018-11-26,142.0,142.0500030517578,140.72000122070312,141.3699951171875,7590900,114.85661315917967
2018-11-27,140.57000732421875,143.35000610351562,139.66000366210938,143.22000122070312,5962100,116.3596420288086
2018-11-28,143.8300018310547,146.55999755859375,143.36000061035156,146.44000244140625,8411400,118.97576904296876
2018-11-29,145.6199951171875,147.1999969482422,144.83999633789062,145.85000610351562,6900000,118.49640655517578
2018-11-30,145.33999633789062,147.0,145.10000610351562,146.89999389648438,12517600,119.34944915771484
2018-12-03,145.57000732421875,146.6300048828125,144.94000244140625,146.2100067138672,8827200,118.78887176513672
2018-12-04,146.32000732421875,148.99000549316406,145.82000732421875,146.02999877929688,9803500,118.64265441894533
2018-12-06,144.5,146.4499969482422,142.7899932861328,145.91000366210938,11572500,118.54515838623048
2018-12-07,145.49000549316406,147.33999633789062,144.1199951171875,145.42999267578125,9444500,118.15518951416016
2018-12-10,145.38999938964844,145.8800048828125,142.3800048828125,145.25999450683594,6848100,118.01701354980467
2018-12-11,146.2899932861328,148.2100067138672,145.7899932861328,146.5,9857400,119.0245132446289
2018-12-12,147.0,148.49000549316406,147.0,147.10000610351562,8869200,119.51199340820312
2018-12-13,146.9600067138672,148.58999633789062,146.8000030517578,147.83999633789062,6008300,120.11319732666016
2018-12-14,144.33999633789062,145.3800048828125,130.1999969482422,133.0,58140200,108.0563735961914
2018-12-17,128.32000732421875,131.64999389648438,126.83000183105467,129.13999938964844,36933100,104.92029571533205
2018-12-18,132.0500030517578,132.8000030517578,129.1999969482422,130.4199981689453,24640100,105.96023559570312
2018-12-19,129.8699951171875,131.35000610351562,127.08999633789062,127.61000061035156,21232100,103.6772232055664
2018-12-20,127.72000122070312,129.75,126.76000213623048,128.27000427246094,16609600,104.21347045898438
2018-12-21,127.8000030517578,130.60000610351562,127.12000274658205,128.08999633789062,19732900,104.06720733642578
2018-12-24,127.3000030517578,128.0,121.0,122.83999633789062,7531900,99.80182647705078
2018-12-26,123.41999816894533,126.76000213623048,122.01000213623048,126.70999908447266,9253000,102.9460220336914
2018-12-27,125.87000274658205,127.41000366210938,123.06999969482422,127.41000366210938,9918700,103.5147705078125
2018-12-28,127.91000366210938,128.75,126.75,127.2699966430664,6537200,103.4010009765625
2018-12-31,128.17999267578125,129.5500030517578,127.41999816894533,129.0500030517578,7409900,104.84718322753906
2019-01-02,128.1300048828125,128.3800048828125,126.27999877929688,127.75,7631700,103.7909698486328
2019-01-03,128.13999938964844,128.27000427246094,125.36000061035156,125.72000122070312,8654500,102.14171600341795
2019-01-04,127.12000274658205,128.64999389648438,126.7300033569336,127.83000183105467,8831700,103.8559799194336
2019-01-07,127.62999725341795,128.35000610351562,126.8000030517578,127.01000213623048,8404700,103.18976593017578
2019-01-08,128.17999267578125,130.5,127.7300033569336,129.9600067138672,9351600,105.58651733398438
2019-01-09,129.8300018310547,130.24000549316406,128.3300018310547,128.92999267578125,7403500,104.74964904785156
2019-01-10,127.69000244140624,129.88999938964844,127.69000244140624,129.7100067138672,6224400,105.38339233398438
2019-01-11,129.0,129.83999633789062,128.30999755859375,129.75,5300400,105.41588592529295
2019-01-14,128.74000549316406,128.9600067138672,127.58999633789062,128.27999877929688,7374400,104.2215805053711
2019-01-15,128.52000427246094,129.49000549316406,127.6500015258789,129.36000061035156,5194400,105.09906005859376
2019-01-16,129.41000366210938,129.41000366210938,127.9000015258789,128.0399932861328,6264200,104.02659606933594
2019-01-17,127.70999908447266,129.52000427246094,127.45999908447266,129.08999633789062,7632000,104.8796615600586
2019-01-18,129.89999389648438,131.17999267578125,129.4499969482422,130.69000244140625,10593000,106.1795883178711
2019-01-22,128.1999969482422,129.5,127.01000213623048,128.8000030517578,10568100,104.64405822753906
2019-01-23,128.5,129.3000030517578,127.93000030517578,128.8000030517578,9267800,104.64405822753906
2019-01-24,128.49000549316406,128.6999969482422,125.0,127.02999877929688,9917000,103.20601654052734
2019-01-25,128.1300048828125,128.4499969482422,127.02999877929688,128.22999572753906,7585100,104.18093872070312
2019-01-28,127.80999755859376,129.14999389648438,127.29000091552734,128.99000549316406,6927700,104.79843139648438
2019-01-29,128.9499969482422,130.47000122070312,128.5,130.3300018310547,6669300,105.88710021972656
2019-01-30,130.3699951171875,132.19000244140625,130.3000030517578,131.63999938964844,7299300,106.9514389038086
2019-01-31,131.6300048828125,135.19000244140625,130.8699951171875,133.0800018310547,17298100,108.12136840820312
2019-02-01,134.02000427246094,134.69000244140625,133.47000122070312,134.1999969482422,9575200,109.03131103515624
2019-02-04,133.9600067138672,134.14999389648438,132.2100067138672,132.8800048828125,7759000,107.9588623046875
2019-02-05,133.52000427246094,133.8800048828125,132.75,132.8800048828125,6449800,107.9588623046875
2019-02-06,133.0800018310547,133.57000732421875,132.3000030517578,133.0,5066100,108.0563735961914
2019-02-07,132.4499969482422,132.63999938964844,131.52999877929688,132.0500030517578,6085300,107.28453826904295
2019-02-08,131.9499969482422,132.4600067138672,131.5399932861328,132.39999389648438,4436700,107.5688934326172
2019-02-11,132.30999755859375,132.6699981689453,131.25999450683594,132.0,4962200,107.24392700195312
2019-02-12,132.0800018310547,134.3000030517578,132.0800018310547,134.16000366210938,6262300,108.99881744384766
2019-02-13,134.07000732421875,134.97999572753906,133.2100067138672,134.4499969482422,7902200,109.23441314697266
2019-02-14,134.3000030517578,134.82000732421875,133.35000610351562,134.30999755859375,3910400,109.12068176269533
2019-02-15,135.19000244140625,136.41000366210938,135.00999450683594,136.3800048828125,6665000,110.80245208740234
2019-02-19,136.13999938964844,136.3800048828125,135.6300048828125,135.69000244140625,5935500,110.24185943603516
2019-02-20,135.97000122070312,136.72999572753906,135.72999572753906,136.35000610351562,6089800,110.7780990600586
2019-02-21,134.97999572753906,135.7899932861328,134.27000427246094,135.4199981689453,6665500,110.0225067138672
2019-02-22,135.2899932861328,136.63999938964844,134.82000732421875,136.60000610351562,5223900,110.98120880126952
2019-02-25,136.35000610351562,137.49000549316406,135.86000061035156,136.1999969482422,6846600,111.3900909423828
2019-02-26,136.44000244140625,136.9600067138672,136.0500030517578,136.11000061035156,5106900,111.31647491455078
2019-02-27,135.52000427246094,136.25,135.38999938964844,135.8699951171875,4378100,111.12022399902344
2019-02-28,135.9499969482422,137.9499969482422,135.69000244140625,136.63999938964844,10133200,111.74996948242188
2019-03-01,137.22000122070312,138.61000061035156,137.00999450683594,138.35000610351562,5641600,113.14849090576172
2019-03-04,138.85000610351562,139.41000366210938,137.50999450683594,138.47999572753906,8377700,113.2547836303711
2019-03-05,138.80999755859375,139.13999938964844,138.36000061035156,138.77000427246094,6568900,113.49198150634766
2019-03-06,139.47000122070312,139.64999389648438,138.60000610351562,139.08999633789062,6236900,113.75369262695312
2019-03-07,138.52999877929688,139.1199951171875,137.6999969482422,138.24000549316406,6100400,113.05851745605467
2019-03-08,138.08999633789062,139.3000030517578,136.4199981689453,138.05999755859375,7046700,112.91130065917967
2019-03-11,138.11000061035156,139.02999877929688,137.52000427246094,138.55999755859375,6150400,113.32024383544922
2019-03-12,138.64999389648438,140.0,138.5,139.17999267578125,5552900,113.8272705078125
2019-03-13,139.58999633789062,139.83999633789062,139.02000427246094,139.41000366210938,6446900,114.01541137695312
2019-03-14,138.33999633789062,138.8000030517578,137.94000244140625,138.02000427246094,8493600,112.87860870361328
2019-03-15,138.0,138.25999450683594,136.8300018310547,137.60000610351562,11922500,112.53510284423828
2019-03-18,137.64999389648438,137.77999877929688,136.72000122070312,137.1699981689453,7369600,112.18341064453124
2019-03-19,137.61000061035156,138.82000732421875,137.47000122070312,138.44000244140625,5882500,113.22209930419922
2019-03-20,138.3300018310547,138.50999450683594,136.64999389648438,137.2899932861328,5475700,112.28155517578124
2019-03-21,137.0,138.77999877929688,136.9499969482422,138.10000610351562,5765100,112.94401550292967
2019-03-22,137.75,138.38999938964844,136.86000061035156,136.91000366210938,6528800,111.97077178955078
2019-03-25,136.91000366210938,137.00999450683594,135.74000549316406,136.61000061035156,4500300,111.72543334960938
2019-03-26,136.92999267578125,139.27000427246094,136.92999267578125,138.57000732421875,4758600,113.32842254638672
2019-03-27,138.58999633789062,139.47999572753906,138.07000732421875,138.6999969482422,6764900,113.43473052978516
2019-03-28,139.05999755859375,139.4600067138672,138.7100067138672,138.8800048828125,4602100,113.58195495605467
2019-03-29,139.27999877929688,139.8800048828125,138.8800048828125,139.7899932861328,7168400,114.32615661621094
2019-04-01,139.99000549316406,140.2899932861328,138.74000549316406,138.97999572753906,5885200,113.6637191772461
2019-04-02,139.00999450683594,139.00999450683594,136.91000366210938,137.7100067138672,5517800,112.62507629394533
2019-04-03,138.1999969482422,138.24000549316406,136.8699951171875,137.1699981689453,5947000,112.18341064453124
2019-04-04,136.8699951171875,137.00999450683594,135.1300048828125,135.57000732421875,5844600,110.8748779296875
2019-04-05,136.0399932861328,136.5800018310547,135.6999969482422,136.17999267578125,4759700,111.3737564086914
2019-04-08,136.0500030517578,136.50999450683594,135.6999969482422,136.13999938964844,4329600,111.341064453125
2019-04-09,136.0,136.25999450683594,134.55999755859375,135.57000732421875,5210300,110.8748779296875
2019-04-10,135.88999938964844,136.1300048828125,135.3300018310547,135.5800018310547,4194100,110.88306427001952
2019-04-11,135.9600067138672,136.17999267578125,134.4199981689453,135.2100067138672,4485200,110.58048248291016
2019-04-12,135.22000122070312,136.35000610351562,134.75,135.97999572753906,5756800,111.21016693115234
2019-04-15,136.0,136.7899932861328,135.8000030517578,136.52000427246094,5380900,111.65181732177734
2019-04-16,138.32000732421875,140.6999969482422,137.55999755859375,138.02000427246094,10745700,112.87860870361328
2019-04-17,139.0,140.14999389648438,137.6699981689453,138.52000427246094,9543700,113.28751373291016
2019-04-18,139.35000610351562,140.24000549316406,135.75,137.52000427246094,10485300,112.46968841552734
2019-04-22,136.97999572753906,138.49000549316406,136.4600067138672,137.8300018310547,4666500,112.72320556640624
2019-04-23,137.4199981689453,140.85000610351562,137.25,139.89999389648438,5790500,114.4161376953125
2019-04-24,139.64999389648438,140.13999938964844,138.86000061035156,139.1999969482422,5676300,113.84361267089844
2019-04-25,138.52000427246094,139.77000427246094,137.9600067138672,139.64999389648438,5218100,114.21170043945312
2019-04-26,139.8800048828125,140.52000427246094,139.30999755859375,140.38999938964844,4613600,114.81688690185548
2019-04-29,140.35000610351562,140.42999267578125,139.5800018310547,139.83999633789062,4275200,114.3670654296875
2019-04-30,140.19000244140625,141.4499969482422,138.9600067138672,141.1999969482422,6003700,115.47930908203124
2019-05-01,140.9499969482422,142.35000610351562,139.75,141.9499969482422,6656300,116.0927505493164
2019-05-02,141.91000366210938,142.14999389648438,140.1199951171875,141.27999877929688,8835600,115.54474639892578
2019-05-03,141.2899932861328,142.08999633789062,141.0800018310547,142.00999450683594,5281600,116.14176940917967
2019-05-06,140.25,142.24000549316406,139.92999267578125,142.08999633789062,5818900,116.20719146728516
2019-05-07,140.82000732421875,141.3800048828125,139.05999755859375,139.97000122070312,6606700,114.47338104248048
2019-05-08,140.1999969482422,140.9199981689453,139.6999969482422,139.7899932861328,4667300,114.32615661621094
2019-05-09,138.9499969482422,139.32000732421875,137.63999938964844,138.72999572753906,5604200,113.45926666259766
2019-05-10,138.42999267578125,139.25,136.41000366210938,139.0500030517578,4771600,113.72093200683594
2019-05-13,137.85000610351562,138.05999755859375,136.52999877929688,137.1999969482422,5560000,112.2079620361328
2019-05-14,137.0399932861328,137.83999633789062,136.72999572753906,136.82000732421875,7179400,111.8971939086914
2019-05-15,136.89999389648438,137.49000549316406,135.3300018310547,136.91000366210938,6429400,111.97077178955078
2019-05-16,137.38999938964844,139.19000244140625,136.97000122070312,138.2100067138672,6857200,113.03398895263672
2019-05-17,137.0,139.02999877929688,136.86000061035156,138.61000061035156,6915300,113.36113739013672
2019-05-20,138.61000061035156,138.9600067138672,137.67999267578125,138.4199981689453,4771100,113.20571899414062
2019-05-21,139.1199951171875,139.57000732421875,138.0800018310547,138.1199951171875,4859000,112.96035766601562
2019-05-22,138.35000610351562,138.9499969482422,137.49000549316406,138.75999450683594,5456800,113.48380279541016
2019-05-23,138.5,139.85000610351562,137.6699981689453,139.7899932861328,6951800,114.32615661621094
2019-05-24,139.5,139.5,138.55999755859375,138.85000610351562,5473300,114.33441162109376
2019-05-28,139.0,140.49000549316406,137.0500030517578,137.07000732421875,11919600,112.86869049072266
2019-05-29,135.88999938964844,135.88999938964844,128.52000427246094,131.3300018310547,23247400,108.14215087890624
2019-05-30,131.44000244140625,132.82000732421875,131.1699981689453,132.11000061035156,7360600,108.78441619873048
2019-05-31,131.52000427246094,132.0,129.61000061035156,131.14999389648438,7811000,107.99391174316406
2019-06-03,131.5,132.39999389648438,131.0399932861328,131.44000244140625,8434600,108.23269653320312
2019-06-04,132.60000610351562,134.3000030517578,132.5800018310547,133.72999572753906,6648900,110.11839294433594
2019-06-05,134.6999969482422,135.1300048828125,133.86000061035156,134.3800048828125,6860600,110.65364074707033
2019-06-06,134.89999389648438,137.66000366210938,134.58999633789062,136.67999267578125,9115800,112.54753112792967
2019-06-07,137.58999633789062,139.58999633789062,137.13999938964844,138.5500030517578,6533900,114.08739471435548
2019-06-10,138.60000610351562,139.14999389648438,137.60000610351562,139.02000427246094,4994700,114.47439575195312
2019-06-11,139.67999267578125,140.66000366210938,139.5,139.77999877929688,8230500,115.10020446777344
2019-06-12,140.3000030517578,142.91000366210938,140.3000030517578,141.67999267578125,9216500,116.66473388671876
2019-06-13,141.72000122070312,141.9499969482422,140.2100067138672,140.7100067138672,7500800,115.86602783203124
2019-06-14,141.22999572753906,141.49000549316406,140.0399932861328,140.08999633789062,6548100,115.35546112060548
2019-06-17,140.0,140.24000549316406,139.2100067138672,139.44000244140625,5562800,114.82024383544922
2019-06-18,140.55999755859375,140.92999267578125,139.7899932861328,140.22999572753906,7122700,115.47076416015624
2019-06-19,140.00999450683594,140.97000122070312,139.91000366210938,140.4499969482422,6393400,115.65191650390624
2019-06-20,141.25,142.39999389648438,141.0,142.2100067138672,7335800,117.10116577148438
2019-06-21,141.4600067138672,142.42999267578125,141.00999450683594,142.08999633789062,11272200,117.0023422241211
2019-06-24,142.4199981689453,143.6999969482422,142.08999633789062,143.05999755859375,5894700,117.80105590820312
2019-06-25,143.27000427246094,144.97999572753906,143.19000244140625,144.24000549316406,7517000,118.77275848388672
2019-06-26,143.85000610351562,143.85000610351562,140.75999450683594,141.85000610351562,7674100,116.80474853515624
2019-06-27,142.22999572753906,142.5,140.60000610351562,140.69000244140625,5233500,115.8495635986328
2019-06-28,140.74000549316406,141.10000610351562,138.50999450683594,139.27999877929688,12792400,114.68848419189452
2019-07-01,140.1999969482422,140.25999450683594,138.72000122070312,139.36000061035156,5872300,114.7543487548828
2019-07-02,139.22000122070312,140.02999877929688,138.69000244140625,140.02999877929688,4501200,115.30606842041016
2019-07-03,141.0,142.17999267578125,140.7899932861328,142.13999938964844,3436300,117.04353332519533
2019-07-05,141.74000549316406,141.86000061035156,140.3699951171875,140.57000732421875,4652400,115.750732421875
2019-07-08,140.1199951171875,141.0800018310547,139.63999938964844,140.97000122070312,4078100,116.080078125
2019-07-09,141.4600067138672,142.47000122070312,140.91000366210938,141.41000366210938,4217400,116.44241333007812
2019-07-10,141.77999877929688,141.99000549316406,140.6699981689453,141.2100067138672,4874400,116.2777099609375
2019-07-11,140.94000244140625,141.2100067138672,139.02000427246094,140.11000061035156,5817400,115.37193298339844
2019-07-12,140.1199951171875,140.1199951171875,132.32000732421875,134.3000030517578,17780100,110.5877456665039
2019-07-15,135.38999938964844,136.36000061035156,134.4499969482422,134.7100067138672,10038200,110.9253921508789
2019-07-16,132.92999267578125,133.8300018310547,131.75,132.5,10214500,109.10558319091795
2019-07-17,132.49000549316406,133.5800018310547,131.41000366210938,131.86000061035156,8862100,108.5785675048828
2019-07-18,132.1300048828125,132.50999450683594,131.1699981689453,132.07000732421875,6203100,108.75149536132812
2019-07-19,132.25,132.38999938964844,130.19000244140625,130.30999755859375,8340200,107.30223846435548
2019-07-22,130.0,130.14999389648438,127.83999633789062,128.63999938964844,12624800,105.9271011352539
2019-07-23,128.61000061035156,129.4499969482422,128.16000366210938,128.83999633789062,5803600,106.09178161621094
2019-07-24,128.8800048828125,129.7899932861328,128.57000732421875,129.77999877929688,6838600,106.86581420898438
2019-07-25,130.05999755859375,131.52999877929688,129.6699981689453,131.1199951171875,8897800,107.96920776367188
2019-07-26,131.3000030517578,131.3000030517578,130.49000549316406,130.72999572753906,4894600,107.64808654785156
2019-07-29,131.0,133.30999755859375,130.2100067138672,133.02000427246094,7832000,109.53375244140624
2019-07-30,132.47000122070312,132.49000549316406,131.27000427246094,132.0800018310547,5509600,108.75975799560548
2019-07-31,131.63999938964844,132.0,130.17999267578125,130.22000122070312,8559200,107.2281265258789
2019-08-01,130.25999450683594,130.74000549316406,129.02000427246094,130.2899932861328,7870700,107.2857666015625
2019-08-02,130.86000061035156,131.47000122070312,129.77000427246094,131.07000732421875,6574900,107.92805480957033
2019-08-05,130.91000366210938,131.4600067138672,129.00999450683594,130.16000366210938,9480000,107.17870330810548
2019-08-06,130.33999633789062,131.22000122070312,129.58999633789062,130.77000427246094,7880600,107.6810073852539
2019-08-07,129.36000061035156,130.91000366210938,128.19000244140625,130.2100067138672,6771700,107.21988677978516
2019-08-08,130.97999572753906,131.9499969482422,130.22999572753906,131.67999267578125,5260500,108.43034362792967
2019-08-09,131.8000030517578,132.75999450683594,131.22999572753906,132.0399932861328,4677300,108.7267608642578
2019-08-12,131.5,132.6999969482422,131.2899932861328,131.92999267578125,6852100,108.63617706298828
2019-08-13,132.3000030517578,134.10000610351562,132.0,133.4199981689453,5013200,109.86312866210938
2019-08-14,132.52999877929688,132.5399932861328,130.1300048828125,130.25999450683594,7736200,107.26106262207033
2019-08-15,130.1699981689453,131.07000732421875,129.25,130.5399932861328,7251200,107.49163055419922
2019-08-16,131.47000122070312,131.6699981689453,130.60000610351562,131.36000061035156,5858900,108.1668472290039
2019-08-19,132.5,132.57000732421875,131.82000732421875,132.25,4958000,108.89971923828124
2019-08-20,131.9600067138672,132.66000366210938,130.4600067138672,130.60000610351562,7302000,107.54104614257812
2019-08-21,131.6999969482422,132.41000366210938,130.85000610351562,131.52999877929688,6912800,108.3068389892578
2019-08-22,131.60000610351562,132.1300048828125,130.8000030517578,131.27000427246094,7213500,108.0927734375
2019-08-23,131.07000732421875,131.25999450683594,127.12999725341795,127.7300033569336,15714000,105.17778778076172
2019-08-26,127.41999816894533,128.0800018310547,126.62999725341795,127.8000030517578,8889500,106.02399444580078
2019-08-27,129.8800048828125,132.39999389648438,129.10000610351562,129.63999938964844,20183800,107.5504379272461
2019-08-28,127.86000061035156,128.8699951171875,127.01000213623048,128.67999267578125,9878800,106.75405883789062
2019-08-29,128.83999633789062,129.1999969482422,126.83000183105467,128.24000549316406,6749900,106.38899230957033
2019-08-30,128.27000427246094,129.10000610351562,127.62000274658205,128.36000061035156,7371100,106.48855590820312
2019-09-03,127.98999786376952,128.97999572753906,127.51000213623048,128.74000549316406,5710200,106.80379486083984
2019-09-04,129.49000549316406,129.58999633789062,128.0800018310547,128.86000061035156,4807200,106.90335845947266
2019-09-05,129.89999389648438,129.89999389648438,128.30999755859375,128.5800018310547,4754100,106.67106628417967
2019-09-06,128.8800048828125,129.22999572753906,128.07000732421875,128.2100067138672,6758300,106.36412811279295
2019-09-09,128.0,128.16000366210938,126.58999633789062,126.9499969482422,7684700,105.31880950927734
2019-09-10,127.33999633789062,129.5500030517578,126.33999633789062,129.5500030517578,8239500,107.47577667236328
2019-09-11,129.86000061035156,131.27999877929688,129.0800018310547,131.1699981689453,6203600,108.81973266601562
2019-09-12,131.36000061035156,131.77000427246094,130.05999755859375,130.42999267578125,5250000,108.20584106445312
2019-09-13,131.3300018310547,131.57000732421875,129.9600067138672,130.77999877929688,5369800,108.49620819091795
2019-09-16,130.11000061035156,130.75,129.3300018310547,129.5399932861328,5101700,107.4674835205078
2019-09-17,129.60000610351562,130.5,129.11000061035156,129.6699981689453,4976400,107.57535552978516
2019-09-18,129.89999389648438,130.55999755859375,128.77999877929688,130.41000366210938,4373600,108.1892547607422
2019-09-19,129.6300048828125,131.19000244140625,129.36000061035156,130.11000061035156,4730100,107.94033813476562
2019-09-20,131.0,132.0,130.2899932861328,131.64999389648438,12053100,109.21796417236328
2019-09-23,131.02000427246094,132.0500030517578,130.49000549316406,131.74000549316406,5183700,109.2926254272461
2019-09-24,132.10000610351562,132.77999877929688,131.33999633789062,131.5500030517578,7102600,109.135009765625
2019-09-25,131.5,131.57000732421875,130.22999572753906,130.99000549316406,4522900,108.67044830322266
2019-09-26,131.08999633789062,131.30999755859375,128.02999877929688,128.85000610351562,7545800,106.89505767822266
2019-09-27,128.61000061035156,129.39999389648438,126.6999969482422,128.60000610351562,6006500,106.68767547607422
2019-09-30,129.07000732421875,130.27999877929688,129.0,129.3800048828125,6552100,107.3347396850586
2019-10-01,130.02000427246094,130.8000030517578,129.77000427246094,129.99000549316406,7673000,107.8408432006836
2019-10-02,132.75999450683594,134.6999969482422,131.22000122070312,132.0,12051800,109.50833892822266
2019-10-03,131.63999938964844,132.3699951171875,130.00999450683594,131.19000244140625,6997600,108.83636474609376
2019-10-04,131.33999633789062,133.72000122070312,131.25,133.66000366210938,7233300,110.88545989990234
2019-10-07,133.08999633789062,133.82000732421875,132.13999938964844,133.16000366210938,5427200,110.47068786621094
2019-10-08,132.4499969482422,133.25999450683594,131.49000549316406,131.83999633789062,7870400,109.37560272216795
2019-10-09,131.13999938964844,131.25,128.52000427246094,129.22000122070312,7787700,107.2020263671875
2019-10-10,128.9499969482422,130.1199951171875,128.6300048828125,129.05999755859375,5119700,107.06929779052734
2019-10-11,131.13999938964844,132.6199951171875,130.82000732421875,131.3300018310547,7161400,108.95248413085938
2019-10-14,131.36000061035156,131.36000061035156,130.4199981689453,130.72000122070312,5700000,108.44641876220705
2019-10-15,133.0,134.25,132.10000610351562,132.83999633789062,10008800,110.20520782470705
2019-10-16,134.89999389648438,136.58999633789062,133.8000030517578,135.1699981689453,12434200,112.13819885253906
2019-10-17,135.9600067138672,137.49000549316406,135.64999389648438,136.1699981689453,8434000,112.9677963256836
2019-10-18,133.30999755859375,134.38999938964844,127.6999969482422,127.6999969482422,25868700,105.94100952148438
2019-10-21,128.6699981689453,129.6699981689453,127.05999755859376,128.02000427246094,13823600,106.20648193359376
2019-10-22,128.75999450683594,130.5399932861328,128.08999633789062,129.1999969482422,7613700,107.18541717529295
2019-10-23,129.66000366210938,130.47999572753906,129.07000732421875,129.89999389648438,6693400,107.7661590576172
2019-10-24,130.4199981689453,130.5800018310547,126.0999984741211,127.5,12111600,105.7751007080078
2019-10-25,127.83000183105467,129.10000610351562,127.30999755859376,128.35000610351562,6947300,106.48026275634766
2019-10-28,128.6199951171875,130.0,128.50999450683594,129.17999267578125,7876300,107.16883850097656
2019-10-29,129.6999969482422,129.97000122070312,128.55999755859375,129.1199951171875,4506300,107.11906433105467
2019-10-30,133.3000030517578,133.52999877929688,131.72999572753906,132.83999633789062,9627600,110.20520782470705
2019-10-31,132.3800048828125,132.83999633789062,130.88999938964844,132.0399932861328,7686700,109.54150390625
2019-11-01,132.0500030517578,133.0,131.13999938964844,131.1999969482422,5541800,108.84463500976562
2019-11-04,131.8000030517578,131.9499969482422,130.08999633789062,130.22999572753906,6140300,108.03993225097656
2019-11-05,130.52999877929688,131.47000122070312,129.67999267578125,130.4199981689453,6257300,108.19757080078124
2019-11-06,130.4199981689453,131.47999572753906,129.6999969482422,130.9600067138672,5450000,108.64553833007812
2019-11-07,131.72999572753906,132.3800048828125,131.00999450683594,131.42999267578125,5873700,109.03546142578124
2019-11-08,131.3000030517578,133.0399932861328,130.97000122070312,133.0,5003000,110.33794403076172
2019-11-11,132.27000427246094,132.52000427246094,131.3300018310547,131.97999572753906,4371400,109.4917221069336
2019-11-12,132.0,132.08999633789062,131.02000427246094,131.35000610351562,5228700,108.96908569335938
2019-11-13,131.0399932861328,131.49000549316406,130.72000122070312,131.27000427246094,5885400,108.90274810791016
2019-11-14,131.02999877929688,131.36000061035156,130.13999938964844,130.9600067138672,4217500,108.64553833007812
2019-11-15,131.25,134.97000122070312,130.77999877929688,134.94000244140625,10495100,111.9473876953125
2019-11-18,134.22000122070312,135.69000244140625,132.66000366210938,134.8300018310547,9291800,111.85612487792967
2019-11-19,135.0,135.19000244140625,134.2100067138672,134.82000732421875,5192200,111.84781646728516
2019-11-20,135.11000061035156,136.33999633789062,134.07000732421875,135.94000244140625,7594400,112.77696990966795
2019-11-21,135.94000244140625,136.85000610351562,135.0,136.44000244140625,6424900,113.19178771972656
2019-11-22,136.64999389648438,138.6300048828125,136.5,138.07000732421875,9235800,114.54405975341795
2019-11-25,137.05999755859375,137.64999389648438,136.24000549316406,137.17999267578125,6111900,114.59416961669922
2019-11-26,136.47000122070312,137.33999633789062,135.14999389648438,137.1699981689453,10636500,114.58584594726562
2019-11-27,137.16000366210938,138.25,136.89999389648438,137.75,5523000,115.07034301757812
2019-11-29,137.60000610351562,138.27000427246094,136.94000244140625,137.49000549316406,3278900,114.8531494140625
2019-12-02,137.72000122070312,137.85000610351562,136.85000610351562,137.36000061035156,4717100,114.74455261230467
2019-12-03,136.91000366210938,137.4499969482422,136.16000366210938,137.16000366210938,5741400,114.57746887207033
2019-12-04,138.5,139.74000549316406,138.0399932861328,139.3800048828125,7257300,116.4319305419922
2019-12-05,139.35000610351562,139.75,137.9499969482422,139.55999755859375,5472900,116.5823211669922
2019-12-06,139.4600067138672,141.5800018310547,139.4600067138672,140.3800048828125,6640400,117.2673110961914
2019-12-09,140.38999938964844,140.80999755859375,140.05999755859375,140.5,4241000,117.36754608154295
2019-12-10,140.8000030517578,141.0,139.91000366210938,139.99000549316406,5310300,116.94152069091795
2019-12-11,140.92999267578125,141.97999572753906,140.6300048828125,140.97999572753906,6631500,117.76852416992188
2019-12-12,141.32000732421875,142.05999755859375,140.72999572753906,141.33999633789062,5012400,118.06924438476562
2019-12-13,141.10000610351562,141.8000030517578,140.30999755859375,141.3800048828125,4257200,118.1026840209961
2019-12-16,141.72999572753906,142.85000610351562,141.49000549316406,141.7899932861328,5353100,118.44515228271484
2019-12-17,143.0,144.0500030517578,142.52000427246094,143.55999755859375,10722400,119.9237289428711
2019-12-18,143.72000122070312,143.8800048828125,142.74000549316406,143.19000244140625,7849200,119.61469268798828
2019-12-19,143.88999938964844,145.8800048828125,143.61000061035156,145.35000610351562,9414700,121.4190673828125
2019-12-20,146.8800048828125,147.83999633789062,144.8000030517578,146.05999755859375,14532800,122.01209259033205
2019-12-23,145.74000549316406,146.75999450683594,145.33999633789062,146.44000244140625,6558700,122.32958221435548
2019-12-24,146.0,146.00999450683594,145.25999450683594,145.92999267578125,4238900,121.90352630615234
2019-12-26,145.97000122070312,146.17999267578125,145.16000366210938,145.8300018310547,3019300,121.8200454711914
2019-12-27,146.1999969482422,146.5500030517578,145.5399932861328,145.75,3432700,121.75316619873048
2019-12-30,145.77999877929688,146.1999969482422,145.02999877929688,145.3000030517578,2923300,121.37728118896484
2019-12-31,145.10000610351562,146.00999450683594,144.77999877929688,145.8699951171875,4435000,121.85340881347656
2020-01-02,145.8699951171875,146.02000427246094,145.0800018310547,145.97000122070312,5777000,121.93695831298828
2020-01-03,143.5,145.3699951171875,143.0,144.27999877929688,5752400,120.52519989013672
2020-01-06,144.0,144.1999969482422,142.85000610351562,144.10000610351562,7731300,120.3748779296875
2020-01-07,144.00999450683594,145.4499969482422,141.3800048828125,144.97999572753906,7382900,121.10995483398438
2020-01-08,144.8699951171875,145.97999572753906,143.6999969482422,144.9600067138672,6605800,121.09326934814452
2020-01-09,145.75999450683594,146.02999877929688,144.99000549316406,145.38999938964844,6112700,121.45247650146484
2020-01-10,145.75,146.17999267578125,144.89999389648438,145.05999755859375,5042600,121.17678833007812
2020-01-13,145.47999572753906,145.7899932861328,144.72000122070312,145.6999969482422,4593200,121.71144104003906
2020-01-14,145.0500030517578,146.61000061035156,144.72999572753906,146.52000427246094,7037500,122.39640808105467
2020-01-15,146.39999389648438,147.39999389648438,146.24000549316406,147.00999450683594,4960300,122.80575561523438
2020-01-16,147.4199981689453,148.83999633789062,146.1999969482422,148.1999969482422,6476000,123.79981231689452
2020-01-17,148.41000366210938,149.41000366210938,147.92999267578125,149.1699981689453,9083600,124.610107421875
2020-01-21,148.5800018310547,150.1699981689453,148.5,149.27000427246094,9543900,124.69365692138672
2020-01-22,146.6999969482422,149.17999267578125,146.0,148.25,10305300,123.841552734375
2020-01-23,148.0399932861328,148.77000427246094,146.75999450683594,148.52999877929688,8671900,124.07542419433594
2020-01-24,148.5800018310547,148.9499969482422,147.92999267578125,148.32000732421875,9051900,123.9000244140625
2020-01-27,147.52000427246094,149.4600067138672,147.0,148.75,7587100,124.25923919677734
2020-01-28,148.4600067138672,150.57000732421875,148.14999389648438,149.5,7336600,124.88577270507812
2020-01-29,149.4499969482422,151.19000244140625,149.1300048828125,150.5399932861328,6288600,125.75453186035156
2020-01-30,150.02999877929688,150.50999450683594,149.0500030517578,150.36000061035156,6470600,125.60416412353516
2020-01-31,149.75,150.0,148.63999938964844,148.8699951171875,8651700,124.35951232910156
2020-02-03,149.4199981689453,150.49000549316406,149.24000549316406,150.1699981689453,5765200,125.44546508789062
2020-02-04,151.49000549316406,152.75,151.1999969482422,151.60000610351562,6541400,126.64000701904295
2020-02-05,151.72000122070312,154.02000427246094,151.30999755859375,153.99000549316406,5979900,128.6365203857422
2020-02-06,154.25,154.5,152.74000549316406,153.52999877929688,6201200,128.25222778320312
2020-02-07,153.33999633789062,153.4600067138672,151.5500030517578,151.88999938964844,5700300,126.88225555419922
2020-02-10,151.67999267578125,151.91000366210938,150.88999938964844,151.86000061035156,4835600,126.85720825195312
2020-02-11,152.2899932861328,152.3800048828125,151.5399932861328,151.99000549316406,3715300,126.9657974243164
2020-02-12,151.8699951171875,152.14999389648438,150.9199981689453,151.08999633789062,5166800,126.21392822265624
2020-02-13,150.16000366210938,151.0399932861328,149.8800048828125,150.08999633789062,5480200,125.3786392211914
2020-02-14,150.55999755859375,150.63999938964844,149.14999389648438,150.1300048828125,5716300,125.4120101928711
2020-02-18,150.47000122070312,150.74000549316406,149.05999755859375,149.13999938964844,7230700,124.58502960205078
2020-02-19,149.2100067138672,149.75999450683594,148.5800018310547,148.94000244140625,6115200,124.41793823242188
2020-02-20,148.61000061035156,149.3800048828125,147.39999389648438,148.3699951171875,7464700,123.94182586669922
2020-02-21,148.08999633789062,150.24000549316406,147.5399932861328,149.92999267578125,7776800,125.24496459960938
2020-02-24,146.5,149.0,145.25,145.91000366210938,10588900,122.6640625
2020-02-25,145.99000549316406,146.75,143.8300018310547,144.64999389648438,10529000,121.60482025146484
2020-02-26,145.35000610351562,146.22000122070312,143.58999633789062,143.67999267578125,10093800,120.7893524169922
2020-02-27,142.55999755859375,144.77000427246094,138.9499969482422,139.1199951171875,12566700,116.95582580566406
2020-02-28,135.36000061035156,137.2899932861328,130.82000732421875,134.47999572753906,19820300,113.0550537109375
2020-03-02,134.77999877929688,140.1300048828125,134.00999450683594,140.02000427246094,11508200,117.71247100830078
2020-03-03,140.0,140.99000549316406,133.10000610351562,135.58999633789062,13662500,113.98820495605467
2020-03-04,137.67999267578125,143.63999938964844,137.13999938964844,143.47999572753906,10560500,120.6211929321289
2020-03-05,140.8000030517578,142.67999267578125,139.83999633789062,142.00999450683594,11339200,119.3853759765625
2020-03-06,138.47999572753906,143.00999450683594,137.41000366210938,142.02999877929688,12239100,119.40221405029295
2020-03-09,136.3300018310547,139.67999267578125,134.89999389648438,136.44000244140625,13848600,114.70279693603516
2020-03-10,139.97000122070312,141.9499969482422,134.22999572753906,141.63999938964844,12698100,119.07434844970705
2020-03-11,138.08999633789062,138.75,131.5,131.8000030517578,17763400,110.80205535888672
2020-03-12,127.30999755859376,133.75999450683594,124.5,125.41000366210938,21539200,105.43006896972656
2020-03-13,129.32000732421875,134.9199981689453,124.6500015258789,134.2899932861328,20084200,112.8953094482422
2020-03-16,123.56999969482422,133.75999450683594,122.43000030517578,127.12999725341795,18877900,106.8760223388672
2020-03-17,128.5500030517578,136.77000427246094,127.80999755859376,136.58999633789062,18911800,114.82888793945312
2020-03-18,131.02000427246094,135.6699981689453,128.7100067138672,134.9600067138672,17521100,113.45858001708984
2020-03-19,134.99000549316406,134.99000549316406,126.1500015258789,127.0500030517578,18482300,106.80876922607422
2020-03-20,126.83000183105467,127.44000244140624,118.12999725341795,119.88999938964844,19785100,100.78948974609376
2020-03-23,117.0,118.55999755859376,109.16000366210938,111.13999938964844,20815200,93.43351745605467
2020-03-24,118.76000213623048,119.6500015258789,113.86000061035156,119.18000030517578,17604800,100.19261932373048
2020-03-25,118.91000366210938,123.95999908447266,116.6999969482422,119.4000015258789,13986100,100.37757110595705
2020-03-26,120.56999969482422,127.0999984741211,120.37999725341795,126.56999969482422,15066800,106.4052734375
2020-03-27,121.6500015258789,127.62000274658205,120.58000183105467,123.16000366210938,12133200,103.5385284423828
2020-03-30,128.4600067138672,133.99000549316406,127.5,133.00999450683594,21754000,111.8192367553711
2020-03-31,134.99000549316406,135.7100067138672,130.0500030517578,131.1300048828125,15746100,110.23877716064452
2020-04-01,127.6999969482422,130.22999572753906,125.5,128.80999755859375,12606100,108.28839111328124
2020-04-02,129.1199951171875,134.0,127.22000122070312,133.14999389648438,11594500,111.93695831298828
2020-04-03,132.3800048828125,134.7899932861328,131.5800018310547,134.1699981689453,10071200,112.79444122314452
2020-04-06,137.00999450683594,140.97000122070312,135.5399932861328,139.75999450683594,14994400,117.49385833740234
2020-04-07,139.86000061035156,142.02999877929688,137.25999450683594,137.47999572753906,11567100,115.5771255493164
2020-04-08,137.75,144.1300048828125,137.3000030517578,143.25999450683594,10758200,120.43626403808594
2020-04-09,144.00999450683594,145.4199981689453,140.27999877929688,141.22999572753906,11125400,118.72966003417967
2020-04-13,140.0,141.49000549316406,137.83999633789062,139.77000427246094,8153200,117.50225830078124
2020-04-14,145.4199981689453,147.4199981689453,144.0500030517578,146.02999877929688,13838000,122.76498413085938
2020-04-15,145.5500030517578,147.91000366210938,143.5399932861328,147.66000366210938,11962300,124.13523864746094
2020-04-16,148.30999755859375,150.67999267578125,146.44000244140625,149.6699981689453,12181700,125.82505798339844
2020-04-17,151.99000549316406,152.3000030517578,149.60000610351562,152.02000427246094,10920000,127.80067443847656
2020-04-20,150.92999267578125,153.0,150.08999633789062,151.6699981689453,12226200,127.50641632080078
2020-04-21,150.1199951171875,151.63999938964844,148.57000732421875,149.67999267578125,9951100,125.83344268798828
2020-04-22,152.80999755859375,155.0,151.72999572753906,152.99000549316406,11515600,128.6161346435547
2020-04-23,154.25,157.0,153.6999969482422,155.50999450683594,10665000,130.734619140625
2020-04-24,155.57000732421875,156.3000030517578,153.63999938964844,154.86000061035156,8653400,130.1881866455078
2020-04-27,154.80999755859375,156.0500030517578,154.0,154.2899932861328,8924000,129.70895385742188
2020-04-28,151.25,153.10000610351562,150.6999969482422,151.38999938964844,8558700,127.27102661132812
2020-04-29,151.3800048828125,151.6300048828125,149.16000366210938,150.24000549316406,9285200,126.30423736572266
2020-04-30,148.4600067138672,150.42999267578125,147.16000366210938,150.0399932861328,14829600,126.13612365722656
2020-05-01,149.6199951171875,149.6699981689453,146.7899932861328,148.2899932861328,7309000,124.66490936279295
2020-05-04,148.77000427246094,149.0800018310547,147.08999633789062,148.27000427246094,7198400,124.64810180664062
2020-05-05,149.0,150.77999877929688,148.63999938964844,149.5,6562300,125.6821060180664
2020-05-06,150.0,150.32000732421875,148.0399932861328,148.0800018310547,6191600,124.48833465576172
2020-05-07,149.3699951171875,149.52999877929688,147.1300048828125,147.58999633789062,5570500,124.07645416259766
2020-05-08,148.9199981689453,149.17999267578125,147.88999938964844,148.6999969482422,4712100,125.00959014892578
2020-05-11,148.4499969482422,150.10000610351562,148.1199951171875,149.11000061035156,5887500,125.354248046875
2020-05-12,150.10000610351562,150.33999633789062,147.02999877929688,147.13999938964844,7039200,123.69807434082033
2020-05-13,146.0800018310547,148.9499969482422,146.00999450683594,147.1300048828125,6970500,123.68970489501952
2020-05-14,145.38999938964844,147.75999450683594,144.25999450683594,147.63999938964844,6871400,124.1184310913086
2020-05-15,147.8699951171875,150.47999572753906,145.66000366210938,150.44000244140625,10340400,126.47237396240234
2020-05-18,152.49000549316406,153.6199951171875,150.4600067138672,150.52000427246094,7388400,126.53961181640624
2020-05-19,150.10000610351562,151.10000610351562,148.39999389648438,149.02000427246094,6107300,125.2786102294922
2020-05-20,149.75,150.38999938964844,147.27000427246094,147.67999267578125,5713400,124.15210723876952
2020-05-21,148.5,148.5,145.82000732421875,146.7100067138672,6487300,123.3366241455078
2020-05-22,144.57000732421875,146.2899932861328,144.05999755859375,144.3699951171875,6140900,122.21075439453124
2020-05-26,146.19000244140625,146.44000244140625,144.3000030517578,144.55999755859375,7072300,122.3716049194336
2020-05-27,144.32000732421875,145.25,143.00999450683594,144.88999938964844,7950000,122.6509246826172
2020-05-28,146.02000427246094,148.11000061035156,145.80999755859375,146.97000122070312,6189600,124.41168212890624
2020-05-29,147.9600067138672,149.35000610351562,145.3300018310547,148.75,8504000,125.91844940185548
2020-06-01,147.2899932861328,148.33999633789062,146.00999450683594,147.19000244140625,6141800,124.597900390625
2020-06-02,147.05999755859375,148.35000610351562,146.1199951171875,148.25,6078300,125.49523162841795
2020-06-03,148.52000427246094,149.13999938964844,146.4499969482422,148.64999389648438,6339500,125.8338394165039
2020-06-04,146.8000030517578,148.3699951171875,145.5800018310547,146.72999572753906,8170500,124.20857238769533
2020-06-05,147.69000244140625,149.63999938964844,146.60000610351562,147.3000030517578,9725400,124.69102478027344
2020-06-08,145.8800048828125,147.61000061035156,145.74000549316406,146.77000427246094,7555600,124.24237060546876
2020-06-09,148.25,149.3300018310547,145.64999389648438,145.9600067138672,8247200,123.55670166015624
2020-06-10,146.60000610351562,150.02999877929688,146.60000610351562,147.8000030517578,10137100,125.11428833007812
2020-06-11,148.5800018310547,149.1699981689453,140.75,140.8699951171875,11913300,119.2479476928711
2020-06-12,142.83999633789062,143.7100067138672,140.27999877929688,142.14999389648438,8687400,120.3315200805664
2020-06-15,141.0,142.39999389648438,139.38999938964844,141.25,8649600,119.56963348388672
2020-06-16,144.08999633789062,145.4199981689453,142.77000427246094,144.4600067138672,7579100,122.28692626953124
2020-06-17,144.89999389648438,145.4199981689453,143.47000122070312,144.02000427246094,5100100,121.91448211669922
2020-06-18,142.52000427246094,144.1199951171875,141.8699951171875,143.41000366210938,4797400,121.39810180664062
2020-06-19,145.7899932861328,145.8800048828125,143.25,143.8300018310547,12206900,121.7536392211914
2020-06-22,143.47000122070312,143.66000366210938,142.02999877929688,143.38999938964844,5285600,121.38121032714844
2020-06-23,143.74000549316406,144.0800018310547,142.67999267578125,142.86000061035156,5921600,120.9325180053711
2020-06-24,141.49000549316406,142.19000244140625,138.72000122070312,139.82000732421875,8211200,118.359130859375
2020-06-25,140.57000732421875,140.57000732421875,137.5399932861328,139.6699981689453,7421200,118.2321548461914
2020-06-26,139.52999877929688,139.60000610351562,137.02000427246094,137.80999755859375,12849700,116.65764617919922
2020-06-29,138.74000549316406,139.6999969482422,137.97999572753906,139.0399932861328,5309800,117.69884490966795
2020-06-30,139.39999389648438,141.02000427246094,137.83999633789062,140.6300048828125,7738300,119.04481506347656
2020-07-01,140.69000244140625,141.38999938964844,140.05999755859375,140.3800048828125,6174800,118.83316040039062
2020-07-02,141.25,141.83999633789062,140.3300018310547,140.97000122070312,5152200,119.33261108398438
2020-07-06,142.1699981689453,143.77000427246094,141.8800048828125,142.97999572753906,6156400,121.03411102294922
2020-07-07,141.38999938964844,143.97000122070312,141.22999572753906,142.85000610351562,5622600,120.92406463623048
2020-07-08,142.8699951171875,143.38999938964844,141.6999969482422,143.27000427246094,6257400,121.2795867919922
2020-07-09,142.75999450683594,144.42999267578125,140.5800018310547,142.49000549316406,5738600,120.61930084228516
2020-07-10,142.75,142.8699951171875,141.42999267578125,142.3699951171875,4282400,120.51774597167967
2020-07-13,143.61000061035156,146.63999938964844,143.27999877929688,145.2100067138672,6951900,122.9218292236328
2020-07-14,145.32000732421875,148.38999938964844,145.25999450683594,147.9199981689453,7447100,125.21582794189452
2020-07-15,149.72999572753906,150.2100067138672,148.22999572753906,148.25999450683594,8512800,125.50365447998048
2020-07-16,148.67999267578125,149.33999633789062,146.67999267578125,149.25,9304700,126.34174346923828
2020-07-17,150.0,150.5800018310547,148.69000244140625,149.35000610351562,7441100,126.42634582519533
2020-07-20,150.22999572753906,150.32000732421875,148.42999267578125,149.60000610351562,6191500,126.6380386352539
2020-07-21,149.60000610351562,151.6699981689453,149.5,149.74000549316406,5575900,126.75655364990234
2020-07-22,149.92999267578125,150.41000366210938,147.85000610351562,150.00999450683594,5910200,126.98505401611328
2020-07-23,150.2100067138672,150.85000610351562,149.27999877929688,149.61000061035156,6566300,126.64651489257812
2020-07-24,150.5,150.60000610351562,147.02999877929688,148.1199951171875,5405900,125.3851547241211
2020-07-27,147.3699951171875,148.9199981689453,146.86000061035156,147.17999267578125,5675200,124.5894546508789
2020-07-28,147.39999389648438,147.99000549316406,146.75,146.8300018310547,4842200,124.2931671142578
2020-07-29,146.38999938964844,147.47000122070312,146.07000732421875,146.5399932861328,4489100,124.04768371582033
2020-07-30,147.44000244140625,147.5,146.13999938964844,146.83999633789062,5922500,124.3016357421875
2020-07-31,146.66000366210938,147.4499969482422,143.9600067138672,145.75999450683594,8259600,123.3874053955078
2020-08-03,146.38999938964844,147.7899932861328,146.14999389648438,147.35000610351562,4078700,124.73334503173828
2020-08-04,146.99000549316406,147.22000122070312,145.82000732421875,147.22000122070312,4162200,124.62332153320312
2020-08-05,149.10000610351562,149.30999755859375,147.8000030517578,148.39999389648438,5467500,125.62216186523438
2020-08-06,148.39999389648438,149.25,146.5,147.5500030517578,4837900,124.90264892578124
2020-08-07,147.50999450683594,148.64999389648438,147.14999389648438,148.60000610351562,3635100,125.7915267944336
2020-08-10,148.86000061035156,149.00999450683594,147.72000122070312,148.02999877929688,4096600,125.30901336669922
2020-08-11,149.13999938964844,149.22999572753906,146.3699951171875,146.97000122070312,6388400,124.41168212890624
2020-08-12,147.5399932861328,150.24000549316406,147.49000549316406,149.66000366210938,5257300,126.6888427734375
2020-08-13,148.5399932861328,149.19000244140625,147.52999877929688,148.0,5155500,125.2835922241211
2020-08-14,147.61000061035156,149.33999633789062,147.5800018310547,148.24000549316406,4240200,125.48675537109376
2020-08-17,148.32000732421875,150.22999572753906,148.22999572753906,148.99000549316406,4306900,126.12164306640624
2020-08-18,149.25999450683594,150.10000610351562,148.57000732421875,150.08999633789062,4322600,127.05280303955078
2020-08-19,149.5800018310547,151.5800018310547,149.32000732421875,150.38999938964844,7816300,127.30675506591795
2020-08-20,149.75,151.5800018310547,149.5500030517578,151.4199981689453,4874700,128.1786346435547
2020-08-21,151.77999877929688,153.64999389648438,150.58999633789062,152.75999450683594,6722800,129.31297302246094
2020-08-24,152.74000549316406,152.89999389648438,150.35000610351562,152.14999389648438,5387900,129.65386962890625
2020-08-25,152.77999877929688,153.07000732421875,151.5399932861328,152.05999755859375,3863500,129.57716369628906
2020-08-26,151.86000061035156,152.64999389648438,150.63999938964844,152.3000030517578,8008300,129.7816925048828
2020-08-27,152.4199981689453,153.25999450683594,151.88999938964844,152.97999572753906,5575400,130.3611297607422
2020-08-28,152.74000549316406,153.6999969482422,151.89999389648438,153.63999938964844,5395700,130.92356872558594
2020-08-31,153.0,154.39999389648438,152.25999450683594,153.41000366210938,6362700,130.72756958007812
2020-09-01,153.8699951171875,154.0800018310547,150.07000732421875,151.52000427246094,6307700,129.11700439453125
2020-09-02,150.7899932861328,154.3300018310547,149.25,153.8300018310547,6881900,131.08546447753906
2020-09-03,154.8300018310547,155.47000122070312,148.3000030517578,149.5500030517578,8672800,127.4382781982422
2020-09-04,150.1699981689453,150.9499969482422,147.1300048828125,148.58999633789062,7200100,126.62022399902344
2020-09-08,150.25,150.88999938964844,146.89999389648438,147.25999450683594,8756800,125.4868392944336
2020-09-09,148.14999389648438,151.10000610351562,148.1199951171875,149.6999969482422,6960700,127.56608581542967
2020-09-10,149.25,149.77999877929688,146.52000427246094,146.91000366210938,6191800,125.18856811523438
2020-09-11,147.0500030517578,148.52999877929688,146.6300048828125,147.77999877929688,3934700,125.929931640625
2020-09-14,148.1199951171875,149.47000122070312,148.00999450683594,148.35000610351562,4375800,126.41567993164062
2020-09-15,149.4499969482422,150.58999633789062,148.52000427246094,148.88999938964844,3658800,126.87586212158205
2020-09-16,149.38999938964844,150.05999755859375,148.35000610351562,148.39999389648438,4323000,126.45830535888672
2020-09-17,148.0399932861328,148.6300048828125,146.0500030517578,147.1699981689453,5461400,125.41017150878906
2020-09-18,146.50999450683594,149.64999389648438,146.1999969482422,149.17999267578125,12174000,127.12297058105467
2020-09-21,147.5800018310547,147.92999267578125,142.9600067138672,145.10000610351562,7574500,123.64625549316406
2020-09-22,144.69000244140625,145.35000610351562,143.72000122070312,144.2100067138672,5295900,122.88784790039062
2020-09-23,147.47999572753906,147.5500030517578,144.3800048828125,144.44000244140625,8784400,123.08381652832033
2020-09-24,144.55999755859375,145.25,143.33999633789062,144.6699981689453,5614800,123.2798080444336
2020-09-25,144.0,146.25,143.88999938964844,145.66000366210938,5531200,124.12340545654295
2020-09-28,146.72999572753906,148.2899932861328,146.4199981689453,147.11000061035156,5843200,125.35903930664062
2020-09-29,147.60000610351562,147.9199981689453,146.05999755859375,147.05999755859375,6768600,125.31640625
2020-09-30,147.4499969482422,149.72999572753906,146.83999633789062,148.8800048828125,8487700,126.86737060546876
2020-10-01,149.30999755859375,149.64999389648438,146.4600067138672,147.32000732421875,6457800,125.53800964355467
2020-10-02,146.2100067138672,148.41000366210938,145.8300018310547,146.24000549316406,5485600,124.61766815185548
2020-10-05,147.0,148.3800048828125,146.4199981689453,148.22999572753906,4992800,126.3134307861328
2020-10-06,148.27999877929688,148.61000061035156,145.8699951171875,146.25999450683594,5118200,124.63468170166016
2020-10-07,146.49000549316406,148.22999572753906,145.80999755859375,147.8800048828125,5603100,126.01520538330078
2020-10-08,148.5,149.85000610351562,148.0399932861328,148.88999938964844,4413500,126.87586212158205
2020-10-09,149.64999389648438,151.47999572753906,149.4499969482422,150.97000122070312,5054100,128.6483154296875
2020-10-12,151.60000610351562,153.13999938964844,151.02000427246094,151.83999633789062,7273200,129.38966369628906
2020-10-13,149.0,150.1199951171875,147.77000427246094,148.36000061035156,11057600,126.42417907714844
2020-10-14,148.82000732421875,149.02999877929688,147.38999938964844,148.10000610351562,7706400,126.20265197753906
2020-10-15,147.47999572753906,147.89999389648438,146.3300018310547,147.19000244140625,5978600,125.4272232055664
2020-10-16,147.60000610351562,148.75999450683594,147.00999450683594,148.10000610351562,6097000,126.20265197753906
2020-10-19,148.52999877929688,148.89999389648438,144.1300048828125,144.32000732421875,7250800,122.9815444946289
2020-10-20,144.66000366210938,145.75,144.1199951171875,144.5500030517578,5325400,123.17752075195312
2020-10-21,144.1199951171875,145.33999633789062,143.91000366210938,143.92999267578125,5221300,122.64922332763672
2020-10-22,144.16000366210938,145.69000244140625,143.83999633789062,145.0800018310547,5279700,123.629150390625
2020-10-23,145.8800048828125,147.47000122070312,144.35000610351562,145.24000549316406,4154400,123.76553344726562
2020-10-26,144.42999267578125,144.77000427246094,142.75,143.97000122070312,6929500,122.68333435058594
2020-10-27,143.74000549316406,144.2899932861328,142.9199981689453,143.14999389648438,4890100,121.98454284667967
2020-10-28,141.42999267578125,141.97999572753906,138.17999267578125,138.36000061035156,8426100,117.90277099609376
2020-10-29,138.0,138.6999969482422,136.0500030517578,137.19000244140625,7205400,116.90577697753906
2020-10-30,136.67999267578125,137.5399932861328,133.64999389648438,137.11000061035156,7364100,116.83759307861328
2020-11-02,138.97999572753906,139.00999450683594,137.49000549316406,138.69000244140625,7088000,118.18395233154295
2020-11-03,140.02000427246094,140.9600067138672,137.77999877929688,138.5,6363000,118.0220718383789
2020-11-04,139.49000549316406,142.5399932861328,138.6999969482422,139.39999389648438,10263500,118.78899383544922
2020-11-05,140.5500030517578,141.8300018310547,139.25999450683594,139.75999450683594,8016200,119.09578704833984
2020-11-06,140.39999389648438,143.19000244140625,139.64999389648438,142.25,5942500,121.2176284790039
2020-11-09,148.42999267578125,148.99000549316406,144.9199981689453,146.0800018310547,12351600,124.4813232421875
2020-11-10,147.25,148.75,146.25999450683594,148.27999877929688,7386500,126.35607147216795
2020-11-11,149.1699981689453,149.1999969482422,146.86000061035156,147.8000030517578,6382400,125.94705200195312
2020-11-12,147.61000061035156,148.64999389648438,146.75,148.3000030517578,4710300,126.3730926513672
2020-11-13,149.08999633789062,150.41000366210938,148.41000366210938,149.89999389648438,5893500,127.73651885986328
2020-11-16,150.9199981689453,151.3000030517578,149.8000030517578,150.85000610351562,6266400,128.54605102539062
2020-11-17,150.0,150.6300048828125,149.1199951171875,149.35000610351562,7297700,127.26781463623048
2020-11-18,148.8699951171875,149.75999450683594,147.3699951171875,147.3699951171875,6661000,125.58058166503906
2020-11-19,147.3000030517578,147.4600067138672,145.58999633789062,147.13999938964844,7987700,125.38459777832033
2020-11-20,147.0500030517578,147.94000244140625,146.1300048828125,146.36000061035156,6354900,124.7199249267578
2020-11-23,146.00999450683594,146.00999450683594,143.0399932861328,143.8699951171875,7318300,123.44998168945312
2020-11-24,144.0,144.75999450683594,143.61000061035156,143.8699951171875,11034800,123.44998168945312
2020-11-25,144.05999755859375,144.1699981689453,142.86000061035156,143.67999267578125,7594600,123.28694915771484
2020-11-27,144.5,144.66000366210938,143.22000122070312,144.0,3059000,123.56155395507812
2020-11-30,144.22999572753906,144.86000061035156,143.05999755859375,144.67999267578125,15663200,124.14500427246094
2020-12-01,146.2899932861328,149.1300048828125,145.86000061035156,147.4499969482422,9738200,126.5218734741211
2020-12-02,147.85000610351562,149.7100067138672,147.6999969482422,148.13999938964844,7745500,127.11395263671876
2020-12-03,148.0399932861328,149.5800018310547,147.69000244140625,149.0,7310500,127.85187530517578
2020-12-04,149.7899932861328,150.30999755859375,149.27000427246094,150.27000427246094,6747100,128.94158935546875
2020-12-07,149.35000610351562,149.91000366210938,148.50999450683594,148.97000122070312,6634700,127.82611083984376
2020-12-08,150.0,152.13999938964844,149.5500030517578,151.5500030517578,8339800,130.0399627685547
2020-12-09,152.8300018310547,153.5,151.75999450683594,153.10000610351562,8440100,131.3699493408203
2020-12-10,152.82000732421875,152.97999572753906,151.67999267578125,152.25,7392900,130.64060974121094
2020-12-11,151.52999877929688,153.41000366210938,151.22999572753906,152.9499969482422,5977400,131.24118041992188
2020-12-14,153.25,153.47999572753906,148.99000549316406,149.07000732421875,8547300,127.91193389892578
2020-12-15,150.0,150.75,149.52999877929688,150.57000732421875,7612600,129.19903564453125
2020-12-16,150.1999969482422,150.9199981689453,149.5500030517578,149.6699981689453,8486100,128.42678833007812
2020-12-17,150.08999633789062,153.88999938964844,149.9600067138672,153.6199951171875,9920300,131.81613159179688
2020-12-18,153.64999389648438,155.10000610351562,151.6699981689453,154.50999450683594,17137200,132.57980346679688
2020-12-21,152.00999450683594,153.41000366210938,150.0500030517578,153.02000427246094,7893400,131.30126953125
2020-12-22,152.39999389648438,153.89999389648438,151.86000061035156,152.72000122070312,4699500,131.0438690185547
2020-12-23,152.8000030517578,153.60000610351562,151.89999389648438,151.94000244140625,4607300,130.3745880126953
2020-12-24,151.85000610351562,153.0399932861328,151.82000732421875,152.47000122070312,2114900,130.82933044433594
2020-12-28,153.32000732421875,153.8699951171875,152.3000030517578,153.19000244140625,3855500,131.44720458984375
2020-12-29,154.11000061035156,154.92999267578125,153.8000030517578,154.13999938964844,5212000,132.2623291015625
2020-12-30,154.74000549316406,156.3800048828125,154.60000610351562,156.0500030517578,5412800,133.90126037597656
2020-12-31,156.52999877929688,157.66000366210938,155.11000061035156,157.3800048828125,5099900,135.04251098632812
2021-01-04,157.24000549316406,157.3800048828125,154.1300048828125,156.5,11765900,134.2873992919922
2021-01-05,156.25,158.75999450683594,155.07000732421875,158.33999633789062,9602300,135.8662109375
2021-01-06,157.24000549316406,160.22999572753906,156.72000122070312,159.8300018310547,8230100,137.1446990966797
2021-01-07,159.0,161.02999877929688,158.35000610351562,160.3699951171875,7747200,137.6080780029297
2021-01-08,160.50999450683594,161.10000610351562,159.8800048828125,160.0399932861328,8228900,137.32489013671875
2021-01-11,160.55999755859375,161.32000732421875,158.77000427246094,159.3699951171875,7066200,136.75001525878906
2021-01-12,159.14999389648438,159.66000366210938,157.3300018310547,158.1300048828125,6903200,135.68600463867188
2021-01-13,158.22999572753906,158.4600067138672,156.75,157.88999938964844,6643100,135.48007202148438
2021-01-14,160.4499969482422,161.9499969482422,159.61000061035156,160.64999389648438,10030800,137.84835815429688
2021-01-15,160.3000030517578,161.41000366210938,159.11000061035156,160.3000030517578,7630800,137.5480194091797
2021-01-19,162.0,163.0399932861328,161.10000610351562,162.77999877929688,9057600,139.67601013183594
2021-01-20,163.1999969482422,164.13999938964844,161.8000030517578,162.3800048828125,6839900,139.33277893066406
2021-01-21,161.32000732421875,162.47999572753906,160.05999755859375,161.72999572753906,6818000,138.7750244140625
2021-01-22,162.36000061035156,165.16000366210938,161.8699951171875,163.5500030517578,8137000,140.33673095703125
2021-01-25,165.00999450683594,166.08999633789062,163.66000366210938,165.97999572753906,9924400,142.42184448242188
2021-01-26,169.6999969482422,173.64999389648438,169.38999938964844,170.47999572753906,14205700,146.2831573486328
2021-01-27,169.1199951171875,170.9199981689453,167.4499969482422,167.8800048828125,14207300,144.0521697998047
2021-01-28,168.1999969482422,170.86000061035156,167.8000030517578,169.16000366210938,8944400,145.15048217773438
2021-01-29,164.25999450683594,166.0,160.5500030517578,163.1300048828125,22505900,139.97634887695312
2021-02-01,165.30999755859375,165.30999755859375,162.60000610351562,162.7100067138672,9971400,139.61595153808594
2021-02-02,163.3800048828125,163.66000366210938,161.17999267578125,161.25,11443300,138.36318969726562
2021-02-03,160.94000244140625,161.52000427246094,159.57000732421875,160.5,8601900,137.7196044921875
2021-02-04,161.0,162.08999633789062,159.75999450683594,161.99000549316406,7758100,138.99813842773438
2021-02-05,164.86000061035156,165.44000244140625,163.86000061035156,164.4499969482422,9495300,141.1089630126953
2021-02-08,165.02999877929688,165.9199981689453,163.8800048828125,164.9199981689453,6035300,141.51226806640625
2021-02-09,165.1999969482422,166.58999633789062,164.97000122070312,166.27000427246094,5544200,142.67068481445312
2021-02-10,167.88999938964844,167.94000244140625,165.6999969482422,166.80999755859375,5921300,143.13401794433594
2021-02-11,167.0,167.3800048828125,165.60000610351562,166.05999755859375,4871300,142.490478515625
2021-02-12,164.39999389648438,166.85000610351562,164.0,166.5800018310547,4413100,142.93666076660156
2021-02-16,166.5800018310547,167.0500030517578,164.63999938964844,165.07000732421875,5656100,141.64100646972656
2021-02-17,164.97000122070312,166.08999633789062,164.36000061035156,165.66000366210938,6676700,142.14724731445312
2021-02-18,164.9600067138672,166.16000366210938,164.3000030517578,165.74000549316406,5189100,142.21591186523438
2021-02-19,165.60000610351562,165.9600067138672,162.91000366210938,162.97999572753906,8190900,139.84765625
2021-02-22,161.8699951171875,162.5399932861328,160.2899932861328,161.8699951171875,6447100,139.76126098632812
2021-02-23,161.47999572753906,163.19000244140625,160.39999389648438,160.44000244140625,7042800,138.52662658691406
2021-02-24,162.39999389648438,164.38999938964844,160.9199981689453,162.58999633789062,10286100,140.38296508789062
2021-02-25,163.1300048828125,163.6999969482422,161.99000549316406,162.75999450683594,9719700,140.52972412109375
2021-02-26,162.0,162.41000366210938,157.97000122070312,158.4600067138672,14417500,136.81704711914062
2021-03-01,161.4499969482422,161.52999877929688,159.08999633789062,159.32000732421875,10551400,137.55953979492188
2021-03-02,159.77999877929688,160.77999877929688,158.60000610351562,159.02000427246094,7610900,137.30056762695312
2021-03-03,158.25,158.89999389648438,156.05999755859375,156.22000122070312,8499600,134.8830108642578
2021-03-04,155.99000549316406,156.10000610351562,151.47000122070312,153.07000732421875,11033200,132.16322326660156
2021-03-05,153.97999572753906,156.69000244140625,153.1300048828125,156.10000610351562,8331600,134.7793731689453
2021-03-08,157.0,159.3300018310547,155.97999572753906,157.39999389648438,6546700,135.9018096923828
2021-03-09,156.88999938964844,160.75,156.88999938964844,157.6999969482422,7461300,136.1608428955078
2021-03-10,158.82000732421875,159.89999389648438,157.36000061035156,159.14999389648438,6635600,137.41281127929688
2021-03-11,159.5399932861328,160.6300048828125,158.9199981689453,159.13999938964844,6305600,137.4041290283203
2021-03-12,159.27999877929688,160.30999755859375,159.19000244140625,159.60000610351562,5474800,137.80133056640625
2021-03-15,159.75,160.66000366210938,158.5,160.4199981689453,5524100,138.5093536376953
2021-03-16,160.4600067138672,161.67999267578125,160.24000549316406,161.3699951171875,6369100,139.32958984375
2021-03-17,160.8300018310547,161.72999572753906,159.52999877929688,160.77000427246094,6001400,138.81155395507812
2021-03-18,160.2100067138672,161.49000549316406,159.9600067138672,160.47000122070312,4801800,138.552490234375
2021-03-19,160.69000244140625,161.5,159.47000122070312,160.0399932861328,14891500,138.1811981201172
2021-03-22,158.30999755859375,160.64999389648438,158.0,160.5,7544100,138.5784149169922
2021-03-23,160.2100067138672,161.1999969482422,158.8800048828125,160.35000610351562,7178300,138.44891357421875
2021-03-24,160.10000610351562,162.47999572753906,159.82000732421875,161.91000366210938,6370100,139.79583740234375
2021-03-25,162.44000244140625,162.4499969482422,160.63999938964844,161.97000122070312,6269800,139.84765625
2021-03-26,162.08999633789062,165.10000610351562,161.3800048828125,164.92999267578125,7619200,142.40333557128906
2021-03-29,163.8300018310547,167.02999877929688,163.6300048828125,166.0399932861328,8535100,143.3617706298828
2021-03-30,165.02000427246094,165.66000366210938,164.22999572753906,165.00999450683594,7236300,142.47238159179688
2021-03-31,164.9600067138672,165.38999938964844,163.6999969482422,164.35000610351562,8281500,141.90257263183594
2021-04-01,162.60000610351562,163.83999633789062,162.25999450683594,162.8300018310547,7229700,140.59019470214844
2021-04-05,163.63999938964844,164.75,162.66000366210938,163.42999267578125,7387100,141.10821533203125
2021-04-06,164.0800018310547,164.52000427246094,163.0,163.38999938964844,5074200,141.0736541748047
2021-04-07,163.5500030517578,164.27999877929688,163.32000732421875,163.61000061035156,4608000,141.2636260986328
2021-04-08,164.0,164.11000061035156,162.85000610351562,162.97000122070312,5039400,140.71104431152344
2021-04-09,162.1199951171875,162.92999267578125,159.77999877929688,161.25,8418300,139.2259979248047
2021-04-12,161.08999633789062,162.0800018310547,160.33999633789062,161.63999938964844,5022800,139.5626983642578
2021-04-13,156.86000061035156,159.92999267578125,156.52999877929688,159.47999572753906,18424100,137.69773864746094
2021-04-14,157.8300018310547,160.11000061035156,157.5399932861328,159.9199981689453,7718300,138.07763671875
2021-04-15,160.72000122070312,162.38999938964844,160.22999572753906,160.38999938964844,7524600,138.4834442138672
2021-04-16,161.33999633789062,162.50999450683594,160.55999755859375,162.24000549316406,9049400,140.0807647705078
2021-04-19,162.5,163.11000061035156,160.83999633789062,162.69000244140625,8353500,140.46932983398438
2021-04-20,161.0,167.7899932861328,161.0,166.47999572753906,14050700,143.74160766601562
2021-04-21,166.3699951171875,166.91000366210938,165.2899932861328,166.58999633789062,6333200,143.83663940429688
2021-04-22,165.83999633789062,166.27999877929688,164.6199951171875,165.17999267578125,7233000,142.61920166015625
2021-04-23,164.52999877929688,166.05999755859375,164.0,165.52000427246094,6015300,142.91275024414062
2021-04-26,165.2100067138672,165.41000366210938,163.75999450683594,164.1199951171875,6027800,141.7039794921875
2021-04-27,163.75999450683594,163.91000366210938,162.47000122070312,163.17999267578125,6217700,140.8923797607422
2021-04-28,162.86000061035156,163.1999969482422,161.64999389648438,161.97999572753906,7448000,139.85630798339844
2021-04-29,161.89999389648438,164.25999450683594,161.80999755859375,164.1999969482422,6394300,141.7730712890625
2021-04-30,164.14999389648438,164.3300018310547,162.52000427246094,162.72999572753906,9079100,140.5038299560547
2021-05-03,163.60000610351562,165.32000732421875,163.1199951171875,165.2100067138672,6594100,142.64512634277344
2021-05-04,164.8300018310547,167.85000610351562,164.6699981689453,167.77000427246094,10179500,144.8554229736328
2021-05-05,167.5,168.39999389648438,166.7899932861328,167.07000732421875,7792300,144.2510986328125
2021-05-06,166.7899932861328,167.88999938964844,166.24000549316406,167.74000549316406,5529900,144.82957458496094
2021-05-07,168.3000030517578,169.17999267578125,167.8300018310547,168.5,5316200,145.48573303222656
2021-05-10,169.89999389648438,171.52999877929688,169.22999572753906,170.27000427246094,8357500,147.01397705078125
2021-05-11,170.64999389648438,170.8699951171875,168.27999877929688,168.8800048828125,8217900,145.8138427734375
2021-05-12,168.5399932861328,169.8000030517578,167.9499969482422,168.1999969482422,6758300,145.2267303466797
2021-05-13,166.97000122070312,170.6999969482422,166.97000122070312,169.9600067138672,8018600,146.74632263183594
2021-05-14,171.47999572753906,171.61000061035156,170.1699981689453,170.22000122070312,5797700,146.97080993652344
2021-05-17,170.39999389648438,171.88999938964844,170.30999755859375,170.38999938964844,5722600,147.11764526367188
2021-05-18,169.97999572753906,171.3699951171875,169.52999877929688,170.4499969482422,5846000,147.1693878173828
2021-05-19,169.91000366210938,170.16000366210938,168.0399932861328,170.0800018310547,5533800,146.84994506835938
2021-05-20,169.94000244140625,171.58999633789062,169.69000244140625,171.07000732421875,4853200,147.70472717285156
2021-05-21,171.3300018310547,172.74000549316406,170.8699951171875,170.9600067138672,6501800,147.60977172851562
2021-05-24,170.89999389648438,171.35000610351562,169.77000427246094,170.5500030517578,5195100,148.17446899414062
2021-05-25,170.6699981689453,171.02999877929688,169.74000549316406,170.0800018310547,7444700,147.76614379882812
2021-05-26,170.0,170.0800018310547,168.27999877929688,169.07000732421875,5726400,146.888671875
2021-05-27,169.25999450683594,170.1699981689453,168.3800048828125,168.80999755859375,8114700,146.6627960205078
2021-05-28,169.52000427246094,171.00999450683594,169.1699981689453,169.25,6400800,147.04502868652344
2021-06-01,170.14999389648438,170.1999969482422,165.3800048828125,165.52999877929688,10448400,143.81309509277344
2021-06-02,165.3000030517578,166.72999572753906,165.11000061035156,166.1999969482422,6806000,144.3951873779297
2021-06-03,165.88999938964844,167.14999389648438,165.7100067138672,166.0399932861328,5808800,144.2561492919922
2021-06-04,167.00999450683594,167.57000732421875,165.8699951171875,165.97000122070312,6510300,144.1953582763672
2021-06-07,166.0,166.32000732421875,164.6300048828125,164.83999633789062,5362800,143.213623046875
2021-06-08,165.27999877929688,165.66000366210938,162.07000732421875,163.38999938964844,7746800,141.95384216308594
2021-06-09,163.99000549316406,165.77999877929688,163.66000366210938,165.58999633789062,5552600,143.86521911621094
2021-06-10,166.0,167.5800018310547,165.9499969482422,167.0800018310547,6463100,145.1597137451172
2021-06-11,167.07000732421875,167.0800018310547,164.22000122070312,164.9600067138672,7389900,143.31785583496094
2021-06-14,164.5,165.4600067138672,163.89999389648438,165.3699951171875,4931300,143.674072265625
2021-06-15,165.22999572753906,165.86000061035156,164.38999938964844,164.49000549316406,5062900,142.90951538085938
2021-06-16,164.8000030517578,165.75,163.47999572753906,164.42999267578125,6988500,142.8573760986328
2021-06-17,164.19000244140625,165.6999969482422,163.5,165.22000122070312,5874700,143.5437469482422
2021-06-18,163.27000427246094,164.19000244140625,161.7899932861328,161.97999572753906,12993000,140.7288360595703
2021-06-21,162.77000427246094,164.25999450683594,162.25,163.83999633789062,6592300,142.3448028564453
2021-06-22,163.7100067138672,164.0399932861328,163.27999877929688,163.6199951171875,5627800,142.1536407470703
2021-06-23,163.69000244140625,163.69000244140625,162.47999572753906,162.6300048828125,4493400,141.2935333251953
2021-06-24,163.27000427246094,164.1999969482422,162.8000030517578,163.3699951171875,4549200,141.93643188476562
2021-06-25,162.94000244140625,164.77999877929688,162.88999938964844,164.2100067138672,10963800,142.666259765625
2021-06-28,164.44000244140625,165.07000732421875,163.52000427246094,164.02000427246094,5604000,142.501220703125
2021-06-29,164.0,164.63999938964844,163.41000366210938,164.02999877929688,3749500,142.50982666015625
2021-06-30,164.0,164.97000122070312,163.6699981689453,164.74000549316406,6151700,143.12672424316406
2021-07-01,164.74000549316406,166.00999450683594,164.6300048828125,165.9600067138672,6320200,144.18666076660156
2021-07-02,166.02000427246094,169.3000030517578,165.63999938964844,168.97999572753906,9059900,146.81045532226562
2021-07-06,167.91000366210938,168.86000061035156,166.99000549316406,167.97000122070312,6098500,145.93296813964844
2021-07-07,167.47999572753906,169.5,167.47999572753906,169.41000366210938,6293500,147.1840362548828
2021-07-08,168.6999969482422,169.4600067138672,167.5800018310547,169.0800018310547,5755500,146.8973388671875
2021-07-09,169.3699951171875,170.3699951171875,169.24000549316406,169.75,6120900,147.47943115234375
2021-07-12,169.72999572753906,171.17999267578125,168.5399932861328,169.47999572753906,7840500,147.24485778808594
2021-07-13,168.97000122070312,169.75999450683594,168.6699981689453,169.27000427246094,4691200,147.0624237060547
2021-07-14,170.0,170.8300018310547,169.0399932861328,170.4199981689453,6162900,148.06153869628906
2021-07-15,169.3000030517578,169.89999389648438,167.72000122070312,168.3699951171875,6656900,146.28050231933594
2021-07-16,168.33999633789062,169.08999633789062,167.9499969482422,168.10000610351562,5834900,146.0458984375
2021-07-19,166.47999572753906,168.19000244140625,165.32000732421875,166.8800048828125,8219700,144.98594665527344
2021-07-20,166.89999389648438,170.80999755859375,166.83999633789062,168.4499969482422,9902800,146.34996032714844
2021-07-21,169.3000030517578,169.69000244140625,167.47999572753906,169.49000549316406,7585200,147.25357055664062
2021-07-22,169.36000061035156,171.07000732421875,168.64999389648438,169.97999572753906,5281900,147.6792449951172
2021-07-23,171.0,172.17999267578125,170.3800048828125,171.7899932861328,5014900,149.2517547607422
2021-07-26,171.82000732421875,172.13999938964844,170.86000061035156,171.8699951171875,4484900,149.32130432128906
2021-07-27,171.8000030517578,172.72000122070312,170.6699981689453,172.66000366210938,7089300,150.0076446533203
2021-07-28,172.72999572753906,173.3800048828125,172.0800018310547,172.17999267578125,5750700,149.59060668945312
2021-07-29,172.74000549316406,173.33999633789062,171.08999633789062,172.17999267578125,4214100,149.59060668945312
2021-07-30,172.5399932861328,172.97999572753906,171.83999633789062,172.1999969482422,5346400,149.6079864501953
2021-08-02,172.47000122070312,172.83999633789062,171.3000030517578,172.27000427246094,3721500,149.66880798339844
2021-08-03,172.72999572753906,174.5,172.44000244140625,174.38999938964844,6033000,151.5106658935547
2021-08-04,174.1999969482422,174.58999633789062,173.25999450683594,173.36000061035156,4793100,150.61578369140625
2021-08-05,173.85000610351562,173.85000610351562,172.4199981689453,173.69000244140625,4291000,150.9025115966797
2021-08-06,173.94000244140625,173.94000244140625,172.4499969482422,173.11000061035156,4581100,150.39862060546875
2021-08-09,173.72000122070312,174.25,172.92999267578125,173.7100067138672,3950200,150.91989135742188
2021-08-10,173.25999450683594,174.11000061035156,172.77999877929688,173.77000427246094,3678300,150.9720001220703
2021-08-11,174.25,174.47000122070312,173.55999755859375,173.8000030517578,4221300,150.99807739257812
2021-08-12,173.82000732421875,175.2899932861328,173.58999633789062,175.1999969482422,4300400,152.21438598632812
2021-08-13,175.2899932861328,176.2899932861328,175.1199951171875,176.25,5882100,153.12667846679688
2021-08-16,176.5500030517578,177.88999938964844,175.9499969482422,177.83999633789062,4782800,154.508056640625
2021-08-17,177.30999755859375,179.50999450683594,177.30999755859375,179.47000122070312,6041900,155.92417907714844
2021-08-18,179.5,179.5,177.1300048828125,177.19000244140625,7134100,153.943359375
2021-08-19,176.6199951171875,179.3300018310547,176.07000732421875,178.57000732421875,5615000,155.1422882080078
2021-08-20,178.88999938964844,179.9199981689453,178.07000732421875,179.44000244140625,5428700,155.89817810058594
2021-08-23,178.38999938964844,178.92999267578125,177.5399932861328,177.61000061035156,6461700,155.22515869140625
2021-08-24,176.99000549316406,177.2100067138672,175.27999877929688,175.38999938964844,5734800,153.28497314453125
2021-08-25,175.69000244140625,175.89999389648438,173.88999938964844,174.22999572753906,5700300,152.27114868164062
2021-08-26,173.9499969482422,174.72000122070312,173.0500030517578,173.3000030517578,5031600,151.45838928222656
2021-08-27,174.27999877929688,174.27999877929688,172.75,172.92999267578125,7046100,151.135009765625
2021-08-30,172.7899932861328,174.27999877929688,172.77999877929688,173.66000366210938,3252700,151.7729949951172
2021-08-31,173.49000549316406,174.49000549316406,172.47999572753906,173.1300048828125,7106800,151.309814453125
2021-09-01,172.89999389648438,173.74000549316406,172.05999755859375,173.74000549316406,5327400,151.8428955078125
2021-09-02,174.33999633789062,175.19000244140625,173.91000366210938,174.92999267578125,4544300,152.8829345703125
2021-09-03,175.10000610351562,175.22000122070312,173.80999755859375,175.0399932861328,4096900,152.97909545898438
2021-09-07,174.35000610351562,175.02999877929688,171.6699981689453,172.32000732421875,6859900,150.60189819335938
2021-09-08,171.6199951171875,172.97999572753906,171.0800018310547,171.89999389648438,4661700,150.23484802246094
2021-09-09,171.19000244140625,171.47999572753906,167.6999969482422,168.07000732421875,7114600,146.88754272460938
2021-09-10,168.5500030517578,169.08999633789062,166.8699951171875,166.97000122070312,6699300,145.92616271972656
2021-09-13,167.9199981689453,168.1199951171875,165.1300048828125,165.8000030517578,6273500,144.90359497070312
2021-09-14,166.39999389648438,166.5399932861328,164.50999450683594,164.8000030517578,5259600,144.02969360351562
2021-09-15,165.0,165.9600067138672,164.30999755859375,165.4199981689453,7935300,144.571533203125
2021-09-16,165.64999389648438,166.4600067138672,164.19000244140625,165.22000122070312,5665400,144.39674377441406
2021-09-17,164.3000030517578,164.91000366210938,163.55999755859375,164.75,13419800,143.9860076904297
2021-09-20,163.47999572753906,165.1699981689453,162.1699981689453,163.80999755859375,7270800,143.16445922851562
2021-09-21,164.61000061035156,165.97999572753906,164.24000549316406,164.52999877929688,6663600,143.79371643066406
2021-09-22,165.35000610351562,165.9499969482422,163.6300048828125,163.92999267578125,5657100,143.26930236816406
2021-09-23,164.39999389648438,165.77000427246094,164.14999389648438,164.86000061035156,4697900,144.08209228515625
2021-09-24,164.75,165.64999389648438,163.88999938964844,164.36000061035156,4399300,143.64511108398438
2021-09-27,164.0,164.36000061035156,162.85000610351562,163.1699981689453,5775500,142.6051025390625
2021-09-28,163.10000610351562,163.91000366210938,161.77000427246094,162.80999755859375,7610400,142.2904815673828
2021-09-29,163.0,164.66000366210938,162.77999877929688,164.02000427246094,5124100,143.34799194335938
2021-09-30,164.63999938964844,165.39999389648438,161.41000366210938,161.5,6972300,141.1455841064453
2021-10-01,161.52999877929688,161.89999389648438,158.6199951171875,160.47000122070312,8568300,140.2454071044922
2021-10-04,159.99000549316406,161.0,157.6699981689453,159.22000122070312,8620700,139.15292358398438
2021-10-05,159.86000061035156,161.11000061035156,159.14999389648438,159.5800018310547,5129000,139.46754455566406
2021-10-06,159.8699951171875,159.9499969482422,157.83999633789062,159.91000366210938,7312600,139.75595092773438
2021-10-07,160.02000427246094,162.61000061035156,160.02000427246094,161.33999633789062,5309200,141.0057373046875
2021-10-08,161.32000732421875,161.61000061035156,160.25,160.92999267578125,4343200,140.6474609375
2021-10-11,160.86000061035156,161.85000610351562,159.94000244140625,160.25,4101600,140.05308532714844
2021-10-12,160.0,160.17999267578125,157.33999633789062,157.69000244140625,6686400,137.81578063964844
2021-10-13,157.82000732421875,160.0800018310547,157.75,159.1999969482422,6901100,139.1354522705078
2021-10-14,159.7100067138672,161.13999938964844,159.60000610351562,160.11000061035156,4579200,139.93077087402344
2021-10-15,161.02999877929688,161.80999755859375,160.41000366210938,161.3000030517578,6918400,140.97079467773438
2021-10-18,160.25,160.88999938964844,159.1999969482422,160.1199951171875,7465500,139.93951416015625
2021-10-19,160.89999389648438,165.14999389648438,160.72999572753906,163.8699951171875,10081300,143.21688842773438
2021-10-20,163.97999572753906,164.75,163.25999450683594,163.77999877929688,6003200,143.13821411132812
2021-10-21,164.3000030517578,164.38999938964844,162.27999877929688,163.39999389648438,4524100,142.8061065673828
2021-10-22,163.05999755859375,164.05999755859375,162.9600067138672,163.72000122070312,4304300,143.08580017089844
2021-10-25,163.72000122070312,164.30999755859375,161.7100067138672,164.0800018310547,6715400,143.400390625
2021-10-26,164.55999755859375,166.02999877929688,164.0500030517578,165.75,6939100,144.8599395751953
2021-10-27,165.67999267578125,165.75999450683594,163.30999755859375,163.74000549316406,7018800,143.10328674316406
2021-10-28,163.77000427246094,165.1999969482422,162.32000732421875,162.85000610351562,6278800,142.32542419433594
2021-10-29,162.35000610351562,163.25,160.61000061035156,162.8800048828125,8526800,142.35162353515625
2021-11-01,163.16000366210938,163.97999572753906,159.39999389648438,163.02000427246094,5846400,142.4740447998047
2021-11-02,163.6999969482422,166.97999572753906,162.97999572753906,165.58999633789062,8450600,144.7200927734375
2021-11-03,165.0399932861328,165.77000427246094,163.42999267578125,165.05999755859375,6717800,144.2569122314453
2021-11-04,164.94000244140625,164.99000549316406,162.6699981689453,164.60000610351562,8224400,143.85487365722656
2021-11-05,162.47999572753906,164.60000610351562,162.1999969482422,163.42999267578125,6215900,142.83230590820312
2021-11-08,163.67999267578125,164.1699981689453,162.00999450683594,162.8699951171875,5578800,142.34291076660156
2021-11-09,162.61000061035156,163.58999633789062,162.02000427246094,162.50999450683594,6112800,142.02830505371094
2021-11-10,162.52999877929688,164.83999633789062,162.35000610351562,164.27000427246094,6225100,143.56646728515625
2021-11-11,163.49000549316406,163.80999755859375,162.49000549316406,163.05999755859375,4118800,142.50897216796875
2021-11-12,167.42999267578125,167.6199951171875,164.61000061035156,165.00999450683594,18995200,144.21316528320312
2021-11-15,165.0,165.4600067138672,163.22000122070312,163.52000427246094,7496200,142.91098022460938
2021-11-16,163.17999267578125,164.35000610351562,162.6199951171875,162.6699981689453,7594700,142.16812133789062
2021-11-17,162.8699951171875,163.86000061035156,161.7899932861328,163.27999877929688,5414500,142.7012481689453
2021-11-18,163.4499969482422,164.47000122070312,162.1300048828125,162.39999389648438,6358700,141.93215942382812
2021-11-19,163.0399932861328,163.19000244140625,161.77999877929688,162.88999938964844,7620700,142.36041259765625
2021-11-22,161.02999877929688,162.63999938964844,159.64999389648438,159.6999969482422,7634500,140.4866180419922
2021-11-23,159.52000427246094,161.0,158.77999877929688,160.69000244140625,7734000,141.3575439453125
2021-11-24,160.13999938964844,160.6199951171875,159.3800048828125,160.24000549316406,5230900,140.96170043945312
2021-11-26,160.60000610351562,161.16000366210938,158.66000366210938,159.1999969482422,8523100,140.04681396484375
2021-11-29,159.5,160.4199981689453,158.4199981689453,159.75,9188500,140.53065490722656
2021-11-30,158.50999450683594,159.0,155.85000610351562,155.92999267578125,14981700,137.1702423095703
2021-12-01,156.8800048828125,160.0800018310547,156.25,158.0800018310547,9835800,139.0615234375
2021-12-02,157.25999450683594,159.2899932861328,156.75,157.08999633789062,11334700,138.19065856933594
2021-12-03,157.91000366210938,159.6699981689453,157.58999633789062,159.3800048828125,8750500,140.2051544189453
2021-12-06,160.19000244140625,163.52000427246094,159.8300018310547,162.94000244140625,9692000,143.33680725097656
2021-12-07,164.0,164.27000427246094,162.41000366210938,163.36000061035156,8311300,143.70632934570312
2021-12-08,163.47000122070312,164.57000732421875,162.63999938964844,164.33999633789062,6216400,144.5684356689453
2021-12-09,164.17999267578125,165.97999572753906,163.49000549316406,165.89999389648438,8574200,145.94073486328125
2021-12-10,165.57000732421875,166.69000244140625,164.64999389648438,165.49000549316406,6572200,145.58004760742188
2021-12-13,164.75,169.1999969482422,163.8000030517578,168.4499969482422,11142300,148.18394470214844
2021-12-14,168.3300018310547,170.97000122070312,167.16000366210938,170.2899932861328,10482400,149.8025665283203
2021-12-15,169.85000610351562,171.3000030517578,169.4199981689453,171.13999938964844,8552200,150.55032348632812
2021-12-16,171.25999450683594,173.50999450683594,170.83999633789062,173.00999450683594,8998600,152.19529724121094
2021-12-17,169.63999938964844,170.77999877929688,167.66000366210938,168.22999572753906,16726200,147.9904022216797
2021-12-20,167.80999755859375,168.50999450683594,166.5500030517578,167.75,7954500,147.56813049316406
2021-12-21,168.05999755859375,168.10000610351562,165.97999572753906,167.2100067138672,7954200,147.0931396484375
2021-12-22,167.05999755859375,168.1699981689453,166.1199951171875,167.92999267578125,4178200,147.72650146484375
2021-12-23,167.8800048828125,168.9499969482422,167.36000061035156,168.25,3501500,148.0080108642578
2021-12-27,169.13999938964844,169.85000610351562,168.6999969482422,169.6699981689453,3704800,149.25718688964844
2021-12-28,169.7899932861328,170.63999938964844,169.58999633789062,170.35000610351562,3187000,149.85537719726562
2021-12-29,170.0,171.99000549316406,169.91000366210938,171.5500030517578,3662000,150.91099548339844
2021-12-30,172.1199951171875,172.8800048828125,171.75,172.30999755859375,4231800,151.57952880859375
2021-12-31,172.52999877929688,172.67999267578125,171.02999877929688,171.07000732421875,4409500,150.48873901367188
2022-01-03,170.2100067138672,171.60000610351562,169.10000610351562,171.5399932861328,6012200,150.90216064453125
2022-01-04,171.05999755859375,172.2899932861328,170.60000610351562,171.0800018310547,6748400,150.49752807617188
2022-01-05,172.0,173.47000122070312,171.6199951171875,172.22000122070312,7016100,151.50038146972656
2022-01-06,172.14999389648438,172.5,170.8000030517578,171.6300048828125,7301600,150.98135375976562
2022-01-07,171.4600067138672,174.3000030517578,171.1300048828125,173.9499969482422,6986000,153.02224731445312
2022-01-10,173.69000244140625,173.69000244140625,172.16000366210938,173.08999633789062,7698400,152.2656707763672
2022-01-11,172.99000549316406,173.38999938964844,170.11000061035156,171.25,8341100,150.64707946777344
2022-01-12,169.61000061035156,170.0800018310547,168.33999633789062,169.7899932861328,8116200,149.3627166748047
2022-01-13,169.0,170.4199981689453,168.4600067138672,168.75999450683594,6159400,148.45664978027344
2022-01-14,168.6300048828125,168.64999389648438,167.14999389648438,167.83999633789062,5847700,147.64735412597656
2022-01-18,167.10000610351562,167.72000122070312,166.00999450683594,167.10000610351562,7815600,146.99636840820312
2022-01-19,167.1999969482422,168.72000122070312,166.32000732421875,166.5800018310547,5926500,146.53890991210938
2022-01-20,167.2899932861328,167.86000061035156,164.92999267578125,165.25,6011300,145.3689422607422
2022-01-21,166.19000244140625,167.99000549316406,164.47000122070312,164.8699951171875,10550300,145.03466796875
2022-01-24,164.0,164.1699981689453,158.25999450683594,162.97000122070312,14054600,143.36325073242188
2022-01-25,162.36000061035156,168.41000366210938,161.5800018310547,167.6300048828125,14081200,147.4625701904297
2022-01-26,167.5399932861328,169.22000122070312,166.22999572753906,168.3800048828125,9963200,148.1223602294922
2022-01-27,169.38999938964844,171.91000366210938,169.0,170.58999633789062,9066700,150.0664825439453
2022-01-28,170.86000061035156,171.83999633789062,169.3000030517578,171.7899932861328,9783100,151.12210083007812
2022-01-31,171.5,172.6199951171875,170.82000732421875,172.2899932861328,8054800,151.56198120117188
2022-02-01,171.74000549316406,171.97999572753906,169.42999267578125,170.8800048828125,8154700,150.3216094970703
2022-02-02,169.64999389648438,172.99000549316406,169.64999389648438,172.77000427246094,7382800,151.98419189453125
2022-02-03,172.25999450683594,173.6199951171875,171.0399932861328,172.75999450683594,6240400,151.9754180908203
2022-02-04,171.0,172.97999572753906,170.1199951171875,171.6300048828125,6392200,150.98135375976562
2022-02-07,171.41000366210938,171.74000549316406,170.00999450683594,171.05999755859375,6065700,150.47994995117188
2022-02-08,171.02000427246094,172.0500030517578,170.47999572753906,171.50999450683594,6296100,150.87579345703125
2022-02-09,172.07000732421875,172.24000549316406,171.25,171.49000549316406,5387500,150.8582000732422
2022-02-10,171.2100067138672,171.22000122070312,169.3000030517578,169.4199981689453,10355300,149.0372314453125
2022-02-11,169.1199951171875,170.14999389648438,167.5399932861328,167.7100067138672,13125300,147.53297424316406
2022-02-14,167.7100067138672,167.97000122070312,163.80999755859375,165.60000610351562,8967600,145.67681884765625
2022-02-15,166.1300048828125,168.10000610351562,166.00999450683594,167.30999755859375,6631400,147.18112182617188
2022-02-16,166.49000549316406,167.83999633789062,165.7100067138672,167.2100067138672,8482400,147.0931396484375
2022-02-17,167.2100067138672,167.4499969482422,164.9199981689453,166.19000244140625,6227600,146.1958465576172
2022-02-18,164.97999572753906,165.36000061035156,162.94000244140625,163.36000061035156,6423200,144.62879943847656
2022-02-22,163.57000732421875,163.74000549316406,160.44000244140625,161.13999938964844,6868900,142.66336059570312
2022-02-23,161.50999450683594,162.63999938964844,160.85000610351562,161.22000122070312,8016900,142.73416137695312
2022-02-24,159.77999877929688,160.1300048828125,155.72000122070312,158.13999938964844,12883400,140.00732421875
2022-02-25,160.0,166.99000549316406,159.6999969482422,166.0,11340400,146.966064453125
2022-02-28,162.8699951171875,165.17999267578125,162.3800048828125,164.57000732421875,9373500,145.70005798339844
2022-03-01,163.0399932861328,164.75,162.41000366210938,164.0,8737800,145.19541931152344
2022-03-02,164.41000366210938,167.6300048828125,164.0399932861328,166.0399932861328,6793300,147.0015106201172
2022-03-03,166.6999969482422,169.33999633789062,166.32000732421875,168.47999572753906,7333700,149.16172790527344
2022-03-04,167.63999938964844,169.86000061035156,166.85000610351562,169.47999572753906,6302500,150.0470733642578
2022-03-07,168.3000030517578,173.1199951171875,167.36000061035156,172.2100067138672,11663400,152.4640350341797
2022-03-08,172.0399932861328,173.1199951171875,168.50999450683594,168.72000122070312,11100300,149.3742218017578
2022-03-09,170.00999450683594,170.22999572753906,167.88999938964844,169.36000061035156,7248200,149.94082641601562
2022-03-10,168.55999755859375,170.14999389648438,168.0800018310547,169.66000366210938,6171400,150.2064208984375
2022-03-11,169.1300048828125,171.4600067138672,169.02000427246094,169.35000610351562,5188000,149.93199157714844
2022-03-14,170.67999267578125,174.1199951171875,170.35000610351562,171.69000244140625,7729500,152.003662109375
2022-03-15,173.3300018310547,176.52000427246094,172.5500030517578,176.13999938964844,10554400,155.94342041015625
2022-03-16,175.4600067138672,176.9499969482422,172.55999755859375,174.52000427246094,9603300,154.5091552734375
2022-03-17,175.2100067138672,176.83999633789062,174.1999969482422,176.8000030517578,7472100,156.52774047851562
2022-03-18,177.0,177.0,173.66000366210938,174.83999633789062,13809500,154.79244995117188
2022-03-21,174.66000366210938,177.16000366210938,174.32000732421875,175.8300018310547,7574900,155.66896057128906
2022-03-22,175.8300018310547,176.3699951171875,173.91000366210938,175.0,8442100,154.93414306640625
2022-03-23,175.22999572753906,175.5399932861328,174.08999633789062,174.33999633789062,5254200,154.34982299804688
2022-03-24,175.0,175.5399932861328,174.07000732421875,175.24000549316406,5012300,155.14659118652344
2022-03-25,175.69000244140625,177.6999969482422,175.22000122070312,176.9199981689453,4809500,156.6339874267578
2022-03-28,176.64999389648438,178.17999267578125,176.35000610351562,177.8300018310547,5604200,157.43963623046875
2022-03-29,178.6199951171875,179.39999389648438,176.8000030517578,177.74000549316406,5933400,157.3599853515625
2022-03-30,178.44000244140625,179.86000061035156,177.67999267578125,179.58999633789062,6277600,158.99781799316406
2022-03-31,179.58999633789062,180.2100067138672,176.97999572753906,177.22999572753906,11490400,156.90843200683594
2022-04-01,177.0500030517578,178.42999267578125,175.60000610351562,178.19000244140625,6525600,157.7583465576172
2022-04-04,178.19000244140625,178.19000244140625,175.52000427246094,176.47000122070312,6860600,156.23558044433594
2022-04-05,176.47000122070312,179.64999389648438,176.2899932861328,177.61000061035156,7446100,157.2448272705078
2022-04-06,179.38999938964844,182.6000061035156,178.6199951171875,182.22999572753903,10330900,161.33509826660156
2022-04-07,181.6699981689453,182.9499969482422,180.22999572753903,181.759994506836,7385200,160.91900634765625
2022-04-08,181.3300018310547,183.19000244140625,180.42999267578125,182.1199951171875,7144500,161.23768615722656
2022-04-11,183.0,184.1999969482422,179.60000610351562,179.83999633789062,5932000,159.21917724609375
2022-04-12,179.1999969482422,180.8099975585937,178.1999969482422,179.89999389648438,5957500,159.2722930908203
2022-04-13,179.89999389648438,180.83999633789065,179.24000549316406,180.6600036621093,5643100,159.94517517089844
2022-04-14,180.0,181.3999938964844,179.72999572753906,179.89999389648438,6188200,159.2722930908203
2022-04-18,179.72999572753906,180.38999938964844,176.74000549316406,177.66000366210938,6318700,157.2891387939453
2022-04-19,180.72000122070312,185.94000244140625,179.9499969482422,183.0800018310547,14380800,162.08766174316406
2022-04-20,182.2400054931641,184.32000732421875,181.8999938964844,183.88999938964844,8044900,162.80474853515625
2022-04-21,183.92999267578125,184.8699951171875,182.5599975585937,183.3600006103516,6969200,162.3355255126953
2022-04-22,182.47000122070312,183.1499938964844,181.3800048828125,181.5399932861328,8003600,160.72421264648438
2022-04-25,182.33999633789065,186.69000244140625,182.1000061035156,186.009994506836,11176500,164.68165588378906
2022-04-26,185.1000061035156,186.57000732421875,184.17999267578125,184.67999267578125,10190000,163.50421142578125
2022-04-27,184.2400054931641,184.82000732421875,181.7400054931641,182.1000061035156,11090100,161.22003173828125
2022-04-28,182.25,184.5,181.9199981689453,183.4600067138672,9403900,162.42408752441406
2022-04-29,182.5,182.5500030517578,180.1999969482422,180.4600067138672,8463100,159.76806640625
2022-05-02,180.47000122070312,181.4100036621093,177.02999877929688,178.63999938964844,7145400,158.15675354003906
2022-05-03,178.8000030517578,180.6300048828125,177.67999267578125,178.2899932861328,5898700,157.84690856933594
2022-05-04,178.14999389648438,180.5,177.14999389648438,180.1999969482422,5923000,159.5378875732422
2022-05-05,179.4199981689453,179.7100067138672,175.27000427246094,176.75999450683594,7089200,156.49229431152344
2022-05-06,175.13999938964844,176.8699951171875,174.69000244140625,176.3699951171875,6434000,156.14703369140625
2022-05-09,175.4499969482422,178.55999755859375,174.58999633789062,177.3300018310547,7855200,156.99697875976562
2022-05-10,178.22999572753906,179.17999267578125,176.5,177.08999633789062,8186700,156.7844696044922
2022-05-11,175.9600067138672,178.32000732421875,175.8800048828125,176.1300048828125,6138900,155.9345703125
2022-05-12,176.47000122070312,177.9499969482422,174.7100067138672,177.8699951171875,6898600,157.4750518798828
2022-05-13,178.6999969482422,178.88999938964844,175.8000030517578,176.85000610351562,7732200,156.57200622558594
2022-05-16,176.85000610351562,179.1300048828125,176.1699981689453,178.0800018310547,5516700,157.66098022460938
2022-05-17,178.72000122070312,179.6999969482422,176.58999633789062,178.82000732421875,5751100,158.31613159179688
2022-05-18,178.83999633789062,179.3699951171875,175.1699981689453,175.5,8608800,155.37680053710938
2022-05-19,174.72000122070312,174.8000030517578,172.69000244140625,173.94000244140625,6874500,153.9956817626953
2022-05-20,174.85000610351562,177.16000366210938,174.0500030517578,176.97999572753906,7522100,156.6870880126953
2022-05-23,177.60000610351562,179.92999267578125,177.4600067138672,179.44000244140625,7040800,159.88589477539062
2022-05-24,179.25,181.7400054931641,179.10000610351562,181.3999938964844,6419800,161.63230895996094
2022-05-25,180.52999877929688,181.5500030517578,179.05999755859375,179.6199951171875,6558900,160.04627990722656
2022-05-26,181.0,181.0,178.60000610351562,179.4600067138672,6897600,159.90370178222656
2022-05-27,179.75999450683594,181.1600036621093,178.22999572753906,181.08999633789065,5853600,161.3560791015625
2022-05-31,178.0,180.1699981689453,175.00999450683594,179.52999877929688,16391400,159.96609497070312
2022-06-01,179.14999389648438,179.8300018310547,175.89999389648438,177.7100067138672,5175400,158.3444366455078
2022-06-02,177.74000549316406,177.80999755859375,174.58999633789062,177.14999389648438,8666500,157.8454132080078
2022-06-03,177.07000732421875,178.6699981689453,176.14999389648438,176.4199981689453,4234200,157.19496154785156
2022-06-06,177.2100067138672,178.5,176.0,176.39999389648438,5386500,157.17713928222656
2022-06-07,176.97999572753906,179.3000030517578,176.39999389648438,178.33999633789062,5447800,158.90576171875
2022-06-08,178.10000610351562,179.4499969482422,176.8000030517578,177.27999877929688,4333100,157.9612579345703
2022-06-09,177.2100067138672,178.64999389648438,173.63999938964844,173.7100067138672,5509600,154.7803192138672
2022-06-10,172.1699981689453,173.97000122070312,170.6199951171875,172.5500030517578,6647300,153.74671936035156
2022-06-13,170.0800018310547,172.25,170.0800018310547,170.80999755859375,7997000,152.19631958007812
2022-06-14,171.05999755859375,171.11000061035156,167.25999450683594,168.19000244140625,7116800,149.86183166503906
2022-06-15,169.63999938964844,171.44000244140625,168.63999938964844,169.99000549316406,7796100,151.4656982421875
2022-06-16,168.39999389648438,170.2100067138672,167.41000366210938,170.0800018310547,7056700,151.5458526611328
2022-06-17,170.6300048828125,172.1999969482422,169.24000549316406,169.4600067138672,12486600,150.99346923828125
2022-06-21,170.75,173.86000061035156,169.55999755859375,173.00999450683594,8219700,154.1565704345703
2022-06-22,172.0,177.9199981689453,171.69000244140625,175.74000549316406,10593100,156.58909606933594
2022-06-23,177.0,179.82000732421875,176.52000427246094,179.66000366210938,10223500,160.08193969726562
2022-06-24,180.77999877929688,182.52999877929688,179.97999572753906,182.2899932861328,9374400,162.42529296875
2022-06-27,181.63999938964844,183.3500061035156,181.5,182.1199951171875,5908600,162.27383422851562
2022-06-28,182.1699981689453,182.97000122070312,176.30999755859375,176.94000244140625,9245700,157.6583251953125
2022-06-29,177.22000122070312,178.3000030517578,176.42999267578125,176.99000549316406,7097900,157.70286560058594
2022-06-30,176.86000061035156,178.2899932861328,175.02999877929688,177.50999450683594,10777200,158.1661834716797
2022-07-01,177.4499969482422,179.72000122070312,176.69000244140625,179.52000427246094,5498400,159.95718383789062
2022-07-05,178.8300018310547,179.1300048828125,174.61000061035156,178.13999938964844,5676400,158.72755432128906
2022-07-06,178.07000732421875,179.44000244140625,177.41000366210938,178.3000030517578,5335600,158.8701171875
2022-07-07,177.86000061035156,179.1199951171875,177.50999450683594,178.5,5725800,159.04830932617188
2022-07-08,178.3300018310547,179.99000549316406,177.77000427246094,178.27999877929688,3828300,158.852294921875
2022-07-11,177.6999969482422,179.02000427246094,177.52000427246094,178.35000610351562,3645200,158.91464233398438
2022-07-12,177.97999572753906,178.4499969482422,175.1999969482422,175.85000610351562,4708800,156.68711853027344
2022-07-13,175.66000366210938,176.3300018310547,174.5,175.44000244140625,5291700,156.32176208496094
2022-07-14,172.52999877929688,176.00999450683594,172.3000030517578,175.67999267578125,5359600,156.53562927246094
2022-07-15,177.7100067138672,178.50999450683594,176.5500030517578,178.22999572753906,5691100,158.8077392578125
2022-07-18,177.74000549316406,178.19000244140625,173.91000366210938,174.22999572753906,7605700,155.24362182617188
2022-07-19,176.3300018310547,176.75,169.8800048828125,171.69000244140625,13256400,152.9804229736328
2022-07-20,172.1999969482422,172.5500030517578,169.75999450683594,170.7100067138672,7455800,152.10720825195312
2022-07-21,170.0500030517578,171.38999938964844,169.77000427246094,171.30999755859375,5729200,152.64183044433594
2022-07-22,171.60000610351562,172.49000549316406,171.05999755859375,172.1199951171875,4257000,153.36354064941406
2022-07-25,172.1199951171875,172.97999572753906,171.72000122070312,172.4600067138672,4437300,153.66651916503906
2022-07-26,172.55999755859375,174.97999572753906,172.49000549316406,173.67999267578125,4525500,154.75352478027344
2022-07-27,172.6300048828125,174.10000610351562,171.1300048828125,173.1999969482422,4648500,154.32589721679688
2022-07-28,173.39999389648438,176.08999633789062,171.44000244140625,174.1999969482422,5513000,155.21690368652344
2022-07-29,173.7899932861328,174.85000610351562,172.91000366210938,174.52000427246094,6451400,155.5020294189453
2022-08-01,174.1699981689453,175.16000366210938,173.5399932861328,173.91000366210938,5461400,154.95852661132812
2022-08-02,175.00999450683594,175.49000549316406,172.6999969482422,172.9199981689453,5794200,154.07640075683594
2022-08-03,172.5500030517578,175.25999450683594,171.77000427246094,174.58999633789062,5010000,155.56443786621094
2022-08-04,174.80999755859375,175.08999633789062,171.60000610351562,171.7899932861328,5651600,153.06951904296875
2022-08-05,171.3000030517578,171.52999877929688,169.7899932861328,171.11000061035156,5235500,152.463623046875
2022-08-08,171.3000030517578,171.47999572753906,169.44000244140625,170.1999969482422,4629800,151.65277099609375
2022-08-09,170.5399932861328,171.1199951171875,169.72999572753906,170.17999267578125,5532500,151.63494873046875
2022-08-10,171.02000427246094,171.24000549316406,169.52999877929688,170.6699981689453,5603400,152.07159423828125
2022-08-11,168.52000427246094,169.9499969482422,166.97999572753906,167.13999938964844,9328700,148.92623901367188
2022-08-12,167.5399932861328,167.94000244140625,165.14999389648438,165.3000030517578,14606900,147.2867431640625
2022-08-15,166.0,166.75,165.1300048828125,166.08999633789062,10072000,147.9906768798828
2022-08-16,165.86000061035156,168.25,165.60000610351562,167.57000732421875,7453600,149.3094024658203
2022-08-17,166.41000366210938,168.55999755859375,166.41000366210938,167.5800018310547,7406600,149.3183135986328
2022-08-18,167.67999267578125,168.3000030517578,165.92999267578125,166.77000427246094,8312100,148.5965576171875
2022-08-19,167.10000610351562,170.1199951171875,167.0,169.30999755859375,8128500,150.85980224609375
2022-08-22,168.89999389648438,168.9199981689453,167.1699981689453,167.58999633789062,5462600,150.33055114746094
2022-08-23,167.0,167.77000427246094,165.8000030517578,166.1300048828125,5566300,149.0209197998047
2022-08-24,166.55999755859375,166.58999633789062,165.07000732421875,165.5800018310547,5684300,148.52757263183594
2022-08-25,165.9499969482422,167.24000549316406,164.6999969482422,167.1300048828125,5678700,149.91790771484375
2022-08-26,167.4600067138672,167.5,164.1999969482422,164.27000427246094,5667100,147.3524627685547
2022-08-29,163.47000122070312,163.83999633789062,162.02000427246094,163.0,5259200,146.21322631835938
2022-08-30,163.3000030517578,163.5399932861328,162.02999877929688,162.42999267578125,6973300,145.7019805908203
2022-08-31,163.22999572753906,163.5500030517578,161.27000427246094,161.33999633789062,8741700,144.72421264648438
2022-09-01,161.49000549316406,165.5,161.47999572753906,165.33999633789062,7509600,148.31227111816406
2022-09-02,165.86000061035156,166.1999969482422,162.00999450683594,162.74000549316406,5803700,145.9800262451172
2022-09-06,163.94000244140625,166.22000122070312,162.82000732421875,163.17999267578125,7394600,146.3747100830078
2022-09-07,162.91000366210938,164.4199981689453,162.16000366210938,164.07000732421875,4590600,147.173095703125
2022-09-08,163.8800048828125,165.4199981689453,163.0800018310547,165.38999938964844,5838400,148.35708618164062
2022-09-09,164.99000549316406,166.1999969482422,164.38999938964844,165.7100067138672,5500600,148.6441650390625
2022-09-12,166.11000061035156,166.57000732421875,165.22000122070312,165.63999938964844,6365300,148.58139038085938
2022-09-13,163.57000732421875,164.44000244140625,160.80999755859375,161.3300018310547,6726400,144.71524047851562
2022-09-14,162.3800048828125,165.36000061035156,162.3800048828125,164.66000366210938,9555700,147.7023162841797
2022-09-15,164.4499969482422,166.07000732421875,164.10000610351562,165.0800018310547,7174500,148.0790557861328
2022-09-16,165.32000732421875,167.6300048828125,164.75,167.60000610351562,20201500,150.3395538330078
2022-09-19,166.3000030517578,166.42999267578125,164.0800018310547,166.27999877929688,7380900,149.15542602539062
2022-09-20,165.22000122070312,165.89999389648438,164.32000732421875,164.97000122070312,7143400,147.9803924560547
2022-09-21,165.02000427246094,166.8000030517578,163.24000549316406,163.27999877929688,8071200,146.4644317626953
2022-09-22,163.14999389648438,167.16000366210938,162.8300018310547,166.17999267578125,7401100,149.06576538085938
2022-09-23,165.74000549316406,167.47999572753906,164.66000366210938,166.72000122070312,9598600,149.55014038085938
2022-09-26,165.8000030517578,166.83999633789062,164.3800048828125,165.6999969482422,8735500,148.63519287109375
2022-09-27,166.36000061035156,167.6699981689453,164.39999389648438,164.94000244140625,8686700,147.95347595214844
2022-09-28,166.25,167.3800048828125,165.10000610351562,166.36000061035156,8660900,149.2272491455078
2022-09-29,166.47999572753906,167.1699981689453,163.88999938964844,164.52999877929688,7008100,147.585693359375
2022-09-30,165.0,165.74000549316406,163.32000732421875,163.36000061035156,8985200,146.53619384765625
2022-10-03,164.2899932861328,164.3800048828125,161.6999969482422,163.1999969482422,8657000,146.3926544189453
2022-10-04,163.85000610351562,166.0,162.9199981689453,165.6199951171875,6236100,148.5634307861328
2022-10-05,165.02000427246094,166.0399932861328,164.2100067138672,165.11000061035156,4539400,148.10594177246094
2022-10-06,164.7899932861328,165.0,161.69000244140625,161.91000366210938,5890700,145.23550415039062
2022-10-07,161.77000427246094,162.22000122070312,159.1699981689453,160.1999969482422,6363500,143.70159912109375
2022-10-10,160.6300048828125,161.27999877929688,159.17999267578125,160.41000366210938,5315600,143.8899688720703
2022-10-11,160.3699951171875,164.11000061035156,160.3699951171875,162.72999572753906,6212200,145.97105407714844
2022-10-12,162.94000244140625,164.8800048828125,162.5,162.69000244140625,4341700,145.93516540527344
2022-10-13,160.88999938964844,165.99000549316406,160.75,165.14999389648438,6465100,148.14183044433594
2022-10-14,164.44000244140625,165.67999267578125,163.60000610351562,164.4600067138672,5684600,147.52291870117188
2022-10-17,165.39999389648438,167.2100067138672,165.00999450683594,166.58999633789062,6710800,149.4335174560547
2022-10-18,165.0,167.1699981689453,163.0500030517578,166.00999450683594,10883600,148.9132843017578
2022-10-19,166.0,166.25,163.88999938964844,164.69000244140625,10044600,147.72923278808594
2022-10-20,165.0,165.74000549316406,164.3300018310547,165.11000061035156,5659900,148.10594177246094
2022-10-21,164.7100067138672,169.3699951171875,164.42999267578125,168.7100067138672,8487600,151.3352508544922
2022-10-24,169.80999755859375,172.0800018310547,169.25,170.97999572753906,6855500,153.37142944335938
2022-10-25,170.1699981689453,171.11000061035156,168.52000427246094,170.7100067138672,5661900,153.12925720214844
2022-10-26,171.32000732421875,172.57000732421875,170.52000427246094,172.2100067138672,6123800,154.47474670410156
2022-10-27,172.35000610351562,173.42999267578125,171.72000122070312,172.30999755859375,5390900,154.56443786621094
2022-10-28,173.0,175.38999938964844,172.58999633789062,174.8699951171875,6073900,156.8607940673828
2022-10-31,174.52000427246094,175.16000366210938,173.4199981689453,173.97000122070312,7810000,156.05349731445312
2022-11-01,174.05999755859375,174.6300048828125,170.4199981689453,173.08999633789062,6985000,155.26409912109375
2022-11-02,172.88999938964844,173.94000244140625,170.2899932861328,170.42999267578125,6877300,152.87808227539062
2022-11-03,169.80999755859375,171.47000122070312,168.94000244140625,170.72000122070312,4819900,153.1382293701172
2022-11-04,171.55999755859375,172.5,169.24000549316406,171.47999572753906,5300900,153.81991577148438
2022-11-07,171.6699981689453,173.85000610351562,171.44000244140625,172.97999572753906,6621000,155.1654815673828
2022-11-08,173.1300048828125,174.69000244140625,172.17999267578125,173.83999633789062,5148400,155.9368896484375
2022-11-09,174.27000427246094,175.0,172.33999633789062,172.4499969482422,6150000,154.69004821777344
2022-11-10,174.35000610351562,174.77000427246094,172.0399932861328,174.47000122070312,7877500,156.5019989013672
2022-11-11,172.72999572753906,173.11000061035156,166.82000732421875,169.25,11074700,151.81961059570312
2022-11-14,170.25,173.25999450683594,170.25,171.91000366210938,6581500,154.2056427001953
2022-11-15,172.19000244140625,173.0,170.52000427246094,172.38999938964844,9351000,154.63621520996094
2022-11-16,173.63999938964844,174.99000549316406,173.1300048828125,173.4600067138672,5500900,155.59603881835938
2022-11-17,173.0,174.99000549316406,172.97999572753906,174.86000061035156,4464100,156.8518524169922
2022-11-18,175.0,176.63999938964844,174.6199951171875,176.1999969482422,6555700,158.0538330078125
2022-11-21,175.88999938964844,176.5500030517578,174.8300018310547,175.97000122070312,5706600,158.8663787841797
2022-11-22,176.39999389648438,177.19000244140625,176.3300018310547,176.82000732421875,4707900,159.63372802734375
2022-11-23,176.44000244140625,177.39999389648438,176.00999450683594,177.00999450683594,5389200,159.80526733398438
2022-11-25,177.3800048828125,178.1199951171875,176.86000061035156,177.24000549316406,3058600,160.01290893554688
2022-11-28,176.75,177.77000427246094,176.55999755859375,177.3300018310547,6183100,160.09417724609375
2022-11-29,177.00999450683594,177.25999450683594,174.66000366210938,176.08999633789062,6700500,158.97467041015625
2022-11-30,176.3699951171875,178.00999450683594,174.77999877929688,178.0,13288000,160.69906616210938
2022-12-01,179.0,179.9600067138672,177.77000427246094,178.74000549316406,6282600,161.3671112060547
2022-12-02,177.5,178.9600067138672,176.9600067138672,178.8800048828125,5823900,161.49349975585938
2022-12-05,178.36000061035156,179.36000061035156,178.0,178.77999877929688,5120600,161.4032440185547
2022-12-06,179.9199981689453,180.0,175.92999267578125,176.10000610351562,7943500,158.98373413085938
2022-12-07,176.57000732421875,177.8800048828125,176.22999572753906,177.1699981689453,5702600,159.94972229003906
2022-12-08,176.82000732421875,177.47000122070312,176.33999633789062,177.1999969482422,4798500,159.976806640625
2022-12-09,177.1199951171875,177.88999938964844,175.66000366210938,175.74000549316406,4561000,158.65869140625
2022-12-12,175.9499969482422,177.8699951171875,175.60000610351562,177.83999633789062,4882400,160.55459594726562
2022-12-13,179.10000610351562,180.1999969482422,178.30999755859375,179.2100067138672,9177500,161.79147338867188
2022-12-14,178.5800018310547,181.0399932861328,178.5800018310547,179.75999450683594,9533600,162.28797912597656
2022-12-15,179.1999969482422,179.83999633789062,176.39999389648438,177.49000549316406,7602400,160.2386016845703
2022-12-16,177.0,177.0,174.86000061035156,175.6699981689453,18841800,158.59548950195312
2022-12-19,175.35000610351562,176.1699981689453,174.07000732421875,175.47999572753906,5736000,158.4239959716797
2022-12-20,176.0,176.44000244140625,175.1699981689453,175.6699981689453,6174700,158.59548950195312
2022-12-21,176.27000427246094,178.17999267578125,175.64999389648438,177.67999267578125,5472000,160.41015625
2022-12-22,176.77000427246094,177.50999450683594,175.33999633789062,177.02999877929688,5709100,159.82333374023438
2022-12-23,176.6699981689453,177.52000427246094,175.80999755859375,177.47999572753906,3683400,160.22959899902344
2022-12-27,178.11000061035156,178.35000610351562,176.99000549316406,177.42999267578125,3067300,160.1844482421875
2022-12-28,177.75999450683594,178.4499969482422,176.64999389648438,176.66000366210938,2645400,159.48927307128906
2022-12-29,177.5500030517578,178.3000030517578,177.07000732421875,177.55999755859375,2828800,160.30184936523438
2022-12-30,177.49000549316406,177.77000427246094,175.39999389648438,176.64999389648438,4216600,159.4802703857422
2023-01-03,176.16000366210938,178.3800048828125,176.00999450683594,178.19000244140625,6344900,160.87057495117188
2023-01-04,178.88999938964844,180.19000244140625,178.47999572753906,180.1300048828125,9788800,162.62205505371094
2023-01-05,179.02000427246094,179.99000549316406,178.41000366210938,178.8000030517578,6255300,161.42129516601562
2023-01-06,180.1300048828125,180.92999267578125,179.38999938964844,180.25,5706000,162.73037719726562
2023-01-09,179.3000030517578,179.75999450683594,175.17999267578125,175.5800018310547,7925300,158.51425170898438
2023-01-10,175.6999969482422,176.13999938964844,174.32000732421875,175.16000366210938,5047500,158.1350860595703
2023-01-11,175.57000732421875,175.72000122070312,172.11000061035156,174.8800048828125,6494800,157.88232421875
2023-01-12,174.25999450683594,174.7100067138672,172.8000030517578,174.0,4269400,157.0878448486328
2023-01-13,173.19000244140625,174.00999450683594,172.3800048828125,173.42999267578125,6088000,156.5732421875
2023-01-17,174.0,174.5800018310547,172.08999633789062,172.36000061035156,6053300,155.60723876953125
2023-01-18,171.64999389648438,172.0,169.7100067138672,169.75999450683594,7047800,153.2599334716797
2023-01-19,169.02999877929688,171.27999877929688,168.7100067138672,169.52999877929688,6939500,153.05230712890625
2023-01-20,170.10000610351562,170.11000061035156,167.47999572753906,168.74000549316406,8620600,152.33908081054688
2023-01-23,169.10000610351562,169.6300048828125,167.9499969482422,168.30999755859375,8425400,151.9508819580078
2023-01-24,169.02000427246094,170.99000549316406,166.00999450683594,168.30999755859375,10541800,151.9508819580078
2023-01-25,167.1699981689453,169.50999450683594,167.0800018310547,169.50999450683594,7099800,153.03424072265625
2023-01-26,169.5500030517578,169.91000366210938,168.64999389648438,168.88999938964844,6946100,152.47451782226562
2023-01-27,168.5399932861328,168.8699951171875,167.77000427246094,168.22999572753906,6058100,151.87863159179688
2023-01-30,167.92999267578125,168.5399932861328,161.0800018310547,162.0,23259100,146.25418090820312
2023-01-31,161.6999969482422,163.42999267578125,161.0500030517578,163.4199981689453,11612500,147.53619384765625
2023-02-01,162.99000549316406,165.97999572753906,162.39999389648438,164.9199981689453,9865300,148.890380859375
2023-02-02,163.0,166.22000122070312,162.82000732421875,165.5399932861328,10099000,149.4501190185547
2023-02-03,166.02999877929688,166.33999633789062,163.88999938964844,164.61000061035156,6868500,148.61050415039062
2023-02-06,164.5500030517578,164.85000610351562,163.10000610351562,163.36000061035156,7021000,147.48202514648438
2023-02-07,161.60000610351562,163.8800048828125,161.4199981689453,163.39999389648438,7310800,147.51808166503906
2023-02-08,163.3000030517578,164.55999755859375,162.89999389648438,163.61000061035156,6054700,147.7077178955078
2023-02-09,163.6300048828125,164.8000030517578,161.07000732421875,161.39999389648438,7949500,145.71249389648438
2023-02-10,161.77000427246094,162.7899932861328,161.35000610351562,162.14999389648438,7028000,146.38958740234375
2023-02-13,161.3300018310547,162.82000732421875,161.14999389648438,162.75,6414700,146.93128967285156
2023-02-14,162.74000549316406,162.97000122070312,161.75999450683594,162.0399932861328,6316000,146.29029846191406
2023-02-15,161.9499969482422,161.97999572753906,159.2899932861328,159.3699951171875,12621800,143.8798065185547
2023-02-16,159.07000732421875,159.64999389648438,157.9199981689453,158.24000549316406,11177000,142.8596649169922
2023-02-17,157.02000427246094,161.11000061035156,156.6199951171875,160.38999938964844,12401900,145.84213256835938
2023-02-21,159.64999389648438,160.35000610351562,157.88999938964844,158.0,9423900,143.6689453125
2023-02-22,158.5,158.85000610351562,157.3699951171875,157.77999877929688,9820200,143.46888732910156
2023-02-23,157.7100067138672,158.58999633789062,156.6699981689453,157.72999572753906,9385100,143.4234161376953
2023-02-24,156.64999389648438,156.85000610351562,155.2100067138672,155.97000122070312,8689700,141.82305908203125
2023-02-27,156.4499969482422,156.89999389648438,155.0800018310547,155.6300048828125,7267100,141.51390075683594
2023-02-28,154.97999572753906,155.27000427246094,153.0399932861328,153.25999450683594,9062300,139.35885620117188
2023-03-01,153.00999450683594,153.24000549316406,151.91000366210938,152.57000732421875,6767000,138.73143005371094
2023-03-02,151.75,152.75999450683594,151.22999572753906,152.4499969482422,8762500,138.62229919433594
2023-03-03,153.3699951171875,154.1199951171875,152.83999633789062,154.02000427246094,5747200,140.0499267578125
2023-03-06,154.66000366210938,155.72999572753906,154.57000732421875,155.55999755859375,8148200,141.45022583007812
2023-03-07,156.08999633789062,156.25,153.35000610351562,154.08999633789062,7457700,140.11358642578125
2023-03-08,153.97999572753906,154.1999969482422,152.47999572753906,152.9600067138672,6230500,139.08604431152344
2023-03-09,153.4600067138672,153.60000610351562,150.7100067138672,151.24000549316406,7439400,137.52207946777344
2023-03-10,151.86000061035156,153.49000549316406,151.10000610351562,151.61000061035156,8504300,137.85850524902344
2023-03-13,152.08999633789062,155.91000366210938,151.57000732421875,153.05999755859375,10799600,139.177001953125
2023-03-14,153.27999877929688,154.02999877929688,151.89999389648438,153.9199981689453,8421200,139.95896911621094
2023-03-15,152.83999633789062,154.88999938964844,152.52999877929688,154.35000610351562,7757700,140.3499755859375
2023-03-16,153.4499969482422,154.3699951171875,152.60000610351562,154.02999877929688,7605500,140.05899047851562
2023-03-17,154.47999572753906,154.9499969482422,152.3000030517578,152.3800048828125,20540700,138.55868530273438
2023-03-20,152.47000122070312,154.07000732421875,152.3800048828125,153.88999938964844,7129000,139.93174743652344
2023-03-21,154.0,154.1300048828125,152.1699981689453,153.88999938964844,8376800,139.93174743652344
2023-03-22,153.85000610351562,154.05999755859375,151.02999877929688,151.0500030517578,7943500,137.3493194580078
2023-03-23,151.17999267578125,151.69000244140625,150.11000061035156,151.1300048828125,9051500,137.4220733642578
2023-03-24,151.47999572753906,152.75999450683594,150.8300018310547,152.64999389648438,5696200,138.80418395996094
2023-03-27,154.1999969482422,154.5399932861328,153.11000061035156,153.3000030517578,6772300,139.39523315429688
2023-03-28,152.38999938964844,153.4499969482422,151.72999572753906,151.82000732421875,6115300,138.0494842529297
2023-03-29,152.24000549316406,153.3800048828125,152.07000732421875,153.30999755859375,6012000,139.40432739257812
2023-03-30,153.5800018310547,153.8000030517578,152.80999755859375,153.42999267578125,4555700,139.513427734375
2023-03-31,153.7899932861328,155.19000244140625,153.24000549316406,155.0,9890000,140.94102478027344
2023-04-03,154.9499969482422,157.00999450683594,153.94000244140625,156.85000610351562,6841900,142.62322998046875
2023-04-04,156.97000122070312,158.97000122070312,156.58999633789062,158.49000549316406,8314500,144.114501953125
2023-04-05,164.3699951171875,165.66000366210938,162.75999450683594,165.61000061035156,16704200,150.58868408203125
2023-04-06,165.99000549316406,167.22999572753906,164.8000030517578,165.14999389648438,9615400,150.17037963867188
2023-04-10,164.6300048828125,164.83999633789062,163.63999938964844,164.32000732421875,5354000,149.41566467285156
2023-04-11,164.4199981689453,165.27999877929688,164.0399932861328,164.27000427246094,5903800,149.37022399902344
2023-04-12,163.94000244140625,164.83999633789062,163.10000610351562,163.9199981689453,5764100,149.05197143554688
2023-04-13,164.17999267578125,166.3300018310547,163.80999755859375,166.11000061035156,5640600,151.04331970214844
2023-04-14,165.97000122070312,166.1199951171875,164.05999755859375,165.83999633789062,7225100,150.79782104492188
2023-04-17,165.74000549316406,166.24000549316406,164.94000244140625,165.6699981689453,8046400,150.64320373535156
2023-04-18,164.25,164.69000244140625,159.64999389648438,161.00999450683594,14571500,146.40589904785156
2023-04-19,161.99000549316406,162.67999267578125,161.1699981689453,162.52999877929688,6752000,147.7880401611328
2023-04-20,162.42999267578125,163.82000732421875,160.9600067138672,163.5800018310547,9498800,148.74278259277344
2023-04-21,164.44000244140625,164.97000122070312,161.97000122070312,162.69000244140625,7014200,147.9335174560547
2023-04-24,162.69000244140625,163.80999755859375,161.8699951171875,163.67999267578125,5278900,148.83372497558594
2023-04-25,164.30999755859375,165.35000610351562,164.16000366210938,165.17999267578125,6263100,150.19769287109375
2023-04-26,164.08999633789062,164.38999938964844,162.24000549316406,162.6199951171875,5518200,147.869873046875
2023-04-27,162.89999389648438,163.41000366210938,162.1300048828125,163.0,5739700,148.21542358398438
2023-04-28,162.80999755859375,163.75999450683594,162.55999755859375,163.6999969482422,6024900,148.8519287109375
2023-05-01,163.60000610351562,164.3000030517578,162.24000549316406,163.60000610351562,4893400,148.760986328125
2023-05-02,164.33999633789062,165.47999572753906,163.55999755859375,165.02999877929688,7541700,150.061279296875
2023-05-03,165.5500030517578,166.17999267578125,162.50999450683594,162.8699951171875,5937200,148.0972137451172
2023-05-04,162.67999267578125,162.89999389648438,161.25,162.1300048828125,5128000,147.42433166503906
2023-05-05,162.83999633789062,163.1300048828125,161.69000244140625,162.67999267578125,5194500,147.92442321777344
2023-05-08,161.99000549316406,162.57000732421875,161.33999633789062,162.30999755859375,4994900,147.5880126953125
2023-05-09,161.75,162.1300048828125,160.7899932861328,161.0500030517578,5520500,146.44227600097656
2023-05-10,161.1999969482422,161.97000122070312,160.05999755859375,161.64999389648438,6756600,146.9878387451172
2023-05-11,161.8300018310547,162.19000244140625,159.38999938964844,160.99000549316406,5867600,146.38772583007812
2023-05-12,161.36000061035156,161.55999755859375,160.00999450683594,160.77999877929688,3904200,146.19676208496094
2023-05-15,160.8000030517578,161.02999877929688,158.94000244140625,159.5500030517578,5104500,145.07835388183594
2023-05-16,159.05999755859375,160.25,158.52999877929688,159.33999633789062,5599200,144.88739013671875
2023-05-17,159.7899932861328,160.05999755859375,157.77000427246094,158.99000549316406,6840700,144.56915283203125
2023-05-18,158.66000366210938,158.92999267578125,157.55999755859375,158.47999572753906,5173000,144.10537719726562
2023-05-19,158.58999633789062,159.92999267578125,158.13999938964844,158.91000366210938,6527100,144.49639892578125
2023-05-22,158.0,159.13999938964844,156.77999877929688,156.8699951171875,5675900,143.71766662597656
2023-05-23,157.10000610351562,158.27000427246094,156.3699951171875,156.80999755859375,5793000,143.6626739501953
2023-05-24,157.0800018310547,157.13999938964844,155.9199981689453,156.66000366210938,5015100,143.52525329589844
2023-05-25,156.0500030517578,156.2899932861328,153.72000122070312,154.41000366210938,6886100,141.4639129638672
2023-05-26,154.69000244140625,155.27999877929688,154.1999969482422,154.35000610351562,6845400,141.40892028808594
2023-05-30,153.97000122070312,155.3800048828125,153.32000732421875,154.3699951171875,5593100,141.42724609375
2023-05-31,154.6999969482422,155.69000244140625,153.85000610351562,155.05999755859375,11324600,142.0594024658203
2023-06-01,154.5399932861328,155.0399932861328,153.14999389648438,154.5399932861328,7901300,141.58299255371094
2023-06-02,154.72000122070312,157.30999755859375,154.08999633789062,156.97000122070312,7659700,143.8092498779297
2023-06-05,156.75,158.63999938964844,156.75,158.32000732421875,6430500,145.0460662841797
2023-06-06,159.5800018310547,159.61000061035156,157.39999389648438,158.17999267578125,5073600,144.9178009033203
2023-06-07,158.10000610351562,158.8000030517578,157.44000244140625,158.52000427246094,6504300,145.2292938232422
2023-06-08,158.5,160.4199981689453,157.82000732421875,160.25999450683594,5818400,146.82342529296875
2023-06-09,160.4199981689453,160.72999572753906,159.47000122070312,160.00999450683594,6264400,146.5943603515625
2023-06-12,160.0,160.25,158.72999572753906,159.89999389648438,6510600,146.49359130859375
2023-06-13,159.72999572753906,160.83999633789062,159.14999389648438,160.74000549316406,6066800,147.26316833496094
2023-06-14,161.60000610351562,162.0800018310547,160.97999572753906,161.55999755859375,6699100,148.014404296875
2023-06-15,162.0500030517578,163.91000366210938,161.42999267578125,163.72999572753906,7138300,150.00245666503906
2023-06-16,164.47999572753906,164.99000549316406,163.8699951171875,164.22999572753906,13426600,150.4605712890625
2023-06-20,164.25999450683594,165.30999755859375,163.80999755859375,164.1300048828125,7995800,150.36892700195312
2023-06-21,163.5800018310547,164.9199981689453,162.69000244140625,163.8800048828125,7177500,150.13990783691406
2023-06-22,163.89999389648438,165.72000122070312,163.7899932861328,165.6199951171875,5485900,151.73403930664062
2023-06-23,166.11000061035156,166.27000427246094,165.02999877929688,165.47999572753906,9450700,151.60574340820312
2023-06-26,164.97999572753906,164.97999572753906,161.3300018310547,163.6300048828125,6978800,149.91087341308594
2023-06-27,163.67999267578125,163.8800048828125,162.44000244140625,163.2899932861328,4927500,149.59934997558594
2023-06-28,163.1999969482422,163.1999969482422,161.91000366210938,162.9600067138672,6780400,149.2970428466797
2023-06-29,162.63999938964844,164.32000732421875,162.22999572753906,164.10000610351562,4547500,150.3414764404297
2023-06-30,164.86000061035156,165.94000244140625,164.35000610351562,165.52000427246094,7580000,151.6424102783203
2023-07-03,164.33999633789062,164.38999938964844,162.9600067138672,163.35000610351562,4033700,149.6543426513672
2023-07-05,162.99000549316406,163.9199981689453,162.72999572753906,162.80999755859375,7224600,149.15963745117188
2023-07-06,162.25,162.3699951171875,161.0,161.60000610351562,6332500,148.05108642578125
2023-07-07,160.47000122070312,161.0399932861328,159.1999969482422,159.25,7022200,145.8980712890625
2023-07-10,159.42999267578125,160.3000030517578,159.0,159.50999450683594,5739200,146.13629150390625
2023-07-11,159.1300048828125,160.3000030517578,157.60000610351562,158.6300048828125,6606700,145.33006286621094
2023-07-12,158.94000244140625,158.94000244140625,157.8800048828125,158.0800018310547,6940400,144.82620239257812
2023-07-13,158.0,159.1300048828125,157.41000366210938,158.80999755859375,6401700,145.49497985839844
2023-07-14,159.17999267578125,160.22999572753906,158.97999572753906,159.8699951171875,5362200,146.4661407470703
2023-07-17,159.75,159.8699951171875,158.14999389648438,159.07000732421875,5486800,145.7332000732422
2023-07-18,159.07000732421875,160.88999938964844,158.19000244140625,159.05999755859375,6332500,145.72401428222656
2023-07-19,157.91000366210938,160.41000366210938,157.3300018310547,158.74000549316406,7522600,145.4308624267578
2023-07-20,161.94000244140625,169.13999938964844,161.3000030517578,168.3800048828125,21892900,154.26263427734375
2023-07-21,168.17999267578125,170.82000732421875,168.17999267578125,170.19000244140625,12080000,155.92086791992188
2023-07-24,171.5,173.82000732421875,170.99000549316406,171.0800018310547,15155400,156.73623657226562
2023-07-25,170.4499969482422,172.67999267578125,169.75,172.38999938964844,13790100,157.9364013671875
2023-07-26,172.0,173.85000610351562,171.39999389648438,172.72000122070312,14288200,158.23873901367188
2023-07-27,172.17999267578125,174.2899932861328,172.0399932861328,173.69000244140625,12446400,159.12741088867188
2023-07-28,174.0,175.36000061035156,173.22999572753906,174.47999572753906,14138800,159.8511962890625
2023-07-31,169.69000244140625,170.22000122070312,166.7100067138672,167.52999877929688,22632700,153.48390197753906
2023-08-01,166.3699951171875,169.08999633789062,166.05999755859375,168.88999938964844,15810300,154.7298583984375
2023-08-02,168.85000610351562,171.24000549316406,168.85000610351562,169.91000366210938,14595600,155.66433715820312
2023-08-03,169.9499969482422,171.32000732421875,169.6699981689453,170.63999938964844,17424800,156.33314514160156
2023-08-04,170.33999633789062,172.67999267578125,167.88999938964844,169.0399932861328,23415100,154.86729431152344
2023-08-07,169.49000549316406,173.33999633789062,169.36000061035156,173.10000610351562,17736400,158.5868682861328
2023-08-08,172.99000549316406,173.5500030517578,171.38999938964844,173.17999267578125,27378700,158.66015625
2023-08-09,173.0,174.25,172.0500030517578,173.07000732421875,42974400,158.55941772460938
2023-08-10,174.0,175.97000122070312,171.63999938964844,172.1699981689453,48213800,157.73484802246094
2023-08-11,172.47999572753906,173.9499969482422,171.6199951171875,173.85000610351562,45905600,159.2740020751953
2023-08-14,173.52000427246094,175.60000610351562,171.75,173.44000244140625,64036900,158.8983917236328
2023-08-15,172.8000030517578,174.55999755859375,172.13999938964844,172.94000244140625,88958100,158.4403076171875
2023-08-16,172.52999877929688,174.72999572753906,172.1300048828125,172.38999938964844,85832700,157.9364013671875
2023-08-17,172.86000061035156,175.38999938964844,172.75999450683594,174.00999450683594,70904200,159.4205780029297
2023-08-18,173.1699981689453,173.99000549316406,171.30999755859375,172.49000549316406,49631700,158.02801513671875
2023-08-21,169.69000244140625,169.85000610351562,165.9600067138672,167.35000610351562,151319500,153.31898498535156
2023-08-22,166.86000061035156,167.83999633789062,165.41000366210938,166.02000427246094,56834800,152.1005096435547
2023-08-23,165.89999389648438,166.5,163.47000122070312,164.52999877929688,119011400,150.7354278564453
2023-08-24,164.02999877929688,166.6699981689453,163.86000061035156,165.08999633789062,70755100,151.24844360351562
2023-08-25,164.3000030517578,167.77999877929688,164.05999755859375,166.25,18185500,153.4170684814453
2023-08-28,165.0,166.2100067138672,163.1699981689453,164.2899932861328,18458000,151.60833740234375
2023-08-29,164.8699951171875,165.67999267578125,162.77000427246094,164.30999755859375,12208600,151.62680053710938
2023-08-30,165.11000061035156,165.8300018310547,163.67999267578125,163.72999572753906,9939100,151.09156799316406
2023-08-31,163.3699951171875,163.57000732421875,161.27999877929688,161.67999267578125,15333000,149.19981384277344
2023-09-01,161.4199981689453,162.47999572753906,160.00999450683594,160.47999572753906,8610100,148.09246826171875
2023-09-05,160.55999755859375,161.97000122070312,160.27999877929688,160.67999267578125,9019800,148.27700805664062
2023-09-06,159.83999633789062,160.0,157.35000610351562,158.00999450683594,9753800,145.81312561035156
2023-09-07,159.13999938964844,161.05999755859375,158.97999572753906,160.02999877929688,9931800,147.67718505859375
2023-09-08,159.58999633789062,160.67999267578125,159.19000244140625,160.55999755859375,6957000,148.1663055419922
2023-09-11,161.05999755859375,162.69000244140625,160.4499969482422,162.66000366210938,6309300,150.1041717529297
2023-09-12,162.22000122070312,163.92999267578125,161.52999877929688,163.5800018310547,6045800,150.95315551757812
2023-09-13,163.75999450683594,164.9499969482422,163.0,163.99000549316406,7397500,151.33151245117188
2023-09-14,164.67999267578125,165.27000427246094,163.44000244140625,163.74000549316406,7758400,151.10079956054688
2023-09-15,163.97999572753906,164.82000732421875,161.2100067138672,161.4499969482422,13392100,148.98757934570312
2023-09-18,162.1199951171875,163.14999389648438,160.75,162.47000122070312,5789000,149.92884826660156
2023-09-19,162.25,162.85000610351562,161.3800048828125,162.1999969482422,5550800,149.67970275878906
2023-09-20,162.19000244140625,163.5399932861328,161.66000366210938,162.91000366210938,3837400,150.33489990234375
2023-09-21,162.57000732421875,163.5,161.58999633789062,161.66000366210938,4526700,149.18138122558594
2023-09-22,161.3000030517578,161.39999389648438,160.25,160.5,4976700,148.1109161376953
2023-09-25,160.07000732421875,160.36000061035156,158.72999572753906,160.25999450683594,6722500,147.8894500732422
2023-09-26,159.80999755859375,160.0800018310547,158.86000061035156,159.02000427246094,4904800,146.7451629638672
2023-09-27,158.5800018310547,158.75999450683594,155.25999450683594,157.11000061035156,10211600,144.98257446289062
2023-09-28,157.5,157.9600067138672,156.22000122070312,156.8800048828125,7861900,144.7703399658203
2023-09-29,157.3699951171875,157.60000610351562,155.35000610351562,155.75,7680700,143.7275848388672
2023-10-02,155.4199981689453,155.4199981689453,153.32000732421875,155.14999389648438,7259700,143.1738739013672
2023-10-03,154.67999267578125,155.5,153.88999938964844,155.33999633789062,5740800,143.34921264648438
2023-10-04,155.57000732421875,155.92999267578125,154.57000732421875,155.52000427246094,4955200,143.51531982421875
2023-10-05,156.27000427246094,158.0399932861328,156.07000732421875,157.13999938964844,5993300,145.01023864746094
2023-10-06,157.0800018310547,158.3000030517578,156.58999633789062,157.63999938964844,5802200,145.47164916992188
2023-10-09,157.17999267578125,158.8800048828125,157.08999633789062,158.5399932861328,4414100,146.30218505859375
2023-10-10,158.3800048828125,159.27000427246094,157.89999389648438,158.36000061035156,5273500,146.13612365722656
2023-10-11,158.4600067138672,159.0500030517578,156.0399932861328,156.17999267578125,6922900,144.12435913085938
2023-10-12,155.9199981689453,156.55999755859375,155.07000732421875,156.3300018310547,5792400,144.2627716064453
2023-10-13,156.72999572753906,157.36000061035156,156.0500030517578,156.85000610351562,5359800,144.74266052246094
2023-10-16,157.82000732421875,158.25,156.83999633789062,157.52999877929688,6408100,145.3701629638672
2023-10-17,155.97999572753906,158.9499969482422,154.61000061035156,156.08999633789062,12244400,144.0413055419922
2023-10-18,155.41000366210938,155.9499969482422,152.0500030517578,152.72999572753906,9097300,140.940673828125
2023-10-19,151.6699981689453,153.11000061035156,150.14999389648438,152.32000732421875,7733800,140.56231689453125
2023-10-20,152.74000549316406,153.8699951171875,152.3300018310547,153.0,7207000,141.18983459472656
2023-10-23,152.86000061035156,153.5,151.2100067138672,151.38999938964844,5874000,139.70411682128906
2023-10-24,150.75,151.9600067138672,150.1300048828125,151.22999572753906,6155300,139.55645751953125
2023-10-25,151.24000549316406,152.1699981689453,150.22999572753906,151.57000732421875,5880800,139.8702392578125
2023-10-26,151.97000122070312,151.97000122070312,148.8800048828125,149.0,7612500,137.49862670898438
2023-10-27,148.49000549316406,148.66000366210938,144.9499969482422,145.60000610351562,11385800,134.3610382080078
2023-10-30,146.08999633789062,147.24000549316406,146.0,147.02999877929688,8205300,135.68067932128906
2023-10-31,147.5399932861328,148.5399932861328,146.63999938964844,148.33999633789062,7576900,136.88954162597656
2023-11-01,149.19000244140625,149.75999450683594,148.4600067138672,148.69000244140625,5733000,137.2125244140625
2023-11-02,147.7100067138672,150.39999389648438,147.5399932861328,150.24000549316406,5349100,138.64288330078125
2023-11-03,151.2100067138672,152.27000427246094,150.14999389648438,151.33999633789062,4926800,139.65798950195312
2023-11-06,151.77999877929688,152.42999267578125,151.3699951171875,151.6999969482422,4851400,139.99020385742188
2023-11-07,151.92999267578125,152.25,150.67999267578125,150.89999389648438,4840400,139.25193786621094
2023-11-08,151.35000610351562,151.8300018310547,150.33999633789062,150.35000610351562,5460000,138.7444305419922
2023-11-09,150.5,150.5,147.25999450683594,147.4199981689453,6973600,136.04055786132812
2023-11-10,148.25,148.5,145.63999938964844,147.25,6930700,135.88368225097656
2023-11-13,147.25,147.89999389648438,146.64999389648438,147.6300048828125,5889300,136.23435974121094
2023-11-14,147.63999938964844,148.5399932861328,146.97000122070312,147.66000366210938,6713600,136.2620391845703
2023-11-15,147.35000610351562,149.4199981689453,147.27000427246094,148.8000030517578,6729100,137.31402587890625
2023-11-16,149.5,150.1699981689453,148.63999938964844,150.10000610351562,6875600,138.51365661621094
2023-11-17,150.5500030517578,150.7899932861328,149.07000732421875,149.7899932861328,7023300,138.2276153564453
2023-11-20,147.91000366210938,150.39999389648438,147.5399932861328,149.91000366210938,8851700,139.44619750976562
2023-11-21,150.10000610351562,151.2899932861328,149.61000061035156,151.1199951171875,5916300,140.5717315673828
2023-11-22,151.6300048828125,152.0399932861328,150.38999938964844,150.82000732421875,4633500,140.2926788330078
2023-11-24,150.86000061035156,152.67999267578125,150.86000061035156,152.5,3351400,141.85540771484375
2023-11-27,152.2899932861328,152.32000732421875,150.97000122070312,151.27999877929688,6449700,140.7205352783203
2023-11-28,151.39999389648438,151.80999755859375,150.83999633789062,151.6300048828125,5909000,141.04612731933594
2023-11-29,151.3300018310547,152.1999969482422,151.07000732421875,152.11000061035156,5190000,141.4926300048828
2023-11-30,152.25999450683594,155.13999938964844,151.9199981689453,154.66000366210938,12481900,143.86460876464844
2023-12-01,156.44000244140625,158.4600067138672,155.47000122070312,158.3800048828125,10342900,147.32498168945312
2023-12-04,158.0,160.02000427246094,158.0,158.8800048828125,8920300,147.79006958007812
2023-12-05,158.8000030517578,159.6300048828125,158.22000122070312,158.5500030517578,7268200,147.48309326171875
2023-12-06,158.52000427246094,158.66000366210938,156.1699981689453,156.6199951171875,6642900,145.6878204345703
2023-12-07,156.5800018310547,156.5800018310547,154.7100067138672,155.39999389648438,6532400,144.5529327392578
2023-12-08,155.4199981689453,155.85000610351562,153.83999633789062,154.4199981689453,6254700,143.641357421875
2023-12-11,154.5,155.47999572753906,154.35000610351562,155.05999755859375,6090400,144.23670959472656
2023-12-12,155.0,155.32000732421875,153.64999389648438,155.07000732421875,5324400,144.24603271484375
2023-12-13,153.66000366210938,155.94000244140625,151.77000427246094,155.7899932861328,10764600,144.9157257080078
2023-12-14,156.47000122070312,157.16000366210938,155.0500030517578,156.8699951171875,9240700,145.92037963867188
2023-12-15,155.49000549316406,156.69000244140625,153.75999450683594,155.16000366210938,21727800,144.32974243164062
2023-12-18,155.2100067138672,156.44000244140625,154.75999450683594,155.44000244140625,7231400,144.59019470214844
2023-12-19,155.3000030517578,156.5,154.94000244140625,156.4600067138672,6651500,145.5389862060547
2023-12-20,156.5399932861328,156.66000366210938,153.11000061035156,153.27000427246094,7008300,142.57167053222656
2023-12-21,153.69000244140625,155.1300048828125,153.3000030517578,154.83999633789062,4598600,144.03208923339844
2023-12-22,155.25,156.52999877929688,155.02000427246094,155.4600067138672,3798900,144.6088104248047
2023-12-26,155.0,156.35000610351562,154.85000610351562,156.13999938964844,4170000,145.2413330078125
2023-12-27,155.5,156.52000427246094,155.4199981689453,156.35000610351562,5288100,145.43670654296875
2023-12-28,156.0,157.24000549316406,155.99000549316406,156.5800018310547,4377500,145.65061950683594
2023-12-29,156.50999450683594,156.89999389648438,155.97999572753906,156.74000549316406,4313700,145.7994384765625
2024-01-02,156.92999267578125,161.63999938964844,156.7899932861328,159.97000122070312,9622100,148.80398559570312
2024-01-03,160.63999938964844,161.44000244140625,159.8000030517578,160.97000122070312,8232000,149.73416137695312
2024-01-04,161.58999633789062,161.97999572753906,160.4199981689453,160.6300048828125,6766600,149.4179229736328
2024-01-05,160.5,161.33999633789062,159.47000122070312,161.1300048828125,5602500,149.88302612304688
2024-01-08,161.10000610351562,161.66000366210938,159.61000061035156,161.52999877929688,6569800,150.255126953125
2024-01-09,161.6300048828125,163.27999877929688,160.60000610351562,161.6300048828125,6357000,150.3480987548828
2024-01-10,161.82000732421875,162.6199951171875,161.1999969482422,161.8699951171875,4945100,150.5713348388672
2024-01-11,162.07000732421875,162.1999969482422,160.77999877929688,161.14999389648438,4946000,149.90162658691406
2024-01-12,161.83999633789062,162.47000122070312,161.69000244140625,162.38999938964844,4496900,151.05503845214844
2024-01-16,161.57000732421875,162.25,160.17999267578125,160.52000427246094,6923200,149.31556701660156
2024-01-17,160.25,161.3000030517578,159.8699951171875,160.42999267578125,5072100,149.2318572998047
2024-01-18,160.0,161.3699951171875,159.69000244140625,161.2100067138672,5368500,149.9574432373047
2024-01-19,161.14999389648438,161.9199981689453,160.27999877929688,161.67999267578125,7071300,150.3946075439453
2024-01-22,162.0,163.5800018310547,161.33999633789062,162.47000122070312,6824200,151.1294708251953
2024-01-23,159.66000366210938,160.50999450683594,156.91000366210938,159.80999755859375,9149800,148.65513610839844
2024-01-24,159.75,160.60000610351562,158.16000366210938,158.9600067138672,7247900,147.86448669433594
2024-01-25,159.0,159.6199951171875,158.47000122070312,159.55999755859375,5478900,148.422607421875
2024-01-26,160.42999267578125,160.74000549316406,159.36000061035156,159.5,5591900,148.36679077148438
2024-01-29,159.00999450683594,160.07000732421875,158.9600067138672,159.36000061035156,6483200,148.236572265625
2024-01-30,159.35000610351562,159.75999450683594,158.1300048828125,158.77000427246094,7200500,147.687744140625
2024-01-31,160.39999389648438,160.6199951171875,158.6699981689453,158.89999389648438,8256800,147.80868530273438
2024-02-01,158.16000366210938,158.49000549316406,157.0500030517578,158.36000061035156,8012000,147.3063507080078
2024-02-02,157.97000122070312,158.30999755859375,155.94000244140625,156.61000061035156,8295900,145.6785125732422
2024-02-05,156.61000061035156,156.88999938964844,155.33999633789062,155.8000030517578,9121600,144.92506408691406
2024-02-06,155.8300018310547,158.72999572753906,155.60000610351562,158.05999755859375,9229900,147.02731323242188
2024-02-07,157.8000030517578,159.3699951171875,157.69000244140625,157.97999572753906,8690300,146.95291137695312
2024-02-08,157.33999633789062,157.33999633789062,155.30999755859375,156.39999389648438,9755000,145.48316955566406
2024-02-09,156.27000427246094,157.1999969482422,155.6699981689453,156.75999450683594,6529200,145.81802368164062
2024-02-12,156.5800018310547,158.41000366210938,156.35000610351562,157.85000610351562,6701500,146.8319549560547
2024-02-13,157.63999938964844,158.4499969482422,155.75,156.47000122070312,8621000,145.54827880859375
2024-02-14,156.35000610351562,156.4600067138672,154.83999633789062,155.74000549316406,9098800,144.86924743652344
2024-02-15,155.97999572753906,158.47999572753906,155.88999938964844,157.9199981689453,7462500,146.8970947265625
2024-02-16,156.60000610351562,157.25999450683594,155.6699981689453,156.5500030517578,8541000,146.72836303710938
2024-02-20,156.55999755859375,158.61000061035156,156.44000244140625,157.86000061035156,9501700,147.9561767578125
2024-02-21,158.02000427246094,158.69000244140625,157.1300048828125,158.67999267578125,7472500,148.7247314453125
2024-02-22,158.97999572753906,160.74000549316406,157.77000427246094,160.4499969482422,8065000,150.38368225097656
2024-02-23,160.8800048828125,162.25,160.16000366210938,161.83999633789062,6726000,151.68646240234375
2024-02-26,161.8000030517578,162.00999450683594,160.57000732421875,160.7899932861328,5465400,150.7023468017578
2024-02-27,160.33999633789062,161.0399932861328,159.63999938964844,160.97999572753906,5078600,150.8804168701172
2024-02-28,161.0,161.61000061035156,160.2899932861328,161.5500030517578,6071100,151.41468811035156
2024-02-29,162.0,162.19000244140625,160.94000244140625,161.3800048828125,9849100,151.25535583496094
2024-03-01,161.8300018310547,162.57000732421875,161.08999633789062,162.1199951171875,5670100,151.9489288330078
2024-03-04,161.32000732421875,161.61000061035156,158.27000427246094,159.83999633789062,8532900,149.8119659423828
2024-03-05,160.6199951171875,161.24000549316406,159.1999969482422,159.97000122070312,8298200,149.9337921142578
2024-03-06,159.4600067138672,160.92999267578125,159.22000122070312,159.33999633789062,5773700,149.3433380126953
2024-03-07,160.0,160.36000061035156,158.24000549316406,158.8699951171875,5188700,148.90281677246094
2024-03-08,158.8699951171875,160.38999938964844,158.42999267578125,159.52000427246094,5284000,149.51205444335938
2024-03-11,159.49000549316406,161.32000732421875,158.8800048828125,161.22999572753906,4620800,151.11476135253906
2024-03-12,161.5800018310547,163.11000061035156,161.1300048828125,162.74000549316406,8018700,152.53001403808594
2024-03-13,162.52999877929688,162.67999267578125,159.80999755859375,161.10000610351562,6260000,150.992919921875
2024-03-14,160.94000244140625,161.5399932861328,158.69000244140625,159.2100067138672,6988300,149.2214813232422
2024-03-15,158.05999755859375,159.19000244140625,157.10000610351562,158.17999267578125,13165500,148.25608825683594
2024-03-18,158.57000732421875,158.69000244140625,156.5,156.75999450683594,6602300,146.9251708984375
2024-03-19,156.6699981689453,156.86000061035156,155.66000366210938,156.2100067138672,7840600,146.4097137451172
2024-03-20,155.6999969482422,156.44000244140625,155.2100067138672,155.75999450683594,5982300,145.98794555664062
2024-03-21,155.58999633789062,156.9499969482422,155.10000610351562,155.75,5915800,145.97857666015625
2024-03-22,155.69000244140625,156.36000061035156,155.11000061035156,155.22999572753906,7248600,145.49119567871094
2024-03-25,155.39999389648438,155.97999572753906,154.89999389648438,155.22000122070312,7498100,145.48179626464844
2024-03-26,155.61000061035156,156.22999572753906,154.75999450683594,155.77000427246094,6864100,145.99728393554688
2024-03-27,155.99000549316406,158.22000122070312,155.44000244140625,157.9600067138672,8461600,148.04989624023438
2024-03-28,158.1999969482422,159.13999938964844,158.11000061035156,158.19000244140625,6181500,148.26548767089844
2024-04-01,157.72000122070312,158.14999389648438,156.77000427246094,157.77999877929688,4364700,147.88121032714844
2024-04-02,156.57000732421875,157.8300018310547,155.9499969482422,157.72999572753906,6102300,147.83433532714844
2024-04-03,157.7899932861328,158.0500030517578,154.25,154.25999450683594,8098200,144.58204650878906
2024-04-04,155.30999755859375,155.5,152.41000366210938,152.5,6947400,142.93246459960938
2024-04-05,152.02999877929688,153.00999450683594,151.61000061035156,152.38999938964844,6783000,142.82937622070312
2024-04-08,151.99000549316406,153.0399932861328,151.55999755859375,151.58999633789062,5935400,142.0795440673828
2024-04-09,151.5500030517578,152.52999877929688,150.94000244140625,152.2899932861328,6135300,142.7356414794922
2024-04-10,151.52999877929688,151.82000732421875,149.75999450683594,150.1999969482422,6809500,140.77676391601562
2024-04-11,150.8000030517578,150.8699951171875,148.38999938964844,148.7899932861328,8374400,139.45523071289062
2024-04-12,148.05999755859375,149.07000732421875,147.14999389648438,147.52000427246094,7100200,138.264892578125
2024-04-15,148.3699951171875,149.49000549316406,147.3699951171875,147.58999633789062,8502300,138.33050537109375
2024-04-16,145.00999450683594,146.25,143.38999938964844,144.4499969482422,12774900,135.3875274658203
2024-04-17,145.0,145.41000366210938,143.5399932861328,144.77000427246094,9378100,135.68740844726562
2024-04-18,144.97999572753906,145.8000030517578,143.1300048828125,145.74000549316406,9887700,136.59657287597656
2024-04-19,146.14999389648438,148.1300048828125,144.5399932861328,147.91000366210938,9750800,138.6304168701172
2024-04-22,148.50999450683594,150.27000427246094,147.3000030517578,149.1199951171875,10118700,139.76449584960938
2024-04-23,149.86000061035156,150.49000549316406,148.1999969482422,149.55999755859375,10110400,140.17691040039062
2024-04-24,148.13999938964844,148.99000549316406,146.86000061035156,148.52999877929688,9756300,139.21151733398438
2024-04-25,149.3699951171875,149.5800018310547,146.3300018310547,146.82000732421875,7642700,137.60882568359375
2024-04-26,146.6999969482422,147.17999267578125,145.9499969482422,146.13999938964844,6183000,136.97146606445312
2024-04-29,146.13999938964844,147.22000122070312,145.99000549316406,146.82000732421875,6149600,137.60882568359375
2024-04-30,146.8800048828125,146.8800048828125,144.52999877929688,144.58999633789062,8817700,135.51870727539062
2024-05-01,148.74000549316406,151.85000610351562,147.6199951171875,151.17999267578125,14470900,141.69528198242188
2024-05-02,152.0399932861328,152.3300018310547,149.13999938964844,149.9199981689453,8459800,140.5143280029297
2024-05-03,149.88999938964844,149.88999938964844,147.82000732421875,149.27000427246094,6532700,139.90509033203125
2024-05-06,149.8699951171875,150.0500030517578,147.91000366210938,148.5800018310547,5042800,139.25839233398438
2024-05-07,149.3800048828125,149.72999572753906,148.4499969482422,148.72000122070312,7333500,139.3896026611328
2024-05-08,149.1199951171875,149.72999572753906,148.6999969482422,148.9499969482422,7735100,139.6051788330078
2024-05-09,148.97999572753906,150.10000610351562,148.88999938964844,149.85000610351562,6546200,140.44871520996094
2024-05-10,150.0,150.08999633789062,149.19000244140625,149.91000366210938,5710600,140.50497436523438
2024-05-13,150.0399932861328,152.0,149.7100067138672,151.22000122070312,5628500,141.73277282714844
2024-05-14,151.85000610351562,152.2100067138672,150.6999969482422,151.3800048828125,8254200,141.88272094726562
2024-05-15,151.82000732421875,152.9499969482422,151.3000030517578,152.6699981689453,5548000,143.091796875
2024-05-16,153.0,154.3800048828125,152.3300018310547,154.27999877929688,7591000,144.6007843017578
2024-05-17,154.86000061035156,154.86000061035156,153.7100067138672,154.63999938964844,6521800,144.93820190429688
2024-05-20,153.10000610351562,153.38999938964844,151.25999450683594,151.27000427246094,7742300,142.9257049560547
2024-05-21,151.77999877929688,152.58999633789062,150.7899932861328,151.24000549316406,5492400,142.89735412597656
2024-05-22,150.83999633789062,154.0800018310547,150.32000732421875,153.5,6609800,145.03271484375
2024-05-23,152.75,152.83999633789062,149.3800048828125,149.6999969482422,8000400,141.4423065185547
2024-05-24,149.52999877929688,149.80999755859375,146.75999450683594,146.97000122070312,9520600,138.86289978027344
2024-05-28,146.7899932861328,146.7899932861328,144.14999389648438,144.3800048828125,10499800,136.41574096679688
2024-05-29,143.82000732421875,145.4199981689453,143.7100067138672,144.44000244140625,8263800,136.4724578857422
2024-05-30,144.6199951171875,145.61000061035156,144.02000427246094,145.27999877929688,8490300,137.26609802246094
2024-05-31,145.57000732421875,147.47999572753906,145.19000244140625,146.6699981689453,14621200,138.57943725585938
2024-06-03,147.25,148.89999389648438,146.77000427246094,147.74000549316406,7329200,139.59042358398438
2024-06-04,147.47999572753906,148.30999755859375,146.19000244140625,147.8000030517578,8876400,139.64710998535156
2024-06-05,147.97000122070312,147.99000549316406,145.85000610351562,145.97000122070312,5891300,137.9180450439453
2024-06-06,145.5,147.0,144.66000366210938,146.4199981689453,5016300,138.34323120117188
2024-06-07,146.67999267578125,148.3000030517578,146.33999633789062,147.0800018310547,5111600,138.96682739257812
2024-06-10,146.52999877929688,147.55999755859375,145.60000610351562,147.1300048828125,5749900,139.01405334472656
2024-06-11,146.80999755859375,147.16000366210938,145.44000244140625,146.75999450683594,5661200,138.6644744873047
2024-06-12,147.05999755859375,147.2100067138672,144.77999877929688,145.41000366210938,6180500,137.3889617919922
2024-06-13,145.07000732421875,146.0,143.8800048828125,145.4499969482422,6840400,137.4267120361328
2024-06-14,145.13999938964844,145.97000122070312,144.47999572753906,145.5399932861328,4075300,137.5117645263672
2024-06-17,145.02000427246094,146.42999267578125,144.74000549316406,145.9499969482422,6666600,137.89913940429688
2024-06-18,145.9600067138672,146.38999938964844,145.25999450683594,145.64999389648438,6156600,137.61572265625
2024-06-20,145.27000427246094,148.0800018310547,145.00999450683594,147.77999877929688,8749700,139.62818908691406
2024-06-21,147.88999938964844,149.0800018310547,147.3699951171875,148.75,15172300,140.544677734375
2024-06-24,149.0,149.72000122070312,148.1699981689453,149.1199951171875,6914700,140.89427185058594
2024-06-25,149.17999267578125,149.1999969482422,146.94000244140625,147.19000244140625,5912500,139.0707550048828
2024-06-26,146.1999969482422,147.19000244140625,145.77999877929688,146.82000732421875,5267800,138.72117614746094
2024-06-27,146.8000030517578,147.36000061035156,144.83999633789062,145.8000030517578,5739200,137.75743103027344
2024-06-28,146.0399932861328,147.07000732421875,145.64999389648438,146.16000366210938,10495700,138.09756469726562
2024-07-01,146.07000732421875,148.6999969482422,145.6199951171875,146.44000244140625,5144400,138.3621063232422
2024-07-02,146.42999267578125,147.14999389648438,145.74000549316406,146.02999877929688,5492000,137.9747314453125
2024-07-03,146.1999969482422,146.64999389648438,144.74000549316406,145.69000244140625,3246200,137.6534881591797
2024-07-05,145.77000427246094,146.5500030517578,144.5,146.47999572753906,4888500,138.39991760253906
2024-07-08,146.39999389648438,147.22000122070312,145.25,145.47999572753906,5260200,137.45506286621094
2024-07-09,145.6699981689453,147.1300048828125,145.17999267578125,147.0500030517578,5890400,138.9384765625
2024-07-10,147.25999450683594,149.47000122070312,146.67999267578125,149.42999267578125,6093200,141.1871795654297
2024-07-11,149.5800018310547,150.5800018310547,148.63999938964844,149.6999969482422,6350400,141.4423065185547
2024-07-12,150.0,150.8800048828125,149.24000549316406,149.8800048828125,5336400,141.6123504638672
2024-07-15,150.0800018310547,150.25,148.8699951171875,149.24000549316406,6711400,141.00767517089844
2024-07-16,149.69000244140625,151.0800018310547,149.16000366210938,151.00999450683594,6469600,142.68003845214844
2024-07-17,151.5500030517578,157.49000549316406,151.4199981689453,156.5800018310547,13801400,147.9427947998047
2024-07-18,155.60000610351562,157.07000732421875,154.6199951171875,155.4199981689453,10166200,146.8467559814453
2024-07-19,156.50999450683594,156.50999450683594,154.1199951171875,154.69000244140625,7398000,146.15704345703125
2024-07-22,154.77000427246094,155.11000061035156,153.58999633789062,154.24000549316406,6840600,145.7318878173828
2024-07-23,153.30999755859375,153.5,151.57000732421875,152.35000610351562,6261900,143.94610595703125
2024-07-24,152.75999450683594,156.41000366210938,152.3300018310547,156.27999877929688,7168200,147.65931701660156
2024-07-25,156.47999572753906,160.5800018310547,156.0,159.63999938964844,10019600,150.833984375
2024-07-26,159.75,161.5800018310547,159.47000122070312,160.63999938964844,8356900,151.77880859375
2024-07-29,159.97000122070312,160.0,158.0500030517578,158.55999755859375,5625000,149.81356811523438
2024-07-30,158.5399932861328,161.5500030517578,158.36000061035156,161.3300018310547,6545700,152.43077087402344
2024-07-31,159.85000610351562,160.35000610351562,157.74000549316406,157.85000610351562,8293200,149.14273071289062
2024-08-01,158.47999572753906,160.80999755859375,157.7100067138672,160.75999450683594,7213400,151.8922119140625
2024-08-02,161.89999389648438,164.85000610351562,161.0,164.13999938964844,11280400,155.0857696533203
2024-08-05,163.7899932861328,165.77999877929688,160.5800018310547,161.25,12032200,152.35520935058594
2024-08-06,161.0500030517578,161.47999572753906,158.94000244140625,158.97000122070312,7607100,150.2009735107422
2024-08-07,158.8699951171875,160.6199951171875,158.19000244140625,158.89999389648438,5993000,150.1348114013672
2024-08-08,158.57000732421875,160.6999969482422,158.02999877929688,160.22000122070312,5094800,151.38197326660156
2024-08-09,160.1199951171875,160.92999267578125,159.33999633789062,160.6199951171875,4579200,151.75994873046875
2024-08-12,160.97000122070312,161.6999969482422,158.7100067138672,159.8800048828125,7605400,151.06076049804688
2024-08-13,160.27000427246094,160.3699951171875,156.44000244140625,158.38999938964844,9711400,149.6529541015625
2024-08-14,157.8300018310547,159.5500030517578,157.39999389648438,158.47999572753906,5141200,149.7379608154297
2024-08-15,158.3699951171875,159.5,157.83999633789062,159.08999633789062,7237800,150.31431579589844
2024-08-16,159.13999938964844,159.94000244140625,158.17999267578125,159.38999938964844,5012800,150.5977783203125
2024-08-19,159.4600067138672,160.2899932861328,159.1300048828125,159.6300048828125,4408400,150.82455444335938
2024-08-20,160.0,160.92999267578125,159.6699981689453,160.16000366210938,7275100,151.32530212402344
2024-08-21,160.39999389648438,161.47999572753906,160.30999755859375,161.42999267578125,5019400,152.52523803710938
2024-08-22,162.0,162.49000549316406,160.7899932861328,162.35000610351562,6552100,153.39451599121094
2024-08-23,162.5,164.22000122070312,161.6999969482422,164.1300048828125,7093400,155.07630920410156
2024-08-26,164.1699981689453,165.7100067138672,163.5399932861328,164.61000061035156,6870600,155.5298309326172
2024-08-27,163.5,164.0399932861328,162.16000366210938,162.9499969482422,4388700,155.12997436523438
2024-08-28,163.0,165.0,162.7100067138672,163.9199981689453,5187000,156.05343627929688
2024-08-29,164.6300048828125,164.72000122070312,163.36000061035156,164.22999572753906,7390100,156.3485565185547
2024-08-30,164.1199951171875,165.97999572753906,163.80999755859375,165.86000061035156,7971000,157.9003448486328
2024-09-03,165.24000549316406,167.80999755859375,164.77000427246094,167.16000366210938,6956500,159.13795471191406
2024-09-04,167.80999755859375,168.85000610351562,166.0399932861328,167.36000061035156,6939100,159.32835388183594
2024-09-05,167.1999969482422,167.3699951171875,164.8300018310547,164.99000549316406,4600400,157.07212829589844
2024-09-06,165.17999267578125,165.94000244140625,164.1199951171875,164.3800048828125,6016900,156.4913787841797
2024-09-09,164.83999633789062,167.41000366210938,164.47000122070312,166.61000061035156,7538200,158.61436462402344
2024-09-10,167.5,168.4600067138672,166.75,167.3800048828125,6559600,159.34739685058594
2024-09-11,166.7899932861328,166.7899932861328,164.08999633789062,164.82000732421875,5920200,156.91024780273438
2024-09-12,164.1999969482422,165.10000610351562,162.7100067138672,164.63999938964844,4540900,156.73887634277344
2024-09-13,164.74000549316406,165.75,163.82000732421875,165.52000427246094,3693400,157.57664489746094
2024-09-16,166.36000061035156,167.25,165.77999877929688,166.99000549316406,5187800,158.97610473632812
2024-09-17,166.24000549316406,167.72000122070312,165.92999267578125,167.07000732421875,5066500,159.0522918701172
2024-09-18,166.6300048828125,168.35000610351562,165.74000549316406,166.14999389648438,4722800,158.17642211914062
2024-09-19,166.22999572753906,166.3699951171875,164.4199981689453,164.82000732421875,4956100,156.91024780273438
2024-09-20,164.3000030517578,164.8699951171875,163.5500030517578,164.16000366210938,11839000,156.2819366455078
2024-09-23,164.39999389648438,164.5,162.72000122070312,163.22000122070312,4671600,155.3870391845703
2024-09-24,162.7899932861328,163.49000549316406,161.5500030517578,162.77999877929688,6041600,154.96817016601562
2024-09-25,163.0,163.32000732421875,160.36000061035156,160.60000610351562,5420000,152.8927764892578
2024-09-26,160.24000549316406,161.5399932861328,160.02000427246094,161.38999938964844,6122000,153.64486694335938
2024-09-27,162.0,163.42999267578125,161.33999633789062,161.39999389648438,7553800,153.65435791015625
2024-09-30,161.57000732421875,162.17999267578125,160.67999267578125,162.05999755859375,6010000,154.28271484375
2024-10-01,162.42999267578125,162.75,161.17999267578125,161.99000549316406,4408000,154.216064453125
2024-10-02,161.50999450683594,162.1199951171875,160.64999389648438,161.1699981689453,4684400,153.43540954589844
2024-10-03,160.77999877929688,161.44000244140625,160.22000122070312,160.5,4791200,152.79754638671875
2024-10-04,159.6300048828125,160.5,158.77999877929688,160.2899932861328,5331100,152.5976104736328
2024-10-07,160.25,160.86000061035156,159.22000122070312,159.52999877929688,4266000,151.87411499023438
2024-10-08,159.49000549316406,160.25,158.9499969482422,159.69000244140625,4766300,152.0264434814453
2024-10-09,159.9199981689453,161.22000122070312,159.50999450683594,160.64999389648438,6047200,152.94036865234375
2024-10-10,161.36000061035156,161.38999938964844,160.0,160.50999450683594,4793900,152.8070831298828
2024-10-11,162.17999267578125,162.66000366210938,161.1999969482422,161.4600067138672,5253500,153.7115020751953
2024-10-14,161.39999389648438,162.13999938964844,160.89999389648438,161.60000610351562,5964000,153.8447723388672
2024-10-15,160.0,166.75,159.0,164.10000610351562,10548000,156.2248077392578
2024-10-16,164.0,164.99000549316406,162.63999938964844,164.27999877929688,5982100,156.39614868164062
2024-10-17,164.25999450683594,165.0,163.6300048828125,164.47000122070312,4798000,156.57705688476562
2024-10-18,164.88999938964844,165.2899932861328,163.92999267578125,165.1199951171875,5908000,157.19583129882812
2024-10-21,165.10000610351562,165.25,162.30999755859375,162.8300018310547,6082700,155.01576232910156
2024-10-22,162.32000732421875,163.72999572753906,161.89999389648438,163.4499969482422,5680300,155.60598754882812
2024-10-23,162.82000732421875,166.0,162.4199981689453,165.86000061035156,7441600,157.9003448486328
2024-10-24,165.0,165.50999450683594,163.33999633789062,163.6699981689453,5386300,155.81544494628906
2024-10-25,163.67999267578125,163.9199981689453,160.61000061035156,160.8800048828125,6400400,153.15933227539062
2024-10-28,161.1300048828125,161.97000122070312,161.0,161.60000610351562,4842500,153.8447723388672
2024-10-29,161.4600067138672,162.1699981689453,160.05999755859375,160.08999633789062,5216900,152.4072265625
2024-10-30,159.4499969482422,161.27999877929688,159.02999877929688,160.61000061035156,5820500,152.90228271484375
2024-10-31,159.99000549316406,160.8699951171875,159.4600067138672,159.86000061035156,8613900,152.18829345703125
2024-11-01,160.5800018310547,161.05999755859375,159.8800048828125,160.1300048828125,5256400,152.44532775878906
2024-11-04,159.6999969482422,160.27999877929688,158.07000732421875,158.24000549316406,4644000,150.64602661132812
2024-11-05,157.6699981689453,158.58999633789062,156.35000610351562,158.35000610351562,6547100,150.750732421875
2024-11-06,159.89999389648438,160.85000610351562,157.35000610351562,157.8800048828125,8926600,150.30328369140625
2024-11-07,158.47000122070312,158.75,156.50999450683594,156.72999572753906,7522800,149.20849609375
2024-11-08,157.0,157.0800018310547,155.41000366210938,155.47000122070312,8926100,148.0089569091797
2024-11-11,155.6199951171875,157.5800018310547,154.91000366210938,155.0399932861328,7146800,147.59959411621094
2024-11-12,154.52999877929688,155.0399932861328,152.3699951171875,152.63999938964844,7181400,145.31475830078125
2024-11-13,152.5,153.50999450683594,151.4199981689453,153.24000549316406,7161900,145.88597106933594
2024-11-14,153.17999267578125,153.58999633789062,150.75999450683594,151.8699951171875,7716400,144.5817108154297
2024-11-15,150.89999389648438,154.42999267578125,150.89999389648438,154.0,11328500,146.6094970703125
2024-11-18,152.58999633789062,155.3300018310547,152.3300018310547,154.77000427246094,7510600,147.34255981445312
2024-11-19,153.9499969482422,153.99000549316406,152.0500030517578,153.0,8233700,145.65748596191406
2024-11-20,153.02999877929688,153.25,151.80999755859375,153.11000061035156,9061300,145.76222229003906
2024-11-21,153.6199951171875,156.05999755859375,152.80999755859375,155.5,10141100,148.03749084472656
2024-11-22,155.89999389648438,157.1199951171875,154.11000061035156,155.1699981689453,8266000,147.72335815429688
2024-11-25,155.1699981689453,157.0399932861328,155.13999938964844,155.77999877929688,12256200,148.3040771484375
2024-11-26,155.16000366210938,155.25,153.16000366210938,154.52000427246094,5683500,148.28488159179688
2024-11-27,154.6300048828125,156.6300048828125,154.60000610351562,155.39999389648438,4140400,149.12937927246094
2024-11-29,154.88999938964844,155.6699981689453,154.1699981689453,155.00999450683594,5687800,148.75509643554688
2024-12-02,154.75,155.0,153.92999267578125,154.8000030517578,6946500,148.5535888671875
2024-12-03,154.8000030517578,154.8000030517578,152.30999755859375,152.36000061035156,8674400,146.21205139160156
2024-12-04,151.2899932861328,151.55999755859375,149.75,150.47000122070312,10333100,144.3983154296875
2024-12-05,150.0,150.3800048828125,148.9499969482422,149.52000427246094,7898100,143.4866485595703
2024-12-06,149.38999938964844,150.0500030517578,148.3800048828125,149.30999755859375,8389600,143.28512573242188
2024-12-09,149.2899932861328,150.88999938964844,148.44000244140625,149.60000610351562,8410300,143.5634307861328
2024-12-10,149.92999267578125,150.8300018310547,148.3300018310547,149.22999572753906,9398700,143.20834350585938
2024-12-11,148.5,148.5,146.3699951171875,146.63999938964844,13446700,140.7228546142578
2024-12-12,147.1999969482422,147.77000427246094,146.00999450683594,146.24000549316406,6176300,140.33901977539062
2024-12-13,145.66000366210938,146.92999267578125,145.0399932861328,146.6199951171875,8324900,140.70367431640625
2024-12-16,146.72999572753906,147.25,143.52000427246094,143.85000610351562,8732400,138.04542541503906
2024-12-17,143.83999633789062,146.66000366210938,143.7100067138672,146.41000366210938,10343000,140.50213623046875
2024-12-18,145.67999267578125,146.74000549316406,144.6699981689453,144.75,9336100,138.9091339111328
2024-12-19,144.13999938964844,145.22000122070312,143.3699951171875,143.5800018310547,9516700,137.7863311767578
2024-12-20,143.0500030517578,145.47000122070312,142.75,144.47000122070312,17702800,138.64041137695312
2024-12-23,144.6300048828125,145.3300018310547,143.4499969482422,145.27000427246094,8720800,139.40814208984375
2024-12-24,145.0,145.85000610351562,144.3300018310547,145.85000610351562,3164100,139.96473693847656
2024-12-26,145.50999450683594,146.3699951171875,145.08999633789062,145.5800018310547,4656300,139.7056427001953
2024-12-27,144.8699951171875,146.60000610351562,144.67999267578125,145.0500030517578,5588300,139.197021484375
2024-12-30,144.83999633789062,144.8800048828125,142.9499969482422,143.33999633789062,6268700,137.55601501464844
2024-12-31,143.75999450683594,144.6699981689453,143.30999755859375,144.6199951171875,5811400,138.78436279296875
2025-01-02,145.22999572753906,145.77000427246094,143.77999877929688,144.02000427246094,6051300,138.20858764648438
2025-01-03,144.07000732421875,144.57000732421875,143.6199951171875,144.19000244140625,5878800,138.37171936035156
2025-01-06,143.50999450683594,144.82000732421875,142.92999267578125,143.66000366210938,7910500,137.8631134033203
2025-01-07,143.75999450683594,147.17999267578125,143.58999633789062,146.22999572753906,8422000,140.3293914794922
2025-01-08,145.49000549316406,145.58999633789062,141.44000244140625,142.27000427246094,11175600,136.52920532226562
2025-01-10,141.0,143.6699981689453,140.67999267578125,142.05999755859375,8821500,136.3276824951172
2025-01-13,142.97999572753906,145.07000732421875,142.30999755859375,144.47000122070312,10376400,138.64041137695312
2025-01-14,144.5,144.80999755859375,142.86000061035156,144.75,8681700,138.9091339111328
2025-01-15,145.30999755859375,146.0500030517578,144.25999450683594,144.97000122070312,7434600,139.1202392578125
2025-01-16,144.32000732421875,148.07000732421875,144.05999755859375,147.77000427246094,8964000,141.80728149414062
2025-01-17,147.44000244140625,148.3800048828125,146.61000061035156,147.02999877929688,10773100,141.09715270996094
2025-01-21,147.55999755859375,148.86000061035156,147.0500030517578,148.14999389648438,11111700,142.17190551757812
2025-01-22,144.0,145.47000122070312,142.11000061035156,145.27000427246094,16834700,139.40814208984375
2025-01-23,145.44000244140625,147.91000366210938,144.80999755859375,146.63999938964844,10506400,140.7228546142578
2025-01-24,146.80999755859375,147.6300048828125,146.3800048828125,146.82000732421875,9887300,140.8955841064453
2025-01-27,148.4499969482422,153.4499969482422,148.0,152.88999938964844,15152300,146.7206573486328
2025-01-28,152.66000366210938,152.97000122070312,150.3000030517578,150.3800048828125,10320600,144.31195068359375
2025-01-29,150.5,151.8800048828125,150.0,151.14999389648438,7156400,145.05087280273438
2025-01-30,151.91000366210938,154.13999938964844,151.36000061035156,152.8699951171875,8911000,146.7014617919922
2025-01-31,152.6199951171875,153.17999267578125,152.05999755859375,152.14999389648438,8457800,146.01051330566406
2025-02-03,152.0,152.47000122070312,150.77999877929688,151.8699951171875,6687500,145.74180603027344
2025-02-04,151.36000061035156,154.17999267578125,150.9499969482422,153.49000549316406,9645000,147.2964630126953
2025-02-05,153.82000732421875,154.72999572753906,153.30999755859375,154.69000244140625,8947000,148.44802856445312
2025-02-06,154.7899932861328,154.83999633789062,153.3800048828125,153.50999450683594,7418100,147.31564331054688
2025-02-07,153.52999877929688,154.49000549316406,152.8000030517578,153.1199951171875,6204900,146.9413604736328
2025-02-10,153.61000061035156,154.3699951171875,152.2899932861328,154.24000549316406,6936200,148.01617431640625
2025-02-11,154.11000061035156,156.38999938964844,153.94000244140625,156.1300048828125,7554500,149.82994079589844
2025-02-12,155.27000427246094,155.66000366210938,154.27000427246094,155.25999450683594,7746000,148.99502563476562
2025-02-13,155.25999450683594,158.1300048828125,154.7899932861328,157.25,10704700,150.90472412109375
2025-02-14,157.2899932861328,157.47000122070312,156.05999755859375,156.14999389648438,6411800,149.84912109375
2025-02-18,154.13999938964844,155.4499969482422,153.24000549316406,154.99000549316406,9670700,149.92649841308594
2025-02-19,155.0,158.3000030517578,154.75,157.88999938964844,7974700,152.7317657470703
2025-02-20,156.9499969482422,159.9499969482422,156.9499969482422,159.67999267578125,7224000,154.46327209472656
2025-02-21,159.8800048828125,163.50999450683594,159.27999877929688,162.3000030517578,12546900,156.9976806640625
2025-02-24,162.67999267578125,164.8699951171875,162.0500030517578,163.74000549316406,10201900,158.39065551757812
2025-02-25,164.10000610351562,166.42999267578125,163.94000244140625,166.08999633789062,12303700,160.66387939453125
2025-02-26,165.0800018310547,165.1300048828125,162.55999755859375,163.0800018310547,11396400,157.75218200683594
2025-02-27,162.30999755859375,163.9499969482422,161.72999572753906,163.72999572753906,8364600,158.38095092773438
2025-02-28,164.30999755859375,165.94000244140625,162.6999969482422,165.02000427246094,12037200,159.6288299560547
2025-03-03,164.9600067138672,167.3300018310547,164.83999633789062,167.27999877929688,9191500,161.8149871826172
2025-03-04,168.0800018310547,169.99000549316406,165.32000732421875,165.4199981689453,11999700,160.01576232910156
2025-03-05,164.50999450683594,166.4600067138672,163.52999877929688,165.1199951171875,8744800,159.72555541992188
2025-03-06,165.0,165.8699951171875,163.50999450683594,165.8300018310547,8037900,160.412353515625
2025-03-07,165.1300048828125,168.4600067138672,164.6999969482422,166.69000244140625,9637600,161.2442626953125
2025-03-10,167.47999572753906,169.89999389648438,167.0500030517578,167.6999969482422,17559000,162.2212677001953
2025-03-11,167.1999969482422,167.3000030517578,165.0500030517578,165.86000061035156,9890300,160.44139099121094
2025-03-12,163.72999572753906,164.2100067138672,162.22999572753906,162.85000610351562,8010700,157.5297088623047
2025-03-13,163.42999267578125,164.5399932861328,162.66000366210938,162.99000549316406,5286700,157.66513061523438
2025-03-14,162.1199951171875,163.14999389648438,161.10000610351562,162.80999755859375,6235800,157.4910125732422
2025-03-17,162.41000366210938,163.5,161.72999572753906,162.83999633789062,6669800,157.52003479003906
2025-03-18,163.44000244140625,164.86000061035156,162.97000122070312,164.25,7348800,158.8839874267578
2025-03-19,163.97000122070312,164.36000061035156,162.2100067138672,162.99000549316406,5936400,157.66513061523438
2025-03-20,163.0,163.1999969482422,161.92999267578125,163.02000427246094,7485900,157.69415283203125
2025-03-21,163.0,164.1300048828125,162.47999572753906,163.6300048828125,17047100,158.28424072265625
2025-03-24,162.83999633789062,164.38999938964844,162.5,163.2899932861328,8046400,157.955322265625
2025-03-25,163.52000427246094,164.19000244140625,160.55999755859375,161.02000427246094,7456200,155.75950622558594
2025-03-26,161.2100067138672,162.49000549316406,160.63999938964844,161.72000122070312,7223500,156.43666076660156
2025-03-27,162.35000610351562,164.07000732421875,161.32000732421875,163.1300048828125,6752500,157.8005828857422
2025-03-28,163.58999633789062,164.52000427246094,162.91000366210938,163.7100067138672,5760300,158.36163330078125
2025-03-31,164.3699951171875,166.6300048828125,164.22999572753906,165.83999633789062,12481400,160.42202758789062
2025-04-01,160.72999572753906,161.80999755859375,153.1300048828125,153.25,23303100,148.2433624267578
2025-04-02,154.00999450683594,155.7899932861328,153.4499969482422,155.36000061035156,10356900,150.28440856933594
2025-04-03,158.75,160.64999389648438,157.47999572753906,159.82000732421875,13249300,154.5987091064453
2025-04-04,159.16000366210938,159.82000732421875,152.92999267578125,153.24000549316406,16601700,148.23367309570312
2025-04-07,151.27999877929688,152.7100067138672,147.39999389648438,150.6199951171875,18083000,145.69924926757812
2025-04-08,153.58999633789062,153.58999633789062,148.0,150.0,12018400,145.0995330810547
2025-04-09,142.1999969482422,153.19000244140625,141.5,150.97000122070312,18773700,146.037841796875
2025-04-10,150.3699951171875,151.1999969482422,145.1300048828125,148.69000244140625,13830500,143.8323211669922
2025-04-11,149.3300018310547,152.35000610351562,148.19000244140625,151.72999572753906,9943900,146.7729949951172
2025-04-14,151.58999633789062,154.6699981689453,151.1699981689453,154.36000061035156,10685300,149.3170928955078
2025-04-15,155.6999969482422,156.3000030517578,152.10000610351562,153.6199951171875,10847700,148.60125732421875
2025-04-16,155.3699951171875,155.6300048828125,152.24000549316406,153.91000366210938,7986900,148.8817901611328
2025-04-17,154.16000366210938,159.44000244140625,154.16000366210938,157.47000122070312,10981100,152.32546997070312
2025-04-21,157.9600067138672,158.22999572753906,155.49000549316406,156.9199981689453,6285400,151.79344177246094
2025-04-22,157.5500030517578,158.72000122070312,156.25999450683594,157.75,7136300,152.59632873535156
2025-04-23,156.49000549316406,157.10000610351562,154.3300018310547,155.3800048828125,9099400,150.3037567138672
2025-04-24,155.8000030517578,155.89999389648438,153.44000244140625,154.92999267578125,8310400,149.8684539794922
2025-04-25,154.32000732421875,154.89999389648438,152.4499969482422,154.5800018310547,8643600,149.5299072265625
2025-04-28,155.5,155.80999755859375,153.82000732421875,155.35000610351562,5815200,150.2747344970703
2025-04-29,155.4499969482422,157.02000427246094,154.2899932861328,155.91000366210938,5246700,150.8164520263672
2025-04-30,158.1999969482422,158.1999969482422,155.02000427246094,156.30999755859375,9598200,151.20338439941406
2025-05-01,155.0,155.08999633789062,153.36000061035156,154.4600067138672,7325800,149.413818359375
2025-05-02,156.07000732421875,156.72000122070312,155.0399932861328,156.1199951171875,5974500,151.0195770263672
2025-05-05,156.6699981689453,156.7899932861328,154.72999572753906,155.0,5464100,149.93617248535156
2025-05-06,154.82000732421875,155.89999389648438,153.69000244140625,154.47000122070312,8644200,149.42347717285156
2025-05-07,154.74000549316406,157.94000244140625,154.5,157.3000030517578,7853100,152.16104125976562
2025-05-08,155.82000732421875,157.02999877929688,154.77999877929688,155.66000366210938,7606100,150.5746307373047
2025-05-09,155.4199981689453,156.05999755859375,153.80999755859375,154.22000122070312,6520400,149.18167114257812
2025-05-12,152.02000427246094,155.36000061035156,151.17999267578125,154.13999938964844,9023800,149.10427856445312
2025-05-13,151.6999969482422,151.6999969482422,148.0800018310547,148.44000244140625,10549600,143.5904998779297
2025-05-14,148.6699981689453,148.82000732421875,146.1199951171875,146.36000061035156,10216000,141.57843017578125
2025-05-15,148.0,149.64999389648438,147.3300018310547,149.61000061035156,7945800,144.72227478027344
2025-05-16,149.6699981689453,151.5,149.22000122070312,151.3300018310547,8051200,146.38607788085938
2025-05-19,151.88999938964844,152.66000366210938,151.0500030517578,152.49000549316406,12639900,147.5081787109375
2025-05-20,152.3300018310547,154.0399932861328,152.1199951171875,153.66000366210938,7351500,148.6399383544922
2025-05-21,153.19000244140625,154.42999267578125,153.0,153.17999267578125,7032200,148.17562866210938
2025-05-22,152.64999389648438,153.32000732421875,151.3699951171875,152.61000061035156,7535300,147.62425231933594
2025-05-23,153.0,153.47999572753906,152.2100067138672,152.94000244140625,6727300,147.94346618652344
2025-05-27,152.52000427246094,154.0399932861328,151.92999267578125,153.25,6990700,149.5142364501953
2025-05-28,153.27999877929688,153.63999938964844,151.92999267578125,152.42999267578125,8459300,148.71420288085938
2025-05-29,151.75,154.0399932861328,151.55999755859375,153.5800018310547,6810600,149.836181640625
2025-05-30,153.89999389648438,155.7100067138672,153.22000122070312,155.2100067138672,15529700,151.42645263671875
2025-06-02,154.47999572753906,155.5399932861328,152.3000030517578,155.39999389648438,6669300,151.61181640625
2025-06-03,154.8000030517578,155.66000366210938,154.0800018310547,154.4199981689453,8209800,150.6557159423828
2025-06-04,154.92999267578125,154.92999267578125,153.1300048828125,153.22000122070312,6983900,149.48495483398438
2025-06-05,153.67999267578125,154.08999633789062,152.63999938964844,153.66000366210938,5295400,149.91421508789062
2025-06-06,154.0,156.02999877929688,154.0,155.02999877929688,5391500,151.25083923339844
2025-06-09,154.85000610351562,155.99000549316406,154.4499969482422,155.22999572753906,5319000,151.44595336914062
2025-06-10,155.42999267578125,157.44000244140625,155.02000427246094,156.4499969482422,6791600,152.63623046875
2025-06-11,156.3000030517578,156.60000610351562,154.72999572753906,155.25999450683594,6016000,151.4752197265625
2025-06-12,156.24000549316406,156.67999267578125,155.1699981689453,156.66000366210938,7075500,152.84109497070312
2025-06-13,155.97000122070312,157.6699981689453,155.97000122070312,157.10000610351562,6587500,153.2703857421875
2025-06-16,156.4199981689453,156.5,154.4499969482422,155.22000122070312,7024000,151.4362030029297
2025-06-17,154.97000122070312,155.27999877929688,152.10000610351562,152.3800048828125,6407100,148.66543579101562
2025-06-18,152.57000732421875,152.64999389648438,150.7100067138672,150.72999572753906,8325200,147.05564880371094
2025-06-20,151.25999450683594,151.39999389648438,149.0399932861328,149.7899932861328,22605500,146.1385498046875
2025-06-23,149.74000549316406,151.42999267578125,149.74000549316406,151.32000732421875,7397900,147.6312713623047
2025-06-24,151.5,152.72000122070312,150.97999572753906,152.19000244140625,9544200,148.48007202148438
2025-06-25,151.3800048828125,153.07000732421875,150.72999572753906,152.27999877929688,7153700,148.56788635253906
2025-06-26,152.6999969482422,153.22000122070312,151.52999877929688,152.00999450683594,7156900,148.30445861816406
2025-06-27,152.00999450683594,153.3300018310547,151.00999450683594,152.41000366210938,10010800,148.6947021484375
2025-06-30,152.16000366210938,152.97000122070312,151.52000427246094,152.75,9039300,149.02639770507812
2025-07-01,153.0,157.75,152.80999755859375,155.9199981689453,10896700,152.119140625
2025-07-02,156.0,156.3000030517578,155.07000732421875,155.55999755859375,5544000,151.76792907714844
2025-07-03,155.42999267578125,156.27999877929688,154.8800048828125,156.00999450683594,3482500,152.20693969726562
2025-07-07,156.02000427246094,156.35000610351562,154.88999938964844,155.27000427246094,6270900,151.4849853515625
2025-07-08,154.47999572753906,156.75999450683594,154.2100067138672,155.7899932861328,6438200,151.99229431152344
2025-07-09,155.7899932861328,156.69000244140625,155.07000732421875,156.27999877929688,6147400,152.47036743164062
2025-07-10,156.10000610351562,159.24000549316406,155.82000732421875,157.69000244140625,6732900,153.84600830078125
2025-07-11,157.08999633789062,157.17999267578125,155.17999267578125,156.89999389648438,7872000,153.07525634765625
2025-07-14,156.8699951171875,157.47000122070312,155.52000427246094,156.82000732421875,10185600,152.99720764160156
2025-07-15,156.36000061035156,157.19000244140625,154.8000030517578,155.1699981689453,6873200,151.38742065429688
2025-07-16,160.3000030517578,166.1199951171875,159.8000030517578,164.77999877929688,22134800,160.7631378173828
2025-07-17,163.17999267578125,164.6999969482422,162.3000030517578,162.97999572753906,11295700,159.0070343017578
2025-07-18,163.92999267578125,165.10000610351562,163.36000061035156,163.6999969482422,9792600,159.70947265625
2025-07-21,163.77000427246094,164.9199981689453,162.77999877929688,164.36000061035156,8254000,160.35340881347656
2025-07-22,165.0,168.05999755859375,164.7100067138672,167.92999267578125,9288000,163.83636474609375
2025-07-23,168.60000610351562,169.1199951171875,166.58999633789062,169.10000610351562,10617600,164.97784423828125
2025-07-24,169.5,169.99000549316406,168.8800048828125,169.55999755859375,6636900,165.4266357421875
2025-07-25,169.75,169.8800048828125,167.44000244140625,168.3000030517578,6254900,164.19735717773438
2025-07-28,167.86000061035156,167.94000244140625,165.0500030517578,166.22000122070312,8014600,162.16806030273438
2025-07-29,166.6699981689453,168.77999877929688,166.3699951171875,168.11000061035156,7663400,164.01197814941406
2025-07-30,167.6999969482422,168.61000061035156,166.77999877929688,167.25999450683594,6189200,163.18270874023438
2025-07-31,165.92999267578125,167.07000732421875,164.22999572753906,164.74000549316406,11036200,160.72413635253906
2025-08-01,165.47999572753906,167.6199951171875,164.7899932861328,167.3300018310547,8927800,163.25100708007812
2025-08-04,167.02999877929688,171.19000244140625,166.63999938964844,171.0399932861328,12679100,166.8705596923828
2025-08-05,170.5399932861328,171.55999755859375,169.64999389648438,170.74000549316406,7934400,166.577880859375
2025-08-06,169.91000366210938,172.17999267578125,169.67999267578125,170.58999633789062,8957200,166.4315185546875
2025-08-07,171.1699981689453,171.6199951171875,169.9199981689453,171.52999877929688,9315900,167.34861755371094
2025-08-08,171.02000427246094,173.9600067138672,170.38999938964844,173.3300018310547,7686800,169.104736328125
2025-08-11,173.39999389648438,174.60000610351562,173.0500030517578,173.82000732421875,7256800,169.5828094482422
2025-08-12,174.0,174.75999450683594,171.80999755859375,172.77999877929688,7916700,168.56814575195312
2025-08-13,173.0,174.5399932861328,172.6999969482422,174.4199981689453,5878700,170.16815185546875
2025-08-14,174.30999755859375,175.72000122070312,172.72000122070312,174.72000122070312,8241700,170.46084594726562
2025-08-15,175.57000732421875,177.27000427246094,174.9600067138672,176.63999938964844,9477600,172.33404541015625
2025-08-18,176.5,177.57000732421875,176.10000610351562,176.25,9284000,171.95355224609375
2025-08-19,176.0399932861328,178.17999267578125,175.97999572753906,177.8000030517578,9274200,173.4657745361328
2025-08-20,178.5,180.6100006103516,178.0,178.83999633789062,9030000,174.48040771484375
2025-08-21,178.5500030517578,180.0800018310547,178.16000366210938,178.92999267578125,8859600,174.56822204589844
2025-08-22,180.0399932861328,181.1600036621093,177.47000122070312,179.2899932861328,9524000,174.91944885253906
2025-08-25,179.52000427246094,180.259994506836,178.2899932861328,178.41000366210938,6229100,174.0609130859375
2025-08-26,176.75,177.16000366210938,175.77000427246094,176.49000549316406,9145000,173.4515838623047
2025-08-27,176.97000122070312,177.69000244140625,176.16000366210938,176.7899932861328,5951100,173.74639892578125
2025-08-28,176.3699951171875,176.49000549316406,174.6300048828125,175.4499969482422,6424700,172.4294891357422
2025-08-29,175.97000122070312,177.41000366210938,175.4499969482422,177.1699981689453,6942300,174.11985778808594
2025-09-02,177.47000122070312,179.1999969482422,176.88999938964844,178.05999755859375,9049000,174.99453735351562
2025-09-03,177.6699981689453,178.2899932861328,176.52999877929688,178.0,7111700,174.93557739257812
2025-09-04,178.0,178.89999389648438,177.5500030517578,178.75999450683594,7854800,175.6824951171875
2025-09-05,178.0,179.50999450683594,176.55999755859375,178.42999267578125,9733800,175.358154296875
2025-09-08,177.36000061035156,179.4499969482422,176.6999969482422,178.1300048828125,8382500,175.06333923339844
2025-09-09,178.0,178.08999633789062,176.4499969482422,176.9600067138672,6005700,173.9134979248047
2025-09-10,176.3000030517578,176.61000061035156,174.3300018310547,175.7899932861328,6891600,172.7636260986328
2025-09-11,175.75,178.85000610351562,175.6300048828125,178.5,5792500,175.4269561767578
2025-09-12,177.7100067138672,178.8000030517578,176.72000122070312,178.05999755859375,7220200,174.99453735351562
2025-09-15,177.75999450683594,178.99000549316406,176.92999267578125,177.39999389648438,4768100,174.3459014892578
2025-09-16,177.57000732421875,177.6199951171875,175.64999389648438,176.4600067138672,7959300,173.42210388183594
2025-09-17,176.7100067138672,178.50999450683594,176.58999633789062,177.1999969482422,6714900,174.14935302734375
2025-09-18,176.60000610351562,177.02000427246094,173.8699951171875,174.16000366210938,8200900,171.1616973876953
2025-09-19,174.69000244140625,177.16000366210938,173.3300018310547,176.19000244140625,25621000,173.15675354003906
2025-09-22,176.08999633789062,176.63999938964844,174.1199951171875,174.2100067138672,7193900,171.21083068847656
2025-09-23,174.88999938964844,176.97000122070312,174.8300018310547,176.5800018310547,8350400,173.54002380371094
2025-09-24,176.13999938964844,176.9499969482422,175.74000549316406,176.69000244140625,6676800,173.6481475830078
2025-09-25,177.1999969482422,178.39999389648438,175.91000366210938,177.72999572753906,8475000,174.67022705078125
2025-09-26,178.60000610351562,179.91000366210938,177.32000732421875,179.7100067138672,8634400,176.61614990234375
2025-09-29,179.8300018310547,181.8699951171875,179.8000030517578,181.6199951171875,8597100,178.49325561523438
2025-09-30,181.6999969482422,185.9900054931641,181.07000732421875,185.4199981689453,11569000,182.2278289794922
2025-10-01,186.0,186.5599975585937,183.9100036621093,186.0500030517578,13063800,182.8470001220703
2025-10-02,184.19000244140625,186.58999633789065,184.08999633789065,185.97999572753903,7728100,182.7781982421875
2025-10-03,187.0599975585937,189.77999877929688,186.9100036621093,188.63999938964844,8675100,185.39239501953125
2025-10-06,188.0,189.9199981689453,187.3699951171875,188.1600036621093,5806100,184.9206695556641
2025-10-07,183.7700042724609,189.22999572753903,182.94000244140625,188.88999938964844,8776800,185.6380920410156
2025-10-08,188.8699951171875,190.22000122070312,188.2700042724609,189.69000244140625,5751200,186.42433166503903
2025-10-09,190.0,192.1000061035156,189.72999572753903,191.0800018310547,7484800,187.7904052734375
2025-10-10,192.009994506836,192.07000732421875,189.8500061035156,190.72000122070312,9598000,187.4365997314453
2025-10-13,189.8300018310547,191.3000030517578,189.27999877929688,190.8999938964844,7979500,187.6134796142578
2025-10-14,192.9199981689453,194.3999938964844,185.8800048828125,190.8500061035156,13613300,187.5643615722656
2025-10-15,191.47999572753903,193.57000732421875,189.3000030517578,191.1699981689453,9473000,187.8788452148437
2025-10-16,191.33999633789065,193.0500030517578,190.42999267578125,192.1199951171875,10611800,188.8124847412109
2025-10-17,192.5,193.6000061035156,191.67999267578125,193.22000122070312,7764400,189.8935546875
2025-10-20,193.5,194.47999572753903,192.3300018310547,193.72000122070312,8034700,190.38494873046875
2025-10-21,193.009994506836,193.5500030517578,191.7700042724609,191.8800048828125,6716000,188.57662963867188
2025-10-22,192.0,193.4499969482422,191.77999877929688,192.94000244140625,6343100,189.618392944336
2025-10-23,192.5599975585937,194.0,191.5399932861328,192.47000122070312,8882500,189.15646362304688
2025-10-24,192.1999969482422,192.3099975585937,189.4199981689453,190.3999938964844,6903400,187.12208557128903
2025-10-27,189.9900054931641,190.8000030517578,189.52999877929688,190.3000030517578,7126000,187.02381896972656
2025-10-28,189.259994506836,189.509994506836,186.6199951171875,186.92999267578125,8329500,183.7118377685547
2025-10-29,186.6999969482422,187.1000061035156,184.6600036621093,186.6000061035156,10551100,183.3875274658203
2025-10-30,187.0800018310547,189.3800048828125,186.9100036621093,189.0500030517578,7072500,185.7953338623047
2025-10-31,187.4600067138672,189.5,186.759994506836,188.8699951171875,8791700,185.61843872070312
2025-11-03,189.0,189.02999877929688,185.5200042724609,186.259994506836,7542600,183.05337524414065
2025-11-04,186.8300018310547,187.82000732421875,185.6199951171875,186.8600006103516,7209400,183.6430511474609
2025-11-05,186.63999938964844,187.8300018310547,185.3999938964844,186.0,5049400,182.7978515625
2025-11-06,186.759994506836,187.5200042724609,185.3699951171875,186.97000122070312,6767400,183.7511444091797
2025-11-07,187.7400054931641,188.3500061035156,185.6999969482422,186.57000732421875,6959200,183.3580474853516
2025-11-10,186.0,188.4199981689453,185.1199951171875,188.4100036621093,5323800,185.1663818359375
2025-11-11,189.38999938964844,193.9199981689453,189.0500030517578,193.8300018310547,7465600,190.49305725097656
2025-11-12,193.3600006103516,195.5500030517578,193.07000732421875,194.38999938964844,8803000,191.0433959960937
2025-11-13,194.2100067138672,196.0,193.4499969482422,195.25,8631600,191.8886108398437
2025-11-14,195.0,197.17999267578125,193.5500030517578,195.92999267578125,8824800,192.5569000244141
2025-11-17,196.9600067138672,200.27999877929688,195.8999938964844,199.5800018310547,13257000,196.14405822753903
2025-11-18,199.009994506836,200.3000030517578,198.52999877929688,200.0,12468600,196.55682373046875
2025-11-19,200.0,203.47999572753903,199.3800048828125,202.509994506836,14690800,199.02362060546875
2025-11-20,202.0,204.509994506836,201.57000732421875,203.07000732421875,10612600,199.573974609375
2025-11-21,203.9600067138672,206.94000244140625,202.9900054931641,203.8999938964844,13189100,200.38967895507807
2025-11-24,203.7100067138672,206.1199951171875,203.0,206.0500030517578,14803900,202.502670288086
2025-11-25,205.17999267578125,207.72000122070312,205.17999267578125,206.6699981689453,10275300,204.401611328125
2025-11-26,206.4900054931641,207.8099975585937,205.94000244140625,207.5599975585937,6729000,205.2818298339844
2025-11-28,207.0,207.4600067138672,204.6300048828125,206.9199981689453,5638300,204.6488647460937
2025-12-01,206.5,207.6999969482422,205.33999633789065,205.33999633789065,8473700,203.0861968994141
2025-12-02,205.2400054931641,205.6100006103516,203.1000061035156,205.4199981689453,8393600,203.1653289794922
2025-12-03,205.8999938964844,207.0200042724609,204.9900054931641,205.3300018310547,8363300,203.0763092041016
2025-12-04,204.58999633789065,204.8600006103516,201.7100067138672,202.47999572753903,9049900,200.25759887695312
2025-12-05,202.97999572753903,203.4499969482422,200.8099975585937,201.92999267578125,7785300,199.713623046875
2025-12-08,202.6600036621093,203.259994506836,200.9900054931641,201.6199951171875,7785700,199.4070281982422
2025-12-09,202.9199981689453,205.5399932861328,199.9100036621093,199.9600067138672,7509400,197.7652587890625
2025-12-10,200.58999633789065,206.8000030517578,200.17999267578125,206.5399932861328,11599800,204.2730255126953
2025-12-11,207.8999938964844,211.2400054931641,207.8300018310547,210.009994506836,9009000,207.70494079589844
2025-12-12,210.27999877929688,212.2700042724609,208.9600067138672,211.5800018310547,6922700,209.2577209472656
2025-12-15,210.3500061035156,215.19000244140625,209.009994506836,214.1699981689453,8467000,211.8192749023437
2025-12-16,214.0,214.72999572753903,208.8099975585937,209.3000030517578,9949800,207.0027313232422
2025-12-17,209.38999938964844,211.5200042724609,208.4600067138672,210.3300018310547,8457600,208.0214233398437
2025-12-18,209.8000030517578,211.0599975585937,207.759994506836,208.3099975585937,7499900,206.02359008789065
2025-12-19,207.5599975585937,209.2400054931641,206.02999877929688,206.3699951171875,24803900,204.1049041748047
2025-12-22,206.1300048828125,208.0800018310547,205.5,207.32000732421875,8187800,205.04446411132807
2025-12-23,205.0200042724609,206.52999877929688,203.27999877929688,205.77999877929688,7047300,203.52137756347656
2025-12-24,206.0,207.94000244140625,205.57000732421875,207.77999877929688,2376500,205.4994201660156
2025-12-26,207.52999877929688,208.0399932861328,206.7100067138672,207.6300048828125,2316700,205.35107421875
2025-12-29,208.0,209.47000122070312,207.3800048828125,207.5599975585937,4348900,205.2818298339844
2025-12-30,207.509994506836,207.69000244140625,206.5200042724609,206.9100036621093,3937400,204.6389617919922
2025-12-31,206.9100036621093,207.5,206.3699951171875,206.9499969482422,4083800,204.67852783203125
2026-01-02,206.82000732421875,207.38999938964844,203.67999267578125,207.3500061035156,6325500,205.0741424560547
2026-01-05,205.8699951171875,205.94000244140625,200.9100036621093,204.3099975585937,9477000,202.0675048828125
2026-01-06,204.6000061035156,206.7100067138672,204.1199951171875,204.7899932861328,8107900,202.542236328125
2026-01-07,205.259994506836,208.259994506836,205.02999877929688,207.4900054931641,7545900,205.2126007080078
2026-01-08,206.92999267578125,208.97999572753903,204.97000122070312,205.75,6557800,203.49169921875
2026-01-09,205.9100036621093,206.6999969482422,204.009994506836,204.38999938964844,6154300,202.14663696289065
2026-01-12,205.5500030517578,209.8999938964844,203.8500061035156,209.72000122070312,11794300,207.4181365966797
2026-01-13,209.9100036621093,214.38999938964844,208.8600006103516,213.6499938964844,11379600,211.30499267578125
2026-01-14,214.72999572753903,218.8600006103516,214.1499938964844,218.5500030517578,11858800,216.1511993408203
2026-01-15,218.22999572753903,219.75,215.9100036621093,219.57000732421875,8492100,217.16001892089844
2026-01-16,219.0399932861328,220.1100006103516,218.13999938964844,218.6600036621093,10021500,216.259994506836
2026-01-20,217.08999633789065,218.72999572753903,214.5,218.2100067138672,14057100,215.81494140625
2026-01-21,211.0,218.67999267578125,210.5,218.009994506836,14762900,215.6171417236328
2026-01-22,218.7700042724609,222.1699981689453,218.1000061035156,218.4900054931641,13160000,216.0918731689453
2026-01-23,219.8000030517578,221.2100067138672,217.83999633789065,220.13999938964844,6950600,217.7237548828125
2026-01-26,220.2100067138672,222.02999877929688,220.0,221.4900054931641,6856700,219.05894470214844
2026-01-27,222.0,225.5,220.6999969482422,224.44000244140625,8154100,221.9765625
2026-01-28,226.3999938964844,228.57000732421875,226.0800018310547,227.72000122070312,9026500,225.22056579589844
2026-01-29,228.8099975585937,230.0,227.0800018310547,227.2899932861328,9645300,224.79527282714844
2026-01-30,228.259994506836,228.5,225.3300018310547,227.25,11045500,224.7557067871093
2026-02-02,228.32000732421875,231.19000244140625,227.25,230.75,8187500,228.21731567382807
2026-02-03,231.5,235.1999969482422,230.47999572753903,233.1000061035156,9346600,230.54151916503903
2026-02-04,235.0,235.8300018310547,232.94000244140625,234.47000122070312,8641400,231.8964691162109
2026-02-05,235.0,239.5800018310547,234.9900054931641,237.7899932861328,10267500,235.1800231933593
2026-02-06,238.9600067138672,240.94000244140625,237.97999572753903,239.9900054931641,8274000,237.3558807373047
2026-02-09,240.25,240.7400054931641,237.0399932861328,238.63999938964844,9378500,236.02069091796875
2026-02-10,239.97999572753903,240.5,237.8800048828125,238.3500061035156,6723300,235.73390197753903
2026-02-11,239.33999633789065,241.259994506836,237.3999938964844,240.8600006103516,6803900,238.21633911132807
2026-02-12,240.47999572753903,246.3500061035156,239.67999267578125,244.5500030517578,10254300,241.86582946777344
2026-02-13,244.58999633789065,244.9499969482422,242.6100006103516,243.4499969482422,13268500,240.7779083251953
2026-02-17,244.1300048828125,244.4900054931641,241.8699951171875,243.3300018310547,12703000,240.6592254638672
2026-02-18,243.2400054931641,245.07000732421875,242.82000732421875,244.9900054931641,8129700,242.301010131836
2026-02-19,244.6199951171875,246.9600067138672,244.2700042724609,246.9100036621093,7553900,244.199935913086
2026-02-20,246.47000122070312,246.8800048828125,240.27999877929688,242.4900054931641,13565800,239.8284454345703
2026-02-23,243.6300048828125,246.8099975585937,242.6000061035156,245.83999633789065,9622700,243.1416778564453
2026-02-24,245.3500061035156,247.25,244.5399932861328,246.27999877929688,7246300,244.87173461914065
2026-02-25,244.8600006103516,247.25,243.72000122070312,245.1699981689453,7698200,243.76808166503903
2026-02-26,245.1100006103516,245.47000122070312,242.0200042724609,243.47000122070312,7172600,242.0778045654297
2026-02-27,244.02999877929688,248.94000244140625,242.5,248.42999267578125,16428600,247.00942993164065
2026-03-02,249.19000244140625,251.7100067138672,246.8699951171875,248.5599975585937,9042400,247.13868713378903
2026-03-03,246.4600067138672,247.8800048828125,244.3600006103516,246.75,6178700,245.3390350341797
2026-03-04,245.75,246.57000732421875,243.17999267578125,245.3000030517578,5768000,243.8973388671875
2026-03-05,242.6300048828125,243.0,235.92999267578125,239.6300048828125,9375400,238.259765625
2026-03-06,238.1199951171875,240.7899932861328,235.42999267578125,240.3999938964844,7179800,239.0253448486328
2026-03-09,240.8699951171875,244.08999633789065,240.0399932861328,242.58999633789065,7844000,241.20281982421875
2026-03-10,242.3000030517578,245.0,240.82000732421875,243.7100067138672,7214100,242.31643676757807
2026-03-11,242.8699951171875,243.69000244140625,241.3600006103516,242.9900054931641,6933200,241.6005401611328
2026-03-12,241.4600067138672,244.3999938964844,240.3000030517578,242.0399932861328,7710200,240.6559600830078
2026-03-13,244.2100067138672,245.58999633789065,241.5,241.5200042724609,6415300,240.13894653320312
2026-03-16,243.9199981689453,245.0599975585937,241.6699981689453,243.19000244140625,7571500,241.7993927001953
2026-03-17,243.5800018310547,244.13999938964844,237.22000122070312,238.1100006103516,7281800,236.7484436035156
2026-03-18,237.8699951171875,239.1100006103516,235.4199981689453,237.27999877929688,6811500,235.9231872558593
2026-03-19,238.33999633789065,239.259994506836,236.3099975585937,237.6000061035156,7511500,236.24136352539065
2026-03-20,236.8300018310547,238.2899932861328,234.5,235.3699951171875,17156600,234.02410888671875
2026-03-23,237.3999938964844,238.3099975585937,234.25,235.4199981689453,7313700,234.0738220214844
2026-03-24,234.13999938964844,236.0,232.2400054931641,235.2700042724609,9046200,233.9246826171875
2026-03-25,236.8000030517578,241.4600067138672,235.72999572753903,239.92999267578125,6456400,238.5580291748047
2026-03-26,240.0,241.6499938964844,238.92999267578125,239.2400054931641,5171400,237.8719940185547
2026-03-27,241.19000244140625,242.67999267578125,239.1300048828125,240.4499969482422,7617600,239.07505798339844
2026-03-30,243.4900054931641,244.2100067138672,240.509994506836,242.4900054931641,7241300,241.10340881347656
2026-03-31,243.009994506836,245.3300018310547,242.6499938964844,244.44000244140625,7554200,243.0422515869141
2026-04-01,245.6000061035156,247.1999969482422,243.7400054931641,244.1199951171875,6314600,242.7240753173828
2026-04-02,245.1100006103516,247.2100067138672,241.8699951171875,243.0399932861328,6878700,241.65025329589844
2026-04-06,242.6499938964844,243.5200042724609,240.5,240.97000122070312,4442400,239.5920867919922
2026-04-07,240.77999877929688,240.77999877929688,236.009994506836,238.4100036621093,6241100,237.04673767089844
2026-04-08,236.63999938964844,241.3300018310547,233.8999938964844,241.3000030517578,8771100,239.9202117919922
2026-04-09,241.3000030517578,244.1999969482422,240.5399932861328,241.3099975585937,6216500,239.93014526367188
2026-04-10,242.0,242.259994506836,237.9100036621093,238.4600067138672,7354500,237.0964508056641
2026-04-13,237.7100067138672,238.38999938964844,235.17999267578125,237.9600067138672,7663600,236.59930419921875
2026-04-14,235.009994506836,242.19000244140625,233.25,240.1000061035156,10318700,238.72706604003903
2026-04-15,239.94000244140625,240.4199981689453,236.75,238.6699981689453,6463500,237.30523681640625
2026-04-16,237.4199981689453,238.13999938964844,232.1199951171875,234.5399932861328,8668900,233.1988525390625
2026-04-17,234.3600006103516,235.5399932861328,232.0399932861328,234.17999267578125,8946300,232.8409118652344
2026-04-20,234.8099975585937,235.259994506836,229.52999877929688,230.69000244140625,7810500,229.37088012695312
2026-04-21,229.3500061035156,229.69000244140625,224.6999969482422,226.1600036621093,11681200,224.8667755126953
2026-04-22,226.17999267578125,227.47999572753903,223.77999877929688,226.1000061035156,9003400,224.80712890625
2026-04-23,227.25,231.38999938964844,227.02999877929688,230.6499938964844,7097600,229.3311004638672
2026-04-24,229.02999877929688,229.9900054931641,227.0200042724609,227.5,6067500,226.19911193847656
2026-04-27,225.7700042724609,227.9100036621093,224.3500061035156,225.33999633789065,7897800,224.0514678955078
2026-04-28,227.72999572753903,231.02999877929688,226.3699951171875,227.7899932861328,7179800,226.48745727539065
2026-04-29,225.5200042724609,228.7100067138672,224.8600006103516,227.3500061035156,7071100,226.0499725341797
2026-04-30,227.9499969482422,231.1600036621093,227.8099975585937,229.8500061035156,8157200,228.5356903076172
2026-05-01,229.0599975585937,229.7700042724609,227.0200042724609,227.19000244140625,6863600,225.8908843994141
2026-05-04,225.509994506836,227.07000732421875,223.5800018310547,224.1999969482422,8215200,222.91798400878903
2026-05-05,225.38999938964844,226.52999877929688,224.8999938964844,225.5500030517578,5556700,224.26026916503903
2026-05-06,225.25,226.33999633789065,222.9499969482422,224.6199951171875,7982300,223.3355865478516
2026-05-07,224.77999877929688,224.77999877929688,220.6300048828125,222.509994506836,7269700,221.2376403808593
2026-05-08,222.94000244140625,223.3699951171875,220.9199981689453,221.32000732421875,5550600,220.0544586181641
2026-05-11,221.32000732421875,223.27999877929688,220.3699951171875,221.42999267578125,6223200,220.163818359375
2026-05-12,223.0,227.6499938964844,221.6499938964844,224.259994506836,8632500,222.9776306152344
2026-05-13,225.82000732421875,230.8000030517578,225.44000244140625,230.4199981689453,7464500,229.1024169921875
2026-05-14,231.0,231.759994506836,229.1600036621093,230.8000030517578,6974400,229.48025512695312
2026-05-15,230.7700042724609,232.13999938964844,226.44000244140625,226.7100067138672,12167000,225.41363525390625
2026-05-18,226.7100067138672,229.6999969482422,225.8600006103516,228.9199981689453,10141600,227.61099243164065
2026-05-19,228.94000244140625,230.8500061035156,228.0399932861328,230.0,9677900,228.684814453125
2026-05-20,231.69000244140625,232.0,229.1699981689453,229.32000732421875,7353800,228.0087127685547
2026-05-21,229.32000732421875,231.88999938964844,227.3500061035156,231.72999572753903,5239000,230.4049224853516
2026-05-22,233.0,235.5,232.72000122070312,234.33999633789065,5462300,233.0
2026-05-26,233.0,233.2400054931641,229.0800018310547,230.17999267578125,6619600,230.17999267578125
2026-05-27,229.97999572753903,232.88999938964844,229.0200042724609,231.2899932861328,5835500,231.2899932861328
2026-05-28,230.02999877929688,231.8699951171875,229.72999572753903,230.8000030517578,7193400,230.8000030517578
2026-05-29,231.22999572753903,231.5,224.58999633789065,225.3300018310547,13897700,225.3300018310547
2026-06-01,223.1999969482422,224.44000244140625,220.83999633789065,223.509994506836,8041000,223.509994506836
2026-06-02,222.5800018310547,225.5,221.1699981689453,222.88999938964844,5669000,221.79611206054688
2026-06-03,222.4499969482422,224.92999267578125,222.0,223.2400054931641,6507200,222.1444091796875
2026-06-04,227.08999633789065,228.6699981689453,225.8999938964844,228.1699981689453,7274800,227.0502014160156
2026-06-05,230.0,235.22000122070312,229.0,232.77000427246094,8034900,231.6276397705078
2026-06-08,232.77000427246094,234.9499969482422,230.55999755859375,232.16000366210938,7559800,231.0206298828125
2026-06-09,232.3800048828125,237.7100067138672,230.41000366210938,237.0,8354500,235.8368682861328
2026-06-10,238.85000610351562,240.92999267578125,237.0500030517578,238.49000549316406,8350800,237.31956481933594
2026-06-11,240.0,241.60000610351562,238.13999938964844,238.3300018310547,7399000,237.16033935546875
2026-06-12,240.0,240.91000366210938,237.52000427246094,240.8699951171875,6459400,239.6878662109375
2026-06-15,239.0,239.5,233.5800018310547,235.66000366210938,7732000,234.50344848632812
2026-06-16,236.3699951171875,236.3699951171875,231.02000427246094,235.17999267578125,7718100,234.02578735351562
2026-06-17,234.02999877929688,235.42999267578125,230.6999969482422,234.1999969482422,8548000,233.0506134033203
2026-06-18,231.77999877929688,232.75,227.60000610351562,228.38999938964844,18989800,227.2691192626953
2026-06-22,228.9499969482422,231.4499969482422,227.5,231.2899932861328,8518300,230.15489196777344
2026-06-23,235.63999938964844,239.8000030517578,234.35000610351562,239.0800018310547,11802000,237.9066619873047
2026-06-24,239.88999938964844,243.0399932861328,238.75,241.0,8139200,239.81723022460938
2026-06-25,241.27000427246094,248.19000244140625,240.88999938964844,244.8800048828125,10130400,243.67820739746094
2026-06-26,248.27000427246094,255.11000061035156,247.8699951171875,254.66000366210938,16316800,253.4102020263672
2026-06-29,253.19000244140625,258.5799865722656,252.02999877929688,258.510009765625,8608400,257.2413024902344
2026-06-30,259.0,259.8999938964844,253.1699981689453,253.97000122070312,8469500,252.7235870361328
2026-07-01,253.25,254.1999969482422,251.0800018310547,253.97999572753906,6516500,252.73353576660156
2026-07-02,255.77999877929688,263.1000061035156,254.0,263.0400085449219,7998700,261.74908447265625
2026-07-06,260.2300109863281,261.3800048828125,255.92999267578125,259.3299865722656,6803700,258.0572509765625
2026-07-07,264.8900146484375,269.42999267578125,264.04998779296875,267.239990234375,9089700,265.9284362792969
2026-07-08,268.6000061035156,268.6000061035156,263.1300048828125,263.3999938964844,6769400,262.1072998046875
2026-07-09,260.6300048828125,263.45001220703125,258.1300048828125,259.1000061035156,6426100,257.8283996582031
2026-07-10,260.19000244140625,261.29998779296875,255.52000427246094,256.9800109863281,6534700,255.7188262939453
2026-07-13,257.95001220703125,259.5299987792969,256.1499938964844,257.7699890136719,5272200,256.5049133300781
2026-07-14,255.52999877929688,256.3900146484375,252.13999938964844,253.85000610351562,8770600,252.60418701171875
2026-07-15,250.08999633789062,256.8299865722656,246.0500030517578,247.02000427246094,10547300,245.8076934814453
2026-07-16,248.89999389648438,253.5500030517578,246.3000030517578,249.97000122070312,11097600,248.7432098388672
2026-07-17,252.58999633789062,255.66000366210938,251.9499969482422,253.0399932861328,10167700,251.7981414794922
2026-07-20,252.00999450683594,254.17999267578125,248.6300048828125,248.82000732421875,8114700,247.59886169433594
2026-07-21,247.4499969482422,251.33999633789062,245.49000549316406,250.61000061035156,7793100,249.3800811767578
2026-07-22,252.75999450683594,256.2900085449219,251.2100067138672,255.6300048828125,9100200,254.3754425048828
2026-07-23,255.24000549316406,260.20001220703125,254.4199981689453,259.2699890136719,8063300,257.99755859375
2026-07-24,261.42999267578125,263.7099914550781,259.6099853515625,263.3999938964844,6351800,262.1072998046875
2026-07-27,262.54998779296875,268.79998779296875,261.3500061035156,265.95001220703125,9647900,264.6448059082031
2026-07-28,270.0,274.8999938964844,266.17999267578125,266.7300109863281,10491000,265.42095947265625
2026-07-29,268.5,269.3399963378906,264.7900085449219,265.5299987792969,6105600,264.2268371582031
2026-07-30,259.0299987792969,260.5199890136719,254.55999755859375,255.82000732421875,8216500,254.56451416015625
2026-07-31,256.010009765625,258.4800109863281,253.2899932861328,256.3500061035156,6782100,255.09190368652344
2026-08-03,254.97000122070312,257.75,250.91000366210938,254.41000366210938,8136300,253.1614227294922
2026-08-04,254.41000366210938,255.52000427246094,250.44000244140625,254.92999267578125,7362400,253.67886352539062
2026-08-05,255.25,259.32000732421875,254.47000122070312,257.5899963378906,6472600,256.3258056640625
2026-08-06,261.7099914550781,262.1099853515625,255.27999877929688,256.9800109863281,6931800,255.7188262939453
2026-08-07,255.88999938964844,259.6000061035156,255.1199951171875,259.239990234375,6532100,257.96771240234375
2026-08-10,259.05999755859375,262.0,258.54998779296875,261.80999755859375,8985100,260.5251159667969
2026-08-11,261.2300109863281,264.1499938964844,258.3599853515625,259.79998779296875,5945900,258.52496337890625
2026-08-12,256.0,261.4100036621094,255.25999450683594,260.8599853515625,4629300,259.5797424316406
2026-08-13,261.7300109863281,262.6199951171875,259.6499938964844,262.0799865722656,4852700,260.79376220703125
2026-08-14,260.6499938964844,261.7099914550781,259.1600036621094,260.3500061035156,4998100,259.072265625
2026-08-17,258.8699951171875,264.2799987792969,258.010009765625,262.3699951171875,5515500,261.0823669433594
2026-08-18,267.6700134277344,271.7300109863281,266.3299865722656,271.1099853515625,7838200,269.7794494628906
2026-08-19,273.0,276.4700012207031,270.55999755859375,273.4100036621094,7728500,272.06817626953125
2026-08-20,273.3999938964844,273.3999938964844,267.3699951171875,267.3699951171875,6475900,266.0578308105469
2026-08-21,267.8299865722656,272.6600036621094,267.0,270.239990234375,6186800,268.9137268066406
2026-08-24,269.739990234375,273.9800109863281,268.57000732421875,273.0400085449219,5436100,271.70001220703125
2026-08-25,271.0,273.79998779296875,270.17999267578125,273.1400146484375,4687000,273.1400146484375
2026-08-26,271.9700012207031,272.9100036621094,269.54998779296875,270.0,7214100,270.0
2026-08-27,268.45001220703125,268.45001220703125,263.8299865722656,265.7699890136719,7306200,265.7699890136719
2026-08-28,265.7799987792969,268.3800048828125,264.2699890136719,268.0400085449219,5765600,268.0400085449219
2026-08-31,267.1300048828125,267.7699890136719,265.1700134277344,265.8500061035156,7900100,265.8500061035156
2026-09-01,270.8299865722656,271.9100036621094,267.0199890136719,271.19000244140625,6033600,271.19000244140625
2026-09-02,274.739990234375,281.07000732421875,273.5299987792969,275.2099914550781,7910600,275.2099914550781
2026-09-03,277.32000732421875,278.8525085449219,273.1549987792969,278.30499267578125,3389589,278.30499267578125
