Date,Open,High,Low,Close,Volume,Adj Close
2011-04-01,46.54999923706055,46.880001068115234,46.18000030517578,46.34999847412109,25387300,30.602113723754883
2011-04-04,46.119998931884766,46.52000045776367,46.04999923706055,46.34000015258789,15708000,30.76144027709961
2011-04-05,46.16999816894531,46.77000045776367,46.04999923706055,46.58000183105469,21058400,30.92074966430664
2011-04-06,46.810001373291016,47.72999954223633,46.630001068115234,47.63999938964844,31203300,31.624387741088867
2011-04-07,47.63999938964844,47.79999923706055,46.959999084472656,47.400001525878906,29972000,31.4650936126709
2011-04-08,47.52000045776367,47.65999984741211,46.630001068115234,46.84000015258789,23808000,31.093338012695312
2011-04-11,47.0,47.27000045776367,46.75,46.86000061035156,25641600,31.106624603271484
2011-04-12,46.54999923706055,47.11000061035156,46.25,46.63999938964844,27231300,30.96058654785156
2011-04-13,47.2400016784668,47.369998931884766,45.880001068115234,46.25,55383900,30.701690673828125
2011-04-14,45.68000030517578,45.75,44.90999984741211,44.970001220703125,45214600,29.852001190185547
2011-04-15,45.2400016784668,45.369998931884766,44.83000183105469,44.88999938964844,32475000,29.798891067504883
2011-04-18,44.27000045776367,44.34999847412109,43.52999877929688,43.959999084472656,50958800,29.18154525756836
2011-04-19,44.2599983215332,44.709999084472656,43.7599983215332,44.650001525878906,26705000,29.63959312438965
2011-04-20,44.900001525878906,44.970001220703125,43.93999862670898,44.560001373291016,35542800,29.5798282623291
2011-04-21,44.68000030517578,44.84000015258789,44.119998931884766,44.68000030517578,24368100,29.65949821472168
2011-04-25,44.650001525878906,45.02000045776367,44.380001068115234,44.61000061035156,17358900,29.61302947998047
2011-04-26,44.84999847412109,45.43000030517578,44.61000061035156,45.119998931884766,25900000,29.951568603515625
2011-04-27,45.29999923706055,45.630001068115234,45.04999923706055,45.5,20857200,30.20382308959961
2011-04-28,45.61000061035156,45.93000030517578,45.40999984741211,45.84999847412109,19859000,30.4361572265625
2011-04-29,45.810001373291016,46.02000045776367,45.400001525878906,45.630001068115234,23363000,30.290128707885746
2011-05-02,45.93999862670898,45.9900016784668,45.11000061035156,45.18000030517578,25904000,29.991395950317383
2011-05-03,44.95000076293945,46.06999969482422,44.86000061035156,45.91999816894531,30025500,30.482629776000977
2011-05-04,45.97999954223633,46.040000915527344,45.27999877929688,45.5,22727400,30.20382308959961
2011-05-05,45.2400016784668,45.709999084472656,44.9900016784668,45.16999816894531,26154500,29.984760284423828
2011-05-06,45.470001220703125,45.709999084472656,44.7599983215332,45.040000915527344,26332300,29.898462295532227
2011-05-09,44.75,45.11000061035156,44.31999969482422,44.959999084472656,22469500,29.845378875732425
2011-05-10,45.060001373291016,45.5,44.97999954223633,45.15999984741211,20534200,29.97813034057617
2011-05-11,45.02000045776367,45.040000915527344,44.11000061035156,44.22999954223633,31519600,29.360769271850582
2011-05-12,44.09999847412109,44.33000183105469,43.54999923706055,44.09000015258789,29567900,29.26783561706543
2011-05-13,44.060001373291016,44.09999847412109,42.97999954223633,43.150001525878906,32872500,28.643848419189453
2011-05-16,42.970001220703125,43.47999954223633,42.720001220703125,42.880001068115234,34951100,28.46462059020996
2011-05-17,42.68000030517578,44.02000045776367,42.650001525878906,43.810001373291016,36277100,29.08197784423828
2011-05-18,43.720001220703125,44.2400016784668,43.40999984741211,44.08000183105469,24372100,29.261207580566406
2011-05-19,44.31999969482422,44.34999847412109,43.75,44.0,19518000,29.20810890197754
2011-05-20,43.83000183105469,44.09000015258789,43.09000015258789,43.130001068115234,29946700,28.63057327270508
2011-05-23,42.400001525878906,42.900001525878906,42.29999923706055,42.54999923706055,32299500,28.24555778503418
2011-05-24,42.77000045776367,42.91999816894531,41.68999862670898,42.34000015258789,39341400,28.10615921020508
2011-05-25,42.11000061035156,42.75,42.09999847412109,42.27000045776367,26505300,28.05968475341797
2011-05-26,42.119998931884766,42.59000015258789,42.09999847412109,42.45000076293945,21648100,28.179180145263672
2011-05-27,42.70000076293945,43.150001525878906,42.540000915527344,42.790000915527344,24747300,28.40487289428711
2011-05-31,43.2400016784668,43.380001068115234,42.77000045776367,43.2400016784668,28746300,28.703596115112305
2011-06-01,42.869998931884766,42.9900016784668,41.72999954223633,41.7599983215332,38628700,27.72113609313965
2011-06-02,41.93000030517578,42.20000076293945,40.83000183105469,41.61000061035156,45964000,27.62156105041504
2011-06-03,41.09000015258789,42.25,41.02000045776367,41.56999969482422,31833100,27.595001220703125
2011-06-06,41.09999847412109,41.2400016784668,40.369998931884766,40.52999877929688,40895900,26.904634475708008
2011-06-07,40.91999816894531,41.310001373291016,40.650001525878906,40.720001220703125,36312000,27.0307731628418
2011-06-08,40.58000183105469,41.06999969482422,40.20000076293945,40.38999938964844,38890700,26.81170082092285
2011-06-09,40.59000015258789,41.2400016784668,40.540000915527344,40.97999954223633,30082300,27.203357696533203
2011-06-10,40.59000015258789,41.5,40.09999847412109,41.04999923706055,48545700,27.24982070922852
2011-06-13,41.290000915527344,41.81999969482422,40.720001220703125,41.66999816894531,31767100,27.66138458251953
2011-06-14,42.130001068115234,42.43999862670898,41.47999954223633,41.61000061035156,32103500,27.62156105041504
2011-06-15,41.02000045776367,41.400001525878906,40.25,40.68000030517578,37336400,27.004213333129883
2011-06-16,40.630001068115234,40.709999084472656,39.70000076293945,40.36000061035156,50316600,26.79178810119629
2011-06-17,40.84999847412109,41.060001373291016,40.540000915527344,40.79999923706055,31999600,27.083864212036133
2011-06-20,40.5,40.810001373291016,40.119998931884766,40.47999954223633,21565400,26.871450424194336
2011-06-21,40.68000030517578,41.22999954223633,40.25,40.90999984741211,34241100,27.156885147094727
2011-06-22,40.66999816894531,41.52999877929688,40.47999954223633,40.68999862670898,27306300,27.010854721069336
2011-06-23,40.119998931884766,40.25,39.619998931884766,40.06999969482422,48307500,26.599279403686523
2011-06-24,40.04999923706055,40.18000030517578,39.43999862670898,39.4900016784668,36136800,26.214263916015625
2011-06-27,39.400001525878906,40.11000061035156,39.33000183105469,39.880001068115234,30632700,26.4731559753418
2011-06-28,40.06999969482422,40.06999969482422,39.2400016784668,39.540000915527344,41558700,26.24744987487793
2011-06-29,40.040000915527344,40.560001373291016,39.91999816894531,40.45000076293945,44775900,26.85153007507324
2011-06-30,40.720001220703125,41.06999969482422,40.369998931884766,40.93999862670898,28000100,27.176795959472656
2011-07-01,40.810001373291016,41.720001220703125,40.77000045776367,41.58000183105469,32136800,27.77123069763184
2011-07-05,41.5099983215332,41.5099983215332,40.970001220703125,41.02999877929688,23805800,27.403892517089844
2011-07-06,40.59000015258789,40.650001525878906,40.18000030517578,40.560001373291016,23865700,27.08997917175293
2011-07-07,41.18999862670898,41.790000915527344,41.09999847412109,41.31999969482422,28550800,27.597583770751957
2011-07-08,40.70000076293945,40.970001220703125,40.560001373291016,40.7400016784668,20680000,27.210203170776367
2011-07-11,40.18999862670898,40.220001220703125,39.290000915527344,39.43000030517578,38328000,26.33524703979492
2011-07-12,39.2400016784668,40.119998931884766,39.2400016784668,39.38999938964844,33808300,26.30853080749512
2011-07-13,39.66999816894531,40.369998931884766,39.40999984741211,39.619998931884766,34020600,26.4621524810791
2011-07-14,41.18000030517578,41.2400016784668,40.290000915527344,40.34999847412109,65327400,26.949722290039062
2011-07-15,40.61000061035156,40.75,39.5,39.97999954223633,46544900,26.70260429382324
2011-07-18,39.790000915527344,40.0,38.93000030517578,39.83000183105469,47603200,26.60240936279297
2011-07-19,39.91999816894531,40.4900016784668,39.709999084472656,40.38999938964844,34837400,26.97642517089844
2011-07-20,40.68999862670898,41.36000061035156,40.619998931884766,40.959999084472656,31250900,27.357149124145508
2011-07-21,41.56999969482422,42.54999923706055,41.22999954223633,42.290000915527344,45552200,28.24544906616211
2011-07-22,42.27000045776367,42.31999969482422,41.7599983215332,42.18999862670898,19986100,28.17865562438965
2011-07-25,41.52000045776367,41.90999984741211,41.290000915527344,41.68999862670898,22522300,27.844709396362305
2011-07-26,41.5,41.790000915527344,41.290000915527344,41.43999862670898,24350600,27.67772674560547
2011-07-27,41.20000076293945,41.400001525878906,40.59000015258789,40.66999816894531,32361100,27.1634464263916
2011-07-28,40.68999862670898,41.2400016784668,40.619998931884766,40.68000030517578,23370200,27.170127868652344
2011-07-29,40.2400016784668,40.75,39.900001525878906,40.45000076293945,37793400,27.01651382446289
2011-08-01,41.15999984741211,41.369998931884766,39.959999084472656,40.43999862670898,34039300,27.009838104248047
2011-08-02,40.09999847412109,40.380001068115234,39.84000015258789,39.84000015258789,42119000,26.60908889770508
2011-08-03,39.7599983215332,40.02000045776367,39.34999847412109,39.900001525878906,41110100,26.6491641998291
2011-08-04,39.310001373291016,39.59000015258789,37.81999969482422,37.91999816894531,59931100,25.326719284057617
2011-08-05,38.29999923706055,38.75,36.720001220703125,37.59999847412109,85507800,25.11300277709961
2011-08-08,36.22999954223633,37.720001220703125,33.689998626708984,34.060001373291016,107650300,22.748632431030277
2011-08-09,35.380001068115234,36.59000015258789,33.689998626708984,36.400001525878906,78985700,24.31151962280273
2011-08-10,35.52000045776367,35.849998474121094,33.9900016784668,34.369998931884766,83975700,22.95568084716797
2011-08-11,34.630001068115234,37.29999923706055,34.630001068115234,36.68999862670898,69583500,24.505207061767575
2011-08-12,37.130001068115234,37.84999847412109,35.58000183105469,35.90999984741211,44072800,23.984251022338867
2011-08-15,36.52999877929688,37.13999938964844,36.38999938964844,36.880001068115234,34827900,24.63211250305176
2011-08-16,36.27000045776367,36.56999969482422,35.77000045776367,36.02999877929688,42266600,24.064403533935547
2011-08-17,36.459999084472656,37.2599983215332,36.31999969482422,36.56999969482422,30131400,24.425064086914062
2011-08-18,35.27000045776367,35.470001220703125,34.5,35.189998626708984,57130300,23.503358840942383
2011-08-19,34.7599983215332,35.5,34.2599983215332,34.349998474121094,52960800,22.94232940673828
2011-08-22,35.119998931884766,35.18000030517578,33.349998474121094,33.40999984741211,50971400,22.31450843811035
2011-08-23,33.290000915527344,34.79999923706055,32.310001373291016,34.779998779296875,55807900,23.22952461242676
2011-08-24,34.81999969482422,36.0099983215332,34.68000030517578,35.83000183105469,41959800,23.930814743041992
2011-08-25,37.790000915527344,38.56999969482422,35.41999816894531,35.720001220703125,55387600,23.85734367370605
2011-08-26,35.279998779296875,36.47999954223633,34.81999969482422,36.209999084472656,35114200,24.184616088867188
2011-08-29,36.81999969482422,37.63999938964844,36.470001220703125,37.63999938964844,27943900,25.13969993591309
2011-08-30,37.400001525878906,37.720001220703125,36.75,37.060001373291016,28818700,24.75233459472656
2011-08-31,37.41999816894531,38.02999877929688,37.220001220703125,37.560001373291016,30051100,25.08627319335937
2011-09-01,37.619998931884766,37.81999969482422,36.290000915527344,36.29999923706055,36862300,24.244726181030277
2011-09-02,35.060001373291016,35.25,34.5099983215332,34.630001068115234,41677300,23.12934112548828
2011-09-06,33.11000061035156,33.5,32.779998779296875,33.439998626708984,57071200,22.33453750610352
2011-09-07,34.099998474121094,34.97999954223633,33.869998931884766,34.81999969482422,36145900,23.256237030029297
2011-09-08,34.439998626708984,34.90999984741211,33.439998626708984,33.5099983215332,44815300,22.381290435791016
2011-09-09,33.08000183105469,33.20000076293945,31.93000030517578,32.08000183105469,67187400,21.42619132995605
2011-09-12,31.350000381469727,32.41999816894531,31.209999084472656,32.41999816894531,53377600,21.65328598022461
2011-09-13,32.810001373291016,33.40999984741211,32.16999816894531,32.4900016784668,50137600,21.70003700256348
2011-09-14,32.72999954223633,33.189998626708984,31.86000061035156,32.79999923706055,44442500,21.90708541870117
2011-09-15,33.369998931884766,33.81999969482422,33.130001068115234,33.810001373291016,35847800,22.581666946411133
2011-09-16,34.04999923706055,34.27000045776367,33.02000045776367,33.43000030517578,52683800,22.327857971191406
2011-09-19,32.689998626708984,32.88999938964844,32.130001068115234,32.4900016784668,33154800,21.70003700256348
2011-09-20,32.77000045776367,32.79999923706055,32.2400016784668,32.25,34085100,21.539735794067383
2011-09-21,32.22999954223633,32.45000076293945,30.26000022888184,30.34000015258789,57389200,20.26405334472656
2011-09-22,29.350000381469727,29.6299991607666,28.530000686645508,29.270000457763672,86285600,19.549396514892575
2011-09-23,28.959999084472656,29.799999237060547,28.86000061035156,29.59000015258789,51731300,19.763132095336918
2011-09-26,30.059999465942383,31.809999465942383,29.959999084472656,31.649999618530277,58696100,21.138999938964844
2011-09-27,32.619998931884766,33.130001068115234,31.25,31.56999969482422,58242900,21.085569381713867
2011-09-28,31.6200008392334,32.0,30.420000076293945,30.46999931335449,38725900,20.35087776184082
2011-09-29,31.57999992370605,32.11000061035156,30.440000534057617,31.38999938964844,51014100,20.96534538269043
2011-09-30,30.739999771118164,30.950000762939453,30.11000061035156,30.1200008392334,42420600,20.11711311340332
2011-10-03,30.030000686645508,30.700000762939453,28.63999938964844,28.649999618530277,51002700,19.13530731201172
2011-10-04,28.25,30.43000030517578,27.850000381469727,30.26000022888184,69800000,20.38853454589844
2011-10-05,30.229999542236328,31.170000076293945,29.399999618530277,30.84000015258789,51117200,20.77932357788086
2011-10-06,30.709999084472656,32.459999084472656,30.420000076293945,32.380001068115234,53214000,21.816940307617188
2011-10-07,32.58000183105469,32.61000061035156,30.649999618530277,30.700000762939453,49320600,20.68499755859375
2011-10-10,31.600000381469727,32.31999969482422,31.57999992370605,32.29999923706055,37324800,21.763036727905277
2011-10-11,31.979999542236328,32.68000030517578,31.40999984741211,32.29999923706055,38161700,21.763036727905277
2011-10-12,32.7599983215332,33.869998931884766,32.689998626708984,33.20000076293945,55462500,22.36944007873535
2011-10-13,32.45000076293945,32.4900016784668,30.920000076293945,31.600000381469727,78830000,21.29139518737793
2011-10-14,31.8700008392334,32.31999969482422,31.399999618530277,31.88999938964844,51899600,21.48678970336914
2011-10-17,31.63999938964844,32.09000015258789,30.96999931335449,31.040000915527344,40865400,20.91407585144043
2011-10-18,31.36000061035156,33.41999816894531,31.13999938964844,32.869998931884766,64392400,22.147092819213867
2011-10-19,32.77000045776367,34.0099983215332,32.029998779296875,32.25,50119300,21.72935104370117
2011-10-20,32.31999969482422,33.189998626708984,31.670000076293945,33.130001068115234,41657100,22.322275161743164
2011-10-21,33.47999954223633,34.040000915527344,33.0099983215332,33.41999816894531,48445300,22.51766967773437
2011-10-24,33.61000061035156,34.689998626708984,33.56999969482422,34.56999969482422,45697200,23.292510986328125
2011-10-25,34.18000030517578,34.25,33.36000061035156,33.4900016784668,38679100,22.56483459472656
2011-10-26,34.11000061035156,34.40999984741211,33.5,34.18000030517578,36350900,23.02974319458008
2011-10-27,36.560001373291016,37.540000915527344,35.70000076293945,37.02000045776367,76438300,24.943273544311523
2011-10-28,36.61000061035156,36.97999954223633,36.18999862670898,36.68999862670898,39891200,24.72092056274414
2011-10-31,35.93000030517578,36.0,34.72999954223633,34.7599983215332,46429800,23.420530319213867
2011-11-01,32.470001220703125,33.63999938964844,31.84000015258789,32.709999084472656,74052400,22.039287567138672
2011-11-02,33.709999084472656,33.7400016784668,33.060001373291016,33.63999938964844,34325900,22.665903091430664
2011-11-03,34.119998931884766,34.52000045776367,32.84000015258789,34.380001068115234,40084700,23.16449737548828
2011-11-04,33.9900016784668,34.060001373291016,33.45000076293945,33.970001220703125,30858700,22.888242721557617
2011-11-07,34.029998779296875,34.34000015258789,33.709999084472656,34.2400016784668,25925900,23.07016944885254
2011-11-08,34.529998779296875,35.18000030517578,34.02000045776367,35.02000045776367,30193100,23.595722198486328
2011-11-09,33.84000015258789,33.9900016784668,32.380001068115234,32.540000915527344,52990400,21.924747467041016
2011-11-10,32.91999816894531,33.22999954223633,32.279998779296875,32.7400016784668,30427400,22.05950355529785
2011-11-11,33.279998779296875,33.849998474121094,33.02000045776367,33.279998779296875,29983400,22.423343658447266
2011-11-14,32.95000076293945,32.97999954223633,32.220001220703125,32.54999923706055,27596300,21.93148422241211
2011-11-15,32.09000015258789,33.11000061035156,32.08000183105469,32.70000076293945,31260500,22.03255844116211
2011-11-16,32.34000015258789,32.4900016784668,31.399999618530277,31.46999931335449,40761800,21.203805923461918
2011-11-17,31.399999618530277,31.5,30.34000015258789,30.489999771118164,55130100,20.54349708557129
2011-11-18,30.670000076293945,30.850000381469727,30.32999992370605,30.6200008392334,39029900,20.63109397888184
2011-11-21,30.020000457763672,30.190000534057617,29.600000381469727,29.90999984741211,39658100,20.1527099609375
2011-11-22,29.899999618530277,30.100000381469727,29.3799991607666,29.40999984741211,36466200,19.815818786621094
2011-11-23,29.11000061035156,29.149999618530277,28.32999992370605,28.3799991607666,44468500,19.121826171875
2011-11-25,28.280000686645508,29.170000076293945,28.280000686645508,28.479999542236328,21423200,19.189207077026367
2011-11-28,29.709999084472656,30.06999969482422,28.81999969482422,29.15999984741211,45280100,19.64737892150879
2011-11-29,28.979999542236328,29.1299991607666,28.479999542236328,28.559999465942383,45104700,19.243104934692383
2011-11-30,30.149999618530277,31.0,29.799999237060547,30.96999931335449,61412600,20.866914749145508
2011-12-01,30.86000061035156,30.96999931335449,30.030000686645508,30.459999084472656,33189700,20.52328872680664
2011-12-02,30.8799991607666,33.27000045776367,30.809999465942383,32.33000183105469,90515100,21.783246994018555
2011-12-05,33.63999938964844,34.099998474121094,33.220001220703125,33.5099983215332,52207600,22.57830810546875
2011-12-06,33.2599983215332,33.58000183105469,32.68000030517578,33.22999954223633,38782900,22.389652252197266
2011-12-07,32.81999969482422,34.189998626708984,32.720001220703125,34.0,44722800,22.90846443176269
2011-12-08,33.54999923706055,33.70000076293945,32.08000183105469,32.220001220703125,47788900,21.709142684936523
2011-12-09,32.36000061035156,33.310001373291016,32.36000061035156,33.18000030517578,39104600,22.35595703125
2011-12-12,32.54999923706055,32.599998474121094,31.76000022888184,32.040000915527344,35977900,21.58785629272461
2011-12-13,32.369998931884766,32.630001068115234,30.8700008392334,31.290000915527344,49475100,21.08251953125
2011-12-14,30.8799991607666,31.940000534057617,30.82999992370605,31.51000022888184,41291500,21.230758666992188
2011-12-15,32.099998474121094,32.279998779296875,31.56999969482422,31.76000022888184,33457300,21.399194717407227
2011-12-16,32.15999984741211,32.599998474121094,31.809999465942383,31.88999938964844,52596800,21.48678970336914
2011-12-19,31.8700008392334,31.899999618530277,30.420000076293945,30.700000762939453,47388000,20.68499755859375
2011-12-20,31.399999618530277,32.439998626708984,31.239999771118164,32.209999084472656,49091600,21.702402114868164
2011-12-21,32.0,32.40999984741211,31.899999618530277,32.31999969482422,30893000,21.776512145996094
2011-12-22,32.689998626708984,33.54999923706055,32.540000915527344,33.45000076293945,35543200,22.53788375854492
2011-12-23,33.619998931884766,33.70000076293945,33.130001068115234,33.56999969482422,21958800,22.618736267089844
2011-12-27,33.220001220703125,33.689998626708984,33.029998779296875,33.029998779296875,16891600,22.25489616394043
2011-12-28,32.9900016784668,33.09000015258789,32.56999969482422,32.650001525878906,19242700,21.998857498168945
2011-12-29,32.709999084472656,33.52000045776367,32.709999084472656,33.41999816894531,19792000,22.51766967773437
2011-12-30,33.11000061035156,33.41999816894531,33.060001373291016,33.25,18196900,22.403133392333984
2012-01-03,34.060001373291016,35.189998626708984,34.0099983215332,34.97999954223633,44102800,23.568756103515625
2012-01-04,34.439998626708984,35.150001525878906,34.33000183105469,34.95000076293945,36571200,23.718063354492188
2012-01-05,34.709999084472656,35.91999816894531,34.400001525878906,35.68000030517578,38381400,24.213459014892575
2012-01-06,35.689998626708984,35.77000045776367,35.13999938964844,35.36000061035156,33160600,23.996299743652344
2012-01-09,35.439998626708984,35.68000030517578,34.9900016784668,35.29999923706055,23001800,23.95557975769043
2012-01-10,36.06999969482422,36.34999847412109,35.7599983215332,36.04999923706055,35972800,24.46455383300781
2012-01-11,35.79999923706055,36.7400016784668,35.65999984741211,36.65999984741211,29852900,24.87851905822754
2012-01-12,36.81999969482422,37.04999923706055,36.16999816894531,36.84999847412109,39420700,25.00745964050293
2012-01-13,35.2599983215332,35.91999816894531,35.130001068115234,35.91999816894531,61571500,24.376319885253903
2012-01-17,34.849998474121094,35.68000030517578,34.5,34.90999984741211,55115100,23.69091796875
2012-01-18,34.540000915527344,36.68000030517578,34.529998779296875,36.540000915527344,55502100,24.79707717895508
2012-01-19,36.84000015258789,37.150001525878906,36.709999084472656,36.93000030517578,37000400,25.061742782592773
2012-01-20,36.77999877929688,37.400001525878906,36.619998931884766,37.36000061035156,34716500,25.353561401367188
2012-01-23,37.310001373291016,37.93999862670898,37.27000045776367,37.65999984741211,27499200,25.55714607238769
2012-01-24,37.18000030517578,37.88999938964844,36.79999923706055,37.65999984741211,25403800,25.55714607238769
2012-01-25,37.36000061035156,37.81999969482422,37.119998931884766,37.59999847412109,29860700,25.51642417907715
2012-01-26,37.880001068115234,38.09999847412109,37.25,37.4900016784668,33284600,25.44178009033203
2012-01-27,37.22999954223633,37.65999984741211,37.150001525878906,37.209999084472656,27674600,25.251754760742188
2012-01-30,36.65999984741211,37.16999816894531,36.36000061035156,37.0099983215332,24423600,25.11603736877441
2012-01-31,37.52999877929688,37.540000915527344,36.93000030517578,37.29999923706055,29649500,25.31283187866211
2012-02-01,37.88999938964844,38.02999877929688,37.5,37.59999847412109,41957800,25.51642417907715
2012-02-02,37.68999862670898,38.15999984741211,37.41999816894531,37.54999923706055,26784200,25.482500076293945
2012-02-03,38.27000045776367,38.5,38.04999923706055,38.27999877929688,41074400,25.97789192199707
2012-02-06,38.060001373291016,38.31999969482422,37.810001373291016,38.13999938964844,23106200,25.88287925720215
2012-02-07,37.86000061035156,38.119998931884766,37.70000076293945,37.869998931884766,21091900,25.69966125488281
2012-02-08,38.04999923706055,38.34999847412109,37.970001220703125,38.29999923706055,23258700,25.99146842956543
2012-02-09,38.59999847412109,38.68000030517578,37.84000015258789,37.86000061035156,28608400,25.69287109375
2012-02-10,37.220001220703125,37.77000045776367,37.11000061035156,37.61000061035156,22618800,25.523223876953125
2012-02-13,38.08000183105469,38.34000015258789,37.77999877929688,38.29999923706055,24828000,25.99146842956543
2012-02-14,38.22999954223633,38.2599983215332,37.43999862670898,37.91999816894531,27031900,25.73358726501465
2012-02-15,38.08000183105469,38.400001525878906,37.310001373291016,37.400001525878906,26534900,25.380691528320312
2012-02-16,37.150001525878906,38.119998931884766,37.04999923706055,38.0,22139600,25.78788185119629
2012-02-17,38.59999847412109,38.63999938964844,38.22999954223633,38.470001220703125,28009300,26.10682678222656
2012-02-21,38.650001525878906,38.970001220703125,38.40999984741211,38.459999084472656,22804200,26.10004425048828
2012-02-22,38.29999923706055,38.38999938964844,37.900001525878906,38.06999969482422,23416900,25.83538627624512
2012-02-23,38.060001373291016,38.52000045776367,37.75,38.4900016784668,31361400,26.12040901184082
2012-02-24,38.65999984741211,38.68000030517578,38.18999862670898,38.27999877929688,17586400,25.97789192199707
2012-02-27,38.06999969482422,39.22999954223633,37.790000915527344,39.060001373291016,34030400,26.507219314575195
2012-02-28,39.130001068115234,39.54999923706055,38.84999847412109,39.209999084472656,37900900,26.609020233154297
2012-02-29,39.33000183105469,39.93999862670898,39.02000045776367,39.2400016784668,41187700,26.62938117980957
2012-03-01,39.5099983215332,40.45000076293945,39.470001220703125,40.369998931884766,44376700,27.396238327026367
2012-03-02,40.43000030517578,40.880001068115234,40.22999954223633,40.630001068115234,34897900,27.57267189025879
2012-03-05,40.70000076293945,40.709999084472656,40.0,40.400001525878906,30806900,27.416584014892575
2012-03-06,39.45000076293945,39.869998931884766,39.119998931884766,39.31999969482422,33927500,26.68366432189941
2012-03-07,39.459999084472656,40.060001373291016,39.380001068115234,39.95000076293945,22875100,27.111202239990234
2012-03-08,40.470001220703125,40.75,40.220001220703125,40.43999862670898,22052300,27.44373893737793
2012-03-09,40.75,41.43999862670898,40.5,41.02999877929688,33494200,27.84412956237793
2012-03-12,40.86000061035156,40.97999954223633,40.20000076293945,40.540000915527344,30763800,27.511606216430664
2012-03-13,41.02000045776367,43.72999954223633,40.81999969482422,43.38999938964844,77277600,29.44568252563477
2012-03-14,43.619998931884766,44.0,43.06999969482422,43.58000183105469,68028700,29.574636459350582
2012-03-15,43.63999938964844,44.91999816894531,42.93000030517578,44.70000076293945,57117700,30.334686279296875
2012-03-16,44.869998931884766,44.91999816894531,44.220001220703125,44.56999969482422,48844500,30.24646377563477
2012-03-19,44.43999862670898,45.34999847412109,44.209999084472656,45.0,41509300,30.538272857666016
2012-03-20,44.52999877929688,45.59999847412109,44.369998931884766,45.380001068115234,34796200,30.796157836914062
2012-03-21,45.52999877929688,45.66999816894531,44.86000061035156,45.119998931884766,27267900,30.61971473693848
2012-03-22,44.720001220703125,45.09999847412109,44.40999984741211,44.650001525878906,27457200,30.30075454711914
2012-03-23,44.45000076293945,45.25,44.43999862670898,45.15999984741211,30639300,30.646848678588867
2012-03-26,45.47999954223633,46.16999816894531,45.400001525878906,46.16999816894531,33529400,31.33226776123047
2012-03-27,45.91999816894531,46.4900016784668,45.83000183105469,45.88999938964844,33026400,31.142242431640625
2012-03-28,45.7599983215332,46.310001373291016,45.36000061035156,46.27000045776367,29755800,31.400148391723636
2012-03-29,45.91999816894531,46.02000045776367,45.27000045776367,45.66999816894531,32262300,30.992956161499023
2012-03-30,46.08000183105469,46.130001068115234,45.5,45.97999954223633,25945800,31.203332901000977
2012-04-02,45.75,46.34999847412109,45.459999084472656,46.130001068115234,27669300,31.305131912231445
2012-04-03,45.7400016784668,45.9900016784668,44.970001220703125,45.41999816894531,31036400,31.025070190429688
2012-04-04,44.68000030517578,44.86000061035156,43.959999084472656,44.40999984741211,41342900,30.33517265319824
2012-04-05,44.130001068115234,44.72999954223633,43.810001373291016,44.34000015258789,28832300,30.287351608276367
2012-04-09,43.18999862670898,44.27999877929688,43.06999969482422,43.88999938964844,29376400,29.97996711730957
2012-04-10,43.880001068115234,44.0099983215332,42.65999984741211,42.959999084472656,38841000,29.34472274780273
2012-04-11,43.59000015258789,44.209999084472656,43.56999969482422,44.0099983215332,32142200,30.06193733215332
2012-04-12,44.119998931884766,44.9900016784668,44.0,44.84000015258789,33631100,30.62889289855957
2012-04-13,44.95000076293945,44.95000076293945,43.060001373291016,43.209999084472656,58183900,29.51548957824707
2012-04-16,43.380001068115234,43.79999923706055,42.84000015258789,43.33000183105469,40387600,29.597448348999023
2012-04-17,43.68999862670898,44.0,43.15999984741211,43.900001525878906,26887000,29.98680877685547
2012-04-18,43.619998931884766,43.90999984741211,43.27000045776367,43.290000915527344,20242900,29.57013320922852
2012-04-19,43.43999862670898,43.68999862670898,42.77000045776367,43.220001220703125,25961800,29.52232360839844
2012-04-20,43.5099983215332,43.58000183105469,42.709999084472656,42.720001220703125,26178100,29.1807804107666
2012-04-23,41.91999816894531,42.959999084472656,41.79999923706055,42.84999847412109,25536300,29.26957893371582
2012-04-24,42.97999954223633,43.310001373291016,42.810001373291016,43.27999877929688,21420400,29.56330108642578
2012-04-25,43.650001525878906,43.88999938964844,42.97999954223633,43.15999984741211,31694000,29.481334686279297
2012-04-26,43.220001220703125,43.88999938964844,43.060001373291016,43.79999923706055,28100300,29.918495178222656
2012-04-27,43.93999862670898,43.9900016784668,43.22999954223633,43.34000015258789,26242900,29.604278564453125
2012-04-30,43.33000183105469,43.369998931884766,42.540000915527344,42.97999954223633,23518000,29.35837745666504
2012-05-01,43.0,44.2400016784668,42.959999084472656,43.790000915527344,26359700,29.91166877746582
2012-05-02,43.459999084472656,43.52999877929688,42.84000015258789,43.20000076293945,22462200,29.50864791870117
2012-05-03,43.380001068115234,43.38999938964844,42.66999816894531,43.0099983215332,19536400,29.378868103027344
2012-05-04,42.33000183105469,42.68000030517578,41.709999084472656,41.75,31279900,28.51821517944336
2012-05-07,41.43000030517578,42.400001525878906,41.369998931884766,41.77999877929688,25910100,28.53868865966797
2012-05-08,41.5,41.84000015258789,40.95000076293945,41.380001068115234,28049700,28.26546287536621
2012-05-09,40.720001220703125,41.02000045776367,40.119998931884766,40.63999938964844,38769900,27.759990692138672
2012-05-10,41.22999954223633,41.400001525878906,40.540000915527344,40.7400016784668,35827100,27.828304290771484
2012-05-11,37.13999938964844,37.9900016784668,36.619998931884766,36.959999084472656,217294200,25.24629211425781
2012-05-14,36.09999847412109,36.470001220703125,35.7599983215332,35.790000915527344,96488500,24.447097778320312
2012-05-15,36.18999862670898,37.27000045776367,36.119998931884766,36.2400016784668,89903700,24.75448989868164
2012-05-16,36.790000915527344,36.97999954223633,35.459999084472656,35.459999084472656,68729600,24.22168731689453
2012-05-17,35.040000915527344,35.099998474121094,33.880001068115234,33.93000030517578,95429200,23.17658805847168
2012-05-18,33.9900016784668,33.9900016784668,32.970001220703125,33.4900016784668,82650100,22.87603759765625
2012-05-21,33.52000045776367,33.709999084472656,32.2599983215332,32.5099983215332,99554800,22.20662498474121
2012-05-22,33.31999969482422,34.58000183105469,32.9900016784668,34.0099983215332,84721000,23.23122978210449
2012-05-23,33.619998931884766,34.41999816894531,33.209999084472656,34.2599983215332,52512900,23.401996612548828
2012-05-24,34.439998626708984,34.47999954223633,33.619998931884766,33.970001220703125,37843800,23.20390892028809
2012-05-25,34.0,34.130001068115234,33.290000915527344,33.5,28796400,22.88286399841309
2012-05-29,33.97999954223633,34.0,33.36000061035156,33.630001068115234,35855200,22.97166633605957
2012-05-30,33.29999923706055,33.439998626708984,32.95000076293945,32.959999084472656,34203600,22.514009475708008
2012-05-31,32.959999084472656,33.470001220703125,32.90999984741211,33.150001525878906,42124900,22.643796920776367
2012-06-01,32.40999984741211,32.650001525878906,31.770000457763672,31.93000030517578,50472200,21.810443878173828
2012-06-04,32.15999984741211,32.16999816894531,30.82999992370605,31.0,60492400,21.17518424987793
2012-06-05,30.88999938964844,32.130001068115234,30.86000061035156,31.989999771118164,46502800,21.851428985595703
2012-06-06,32.709999084472656,33.310001373291016,32.27000045776367,33.06999969482422,47980500,22.58914375305176
2012-06-07,33.77000045776367,33.83000183105469,32.79999923706055,32.810001373291016,53888800,22.41155242919922
2012-06-08,32.77000045776367,33.68000030517578,32.54999923706055,33.68000030517578,34238200,23.00581932067871
2012-06-11,34.369998931884766,34.439998626708984,32.779998779296875,32.81999969482422,46404900,22.418380737304688
2012-06-12,32.880001068115234,33.779998779296875,32.5099983215332,33.77000045776367,43334400,23.06729888916016
2012-06-13,33.689998626708984,35.06999969482422,33.630001068115234,34.29999923706055,72456600,23.42932891845703
2012-06-14,34.40999984741211,34.88999938964844,34.06999969482422,34.650001525878906,44428000,23.668397903442383
2012-06-15,34.88999938964844,35.06999969482422,34.40999984741211,35.029998779296875,40917100,23.927959442138672
2012-06-18,34.709999084472656,35.29999923706055,34.5,34.619998931884766,31084400,23.64790725708008
2012-06-19,34.9900016784668,35.630001068115234,34.72999954223633,35.380001068115234,32489000,24.16703987121582
2012-06-20,36.02999877929688,36.93999862670898,35.83000183105469,36.45000076293945,61149700,24.897920608520508
2012-06-21,36.4900016784668,37.02999877929688,35.43000030517578,35.5099983215332,95637000,24.255840301513672
2012-06-22,36.02000045776367,36.4900016784668,35.959999084472656,35.9900016784668,44193500,24.58371925354004
2012-06-25,35.2599983215332,35.470001220703125,34.63999938964844,35.31999969482422,33115800,24.12604331970215
2012-06-26,36.060001373291016,36.119998931884766,35.58000183105469,35.709999084472656,35053600,24.392457962036133
2012-06-27,35.63999938964844,36.81999969482422,35.5,36.77999877929688,34156800,25.12333297729492
2012-06-28,35.31999969482422,35.93000030517578,34.849998474121094,35.880001068115234,69904800,24.508581161499023
2012-06-29,36.70000076293945,36.79999923706055,35.25,35.72999954223633,56063200,24.40611457824707
2012-07-02,36.27000045776367,36.36000061035156,35.59000015258789,36.27999877929688,34274900,24.78179931640625
2012-07-03,35.959999084472656,36.13999938964844,35.540000915527344,35.880001068115234,26705900,24.71293830871582
2012-07-05,35.61000061035156,35.65999984741211,34.220001220703125,34.380001068115234,58519800,23.67977905273437
2012-07-06,33.91999816894531,34.119998931884766,33.72999954223633,33.900001525878906,32057200,23.349170684814453
2012-07-09,33.810001373291016,34.119998931884766,33.540000915527344,33.959999084472656,30545000,23.39049530029297
2012-07-10,34.220001220703125,34.45000076293945,33.810001373291016,34.25,33175500,23.59023094177246
2012-07-11,34.209999084472656,34.79999923706055,34.119998931884766,34.59000015258789,35144300,23.82441711425781
2012-07-12,34.33000183105469,34.56999969482422,33.939998626708984,34.040000915527344,39301500,23.44560432434082
2012-07-13,35.060001373291016,36.20000076293945,34.86000061035156,36.06999969482422,83001000,24.843795776367188
2012-07-16,35.7599983215332,35.849998474121094,34.72999954223633,35.09000015258789,52368300,24.16880798339844
2012-07-17,35.439998626708984,35.47999954223633,34.27000045776367,34.9900016784668,43998300,24.09991836547852
2012-07-18,34.75,35.22999954223633,34.650001525878906,34.959999084472656,28944900,24.07926177978516
2012-07-19,35.02000045776367,35.16999816894531,34.310001373291016,34.459999084472656,34384700,23.7348747253418
2012-07-20,34.04999923706055,34.130001068115234,33.900001525878906,33.900001525878906,36301200,23.349170684814453
2012-07-23,33.2400016784668,34.5,33.099998474121094,34.439998626708984,41248300,23.72110366821289
2012-07-24,34.58000183105469,34.88999938964844,34.220001220703125,34.72999954223633,29920400,23.920848846435547
2012-07-25,34.97999954223633,35.45000076293945,34.790000915527344,35.16999816894531,32127700,24.223901748657227
2012-07-26,35.779998779296875,35.939998626708984,35.34000015258789,35.810001373291016,28900500,24.66470718383789
2012-07-27,36.0099983215332,37.20000076293945,35.5099983215332,36.88999938964844,63636200,25.408586502075195
2012-07-30,36.5,36.52000045776367,35.939998626708984,36.13999938964844,30698200,24.89200592041016
2012-07-31,36.11000061035156,36.33000183105469,35.90999984741211,36.0,19681600,24.795581817626957
2012-08-01,36.18999862670898,36.400001525878906,35.81999969482422,36.0,22180200,24.795581817626957
2012-08-02,35.619998931884766,35.84000015258789,34.7599983215332,35.16999816894531,36675000,24.223901748657227
2012-08-03,35.81999969482422,36.290000915527344,35.5,36.09000015258789,24516300,24.857574462890625
2012-08-06,36.2400016784668,36.79999923706055,36.11000061035156,36.29999923706055,18979200,25.00221061706543
2012-08-07,36.56999969482422,37.869998931884766,36.56999969482422,37.0099983215332,37225800,25.491233825683597
2012-08-08,36.84999847412109,37.47999954223633,36.75,37.15999984741211,18672400,25.59455108642578
2012-08-09,36.720001220703125,37.2599983215332,36.59000015258789,36.91999816894531,23406700,25.429248809814453
2012-08-10,36.7599983215332,37.0,36.400001525878906,36.970001220703125,15492700,25.463685989379883
2012-08-13,36.869998931884766,37.09000015258789,36.650001525878906,36.9900016784668,14453500,25.47746086120605
2012-08-14,37.41999816894531,37.63999938964844,36.97999954223633,37.09999847412109,18065100,25.553220748901367
2012-08-15,37.06999969482422,37.40999984741211,36.95000076293945,37.06999969482422,17521300,25.53256607055664
2012-08-16,37.18000030517578,37.34999847412109,36.79999923706055,37.09999847412109,15894100,25.553220748901367
2012-08-17,37.20000076293945,37.20000076293945,36.79999923706055,36.97999954223633,17079800,25.47056579589844
2012-08-20,36.91999816894531,37.5,36.79999923706055,37.369998931884766,17922100,25.73918914794922
2012-08-21,37.630001068115234,38.86000061035156,37.560001373291016,38.040000915527344,36880600,26.200658798217773
2012-08-22,37.880001068115234,38.18000030517578,37.560001373291016,37.83000183105469,16899400,26.056032180786133
2012-08-23,37.810001373291016,37.88999938964844,37.20000076293945,37.22999954223633,16429500,25.64275550842285
2012-08-24,36.93999862670898,37.43999862670898,36.66999816894531,37.16999816894531,20019300,25.6014347076416
2012-08-27,37.310001373291016,37.43999862670898,36.900001525878906,37.22999954223633,17618200,25.64275550842285
2012-08-28,37.09999847412109,37.4900016784668,36.900001525878906,37.130001068115234,18050500,25.57387924194336
2012-08-29,37.31999969482422,37.4900016784668,37.060001373291016,37.29999923706055,13681900,25.69097137451172
2012-08-30,37.060001373291016,37.130001068115234,36.709999084472656,36.900001525878906,13700700,25.415470123291016
2012-08-31,37.13999938964844,37.400001525878906,36.86000061035156,37.13999938964844,16771600,25.580781936645508
2012-09-04,36.97999954223633,37.2400016784668,36.77999877929688,37.0099983215332,13631400,25.491233825683597
2012-09-05,37.08000183105469,37.290000915527344,36.93999862670898,37.11000061035156,13537500,25.56010055541992
2012-09-06,37.58000183105469,38.869998931884766,37.5,38.68999862670898,41346800,26.648361206054688
2012-09-07,39.040000915527344,39.52999877929688,39.0,39.29999923706055,28082400,27.068513870239254
2012-09-10,39.22999954223633,39.77999877929688,38.72999954223633,38.7599983215332,20853500,26.696569442749023
2012-09-11,38.79999923706055,39.630001068115234,38.72999954223633,39.59999847412109,22378900,27.27514266967773
2012-09-12,39.880001068115234,40.25,39.790000915527344,39.91999816894531,29882200,27.49553680419922
2012-09-13,39.84000015258789,41.58000183105469,39.59000015258789,41.400001525878906,47018600,28.51492118835449
2012-09-14,41.959999084472656,42.09000015258789,41.22999954223633,41.56999969482422,43471600,28.632007598876957
2012-09-17,41.0,41.43999862670898,40.95000076293945,41.18999862670898,19740100,28.37027931213379
2012-09-18,41.04999923706055,41.33000183105469,40.65999984741211,41.2599983215332,25186600,28.41848564147949
2012-09-19,41.33000183105469,41.7599983215332,41.040000915527344,41.34000015258789,22887200,28.47359085083008
2012-09-20,40.959999084472656,41.27999877929688,40.54999923706055,41.25,20997400,28.411598205566406
2012-09-21,41.52999877929688,41.70000076293945,40.77000045776367,40.880001068115234,28287400,28.156757354736328
2012-09-24,40.61000061035156,41.470001220703125,40.59000015258789,41.22999954223633,20499500,28.397825241088867
2012-09-25,41.54999923706055,41.54999923706055,40.52999877929688,40.54999923706055,21988200,27.92946434020996
2012-09-26,40.150001525878906,40.630001068115234,39.70000076293945,40.2400016784668,23782700,27.7159481048584
2012-09-27,40.400001525878906,40.9900016784668,40.209999084472656,40.68000030517578,20843400,28.019006729125977
2012-09-28,40.41999816894531,40.630001068115234,40.15999984741211,40.47999954223633,21380700,27.881250381469727
2012-10-01,40.880001068115234,41.5,40.79999923706055,40.970001220703125,21956400,28.21874046325684
2012-10-02,41.13999938964844,41.2400016784668,40.560001373291016,40.91999816894531,26946100,28.184309005737305
2012-10-03,40.83000183105469,41.0,40.41999816894531,40.86000061035156,22419100,28.350839614868164
2012-10-04,41.15999984741211,41.9900016784668,40.90999984741211,41.81999969482422,24326500,29.016929626464844
2012-10-05,42.040000915527344,42.43999862670898,41.459999084472656,41.709999084472656,22774400,28.94060516357422
2012-10-08,41.33000183105469,41.84000015258789,41.11000061035156,41.65999984741211,18631300,28.905914306640625
2012-10-09,41.77000045776367,41.95000076293945,41.29999923706055,41.380001068115234,19947500,28.711633682250977
2012-10-10,41.54999923706055,42.0,41.33000183105469,41.77000045776367,25797600,28.98222541809082
2012-10-11,42.369998931884766,42.63999938964844,41.84999847412109,42.09999847412109,27755000,29.211217880249023
2012-10-12,41.59999847412109,42.43000030517578,41.150001525878906,41.619998931884766,44564000,28.878156661987305
2012-10-15,41.90999984741211,42.40999984741211,41.72999954223633,42.380001068115234,26268000,29.405479431152344
2012-10-16,42.790000915527344,43.11000061035156,42.27000045776367,42.83000183105469,28588100,29.717729568481445
2012-10-17,42.93000030517578,43.540000915527344,42.77000045776367,43.31999969482422,26177500,30.05770492553711
2012-10-18,43.09000015258789,43.34999847412109,42.75,43.0099983215332,23630400,29.842613220214844
2012-10-19,42.79999923706055,42.81999969482422,42.060001373291016,42.31999969482422,29747500,29.36385536193848
2012-10-22,42.25,42.52000045776367,41.5,42.09000015258789,27993000,29.204265594482425
2012-10-23,41.470001220703125,41.7400016784668,41.04999923706055,41.33000183105469,22896400,28.67695426940918
2012-10-24,41.68000030517578,41.880001068115234,41.34000015258789,41.709999084472656,18918900,28.94060516357422
2012-10-25,42.2400016784668,42.27999877929688,41.400001525878906,41.66999816894531,17311700,28.912841796875
2012-10-26,41.41999816894531,41.65999984741211,40.869998931884766,41.15999984741211,21892700,28.558984756469727
2012-10-31,41.45000076293945,41.790000915527344,41.150001525878906,41.68000030517578,19423500,28.9197998046875
2012-11-01,41.70000076293945,42.900001525878906,41.58000183105469,42.84000015258789,23325400,29.724655151367188
2012-11-02,43.040000915527344,43.06999969482422,42.33000183105469,42.41999816894531,17029200,29.43324279785156
2012-11-05,42.33000183105469,42.36000061035156,41.86000061035156,42.27000045776367,13252500,29.32915496826172
2012-11-06,42.56999969482422,43.04999923706055,42.40999984741211,42.880001068115234,17190900,29.752412796020508
2012-11-07,42.0099983215332,42.0099983215332,40.310001373291016,40.47999954223633,47631200,28.087173461914062
2012-11-08,41.27999877929688,41.5,40.400001525878906,40.400001525878906,27830900,28.031665802001957
2012-11-09,40.310001373291016,41.22999954223633,39.86000061035156,40.619998931884766,27553200,28.184309005737305
2012-11-12,40.84999847412109,40.90999984741211,40.29999923706055,40.58000183105469,12816000,28.15656471252441
2012-11-13,40.18000030517578,40.52000045776367,40.0,40.040000915527344,19793500,27.781871795654297
2012-11-14,40.209999084472656,40.369998931884766,39.130001068115234,39.290000915527344,30986600,27.26148796081543
2012-11-15,39.060001373291016,39.720001220703125,38.970001220703125,39.38999938964844,24858700,27.33086204528809
2012-11-16,39.43000030517578,39.66999816894531,38.83000183105469,39.52999877929688,32458000,27.42799949645996
2012-11-19,40.09000015258789,40.70000076293945,40.09000015258789,40.59000015258789,26781200,28.163480758666992
2012-11-20,40.33000183105469,41.18000030517578,40.25,40.70000076293945,19375900,28.239803314208984
2012-11-21,40.93999862670898,40.97999954223633,40.34999847412109,40.72999954223633,13030200,28.2606201171875
2012-11-23,41.09999847412109,41.220001220703125,40.970001220703125,41.09000015258789,8316700,28.510421752929688
2012-11-26,40.790000915527344,40.880001068115234,40.09000015258789,40.880001068115234,20376600,28.364709854125977
2012-11-27,40.869998931884766,41.20000076293945,40.63999938964844,40.75,19875000,28.27451515197754
2012-11-28,40.4900016784668,40.880001068115234,39.880001068115234,40.83000183105469,26106900,28.330026626586918
2012-11-29,41.150001525878906,41.34999847412109,40.90999984741211,41.220001220703125,18915000,28.60061454772949
2012-11-30,40.9900016784668,41.34000015258789,40.84999847412109,41.08000183105469,20066600,28.50348472595215
2012-12-03,41.27000045776367,41.369998931884766,40.75,40.810001373291016,18955500,28.316139221191406
2012-12-04,40.77999877929688,40.91999816894531,40.20000076293945,40.56999969482422,24031100,28.149614334106445
2012-12-05,40.68999862670898,41.4900016784668,40.5,41.20000076293945,25515600,28.58673477172852
2012-12-06,41.25,41.54999923706055,41.11000061035156,41.470001220703125,20541700,28.774078369140625
2012-12-07,41.84000015258789,42.56999969482422,41.72999954223633,42.560001373291016,34552900,29.530370712280277
2012-12-10,42.540000915527344,42.66999816894531,42.0099983215332,42.310001373291016,22394500,29.356918334960938
2012-12-11,42.59999847412109,43.09000015258789,42.41999816894531,42.63999938964844,21955000,29.58589744567871
2012-12-12,43.0,43.380001068115234,42.70000076293945,42.77000045776367,23110600,29.67609596252441
2012-12-13,42.650001525878906,42.91999816894531,42.5,42.77999877929688,18457000,29.68301773071289
2012-12-14,42.77000045776367,43.11000061035156,42.709999084472656,42.810001373291016,16208600,29.70384407043457
2012-12-17,43.0,43.5099983215332,42.810001373291016,43.47999954223633,23879800,30.168724060058597
2012-12-18,43.83000183105469,43.93999862670898,43.310001373291016,43.869998931884766,33858600,30.43932342529297
2012-12-19,43.9900016784668,44.38999938964844,43.41999816894531,43.52999877929688,34348500,30.20340919494629
2012-12-20,43.68999862670898,44.540000915527344,43.40999984741211,44.52999877929688,25014900,30.897279739379883
2012-12-21,43.81999969482422,44.20000076293945,43.34000015258789,44.0,38973500,30.529529571533203
2012-12-24,43.720001220703125,44.02000045776367,43.709999084472656,43.91999816894531,8621200,30.474021911621094
2012-12-26,43.95000076293945,44.18000030517578,43.720001220703125,43.959999084472656,11498900,30.50177574157715
2012-12-27,43.959999084472656,44.02000045776367,42.900001525878906,43.630001068115234,19567000,30.27280616760254
2012-12-28,43.09999847412109,43.68999862670898,43.09000015258789,43.2400016784668,15401200,30.002199172973636
2012-12-31,43.09999847412109,44.0,43.04999923706055,43.970001220703125,24209600,30.508716583251957
2013-01-02,44.97999954223633,45.0,44.220001220703125,44.65999984741211,31413000,31.200349807739254
2013-01-03,44.7400016784668,44.75,44.20000076293945,44.56999969482422,24227700,31.137474060058597
2013-01-04,44.45000076293945,45.43000030517578,44.43999862670898,45.36000061035156,24487700,31.68936920166016
2013-01-07,45.09000015258789,45.4900016784668,45.02000045776367,45.40999984741211,24456900,31.724308013916016
2013-01-08,45.400001525878906,45.5,44.959999084472656,45.5,19624200,31.78717803955078
2013-01-09,45.560001373291016,46.20000076293945,45.13999938964844,45.470001220703125,25920600,31.766231536865234
2013-01-10,45.88999938964844,46.15999984741211,45.52999877929688,46.150001525878906,23413600,32.24128723144531
2013-01-11,45.970001220703125,46.150001525878906,45.470001220703125,46.13999938964844,19723900,32.23429489135742
2013-01-14,45.88999938964844,46.18000030517578,45.47999954223633,45.880001068115234,19079500,32.052669525146484
2013-01-15,45.4900016784668,46.470001220703125,45.34999847412109,46.34999847412109,29898000,32.38101577758789
2013-01-16,45.90999984741211,46.83000183105469,45.56999969482422,46.81999969482422,43453600,32.70938491821289
2013-01-17,46.400001525878906,46.869998931884766,46.290000915527344,46.43999862670898,41086800,32.44388961791992
2013-01-18,46.380001068115234,46.59999847412109,46.18000030517578,46.459999084472656,28679100,32.45787048339844
2013-01-22,46.25,46.54999923706055,46.130001068115234,46.540000915527344,24257300,32.51375198364258
2013-01-23,46.22999954223633,46.43999862670898,45.91999816894531,46.22999954223633,19105100,32.297176361083984
2013-01-24,46.2400016784668,46.79999923706055,46.08000183105469,46.369998931884766,20008200,32.394989013671875
2013-01-25,46.7400016784668,47.15999984741211,46.61000061035156,47.15999984741211,26009100,32.9468994140625
2013-01-28,46.84000015258789,47.0,46.47999954223633,46.63999938964844,19706800,32.583614349365234
2013-01-29,46.27999877929688,47.15999984741211,46.25,47.119998931884766,19907400,32.9189453125
2013-01-30,47.040000915527344,47.34999847412109,46.959999084472656,47.130001068115234,18631300,32.92593002319336
2013-01-31,47.0099983215332,47.220001220703125,46.880001068115234,47.04999923706055,19536000,32.87004089355469
2013-02-01,47.400001525878906,48.0,47.209999084472656,47.84999847412109,24520000,33.4289436340332
2013-02-04,47.540000915527344,47.810001373291016,47.380001068115234,47.68000030517578,20822600,33.310184478759766
2013-02-05,47.93999862670898,48.79999923706055,47.93000030517578,48.790000915527344,28067500,34.085628509521484
2013-02-06,48.41999816894531,48.83000183105469,48.31999969482422,48.61000061035156,28282600,33.95989990234375
2013-02-07,48.650001525878906,48.75,47.900001525878906,48.22999954223633,21429600,33.694419860839844
2013-02-08,48.33000183105469,48.68999862670898,48.2599983215332,48.630001068115234,15218300,33.9738655090332
2013-02-11,48.5099983215332,48.900001525878906,48.380001068115234,48.65999984741211,13935900,33.99482345581055
2013-02-12,48.79999923706055,49.310001373291016,48.59999847412109,49.13999938964844,16388000,34.330162048339844
2013-02-13,49.34999847412109,49.45000076293945,48.5,48.68000030517578,21635600,34.0087890625
2013-02-14,48.400001525878906,49.290000915527344,48.369998931884766,49.220001220703125,18017800,34.38605499267578
2013-02-15,49.34999847412109,49.459999084472656,48.56999969482422,48.880001068115234,20016200,34.148529052734375
2013-02-19,49.119998931884766,49.68000030517578,49.119998931884766,49.45000076293945,20445900,34.54674530029297
2013-02-20,49.34999847412109,49.540000915527344,48.36000061035156,48.61000061035156,24786700,33.95989990234375
2013-02-21,48.40999984741211,48.45000076293945,47.83000183105469,48.25,24437700,33.708377838134766
2013-02-22,48.630001068115234,48.90999984741211,48.40999984741211,48.90999984741211,23584100,34.16947555541992
2013-02-25,49.09999847412109,49.20000076293945,47.650001525878906,47.70000076293945,32775500,33.32415008544922
2013-02-26,48.220001220703125,48.2599983215332,46.84999847412109,47.59999847412109,39401400,33.25429153442383
2013-02-27,47.84999847412109,49.400001525878906,47.7599983215332,49.27999877929688,31921200,34.42796325683594
2013-02-28,49.15999984741211,49.54999923706055,48.75,48.91999816894531,24711500,34.17646789550781
2013-03-01,48.59999847412109,49.41999816894531,48.369998931884766,48.90999984741211,25923400,34.16947555541992
2013-03-04,48.72999954223633,49.13999938964844,48.33000183105469,49.09999847412109,17695200,34.302215576171875
2013-03-05,49.4900016784668,50.11000061035156,49.310001373291016,49.4900016784668,25561100,34.57468795776367
2013-03-06,49.880001068115234,50.18999862670898,49.619998931884766,50.02999877929688,19607900,34.95194625854492
2013-03-07,50.04999923706055,50.86000061035156,50.0099983215332,50.630001068115234,24245400,35.3711051940918
2013-03-08,50.59000015258789,50.84999847412109,49.61000061035156,50.20000076293945,32711900,35.0706901550293
2013-03-11,50.22999954223633,50.77000045776367,49.90999984741211,50.47999954223633,19473000,35.26631164550781
2013-03-12,50.34999847412109,50.66999816894531,50.04999923706055,50.27999877929688,18003400,35.1265869140625
2013-03-13,50.290000915527344,50.43000030517578,50.11000061035156,50.15999984741211,16680200,35.04277420043945
2013-03-14,50.25,51.0,50.18999862670898,51.0,26378700,35.62959671020508
2013-03-15,49.970001220703125,50.290000915527344,49.150001525878906,50.02000045776367,60880800,34.9449577331543
2013-03-18,49.18999862670898,49.65999984741211,48.95000076293945,49.5099983215332,28011400,34.5886344909668
2013-03-19,49.650001525878906,49.9900016784668,48.68000030517578,49.20000076293945,24411500,34.3720817565918
2013-03-20,49.56999969482422,49.63999938964844,49.040000915527344,49.119998931884766,19385300,34.31618881225586
2013-03-21,48.790000915527344,49.22999954223633,48.34999847412109,48.34999847412109,23535900,33.77824783325195
2013-03-22,48.630001068115234,49.0,48.34000015258789,48.77999877929688,22791500,34.07866287231445
2013-03-25,49.040000915527344,49.31999969482422,48.15999984741211,48.52000045776367,23581400,33.89701461791992
2013-03-26,48.7400016784668,48.970001220703125,48.31999969482422,48.63999938964844,16417500,33.98085021972656
2013-03-27,48.20000076293945,48.310001373291016,47.560001373291016,47.77000045776367,26530100,33.37305450439453
2013-03-28,47.84000015258789,47.93000030517578,47.27999877929688,47.459999084472656,27506700,33.15647506713867
2013-04-01,47.54999923706055,47.9900016784668,47.4900016784668,47.83000183105469,17442200,33.41496658325195
2013-04-02,48.0099983215332,48.380001068115234,47.880001068115234,48.27999877929688,17273700,33.729347229003906
2013-04-03,48.02999877929688,48.06999969482422,46.52999877929688,46.84999847412109,33467400,32.934967041015625
2013-04-04,46.959999084472656,47.540000915527344,46.900001525878906,47.4900016784668,21514000,33.3848876953125
2013-04-05,46.790000915527344,48.040000915527344,46.75,47.90999984741211,22961500,33.68013381958008
2013-04-08,47.880001068115234,48.59000015258789,47.59000015258789,48.58000183105469,18672300,34.151123046875
2013-04-09,48.7400016784668,48.959999084472656,48.459999084472656,48.68000030517578,20066700,34.221431732177734
2013-04-10,48.93999862670898,49.560001373291016,48.880001068115234,49.25,20388900,34.62213897705078
2013-04-11,49.209999084472656,49.59999847412109,48.83000183105469,49.310001373291016,22584700,34.66432189941406
2013-04-12,48.900001525878906,49.58000183105469,48.45000076293945,49.0099983215332,37805900,34.453426361083984
2013-04-15,48.38999938964844,49.34000015258789,47.900001525878906,47.93000030517578,31527300,33.6942024230957
2013-04-16,48.43000030517578,48.52000045776367,47.59000015258789,48.4900016784668,23865500,34.087867736816406
2013-04-17,48.11000061035156,48.18000030517578,46.380001068115234,46.790000915527344,43466300,32.89279556274414
2013-04-18,46.79999923706055,47.33000183105469,46.04999923706055,46.63999938964844,26106800,32.787353515625
2013-04-19,47.150001525878906,47.36000061035156,46.70000076293945,47.22999954223633,19746100,33.20210647583008
2013-04-22,47.400001525878906,47.4900016784668,46.869998931884766,47.34999847412109,15230100,33.286468505859375
2013-04-23,47.68000030517578,48.2400016784668,47.38999938964844,48.16999816894531,20568500,33.862911224365234
2013-04-24,48.31999969482422,48.91999816894531,48.15999984741211,48.720001220703125,16459300,34.24957656860352
2013-04-25,49.02000045776367,49.630001068115234,48.88999938964844,49.0,19058800,34.4463996887207
2013-04-26,48.86000061035156,49.09000015258789,48.61000061035156,48.880001068115234,13929000,34.36205291748047
2013-04-29,49.08000183105469,49.09999847412109,48.650001525878906,48.91999816894531,13496300,34.39015579223633
2013-04-30,48.959999084472656,49.25,48.720001220703125,49.0099983215332,13802600,34.453426361083984
2013-05-01,48.7599983215332,48.90999984741211,47.84999847412109,48.0099983215332,17686400,33.75044250488281
2013-05-02,48.25,48.25,47.709999084472656,48.08000183105469,15529300,33.79964828491211
2013-05-03,48.630001068115234,48.70000076293945,46.97999954223633,47.56999969482422,43257900,33.44112777709961
2013-05-06,47.709999084472656,48.38999938964844,47.56999969482422,48.18000030517578,20829500,33.86995315551758
2013-05-07,48.56999969482422,49.38999938964844,48.2599983215332,49.13999938964844,24291600,34.54481506347656
2013-05-08,49.220001220703125,49.9900016784668,49.11000061035156,49.7599983215332,23559300,34.98066711425781
2013-05-09,49.70000076293945,49.810001373291016,48.91999816894531,49.040000915527344,18103100,34.47452545166016
2013-05-10,49.04999923706055,49.22999954223633,48.63999938964844,48.959999084472656,16199600,34.41827774047852
2013-05-13,48.84000015258789,49.70000076293945,48.61000061035156,49.66999816894531,23979500,34.917388916015625
2013-05-14,49.77000045776367,50.41999816894531,49.65999984741211,50.22999954223633,24188400,35.311073303222656
2013-05-15,50.20000076293945,51.43000030517578,50.150001525878906,51.09000015258789,27467000,35.91565704345703
2013-05-16,50.869998931884766,51.65999984741211,50.84000015258789,50.970001220703125,21389500,35.8312873840332
2013-05-17,51.2599983215332,52.33000183105469,51.25,52.29999923706055,26080300,36.76626205444336
2013-05-20,52.27999877929688,52.630001068115234,51.90999984741211,52.290000915527344,22020000,36.75922775268555
2013-05-21,52.52999877929688,53.66999816894531,52.45000076293945,53.02000045776367,37112600,37.27238845825195
2013-05-22,53.43000030517578,54.959999084472656,53.290000915527344,53.630001068115234,46968300,37.70123672485352
2013-05-23,52.81999969482422,53.790000915527344,52.65999984741211,53.34999847412109,25294200,37.50439453125
2013-05-24,52.900001525878906,53.65999984741211,52.720001220703125,53.65999984741211,18342300,37.722312927246094
2013-05-28,54.560001373291016,54.650001525878906,54.02999877929688,54.59999847412109,27162300,38.38312149047852
2013-05-29,54.09000015258789,54.959999084472656,53.90999984741211,54.66999816894531,20482600,38.43233489990234
2013-05-30,54.59999847412109,55.900001525878906,54.52999877929688,55.619998931884766,24890800,39.10018157958984
2013-05-31,55.709999084472656,55.83000183105469,54.59000015258789,54.59000015258789,24990100,38.376094818115234
2013-06-03,54.59999847412109,54.86000061035156,53.040000915527344,54.4900016784668,28279600,38.3057975769043
2013-06-04,54.540000915527344,55.38999938964844,53.869998931884766,54.040000915527344,22022600,37.98945617675781
2013-06-05,53.77999877929688,54.27000045776367,52.70000076293945,53.02999877929688,24326000,37.27943420410156
2013-06-06,52.84000015258789,53.52000045776367,52.27000045776367,53.5,23940900,37.60984420776367
2013-06-07,53.77000045776367,54.47999954223633,53.40999984741211,54.27000045776367,21691000,38.151145935058594
2013-06-10,54.63999938964844,54.84000015258789,54.02000045776367,54.36000061035156,16007000,38.21441268920898
2013-06-11,53.459999084472656,54.04999923706055,53.11000061035156,53.4900016784668,17600800,37.602813720703125
2013-06-12,53.900001525878906,54.09999847412109,52.970001220703125,53.18000030517578,18479100,37.3848876953125
2013-06-13,53.0,54.2400016784668,52.970001220703125,54.16999816894531,17090200,38.080841064453125
2013-06-14,54.040000915527344,54.130001068115234,52.90999984741211,53.130001068115234,17185300,37.349735260009766
2013-06-17,53.70000076293945,54.2599983215332,53.540000915527344,53.84999847412109,16856600,37.85587692260742
2013-06-18,54.02999877929688,54.27000045776367,53.720001220703125,54.11000061035156,13259100,38.038665771484375
2013-06-19,53.9900016784668,54.5099983215332,53.52000045776367,53.54999923706055,20840000,37.644981384277344
2013-06-20,53.08000183105469,53.18000030517578,52.27000045776367,52.47999954223633,31857100,36.89280319213867
2013-06-21,52.959999084472656,52.97999954223633,51.68999862670898,51.959999084472656,44412200,36.5272331237793
2013-06-24,50.880001068115234,51.45000076293945,50.11000061035156,50.91999816894531,30736500,35.796119689941406
2013-06-25,51.5099983215332,52.560001373291016,51.5099983215332,52.08000183105469,20951400,36.61160659790039
2013-06-26,52.650001525878906,52.79999923706055,51.880001068115234,52.5,19332000,36.9068603515625
2013-06-27,53.02999877929688,53.4900016784668,52.880001068115234,53.150001525878906,17093600,37.3637924194336
2013-06-28,53.119998931884766,53.130001068115234,52.58000183105469,52.790000915527344,18256000,37.110721588134766
2013-07-01,53.220001220703125,53.630001068115234,52.43000030517578,52.4900016784668,23511100,36.89982986450195
2013-07-02,52.56999969482422,53.52999877929688,52.119998931884766,52.79999923706055,23935300,37.3884162902832
2013-07-03,52.310001373291016,52.810001373291016,52.209999084472656,52.77000045776367,10442300,37.367183685302734
2013-07-05,53.36000061035156,54.0,53.11000061035156,53.9900016784668,17070200,38.23106002807617
2013-07-08,54.540000915527344,54.90999984741211,54.04999923706055,54.70000076293945,21786900,38.73385238647461
2013-07-09,55.06999969482422,55.16999816894531,54.18999862670898,54.88999938964844,20508700,38.868385314941406
2013-07-10,54.77000045776367,55.150001525878906,54.43999862670898,54.83000183105469,16915000,38.82589340209961
2013-07-11,55.84000015258789,55.869998931884766,54.54999923706055,55.13999938964844,21322600,39.045406341552734
2013-07-12,55.5099983215332,55.84999847412109,54.75,54.970001220703125,32569200,38.92503356933594
2013-07-15,55.4900016784668,55.5,54.59999847412109,54.88999938964844,28292000,38.868385314941406
2013-07-16,54.900001525878906,55.40999984741211,54.77999877929688,55.0099983215332,19222700,38.95336151123047
2013-07-17,55.04999923706055,55.58000183105469,54.84000015258789,55.27000045776367,19166600,39.13745880126953
2013-07-18,55.5099983215332,56.52999877929688,55.4900016784668,56.369998931884766,24563100,39.91638946533203
2013-07-19,56.5099983215332,56.560001373291016,55.90999984741211,56.15999984741211,17762600,39.76767349243164
2013-07-22,56.16999816894531,56.66999816894531,55.95000076293945,56.560001373291016,15999700,40.05093002319336
2013-07-23,56.720001220703125,56.88999938964844,56.470001220703125,56.66999816894531,10577100,40.12881088256836
2013-07-24,56.91999816894531,56.93000030517578,56.380001068115234,56.630001068115234,16665000,40.100494384765625
2013-07-25,56.45000076293945,56.5,55.88999938964844,56.5,13870200,40.008445739746094
2013-07-26,56.060001373291016,56.220001220703125,55.59999847412109,56.04999923706055,16762300,39.68980026245117
2013-07-29,55.97999954223633,56.0,55.380001068115234,55.68999862670898,10049100,39.43486785888672
2013-07-30,55.869998931884766,55.9900016784668,55.08000183105469,55.33000183105469,14207400,39.179935455322266
2013-07-31,55.58000183105469,56.27000045776367,55.5099983215332,55.72999954223633,19404900,39.463191986083984
2013-08-01,56.36000061035156,56.77999877929688,56.20000076293945,56.540000915527344,15979400,40.03676223754883
2013-08-02,56.27000045776367,56.52000045776367,56.0099983215332,56.4900016784668,11007300,40.00136947631836
2013-08-05,56.33000183105469,56.58000183105469,56.0099983215332,56.09999847412109,9370200,39.7252082824707
2013-08-06,55.9900016784668,56.09999847412109,55.310001373291016,55.4900016784668,10588600,39.293251037597656
2013-08-07,55.060001373291016,55.470001220703125,54.77999877929688,55.29999923706055,12828400,39.15870666503906
2013-08-08,55.41999816894531,55.72999954223633,54.130001068115234,54.83000183105469,18587100,38.82589340209961
2013-08-09,54.68999862670898,55.150001525878906,54.33000183105469,54.52000045776367,12652500,38.60637664794922
2013-08-12,54.040000915527344,54.31999969482422,53.68000030517578,54.09000015258789,15133000,38.30189514160156
2013-08-13,54.220001220703125,54.70000076293945,53.59999847412109,54.290000915527344,15078100,38.44351959228516
2013-08-14,54.33000183105469,54.84999847412109,54.0,54.150001525878906,15785800,38.34437942504883
2013-08-15,53.52000045776367,53.68000030517578,52.88999938964844,53.290000915527344,16933200,37.73540115356445
2013-08-16,53.06999969482422,53.77999877929688,53.06999969482422,53.290000915527344,17139000,37.73540115356445
2013-08-19,52.88999938964844,52.95000076293945,51.79999923706055,51.83000183105469,22793300,36.70155715942383
2013-08-20,51.77999877929688,52.36000061035156,50.65999984741211,52.119998931884766,18701500,36.90690612792969
2013-08-21,51.91999816894531,52.220001220703125,51.27999877929688,51.630001068115234,17136200,36.5599250793457
2013-08-22,52.0,52.65999984741211,51.93000030517578,52.209999084472656,14658500,36.97062683105469
2013-08-23,52.27000045776367,52.41999816894531,51.900001525878906,52.31999969482422,11126800,37.04853820800781
2013-08-26,52.15999984741211,52.540000915527344,51.790000915527344,51.79999923706055,16548400,36.68031692504883
2013-08-27,51.02000045776367,51.54999923706055,50.54999923706055,50.59999847412109,23596800,35.830570220947266
2013-08-28,50.33000183105469,51.04999923706055,50.130001068115234,50.58000183105469,18748100,35.816402435302734
2013-08-29,50.59000015258789,51.18000030517578,50.45000076293945,50.70000076293945,13576000,35.90138244628906
2013-08-30,50.81999969482422,50.83000183105469,50.290000915527344,50.52999877929688,15863100,35.781002044677734
2013-09-03,51.25,51.720001220703125,50.83000183105469,51.130001068115234,15277200,36.20587921142578
2013-09-04,51.15999984741211,52.09999847412109,50.93000030517578,51.869998931884766,19923800,36.7298698425293
2013-09-05,52.02999877929688,52.52000045776367,51.90999984741211,52.11000061035156,13913200,36.89982604980469
2013-09-06,52.40999984741211,52.709999084472656,51.27999877929688,52.560001373291016,22339900,37.218482971191406
2013-09-09,52.77999877929688,53.18999862670898,52.52000045776367,52.86000061035156,19936400,37.43091583251953
2013-09-10,53.83000183105469,53.93000030517578,53.29999923706055,53.66999816894531,20233200,38.00446701049805
2013-09-11,53.369998931884766,53.7599983215332,53.060001373291016,53.2599983215332,16028600,37.71415328979492
2013-09-12,53.43000030517578,53.709999084472656,52.08000183105469,52.2400016784668,21976700,36.99187850952149
2013-09-13,52.290000915527344,52.79999923706055,52.22999954223633,52.59000015258789,11942900,37.23971557617188
2013-09-16,53.45000076293945,53.4900016784668,52.97999954223633,53.13999938964844,17055300,37.62917709350586
2013-09-17,53.18999862670898,53.31999969482422,52.880001068115234,53.09000015258789,13207000,37.59376907348633
2013-09-18,52.68999862670898,53.869998931884766,52.560001373291016,53.40999984741211,20844500,37.82035827636719
2013-09-19,53.630001068115234,53.75,52.52999877929688,52.75,22452200,37.3530158996582
2013-09-20,52.95000076293945,53.470001220703125,52.79999923706055,52.79999923706055,30792200,37.3884162902832
2013-09-23,52.08000183105469,52.380001068115234,51.38999938964844,51.459999084472656,28189500,36.43954849243164
2013-09-24,51.0099983215332,51.27000045776367,50.29999923706055,50.31999969482422,34906900,35.632301330566406
2013-09-25,50.220001220703125,51.900001525878906,50.060001373291016,51.70000076293945,39175500,36.6094970703125
2013-09-26,51.93000030517578,52.560001373291016,51.540000915527344,51.88999938964844,22298700,36.74405288696289
2013-09-27,51.5,52.400001525878906,51.38999938964844,52.2400016784668,23026000,36.99187850952149
2013-09-30,51.72999954223633,52.09000015258789,51.43999862670898,51.68999862670898,21350600,36.60241317749024
2013-10-01,51.63999938964844,52.09000015258789,51.45000076293945,51.959999084472656,19188000,36.793601989746094
2013-10-02,51.31999969482422,52.45000076293945,51.290000915527344,52.09000015258789,23841200,37.15739440917969
2013-10-03,52.0,52.20000076293945,51.5,51.93999862670898,18614500,37.05040740966797
2013-10-04,52.06999969482422,52.68000030517578,52.0099983215332,52.66999816894531,17407200,37.57114791870117
2013-10-07,52.290000915527344,52.36000061035156,51.83000183105469,51.83000183105469,16159300,36.97193908691406
2013-10-08,51.83000183105469,51.959999084472656,50.84000015258789,50.869998931884766,19536000,36.28712844848633
2013-10-09,51.16999816894531,51.34000015258789,50.25,50.75,24721200,36.20154571533203
2013-10-10,51.84000015258789,52.560001373291016,51.380001068115234,52.52000045776367,24328700,37.46413803100586
2013-10-11,52.959999084472656,53.34999847412109,52.15999984741211,52.5099983215332,32498800,37.45700454711914
2013-10-14,51.93999862670898,52.84000015258789,51.7599983215332,52.709999084472656,18881600,37.59967422485352
2013-10-15,52.90999984741211,53.040000915527344,52.18000030517578,52.310001373291016,17566500,37.3143424987793
2013-10-16,52.61000061035156,54.04999923706055,52.58000183105469,54.0,24864000,38.51985931396485
2013-10-17,53.790000915527344,54.290000915527344,53.61000061035156,54.209999084472656,17791000,38.6696662902832
2013-10-18,54.2599983215332,54.58000183105469,53.79999923706055,54.29999923706055,24796600,38.7338752746582
2013-10-21,54.27000045776367,54.84999847412109,53.88999938964844,54.27000045776367,19471700,38.71247863769531
2013-10-22,54.650001525878906,54.68000030517578,53.619998931884766,53.619998931884766,24820900,38.24880599975586
2013-10-23,53.310001373291016,53.36000061035156,52.720001220703125,52.75,21034400,37.62820053100586
2013-10-24,52.84000015258789,52.88999938964844,52.11000061035156,52.47999954223633,17759000,37.43560409545898
2013-10-25,52.15999984741211,52.90999984741211,52.06999969482422,52.77000045776367,20889600,37.64247512817383
2013-10-28,52.88999938964844,53.09000015258789,52.5,52.68000030517578,14836800,37.57827377319336
2013-10-29,52.83000183105469,52.9900016784668,52.25,52.72999954223633,23363100,37.61392974853516
2013-10-30,53.0,53.2400016784668,52.5,52.59999847412109,16157200,37.52119445800781
2013-10-31,52.650001525878906,52.709999084472656,51.540000915527344,51.540000915527344,23738000,36.76505661010742
2013-11-01,51.45000076293945,52.709999084472656,51.29999923706055,52.5099983215332,25794400,37.45700454711914
2013-11-04,52.7400016784668,52.7599983215332,52.0,52.040000915527344,18891300,37.12173843383789
2013-11-05,51.84999847412109,52.130001068115234,51.65999984741211,51.95000076293945,14532200,37.05754089355469
2013-11-06,52.2599983215332,52.34000015258789,51.83000183105469,52.09999847412109,14013000,37.16453170776367
2013-11-07,52.130001068115234,52.34000015258789,51.58000183105469,51.650001525878906,17348900,36.843536376953125
2013-11-08,51.83000183105469,53.970001220703125,51.79999923706055,53.959999084472656,31183100,38.491329193115234
2013-11-11,53.90999984741211,54.150001525878906,53.70000076293945,54.09999847412109,12062800,38.5911979675293
2013-11-12,53.93000030517578,54.08000183105469,53.59999847412109,53.970001220703125,15964800,38.49846649169922
2013-11-13,53.52000045776367,54.20000076293945,53.150001525878906,54.13999938964844,22121900,38.61973571777344
2013-11-14,54.2599983215332,54.5,53.70000076293945,54.400001525878906,17634000,38.80520248413086
2013-11-15,54.27000045776367,54.959999084472656,54.18999862670898,54.869998931884766,20530100,39.14046096801758
2013-11-18,55.4900016784668,56.0,55.29999923706055,55.7400016784668,22318800,39.76106262207031
2013-11-19,55.970001220703125,56.63999938964844,55.77999877929688,56.150001525878906,22979900,40.053524017333984
2013-11-20,56.43000030517578,56.43999862670898,55.77000045776367,56.09999847412109,17682800,40.01786804199219
2013-11-21,56.27999877929688,57.400001525878906,56.27999877929688,57.220001220703125,22843600,40.81678771972656
2013-11-22,57.25,57.52000045776367,57.060001373291016,57.459999084472656,16730600,40.98799514770508
2013-11-25,57.5,58.13999938964844,57.40999984741211,57.650001525878906,18649600,41.12351608276367
2013-11-26,57.630001068115234,57.959999084472656,57.16999816894531,57.16999816894531,16263300,40.78112030029297
2013-11-27,57.58000183105469,57.83000183105469,57.33000183105469,57.47999954223633,11238900,41.00224685668945
2013-11-29,57.58000183105469,57.84999847412109,57.20000076293945,57.220001220703125,7128800,40.81678771972656
2013-12-02,57.09999847412109,57.75,56.900001525878906,56.97999954223633,12465300,40.64558410644531
2013-12-03,56.88999938964844,57.220001220703125,56.13999938964844,56.86000061035156,20426800,40.55998992919922
2013-12-04,56.43999862670898,57.470001220703125,56.209999084472656,57.18999862670898,20287200,40.7953987121582
2013-12-05,56.709999084472656,56.7400016784668,55.75,55.81999969482422,21324900,39.81812286376953
2013-12-06,56.56999969482422,56.7599983215332,55.619998931884766,56.060001373291016,18661200,39.98933029174805
2013-12-09,56.27999877929688,56.52999877929688,56.09000015258789,56.5099983215332,12714000,40.31032943725586
2013-12-10,56.4900016784668,57.06999969482422,56.34999847412109,56.70000076293945,14543700,40.44586181640625
2013-12-11,56.540000915527344,56.77000045776367,55.959999084472656,56.06999969482422,17836100,39.996463775634766
2013-12-12,56.04999923706055,56.59999847412109,55.90999984741211,56.310001373291016,15325300,40.16765594482422
2013-12-13,56.369998931884766,56.560001373291016,56.040000915527344,56.16999816894531,11461300,40.06779098510742
2013-12-16,56.34000015258789,56.93999862670898,56.33000183105469,56.41999816894531,26379200,40.246124267578125
2013-12-17,56.65999984741211,56.65999984741211,55.65999984741211,55.720001220703125,18338500,39.74679946899414
2013-12-18,55.84000015258789,57.27000045776367,55.400001525878906,57.2400016784668,27685900,40.8310546875
2013-12-19,57.09999847412109,57.540000915527344,56.81999969482422,57.22999954223633,16790000,40.82392501831055
2013-12-20,57.209999084472656,58.0,57.20000076293945,57.70000076293945,22001700,41.1591911315918
2013-12-23,57.970001220703125,58.38999938964844,57.79999923706055,58.2400016784668,13990600,41.54439926147461
2013-12-24,58.06999969482422,58.290000915527344,58.040000915527344,58.25,4532600,41.551517486572266
2013-12-26,58.34999847412109,58.459999084472656,57.91999816894531,58.20000076293945,6677000,41.51586532592773
2013-12-27,58.16999816894531,58.34999847412109,58.060001373291016,58.13999938964844,8943700,41.47304534912109
2013-12-30,58.13999938964844,58.27000045776367,57.709999084472656,57.95000076293945,8815800,41.3375358581543
2013-12-31,58.20000076293945,58.54999923706055,58.04999923706055,58.47999954223633,11017400,41.71559524536133
2014-01-02,58.310001373291016,58.5,57.970001220703125,58.209999084472656,15627600,41.79457473754883
2014-01-03,58.290000915527344,58.95000076293945,58.209999084472656,58.65999984741211,14214100,42.11765670776367
2014-01-06,59.15999984741211,59.470001220703125,58.83000183105469,59.0,17550700,42.361793518066406
2014-01-07,59.290000915527344,59.43000030517578,58.11000061035156,58.31999969482422,17851200,41.8735580444336
2014-01-08,58.540000915527344,58.90999984741211,58.29999923706055,58.869998931884766,14687400,42.2684440612793
2014-01-09,58.97999954223633,59.0,58.33000183105469,58.7599983215332,13242500,42.18946838378906
2014-01-10,58.66999816894531,58.7599983215332,58.18000030517578,58.4900016784668,12694900,41.99560928344727
2014-01-13,58.5099983215332,58.66999816894531,57.52999877929688,57.70000076293945,20711600,41.42839050292969
2014-01-14,58.29999923706055,58.58000183105469,57.560001373291016,57.7400016784668,30272400,41.45711135864258
2014-01-15,57.72999954223633,59.650001525878906,57.72999954223633,59.4900016784668,35186600,42.71360778808594
2014-01-16,58.790000915527344,59.81999969482422,58.7400016784668,58.9900016784668,21689400,42.35459899902344
2014-01-17,59.209999084472656,59.22999954223633,58.02999877929688,58.11000061035156,20997900,41.722774505615234
2014-01-21,58.09000015258789,58.43999862670898,57.58000183105469,58.16999816894531,19548300,41.76584243774414
2014-01-22,58.33000183105469,58.33000183105469,57.41999816894531,57.59000015258789,15433500,41.34941864013672
2014-01-23,57.09000015258789,57.09999847412109,56.209999084472656,56.470001220703125,26234600,40.54524993896485
2014-01-24,56.0,56.36000061035156,55.09000015258789,55.09000015258789,26833100,39.55441284179688
2014-01-27,55.08000183105469,55.79999923706055,54.68999862670898,55.09000015258789,23935000,39.55441284179688
2014-01-28,55.38999938964844,56.34000015258789,55.2400016784668,55.7400016784668,18041000,40.02112579345703
2014-01-29,54.959999084472656,55.869998931884766,54.84999847412109,55.52999877929688,25459000,39.87033081054688
2014-01-30,56.06999969482422,56.38999938964844,55.630001068115234,56.0,17031100,40.207801818847656
2014-01-31,55.5,56.11000061035156,55.18000030517578,55.36000061035156,18174000,39.7482795715332
2014-02-03,55.5,55.91999816894531,54.20000076293945,54.310001373291016,28549900,38.99437713623047
2014-02-04,54.720001220703125,55.34999847412109,54.59999847412109,54.95000076293945,20709300,39.45389938354492
2014-02-05,55.09999847412109,55.45000076293945,54.58000183105469,55.209999084472656,19491600,39.64058303833008
2014-02-06,55.34999847412109,56.54999923706055,55.20000076293945,56.47999954223633,20881600,40.55243682861328
2014-02-07,56.650001525878906,56.93000030517578,56.2599983215332,56.619998931884766,23388500,40.65294647216797
2014-02-10,56.77000045776367,56.91999816894531,56.38999938964844,56.7400016784668,14715200,40.73912048339844
2014-02-11,56.61000061035156,57.56999969482422,56.58000183105469,57.43000030517578,18774100,41.23453140258789
2014-02-12,57.34000015258789,57.709999084472656,57.15999984741211,57.52000045776367,13437900,41.29914474487305
2014-02-13,57.06999969482422,58.09999847412109,56.959999084472656,58.02999877929688,16605500,41.66531753540039
2014-02-14,57.88999938964844,58.22999954223633,57.75,58.150001525878906,13067300,41.75149154663086
2014-02-18,58.02000045776367,58.650001525878906,57.900001525878906,58.4900016784668,14983800,41.99560928344727
2014-02-19,58.36000061035156,58.540000915527344,57.220001220703125,57.2599983215332,18669900,41.11246109008789
2014-02-20,57.52999877929688,57.970001220703125,57.27000045776367,57.58000183105469,12457000,41.34223937988281
2014-02-21,57.59000015258789,57.84000015258789,57.369998931884766,57.61000061035156,16790100,41.36377334594727
2014-02-24,57.619998931884766,58.22999954223633,57.58000183105469,58.02999877929688,16151400,41.66531753540039
2014-02-25,57.900001525878906,57.97999954223633,56.91999816894531,57.02999877929688,17991800,40.94731521606445
2014-02-26,57.369998931884766,57.380001068115234,56.220001220703125,56.75,23661700,40.74629211425781
2014-02-27,56.77999877929688,56.88999938964844,56.13999938964844,56.68999862670898,16277500,40.70322036743164
2014-02-28,56.56999969482422,57.45000076293945,56.38999938964844,56.81999969482422,18599000,40.79654312133789
2014-03-03,56.29999923706055,56.41999816894531,55.68999862670898,56.209999084472656,19151000,40.35856628417969
2014-03-04,56.95000076293945,57.36000061035156,56.63999938964844,57.2599983215332,17157000,41.11246109008789
2014-03-05,57.47999954223633,58.290000915527344,57.36000061035156,58.15999984741211,17761500,41.75865936279297
2014-03-06,58.5099983215332,59.09000015258789,58.400001525878906,58.900001525878906,19420600,42.28999710083008
2014-03-07,59.34999847412109,59.79999923706055,59.06999969482422,59.400001525878906,18602200,42.64898300170898
2014-03-10,59.13999938964844,59.47999954223633,58.869998931884766,59.20000076293945,16945200,42.50539016723633
2014-03-11,59.41999816894531,59.45000076293945,58.130001068115234,58.18999862670898,19420000,41.78020477294922
2014-03-12,57.70000076293945,57.959999084472656,57.41999816894531,57.91999816894531,17932100,41.586334228515625
2014-03-13,58.0,58.34000015258789,57.18999862670898,57.41999816894531,17192500,41.22735977172852
2014-03-14,57.11000061035156,57.52999877929688,56.619998931884766,56.79999923706055,18635800,40.782203674316406
2014-03-17,57.209999084472656,57.70000076293945,57.04999923706055,57.58000183105469,13581400,41.34223937988281
2014-03-18,57.81999969482422,58.15999984741211,57.619998931884766,58.060001373291016,12554800,41.686859130859375
2014-03-19,57.9900016784668,58.93000030517578,57.88999938964844,58.29999923706055,21450700,41.85918426513672
2014-03-20,58.36000061035156,60.4900016784668,58.130001068115234,60.11000061035156,33736500,43.15876007080078
2014-03-21,60.959999084472656,61.20000076293945,60.0,60.16999816894531,35144100,43.20183563232422
2014-03-24,60.369998931884766,61.18999862670898,60.34999847412109,61.06999969482422,25810500,43.84803771972656
2014-03-25,61.11000061035156,61.47999954223633,60.560001373291016,60.93000030517578,24053500,43.74750900268555
2014-03-26,61.2400016784668,61.400001525878906,59.88999938964844,59.900001525878906,22745200,43.00799179077149
2014-03-27,59.93999862670898,60.54999923706055,59.02000045776367,59.91999816894531,24632600,43.0223388671875
2014-03-28,60.209999084472656,60.59000015258789,59.68000030517578,60.040000915527344,14708700,43.10850143432617
2014-03-31,60.83000183105469,61.02000045776367,60.59999847412109,60.709999084472656,15216700,43.58956146240234
2014-04-01,60.95000076293945,61.290000915527344,60.369998931884766,60.66999816894531,14584400,43.56082534790039
2014-04-02,60.369998931884766,60.77000045776367,60.20000076293945,60.47999954223633,14012200,43.69811630249024
2014-04-03,60.650001525878906,60.79999923706055,60.27999877929688,60.65999984741211,11925200,43.82816696166992
2014-04-04,61.02000045776367,61.060001373291016,59.79999923706055,59.810001373291016,16966900,43.21401977539063
2014-04-07,59.68999862670898,60.0,58.84000015258789,59.0,18685700,42.62878036499024
2014-04-08,58.79999923706055,59.02000045776367,58.25,58.84999847412109,16956500,42.5203971862793
2014-04-09,59.09999847412109,59.45000076293945,58.5,59.27000045776367,15308400,42.82386779785156
2014-04-10,59.34999847412109,59.38999938964844,57.380001068115234,57.400001525878906,29977200,41.472755432128906
2014-04-11,55.18000030517578,56.04999923706055,54.54999923706055,55.29999923706055,47241300,39.955448150634766
2014-04-14,55.84999847412109,55.93999862670898,54.47999954223633,54.959999084472656,31081500,39.70979690551758
2014-04-15,55.09000015258789,55.63999938964844,54.34999847412109,54.79999923706055,26691400,39.59418869018555
2014-04-16,55.0,55.34999847412109,54.68999862670898,55.2599983215332,27049400,39.92655944824219
2014-04-17,55.34000015258789,55.56999969482422,55.0099983215332,55.220001220703125,17955400,39.89765167236328
2014-04-21,55.2599983215332,55.40999984741211,54.9900016784668,55.02999877929688,12384800,39.76036834716797
2014-04-22,55.040000915527344,56.08000183105469,54.93999862670898,55.810001373291016,16257600,40.32394027709961
2014-04-23,55.79999923706055,56.119998931884766,55.560001373291016,56.04999923706055,11379000,40.497352600097656
2014-04-24,56.06999969482422,56.2599983215332,55.61000061035156,56.18999862670898,15360600,40.59849166870117
2014-04-25,56.310001373291016,56.34999847412109,55.63999938964844,55.70000076293945,15937700,40.24446105957031
2014-04-28,55.630001068115234,55.70000076293945,54.68000030517578,55.4900016784668,21394100,40.092735290527344
2014-04-29,55.72999954223633,56.310001373291016,55.56999969482422,56.09999847412109,13453400,40.533470153808594
2014-04-30,56.2400016784668,56.34999847412109,55.720001220703125,55.97999954223633,14388100,40.446773529052734
2014-05-01,55.91999816894531,56.18999862670898,55.5,55.720001220703125,12744600,40.25890350341797
2014-05-02,55.83000183105469,56.369998931884766,55.43999862670898,55.58000183105469,15153800,40.15776824951172
2014-05-05,53.880001068115234,54.7400016784668,53.70000076293945,54.220001220703125,25232300,39.17512893676758
2014-05-06,54.040000915527344,54.060001373291016,53.31999969482422,53.34000015258789,25327400,38.5393180847168
2014-05-07,53.54999923706055,54.119998931884766,53.2400016784668,54.04999923706055,18502600,39.05230331420898
2014-05-08,54.20000076293945,54.52999877929688,54.060001373291016,54.36000061035156,16090800,39.276275634765625
2014-05-09,54.220001220703125,54.310001373291016,53.68000030517578,54.0099983215332,12366500,39.02339553833008
2014-05-12,54.27000045776367,54.70000076293945,54.02999877929688,54.650001525878906,12825500,39.485801696777344
2014-05-13,54.7400016784668,54.83000183105469,54.5,54.619998931884766,12310700,39.46414566040039
2014-05-14,54.63999938964844,54.70000076293945,54.29999923706055,54.36000061035156,10325800,39.276275634765625
2014-05-15,54.20000076293945,54.20000076293945,53.34999847412109,53.5099983215332,19763000,38.66213607788086
2014-05-16,53.41999816894531,53.5099983215332,52.970001220703125,53.310001373291016,19992400,38.51763534545898
2014-05-19,53.08000183105469,53.90999984741211,53.060001373291016,53.83000183105469,12068900,38.893348693847656
2014-05-20,53.720001220703125,54.040000915527344,53.40999984741211,53.720001220703125,16888200,38.81386947631836
2014-05-21,54.04999923706055,54.59999847412109,53.97999954223633,54.119998931884766,13210200,39.102874755859375
2014-05-22,54.16999816894531,54.59999847412109,54.02000045776367,54.54999923706055,11800900,39.41355895996094
2014-05-23,54.54999923706055,54.59000015258789,54.15999984741211,54.52999877929688,10876500,39.399112701416016
2014-05-27,54.75,55.43000030517578,54.68999862670898,55.13999938964844,14503700,39.8398551940918
2014-05-28,55.09000015258789,55.59999847412109,55.0,55.45000076293945,11374900,40.06383895874024
2014-05-29,55.75,55.91999816894531,55.38999938964844,55.720001220703125,11741000,40.25890350341797
2014-05-30,55.58000183105469,55.880001068115234,55.310001373291016,55.56999969482422,11991900,40.150535583496094
2014-06-02,55.650001525878906,55.650001525878906,55.02000045776367,55.34999847412109,9440000,39.9915771484375
2014-06-03,55.09000015258789,55.65999984741211,55.09000015258789,55.59999847412109,9131500,40.17220306396485
2014-06-04,55.52000045776367,55.72999954223633,55.25,55.68000030517578,9727800,40.2300033569336
2014-06-05,55.90999984741211,56.65999984741211,55.4900016784668,56.630001068115234,16803400,40.91640853881836
2014-06-06,56.7599983215332,57.130001068115234,56.650001525878906,56.970001220703125,15399800,41.16207885742188
2014-06-09,56.90999984741211,57.66999816894531,56.900001525878906,57.41999816894531,11999700,41.48722076416016
2014-06-10,57.470001220703125,57.93999862670898,57.38999938964844,57.900001525878906,11609200,41.834014892578125
2014-06-11,57.47999954223633,57.790000915527344,56.97999954223633,57.27000045776367,14232200,41.37881088256836
2014-06-12,57.06999969482422,57.41999816894531,56.869998931884766,57.040000915527344,11670200,41.21265411376953
2014-06-13,57.02999877929688,57.66999816894531,56.880001068115234,57.040000915527344,12040800,41.21265411376953
2014-06-16,56.84999847412109,56.95000076293945,56.33000183105469,56.869998931884766,11199100,41.08981323242188
2014-06-17,56.790000915527344,57.59000015258789,56.68000030517578,57.41999816894531,11200500,41.48722076416016
2014-06-18,57.290000915527344,57.810001373291016,56.95000076293945,57.77999877929688,13729400,41.74731063842773
2014-06-19,57.68999862670898,57.68999862670898,57.209999084472656,57.29999923706055,11624400,41.400508880615234
2014-06-20,57.68999862670898,57.77000045776367,57.34999847412109,57.54999923706055,17124800,41.58113098144531
2014-06-23,57.540000915527344,58.220001220703125,57.2400016784668,58.18999862670898,16007700,42.04353332519531
2014-06-24,57.880001068115234,58.119998931884766,57.29999923706055,57.41999816894531,12322900,41.48722076416016
2014-06-25,57.220001220703125,57.7400016784668,56.869998931884766,57.52999877929688,14836600,41.56667709350586
2014-06-26,57.34000015258789,57.4900016784668,56.59999847412109,57.38999938964844,11854400,41.46552276611328
2014-06-27,57.33000183105469,57.70000076293945,57.2400016784668,57.52999877929688,10178600,41.56667709350586
2014-06-30,57.43999862670898,57.77999877929688,57.380001068115234,57.619998931884766,11549000,41.63171005249024
2014-07-01,57.150001525878906,57.9900016784668,57.08000183105469,57.56999969482422,14472200,41.8863639831543
2014-07-02,57.27000045776367,57.47999954223633,56.81999969482422,56.970001220703125,19189900,41.44981002807617
2014-07-03,57.22999954223633,57.650001525878906,57.0,57.04999923706055,12599800,41.50801086425781
2014-07-07,56.88999938964844,56.9900016784668,56.400001525878906,56.66999816894531,13916100,41.23154067993164
2014-07-08,56.34999847412109,56.470001220703125,55.630001068115234,55.7599983215332,18343400,40.569435119628906
2014-07-09,55.880001068115234,56.119998931884766,55.61000061035156,56.02000045776367,10914300,40.75860595703125
2014-07-10,55.060001373291016,55.810001373291016,54.959999084472656,55.560001373291016,12436600,40.42393493652344
2014-07-11,55.290000915527344,55.90999984741211,55.18999862670898,55.79999923706055,10230000,40.59854507446289
2014-07-14,56.52999877929688,56.84000015258789,56.20000076293945,56.290000915527344,14004400,40.95507049560547
2014-07-15,57.95000076293945,58.68999862670898,57.7599983215332,58.27000045776367,36178000,42.395652770996094
2014-07-16,58.5099983215332,58.97999954223633,58.310001373291016,58.709999084472656,20507500,42.715782165527344
2014-07-17,58.560001373291016,58.86000061035156,57.7599983215332,57.86000061035156,17013500,42.09733581542969
2014-07-18,58.33000183105469,58.47999954223633,57.900001525878906,58.22999954223633,12803300,42.366546630859375
2014-07-21,58.119998931884766,58.40999984741211,57.900001525878906,58.2400016784668,9141400,42.37382507324219
2014-07-22,58.41999816894531,58.79999923706055,58.369998931884766,58.66999816894531,10375200,42.68669128417969
2014-07-23,58.7599983215332,59.18999862670898,58.52000045776367,59.0,11122100,42.926795959472656
2014-07-24,59.06999969482422,59.34999847412109,58.9900016784668,59.16999816894531,9844100,43.05046081542969
2014-07-25,58.91999816894531,59.27000045776367,58.84000015258789,59.0099983215332,10500600,42.93404769897461
2014-07-28,58.93999862670898,59.2599983215332,58.66999816894531,59.18999862670898,12382800,43.06501007080078
2014-07-29,59.130001068115234,59.130001068115234,58.43999862670898,58.63999938964844,13498800,42.66485977172852
2014-07-30,59.02000045776367,59.27999877929688,58.61000061035156,58.90999984741211,11815700,42.8613166809082
2014-07-31,58.650001525878906,58.68000030517578,57.65999984741211,57.66999816894531,15955900,41.959110260009766
2014-08-01,57.38999938964844,57.4900016784668,55.970001220703125,56.47999954223633,23915400,41.093299865722656
2014-08-04,56.90999984741211,56.97999954223633,56.34000015258789,56.650001525878906,13543900,41.21699523925781
2014-08-05,56.43000030517578,56.59999847412109,55.59999847412109,56.060001373291016,16863300,40.78771209716797
2014-08-06,55.88999938964844,56.68999862670898,55.83000183105469,56.22999954223633,12190600,40.911407470703125
2014-08-07,56.630001068115234,56.68999862670898,55.68000030517578,55.90999984741211,11743800,40.6785774230957
2014-08-08,55.88999938964844,56.36000061035156,55.63999938964844,56.34000015258789,12213200,40.99143600463867
2014-08-11,56.540000915527344,56.58000183105469,56.16999816894531,56.31999969482422,9066800,40.97689437866211
2014-08-12,56.22999954223633,56.54999923706055,56.130001068115234,56.34999847412109,11289600,40.99870681762695
2014-08-13,56.68999862670898,56.84000015258789,56.5099983215332,56.720001220703125,7012600,41.26792144775391
2014-08-14,56.77000045776367,57.0,56.70000076293945,56.97999954223633,8275900,41.45708084106445
2014-08-15,57.2400016784668,57.5,56.38999938964844,56.75,12727400,41.289737701416016
2014-08-18,56.86000061035156,57.43000030517578,56.7599983215332,57.22999954223633,8881400,41.63898849487305
2014-08-19,57.59999847412109,57.720001220703125,57.34000015258789,57.560001373291016,9040500,41.87907409667969
2014-08-20,57.41999816894531,57.84999847412109,57.38999938964844,57.63999938964844,8121400,41.937278747558594
2014-08-21,57.65999984741211,58.77000045776367,57.59999847412109,58.5,12745500,42.56298828125
2014-08-22,58.43999862670898,59.08000183105469,58.33000183105469,58.4900016784668,10228600,42.55572509765625
2014-08-25,58.97999954223633,59.83000183105469,58.86000061035156,59.34000015258789,13996800,43.17415618896485
2014-08-26,59.56999969482422,59.95000076293945,59.38999938964844,59.7400016784668,10281100,43.46518325805664
2014-08-27,59.84999847412109,59.95000076293945,59.52999877929688,59.59000015258789,11410900,43.35605239868164
2014-08-28,59.25,59.369998931884766,58.810001373291016,59.15999984741211,9096100,43.04319381713867
2014-08-29,59.34000015258789,59.650001525878906,59.22999954223633,59.45000076293945,8897900,43.25420379638672
2014-09-02,59.459999084472656,59.709999084472656,59.150001525878906,59.66999816894531,8671100,43.414249420166016
2014-09-03,60.02000045776367,60.369998931884766,59.459999084472656,59.70000076293945,11791800,43.43607711791992
2014-09-04,59.630001068115234,60.13999938964844,59.43000030517578,59.709999084472656,9811900,43.443359375
2014-09-05,59.619998931884766,59.90999984741211,59.220001220703125,59.90999984741211,9600900,43.588863372802734
2014-09-08,59.84000015258789,60.220001220703125,59.7400016784668,59.88999938964844,8090000,43.574317932128906
2014-09-09,59.630001068115234,59.68000030517578,58.77999877929688,59.060001373291016,14868700,42.970436096191406
2014-09-10,59.150001525878906,59.560001373291016,58.91999816894531,59.220001220703125,9153800,43.08684158325195
2014-09-11,59.18000030517578,59.84000015258789,58.970001220703125,59.7599983215332,11467000,43.479740142822266
2014-09-12,59.79999923706055,60.40999984741211,59.75,60.02999877929688,14359100,43.67617416381836
2014-09-15,59.77999877929688,59.9900016784668,59.45000076293945,59.93999862670898,10685600,43.6107063293457
2014-09-16,59.709999084472656,60.20000076293945,59.619998931884766,59.9900016784668,10947900,43.6470832824707
2014-09-17,59.95000076293945,60.59000015258789,59.81999969482422,60.310001373291016,15091800,43.87990951538086
2014-09-18,60.540000915527344,61.400001525878906,60.540000915527344,61.31999969482422,16973700,44.6147575378418
2014-09-19,61.7400016784668,61.84999847412109,60.97999954223633,61.11000061035156,18739300,44.46195983886719
2014-09-22,60.93999862670898,61.45000076293945,60.79999923706055,60.90999984741211,13225200,44.31644058227539
2014-09-23,60.81999969482422,61.400001525878906,60.77000045776367,60.93999862670898,14328800,44.33827209472656
2014-09-24,61.18000030517578,61.63999938964844,61.02000045776367,61.630001068115234,13728200,44.84030151367188
2014-09-25,61.4900016784668,61.5,60.150001525878906,60.150001525878906,16340100,43.76348876953125
2014-09-26,60.33000183105469,60.880001068115234,60.31999969482422,60.560001373291016,11948900,44.061790466308594
2014-09-29,60.02999877929688,60.5,59.72999954223633,60.33000183105469,10686500,43.89444732666016
2014-09-30,60.400001525878906,60.7400016784668,60.130001068115234,60.2400016784668,14384800,43.82897186279297
2014-10-01,60.2400016784668,60.400001525878906,59.72999954223633,59.77000045776367,18995800,43.48700714111328
2014-10-02,59.150001525878906,59.4900016784668,58.61000061035156,58.84000015258789,24559100,43.09879684448242
2014-10-03,59.25,60.38999938964844,59.04999923706055,60.29999923706055,18321100,44.168216705322266
2014-10-06,60.77999877929688,60.79999923706055,60.0,60.18000030517578,11578000,44.080322265625
2014-10-07,59.91999816894531,59.91999816894531,59.18999862670898,59.27000045776367,14542000,43.41376876831055
2014-10-08,59.36000061035156,60.43000030517578,59.18000030517578,60.400001525878906,15834100,44.241458892822266
2014-10-09,60.33000183105469,60.33000183105469,58.88999938964844,59.08000183105469,19189500,43.27460479736328
2014-10-10,59.02999877929688,59.81999969482422,58.5099983215332,58.52000045776367,16689400,42.86441040039063
2014-10-13,58.5,59.150001525878906,58.11000061035156,58.15999984741211,17169300,42.60072326660156
2014-10-14,56.68999862670898,58.52000045776367,56.060001373291016,57.9900016784668,29096800,42.47620391845703
2014-10-15,57.02000045776367,57.380001068115234,54.2599983215332,55.52999877929688,37866900,40.674312591552734
2014-10-16,54.75,55.97999954223633,54.27999877929688,55.08000183105469,31965100,40.34470748901367
2014-10-17,55.72999954223633,56.77999877929688,55.56999969482422,56.20000076293945,20183500,41.165069580078125
2014-10-20,56.09999847412109,56.75,56.06999969482422,56.630001068115234,10807600,41.48003387451172
2014-10-21,57.22999954223633,58.0099983215332,57.08000183105469,57.93000030517578,14020400,42.432254791259766
2014-10-22,58.040000915527344,58.2599983215332,57.43999862670898,57.45000076293945,13750700,42.080665588378906
2014-10-23,58.119998931884766,58.59999847412109,57.93999862670898,58.060001373291016,12641900,42.52748107910156
2014-10-24,58.0,58.77999877929688,58.0,58.7400016784668,13758000,43.02556228637695
2014-10-27,58.45000076293945,58.790000915527344,58.25,58.63999938964844,11087100,42.95231246948242
2014-10-28,58.869998931884766,59.68999862670898,58.810001373291016,59.630001068115234,13625000,43.677467346191406
2014-10-29,59.619998931884766,59.77999877929688,58.7599983215332,59.290000915527344,16712100,43.42840576171875
2014-10-30,58.93999862670898,59.68000030517578,58.91999816894531,59.38999938964844,14709800,43.50166320800781
2014-10-31,60.119998931884766,60.540000915527344,59.869998931884766,60.47999954223633,18347600,44.3000602722168
2014-11-03,60.790000915527344,61.150001525878906,60.36000061035156,60.880001068115234,11841200,44.593048095703125
2014-11-04,60.2400016784668,60.369998931884766,59.41999816894531,60.25,15295800,44.131595611572266
2014-11-05,60.79999923706055,61.22999954223633,60.38999938964844,61.150001525878906,14063800,44.79081726074219
2014-11-06,61.08000183105469,61.310001373291016,60.630001068115234,61.22999954223633,10421600,44.84941864013672
2014-11-07,61.06999969482422,61.54999923706055,60.86000061035156,61.470001220703125,12384600,45.02521896362305
2014-11-10,61.25,61.93000030517578,61.20000076293945,61.93000030517578,10801000,45.36214065551758
2014-11-11,61.709999084472656,61.88999938964844,61.290000915527344,61.369998931884766,12539800,44.95197296142578
2014-11-12,60.41999816894531,60.84000015258789,60.22999954223633,60.560001373291016,17219600,44.35865783691406
2014-11-13,60.5,60.630001068115234,59.9900016784668,60.22999954223633,12240400,44.11695098876953
2014-11-14,60.25,60.619998931884766,60.18000030517578,60.27999877929688,6803400,44.153568267822266
2014-11-17,60.0,60.52999877929688,59.88999938964844,60.380001068115234,9017600,44.2268180847168
2014-11-18,60.34999847412109,60.81999969482422,60.20000076293945,60.52999877929688,8897800,44.33668518066406
2014-11-19,60.45000076293945,60.790000915527344,60.150001525878906,60.59999847412109,9210100,44.38795852661133
2014-11-20,60.20000076293945,60.25,59.75,60.119998931884766,10917300,44.03636169433594
2014-11-21,61.06999969482422,61.06999969482422,60.29999923706055,60.45000076293945,12340500,44.27809143066406
2014-11-24,60.70000076293945,61.310001373291016,60.70000076293945,60.959999084472656,8335000,44.65163803100586
2014-11-25,61.15999984741211,61.15999984741211,59.95000076293945,60.29999923706055,14802600,44.168216705322266
2014-11-26,60.56999969482422,60.56999969482422,60.20000076293945,60.34000015258789,7626600,44.19752502441406
2014-11-28,60.400001525878906,60.560001373291016,60.02999877929688,60.15999984741211,6759600,44.0656623840332
2014-12-01,59.97999954223633,60.209999084472656,59.54999923706055,60.0,12771600,43.9484748840332
2014-12-02,60.0099983215332,61.18999862670898,60.0,61.08000183105469,12546600,44.73954772949219
2014-12-03,60.959999084472656,61.619998931884766,60.810001373291016,61.540000915527344,12115500,45.07648086547852
2014-12-04,61.09999847412109,61.56999969482422,60.84000015258789,61.380001068115234,11515200,44.95929718017578
2014-12-05,62.0099983215332,63.060001373291016,61.880001068115234,62.70000076293945,20071100,45.92614364624024
2014-12-08,62.59999847412109,63.15999984741211,62.2599983215332,62.66999816894531,15528200,45.90417098999024
2014-12-09,61.84999847412109,62.84999847412109,61.560001373291016,62.45000076293945,19676400,45.74303817749024
2014-12-10,62.15999984741211,62.2400016784668,60.369998931884766,60.68000030517578,29620600,44.446556091308594
2014-12-11,61.16999816894531,62.060001373291016,61.11000061035156,61.13999938964844,16886200,44.78349685668945
2014-12-12,60.52999877929688,61.220001220703125,59.959999084472656,60.040000915527344,17405400,43.97777557373047
2014-12-15,60.7400016784668,60.810001373291016,58.790000915527344,59.15999984741211,19209900,43.33320236206055
2014-12-16,58.41999816894531,59.86000061035156,58.11000061035156,58.43000030517578,20709700,42.79848861694336
2014-12-17,58.56999969482422,59.83000183105469,58.34000015258789,59.77000045776367,17856400,43.77999877929688
2014-12-18,60.63999938964844,61.47999954223633,60.43999862670898,61.47999954223633,18173400,45.03253936767578
2014-12-19,61.400001525878906,62.34999847412109,61.369998931884766,61.93000030517578,22756400,45.36214065551758
2014-12-22,62.15999984741211,62.33000183105469,61.61000061035156,61.93999862670898,17073400,45.36947250366211
2014-12-23,62.04999923706055,62.970001220703125,61.93000030517578,62.47999954223633,13552600,45.76502227783203
2014-12-24,62.7400016784668,62.869998931884766,62.27000045776367,62.47999954223633,7412500,45.76502227783203
2014-12-26,62.66999816894531,62.88999938964844,62.40999984741211,62.54999923706055,6086500,45.81628036499024
2014-12-29,62.41999816894531,63.34000015258789,62.25,62.959999084472656,10601200,46.11659622192383
2014-12-30,62.720001220703125,63.27999877929688,62.56999969482422,63.150001525878906,7518100,46.25577163696289
2014-12-31,63.29999923706055,63.4900016784668,62.58000183105469,62.58000183105469,18529400,45.838260650634766
2015-01-02,62.18000030517578,62.959999084472656,62.06999969482422,62.4900016784668,12600000,46.06678771972656
2015-01-05,62.060001373291016,62.27999877929688,60.22999954223633,60.54999923706055,20100600,44.63665008544922
2015-01-06,60.63999938964844,60.75,58.34999847412109,58.97999954223633,29074100,43.47926712036133
2015-01-07,59.88999938964844,59.88999938964844,58.66999816894531,59.06999969482422,23843200,43.54560089111328
2015-01-08,59.970001220703125,60.900001525878906,59.970001220703125,60.38999938964844,16971100,44.518699645996094
2015-01-09,60.720001220703125,60.790000915527344,59.290000915527344,59.34000015258789,15396200,43.7446517944336
2015-01-12,59.27999877929688,59.400001525878906,58.27000045776367,58.83000183105469,15455200,43.36868667602539
2015-01-13,59.2599983215332,59.70000076293945,58.369998931884766,58.84000015258789,21644700,43.37605285644531
2015-01-14,58.84000015258789,58.84000015258789,55.27000045776367,56.810001373291016,49602300,41.87956619262695
2015-01-15,55.72999954223633,56.61000061035156,54.5,54.9900016784668,42458100,40.53789138793945
2015-01-16,54.65999984741211,56.0,54.63999938964844,55.93000030517578,29368900,41.2308464050293
2015-01-20,56.040000915527344,56.38999938964844,55.41999816894531,55.709999084472656,23477700,41.06866455078125
2015-01-21,55.45000076293945,56.41999816894531,55.18999862670898,55.88999938964844,21842400,41.20135116577149
2015-01-22,56.380001068115234,57.72999954223633,55.959999084472656,57.59000015258789,31423500,42.45457077026367
2015-01-23,57.720001220703125,57.869998931884766,56.65999984741211,56.68000030517578,15458300,41.78374099731445
2015-01-26,56.40999984741211,56.9900016784668,56.20000076293945,56.77000045776367,12577700,41.8500862121582
2015-01-27,56.04999923706055,56.61000061035156,55.7599983215332,56.20000076293945,15220500,41.42987823486328
2015-01-28,56.619998931884766,56.68000030517578,54.75,54.75,24354400,40.360965728759766
2015-01-29,55.27000045776367,55.88999938964844,54.68000030517578,55.66999816894531,20393300,41.03917694091797
2015-01-30,54.9900016784668,55.5,54.369998931884766,54.380001068115234,26943700,40.08820343017578
2015-02-02,54.52999877929688,55.650001525878906,54.27000045776367,55.470001220703125,20308900,40.89174270629883
2015-02-03,55.90999984741211,56.77999877929688,55.869998931884766,56.720001220703125,18812500,41.8132209777832
2015-02-04,56.31999969482422,57.06999969482422,56.27999877929688,56.380001068115234,14934100,41.56257629394531
2015-02-05,56.86000061035156,57.040000915527344,56.459999084472656,56.77000045776367,11293900,41.8500862121582
2015-02-06,57.75,58.72999954223633,57.540000915527344,57.88999938964844,25214000,42.675724029541016
2015-02-09,57.41999816894531,58.09999847412109,57.22999954223633,57.81999969482422,14372400,42.62413024902344
2015-02-10,58.41999816894531,58.709999084472656,58.04999923706055,58.459999084472656,16367300,43.09592056274414
2015-02-11,58.060001373291016,58.65999984741211,57.84000015258789,58.369998931884766,13061900,43.02959442138672
2015-02-12,58.93000030517578,59.709999084472656,58.54999923706055,59.56999969482422,23211300,43.91420364379883
2015-02-13,59.459999084472656,60.220001220703125,59.34000015258789,59.66999816894531,16479100,43.98793029785156
2015-02-17,59.36000061035156,60.13999938964844,59.31999969482422,60.09999847412109,15308800,44.304908752441406
2015-02-18,60.09999847412109,60.09999847412109,59.119998931884766,59.369998931884766,14278100,43.76676559448242
2015-02-19,59.150001525878906,59.47999954223633,58.79999923706055,59.22999954223633,11256500,43.66355895996094
2015-02-20,58.959999084472656,59.88999938964844,58.34999847412109,59.79999923706055,15379000,44.08375930786133
2015-02-23,59.5,59.52999877929688,58.79999923706055,59.34999847412109,16814000,43.75201034545898
2015-02-24,60.25,61.25,60.08000183105469,60.81999969482422,22937700,44.83568954467773
2015-02-25,60.7599983215332,61.27000045776367,60.75,61.13999938964844,18307900,45.07158660888672
2015-02-26,61.02999877929688,61.70000076293945,60.90999984741211,61.58000183105469,15444800,45.39594650268555
2015-02-27,61.130001068115234,61.91999816894531,61.130001068115234,61.27999877929688,15225900,45.17478561401367
2015-03-02,61.27999877929688,61.83000183105469,61.02999877929688,61.77000045776367,13047300,45.53602600097656
2015-03-03,61.650001525878906,61.9900016784668,61.5,61.970001220703125,13706900,45.68346405029297
2015-03-04,61.63999938964844,62.16999816894531,61.34999847412109,62.130001068115234,16625500,45.80139923095703
2015-03-05,62.20000076293945,62.22999954223633,61.59999847412109,62.0,10931300,45.70556640625
2015-03-06,62.15999984741211,62.869998931884766,60.79999923706055,60.88999938964844,22719200,44.88727951049805
2015-03-09,60.84000015258789,61.630001068115234,60.79999923706055,61.5,13001500,45.33697509765625
2015-03-10,60.7599983215332,61.0099983215332,59.959999084472656,59.959999084472656,16357700,44.20169448852539
2015-03-11,60.130001068115234,60.650001525878906,59.959999084472656,60.2400016784668,13015600,44.40811920166016
2015-03-12,60.650001525878906,61.45000076293945,60.650001525878906,61.369998931884766,18159600,45.24113845825195
2015-03-13,61.400001525878906,61.86000061035156,60.43000030517578,61.0,16506200,44.968379974365234
2015-03-16,61.5,61.91999816894531,61.25,61.84999847412109,15182900,45.59499740600586
2015-03-17,61.34000015258789,61.65999984741211,60.91999816894531,61.61000061035156,11718300,45.41806411743164
2015-03-18,61.38999938964844,62.04999923706055,61.09000015258789,61.75,15697900,45.52126693725586
2015-03-19,61.56999969482422,61.650001525878906,60.7599983215332,61.20000076293945,11523800,45.11581802368164
2015-03-20,61.31999969482422,62.09999847412109,61.150001525878906,61.75,18368300,45.52126693725586
2015-03-23,61.75,62.08000183105469,61.119998931884766,61.13999938964844,15112900,45.07158660888672
2015-03-24,60.970001220703125,61.2400016784668,60.45000076293945,60.459999084472656,12128700,44.5703010559082
2015-03-25,60.52999877929688,60.63999938964844,59.59000015258789,59.61000061035156,14950900,43.94369125366211
2015-03-26,59.459999084472656,59.790000915527344,58.869998931884766,59.540000915527344,14039600,43.892086029052734
2015-03-27,59.4900016784668,59.77999877929688,59.0,59.54999923706055,11755800,43.89945983886719
2015-03-30,60.880001068115234,61.459999084472656,60.61000061035156,60.959999084472656,20656500,44.93888473510742
2015-03-31,60.720001220703125,60.93999862670898,60.41999816894531,60.58000183105469,17346700,44.65876007080078
2015-04-01,60.40999984741211,60.56999969482422,59.72999954223633,59.95000076293945,18100600,44.48809051513672
2015-04-02,60.06999969482422,60.70000076293945,60.0,60.52000045776367,12697800,44.91106033325195
2015-04-06,59.91999816894531,60.75,59.650001525878906,60.470001220703125,12025200,44.873966217041016
2015-04-07,61.150001525878906,61.5,60.84999847412109,60.84999847412109,11505500,45.15596008300781
2015-04-08,61.060001373291016,61.560001373291016,60.93999862670898,61.04999923706055,11734000,45.30437088012695
2015-04-09,61.27000045776367,61.58000183105469,60.83000183105469,61.470001220703125,11728500,45.61605072021485
2015-04-10,61.34999847412109,61.77999877929688,61.20000076293945,61.70000076293945,9869700,45.7867317199707
2015-04-13,61.63999938964844,62.27000045776367,61.5,62.06999969482422,15468700,46.06129837036133
2015-04-14,62.959999084472656,63.61000061035156,62.7400016784668,63.040000915527344,33775400,46.78112411499024
2015-04-15,63.08000183105469,64.4800033569336,63.0099983215332,64.20999908447266,28732200,47.64936447143555
2015-04-16,64.08000183105469,64.2699966430664,63.65999984741211,63.810001373291016,16640500,47.3525276184082
2015-04-17,63.25,63.400001525878906,62.4900016784668,62.84000015258789,20221200,46.63270568847656
2015-04-20,63.220001220703125,63.52000045776367,63.13999938964844,63.2400016784668,12755300,46.92954254150391
2015-04-21,63.33000183105469,63.59999847412109,62.130001068115234,62.310001373291016,14985100,46.23939895629883
2015-04-22,62.650001525878906,63.150001525878906,62.02999877929688,62.93999862670898,14484700,46.706912994384766
2015-04-23,62.790000915527344,63.209999084472656,62.59999847412109,62.79999923706055,12851300,46.60302734375
2015-04-24,62.630001068115234,62.84000015258789,62.34000015258789,62.59999847412109,9597500,46.45460891723633
2015-04-27,62.70000076293945,63.150001525878906,62.310001373291016,62.34000015258789,11146400,46.26166534423828
2015-04-28,62.4900016784668,62.77999877929688,61.77000045776367,62.7599983215332,12307800,46.57334899902344
2015-04-29,62.560001373291016,63.88999938964844,62.459999084472656,63.59999847412109,17601200,47.19670486450195
2015-04-30,63.58000183105469,63.880001068115234,62.91999816894531,63.2599983215332,16840900,46.94438552856445
2015-05-01,63.70000076293945,63.869998931884766,63.33000183105469,63.61000061035156,11640100,47.2041130065918
2015-05-04,63.68000030517578,64.87000274658203,63.63999938964844,64.72000122070312,14972500,48.0278205871582
2015-05-05,64.51000213623047,65.31999969482422,64.29000091552734,64.4000015258789,17692400,47.79036331176758
2015-05-06,64.52999877929688,65.06999969482422,63.41999816894531,63.91999816894531,18087900,47.43415451049805
2015-05-07,63.66999816894531,64.5999984741211,63.25,64.5,15039900,47.86457824707031
2015-05-08,64.97000122070312,65.6500015258789,64.5999984741211,65.48999786376953,16802600,48.59923553466797
2015-05-11,65.26000213623047,65.63999938964844,65.08000183105469,65.44999694824219,13798800,48.56956100463867
2015-05-12,65.30999755859375,65.54000091552734,64.76000213623047,65.36000061035156,12762200,48.50278091430664
2015-05-13,65.41999816894531,65.62999725341797,65.05999755859375,65.5199966430664,11874100,48.62151336669922
2015-05-14,65.83000183105469,66.18000030517578,65.70999908447266,66.05000305175781,11855500,49.01480865478516
2015-05-15,66.12999725341797,66.16000366210938,65.44000244140625,65.87999725341797,11152100,48.888648986816406
2015-05-18,65.80000305175781,66.54000091552734,65.80000305175781,66.41999816894531,10510900,49.28937911987305
2015-05-19,66.7699966430664,67.19000244140625,66.56999969482422,67.01000213623047,14282700,49.72720336914063
2015-05-20,66.94999694824219,67.02999877929688,66.4000015258789,66.4800033569336,12446000,49.33390426635742
2015-05-21,66.13999938964844,66.68000030517578,66.01000213623047,66.6500015258789,12934500,49.46005630493164
2015-05-22,66.62999725341797,66.83000183105469,66.31999969482422,66.47000122070312,9296900,49.32648849487305
2015-05-26,66.19999694824219,66.29000091552734,65.30999755859375,65.7300033569336,15571300,48.77734375
2015-05-27,65.94999694824219,66.6500015258789,65.81999969482422,66.47000122070312,10963700,49.32648849487305
2015-05-28,66.36000061035156,66.4000015258789,65.73999786376953,66.19999694824219,11797400,49.126121520996094
2015-05-29,66.18000030517578,66.22000122070312,65.36000061035156,65.77999877929688,14310700,48.8144416809082
2015-06-01,65.98999786376953,66.66000366210938,65.97000122070312,66.08000183105469,11899300,49.03707885742188
2015-06-02,65.83000183105469,66.38999938964844,65.58000183105469,66.0199966430664,12784200,48.99253082275391
2015-06-03,66.43000030517578,67.12999725341797,66.2699966430664,66.69999694824219,12927300,49.497161865234375
2015-06-04,66.30999755859375,67.05000305175781,66.01000213623047,66.33000183105469,13863300,49.22259521484375
2015-06-05,67.37000274658203,67.83999633789062,67.01000213623047,67.41999816894531,20801100,50.03145599365234
2015-06-08,67.45999908447266,67.55000305175781,66.80999755859375,66.88999938964844,14558700,49.63816833496094
2015-06-09,66.94999694824219,67.2699966430664,66.47000122070312,67.18000030517578,13263500,49.85336685180664
2015-06-10,67.58999633789062,68.5,67.47000122070312,68.26000213623047,17478900,50.65481185913086
2015-06-11,68.36000061035156,68.68000030517578,68.1500015258789,68.5199966430664,13739900,50.84776306152344
2015-06-12,68.30999755859375,68.54000091552734,67.87000274658203,68.25,11804700,50.64739227294922
2015-06-15,67.58000183105469,68.20999908447266,67.30000305175781,67.98999786376953,14082300,50.45446395874024
2015-06-16,67.7699966430664,68.5199966430664,67.62000274658203,68.37000274658203,11692800,50.736454010009766
2015-06-17,68.41000366210938,68.68000030517578,68.04000091552734,68.13999938964844,14521900,50.56577301025391
2015-06-18,68.3499984741211,68.81999969482422,67.9000015258789,68.77999877929688,16759600,51.040714263916016
2015-06-19,68.45999908447266,68.66999816894531,67.91999816894531,68.08000183105469,21606400,50.521244049072266
2015-06-22,68.87000274658203,69.29000091552734,68.75,68.95999908447266,14306700,51.17427062988281
2015-06-23,69.3499984741211,69.81999969482422,69.19000244140625,69.75,15736900,51.760528564453125
2015-06-24,69.51000213623047,69.7699966430664,68.91000366210938,69.0199966430664,16995000,51.21879959106445
2015-06-25,69.31999969482422,69.47000122070312,68.63999938964844,68.6500015258789,13314300,50.94423675537109
2015-06-26,68.94000244140625,69.29000091552734,68.7699966430664,68.94999694824219,14489200,51.16684722900391
2015-06-29,67.68000030517578,68.26000213623047,67.16000366210938,67.19999694824219,19934400,49.86819839477539
2015-06-30,67.88999938964844,68.11000061035156,67.16000366210938,67.76000213623047,20677400,50.28377532958984
2015-07-01,68.12000274658203,68.38999938964844,67.77999877929688,68.06999969482422,13964400,50.8439826965332
2015-07-02,67.94999694824219,68.12999725341797,67.19000244140625,67.5199966430664,12822900,50.43315124511719
2015-07-06,66.87999725341797,67.45999908447266,66.54000091552734,67.33000183105469,13527100,50.29124450683594
2015-07-07,67.08999633789062,67.22000122070312,65.30000305175781,66.80000305175781,22421500,49.89536285400391
2015-07-08,66.0,66.16000366210938,65.20999908447266,65.43000030517578,17707200,48.87206268310547
2015-07-09,66.48999786376953,66.69999694824219,65.98999786376953,66.11000061035156,14984700,49.37997817993164
2015-07-10,67.22000122070312,67.4000015258789,66.83000183105469,67.05000305175781,12356100,50.08208465576172
2015-07-13,67.88999938964844,68.13999938964844,67.68000030517578,68.08999633789062,16175600,50.85890197753906
2015-07-14,67.9800033569336,69.0999984741211,67.76000213623047,69.04000091552734,20185100,51.568504333496094
2015-07-15,69.2300033569336,69.43000030517578,68.8499984741211,69.19000244140625,16891600,51.68053817749024
2015-07-16,69.62999725341797,69.94999694824219,69.41000366210938,69.55999755859375,18035700,51.95690536499024
2015-07-17,69.3499984741211,69.48999786376953,68.91999816894531,69.20999908447266,14040700,51.69548797607422
2015-07-20,69.5,69.7699966430664,69.18000030517578,69.26000213623047,11512900,51.73284912109375
2015-07-21,69.16000366210938,69.54000091552734,68.87000274658203,69.0999984741211,11659900,51.61333084106445
2015-07-22,69.27999877929688,70.29000091552734,69.19999694824219,70.08000183105469,15493000,52.3453254699707
2015-07-23,70.19000244140625,70.61000061035156,69.45999908447266,69.63999938964844,14331800,52.01665115356445
2015-07-24,69.44000244140625,69.55999755859375,68.68000030517578,68.91000366210938,12413900,51.47142028808594
2015-07-27,68.1500015258789,68.22000122070312,67.56999969482422,68.01000213623047,16801600,50.799163818359375
2015-07-28,68.55000305175781,68.5999984741211,67.7699966430664,68.05000305175781,14932400,50.82904815673828
2015-07-29,68.31999969482422,69.0999984741211,68.16000366210938,68.94000244140625,13059200,51.49382400512695
2015-07-30,68.93000030517578,69.44999694824219,68.54000091552734,69.04000091552734,10197200,51.568504333496094
2015-07-31,69.01000213623047,69.04000091552734,68.4000015258789,68.52999877929688,11911800,51.18756103515625
2015-08-03,68.58999633789062,68.83999633789062,68.0,68.52999877929688,9980600,51.18756103515625
2015-08-04,68.47000122070312,68.94999694824219,68.30999755859375,68.45999908447266,10964000,51.1352767944336
2015-08-05,69.05000305175781,69.41999816894531,68.55999755859375,68.7300033569336,11302900,51.33696746826172
2015-08-06,68.75,68.94000244140625,68.0,68.25,10803400,50.97842788696289
2015-08-07,68.33000183105469,68.73999786376953,67.55000305175781,68.05000305175781,11453300,50.82904815673828
2015-08-10,68.22000122070312,69.01000213623047,68.22000122070312,68.88999938964844,12661400,51.45647048950195
2015-08-11,68.2300033569336,68.4000015258789,67.8499984741211,68.2300033569336,14800300,50.9634895324707
2015-08-12,67.41000366210938,67.55000305175781,66.06999969482422,67.23999786376953,21069000,50.224029541015625
2015-08-13,67.25,67.80000305175781,66.97000122070312,67.55000305175781,11930600,50.4555778503418
2015-08-14,67.41999816894531,67.91000366210938,67.4000015258789,67.88999938964844,11248800,50.70951843261719
2015-08-17,67.62000274658203,68.23999786376953,67.4000015258789,68.06999969482422,10326500,50.8439826965332
2015-08-18,67.9800033569336,68.36000061035156,67.83999633789062,68.20999908447266,10617500,50.94855117797852
2015-08-19,67.93000030517578,68.30999755859375,67.36000061035156,67.5999984741211,15198200,50.49291229248047
2015-08-20,66.80999755859375,67.04000091552734,65.94000244140625,65.94000244140625,20972300,49.25299453735352
2015-08-21,65.08999633789062,65.44000244140625,63.56999969482422,63.59999847412109,28235500,47.50518035888672
2015-08-24,59.290000915527344,62.91999816894531,50.06999969482422,60.25,36339100,45.00293350219727
2015-08-25,63.09999847412109,63.31999969482422,59.72999954223633,59.90999984741211,31772500,44.748966217041016
2015-08-26,61.79999923706055,62.97999954223633,60.54999923706055,62.90999984741211,33576800,46.98979568481445
2015-08-27,63.97999954223633,64.7300033569336,63.13999938964844,64.4800033569336,29045700,48.1624755859375
2015-08-28,64.29000091552734,64.45999908447266,63.59999847412109,64.12999725341797,16687300,47.90103530883789
2015-08-31,63.61000061035156,64.3499984741211,63.470001220703125,64.0999984741211,14223400,47.87862777709961
2015-09-01,62.84999847412109,62.84999847412109,60.9900016784668,61.45000076293945,23637300,45.89925003051758
2015-09-02,62.619998931884766,62.90999984741211,61.540000915527344,62.56999969482422,17757900,46.7358283996582
2015-09-03,62.880001068115234,63.65999984741211,62.45000076293945,62.68000030517578,17065400,46.8179931640625
2015-09-04,61.79999923706055,61.91999816894531,60.75,61.5,20189000,45.936614990234375
2015-09-08,62.77000045776367,63.20000076293945,62.33000183105469,63.15999984741211,13385100,47.17652130126953
2015-09-09,63.93999862670898,64.33999633789062,62.0,62.18000030517578,13889500,46.44451904296875
2015-09-10,61.86000061035156,63.0,61.45000076293945,62.65999984741211,15751100,46.80304718017578
2015-09-11,62.380001068115234,62.65999984741211,61.9900016784668,62.560001373291016,12766700,46.72835922241211
2015-09-14,62.63999938964844,62.68999862670898,62.119998931884766,62.380001068115234,10202800,46.59391021728516
2015-09-15,62.7599983215332,63.88999938964844,62.5099983215332,63.58000183105469,14023500,47.49021911621094
2015-09-16,63.88999938964844,64.29000091552734,63.209999084472656,64.13999938964844,12235900,47.90851211547852
2015-09-17,64.13999938964844,64.63999938964844,62.38999938964844,62.650001525878906,21249200,46.79559326171875
2015-09-18,61.83000183105469,61.83000183105469,60.77999877929688,60.93999862670898,31008000,45.5183219909668
2015-09-21,61.52000045776367,61.90999984741211,61.08000183105469,61.45000076293945,13136400,45.89925003051758
2015-09-22,60.59999847412109,61.09000015258789,60.41999816894531,60.90999984741211,14811900,45.49591064453125
2015-09-23,60.79999923706055,61.150001525878906,60.31999969482422,60.63999938964844,11712200,45.29425048828125
2015-09-24,60.0099983215332,60.380001068115234,59.459999084472656,60.220001220703125,17293400,44.98053359985352
2015-09-25,61.27000045776367,61.86000061035156,60.869998931884766,61.470001220703125,18384300,45.91419219970703
2015-09-28,60.91999816894531,61.0099983215332,59.68999862670898,59.97999954223633,17452200,44.80125427246094
2015-09-29,59.97999954223633,60.130001068115234,58.72999954223633,59.84000015258789,19334900,44.696685791015625
2015-09-30,60.70000076293945,61.0,60.11000061035156,60.970001220703125,18743800,45.54073333740234
2015-10-01,61.119998931884766,61.869998931884766,60.540000915527344,61.41999816894531,16863200,45.87685012817383
2015-10-02,59.59000015258789,60.86000061035156,58.52999877929688,60.810001373291016,20435100,45.74894714355469
2015-10-05,61.2400016784668,62.2400016784668,61.220001220703125,62.02000045776367,13471100,46.659278869628906
2015-10-06,62.11000061035156,62.36000061035156,61.619998931884766,62.04999923706055,12134800,46.68183898925781
2015-10-07,62.54999923706055,63.02999877929688,61.7599983215332,62.130001068115234,12773100,46.74202728271485
2015-10-08,61.84999847412109,62.25,61.43000030517578,62.130001068115234,13964600,46.74202728271485
2015-10-09,62.38999938964844,62.54999923706055,61.58000183105469,61.93000030517578,12112000,46.591556549072266
2015-10-12,61.84000015258789,62.0099983215332,61.400001525878906,61.720001220703125,10857400,46.43356704711914
2015-10-13,61.38999938964844,62.15999984741211,61.310001373291016,61.54999923706055,15621900,46.30567169189453
2015-10-14,60.7599983215332,60.970001220703125,59.540000915527344,59.9900016784668,28989400,45.13203811645508
2015-10-15,60.470001220703125,61.959999084472656,60.09999847412109,61.88999938964844,18147900,46.56147384643555
2015-10-16,62.43000030517578,62.650001525878906,62.09000015258789,62.43000030517578,17456600,46.967716217041016
2015-10-19,62.0,62.77000045776367,61.90999984741211,62.220001220703125,14510400,46.80973052978516
2015-10-20,62.36000061035156,62.81999969482422,62.08000183105469,62.52000045776367,11545100,47.03542709350586
2015-10-21,62.880001068115234,62.959999084472656,62.04999923706055,62.060001373291016,12113400,46.68935775756836
2015-10-22,62.41999816894531,63.58000183105469,62.41999816894531,63.18999862670898,15295700,47.53948593139648
2015-10-23,63.630001068115234,64.19000244140625,63.5,63.869998931884766,16985200,48.05106735229492
2015-10-26,63.84000015258789,63.9900016784668,63.40999984741211,63.900001525878906,13880200,48.073638916015625
2015-10-27,63.52999877929688,63.86000061035156,63.310001373291016,63.63999938964844,8831900,47.87803649902344
2015-10-28,63.70000076293945,65.73999786376953,63.68999862670898,65.5,17962000,49.2773551940918
2015-10-29,65.26000213623047,65.83000183105469,64.87999725341797,65.20999908447266,12753700,49.0591926574707
2015-10-30,65.30000305175781,65.33999633789062,64.12999725341797,64.25,15731400,48.33695602416992
2015-11-02,64.44999694824219,65.75,64.38999938964844,65.54000091552734,15253300,49.307464599609375
2015-11-03,65.29000091552734,66.0999984741211,65.16999816894531,65.77999877929688,11519500,49.48800659179688
2015-11-04,66.01000213623047,66.1500015258789,65.62999725341797,65.8499984741211,11388400,49.54067993164063
2015-11-05,65.79000091552734,66.66999816894531,65.75,66.44000244140625,12715900,49.98455047607422
2015-11-06,68.37000274658203,69.02999877929688,68.0999984741211,68.45999908447266,23262700,51.504241943359375
2015-11-09,68.69999694824219,68.72000122070312,67.08000183105469,67.38999938964844,17143800,50.6992416381836
2015-11-10,67.19000244140625,67.8499984741211,66.93000030517578,67.68000030517578,13239700,50.91742706298828
2015-11-11,68.0999984741211,68.16999816894531,67.25,67.3499984741211,8513900,50.66916275024414
2015-11-12,66.86000061035156,66.9000015258789,65.94999694824219,66.0,13576900,49.65352630615234
2015-11-13,65.83999633789062,66.16999816894531,65.2300033569336,65.55999755859375,11837000,49.32250595092773
2015-11-16,65.45999908447266,66.58000183105469,65.16999816894531,66.51000213623047,11041100,50.037208557128906
2015-11-17,66.66999816894531,66.73999786376953,65.88999938964844,66.12999725341797,12354800,49.75132751464844
2015-11-18,66.4800033569336,67.55000305175781,66.37000274658203,67.44999694824219,12911400,50.74439239501953
2015-11-19,67.58000183105469,67.81999969482422,67.04000091552734,67.66000366210938,12839500,50.90239715576172
2015-11-20,67.98999786376953,68.11000061035156,67.37999725341797,67.54000091552734,11209600,50.81209564208984
2015-11-23,67.30999755859375,67.58000183105469,66.77999877929688,66.87999725341797,11339000,50.315574645996094
2015-11-24,66.16999816894531,67.13999938964844,66.04000091552734,66.77999877929688,10910000,50.24034118652344
2015-11-25,66.93000030517578,67.12000274658203,66.55000305175781,66.86000061035156,7772000,50.3005256652832
2015-11-27,67.0,67.33000183105469,66.63999938964844,67.16999816894531,4052500,50.53373718261719
2015-11-30,67.27999877929688,67.5199966430664,66.68000030517578,66.68000030517578,15147500,50.16511535644531
2015-12-01,67.33999633789062,67.83000183105469,66.98999786376953,67.61000061035156,12708800,50.8647689819336
2015-12-02,67.83000183105469,67.87999725341797,66.4800033569336,66.66000366210938,13440900,50.15006637573242
2015-12-03,66.83000183105469,67.02999877929688,65.58000183105469,65.80000305175781,14626900,49.5030517578125
2015-12-04,66.0999984741211,68.0,66.02999877929688,67.88999938964844,17786000,51.075416564941406
2015-12-07,67.66000366210938,67.75,66.4000015258789,67.0,11686000,50.40584945678711
2015-12-08,66.25,66.95999908447266,65.69999694824219,65.95999908447266,13084500,49.62342834472656
2015-12-09,65.61000061035156,66.58000183105469,65.04000091552734,65.45999908447266,16770200,49.24726104736328
2015-12-10,65.54000091552734,66.5,65.08000183105469,65.61000061035156,12839000,49.360111236572266
2015-12-11,64.80000305175781,65.16000366210938,63.5099983215332,64.06999969482422,17889300,48.20153045654297
2015-12-14,64.2300033569336,64.76000213623047,63.59999847412109,64.2699966430664,17638200,48.351993560791016
2015-12-15,65.06999969482422,66.6500015258789,65.06999969482422,66.0999984741211,18126600,49.72873306274414
2015-12-16,66.91000366210938,67.73999786376953,65.91000366210938,67.52999877929688,21720000,50.8045768737793
2015-12-17,67.9000015258789,68.0,66.08000183105469,66.27999877929688,18122100,49.86418151855469
2015-12-18,65.97000122070312,65.97000122070312,64.4000015258789,64.4000015258789,23819600,48.449798583984375
2015-12-21,65.0199966430664,65.55999755859375,64.83000183105469,65.54000091552734,18869300,49.307464599609375
2015-12-22,65.91999816894531,66.0,64.9800033569336,65.68000030517578,12149500,49.412784576416016
2015-12-23,66.12000274658203,66.8499984741211,66.05000305175781,66.7300033569336,12524500,50.20274353027344
2015-12-24,66.62000274658203,66.88999938964844,66.31999969482422,66.5999984741211,4468200,50.104923248291016
2015-12-28,66.29000091552734,66.44999694824219,65.70999908447266,66.37999725341797,6610600,49.93938827514648
2015-12-29,66.83999633789062,67.30000305175781,66.73999786376953,67.06999969482422,9820800,50.45849990844727
2015-12-30,67.04000091552734,67.05000305175781,66.44999694824219,66.58999633789062,7190700,50.097389221191406
2015-12-31,66.19000244140625,66.77999877929688,66.0,66.02999877929688,14654300,49.67609786987305
2016-01-04,63.95000076293945,64.05999755859375,63.0099983215332,63.619998931884766,25393200,48.18406295776367
2016-01-05,63.70000076293945,64.12999725341797,63.040000915527344,63.72999954223633,16566700,48.267372131347656
2016-01-06,62.720001220703125,63.130001068115234,62.34000015258789,62.810001373291016,22961500,47.57059860229492
2016-01-07,61.459999084472656,62.0,60.08000183105469,60.27000045776367,27630900,45.64686584472656
2016-01-08,61.130001068115234,61.27000045776367,58.84999847412109,58.91999816894531,22373300,44.62441253662109
2016-01-11,58.83000183105469,59.220001220703125,58.040000915527344,58.83000183105469,20925500,44.55625534057617
2016-01-12,59.45000076293945,59.560001373291016,58.09999847412109,58.959999084472656,22971600,44.65471267700195
2016-01-13,59.459999084472656,59.68000030517578,56.90999984741211,57.34000015258789,28808100,43.42776107788086
2016-01-14,58.15999984741211,59.380001068115234,57.290000915527344,58.20000076293945,31296300,44.0791015625
2016-01-15,56.45000076293945,57.56999969482422,56.220001220703125,57.040000915527344,38131700,43.20055770874024
2016-01-19,57.72999954223633,57.970001220703125,56.5099983215332,57.0099983215332,22818900,43.17781829833984
2016-01-20,55.630001068115234,56.18000030517578,54.65999984741211,55.5099983215332,34646100,42.041778564453125
2016-01-21,55.7400016784668,56.52000045776367,55.060001373291016,55.25,31301100,41.844852447509766
2016-01-22,56.43999862670898,57.15999984741211,56.29999923706055,56.95000076293945,22732200,43.13238525390625
2016-01-25,56.47999954223633,56.84999847412109,55.59999847412109,55.65999984741211,21114400,42.1553840637207
2016-01-26,55.84999847412109,57.150001525878906,55.810001373291016,57.08000183105469,17535700,43.23085021972656
2016-01-27,57.08000183105469,58.27000045776367,56.560001373291016,57.040000915527344,20560000,43.20055770874024
2016-01-28,57.52000045776367,57.970001220703125,56.630001068115234,57.27999877929688,15497900,43.38232421875
2016-01-29,57.83000183105469,59.540000915527344,57.5099983215332,59.5,26992200,45.06369400024414
2016-02-01,59.15999984741211,59.650001525878906,58.43999862670898,58.86000061035156,16807900,44.57896423339844
2016-02-02,57.880001068115234,57.97999954223633,56.75,57.02999877929688,22448200,43.19297409057617
2016-02-03,57.369998931884766,57.79999923706055,55.02000045776367,57.40999984741211,31543200,43.48078918457031
2016-02-04,57.060001373291016,58.52000045776367,57.060001373291016,58.400001525878906,21651300,44.23058319091797
2016-02-05,58.58000183105469,59.13999938964844,57.41999816894531,57.75,22001300,43.73828887939453
2016-02-08,56.68999862670898,56.91999816894531,55.540000915527344,56.540000915527344,28267600,42.821868896484375
2016-02-09,55.290000915527344,56.68999862670898,55.130001068115234,56.20000076293945,26300000,42.56435394287109
2016-02-10,56.56999969482422,57.40999984741211,55.470001220703125,55.52000045776367,22389600,42.04933547973633
2016-02-11,53.900001525878906,53.90999984741211,52.5,53.06999969482422,44334700,40.19378662109375
2016-02-12,55.650001525878906,57.56999969482422,55.16999816894531,57.4900016784668,37011400,43.541351318359375
2016-02-16,58.22999954223633,58.59999847412109,57.63999938964844,58.34999847412109,23730700,44.19271087646485
2016-02-17,58.84999847412109,59.25,58.38999938964844,58.77000045776367,21580100,44.51081085205078
2016-02-18,58.84000015258789,58.86000061035156,57.25,57.810001373291016,17037800,43.78372573852539
2016-02-19,57.5,58.16999816894531,57.08000183105469,57.81999969482422,15658200,43.79130172729492
2016-02-22,58.5099983215332,58.880001068115234,58.41999816894531,58.56999969482422,14882800,44.359336853027344
2016-02-23,57.900001525878906,58.09000015258789,55.959999084472656,56.119998931884766,31772500,42.50376892089844
2016-02-24,55.20000076293945,56.209999084472656,54.33000183105469,56.13999938964844,25560100,42.51891708374024
2016-02-25,56.130001068115234,57.02999877929688,56.040000915527344,57.0099983215332,14473300,43.17781829833984
2016-02-26,57.63999938964844,58.11000061035156,57.13999938964844,57.540000915527344,20947500,43.5792350769043
2016-02-29,57.40999984741211,57.61000061035156,56.290000915527344,56.29999923706055,19554100,42.64009094238281
2016-03-01,56.7599983215332,59.20000076293945,56.66999816894531,59.20000076293945,23958100,44.83647537231445
2016-03-02,59.20000076293945,59.900001525878906,58.959999084472656,59.7599983215332,20943100,45.2606201171875
2016-03-03,59.58000183105469,59.959999084472656,59.09999847412109,59.959999084472656,15790600,45.4120979309082
2016-03-04,60.09999847412109,60.54999923706055,59.52999877929688,60.04999923706055,18459000,45.480247497558594
2016-03-07,59.540000915527344,60.04999923706055,59.31999969482422,59.93999862670898,12832400,45.39692687988281
2016-03-08,59.209999084472656,59.5,58.68000030517578,58.77999877929688,14132900,44.51838302612305
2016-03-09,59.150001525878906,59.540000915527344,58.68000030517578,59.119998931884766,13238800,44.77588653564453
2016-03-10,59.59000015258789,59.66999816894531,57.810001373291016,58.61000061035156,21139200,44.38962936401367
2016-03-11,59.38999938964844,59.5099983215332,58.650001525878906,59.34000015258789,21055000,44.94251251220703
2016-03-14,59.150001525878906,59.310001373291016,58.59999847412109,59.119998931884766,13436100,44.77588653564453
2016-03-15,58.540000915527344,59.209999084472656,58.43000030517578,59.20000076293945,10910500,44.83647537231445
2016-03-16,58.97999954223633,59.75,58.470001220703125,58.91999816894531,17423900,44.62441253662109
2016-03-17,58.77000045776367,59.130001068115234,57.9900016784668,58.75,19405700,44.49566268920898
2016-03-18,60.04999923706055,60.970001220703125,59.65999984741211,60.47999954223633,29570200,45.805912017822266
2016-03-21,60.220001220703125,60.81999969482422,59.959999084472656,60.459999084472656,12684400,45.79077911376953
2016-03-22,59.9900016784668,60.58000183105469,59.619998931884766,60.2400016784668,12042700,45.62416076660156
2016-03-23,60.34000015258789,60.5099983215332,59.86000061035156,59.93999862670898,11658700,45.39692687988281
2016-03-24,59.29999923706055,59.5099983215332,58.869998931884766,59.47999954223633,12921200,45.04854202270508
2016-03-28,59.52999877929688,59.75,59.18000030517578,59.400001525878906,11159700,44.98796463012695
2016-03-29,59.33000183105469,59.33000183105469,58.52999877929688,59.02999877929688,15933400,44.70771789550781
2016-03-30,59.459999084472656,60.22999954223633,59.380001068115234,59.709999084472656,13307100,45.22274398803711
2016-03-31,59.45000076293945,59.93000030517578,59.11000061035156,59.220001220703125,14904700,44.85163497924805
2016-04-01,59.02000045776367,60.060001373291016,58.560001373291016,59.869998931884766,15417500,45.34392547607422
2016-04-04,59.43999862670898,59.56999969482422,58.959999084472656,59.20000076293945,12305000,45.16842269897461
2016-04-05,58.59000015258789,58.83000183105469,58.209999084472656,58.36000061035156,12886600,44.52752304077149
2016-04-06,58.18000030517578,58.880001068115234,57.95000076293945,58.810001373291016,12167900,44.87086868286133
2016-04-07,58.2599983215332,58.43000030517578,57.06999969482422,57.31999969482422,19226800,43.73403549194336
2016-04-08,57.709999084472656,58.58000183105469,57.68999862670898,57.7400016784668,13547700,44.05448913574219
2016-04-11,57.90999984741211,58.880001068115234,57.90999984741211,58.20000076293945,17627800,44.40544509887695
2016-04-12,58.34000015258789,59.38999938964844,58.20000076293945,59.27999877929688,17779200,45.22947692871094
2016-04-13,60.47999954223633,62.15999984741211,60.380001068115234,61.790000915527344,37516800,47.14454650878906
2016-04-14,61.68999862670898,62.90999984741211,61.61000061035156,62.59000015258789,24249900,47.75494003295898
2016-04-15,62.880001068115234,62.900001525878906,61.45000076293945,61.869998931884766,19290700,47.2055892944336
2016-04-18,61.63999938964844,62.58000183105469,61.52999877929688,62.27000045776367,13813100,47.51078796386719
2016-04-19,62.54999923706055,63.47999954223633,62.54999923706055,63.31999969482422,19255600,48.31191635131836
2016-04-20,63.47999954223633,64.30999755859375,63.150001525878906,64.23999786376953,14594400,49.01385116577149
2016-04-21,64.26000213623047,64.66000366210938,63.34000015258789,63.59999847412109,15395800,48.52555084228516
2016-04-22,63.63999938964844,64.37999725341797,63.63999938964844,63.970001220703125,12444700,48.80785751342773
2016-04-25,63.59999847412109,63.95000076293945,63.150001525878906,63.59999847412109,10687200,48.52555084228516
2016-04-26,63.810001373291016,64.06999969482422,63.33000183105469,63.93000030517578,12048000,48.77733612060547
2016-04-27,63.86000061035156,64.63999938964844,63.59999847412109,64.11000061035156,15284100,48.9146614074707
2016-04-28,63.63999938964844,64.41999816894531,63.34999847412109,63.59999847412109,12852500,48.52555084228516
2016-04-29,63.09000015258789,63.61000061035156,62.70000076293945,63.20000076293945,16376400,48.220359802246094
2016-05-02,63.68999862670898,64.0,63.13999938964844,63.790000915527344,10247300,48.67050552368164
2016-05-03,62.900001525878906,62.90999984741211,61.79999923706055,62.560001373291016,19120300,47.732059478759766
2016-05-04,61.75,62.2599983215332,61.27000045776367,61.56999969482422,17030200,46.97671127319336
2016-05-05,61.59999847412109,62.0,61.060001373291016,61.2400016784668,14033900,46.72491836547852
2016-05-06,60.70000076293945,61.68000030517578,60.59000015258789,61.59999847412109,11057900,46.99959182739258
2016-05-09,61.369998931884766,61.88999938964844,61.04999923706055,61.209999084472656,11197100,46.7020149230957
2016-05-10,61.54999923706055,62.2599983215332,61.34999847412109,62.040000915527344,11897200,47.33529281616211
2016-05-11,61.970001220703125,62.59999847412109,61.810001373291016,61.810001373291016,11254000,47.15980911254883
2016-05-12,62.27000045776367,62.560001373291016,61.369998931884766,61.77000045776367,11071700,47.129302978515625
2016-05-13,61.70000076293945,62.400001525878906,61.02000045776367,61.20000076293945,15122300,46.69438171386719
2016-05-16,61.209999084472656,61.9900016784668,61.0,61.65999984741211,10951300,47.04536056518555
2016-05-17,61.43000030517578,62.15999984741211,61.150001525878906,61.65999984741211,12180900,47.04536056518555
2016-05-18,61.70000076293945,64.16999816894531,61.68999862670898,64.04000091552734,24007100,48.86125564575195
2016-05-19,63.52999877929688,64.22000122070312,62.900001525878906,63.38999938964844,16076200,48.365325927734375
2016-05-20,63.86000061035156,64.19000244140625,63.369998931884766,63.5099983215332,11862000,48.45687484741211
2016-05-23,63.45000076293945,63.869998931884766,63.15999984741211,63.459999084472656,9347500,48.41872787475586
2016-05-24,63.93999862670898,64.7699966430664,63.810001373291016,64.54000091552734,13839400,49.24274826049805
2016-05-25,64.94000244140625,66.19999694824219,64.91999816894531,65.5199966430664,18935200,49.99046325683594
2016-05-26,65.56999969482422,65.58000183105469,64.91000366210938,65.02999877929688,9428400,49.61662673950195
2016-05-27,65.20999908447266,65.45999908447266,65.05000305175781,65.43000030517578,10116000,49.92179870605469
2016-05-31,65.7300033569336,65.81999969482422,64.95999908447266,65.2699966430664,15139400,49.79972839355469
2016-06-01,64.76000213623047,65.91999816894531,64.26000213623047,65.69000244140625,14031000,50.12018203735352
2016-06-02,65.5199966430664,65.80999755859375,65.16000366210938,65.80999755859375,10637600,50.21173858642578
2016-06-03,64.25,64.86000061035156,63.54999923706055,64.63999938964844,20261700,49.31904602050781
2016-06-06,64.63999938964844,65.76000213623047,64.5999984741211,65.27999877929688,13193500,49.80734634399414
2016-06-07,65.44999694824219,65.73999786376953,65.04000091552734,65.05999755859375,9924100,49.639495849609375
2016-06-08,64.93000030517578,65.4800033569336,64.91999816894531,65.25,9428000,49.784481048583984
2016-06-09,64.79000091552734,64.9000015258789,64.2699966430664,64.75,10817800,49.402976989746094
2016-06-10,63.93000030517578,64.06999969482422,63.58000183105469,63.84000015258789,16678400,48.70866012573242
2016-06-13,63.47999954223633,64.33999633789062,63.2599983215332,63.27000045776367,14314900,48.27376174926758
2016-06-14,62.68000030517578,63.470001220703125,61.68000030517578,62.08000183105469,19509300,47.36579895019531
2016-06-15,62.40999984741211,62.97999954223633,61.90999984741211,61.970001220703125,16982100,47.28188705444336
2016-06-16,61.45000076293945,62.29999923706055,60.900001525878906,62.220001220703125,16791200,47.47262573242188
2016-06-17,62.29999923706055,62.709999084472656,61.93000030517578,62.27999877929688,15751500,47.51840972900391
2016-06-20,63.45000076293945,63.84999847412109,62.34000015258789,62.369998931884766,12213200,47.58707046508789
2016-06-21,62.72999954223633,63.0,62.13999938964844,62.95000076293945,11611600,48.02961730957031
2016-06-22,62.95000076293945,63.709999084472656,62.68000030517578,62.709999084472656,12643500,47.84650802612305
2016-06-23,63.70000076293945,64.1500015258789,63.52999877929688,64.05000305175781,16583600,48.86888122558594
2016-06-24,60.47999954223633,61.70000076293945,59.34000015258789,59.59999847412109,44108700,45.47362518310547
2016-06-27,58.709999084472656,58.75,57.04999923706055,57.61000061035156,37300700,43.95529174804688
2016-06-28,59.18999862670898,59.54999923706055,58.2599983215332,59.52000045776367,29088700,45.412593841552734
2016-06-29,60.36000061035156,61.209999084472656,60.0,61.20000076293945,21483000,46.69438171386719
2016-06-30,61.630001068115234,62.18999862670898,61.02000045776367,62.13999938964844,21343600,47.411598205566406
2016-07-01,61.65999984741211,62.0099983215332,61.15999984741211,61.2599983215332,14217800,47.1040153503418
2016-07-05,60.45000076293945,60.59999847412109,59.09999847412109,59.54999923706055,23357700,45.7891731262207
2016-07-06,59.0099983215332,60.290000915527344,58.7599983215332,60.18999862670898,20429800,46.281280517578125
2016-07-07,60.52000045776367,61.13999938964844,60.15999984741211,60.58000183105469,13771400,46.5811653137207
2016-07-08,61.33000183105469,62.16999816894531,61.33000183105469,61.83000183105469,16998800,47.54232025146485
2016-07-11,62.41999816894531,62.95000076293945,62.13999938964844,62.27000045776367,13151400,47.88064193725586
2016-07-12,63.02999877929688,63.560001373291016,62.88999938964844,63.20000076293945,16588100,48.595733642578125
2016-07-13,63.08000183105469,63.43000030517578,62.63999938964844,63.15999984741211,18526900,48.564979553222656
2016-07-14,64.73999786376953,64.9800033569336,64.05000305175781,64.12000274658203,28985900,49.30314254760742
2016-07-15,64.75,64.80000305175781,63.61000061035156,64.18000030517578,17607100,49.34927749633789
2016-07-18,64.12999725341797,64.4000015258789,63.900001525878906,63.959999084472656,10824400,49.18012619018555
2016-07-19,63.61000061035156,64.0999984741211,63.459999084472656,63.86000061035156,9737400,49.10322570800781
2016-07-20,64.11000061035156,64.2300033569336,63.709999084472656,63.93000030517578,10411100,49.15704727172852
2016-07-21,64.0,64.18000030517578,63.630001068115234,63.68999862670898,9808700,48.97250747680664
2016-07-22,63.900001525878906,64.08999633789062,63.59999847412109,64.04000091552734,8195700,49.24162292480469
2016-07-25,63.97999954223633,64.16999816894531,63.68000030517578,63.869998931884766,8168300,49.11090850830078
2016-07-26,63.97999954223633,64.26000213623047,63.709999084472656,64.12999725341797,8067800,49.31083297729492
2016-07-27,64.08000183105469,64.69000244140625,64.05999755859375,64.33000183105469,11806800,49.46461486816406
2016-07-28,64.0,64.19000244140625,63.720001220703125,64.0999984741211,10013400,49.28775787353516
2016-07-29,63.79999923706055,64.29000091552734,63.75,63.970001220703125,13210400,49.18780517578125
2016-08-01,64.1500015258789,64.30999755859375,63.61000061035156,63.79999923706055,11422600,49.057090759277344
2016-08-02,63.59000015258789,64.01000213623047,63.380001068115234,63.650001525878906,13550000,48.94174957275391
2016-08-03,63.68999862670898,64.66999816894531,63.650001525878906,64.66000366210938,13122300,49.718353271484375
2016-08-04,64.48999786376953,64.81999969482422,64.2699966430664,64.55999755859375,9873000,49.64147567749024
2016-08-05,65.13999938964844,66.37000274658203,65.06999969482422,66.30000305175781,20752700,50.97939682006836
2016-08-08,66.06999969482422,66.48999786376953,65.83999633789062,66.0999984741211,11359200,50.82558441162109
2016-08-09,66.18000030517578,66.27999877929688,65.69000244140625,65.87000274658203,10097000,50.64875793457031
2016-08-10,65.91999816894531,66.06999969482422,65.16000366210938,65.27999877929688,11556100,50.19508361816406
2016-08-11,65.2699966430664,65.69000244140625,65.0199966430664,65.45999908447266,9604500,50.33348083496094
2016-08-12,64.97000122070312,65.3499984741211,64.86000061035156,65.31999969482422,7685400,50.22583770751953
2016-08-15,65.55999755859375,65.83000183105469,65.45999908447266,65.72000122070312,8371600,50.53340911865234
2016-08-16,65.36000061035156,65.95999908447266,65.23999786376953,65.70999908447266,10128900,50.52571105957031
2016-08-17,65.80000305175781,65.9800033569336,65.54000091552734,65.88999938964844,11868100,50.66412353515625
2016-08-18,65.62000274658203,65.98999786376953,65.52999877929688,65.94999694824219,9313600,50.71026611328125
2016-08-19,65.72000122070312,65.91000366210938,65.22000122070312,65.86000061035156,9084900,50.64106369018555
2016-08-22,65.75,65.87999725341797,65.41000366210938,65.80000305175781,9055600,50.59491729736328
2016-08-23,66.06999969482422,66.33999633789062,65.76000213623047,65.7699966430664,8949600,50.57185745239258
2016-08-24,65.98999786376953,66.2300033569336,65.7699966430664,65.94999694824219,10167200,50.71026611328125
2016-08-25,65.91000366210938,66.13999938964844,65.79000091552734,66.06999969482422,9978700,50.80254364013672
2016-08-26,66.33000183105469,66.87999725341797,65.8499984741211,66.22000122070312,14038600,50.91787338256836
2016-08-29,66.48999786376953,67.0999984741211,66.45999908447266,66.94999694824219,14583100,51.47918701171875
2016-08-30,66.94999694824219,67.5999984741211,66.94999694824219,67.5,13791200,51.90209579467773
2016-08-31,67.45999908447266,67.7699966430664,66.86000061035156,67.5,14952300,51.90209579467773
2016-09-01,67.63999938964844,67.72000122070312,66.6500015258789,67.20999908447266,12226500,51.679107666015625
2016-09-02,67.4000015258789,67.58000183105469,66.9800033569336,67.48999786376953,13720700,51.89440536499024
2016-09-06,67.5,67.55000305175781,66.70999908447266,67.44000244140625,16649400,51.855953216552734
2016-09-07,67.16000366210938,67.58999633789062,66.95999908447266,67.16000366210938,10070400,51.64067459106445
2016-09-08,67.22000122070312,67.68000030517578,67.0,67.25,12253000,51.7098503112793
2016-09-09,67.02999877929688,67.43000030517578,66.63999938964844,66.6500015258789,19686900,51.24850845336914
2016-09-12,66.13999938964844,67.30000305175781,65.76000213623047,67.05999755859375,16453000,51.563758850097656
2016-09-13,66.11000061035156,66.86000061035156,65.81999969482422,66.52999877929688,18876100,51.15623092651367
2016-09-14,66.2699966430664,67.25,66.20999908447266,66.4000015258789,12648600,51.0562744140625
2016-09-15,66.29000091552734,66.93000030517578,66.08999633789062,66.63999938964844,12531300,51.24081039428711
2016-09-16,66.08999633789062,66.26000213623047,65.44000244140625,65.81999969482422,25161500,50.61030197143555
2016-09-19,66.1500015258789,66.63999938964844,65.8499984741211,66.19000244140625,13466900,50.89480972290039
2016-09-20,66.75,66.8499984741211,66.23999786376953,66.45999908447266,10092200,51.1024055480957
2016-09-21,66.83999633789062,67.12999725341797,66.30999755859375,66.83999633789062,14116800,51.39459609985352
2016-09-22,66.98999786376953,67.41999816894531,66.83999633789062,67.38999938964844,12781700,51.817508697509766
2016-09-23,67.38999938964844,67.9000015258789,67.18000030517578,67.25,13967400,51.7098503112793
2016-09-26,66.5999984741211,66.80000305175781,65.54000091552734,65.77999877929688,16408100,50.57953643798828
2016-09-27,65.41000366210938,66.41000366210938,65.11000061035156,66.36000061035156,13711400,51.025516510009766
2016-09-28,66.58000183105469,66.7699966430664,65.98999786376953,66.70999908447266,11278000,51.29464340209961
2016-09-29,66.69999694824219,67.20999908447266,65.3499984741211,65.6500015258789,18727200,50.479583740234375
2016-09-30,66.08000183105469,67.05999755859375,66.08000183105469,66.58999633789062,21680100,51.20235824584961
2016-10-03,66.3499984741211,66.91999816894531,66.26000213623047,66.51000213623047,14901700,51.1408576965332
2016-10-04,66.20999908447266,67.18000030517578,66.0999984741211,66.5999984741211,17226900,51.58232116699219
2016-10-05,66.88999938964844,68.06999969482422,66.80000305175781,67.69000244140625,16280000,52.42653274536133
2016-10-06,67.7300033569336,67.97000122070312,67.05000305175781,67.87000274658203,17485000,52.56596755981445
2016-10-07,67.79000091552734,68.18000030517578,67.4000015258789,68.11000061035156,18497000,52.751834869384766
2016-10-10,68.33999633789062,69.05999755859375,68.2300033569336,68.63999938964844,13027500,53.16232299804688
2016-10-11,68.5,68.81999969482422,67.93000030517578,68.30999755859375,15657100,52.90673828125
2016-10-12,68.26000213623047,68.58999633789062,68.05000305175781,68.12999725341797,11899800,52.76732635498047
2016-10-13,67.45999908447266,67.87000274658203,66.81999969482422,67.73999786376953,17890000,52.46525955200195
2016-10-14,68.80000305175781,69.02999877929688,67.30000305175781,67.5199966430664,24163800,52.29486083984375
2016-10-17,67.41999816894531,67.79000091552734,66.73999786376953,67.16999816894531,14963400,52.02378845214844
2016-10-18,67.8499984741211,68.20999908447266,67.54000091552734,67.69999694824219,11870300,52.43428421020508
2016-10-19,67.80999755859375,68.5,67.80999755859375,68.3499984741211,12705800,52.93769836425781
2016-10-20,68.08000183105469,68.68000030517578,67.94000244140625,68.26000213623047,14122000,52.86800765991211
2016-10-21,67.80999755859375,68.52999877929688,67.69999694824219,68.48999786376953,12175700,53.046146392822266
2016-10-24,68.97000122070312,69.05000305175781,68.5,68.87000274658203,10197100,53.340457916259766
2016-10-25,68.87999725341797,68.93000030517578,68.37999725341797,68.80000305175781,9945100,53.286251068115234
2016-10-26,68.37000274658203,69.25,68.37000274658203,69.12999725341797,9801300,53.541839599609375
2016-10-27,69.48999786376953,69.7699966430664,69.0999984741211,69.2300033569336,14210700,53.61928176879883
2016-10-28,69.52999877929688,69.55000305175781,68.47000122070312,69.11000061035156,12766500,53.52633285522461
2016-10-31,69.43000030517578,69.58000183105469,69.2300033569336,69.26000213623047,14336300,53.642539978027344
2016-11-01,69.4800033569336,69.77999877929688,68.33000183105469,68.97000122070312,15564500,53.41792297363281
2016-11-02,68.6500015258789,68.8499984741211,68.01000213623047,68.68000030517578,12449800,53.19329452514648
2016-11-03,68.86000061035156,69.19000244140625,68.22000122070312,68.37999725341797,10369700,52.96095657348633
2016-11-04,68.48999786376953,68.55999755859375,67.63999938964844,67.76000213623047,13571300,52.48076248168945
2016-11-07,69.08000183105469,69.97000122070312,69.0,69.87999725341797,16515100,54.12271118164063
2016-11-08,69.69999694824219,70.55000305175781,69.23999786376953,70.02999877929688,17531700,54.2388916015625
2016-11-09,71.45999908447266,74.1500015258789,71.31999969482422,73.25,50948400,56.7327995300293
2016-11-10,74.22000122070312,77.25,74.22000122070312,76.6500015258789,56192300,59.36614990234375
2016-11-11,76.30000305175781,76.72000122070312,75.7699966430664,76.69000244140625,27574300,59.39710998535156
2016-11-14,77.25,80.44000244140625,77.25,79.51000213623047,46130700,61.58124542236328
2016-11-15,78.37000274658203,79.41000366210938,77.77999877929688,79.36000061035156,28126300,61.465065002441406
2016-11-16,78.22000122070312,78.3499984741211,76.87999725341797,77.4000015258789,26054900,59.94702911376953
2016-11-17,77.93000030517578,78.45999908447266,77.5999984741211,78.0199966430664,19306700,60.42721939086914
2016-11-18,77.95999908447266,78.41999816894531,77.55000305175781,77.70999908447266,19770000,60.1871337890625
2016-11-21,78.0,78.16999816894531,77.29000091552734,78.05000305175781,11983500,60.450477600097656
2016-11-22,78.3499984741211,78.55999755859375,77.76000213623047,78.52999877929688,14410100,60.82220458984375
2016-11-23,78.87000274658203,79.23999786376953,77.88999938964844,78.86000061035156,13373700,61.07780456542969
2016-11-25,79.0999984741211,79.44999694824219,78.47000122070312,78.83000183105469,6185700,61.05458831787109
2016-11-28,78.18000030517578,78.87000274658203,78.0199966430664,78.31999969482422,13007200,60.65958404541016
2016-11-29,78.38999938964844,79.16000366210938,78.38999938964844,78.91999816894531,14144100,61.12427520751953
2016-11-30,79.91999816894531,80.52999877929688,79.69999694824219,80.16999816894531,25351900,62.0924072265625
2016-12-01,80.6500015258789,82.27999877929688,80.6500015258789,81.79000091552734,23823600,63.34710693359375
2016-12-02,81.80000305175781,81.83000183105469,80.9000015258789,81.5999984741211,16931500,63.19997787475586
2016-12-05,82.30000305175781,83.29000091552734,82.29000091552734,83.26000213623047,18529800,64.48565673828125
2016-12-06,83.5999984741211,83.80999755859375,82.43000030517578,83.69000244140625,16130000,64.81868743896484
2016-12-07,83.55000305175781,84.08999633789062,82.8499984741211,84.06999969482422,18996900,65.11299133300781
2016-12-08,84.2300033569336,85.5,83.94000244140625,85.12000274658203,20844900,65.92625427246094
2016-12-09,85.0199966430664,85.5,84.13999938964844,85.48999786376953,14567200,66.21282196044922
2016-12-12,85.36000061035156,85.79000091552734,84.29000091552734,84.7300033569336,14511300,65.62419128417969
2016-12-13,84.9800033569336,85.66999816894531,83.81999969482422,84.76000213623047,16669000,65.64743041992188
2016-12-14,83.87999725341797,86.12000274658203,83.76000213623047,84.7300033569336,22622600,65.62419128417969
2016-12-15,85.4000015258789,86.48999786376953,84.9000015258789,86.0,19438900,66.60780334472656
2016-12-16,86.29000091552734,86.29000091552734,84.88999938964844,84.94000244140625,23008500,65.7868423461914
2016-12-19,84.80000305175781,85.44000244140625,84.19000244140625,85.43000030517578,21685100,66.16633605957031
2016-12-20,85.79000091552734,86.54000091552734,85.55000305175781,86.52999877929688,14587300,67.018310546875
2016-12-21,86.43000030517578,86.80999755859375,86.02999877929688,86.75,11400500,67.18870544433594
2016-12-22,86.44000244140625,87.16999816894531,86.20999908447266,86.88999938964844,13924200,67.29713439941406
2016-12-23,87.0,87.1500015258789,86.4000015258789,87.05000305175781,10759400,67.4210433959961
2016-12-27,87.05000305175781,87.16000366210938,86.75,87.12999725341797,6946400,67.48300170898438
2016-12-28,87.16000366210938,87.38999938964844,86.3499984741211,86.5,9455600,66.99505615234375
2016-12-29,86.58000183105469,86.66999816894531,85.04000091552734,85.88999938964844,14689000,66.52261352539062
2016-12-30,86.0999984741211,86.41999816894531,85.66000366210938,86.29000091552734,13617800,66.83242797851562
2017-01-03,87.33999633789062,87.76000213623047,85.9800033569336,87.2300033569336,20550700,67.56044006347656
2017-01-04,86.95999908447266,87.18000030517578,86.4000015258789,86.91000366210938,15266600,67.68505859375
2017-01-05,86.80999755859375,87.11000061035156,85.26000213623047,86.11000061035156,14300800,67.06205749511719
2017-01-06,86.38999938964844,86.62000274658203,85.94000244140625,86.12000274658203,12893300,67.06982421875
2017-01-09,85.7300033569336,86.7699966430664,85.5199966430664,86.18000030517578,12806600,67.11654663085938
2017-01-10,86.06999969482422,86.9000015258789,85.72000122070312,86.43000030517578,13989000,67.31126403808594
2017-01-11,86.43000030517578,87.08000183105469,85.91000366210938,87.08000183105469,14713100,67.81744384765625
2017-01-12,86.76000213623047,87.2699966430664,86.0199966430664,86.23999786376953,21337400,67.16329193115234
2017-01-13,87.11000061035156,88.16999816894531,86.0999984741211,86.69999694824219,28296000,67.52149963378906
2017-01-17,84.93000030517578,85.22000122070312,83.27999877929688,83.55000305175781,30024600,65.06832885742188
2017-01-18,83.62999725341797,84.2300033569336,83.02999877929688,83.94000244140625,21270100,65.37203216552734
2017-01-19,84.05999755859375,84.66999816894531,83.12000274658203,83.30000305175781,16555600,64.87362670898438
2017-01-20,83.43000030517578,83.83000183105469,83.29000091552734,83.66999816894531,18436800,65.16175842285156
2017-01-23,83.30000305175781,84.0,83.20999908447266,83.70999908447266,12179200,65.19292449951172
2017-01-24,83.91999816894531,85.0,83.55999755859375,84.72000122070312,15175300,65.97949981689453
2017-01-25,85.83999633789062,86.16999816894531,85.16999816894531,86.02999877929688,17551000,66.99974060058594
2017-01-26,85.94999694824219,86.94999694824219,85.94999694824219,86.75,15962800,67.5604476928711
2017-01-27,86.66000366210938,86.9800033569336,86.2699966430664,86.93000030517578,12535400,67.70064544677734
2017-01-30,86.19000244140625,86.5,85.31999969482422,86.02999877929688,13661900,66.99974060058594
2017-01-31,85.5999984741211,86.1500015258789,84.08999633789062,84.62999725341797,15655100,65.90940856933594
2017-02-01,85.54000091552734,86.0999984741211,84.68000030517578,84.94999694824219,15430900,66.1585922241211
2017-02-02,84.33999633789062,84.91000366210938,84.16000366210938,84.58999633789062,11081400,65.87825012207031
2017-02-03,86.19000244140625,87.30999755859375,85.87000274658203,87.18000030517578,17885200,67.89533996582031
2017-02-06,86.79000091552734,87.44999694824219,86.61000061035156,86.7699966430664,11828400,67.57601928710938
2017-02-07,87.13999938964844,87.4000015258789,86.4800033569336,86.72000122070312,9392800,67.53707122802734
2017-02-08,86.18000030517578,86.30999755859375,85.37000274658203,85.95999908447266,13970900,66.94519805908203
2017-02-09,85.95999908447266,87.33000183105469,85.95999908447266,87.19999694824219,13749100,67.91089630126953
2017-02-10,87.4800033569336,87.4800033569336,86.88999938964844,87.0,10992500,67.7551498413086
2017-02-13,87.44000244140625,88.73999786376953,87.43000030517578,88.1500015258789,18739100,68.65078735351562
2017-02-14,88.30000305175781,89.69999694824219,88.11000061035156,89.55999755859375,17932100,69.7488784790039
2017-02-15,90.08000183105467,90.87000274658205,89.3499984741211,90.58999633789062,17381800,70.55101776123047
2017-02-16,90.4000015258789,91.04000091552734,89.7699966430664,90.52999877929688,17672700,70.50428771972656
2017-02-17,89.81999969482422,90.47000122070312,89.69000244140625,90.2300033569336,15776600,70.27066802978516
2017-02-21,90.51000213623048,91.1500015258789,90.45999908447266,91.01000213623048,14068300,70.87810516357422
2017-02-22,90.5199966430664,91.3000030517578,90.41999816894533,91.05999755859376,11839000,70.91704559326172
2017-02-23,91.18000030517578,91.33999633789062,90.5199966430664,91.12999725341795,11067000,70.97158813476562
2017-02-24,90.18000030517578,90.54000091552734,89.7300033569336,90.33000183105467,15062300,70.34854125976562
2017-02-27,90.31999969482422,90.7300033569336,90.0199966430664,90.43000030517578,12361000,70.42642211914062
2017-02-28,89.8499984741211,90.81999969482422,89.58999633789062,90.62000274658205,15183500,70.57440948486328
2017-03-01,92.79000091552734,93.9800033569336,92.61000061035156,93.5999984741211,24451400,72.89520263671875
2017-03-02,93.87000274658205,93.91999816894533,92.02999877929688,92.13999938964844,16862500,71.7581558227539
2017-03-03,92.13999938964844,93.11000061035156,92.13999938964844,92.8000030517578,12817500,72.27217864990234
2017-03-06,92.25,92.31999969482422,91.0999984741211,91.91999816894533,15059200,71.58679962158203
2017-03-07,91.63999938964844,92.08999633789062,91.20999908447266,91.41000366210938,11156800,71.18964385986328
2017-03-08,92.68000030517578,92.8499984741211,91.0999984741211,91.20999908447266,17378400,71.03388977050781
2017-03-09,91.5999984741211,92.13999938964844,91.1500015258789,91.56999969482422,13726200,71.31423950195312
2017-03-10,91.9499969482422,92.0,90.52999877929688,91.27999877929688,13729900,71.08841705322266
2017-03-13,91.30999755859376,91.77999877929688,90.93000030517578,91.36000061035156,10004300,71.15069580078125
2017-03-14,91.0199966430664,91.6500015258789,90.7699966430664,91.51000213623048,10237700,71.26753234863281
2017-03-15,91.8000030517578,92.5500030517578,91.12999725341795,91.7300033569336,16601400,71.43885040283203
2017-03-16,92.02999877929688,92.80999755859376,91.56999969482422,91.63999938964844,14492000,71.36875915527344
2017-03-17,91.83000183105467,92.04000091552734,90.6500015258789,90.68000030517578,21734700,70.62110137939453
2017-03-20,90.2699966430664,91.16999816894533,89.79000091552734,90.02999877929688,14623600,70.11490631103516
2017-03-21,90.36000061035156,90.63999938964844,87.05999755859375,87.38999938964844,33089200,68.05886840820312
2017-03-22,86.88999938964844,88.06999969482422,86.01000213623047,87.52999877929688,21741000,68.16793823242188
2017-03-23,87.20999908447266,88.5,87.08999633789062,87.38999938964844,16090100,68.05886840820312
2017-03-24,87.79000091552734,88.08999633789062,86.7699966430664,87.29000091552734,16093200,67.98101806640625
2017-03-27,85.52999877929688,87.4000015258789,85.2300033569336,87.23999786376953,16689300,67.94206237792969
2017-03-28,87.0199966430664,89.0199966430664,86.9800033569336,88.5999984741211,16264400,69.00122833251953
2017-03-29,88.5999984741211,88.81999969482422,88.08000183105469,88.2699966430664,10207600,68.74420928955078
2017-03-30,88.19999694824219,89.45999908447266,88.12000274658203,89.02999877929688,11631000,69.33611297607422
2017-03-31,88.70999908447266,88.73999786376953,87.75,87.83999633789062,16987600,68.4093246459961
2017-04-03,87.98999786376953,88.16999816894531,86.5999984741211,87.5199966430664,19831800,68.16014099121094
2017-04-04,86.88999938964844,87.66999816894531,86.72000122070312,87.30999755859375,14280800,68.38728332519531
2017-04-05,88.41999816894531,88.54000091552734,86.12999725341797,86.19000244140625,17635500,67.51001739501953
2017-04-06,85.9800033569336,86.91000366210938,85.25,86.4800033569336,14379600,67.73719024658203
2017-04-07,85.93000030517578,86.80999755859375,85.70999908447266,86.18000030517578,13097100,67.50218963623047
2017-04-10,86.08000183105469,86.69000244140625,85.4000015258789,85.87999725341797,15081600,67.26720428466797
2017-04-11,85.54000091552734,85.79000091552734,84.80000305175781,85.7300033569336,14690500,67.14971160888672
2017-04-12,85.93000030517578,85.94999694824219,85.02999877929688,85.4000015258789,14730600,66.89122009277344
2017-04-13,85.5,86.98999786376953,84.4000015258789,84.4000015258789,30529800,66.10794830322266
2017-04-17,84.44000244140625,86.08000183105469,84.37000274658203,85.86000061035156,19071700,67.25153350830078
2017-04-18,85.36000061035156,85.62999725341797,84.73999786376953,85.16000366210938,14127000,66.70321655273438
2017-04-19,85.5,85.91999816894531,84.36000061035156,84.45999908447266,17588500,66.15498352050781
2017-04-20,84.9800033569336,85.77999877929688,84.55000305175781,85.55000305175781,15635800,67.00872039794922
2017-04-21,85.5,85.68000030517578,84.51000213623047,84.5199966430664,19820600,66.20196533203125
2017-04-24,86.55000305175781,88.05000305175781,86.41999816894531,87.5,25468300,68.53606414794922
2017-04-25,88.55000305175781,89.12999725341797,88.26000213623047,88.26000213623047,18253800,69.13138580322266
2017-04-26,88.3499984741211,89.05000305175781,88.13999938964844,88.43000030517578,12832200,69.26454162597656
2017-04-27,88.37000274658203,88.37000274658203,87.01000213623047,87.61000061035156,13329000,68.62223815917969
2017-04-28,87.5999984741211,87.8499984741211,86.94999694824219,87.0,10755600,68.14446258544922
2017-05-01,87.36000061035156,87.73999786376953,86.55999755859375,87.05999755859375,15712300,68.19145202636719
2017-05-02,86.70999908447266,86.87999725341797,86.0199966430664,86.5,14414200,67.75283813476562
2017-05-03,86.05999755859375,87.0999984741211,86.0199966430664,87.0,11540500,68.14446258544922
2017-05-04,87.69000244140625,87.7300033569336,86.56999969482422,87.0999984741211,11540100,68.22279357910156
2017-05-05,87.25,87.33999633789062,86.41999816894531,87.0,9436000,68.14446258544922
2017-05-08,87.04000091552734,87.31999969482422,86.6500015258789,87.0999984741211,8162200,68.22279357910156
2017-05-09,87.26000213623047,87.83999633789062,86.5,86.75,10273900,67.94865417480469
2017-05-10,86.52999877929688,87.4800033569336,86.47000122070312,87.43000030517578,8334900,68.48127746582031
2017-05-11,87.08999633789062,87.4800033569336,86.3499984741211,87.16000366210938,10907400,68.2697982788086
2017-05-12,86.68000030517578,87.05000305175781,86.33999633789062,86.91999816894531,8738800,68.08179473876953
2017-05-15,87.0999984741211,87.48999786376953,86.86000061035156,87.33999633789062,8835600,68.41078186035156
2017-05-16,87.36000061035156,88.08999633789062,87.33999633789062,87.61000061035156,9795000,68.62223815917969
2017-05-17,87.61000061035156,87.61000061035156,83.97000122070312,84.2699966430664,24679700,66.00611877441406
2017-05-18,84.06999969482422,84.80000305175781,83.36000061035156,83.95999908447266,23350100,65.76332092285156
2017-05-19,84.20999908447266,85.33999633789062,84.1500015258789,84.77999877929688,13412900,66.4056167602539
2017-05-22,85.18000030517578,85.29000091552734,84.20999908447266,84.69999694824219,11636000,66.34294128417969
2017-05-23,84.75,86.06999969482422,84.51000213623047,85.76000213623047,11753000,67.17320251464844
2017-05-24,85.87999725341797,85.97000122070312,85.23999786376953,85.70999908447266,9833800,67.13404846191406
2017-05-25,85.98999786376953,86.08000183105469,85.08000183105469,85.3499984741211,12238500,66.85206604003906
2017-05-26,85.11000061035156,85.55999755859375,85.0199966430664,85.36000061035156,8113500,66.85990905761719
2017-05-30,85.12999725341797,85.1500015258789,83.77999877929688,83.9000015258789,12603200,65.71632385253906
2017-05-31,83.7300033569336,83.81999969482422,81.63999938964844,82.1500015258789,28327900,64.34559631347656
2017-06-01,82.45999908447266,83.08000183105469,81.6500015258789,83.05999755859375,17123500,65.05838012695312
2017-06-02,82.29000091552734,82.98999786376953,81.9800033569336,82.63999938964844,14998500,64.72941589355469
2017-06-05,82.63999938964844,83.51000213623047,82.58000183105469,82.79000091552734,9080200,64.84690856933594
2017-06-06,82.29000091552734,83.22000122070312,82.12999725341797,82.95999908447266,12196800,64.98004913330078
2017-06-07,83.30999755859375,84.11000061035156,83.0999984741211,83.91000366210938,13711100,65.72415924072266
2017-06-08,83.91000366210938,85.7300033569336,83.88999938964844,84.94999694824219,17951000,66.53874969482422
2017-06-09,85.51000213623047,87.05000305175781,85.38999938964844,86.95999908447266,19120200,68.11310577392578
2017-06-12,86.95999908447266,87.73999786376953,86.88999938964844,86.9800033569336,16053400,68.12879180908203
2017-06-13,87.55000305175781,87.8499984741211,86.9800033569336,87.2699966430664,12557200,68.35594177246094
2017-06-14,86.7699966430664,87.30999755859375,85.81999969482422,87.08999633789062,16175700,68.2149429321289
2017-06-15,86.25,87.08000183105469,86.23999786376953,86.56999969482422,12509700,67.80767059326172
2017-06-16,86.8499984741211,86.95999908447266,86.0199966430664,86.18000030517578,16936600,67.50218963623047
2017-06-19,86.97000122070312,88.2300033569336,86.8499984741211,88.06999969482422,15972300,68.98257446289062
2017-06-20,87.75,87.91999816894531,87.37000274658203,87.5199966430664,11197800,68.55176544189453
2017-06-21,87.4800033569336,87.55000305175781,86.76000213623047,87.12000274658203,10005900,68.23843383789062
2017-06-22,86.93000030517578,87.36000061035156,86.6500015258789,87.0199966430664,12180600,68.16014099121094
2017-06-23,87.66000366210938,88.0,86.61000061035156,86.86000061035156,18812000,68.03479766845703
2017-06-26,87.01000213623047,87.66999816894531,86.62000274658203,87.23999786376953,10082400,68.33243560791016
2017-06-27,87.70999908447266,88.94000244140625,87.5,88.05000305175781,15415200,68.9668960571289
2017-06-28,88.5999984741211,90.06999969482422,88.5999984741211,89.81999969482422,17466200,70.353271484375
2017-06-29,92.33999633789062,92.6500015258789,90.30999755859376,91.1500015258789,27697800,71.3950424194336
2017-06-30,91.95999908447266,92.0,91.16000366210938,91.4000015258789,16892700,71.59086608886719
2017-07-03,91.55999755859376,93.4800033569336,91.41000366210938,92.75,13208100,73.04785919189453
2017-07-05,93.12000274658205,93.79000091552734,92.61000061035156,93.68000030517578,17535400,73.78032684326172
2017-07-06,93.54000091552734,94.51000213623048,92.87999725341795,93.37999725341795,16596100,73.54401397705078
2017-07-07,93.95999908447266,94.16999816894533,93.2300033569336,93.8499984741211,12817800,73.91419219970703
2017-07-10,93.5,93.68000030517578,93.08999633789062,93.19000244140624,13987200,73.3943862915039
2017-07-11,93.33000183105467,93.33000183105467,92.27999877929688,92.83000183105467,13262300,73.11087036132812
2017-07-12,92.61000061035156,92.83000183105467,92.06999969482422,92.51000213623048,13540100,72.85884857177734
2017-07-13,92.69000244140624,93.37999725341795,92.33999633789062,93.0999984741211,12820100,73.3235092163086
2017-07-14,90.80999755859376,92.61000061035156,90.58000183105467,92.25,22235200,72.65406799316406
2017-07-17,91.81999969482422,91.98999786376952,91.25,91.38999938964844,14374200,71.97676849365234
2017-07-18,90.4499969482422,91.58000183105467,90.31999969482422,91.06999969482422,14719400,71.72476196289062
2017-07-19,91.33999633789062,91.62000274658205,91.0,91.1999969482422,11651200,71.82710266113281
2017-07-20,91.1500015258789,91.72000122070312,90.9000015258789,91.1999969482422,11561700,71.82710266113281
2017-07-21,91.05999755859376,91.36000061035156,90.5199966430664,90.88999938964844,10971300,71.58296966552734
2017-07-24,90.95999908447266,91.54000091552734,90.91000366210938,91.27999877929688,10725100,71.89013671875
2017-07-25,92.37000274658205,93.5199966430664,92.2699966430664,92.8000030517578,16447700,73.08724975585938
2017-07-26,93.0999984741211,93.19000244140624,91.68000030517578,91.93000030517578,11815500,72.40203857421875
2017-07-27,91.83000183105467,92.05999755859376,91.16000366210938,91.5500030517578,12332400,72.10274505615234
2017-07-28,91.4499969482422,91.75,90.91000366210938,91.27999877929688,9351900,71.89013671875
2017-07-31,91.51000213623048,92.36000061035156,91.5,91.8000030517578,11520300,72.29965209960938
2017-08-01,92.48999786376952,93.13999938964844,92.27999877929688,93.02999877929688,12523700,73.26837158203125
2017-08-02,92.87000274658205,93.20999908447266,92.51000213623048,93.11000061035156,10165600,73.33137512207031
2017-08-03,92.6999969482422,93.12999725341795,92.23999786376952,92.5,11078800,72.85099029541016
2017-08-04,93.5,94.4000015258789,93.47000122070312,93.66000366210938,14324000,73.76457977294922
2017-08-07,93.88999938964844,94.19000244140624,93.70999908447266,94.0199966430664,7978300,74.04808807373047
2017-08-08,93.9499969482422,95.22000122070312,93.5999984741211,93.68000030517578,13745400,73.78032684326172
2017-08-09,92.9800033569336,93.68000030517578,92.83000183105467,93.52999877929688,11214400,73.66217041015625
2017-08-10,92.9000015258789,93.06999969482422,92.06999969482422,92.19000244140624,13252300,72.6068115234375
2017-08-11,92.12999725341795,92.66999816894533,91.23999786376952,91.41999816894533,10679500,72.00035858154297
2017-08-14,92.37000274658205,92.9000015258789,92.33000183105467,92.48999786376952,10994800,72.84310913085938
2017-08-15,93.30999755859376,93.55999755859376,92.6500015258789,92.7300033569336,8812700,73.0321044921875
2017-08-16,93.04000091552734,93.2300033569336,91.87999725341795,92.08999633789062,11085400,72.52806091308594
2017-08-17,91.76000213623048,91.95999908447266,90.5,90.6500015258789,13837500,71.39396667480469
2017-08-18,90.30999755859376,91.54000091552734,90.19000244140624,90.73999786376952,13040700,71.46482849121094
2017-08-21,90.8499984741211,90.94000244140624,90.16000366210938,90.62999725341795,11502100,71.378173828125
2017-08-22,91.06999969482422,91.70999908447266,91.0,91.55999755859376,9211800,72.11066436767578
2017-08-23,90.87000274658205,92.33999633789062,90.83999633789062,91.66999816894533,8811300,72.19731903076172
2017-08-24,91.93000030517578,92.12000274658205,91.41000366210938,91.5199966430664,8623200,72.07914733886719
2017-08-25,91.87999725341795,92.4800033569336,91.8000030517578,91.88999938964844,11794600,72.37056732177734
2017-08-28,92.16000366210938,92.19000244140624,91.12999725341795,91.5999984741211,7292900,72.14215087890625
2017-08-29,90.4499969482422,91.30999755859376,90.30999755859376,91.0999984741211,10886100,71.74834442138672
2017-08-30,91.25,91.87999725341795,91.19000244140624,91.30999755859376,9165300,71.91374969482422
2017-08-31,91.80999755859376,91.8499984741211,90.8000030517578,90.88999938964844,13217400,71.58296966552734
2017-09-01,91.25,92.36000061035156,90.9499969482422,91.6999969482422,9815800,72.2209243774414
2017-09-05,91.0199966430664,91.11000061035156,89.0199966430664,89.51000213623047,16897300,70.49610137939453
2017-09-06,90.0,90.5199966430664,89.63999938964844,90.11000061035156,11845700,70.96867370605469
2017-09-07,90.11000061035156,90.12999725341795,88.08000183105469,88.52999877929688,14592300,69.72429656982422
2017-09-08,88.30999755859375,89.41999816894531,88.23999786376953,88.41999816894531,14242200,69.63766479492188
2017-09-11,89.38999938964844,90.25,88.94999694824219,89.79000091552734,13219000,70.71663665771484
2017-09-12,90.16999816894533,91.25,90.0999984741211,90.88999938964844,14003800,71.58296966552734
2017-09-13,90.61000061035156,91.5,90.31999969482422,91.1500015258789,12485400,71.7877426147461
2017-09-14,91.1999969482422,91.52999877929688,90.73999786376952,90.97000122070312,10562800,71.64600372314453
2017-09-15,91.08000183105467,91.70999908447266,90.76000213623048,91.62000274658205,18171800,72.15792083740234
2017-09-18,91.93000030517578,93.13999938964844,91.8499984741211,92.91999816894533,11318700,73.1817626953125
2017-09-19,92.70999908447266,94.36000061035156,92.5199966430664,93.94000244140624,12626100,73.98509979248047
2017-09-20,94.0999984741211,95.29000091552734,93.70999908447266,94.5999984741211,15311600,74.50486755371094
2017-09-21,94.45999908447266,95.37000274658205,94.19000244140624,95.02999877929688,10851500,74.84353637695312
2017-09-22,94.6999969482422,94.9800033569336,94.43000030517578,94.83000183105467,8358300,74.68602752685547
2017-09-25,94.51000213623048,94.87999725341795,93.4499969482422,94.12000274658205,10463400,74.12684631347656
2017-09-26,93.77999877929688,94.02999877929688,93.33999633789062,93.6999969482422,9358100,73.79605865478516
2017-09-27,94.97000122070312,95.72000122070312,94.58000183105467,95.18000030517578,15090200,74.9616928100586
2017-09-28,95.58999633789062,95.87999725341795,94.91000366210938,95.37999725341795,10270400,75.11920166015625
2017-09-29,95.3000030517578,95.5199966430664,95.0199966430664,95.51000213623048,11438400,75.2215805053711
2017-10-02,95.7699966430664,96.87999725341795,95.45999908447266,96.83999633789062,13797200,76.26904296875
2017-10-03,96.83000183105467,97.43000030517578,96.7699966430664,97.3499984741211,9633500,76.67071533203125
2017-10-04,97.3000030517578,97.44000244140624,96.27999877929688,96.36000061035156,12166600,75.89102172851562
2017-10-05,96.0,97.4000015258789,95.5500030517578,97.08999633789062,14236200,76.9129409790039
2017-10-06,97.5500030517578,97.63999938964844,96.47000122070312,96.91999816894533,10231900,76.77825927734375
2017-10-09,96.95999908447266,97.06999969482422,96.13999938964844,96.41000366210938,7765100,76.37423706054688
2017-10-10,96.45999908447266,97.18000030517578,96.23999786376952,97.12999725341795,10631500,76.94462585449219
2017-10-11,96.83000183105467,97.01000213623048,96.13999938964844,96.83999633789062,14283600,76.71489715576172
2017-10-12,97.3000030517578,97.5,95.62000274658205,95.98999786376952,18251600,76.04153442382812
2017-10-13,95.4800033569336,96.70999908447266,94.95999908447266,95.86000061035156,13190600,75.93855285644531
2017-10-16,96.33999633789062,97.9499969482422,96.33999633789062,97.83999633789062,12434000,77.50704956054688
2017-10-17,98.06999969482422,98.18000030517578,97.31999969482422,97.62000274658205,10335700,77.33277893066406
2017-10-18,98.1500015258789,98.5500030517578,97.62999725341795,97.98999786376952,10158600,77.62589263916016
2017-10-19,97.19000244140624,98.1999969482422,97.08999633789062,98.11000061035156,9133900,77.720947265625
2017-10-20,99.27999877929688,99.88999938964844,98.7300033569336,99.51000213623048,15326600,78.83002471923828
2017-10-23,99.51000213623048,99.98999786376952,99.23999786376952,99.33999633789062,9238600,78.69535064697266
2017-10-24,99.87999725341795,101.19000244140624,99.76000213623048,100.91999816894533,13000800,79.94699096679688
2017-10-25,101.25,101.4499969482422,100.19000244140624,101.0199966430664,14632700,80.02620697021484
2017-10-26,101.3499984741211,102.41999816894533,101.31999969482422,101.73999786376952,13054400,80.59656524658203
2017-10-27,101.43000030517578,102.2300033569336,101.0500030517578,101.7699966430664,10400400,80.62033081054688
2017-10-30,101.12999725341795,101.93000030517578,100.87000274658205,101.41000366210938,8839500,80.33516693115234
2017-10-31,101.37000274658205,101.6999969482422,100.56999969482422,100.61000061035156,8690200,79.70140838623047
2017-11-01,101.0999984741211,101.6999969482422,100.7300033569336,100.91999816894533,8418200,79.94699096679688
2017-11-02,100.87000274658205,101.7699966430664,100.16000366210938,101.58999633789062,8731800,80.47775268554688
2017-11-03,101.0999984741211,101.52999877929688,100.7300033569336,101.41000366210938,7103500,80.33516693115234
2017-11-06,101.33999633789062,101.69000244140624,100.66000366210938,100.77999877929688,8121500,79.83609008789062
2017-11-07,100.55999755859376,100.75,98.25,98.75,18822600,78.22794342041016
2017-11-08,98.2699966430664,98.37000274658205,97.1500015258789,97.63999938964844,18524700,77.34864044189453
2017-11-09,97.12000274658205,98.22000122070312,96.80999755859376,97.62999725341795,13697800,77.34071350097656
2017-11-10,97.80999755859376,98.33999633789062,97.5,97.51000213623048,9314000,77.24565887451172
2017-11-13,96.69000244140624,98.0500030517578,96.62000274658205,97.86000061035156,9303100,77.52291870117188
2017-11-14,97.33999633789062,97.77999877929688,96.8499984741211,97.2699966430664,11043800,77.0555191040039
2017-11-15,96.38999938964844,98.73999786376952,95.9499969482422,98.19000244140624,15384100,77.78433990478516
2017-11-16,98.52999877929688,99.05999755859376,98.30999755859376,98.47000122070312,9808000,78.00617218017578
2017-11-17,97.81999969482422,98.41000366210938,97.56999969482422,98.13999938964844,9017900,77.74473571777344
2017-11-20,98.4499969482422,99.1500015258789,97.76000213623048,99.01000213623048,9483200,78.43392181396484
2017-11-21,99.5,99.5500030517578,98.91000366210938,98.93000030517578,13389400,78.37055206298828
2017-11-22,99.02999877929688,99.5199966430664,98.58999633789062,98.63999938964844,7342200,78.14083099365234
2017-11-24,98.83000183105467,98.9000015258789,98.26000213623048,98.31999969482422,3680000,77.8873062133789
2017-11-27,98.30999755859376,99.12999725341795,97.93000030517578,97.93000030517578,13076200,77.57837677001953
2017-11-28,98.20999908447266,101.6999969482422,97.97000122070312,101.36000061035156,16773000,80.29554748535156
2017-11-29,102.41000366210938,104.22000122070312,101.95999908447266,103.7300033569336,21105500,82.17304229736328
2017-11-30,104.73999786376952,106.66000366210938,104.04000091552734,104.5199966430664,23945900,82.79886627197266
2017-12-01,104.9000015258789,105.31999969482422,102.1999969482422,104.79000091552734,19683500,83.01272583007812
2017-12-04,107.7300033569336,108.4000015258789,106.7699966430664,106.9499969482422,23576600,84.7238540649414
2017-12-05,105.58000183105467,107.41000366210938,104.12000274658205,105.72000122070312,17193900,83.74946594238281
2017-12-06,105.5500030517578,105.76000213623048,104.52999877929688,104.93000030517578,15476200,83.12364959716797
2017-12-07,103.9499969482422,105.19000244140624,103.7300033569336,104.62000274658205,13371800,82.87806701660156
2017-12-08,104.75,105.94000244140624,104.33999633789062,105.93000030517578,13506900,83.91583251953125
2017-12-11,105.72000122070312,106.05999755859376,105.30999755859376,105.62000274658205,10591200,83.67025756835938
2017-12-12,106.91000366210938,107.37000274658205,105.54000091552734,106.8499984741211,15508800,84.64462280273438
2017-12-13,106.6999969482422,107.11000061035156,105.4800033569336,105.51000213623048,15020300,83.58311462402344
2017-12-14,106.12000274658205,106.4499969482422,104.63999938964844,104.66000366210938,13034200,82.90975952148438
2017-12-15,105.79000091552734,106.5199966430664,105.1999969482422,106.13999938964844,29350600,84.08219146728516
2017-12-18,107.19000244140624,107.62999725341795,106.4800033569336,106.95999908447266,12713100,84.73176574707031
2017-12-19,107.3499984741211,107.48999786376952,106.44000244140624,106.51000213623048,12149900,84.37527465820312
2017-12-20,107.5999984741211,107.7300033569336,106.08999633789062,106.13999938964844,13091500,84.08219146728516
2017-12-21,106.58999633789062,108.06999969482422,106.55999755859376,107.83000183105467,12323700,85.42097473144531
2017-12-22,108.1999969482422,108.45999908447266,106.80999755859376,107.4499969482422,14573400,85.11994171142578
2017-12-26,107.1999969482422,107.98999786376952,106.4000015258789,107.0199966430664,7403700,84.77930450439453
2017-12-27,106.66999816894533,107.29000091552734,106.66999816894533,107.22000122070312,9496500,84.93773651123047
2017-12-28,107.4000015258789,107.83999633789062,107.16000366210938,107.79000091552734,7440600,85.38928985595703
2017-12-29,108.08999633789062,108.27999877929688,106.94000244140624,106.94000244140624,8925700,84.7159423828125
2018-01-02,107.62999725341795,108.0199966430664,106.80999755859376,107.9499969482422,13578800,85.51602935791016
2018-01-03,107.86000061035156,108.48999786376952,107.4800033569336,108.05999755859376,11901000,85.60314178466797
2018-01-04,108.36000061035156,110.02999877929688,108.1999969482422,109.04000091552734,12953700,86.82947540283203
2018-01-05,109.26000213623048,109.5500030517578,107.77999877929688,108.33999633789062,14155000,86.27207946777344
2018-01-08,108.1500015258789,108.68000030517578,107.6999969482422,108.5,12466500,86.39947509765625
2018-01-09,108.72000122070312,109.62999725341795,108.48999786376952,109.0500030517578,13292300,86.83745574951172
2018-01-10,109.47000122070312,110.6999969482422,109.38999938964844,110.25,15834500,87.79304504394531
2018-01-11,110.66999816894533,110.93000030517578,110.0500030517578,110.83999633789062,13676800,88.26283264160156
2018-01-12,111.6500015258789,112.8499984741211,110.83999633789062,112.66999816894533,18884200,89.7200698852539
2018-01-16,111.51000213623048,113.43000030517578,111.06999969482422,112.2699966430664,22703300,89.40155792236328
2018-01-17,111.88999938964844,113.3000030517578,111.30999755859376,112.98999786376952,14940300,89.97489929199219
2018-01-18,112.76000213623048,113.72000122070312,112.2699966430664,113.26000213623048,14572900,90.18992614746094
2018-01-19,113.94000244140624,114.33999633789062,112.8000030517578,113.01000213623048,18785500,89.99082946777344
2018-01-22,112.66000366210938,114.38999938964844,112.5,114.33000183105467,12475700,91.04198455810548
2018-01-23,113.66999816894533,114.63999938964844,113.3499984741211,114.20999908447266,12320800,90.94639587402344
2018-01-24,114.86000061035156,116.0,114.66000366210938,115.66999816894533,15904500,92.10901641845705
2018-01-25,116.04000091552734,116.16999816894533,115.08000183105467,115.6999969482422,13510000,92.13289642333984
2018-01-26,115.6999969482422,116.31999969482422,114.95999908447266,116.31999969482422,13883900,92.62662506103516
2018-01-29,116.0199966430664,117.3499984741211,116.0199966430664,116.1999969482422,11679900,92.53106689453124
2018-01-30,115.52999877929688,116.5999984741211,114.9800033569336,115.11000061035156,14279100,91.66309356689452
2018-01-31,115.6500015258789,116.66000366210938,115.16000366210938,115.66999816894533,13141400,92.10901641845705
2018-02-01,115.7699966430664,116.98999786376952,115.4800033569336,116.87000274658205,13800600,93.06459045410156
2018-02-02,116.48999786376952,116.91999816894533,114.08999633789062,114.27999877929688,16477300,91.00212860107422
2018-02-05,113.0,114.58999633789062,103.9800033569336,108.8000030517578,30097600,86.63836669921875
2018-02-06,106.8499984741211,112.4800033569336,106.61000061035156,112.11000061035156,33114800,89.27413177490234
2018-02-07,111.5500030517578,114.4499969482422,111.1500015258789,112.87000274658205,21878300,89.87935638427734
2018-02-08,113.11000061035156,113.11000061035156,107.83999633789062,107.87999725341795,27425800,85.9057846069336
2018-02-09,109.0999984741211,111.0500030517578,106.2300033569336,110.04000091552734,28188000,87.62580108642578
2018-02-12,111.16999816894533,112.7300033569336,110.06999969482422,111.73999786376952,18043300,88.97952270507812
2018-02-13,111.31999969482422,113.0500030517578,110.8000030517578,112.43000030517578,16358200,89.52896118164062
2018-02-14,112.62999725341795,115.2699966430664,112.52999877929688,115.02999877929688,15186900,91.59938049316406
2018-02-15,115.73999786376952,115.98999786376952,114.22000122070312,115.51000213623048,12130200,91.98162841796876
2018-02-16,114.5500030517578,116.06999969482422,114.5,114.68000030517578,13214300,91.3206787109375
2018-02-20,114.6500015258789,115.38999938964844,113.97000122070312,114.70999908447266,13461500,91.34457397460938
2018-02-21,115.0,117.4499969482422,114.66999816894533,115.19000244140624,14212500,91.72679138183594
2018-02-22,115.5,116.43000030517578,114.76000213623048,114.9800033569336,17070400,91.55955505371094
2018-02-23,115.30999755859376,117.38999938964844,115.30999755859376,117.30999755859376,12162500,93.41496276855467
2018-02-26,118.13999938964844,118.9000015258789,117.31999969482422,118.7699966430664,16511200,94.57758331298828
2018-02-27,118.91000366210938,119.33000183105467,117.3499984741211,117.36000061035156,17563300,93.45476531982422
2018-02-28,117.81999969482422,118.48999786376952,115.33999633789062,115.5,17735600,91.97364807128906
2018-03-01,115.4800033569336,116.63999938964844,112.6500015258789,113.43000030517578,18690000,90.3252944946289
2018-03-02,112.38999938964844,113.55999755859376,111.12000274658205,113.31999969482422,18353700,90.23768615722656
2018-03-05,112.0500030517578,115.93000030517578,111.88999938964844,115.05999755859376,13933000,91.62326049804688
2018-03-06,115.63999938964844,115.81999969482422,114.31999969482422,115.16000366210938,10674400,91.7029037475586
2018-03-07,113.75,115.0999984741211,113.11000061035156,114.7300033569336,13006500,91.36048889160156
2018-03-08,115.11000061035156,115.2300033569336,113.20999908447266,114.73999786376952,11173700,91.3684539794922
2018-03-09,116.5500030517578,118.08000183105467,115.66999816894533,118.04000091552734,15366600,93.99626922607422
2018-03-12,118.0,118.75,117.25,117.66000366210938,12339300,93.69367218017578
2018-03-13,118.1999969482422,118.47000122070312,115.83000183105467,116.25,13312300,92.57086181640624
2018-03-14,116.55999755859376,116.58999633789062,114.5999984741211,114.9499969482422,12905100,91.53565216064452
2018-03-15,115.87000274658205,116.0,114.83000183105467,115.23999786376952,8748000,91.76658630371094
2018-03-16,115.33999633789062,116.5999984741211,115.33999633789062,115.44000244140624,19888900,91.92586517333984
2018-03-19,115.0999984741211,115.4499969482422,113.3000030517578,114.52999877929688,13214900,91.2012176513672
2018-03-20,114.87000274658205,115.4499969482422,114.4499969482422,114.63999938964844,9921200,91.288818359375
2018-03-21,114.80999755859376,116.62999725341795,114.20999908447266,114.73999786376952,13633000,91.3684539794922
2018-03-22,113.1999969482422,113.5999984741211,109.54000091552734,109.9499969482422,22550400,87.55413818359375
2018-03-23,110.2699966430664,110.91999816894533,106.76000213623048,107.01000213623048,23081500,85.21298217773438
2018-03-26,109.19000244140624,111.16000366210938,108.6500015258789,110.30999755859376,20217500,87.8407974243164
2018-03-27,111.06999969482422,111.69000244140624,107.3000030517578,108.16999816894533,18039900,86.13670349121094
2018-03-28,108.27999877929688,109.16999816894533,106.6500015258789,108.0,19189300,86.0013198852539
2018-03-29,108.5,110.77999877929688,107.77999877929688,109.97000122070312,13274600,87.57005310058594
2018-04-02,109.95999908447266,110.7300033569336,106.08000183105467,107.8499984741211,18822500,85.88188934326172
2018-04-03,108.36000061035156,109.5,107.26000213623048,109.33000183105467,14050700,87.0604248046875
2018-04-04,107.0999984741211,111.20999908447266,107.0199966430664,110.98999786376952,15302600,88.38228607177734
2018-04-05,111.62999725341795,112.83000183105467,111.38999938964844,111.87999725341795,16627000,89.54277038574219
2018-04-06,110.5500030517578,111.5500030517578,107.81999969482422,109.08999633789062,18906000,87.30982208251953
2018-04-09,110.01000213623048,112.9800033569336,109.88999938964844,110.4000015258789,15974300,88.3582992553711
2018-04-10,112.12999725341795,112.87000274658205,111.41999816894533,112.51000213623048,13951400,90.04698181152344
2018-04-11,111.66000366210938,111.80999755859376,110.5199966430664,110.62000274658205,14503300,88.53435516357422
2018-04-12,111.55999755859376,114.38999938964844,111.5,113.37000274658205,16435500,90.7353286743164
2018-04-13,115.0199966430664,115.1500015258789,109.0500030517578,110.3000030517578,39152800,88.27825164794922
2018-04-16,110.94000244140624,111.47000122070312,109.79000091552734,110.20999908447266,16580500,88.20620727539062
2018-04-17,111.37000274658205,111.91999816894533,109.98999786376952,110.20999908447266,15501400,88.20620727539062
2018-04-18,110.52999877929688,111.06999969482422,108.88999938964844,109.31999969482422,16081400,87.49391174316406
2018-04-19,109.52999877929688,111.87000274658205,109.5,111.72000122070312,17911000,89.41474914550781
2018-04-20,112.3000030517578,112.73999786376952,110.87999725341795,111.47000122070312,15584400,89.21464538574219
2018-04-23,111.56999969482422,111.9499969482422,110.62999725341795,110.93000030517578,11285800,88.78245544433594
2018-04-24,111.75,112.9000015258789,109.58999633789062,110.41000366210938,16453100,88.36627197265625
2018-04-25,110.2699966430664,110.52999877929688,108.5999984741211,109.98999786376952,13548200,88.03012084960938
2018-04-26,109.97000122070312,110.81999969482422,109.33999633789062,110.0999984741211,10299500,88.11817169189453
2018-04-27,109.5500030517578,110.16000366210938,109.12999725341795,109.4000015258789,9384000,87.55792999267578
2018-04-30,109.75,110.3000030517578,108.75,108.77999877929688,13744900,87.06171417236328
2018-05-01,108.4499969482422,108.97000122070312,107.54000091552734,108.77999877929688,10503400,87.06171417236328
2018-05-02,108.11000061035156,109.48999786376952,107.7300033569336,107.91999816894533,12162100,86.37342834472656
2018-05-03,107.58999633789062,107.7699966430664,105.18000030517578,107.23999786376952,15379100,85.82917022705078
2018-05-04,106.43000030517578,108.73999786376952,105.9800033569336,108.43000030517578,11967900,86.7815933227539
2018-05-07,108.76000213623048,109.68000030517578,108.36000061035156,109.37000274658205,9356700,87.53392791748047
2018-05-08,109.52999877929688,111.33999633789062,109.27999877929688,110.98999786376952,12543200,88.83049011230469
2018-05-09,111.44000244140624,113.63999938964844,111.02999877929688,113.41000366210938,11368100,90.76730346679688
2018-05-10,113.19000244140624,114.44000244140624,112.75,114.29000091552734,9159700,91.47161102294922
2018-05-11,114.48999786376952,114.7300033569336,113.66999816894533,113.86000061035156,10253000,91.12749481201172
2018-05-14,114.11000061035156,114.6999969482422,113.73999786376952,113.9000015258789,8710700,91.1595230102539
2018-05-15,113.91000366210938,113.91000366210938,112.56999969482422,113.02999877929688,11536200,90.46319580078124
2018-05-16,112.88999938964844,113.69000244140624,112.62999725341795,113.33999633789062,7571100,90.7112808227539
2018-05-17,113.1999969482422,113.41000366210938,112.1999969482422,112.95999908447266,8617200,90.40714263916016
2018-05-18,112.75,112.8000030517578,110.83999633789062,111.12999725341795,11806300,88.94253540039062
2018-05-21,112.0500030517578,112.54000091552734,111.91999816894533,112.1500015258789,9441900,89.75888061523438
2018-05-22,112.3499984741211,114.29000091552734,112.29000091552734,113.01000213623048,11507600,90.4471664428711
2018-05-23,112.51000213623048,112.7699966430664,111.12000274658205,112.48999786376952,11453900,90.03099822998047
2018-05-24,112.13999938964844,112.1500015258789,110.12000274658205,111.2300033569336,14084800,89.02257537841797
2018-05-25,110.45999908447266,111.08000183105467,110.1999969482422,110.66000366210938,8283500,88.56636810302734
2018-05-29,109.18000030517578,109.1999969482422,104.95999908447266,105.93000030517578,30643800,84.78072357177734
2018-05-30,107.63999938964844,108.5999984741211,106.6500015258789,108.3499984741211,17490800,86.71757507324219
2018-05-31,107.9499969482422,108.19000244140624,106.41999816894533,107.01000213623048,19808200,85.64511108398438
2018-06-01,108.33999633789062,108.94000244140624,107.8000030517578,108.4000015258789,13594200,86.7575912475586
2018-06-04,108.98999786376952,109.26000213623048,108.2699966430664,108.4499969482422,9415400,86.797607421875
2018-06-05,108.23999786376952,108.30999755859376,107.06999969482422,107.83999633789062,10415200,86.30937194824219
2018-06-06,108.66000366210938,110.73999786376952,108.4800033569336,110.36000061035156,15453600,88.32626342773438
2018-06-07,111.18000030517578,111.5,110.02999877929688,110.8000030517578,13444400,88.67843627929688
2018-06-08,110.62000274658205,111.13999938964844,110.05999755859376,111.11000061035156,10383200,88.9265365600586
2018-06-11,111.12000274658205,111.91000366210938,110.7699966430664,110.83000183105467,12642900,88.70243835449219
2018-06-12,111.13999938964844,111.52999877929688,109.5199966430664,110.19000244140624,15294100,88.19020080566406
2018-06-13,110.45999908447266,111.4499969482422,109.58000183105467,109.97000122070312,14979700,88.01414489746094
2018-06-14,110.27999877929688,110.36000061035156,107.77999877929688,108.02999877929688,20487300,86.46146392822266
2018-06-15,107.8000030517578,108.37999725341795,106.2699966430664,107.9000015258789,26028600,86.35742950439453
2018-06-18,107.26000213623048,108.4000015258789,106.69000244140624,108.18000030517578,9786800,86.58149719238281
2018-06-19,106.9000015258789,107.87999725341795,106.5999984741211,107.5500030517578,12707200,86.07728576660156
2018-06-20,108.18000030517578,108.63999938964844,107.44000244140624,107.54000091552734,8876900,86.06927490234375
2018-06-21,107.0999984741211,108.20999908447266,106.52999877929688,107.51000213623048,11048700,86.0452651977539
2018-06-22,108.16000366210938,108.37000274658205,105.51000213623048,105.75,19478900,84.63665771484375
2018-06-25,105.66000366210938,105.6999969482422,103.95999908447266,104.79000091552734,16907600,83.86832427978516
2018-06-26,104.70999908447266,105.20999908447266,103.11000061035156,104.86000061035156,17086800,83.92436218261719
2018-06-27,104.68000030517578,105.91999816894533,103.2300033569336,103.23999786376952,16276800,82.62776947021484
2018-06-28,103.68000030517578,105.45999908447266,103.51000213623048,104.93000030517578,14491300,83.98039245605469
2018-06-29,106.68000030517578,106.9000015258789,104.1500015258789,104.1999969482422,18972400,83.39612579345703
2018-07-02,103.72000122070312,105.08999633789062,103.37999725341795,105.08000183105467,11130000,84.10044860839844
2018-07-03,105.41000366210938,105.77999877929688,103.5199966430664,103.61000061035156,8311700,82.92391967773438
2018-07-05,104.12999725341795,104.37999725341795,103.52999877929688,103.72000122070312,10723400,83.46308898925781
2018-07-06,103.12000274658205,104.5,102.1999969482422,104.05999755859376,12173700,83.73665618896484
2018-07-09,104.70999908447266,107.45999908447266,104.70999908447266,107.27999877929688,13900800,86.32780456542969
2018-07-10,108.0199966430664,108.4000015258789,106.52999877929688,106.62000274658205,14575900,85.79669189453125
2018-07-11,106.30999755859376,107.05999755859376,106.20999908447266,106.38999938964844,10186500,85.61161804199219
2018-07-12,107.41999816894533,107.55999755859376,105.97000122070312,106.8499984741211,12456800,85.98175048828125
2018-07-13,107.3000030517578,107.8000030517578,105.13999938964844,106.36000061035156,21289100,85.58747100830078
2018-07-16,107.0500030517578,110.7699966430664,106.9800033569336,110.58000183105467,24662600,88.98328399658203
2018-07-17,110.69000244140624,110.93000030517578,109.75,110.5,14821900,88.91890716552734
2018-07-18,110.41999816894533,112.12000274658205,110.1999969482422,111.52999877929688,14244900,89.74775695800781
2018-07-19,111.05999755859376,111.08999633789062,109.7300033569336,109.88999938964844,16775300,88.42804718017578
2018-07-20,110.0,111.73999786376952,109.77999877929688,111.27999877929688,13578100,89.54656982421875
2018-07-23,111.05999755859376,114.23999786376952,110.93000030517578,113.3499984741211,18140000,91.21231079101562
2018-07-24,113.5500030517578,114.77999877929688,113.41999816894533,114.1500015258789,14000400,91.85604858398438
2018-07-25,113.87999725341795,115.5199966430664,113.37999725341795,115.18000030517578,13329100,92.68488311767578
2018-07-26,115.41999816894533,115.58999633789062,114.58000183105467,114.8499984741211,11897800,92.4193344116211
2018-07-27,115.18000030517578,116.3000030517578,114.80999755859376,116.02999877929688,12802700,93.3688735961914
2018-07-30,116.27999877929688,117.61000061035156,116.05999755859376,116.7300033569336,13411600,93.93218231201172
2018-07-31,117.08000183105467,117.08000183105467,114.81999969482422,114.9499969482422,15843800,92.49978637695312
2018-08-01,115.75,116.69000244140624,115.27999877929688,115.66000366210938,13531600,93.07113647460938
2018-08-02,114.56999969482422,116.25,114.33000183105467,116.1500015258789,11058100,93.46543884277344
2018-08-03,116.0,117.12999725341795,115.94000244140624,117.08999633789062,11016100,94.22185516357422
2018-08-06,116.79000091552734,117.52999877929688,116.18000030517578,117.12000274658205,9857400,94.24597930908205
2018-08-07,117.73999786376952,118.29000091552734,117.33000183105467,117.5500030517578,10562100,94.5920181274414
2018-08-08,117.33000183105467,118.2699966430664,117.27999877929688,117.79000091552734,8997100,94.78514862060548
2018-08-09,117.51000213623048,117.72000122070312,116.6999969482422,116.87999725341795,9694200,94.05286407470705
2018-08-10,115.5,115.9499969482422,114.68000030517578,115.7300033569336,12630600,93.12750244140624
2018-08-13,115.55999755859376,115.87999725341795,113.81999969482422,113.88999938964844,10336300,91.64682006835938
2018-08-14,114.2699966430664,115.04000091552734,113.6500015258789,114.6500015258789,10597600,92.2584228515625
2018-08-15,113.81999969482422,114.33000183105467,112.97000122070312,113.6999969482422,10152100,91.49394989013672
2018-08-16,114.3499984741211,115.30999755859376,114.3000030517578,114.7699966430664,10118600,92.3549575805664
2018-08-17,114.63999938964844,115.06999969482422,114.3000030517578,114.7699966430664,8505100,92.3549575805664
2018-08-20,114.58999633789062,115.0500030517578,114.11000061035156,114.62000274658205,8618700,92.2342529296875
2018-08-21,115.37000274658205,116.38999938964844,114.87999725341795,115.31999969482422,10976700,92.79753112792967
2018-08-22,115.30999755859376,115.41000366210938,114.77999877929688,114.97000122070312,8314700,92.5158920288086
2018-08-23,114.95999908447266,115.1500015258789,114.43000030517578,114.7300033569336,9265400,92.32276153564452
2018-08-24,114.9800033569336,115.22000122070312,114.4499969482422,114.68000030517578,8845700,92.28256225585938
2018-08-27,115.22000122070312,117.27999877929688,115.16999816894533,116.70999908447266,13768000,93.9160614013672
2018-08-28,117.0,117.02999877929688,115.97000122070312,116.13999938964844,8302600,93.45738983154295
2018-08-29,116.3499984741211,116.37000274658205,115.36000061035156,115.76000213623048,7221700,93.15162658691406
2018-08-30,115.58999633789062,116.04000091552734,114.9800033569336,115.19000244140624,8991800,92.6929168701172
2018-08-31,114.83000183105467,114.83999633789062,113.81999969482422,114.58000183105467,13065700,92.20207214355467
2018-09-04,114.33999633789062,115.23999786376952,113.62999725341795,115.1500015258789,10174200,92.66073608398438
2018-09-05,115.0,115.6999969482422,114.25,114.58999633789062,11462400,92.21011352539062
2018-09-06,114.5,114.6999969482422,113.5,114.0999984741211,9877600,91.81582641601562
2018-09-07,114.5,114.7699966430664,113.62999725341795,114.31999969482422,10955600,91.99285888671876
2018-09-10,114.8499984741211,114.97000122070312,113.66000366210938,113.70999908447266,8276900,91.50196838378906
2018-09-11,113.54000091552734,114.58000183105467,113.18000030517578,114.43000030517578,9333800,92.08137512207033
2018-09-12,114.25,114.87999725341795,112.8499984741211,113.08000183105467,10800800,90.99502563476562
2018-09-13,113.37000274658205,114.12999725341795,112.66999816894533,113.5199966430664,12470800,91.3490753173828
2018-09-14,113.80999755859376,114.48999786376952,113.2300033569336,113.5,10337900,91.3329849243164
2018-09-17,113.79000091552734,114.43000030517578,113.3000030517578,113.83999633789062,9561300,91.60657501220705
2018-09-18,114.33000183105467,114.66000366210938,113.55999755859376,114.3000030517578,7944200,91.97675323486328
2018-09-19,114.44000244140624,118.05999755859376,114.44000244140624,117.62000274658205,16052800,94.64835357666016
2018-09-20,118.5,119.23999786376952,118.08000183105467,118.62999725341795,15590000,95.46109771728516
2018-09-21,119.12999725341795,119.2300033569336,117.73999786376952,117.8499984741211,24788200,94.83341979980467
2018-09-24,117.76000213623048,118.45999908447266,116.43000030517578,116.72000122070312,12492500,93.9241180419922
2018-09-25,117.04000091552734,117.97000122070312,116.31999969482422,116.38999938964844,9308300,93.6585693359375
2018-09-26,116.75,116.87000274658205,114.66000366210938,115.0199966430664,14023600,92.55615234375
2018-09-27,115.41999816894533,115.76000213623048,114.16000366210938,114.5199966430664,13283000,92.1537857055664
2018-09-28,113.6500015258789,114.23999786376952,112.5199966430664,112.83999633789062,15815100,90.8019027709961
2018-10-01,113.37000274658205,114.61000061035156,113.04000091552734,113.5,10146300,91.3329849243164
2018-10-02,113.36000061035156,114.12000274658205,112.80999755859376,113.97000122070312,13753100,91.71121215820312
2018-10-03,114.94000244140624,115.66000366210938,114.4800033569336,115.04000091552734,17142000,92.57221221923828
2018-10-04,114.5500030517578,116.80999755859376,114.20999908447266,115.2699966430664,16357400,93.40684509277344
2018-10-05,115.83000183105467,116.0999984741211,114.0199966430664,114.62000274658205,13777600,92.88014221191406
2018-10-08,114.25,115.77999877929688,113.3499984741211,115.31999969482422,14370900,93.4473876953125
2018-10-09,114.66999816894533,115.02999877929688,113.66999816894533,114.5199966430664,14069500,92.79912567138672
2018-10-10,114.6999969482422,114.9499969482422,111.47000122070312,111.47000122070312,23086400,90.32759857177734
2018-10-11,110.97000122070312,111.47000122070312,107.37999725341795,108.12999725341795,33705600,87.62109375
2018-10-12,110.37000274658205,110.83000183105467,105.5999984741211,106.9499969482422,32075700,86.66490173339844
2018-10-15,107.1999969482422,108.8499984741211,106.31999969482422,106.33999633789062,18903200,86.17060852050781
2018-10-16,107.16000366210938,108.77999877929688,106.7300033569336,108.62000274658205,19302800,88.01815795898438
2018-10-17,108.37999725341795,110.8000030517578,108.2300033569336,109.83000183105467,18794500,88.9986801147461
2018-10-18,109.0199966430664,109.83999633789062,107.80999755859376,108.08999633789062,17582500,87.58867645263672
2018-10-19,107.6500015258789,109.22000122070312,107.2699966430664,107.91000366210938,15234500,87.44281005859375
2018-10-22,108.1500015258789,108.33999633789062,106.11000061035156,106.36000061035156,16199100,86.18682861328125
2018-10-23,104.1999969482422,106.16000366210938,103.6999969482422,105.25,21407500,85.287353515625
2018-10-24,104.76000213623048,105.02999877929688,102.91000366210938,103.29000091552734,23168900,83.69910430908203
2018-10-25,104.18000030517578,105.9000015258789,103.72000122070312,104.86000061035156,17464700,84.97132110595703
2018-10-26,104.0,104.55999755859376,102.7300033569336,103.41999816894533,19174900,83.804443359375
2018-10-29,104.45999908447266,106.62999725341795,103.6999969482422,104.8499984741211,18445200,84.96321105957031
2018-10-30,105.70999908447266,106.9800033569336,104.86000061035156,106.6999969482422,18019700,86.46233367919922
2018-10-31,108.08000183105467,110.4800033569336,107.79000091552734,109.0199966430664,20860000,88.34230041503906
2018-11-01,109.62000274658205,110.22000122070312,108.31999969482422,108.9800033569336,13065000,88.30987548828125
2018-11-02,109.9000015258789,110.80999755859376,107.48999786376952,108.37999725341795,19009200,87.82367706298828
2018-11-05,108.61000061035156,109.29000091552734,108.41999816894533,109.08999633789062,10276400,88.39900970458984
2018-11-06,108.66999816894533,109.66999816894533,107.76000213623048,109.5999984741211,10825000,88.81230163574219
2018-11-07,110.37000274658205,111.7300033569336,109.3499984741211,111.4800033569336,12679600,90.33570861816406
2018-11-08,111.01000213623048,112.93000030517578,111.0,112.37999725341795,11662500,91.06503295898438
2018-11-09,112.2300033569336,112.36000061035156,110.83000183105467,111.29000091552734,10432200,90.18174743652344
2018-11-12,111.41999816894533,111.94000244140624,108.5999984741211,108.9499969482422,13279700,88.28559112548828
2018-11-13,109.0999984741211,111.12000274658205,109.0999984741211,109.58999633789062,13746100,88.8041763305664
2018-11-14,110.2300033569336,110.70999908447266,105.9800033569336,107.33000183105467,18361400,86.97282409667969
2018-11-15,108.23999786376952,110.08000183105467,106.80999755859376,110.06999969482422,19100000,89.19315338134766
2018-11-16,109.4499969482422,110.76000213623048,108.5500030517578,109.98999786376952,13798600,89.12831115722656
2018-11-19,109.95999908447266,111.1999969482422,109.52999877929688,110.83000183105467,13987000,89.8089828491211
2018-11-20,109.77999877929688,110.48999786376952,107.9800033569336,108.4499969482422,18936200,87.88040924072266
2018-11-21,109.02999877929688,109.61000061035156,107.63999938964844,107.63999938964844,10619600,87.22402954101562
2018-11-23,106.73999786376952,107.38999938964844,106.05999755859376,106.6500015258789,6488400,86.42181396484375
2018-11-26,107.72000122070312,109.9800033569336,107.4499969482422,109.26000213623048,13948300,88.53678131103516
2018-11-27,108.76000213623048,110.02999877929688,108.62999725341795,109.72000122070312,9238200,88.90953826904297
2018-11-28,109.8000030517578,111.4000015258789,108.87000274658205,110.94000244140624,13977300,89.89813232421875
2018-11-29,110.2699966430664,110.8000030517578,109.63999938964844,110.05999755859376,11144300,89.18505096435547
2018-11-30,109.8499984741211,111.31999969482422,109.58000183105467,111.19000244140624,18652700,90.1007308959961
2018-12-03,112.37999725341795,112.88999938964844,111.73999786376952,112.23999786376952,16034500,90.95156860351562
2018-12-04,111.5999984741211,111.5999984741211,106.7300033569336,107.2300033569336,23555900,86.89180755615234
2018-12-06,105.01000213623048,105.36000061035156,102.87999725341795,105.19000244140624,27213900,85.23871612548828
2018-12-07,105.16000366210938,106.9800033569336,102.91000366210938,103.29000091552734,19248600,83.69910430908203
2018-12-10,102.87000274658205,103.48999786376952,99.27999877929688,101.36000061035156,23636400,82.13516235351562
2018-12-11,103.12999725341795,103.66000366210938,100.20999908447266,100.37000274658205,16860700,81.3329086303711
2018-12-12,101.66000366210938,102.9000015258789,100.05999755859376,101.0199966430664,22621500,81.85963439941406
2018-12-13,101.5500030517578,101.97000122070312,100.66999816894533,101.12000274658205,17250900,81.9406967163086
2018-12-14,99.98999786376952,101.94000244140624,99.86000061035156,100.29000091552734,19879500,81.26811218261719
2018-12-17,99.7699966430664,100.55999755859376,98.44000244140624,99.01000213623048,25113500,80.23089599609375
2018-12-18,99.41999816894533,100.88999938964844,98.12000274658205,98.54000091552734,20837200,79.85002899169922
2018-12-19,98.41000366210938,100.58000183105467,96.5999984741211,97.29000091552734,28767900,78.83712005615234
2018-12-20,96.61000061035156,98.27999877929688,95.69000244140624,96.4499969482422,31825200,78.15644073486328
2018-12-21,96.68000030517578,98.43000030517578,93.69000244140624,94.16999816894533,41313900,76.30887603759766
2018-12-24,92.88999938964844,94.22000122070312,92.13999938964844,92.13999938964844,17009300,74.66390991210938
2018-12-26,92.69000244140624,95.95999908447266,91.11000061035156,95.95999908447266,22542900,77.75936889648438
2018-12-27,94.81999969482422,97.1500015258789,93.5500030517578,97.04000091552734,20304700,78.63451385498047
2018-12-28,97.9499969482422,98.31999969482422,96.44000244140624,96.83000183105467,17963300,78.46435546875
2018-12-31,97.58999633789062,98.80999755859376,96.7699966430664,97.62000274658205,13237200,79.10454559326172
2019-01-02,95.9499969482422,99.77999877929688,95.94000244140624,99.30999755859376,15670900,80.47396850585938
2019-01-03,98.63999938964844,98.88999938964844,96.69000244140624,97.11000061035156,16286400,79.330322265625
2019-01-04,99.11000061035156,100.93000030517578,98.27999877929688,100.69000244140624,16935200,82.25484466552734
2019-01-07,100.43000030517578,101.47000122070312,99.70999908447266,100.76000213623048,15430700,82.3120346069336
2019-01-08,101.62999725341795,101.81999969482422,99.5500030517578,100.56999969482422,13578800,82.15681457519531
2019-01-09,100.80999755859376,101.48999786376952,99.93000030517578,100.4000015258789,14230300,82.01793670654297
2019-01-10,100.0199966430664,100.7300033569336,99.2699966430664,100.38999938964844,14376100,82.00977325439453
2019-01-11,99.88999938964844,100.16999816894533,98.9499969482422,99.91000366210938,15439900,81.6176528930664
2019-01-14,98.87000274658205,101.36000061035156,98.66000366210938,100.94000244140624,21258500,82.45906066894531
2019-01-15,98.88999938964844,102.47000122070312,98.5999984741211,101.68000030517578,26504900,83.06356048583984
2019-01-16,102.25,103.4499969482422,101.8000030517578,102.5,18533000,83.73345947265625
2019-01-17,102.11000061035156,103.5,101.91999816894533,102.91999816894533,14247600,84.07657623291016
2019-01-18,103.7699966430664,104.9000015258789,102.83000183105467,104.58999633789062,16428700,85.44080352783203
2019-01-22,103.08000183105467,103.58999633789062,102.12999725341795,102.94000244140624,17083700,84.09290313720703
2019-01-23,103.44000244140624,103.6999969482422,101.97000122070312,102.68000030517578,12146700,83.88050079345703
2019-01-24,102.12999725341795,103.08999633789062,101.94000244140624,102.73999786376952,11296800,83.92952728271484
2019-01-25,103.51000213623048,104.30999755859376,102.73999786376952,103.38999938964844,14369400,84.46051025390625
2019-01-28,102.88999938964844,104.23999786376952,102.58999633789062,103.87999725341795,12283100,84.86080169677734
2019-01-29,103.87999725341795,105.11000061035156,103.7300033569336,104.16999816894533,9743300,85.09770965576172
2019-01-30,104.13999938964844,105.23999786376952,103.77999877929688,104.41000366210938,12526300,85.29377746582031
2019-01-31,103.41000366210938,103.8000030517578,102.7300033569336,103.5,17520600,84.55038452148438
2019-02-01,104.0,104.8499984741211,103.5199966430664,103.87999725341795,13000800,84.86080169677734
2019-02-04,103.79000091552734,104.25,103.01000213623048,104.25,9871500,85.16304016113281
2019-02-05,104.5199966430664,104.5500030517578,103.29000091552734,103.79000091552734,12763000,84.78726959228516
2019-02-06,103.70999908447266,104.62000274658205,103.47000122070312,103.73999786376952,8745000,84.74644470214844
2019-02-07,103.25,103.5,101.44000244140624,102.37999725341795,13177500,83.63542175292969
2019-02-08,102.08000183105467,102.33999633789062,100.05999755859376,101.36000061035156,12892600,82.80218505859375
2019-02-11,101.76000213623048,102.01000213623048,100.7699966430664,100.87999725341795,10978500,82.41006469726562
2019-02-12,101.9499969482422,102.91999816894533,101.88999938964844,102.5999984741211,12852300,83.81513977050781
2019-02-13,102.9000015258789,103.8499984741211,102.9000015258789,103.08999633789062,10754100,84.2154541015625
2019-02-14,102.47000122070312,103.0999984741211,101.3499984741211,102.41999816894533,11518500,83.6681137084961
2019-02-15,103.9000015258789,105.6999969482422,103.66000366210938,105.5500030517578,14716900,86.22505950927734
2019-02-19,104.91000366210938,105.37000274658205,103.80999755859376,105.18000030517578,12764900,85.92278289794922
2019-02-20,105.20999908447266,105.8000030517578,104.87999725341795,105.69000244140624,10030300,86.33943939208984
2019-02-21,105.4499969482422,105.98999786376952,104.95999908447266,105.47000122070312,8400100,86.15969848632812
2019-02-22,105.6999969482422,106.08999633789062,104.77999877929688,105.0,10647300,85.7757339477539
2019-02-25,105.75,107.2699966430664,105.69000244140624,106.0999984741211,11230700,86.6743392944336
2019-02-26,104.5,105.47000122070312,103.94000244140624,105.29000091552734,15465400,86.01265716552734
2019-02-27,105.18000030517578,105.37999725341795,104.51000213623048,105.16000366210938,9968800,85.9064712524414
2019-02-28,105.01000213623048,105.20999908447266,104.18000030517578,104.36000061035156,15156900,85.2529067993164
2019-03-01,105.0999984741211,105.91000366210938,104.1999969482422,104.43000030517578,13813300,85.31009674072266
2019-03-04,104.91999816894533,105.91999816894533,103.2699966430664,104.19000244140624,12466300,85.11404418945312
2019-03-05,104.12999725341795,104.5500030517578,103.26000213623048,104.11000061035156,10856600,85.04866790771484
2019-03-06,103.86000061035156,104.56999969482422,103.5500030517578,103.72000122070312,9070800,84.73011779785156
2019-03-07,103.25,103.47000122070312,102.16000366210938,102.97000122070312,12705700,84.11741638183594
2019-03-08,101.98999786376952,103.2300033569336,101.98999786376952,103.01000213623048,10582400,84.15010833740234
2019-03-11,103.9800033569336,104.5500030517578,103.66000366210938,104.3499984741211,9763200,85.24475860595703
2019-03-12,104.58999633789062,104.79000091552734,103.75,104.04000091552734,10219100,84.99150085449219
2019-03-13,104.19000244140624,104.9800033569336,103.9499969482422,104.38999938964844,13022200,85.27741241455078
2019-03-14,104.5,105.87000274658205,104.45999908447266,105.33999633789062,10926500,86.05347442626953
2019-03-15,105.41000366210938,106.8000030517578,105.2300033569336,106.5500030517578,24811700,87.04195404052734
2019-03-18,106.5500030517578,107.79000091552734,106.5,107.19000244140624,12935500,87.5647964477539
2019-03-19,108.1999969482422,108.4000015258789,106.5500030517578,106.8000030517578,12889300,87.24620056152344
2019-03-20,106.43000030517578,106.6500015258789,104.41000366210938,104.5199966430664,14920700,85.38361358642578
2019-03-21,103.48999786376952,103.48999786376952,102.27999877929688,102.87000274658205,19751000,84.03572845458984
2019-03-22,101.81999969482422,102.31999969482422,99.5199966430664,99.76000213623048,31115200,81.49512481689453
2019-03-25,99.58999633789062,100.56999969482422,98.08999633789062,98.93000030517578,21032300,80.81707763671875
2019-03-26,99.81999969482422,100.4000015258789,98.81999969482422,99.91999816894533,15987100,81.6258316040039
2019-03-27,99.87999725341795,100.4499969482422,99.08000183105467,99.58000183105467,12753200,81.34810638427734
2019-03-28,100.0,100.8000030517578,99.73999786376952,100.70999908447266,12454100,82.27117919921875
2019-03-29,101.54000091552734,101.98999786376952,100.58999633789062,101.2300033569336,14523400,82.69598388671875
2019-04-01,102.1500015258789,104.68000030517578,102.12000274658205,104.63999938964844,17499300,85.48165130615234
2019-04-02,104.5999984741211,105.44000244140624,104.33000183105467,105.13999938964844,10295400,85.89009857177734
2019-04-03,105.80999755859376,106.36000061035156,104.79000091552734,105.3499984741211,11499200,86.0616455078125
2019-04-04,104.5500030517578,105.7300033569336,104.4499969482422,105.55999755859376,11952100,86.89306640625
2019-04-05,105.8000030517578,106.11000061035156,104.98999786376952,105.30999755859376,9933700,86.68724822998047
2019-04-08,105.11000061035156,105.6500015258789,104.91000366210938,105.6500015258789,8056300,86.96713256835938
2019-04-09,105.08000183105467,105.1999969482422,104.25,104.87000274658205,9092200,86.3250732421875
2019-04-10,105.12999725341795,105.72000122070312,104.47000122070312,105.33999633789062,10882300,86.71194458007812
2019-04-11,105.70999908447266,106.7300033569336,105.55999755859376,106.2300033569336,11183800,87.44457244873047
2019-04-12,109.44000244140624,111.8499984741211,108.87999725341795,111.20999908447266,25834100,91.54393768310548
2019-04-15,110.91999816894533,111.0,109.12000274658205,109.94000244140624,15163800,90.49853515625
2019-04-16,109.9000015258789,111.38999938964844,109.86000061035156,111.0999984741211,11583200,91.45335388183594
2019-04-17,111.6999969482422,114.66000366210938,111.01000213623048,114.3000030517578,17791900,94.0875015258789
2019-04-18,114.52999877929688,114.9499969482422,113.33000183105467,113.45999908447266,12501900,93.3960418701172
2019-04-22,112.83000183105467,113.93000030517578,112.66000366210938,113.5999984741211,7975900,93.51128387451172
2019-04-23,113.0,114.37000274658205,112.8499984741211,113.73999786376952,9193100,93.62651824951172
2019-04-24,113.26000213623048,114.1500015258789,112.80999755859376,113.5500030517578,9245700,93.47012329101562
2019-04-25,113.01000213623048,114.1500015258789,112.5,113.61000061035156,9311800,93.51952362060548
2019-04-26,113.9499969482422,114.58000183105467,113.5999984741211,114.47000122070312,7889300,94.22742462158205
2019-04-29,114.5999984741211,117.16000366210938,114.4499969482422,116.12000274658205,14242200,95.58566284179688
2019-04-30,116.43000030517578,116.72000122070312,115.26000213623048,116.0500030517578,11389100,95.5280303955078
2019-05-01,115.72000122070312,117.0,115.11000061035156,115.16000366210938,10412900,94.79540252685548
2019-05-02,115.16999816894533,115.77999877929688,114.58000183105467,115.41000366210938,8613300,95.001220703125
2019-05-03,116.0,116.68000030517578,115.66999816894533,116.12000274658205,8185400,95.58566284179688
2019-05-06,114.18000030517578,115.47000122070312,113.72000122070312,115.08999633789062,9387000,94.73780822753906
2019-05-07,114.02999877929688,114.02999877929688,112.29000091552734,113.20999908447266,15017700,93.19023895263672
2019-05-08,112.66000366210938,113.66999816894533,112.45999908447266,112.61000061035156,9575800,92.69635772705078
2019-05-09,111.13999938964844,112.73999786376952,110.58000183105467,112.5199966430664,12205900,92.62226104736328
2019-05-10,111.75,112.83999633789062,110.54000091552734,112.51000213623048,13189000,92.6140365600586
2019-05-13,110.08000183105467,110.4499969482422,108.9800033569336,109.4499969482422,13783700,90.09514617919922
2019-05-14,109.5500030517578,111.72000122070312,109.5,110.31999969482422,10503600,90.81130981445312
2019-05-15,109.20999908447266,110.9000015258789,108.61000061035156,109.9000015258789,10142000,90.46559143066406
2019-05-16,110.62000274658205,112.16999816894533,110.58999633789062,111.30999755859376,9672700,91.626220703125
2019-05-17,110.0,111.75,109.83000183105467,110.7699966430664,9570100,91.18172454833984
2019-05-20,110.58000183105467,111.80999755859376,110.37000274658205,111.3499984741211,8518200,91.65916442871094
2019-05-21,111.44000244140624,111.91999816894533,111.22000122070312,111.7300033569336,7967900,91.97196197509766
2019-05-22,111.4000015258789,111.79000091552734,110.75,110.81999969482422,7918900,91.22289276123048
2019-05-23,109.63999938964844,109.79000091552734,107.5,108.63999938964844,14558000,89.42838287353516
2019-05-24,109.5199966430664,109.95999908447266,109.19000244140624,109.70999908447266,8537300,90.30916595458984
2019-05-28,109.1999969482422,109.83000183105467,108.44000244140624,108.5199966430664,11665500,89.32962799072266
2019-05-29,107.4499969482422,108.4000015258789,107.05999755859376,108.22000122070312,9966400,89.0826644897461
2019-05-30,108.6500015258789,109.18000030517578,106.54000091552734,107.05999755859376,10367800,88.12779998779297
2019-05-31,105.55999755859376,106.58999633789062,104.83999633789062,105.95999908447266,10952800,87.22232818603516
2019-06-03,105.8000030517578,106.86000061035156,105.3000030517578,106.45999908447266,11680700,87.6338882446289
2019-06-04,107.8499984741211,109.9000015258789,107.12999725341795,109.73999786376952,12858600,90.3338851928711
2019-06-05,109.86000061035156,110.37999725341795,108.63999938964844,110.12999725341795,8340500,90.6549072265625
2019-06-06,110.1500015258789,110.87000274658205,108.93000030517578,110.37000274658205,8726700,90.85246276855467
2019-06-07,109.6999969482422,110.0199966430664,108.95999908447266,109.16000366210938,10618900,89.8564453125
2019-06-10,110.75,111.20999908447266,110.22000122070312,110.33999633789062,11380600,90.8277816772461
2019-06-11,110.81999969482422,111.56999969482422,110.37000274658205,110.68000030517578,9847700,91.1076431274414
2019-06-12,110.6999969482422,110.9000015258789,108.88999938964844,109.2699966430664,9670500,89.94698333740234
2019-06-13,109.45999908447266,110.16000366210938,109.0500030517578,109.54000091552734,8406900,90.16925811767578
2019-06-14,109.56999969482422,110.3000030517578,108.62999725341795,109.81999969482422,9077400,90.39972686767578
2019-06-17,109.6999969482422,110.37000274658205,109.05999755859376,109.22000122070312,8128600,89.90582275390625
2019-06-18,109.01000213623048,111.41000366210938,108.9800033569336,110.70999908447266,11057300,91.13235473632812
2019-06-19,110.81999969482422,111.58999633789062,109.6999969482422,109.91000366210938,13126500,90.47381591796876
2019-06-20,110.87999725341795,111.08999633789062,109.02999877929688,110.19000244140624,13638000,90.7042999267578
2019-06-21,110.19000244140624,111.66999816894533,109.08999633789062,109.44000244140624,27089500,90.08690643310548
2019-06-24,109.27999877929688,109.7699966430664,108.54000091552734,108.66000366210938,13039600,89.44485473632812
2019-06-25,108.68000030517578,108.9800033569336,107.66999816894533,107.76000213623048,18660100,88.70401763916016
2019-06-26,108.3000030517578,109.30999755859376,108.16000366210938,108.4800033569336,10324600,89.29668426513672
2019-06-27,108.83999633789062,109.5500030517578,108.44000244140624,108.83999633789062,10906600,89.593017578125
2019-06-28,111.04000091552734,112.43000030517578,110.9000015258789,111.8000030517578,21634700,92.02957916259766
2019-07-01,113.2300033569336,114.5199966430664,113.08000183105467,113.68000030517578,12724500,93.57711791992188
2019-07-02,113.51000213623048,114.1999969482422,113.22000122070312,113.8000030517578,10174900,93.67591094970705
2019-07-03,113.33999633789062,113.87000274658205,112.26000213623048,112.81999969482422,6849400,93.52669525146484
2019-07-05,113.51000213623048,114.2699966430664,112.91999816894533,113.48999786376952,7929400,94.08211517333984
2019-07-08,112.95999908447266,113.4800033569336,112.5,112.87000274658205,6917200,93.56815338134766
2019-07-09,112.27999877929688,113.48999786376952,112.1500015258789,113.3499984741211,8947300,93.966064453125
2019-07-10,113.37000274658205,113.83000183105467,112.73999786376952,113.0199966430664,9242300,93.69248962402344
2019-07-11,113.37000274658205,114.36000061035156,113.12000274658205,114.0999984741211,11595200,94.58782196044922
2019-07-12,114.12999725341795,115.3499984741211,113.93000030517578,115.3000030517578,10783400,95.58258056640624
2019-07-15,115.54000091552734,115.56999969482422,113.52999877929688,113.9000015258789,12946600,94.42201232910156
2019-07-16,113.4800033569336,115.5,112.91999816894533,115.12000274658205,16945000,95.43338775634766
2019-07-17,114.43000030517578,114.94000244140624,113.7300033569336,113.98999786376952,13120900,94.49661254882812
2019-07-18,113.93000030517578,115.06999969482422,113.5500030517578,114.66999816894533,9397200,95.06034088134766
2019-07-19,114.88999938964844,115.12000274658205,113.4000015258789,113.54000091552734,10402800,94.1235580444336
2019-07-22,112.91000366210938,114.4499969482422,112.7699966430664,114.2699966430664,9061100,94.72872924804688
2019-07-23,114.87999725341795,116.4499969482422,114.81999969482422,116.36000061035156,12752200,96.46131896972656
2019-07-24,115.58000183105467,116.87999725341795,115.5199966430664,116.83000183105467,10011000,96.85093688964844
2019-07-25,116.88999938964844,117.23999786376952,115.31999969482422,115.70999908447266,10138400,95.92247772216795
2019-07-26,115.7699966430664,116.51000213623048,115.52999877929688,116.22000122070312,12800400,96.34524536132812
2019-07-29,116.45999908447266,117.18000030517578,115.79000091552734,115.8499984741211,8500400,96.03852081298828
2019-07-30,115.19000244140624,116.08000183105467,114.76000213623048,115.58999633789062,7121100,95.822998046875
2019-07-31,116.0999984741211,116.18000030517578,114.86000061035156,116.0,13648000,96.1628875732422
2019-08-01,115.33000183105467,116.8000030517578,112.5999984741211,112.94000244140624,15664500,93.62616729736328
2019-08-02,112.4000015258789,113.43000030517578,111.4000015258789,112.93000030517578,11025500,93.61788177490234
2019-08-05,110.79000091552734,110.9800033569336,108.2699966430664,109.56999969482422,15855300,90.83248901367188
2019-08-06,110.0500030517578,110.5,108.33999633789062,110.43000030517578,10203500,91.54541015625
2019-08-07,108.0,108.27999877929688,105.94000244140624,108.02999877929688,17320900,89.55581665039062
2019-08-08,109.0500030517578,110.08000183105467,108.72000122070312,109.86000061035156,10903300,91.07288360595705
2019-08-09,109.3499984741211,110.4499969482422,108.29000091552734,109.73999786376952,9980800,90.9734115600586
2019-08-12,108.44000244140624,108.51000213623048,107.20999908447266,107.68000030517578,9393700,89.26570129394531
2019-08-13,107.9499969482422,110.33000183105467,107.02999877929688,109.33999633789062,12124700,90.64180755615234
2019-08-14,106.3000030517578,106.91000366210938,104.4499969482422,104.8000030517578,19491800,86.87818908691406
2019-08-15,104.81999969482422,106.37999725341795,104.33999633789062,105.1999969482422,13365600,87.20977783203125
2019-08-16,106.37000274658205,107.9800033569336,105.87000274658205,107.72000122070312,11830600,89.2988510131836
2019-08-19,109.62999725341795,109.75,108.41999816894533,108.69000244140624,8265400,90.10295867919922
2019-08-20,107.8499984741211,108.44000244140624,107.23999786376952,107.30999755859376,8374000,88.95893859863281
2019-08-21,108.20999908447266,108.43000030517578,107.4499969482422,107.61000061035156,8189300,89.20765686035156
2019-08-22,108.37000274658205,109.2699966430664,107.93000030517578,108.72000122070312,9343400,90.12782287597656
2019-08-23,108.0,108.77999877929688,105.11000061035156,106.0199966430664,14762300,87.88954162597656
2019-08-26,106.62000274658205,106.98999786376952,106.01000213623048,106.87000274658205,8209500,88.59420013427734
2019-08-27,107.3499984741211,107.55999755859376,104.83999633789062,105.73999786376952,14331800,87.6574478149414
2019-08-28,105.08000183105467,107.20999908447266,105.04000091552734,106.8000030517578,10585500,88.53617858886719
2019-08-29,108.13999938964844,109.88999938964844,108.0199966430664,109.22000122070312,10002200,90.54232788085938
2019-08-30,109.83999633789062,110.55999755859376,109.47000122070312,109.86000061035156,10170300,91.07288360595705
2019-09-03,108.9800033569336,108.98999786376952,107.31999969482422,108.55999755859376,9868800,89.99520874023438
2019-09-04,109.4499969482422,110.22000122070312,108.55999755859376,109.87000274658205,6929200,91.08119201660156
2019-09-05,111.25,113.72000122070312,111.1999969482422,112.37000274658205,13224700,93.15365600585938
2019-09-06,112.66000366210938,112.9800033569336,111.95999908447266,112.61000061035156,7836600,93.35260009765624
2019-09-09,113.70999908447266,116.05999755859376,113.5999984741211,115.4000015258789,13985100,95.66548919677734
2019-09-10,116.3000030517578,117.2699966430664,115.7300033569336,116.87000274658205,14333100,96.88411712646484
2019-09-11,116.88999938964844,117.1999969482422,115.37999725341795,117.19000244140624,9919200,97.1493911743164
2019-09-12,116.5500030517578,118.47000122070312,115.91999816894533,117.91000366210938,12283500,97.74626159667967
2019-09-13,119.0,120.4000015258789,118.75,120.2300033569336,16257200,99.66951751708984
2019-09-16,118.9000015258789,119.87000274658205,118.37999725341795,119.16000366210938,11993900,98.7824935913086
2019-09-17,118.41999816894533,118.61000061035156,117.23999786376952,118.56999969482422,10735400,98.29339599609376
2019-09-18,118.31999969482422,120.08000183105467,117.75,119.76000213623048,10665600,99.27989959716795
2019-09-19,119.6999969482422,120.33999633789062,119.08999633789062,119.37999725341795,9382600,98.96487426757812
2019-09-20,119.73999786376952,120.33999633789062,118.87000274658205,118.9000015258789,21862800,98.5669403076172
2019-09-23,117.77999877929688,119.12000274658205,117.68000030517578,118.87999725341795,9135100,98.5503921508789
2019-09-24,118.75,119.26000213623048,117.04000091552734,117.33000183105467,11696500,97.26544189453124
2019-09-25,117.2699966430664,118.36000061035156,117.12000274658205,118.0,9389400,97.82086944580078
2019-09-26,117.87999725341795,118.0500030517578,116.9499969482422,117.02999877929688,9899200,97.01673889160156
2019-09-27,117.95999908447266,118.63999938964844,117.27999877929688,117.72000122070312,10207800,97.58876037597656
2019-09-30,118.36000061035156,118.7699966430664,117.22000122070312,117.69000244140624,9755000,97.56387329101562
2019-10-01,118.4000015258789,119.0,115.41000366210938,115.5500030517578,11250300,95.78983306884766
2019-10-02,114.80999755859376,114.9000015258789,112.93000030517578,113.25,12548700,93.8831787109375
2019-10-03,112.2699966430664,112.91000366210938,110.5199966430664,112.19000244140624,12735200,93.74944305419922
2019-10-04,112.33999633789062,114.94000244140624,112.2699966430664,114.62000274658205,9453100,95.7800521850586
2019-10-07,114.19000244140624,115.5,114.06999969482422,114.37000274658205,6771600,95.5711441040039
2019-10-08,113.05999755859376,113.05999755859376,111.66000366210938,111.81999969482422,10806300,93.44027709960938
2019-10-09,112.66999816894533,113.16000366210938,112.06999969482422,112.62999725341795,7273700,94.11712646484376
2019-10-10,113.13999938964844,115.4000015258789,113.0,114.20999908447266,10994100,95.43743133544922
2019-10-11,116.02999877929688,117.98999786376952,115.87000274658205,116.13999938964844,15076500,97.05020141601562
2019-10-14,115.8499984741211,116.87000274658205,115.66000366210938,116.4499969482422,8779000,97.30924987792967
2019-10-15,118.8499984741211,121.58999633789062,117.87000274658205,119.95999908447266,23379000,100.24234008789062
2019-10-16,119.95999908447266,120.62000274658205,119.37999725341795,119.68000030517578,11087700,100.00833892822266
2019-10-17,120.75,121.56999969482422,119.87999725341795,120.3499984741211,10818500,100.56820678710938
2019-10-18,120.0,121.0199966430664,119.86000061035156,120.55999755859376,10417400,100.74369049072266
2019-10-21,122.0500030517578,123.7699966430664,121.98999786376952,123.5500030517578,12714600,103.24222564697266
2019-10-22,123.4499969482422,125.0999984741211,123.12000274658205,124.79000091552734,12549100,104.2784194946289
2019-10-23,124.1999969482422,125.1500015258789,124.16999816894533,125.12000274658205,8828300,104.55418395996094
2019-10-24,125.29000091552734,125.66000366210938,124.06999969482422,125.02999877929688,8020500,104.4789810180664
2019-10-25,125.0,126.6500015258789,124.75,126.02999877929688,9055700,105.31460571289062
2019-10-28,126.56999969482422,127.20999908447266,126.4000015258789,126.51000213623048,9522200,105.71570587158205
2019-10-29,126.05999755859376,127.41999816894533,125.94000244140624,126.43000030517578,9797300,105.64886474609376
2019-10-30,126.0500030517578,126.26000213623048,124.91999816894533,125.7300033569336,8513700,105.0639190673828
2019-10-31,125.48999786376952,125.7300033569336,123.86000061035156,124.91999816894533,11589100,104.38702392578124
2019-11-01,126.1999969482422,127.98999786376952,126.0199966430664,127.8000030517578,11682600,106.7936553955078
2019-11-04,129.0800018310547,129.4199981689453,128.55999755859375,128.82000732421875,9159900,107.6460189819336
2019-11-05,129.38999938964844,130.3000030517578,128.83999633789062,129.10000610351562,13747600,107.8799819946289
2019-11-06,128.69000244140625,129.83999633789062,128.5800018310547,129.3000030517578,11231100,108.04713439941406
2019-11-07,130.42999267578125,131.2899932861328,129.9199981689453,130.0,13528900,108.63206481933594
2019-11-08,129.8800048828125,130.39999389648438,129.25,130.3800048828125,9293400,108.94959259033205
2019-11-11,129.60000610351562,130.10000610351562,129.35000610351562,129.9199981689453,8679000,108.565185546875
2019-11-12,129.6300048828125,130.6199951171875,129.00999450683594,129.16000366210938,9099000,107.93013763427734
2019-11-13,128.1300048828125,128.82000732421875,127.41999816894533,128.47999572753906,8023300,107.36186981201172
2019-11-14,127.72000122070312,128.83999633789062,127.58999633789062,128.60000610351562,8483400,107.46218872070312
2019-11-15,129.22999572753906,129.52999877929688,128.39999389648438,129.52999877929688,10163600,108.2393035888672
2019-11-18,129.55999755859375,130.64999389648438,128.99000549316406,130.6199951171875,8749300,109.1501235961914
2019-11-19,130.99000549316406,131.25,130.17999267578125,130.5800018310547,8824500,109.11672973632812
2019-11-20,130.3000030517578,130.6199951171875,128.94000244140625,129.6300048828125,11782800,108.32288360595705
2019-11-21,130.0,130.72000122070312,129.38999938964844,129.92999267578125,7705500,108.57356262207033
2019-11-22,130.14999389648438,131.22000122070312,130.10000610351562,130.7899932861328,8167900,109.29218292236328
2019-11-25,131.25,132.07000732421875,130.8699951171875,131.49000549316406,10068500,109.87713623046876
2019-11-26,131.82000732421875,131.82000732421875,130.36000061035156,131.6699981689453,10490700,110.0275650024414
2019-11-27,132.2899932861328,132.42999267578125,131.64999389648438,132.05999755859375,6607900,110.35344696044922
2019-11-29,131.8699951171875,132.41000366210938,131.4499969482422,131.75999450683594,5712000,110.1027603149414
2019-12-02,132.30999755859375,132.74000549316406,131.35000610351562,131.47000122070312,8615600,109.86042785644533
2019-12-03,129.77000427246094,129.9600067138672,128.58999633789062,129.77999877929688,10361300,108.44820404052734
2019-12-04,130.3800048828125,132.47000122070312,129.99000549316406,132.33999633789062,10318200,110.58740997314452
2019-12-05,132.67999267578125,133.30999755859375,132.17999267578125,133.05999755859375,9587400,111.18907165527344
2019-12-06,134.69000244140625,135.77999877929688,134.64999389648438,135.0399932861328,10170600,112.8436279296875
2019-12-09,134.6300048828125,135.4600067138672,134.41000366210938,134.41000366210938,8498200,112.31721496582033
2019-12-10,133.25,134.77000427246094,132.8800048828125,134.5,7532900,112.39238739013672
2019-12-11,134.2899932861328,135.02000427246094,134.00999450683594,134.17999267578125,9011900,112.12496948242188
2019-12-12,134.49000549316406,138.47000122070312,134.2100067138672,138.02000427246094,13717400,115.33382415771484
2019-12-13,137.9499969482422,138.8300018310547,136.22000122070312,136.80999755859375,10592100,114.32269287109376
2019-12-16,138.3800048828125,138.83999633789062,137.32000732421875,137.33999633789062,11372000,114.76554870605467
2019-12-17,137.72999572753906,138.6699981689453,137.22999572753906,138.17999267578125,11546800,115.467529296875
2019-12-18,138.14999389648438,139.02000427246094,137.72000122070312,138.0399932861328,10381500,115.35052490234376
2019-12-19,137.75999450683594,138.22000122070312,137.10000610351562,137.35000610351562,9350400,114.77394104003906
2019-12-20,138.02000427246094,138.8800048828125,136.89999389648438,137.24000549316406,29992600,114.68203735351562
2019-12-23,137.60000610351562,137.91000366210938,136.8800048828125,137.1999969482422,9738400,114.64859771728516
2019-12-24,137.3300018310547,137.6300048828125,137.05999755859375,137.5800018310547,3324300,114.96612548828124
2019-12-26,137.88999938964844,139.10000610351562,137.77999877929688,139.0399932861328,6770900,116.18617248535156
2019-12-27,139.3000030517578,139.77000427246094,138.6699981689453,139.13999938964844,7868200,116.26972198486328
2019-12-30,139.89999389648438,140.0800018310547,138.47000122070312,138.6300048828125,6963000,115.84357452392578
2019-12-31,138.50999450683594,139.47999572753906,138.2899932861328,139.39999389648438,7201600,116.48697662353516
2020-01-02,139.7899932861328,141.10000610351562,139.25999450683594,141.08999633789062,10803700,117.89917755126952
2020-01-03,137.5,139.22999572753906,137.0800018310547,138.33999633789062,10386800,116.34333038330078
2020-01-06,136.55999755859375,138.27000427246094,136.5,138.22999572753906,10259000,116.2508544921875
2020-01-07,137.27999877929688,137.86000061035156,135.82000732421875,135.8800048828125,10531300,114.27450561523438
2020-01-08,135.6999969482422,137.5800018310547,135.60000610351562,136.94000244140625,9695300,115.16596221923828
2020-01-09,138.0500030517578,138.22999572753906,137.0399932861328,137.44000244140625,9469000,115.5864715576172
2020-01-10,137.2100067138672,137.25,135.80999755859375,136.07000732421875,10190900,114.43429565429688
2020-01-13,136.19000244140625,137.1999969482422,135.75999450683594,137.1999969482422,12355200,115.3846206665039
2020-01-14,137.94000244140625,140.75999450683594,137.69000244140625,138.8000030517578,24906000,116.73019409179688
2020-01-15,137.85000610351562,138.60000610351562,136.14999389648438,136.72000122070312,16293400,114.98092651367188
2020-01-16,137.4499969482422,137.89999389648438,136.83999633789062,137.25,10783800,115.42669677734376
2020-01-17,137.5399932861328,138.2899932861328,137.32000732421875,138.1999969482422,14697700,116.22562408447266
2020-01-21,137.19000244140625,138.07000732421875,136.69000244140625,136.83999633789062,8474200,115.08184814453124
2020-01-22,137.24000549316406,137.39999389648438,136.3800048828125,136.67999267578125,7549100,114.9472885131836
2020-01-23,135.7100067138672,136.74000549316406,134.72000122070312,136.5399932861328,9345700,114.82955169677734
2020-01-24,136.3699951171875,136.42999267578125,132.32000732421875,133.14999389648438,15166400,111.97858428955078
2020-01-27,130.27000427246094,132.94000244140625,129.7100067138672,132.02999877929688,12860500,111.03668212890624
2020-01-28,132.83999633789062,134.97000122070312,132.47999572753906,134.42999267578125,13062800,113.05506896972656
2020-01-29,134.80999755859375,135.5399932861328,133.69000244140625,134.22999572753906,9326000,112.8868637084961
2020-01-30,132.69000244140625,136.1300048828125,132.69000244140625,135.88999938964844,9048900,114.2829132080078
2020-01-31,134.49000549316406,134.8300018310547,131.47000122070312,132.36000061035156,12785200,111.31421661376952
2020-02-03,132.66000366210938,134.24000549316406,132.66000366210938,133.3699951171875,10021100,112.16360473632812
2020-02-04,135.5500030517578,136.60000610351562,135.0800018310547,135.2899932861328,9157100,113.77831268310548
2020-02-05,136.57000732421875,137.72999572753906,136.00999450683594,137.58999633789062,10150700,115.71259307861328
2020-02-06,138.24000549316406,138.2899932861328,137.11000061035156,137.61000061035156,8992300,115.72943878173828
2020-02-07,136.72999572753906,137.6699981689453,136.3000030517578,137.1699981689453,6379800,115.35939025878906
2020-02-10,136.9499969482422,137.85000610351562,136.75,137.74000549316406,5960700,115.83876037597656
2020-02-11,138.25999450683594,138.82000732421875,137.77999877929688,138.0,6578600,116.05741119384766
2020-02-12,138.60000610351562,139.2899932861328,137.8000030517578,138.0,7958000,116.05741119384766
2020-02-13,137.75,138.33999633789062,136.39999389648438,137.8800048828125,7447500,115.95651245117188
2020-02-14,137.83999633789062,138.19000244140625,136.94000244140625,137.4600067138672,6627600,115.60326385498048
2020-02-18,137.33999633789062,137.7100067138672,135.0500030517578,135.63999938964844,8996400,114.0726547241211
2020-02-19,136.91000366210938,138.38999938964844,136.33999633789062,137.49000549316406,7071200,115.6285171508789
2020-02-20,137.1699981689453,138.36000061035156,136.52999877929688,137.49000549316406,7422800,115.6285171508789
2020-02-21,136.5500030517578,136.9199981689453,134.9199981689453,135.80999755859375,9772800,114.21566009521484
2020-02-24,131.44000244140625,133.1999969482422,130.8000030517578,132.16000366210938,13618400,111.14601135253906
2020-02-25,131.0,132.22999572753906,125.58999633789062,126.26000213623048,20797200,106.18412017822266
2020-02-26,126.93000030517578,128.9499969482422,126.33999633789062,126.63999938964844,24825600,106.5037078857422
2020-02-27,122.91000366210938,125.62000274658205,121.3000030517578,121.37000274658205,23005500,102.07166290283205
2020-02-28,117.5199966430664,118.48999786376952,112.66000366210938,116.11000061035156,45931400,97.64801788330078
2020-03-02,116.62999725341795,121.58000183105467,114.45999908447266,121.5199966430664,27355400,102.19783020019533
2020-03-03,120.97000122070312,122.9499969482422,116.23999786376952,116.95999908447266,32547700,98.36285400390624
2020-03-04,118.33000183105467,120.19000244140624,114.6999969482422,119.8499984741211,25795900,100.79336547851562
2020-03-05,115.66999816894533,116.43000030517578,112.58000183105467,113.97000122070312,25025600,95.84830474853516
2020-03-06,106.26000213623048,110.31999969482422,105.0199966430664,108.08000183105467,38159400,90.89481353759766
2020-03-09,96.56999969482422,99.2300033569336,93.0,93.44000244140624,40352000,78.58264923095703
2020-03-10,99.0,101.27999877929688,94.58000183105467,100.6999969482422,31102700,84.68827056884766
2020-03-11,97.6999969482422,100.0500030517578,94.5500030517578,95.95999908447266,38127000,80.70195770263672
2020-03-12,89.58999633789062,96.95999908447266,86.31999969482422,88.05000305175781,49725200,74.04967498779297
2020-03-13,95.98999786376952,103.98999786376952,92.0,103.91000366210938,38543300,87.38788604736328
2020-03-16,85.19999694824219,93.9800033569336,84.55000305175781,88.36000061035156,38589700,74.31039428710938
2020-03-17,90.88999938964844,97.44000244140624,87.5,93.76000213623048,35239800,78.8517837524414
2020-03-18,87.66999816894531,90.79000091552734,80.36000061035156,83.88999938964844,41525600,70.55116271972656
2020-03-19,81.55999755859375,88.11000061035156,76.91000366210938,85.30000305175781,32175100,71.73694610595703
2020-03-20,86.30000305175781,89.45999908447266,82.4800033569336,83.5,30150800,70.22315979003906
2020-03-23,82.68000030517578,83.75,78.08999633789062,79.02999877929688,32536600,66.46389770507812
2020-03-24,84.9000015258789,90.0999984741211,82.9000015258789,88.43000030517578,34363200,74.3692626953125
2020-03-25,89.23999786376953,95.1500015258789,84.54000091552734,91.7300033569336,38111700,77.14453125
2020-03-26,94.08000183105467,98.56999969482422,93.54000091552734,98.12000274658205,29826300,82.51852416992188
2020-03-27,93.19000244140624,94.83999633789062,90.5500030517578,91.12999725341795,30041500,76.63994598388672
2020-03-30,90.6500015258789,94.08999633789062,89.30000305175781,93.5,21656900,78.63311767578125
2020-03-31,92.0500030517578,94.16999816894533,89.33999633789062,90.02999877929688,23379300,75.71485900878906
2020-04-01,85.0999984741211,86.55999755859375,83.25,84.36000061035156,28029600,70.9464111328125
2020-04-02,83.51000213623047,87.91000366210938,82.95999908447266,87.51000213623047,24018000,73.59554290771484
2020-04-03,86.0,87.4800033569336,82.7699966430664,84.05000305175781,21199400,71.42023468017578
2020-04-06,88.98999786376953,90.98999786376952,87.69999694824219,89.45999908447266,26820800,76.01730346679688
2020-04-07,94.4499969482422,94.5,90.37999725341795,90.63999938964844,22563800,77.01998138427734
2020-04-08,92.0999984741211,94.86000061035156,90.5500030517578,94.3000030517578,22903300,80.13001251220703
2020-04-09,96.91999816894533,104.38999938964844,96.88999938964844,102.76000213623048,42055900,87.31877136230469
2020-04-13,103.11000061035156,103.11000061035156,97.3000030517578,98.19000244140624,26911900,83.43547821044922
2020-04-14,101.0199966430664,102.0,93.63999938964844,95.5,46151300,81.14971160888672
2020-04-15,91.1500015258789,92.02999877929688,90.12999725341795,90.79000091552734,30118600,77.14744567871094
2020-04-16,90.2300033569336,90.56999969482422,87.05000305175781,87.33000183105469,32449600,74.20735931396484
2020-04-17,92.0,95.6999969482422,90.95999908447266,95.18000030517578,30191900,80.8777847290039
2020-04-20,92.47000122070312,94.70999908447266,90.45999908447266,91.70999908447266,23679400,77.9291763305664
2020-04-21,88.62000274658203,91.37999725341795,88.33000183105469,89.05000305175781,23035000,75.66889953613281
2020-04-22,90.69000244140624,91.87000274658205,89.18000030517578,89.33999633789062,16662400,75.91532897949219
2020-04-23,89.73999786376953,91.27999877929688,89.26000213623047,89.38999938964844,16638800,75.95781707763672
2020-04-24,90.63999938964844,91.0999984741211,88.48999786376953,90.70999908447266,15809200,77.0794448852539
2020-04-27,91.94000244140624,95.62999725341795,91.54000091552734,94.62000274658205,22870200,80.40193176269531
2020-04-28,97.80999755859376,98.36000061035156,95.02999877929688,95.29000091552734,20238900,80.97126770019531
2020-04-29,99.08000183105467,99.4499969482422,97.2699966430664,97.86000061035156,20462600,83.15508270263672
2020-04-30,95.5999984741211,96.83999633789062,94.5500030517578,95.76000213623048,19127600,81.37061309814453
2020-05-01,93.5,93.73999786376952,91.83999633789062,93.25,18547700,79.23778533935547
2020-05-04,92.0199966430664,92.66999816894533,90.8000030517578,92.13999938964844,15725900,78.2945785522461
2020-05-05,93.6500015258789,94.20999908447266,91.9000015258789,92.0,18064100,78.17562103271484
2020-05-06,92.16000366210938,92.76000213623048,89.93000030517578,90.2699966430664,20978000,76.70555877685547
2020-05-07,91.33999633789062,92.91000366210938,90.58000183105467,91.20999908447266,16771900,77.50432586669922
2020-05-08,92.8000030517578,94.08000183105467,92.11000061035156,92.6999969482422,20487800,78.77043914794922
2020-05-11,91.11000061035156,91.11000061035156,89.33000183105469,89.97000122070312,31907600,76.4506607055664
2020-05-12,90.1500015258789,90.79000091552734,86.9000015258789,87.02999877929688,27962900,73.95244598388672
2020-05-13,86.37999725341797,86.86000061035156,83.4000015258789,84.02999877929688,35451600,71.40322875976562
2020-05-14,82.72000122070312,88.11000061035156,82.4000015258789,87.5199966430664,35152500,74.3687973022461
2020-05-15,86.8499984741211,87.27999877929688,85.30000305175781,85.9000015258789,26099000,72.99224853515625
2020-05-18,88.69000244140625,91.1500015258789,87.87999725341797,90.4499969482422,30504400,76.85851287841797
2020-05-19,90.05000305175781,91.1999969482422,88.58999633789062,88.66999816894531,19597300,75.34600067138672
2020-05-20,90.70999908447266,92.38999938964844,90.37000274658205,91.33000183105467,20552400,77.60627746582031
2020-05-21,90.2699966430664,91.76000213623048,89.66999816894531,90.16999816894533,14621400,76.62059783935547
2020-05-22,90.01000213623047,90.36000061035156,88.72000122070312,89.47000122070312,13557900,76.0257797241211
2020-05-26,92.88999938964844,97.5,92.61000061035156,95.81999969482422,41233900,81.42161560058594
2020-05-27,102.06999969482422,102.58000183105467,98.8000030517578,101.37000274658205,39402000,86.13764190673828
2020-05-28,102.94000244140624,102.9499969482422,99.4000015258789,99.86000061035156,24713900,84.85453033447266
2020-05-29,98.66000366210938,99.18000030517578,96.77999877929688,97.30999755859376,26526400,82.68771362304688
2020-06-01,97.75,99.51000213623048,97.37999725341795,98.5999984741211,15176800,83.78385925292969
2020-06-02,100.27999877929688,100.41999816894533,97.93000030517578,98.93000030517578,21195000,84.06428527832031
2020-06-03,101.58000183105467,104.91999816894533,101.05999755859376,104.2699966430664,25941100,88.60187530517578
2020-06-04,103.81999969482422,106.61000061035156,102.79000091552734,106.44000244140624,26784700,90.4457778930664
2020-06-05,114.93000030517578,115.7699966430664,109.52999877929688,111.2300033569336,42231000,94.51603698730467
2020-06-08,113.41000366210938,114.19000244140624,111.94000244140624,113.4499969482422,24881800,96.4024429321289
2020-06-09,110.6500015258789,111.62999725341795,109.01000213623048,110.54000091552734,17031100,93.92970275878906
2020-06-10,110.45999908447266,110.51000213623048,105.8499984741211,106.05999755859376,24913300,90.12289428710938
2020-06-11,100.02999877929688,101.58000183105467,96.54000091552734,97.20999908447266,36259200,82.60273742675781
2020-06-12,100.70999908447266,101.12999725341795,97.33000183105467,99.87000274658205,24856800,84.86299896240234
2020-06-15,96.41999816894533,101.43000030517578,95.87000274658205,101.25,22153600,86.03565979003906
2020-06-16,105.37000274658205,105.68000030517578,99.30999755859376,102.05999755859376,22193600,86.72394561767578
2020-06-17,102.52999877929688,102.54000091552734,99.20999908447266,99.4800033569336,15639800,84.53164672851562
2020-06-18,98.66999816894533,100.5199966430664,98.12999725341795,98.94000244140624,16591900,84.07276916503906
2020-06-19,100.52999877929688,100.5999984741211,96.7300033569336,97.80999755859376,40371200,83.11256408691406
2020-06-22,97.25,97.9499969482422,96.54000091552734,96.75,16216900,82.21186828613281
2020-06-23,98.97000122070312,99.97000122070312,97.8499984741211,97.93000030517578,15381400,83.21453857421875
2020-06-24,96.75,96.83999633789062,94.30999755859376,94.66000366210938,22919800,80.4359130859375
2020-06-25,94.3499984741211,98.20999908447266,94.26000213623048,97.95999908447266,25743600,83.24004364013672
2020-06-26,95.11000061035156,95.37000274658205,92.0,92.58999633789062,41896300,78.67693328857422
2020-06-29,93.4000015258789,94.48999786376952,92.18000030517578,93.0,18499700,79.02535247802734
2020-06-30,92.83000183105467,94.66000366210938,92.56999969482422,94.05999755859376,19137000,79.92606353759766
2020-07-01,94.88999938964844,95.70999908447266,93.02999877929688,93.26000213623048,18755700,79.24629211425781
2020-07-02,94.73999786376952,94.95999908447266,91.93000030517578,92.66000366210938,27845600,79.5036849975586
2020-07-06,94.43000030517578,95.1999969482422,93.4800033569336,95.0,18625300,81.51144409179688
2020-07-07,93.81999969482422,94.0999984741211,92.0,92.31999969482422,25757200,79.21196746826172
2020-07-08,92.29000091552734,93.33999633789062,91.8000030517578,93.3000030517578,18762200,80.05282592773438
2020-07-09,93.5199966430664,94.12000274658205,90.77999877929688,91.27999877929688,25600800,78.31961822509766
2020-07-10,92.0,96.83999633789062,91.87000274658205,96.2699966430664,28954200,82.60112762451172
2020-07-13,98.7300033569336,99.2699966430664,96.2300033569336,97.6500015258789,32079200,83.7851791381836
2020-07-14,98.37000274658205,99.9499969482422,96.63999938964844,98.20999908447266,42731700,84.26568603515625
2020-07-15,100.88999938964844,101.29000091552734,98.6500015258789,99.7300033569336,22508400,85.56985473632812
2020-07-16,98.77999877929688,101.22000122070312,98.5500030517578,100.01000213623048,16886900,85.81012725830078
2020-07-17,100.0,100.08000183105467,98.13999938964844,98.16000366210938,16137700,84.22276306152344
2020-07-20,97.43000030517578,98.38999938964844,97.26000213623048,97.3000030517578,14458100,83.48487091064453
2020-07-21,97.70999908447266,100.0500030517578,97.63999938964844,99.41000366210938,17798100,85.29528045654297
2020-07-22,99.6500015258789,100.12999725341795,97.52999877929688,98.69000244140624,14271200,84.67753601074219
2020-07-23,98.5,99.3499984741211,97.97000122070312,98.9800033569336,12870200,84.92634582519531
2020-07-24,99.5999984741211,99.8000030517578,97.94000244140624,98.27999877929688,12744200,84.32573699951172
2020-07-27,97.51000213623048,97.62999725341795,96.16999816894533,96.9000015258789,11959100,83.14168548583984
2020-07-28,96.5,97.88999938964844,96.5,97.31999969482422,11754300,83.50203704833984
2020-07-29,97.06999969482422,99.70999908447266,97.0,99.68000030517578,12743500,85.5269546508789
2020-07-30,97.54000091552734,97.73999786376952,96.0500030517578,97.0199966430664,14834800,83.24464416503906
2020-07-31,96.4800033569336,96.93000030517578,95.25,96.63999938964844,14535000,82.91859436035156
2020-08-03,97.0199966430664,97.56999969482422,95.8499984741211,96.0999984741211,12962800,82.45526123046875
2020-08-04,95.91000366210938,95.9499969482422,95.02999877929688,95.5500030517578,13366200,81.98336791992188
2020-08-05,95.87000274658205,98.47000122070312,95.72000122070312,97.20999908447266,15260900,83.40766906738281
2020-08-06,97.58000183105467,98.0999984741211,96.54000091552734,97.23999786376952,10482100,83.43339538574219
2020-08-07,96.93000030517578,99.48999786376952,96.55999755859376,99.37999725341795,14743700,85.26954650878906
2020-08-10,100.11000061035156,102.04000091552734,100.02999877929688,100.63999938964844,14989900,86.35065460205078
2020-08-11,103.86000061035156,106.16000366210938,103.51000213623048,103.81999969482422,31518600,89.0791244506836
2020-08-12,106.16000366210938,106.43000030517578,101.70999908447266,102.94000244140624,19240800,88.32408142089844
2020-08-13,102.0,103.36000061035156,101.63999938964844,102.37000274658205,13598600,87.83501434326172
2020-08-14,101.5,103.30999755859376,101.41999816894533,102.41000366210938,12134400,87.86933135986328
2020-08-17,101.5,102.0,99.52999877929688,99.70999908447266,14988000,85.55271911621094
2020-08-18,99.91000366210938,99.91000366210938,98.12000274658205,98.31999969482422,13246500,84.36007690429688
2020-08-19,98.91999816894533,100.58999633789062,98.33999633789062,98.5500030517578,13533000,84.55740356445312
2020-08-20,97.26000213623048,98.02999877929688,96.8000030517578,97.37000274658205,13672600,83.54493713378906
2020-08-21,97.2699966430664,98.56999969482422,96.94000244140624,97.31999969482422,12228300,83.50203704833984
2020-08-24,98.4499969482422,100.20999908447266,97.41999816894533,100.05999755859376,17898300,85.85298919677734
2020-08-25,101.2699966430664,101.9800033569336,99.8000030517578,100.5,13648900,86.23052978515625
2020-08-26,99.94000244140624,100.2699966430664,99.0500030517578,99.08999633789062,12052400,85.0207290649414
2020-08-27,99.0,102.6500015258789,99.0,102.3499984741211,22163900,87.81786346435547
2020-08-28,103.13999938964844,103.25,101.80999755859376,102.7699966430664,13756700,88.17823028564453
2020-08-31,102.12000274658205,102.18000030517578,100.0199966430664,100.19000244140624,14219400,85.96455383300781
2020-09-01,99.5500030517578,100.87000274658205,99.04000091552734,100.13999938964844,11595600,85.92163848876953
2020-09-02,99.9499969482422,101.94000244140624,99.55999755859376,101.6500015258789,14475700,87.21724700927734
2020-09-03,103.31999969482422,104.98999786376952,100.63999938964844,101.33000183105467,23281200,86.94268035888672
2020-09-04,104.0500030517578,105.20999908447266,101.37000274658205,103.5199966430664,26325500,88.82173156738281
2020-09-08,102.9800033569336,103.56999969482422,99.4800033569336,99.91999816894533,22108600,85.73287200927734
2020-09-09,100.8000030517578,101.69000244140624,99.55999755859376,100.87000274658205,13434000,86.54801177978516
2020-09-10,101.4000015258789,102.41999816894533,99.63999938964844,99.83000183105467,15922800,85.65567016601562
2020-09-11,99.97000122070312,101.36000061035156,99.58999633789062,101.06999969482422,13784300,86.71958923339844
2020-09-14,101.51000213623048,103.45999908447266,101.37000274658205,102.47000122070312,19017400,87.92082214355469
2020-09-15,102.7300033569336,102.8499984741211,99.13999938964844,99.27999877929688,23683000,85.1837387084961
2020-09-16,99.43000030517578,101.12999725341795,98.76000213623048,99.6999969482422,19270600,85.54412078857422
2020-09-17,98.6999969482422,99.33999633789062,97.70999908447266,98.55999755859376,18290100,84.56597137451172
2020-09-18,97.88999938964844,99.48999786376952,97.44000244140624,98.3499984741211,20121600,84.38577270507812
2020-09-21,95.1999969482422,96.0500030517578,93.81999969482422,95.30999755859376,28378800,81.77742004394531
2020-09-22,94.95999908447266,95.66000366210938,93.66999816894533,94.2699966430664,19257000,80.88509368896484
2020-09-23,94.77999877929688,95.3499984741211,92.66000366210938,92.73999786376952,19952700,79.57233428955078
2020-09-24,92.31999969482422,94.3000030517578,91.37999725341795,92.66000366210938,18366500,79.5036849975586
2020-09-25,92.0500030517578,93.72000122070312,91.87000274658205,93.47000122070312,13293100,80.19869232177734
2020-09-28,95.05999755859376,96.93000030517578,94.3499984741211,96.16000366210938,20894100,82.50675201416016
2020-09-29,96.02999877929688,96.02999877929688,94.33000183105467,95.3499984741211,12848200,81.8117446899414
2020-09-30,95.3499984741211,97.1999969482422,95.26000213623048,96.2699966430664,16400600,82.60112762451172
2020-10-01,97.12000274658205,97.7699966430664,96.02999877929688,96.97000122070312,15778700,83.20172882080078
2020-10-02,95.25,98.58999633789062,95.08999633789062,97.88999938964844,15149600,83.99109649658203
2020-10-05,98.31999969482422,99.25,97.52999877929688,99.04000091552734,13871900,85.76634979248047
2020-10-06,100.06999969482422,100.86000061035156,97.51000213623048,98.0199966430664,19220400,84.88307189941406
2020-10-07,98.95999908447266,100.3499984741211,98.66999816894533,99.7300033569336,16358500,86.36388397216797
2020-10-08,100.51000213623048,101.91999816894533,99.9000015258789,101.77999877929688,15659000,88.13912963867188
2020-10-09,102.0,102.11000061035156,100.11000061035156,101.1999969482422,13689100,87.63687133789062
2020-10-12,101.0999984741211,103.0,100.8499984741211,102.44000244140624,16058000,88.71068572998047
2020-10-13,103.0,103.22000122070312,100.26000213623048,100.77999877929688,21697300,87.27318572998047
2020-10-14,101.02999877929688,101.93000030517578,100.0999984741211,100.22000122070312,15204100,86.78821563720703
2020-10-15,99.0999984741211,101.77999877929688,99.04000091552734,101.72000122070312,17171200,88.0871810913086
2020-10-16,101.41000366210938,102.33000183105467,100.72000122070312,101.51000213623048,13275000,87.90532684326172
2020-10-19,101.5999984741211,101.87000274658205,99.55999755859376,99.8000030517578,11725700,86.42451477050781
2020-10-20,100.30999755859376,101.7699966430664,100.12000274658205,100.37000274658205,11257100,86.9181137084961
2020-10-21,100.36000061035156,100.98999786376952,99.33000183105467,99.37000274658205,10730500,86.05213928222656
2020-10-22,99.31999969482422,103.23999786376952,99.30999755859376,102.87999725341795,14837200,89.09170532226562
2020-10-23,103.5,104.4499969482422,102.93000030517578,103.80999755859376,15087600,89.89707946777344
2020-10-26,102.6500015258789,102.6999969482422,100.25,101.23999786376952,12410700,87.6715316772461
2020-10-27,100.51000213623048,100.91999816894533,99.16000366210938,99.33000183105467,10391700,86.01749420166016
2020-10-28,97.5,98.3000030517578,96.06999969482422,96.54000091552734,16389500,83.60142517089844
2020-10-29,96.12000274658205,97.9800033569336,95.23999786376952,97.16999816894533,14208800,84.1469955444336
2020-10-30,97.91000366210938,98.41999816894533,96.2300033569336,98.04000091552734,15194500,84.90039825439453
2020-11-02,99.38999938964844,100.87999725341795,97.86000061035156,100.25,15011600,86.8141860961914
2020-11-03,103.0199966430664,104.73999786376952,102.69000244140624,103.41000366210938,17482600,89.5506820678711
2020-11-04,101.0,102.06999969482422,98.93000030517578,100.25,18886500,86.8141860961914
2020-11-05,101.05999755859376,105.0999984741211,101.0,104.3499984741211,17837400,90.3647003173828
2020-11-06,105.02999877929688,105.0999984741211,102.38999938964844,102.95999908447266,12552800,89.16099548339844
2020-11-09,113.16000366210938,118.9000015258789,110.3499984741211,116.9000015258789,47792400,101.23272705078124
2020-11-10,117.3499984741211,117.4499969482422,114.69000244140624,116.5199966430664,20539300,100.90362548828124
2020-11-11,116.88999938964844,116.95999908447266,113.95999908447266,114.77999877929688,14443400,99.3968505859375
2020-11-12,112.52999877929688,113.95999908447266,112.05999755859376,113.37000274658205,22063000,98.17579650878906
2020-11-13,114.6999969482422,114.86000061035156,113.56999969482422,114.08000183105467,11847900,98.79064178466795
2020-11-16,117.79000091552734,118.61000061035156,115.7300033569336,117.3000030517578,19858600,101.5791015625
2020-11-17,115.38999938964844,116.44000244140624,114.58000183105467,116.11000061035156,14553200,100.54859161376952
2020-11-18,117.33999633789062,118.61000061035156,115.1999969482422,115.25,12571200,99.8038558959961
2020-11-19,114.18000030517578,115.81999969482422,113.55999755859376,115.55999755859376,10202500,100.0723114013672
2020-11-20,114.43000030517578,115.6500015258789,114.08999633789062,114.56999969482422,12718900,99.21498107910156
2020-11-23,116.0500030517578,118.16999816894533,115.56999969482422,117.87000274658205,13209200,102.0727081298828
2020-11-24,120.06999969482422,123.5,119.70999908447266,123.31999969482422,20121600,106.79228973388672
2020-11-25,121.37000274658205,122.37999725341795,120.47000122070312,122.02999877929688,11715600,105.67517852783205
2020-11-27,122.0,122.3499984741211,121.08000183105467,121.22000122070312,5983600,104.97371673583984
2020-11-30,120.0,120.72000122070312,117.7699966430664,117.87999725341795,14411800,102.08137512207033
2020-12-01,120.33999633789062,121.58000183105467,119.62999725341795,119.73999786376952,12668900,103.69207763671876
2020-12-02,119.6999969482422,122.30999755859376,119.2699966430664,122.04000091552734,10811300,105.68382263183594
2020-12-03,121.8499984741211,121.88999938964844,120.36000061035156,121.23999786376952,12904400,104.99105834960938
2020-12-04,122.4800033569336,123.29000091552734,121.69000244140624,122.33999633789062,13583700,105.94363403320312
2020-12-07,121.1500015258789,122.16999816894533,120.20999908447266,121.87999725341795,9724300,105.5452651977539
2020-12-08,121.04000091552734,122.33000183105467,120.76000213623048,122.0,9592100,105.6491928100586
2020-12-09,123.16999816894533,123.3000030517578,120.44000244140624,121.0500030517578,13073900,104.8265151977539
2020-12-10,119.98999786376952,120.77999877929688,119.55999755859376,120.2699966430664,13668400,104.15104675292967
2020-12-11,118.94000244140624,120.0199966430664,118.37000274658205,119.55999755859376,9981600,103.53618621826172
2020-12-14,121.33999633789062,121.41999816894533,118.11000061035156,118.3000030517578,12112400,102.4450912475586
2020-12-15,119.29000091552734,120.9000015258789,118.62000274658205,120.31999969482422,12590200,104.19434356689452
2020-12-16,120.3000030517578,121.08000183105467,119.86000061035156,120.66999816894533,11169400,104.4974365234375
2020-12-17,121.26000213623048,121.4499969482422,119.58000183105467,119.66999816894533,11618000,103.6314697265625
2020-12-18,119.13999938964844,119.87999725341795,118.2699966430664,119.08000183105467,28954800,103.12053680419922
2020-12-21,123.16999816894533,125.0,121.08999633789062,123.5500030517578,28323600,106.99147033691406
2020-12-22,123.38999938964844,123.5199966430664,121.61000061035156,121.66999816894533,11788200,105.36341857910156
2020-12-23,122.77999877929688,126.5199966430664,122.3499984741211,125.06999969482422,14973200,108.30773162841795
2020-12-24,125.08999633789062,125.5500030517578,123.56999969482422,124.5199966430664,4164900,107.83146667480467
2020-12-28,125.81999969482422,126.6500015258789,124.79000091552734,125.33999633789062,8072600,108.54156494140624
2020-12-29,126.1999969482422,126.27999877929688,124.88999938964844,125.01000213623048,8389200,108.25579071044922
2020-12-30,125.48999786376952,125.8499984741211,124.9000015258789,125.36000061035156,7398000,108.55887603759766
2020-12-31,125.08999633789062,127.33000183105467,124.81999969482422,127.06999969482422,8580200,110.03970336914062
2021-01-04,127.5,127.86000061035156,124.77999877929688,125.87000274658205,16819900,109.00052642822266
2021-01-05,124.98999786376952,126.3000030517578,123.7699966430664,125.6500015258789,13731200,109.59363555908205
2021-01-06,129.8800048828125,132.77000427246094,127.87999725341795,131.5500030517578,24909100,114.73968505859376
2021-01-07,135.69000244140625,138.19000244140625,134.9199981689453,135.8699951171875,21940400,118.50763702392578
2021-01-08,135.97000122070312,136.35000610351562,134.1199951171875,136.02000427246094,12035100,118.63848114013672
2021-01-11,134.5800018310547,138.1999969482422,134.11000061035156,138.0500030517578,15937900,120.40908813476562
2021-01-12,139.44000244140625,141.66000366210938,138.8300018310547,140.22000122070312,18033500,122.3017807006836
2021-01-13,138.58999633789062,140.7899932861328,138.10000610351562,140.35000610351562,14816800,122.41517639160156
2021-01-14,140.49000549316406,142.75,140.0,141.1699981689453,18565600,123.13042449951172
2021-01-15,137.42999267578125,141.64999389648438,137.00999450683594,138.63999938964844,27881000,120.9236831665039
2021-01-19,139.86000061035156,140.6999969482422,137.82000732421875,138.0399932861328,19843800,120.40033721923828
2021-01-20,137.82000732421875,138.1699981689453,135.44000244140625,135.97000122070312,16028800,118.5948486328125
2021-01-21,135.69000244140625,136.16000366210938,134.32000732421875,134.8300018310547,13411700,117.6005401611328
2021-01-22,132.69000244140625,134.39999389648438,132.1999969482422,133.7899932861328,12933200,116.69343566894533
2021-01-25,132.13999938964844,133.1699981689453,130.05999755859375,132.1199951171875,14212800,115.23685455322266
2021-01-26,132.75,133.1699981689453,131.33999633789062,131.5800018310547,11307800,114.76585388183594
2021-01-27,129.58999633789062,129.85000610351562,127.3499984741211,127.86000061035156,17603900,111.52122497558594
2021-01-28,129.89999389648438,132.1699981689453,128.99000549316406,130.11000061035156,13761800,113.4836883544922
2021-01-29,131.19000244140625,131.72000122070312,128.19000244140625,128.6699981689453,14808100,112.22770690917967
2021-02-01,129.39999389648438,130.07000732421875,128.47999572753906,129.6199951171875,11080700,113.05632781982422
2021-02-02,131.94000244140625,134.38999938964844,131.22000122070312,133.61000061035156,12253600,116.53644561767578
2021-02-03,133.64999389648438,135.75999450683594,133.50999450683594,135.13999938964844,10600800,117.87095642089844
2021-02-04,135.47000122070312,138.66000366210938,135.47000122070312,138.25,12419500,120.58352661132812
2021-02-05,139.38999938964844,139.49000549316406,137.3800048828125,137.97999572753906,10051300,120.34803009033205
2021-02-08,138.1999969482422,140.3000030517578,138.17999267578125,140.13999938964844,10136400,122.23200225830078
2021-02-09,139.42999267578125,139.97999572753906,138.5399932861328,139.5800018310547,8614800,121.74357604980467
2021-02-10,140.0,140.8699951171875,139.0399932861328,139.66000366210938,10323200,121.81333923339844
2021-02-11,139.66000366210938,140.5500030517578,138.22000122070312,139.27000427246094,9201000,121.47313690185548
2021-02-12,139.0500030517578,141.61000061035156,139.0,141.25,8324600,123.20015716552734
2021-02-16,143.5500030517578,145.32000732421875,142.39999389648438,144.64999389648438,12130600,126.16568756103516
2021-02-17,143.9499969482422,145.3800048828125,143.1199951171875,145.10000610351562,10810100,126.5582046508789
2021-02-18,144.0,145.7899932861328,143.39999389648438,145.58999633789062,10587800,126.9855728149414
2021-02-19,145.86000061035156,148.83999633789062,145.86000061035156,148.02000427246094,11969800,129.10504150390625
2021-02-22,146.8699951171875,150.19000244140625,146.7899932861328,149.41000366210938,11488400,130.31741333007812
2021-02-23,151.50999450683594,152.30999755859375,149.58999633789062,150.61000061035156,16234400,131.3640899658203
2021-02-24,150.11000061035156,153.75999450683594,150.11000061035156,153.25999450683594,15061400,133.67543029785156
2021-02-25,154.27000427246094,154.89999389648438,150.58999633789062,151.17999267578125,18127700,131.8612518310547
2021-02-26,150.3000030517578,150.8699951171875,146.50999450683594,147.1699981689453,19829200,128.36361694335938
2021-03-01,149.52000427246094,151.3800048828125,148.47999572753906,150.5,14845500,131.2681427001953
2021-03-02,150.0800018310547,151.77999877929688,149.83999633789062,150.00999450683594,14221700,130.8407440185547
2021-03-03,151.22999572753906,154.97999572753906,150.82000732421875,152.91000366210938,14324100,133.37014770507812
2021-03-04,152.61000061035156,154.3800048828125,148.6199951171875,150.55999755859375,20093900,131.32046508789062
2021-03-05,153.22000122070312,153.49000549316406,147.97000122070312,150.91000366210938,18465100,131.62574768066406
2021-03-08,152.47000122070312,155.4600067138672,150.75,152.91000366210938,17133300,133.37014770507812
2021-03-09,151.5,154.25,149.82000732421875,151.8300018310547,16238800,132.4281768798828
2021-03-10,151.91000366210938,156.16000366210938,151.50999450683594,155.1300048828125,14342200,135.30650329589844
2021-03-11,154.11000061035156,156.14999389648438,153.36000061035156,154.32000732421875,11771500,134.60000610351562
2021-03-12,156.86000061035156,157.6300048828125,155.07000732421875,156.14999389648438,12849500,136.1961212158203
2021-03-15,156.35000610351562,156.9199981689453,153.9600067138672,155.3699951171875,12101100,135.5157928466797
2021-03-16,154.08999633789062,154.60000610351562,152.19000244140625,153.50999450683594,12805600,133.89349365234375
2021-03-17,155.33999633789062,156.8800048828125,153.0500030517578,155.08999633789062,13952400,135.27162170410156
2021-03-18,157.60000610351562,161.69000244140625,157.11000061035156,157.64999389648438,21898500,137.50445556640625
2021-03-19,155.50999450683594,155.94000244140625,151.19000244140625,155.13999938964844,54418800,135.3152313232422
2021-03-22,152.8000030517578,153.97000122070312,150.61000061035156,150.97000122070312,19944800,131.67807006835938
2021-03-23,150.3300018310547,152.1199951171875,148.9600067138672,149.4600067138672,17076300,130.36105346679688
2021-03-24,150.0,153.17999267578125,149.86000061035156,150.6199951171875,13079800,131.372802734375
2021-03-25,150.0,152.97000122070312,149.3300018310547,152.5500030517578,15608300,133.05618286132812
2021-03-26,154.3000030517578,155.4499969482422,152.5500030517578,155.08999633789062,16754400,135.27162170410156
2021-03-29,152.1199951171875,153.72999572753906,151.0399932861328,152.67999267578125,17570300,133.1695556640625
2021-03-30,154.4600067138672,155.8699951171875,153.8800048828125,154.47999572753906,13184300,134.73956298828125
2021-03-31,153.27999877929688,154.49000549316406,152.1199951171875,152.22999572753906,16736700,132.77703857421875
2021-04-01,151.89999389648438,153.7899932861328,151.5500030517578,153.7100067138672,16561500,134.06796264648438
2021-04-05,154.39999389648438,154.94000244140625,152.60000610351562,153.6199951171875,13508000,134.77859497070312
2021-04-06,152.7899932861328,154.27999877929688,151.86000061035156,152.5399932861328,13071600,133.8310546875
2021-04-07,153.10000610351562,155.22999572753906,152.64999389648438,154.92999267578125,16903500,135.92791748046875
2021-04-08,154.0,155.50999450683594,152.30999755859375,155.1199951171875,12335500,136.09461975097656
2021-04-09,155.80999755859375,157.0399932861328,154.97000122070312,156.27999877929688,12122400,137.11236572265625
2021-04-12,155.5800018310547,157.25,155.57000732421875,155.9499969482422,12273400,136.82286071777344
2021-04-13,154.75,155.1999969482422,152.42999267578125,154.08999633789062,16113600,135.1909637451172
2021-04-14,151.47000122070312,153.8300018310547,150.92999267578125,151.2100067138672,19939600,132.66416931152344
2021-04-15,151.25,152.1999969482422,149.32000732421875,152.1699981689453,17694100,133.5064239501953
2021-04-16,153.8699951171875,154.50999450683594,152.69000244140625,153.3000030517578,13773400,134.49789428710938
2021-04-19,153.4199981689453,153.8800048828125,152.22000122070312,152.64999389648438,11900200,133.9275665283203
2021-04-20,151.74000549316406,151.75,148.64999389648438,149.27000427246094,13716700,130.962158203125
2021-04-21,147.7899932861328,150.61000061035156,146.7899932861328,150.5399932861328,12236700,132.0763702392578
2021-04-22,150.22999572753906,150.3000030517578,147.25999450683594,147.3699951171875,15256100,129.2951202392578
2021-04-23,147.17999267578125,151.1300048828125,146.69000244140625,150.19000244140625,14041900,131.769287109375
2021-04-26,150.77999877929688,152.4600067138672,150.3800048828125,150.55999755859375,10799100,132.09388732910156
2021-04-27,150.5,151.57000732421875,150.11000061035156,151.25,12821200,132.6992645263672
2021-04-28,152.42999267578125,152.88999938964844,151.39999389648438,152.22999572753906,8943700,133.55909729003906
2021-04-29,153.5399932861328,155.27999877929688,153.1999969482422,155.19000244140625,12976900,136.15606689453125
2021-04-30,154.10000610351562,154.49000549316406,153.00999450683594,153.80999755859375,11705100,134.9453125
2021-05-03,154.85000610351562,155.47999572753906,153.1300048828125,153.36000061035156,11801100,134.55050659179688
2021-05-04,152.8699951171875,155.63999938964844,152.13999938964844,155.47999572753906,12977700,136.41046142578125
2021-05-05,156.0,158.27999877929688,154.6300048828125,157.52000427246094,10506700,138.2002716064453
2021-05-06,158.07000732421875,160.82000732421875,157.16000366210938,160.69000244140625,13542400,140.98146057128906
2021-05-07,157.22000122070312,161.5,157.02000427246094,161.24000549316406,14257800,141.46401977539062
2021-05-10,161.5,163.72999572753906,161.1199951171875,161.22000122070312,14014300,141.4464569091797
2021-05-11,161.0800018310547,162.38999938964844,158.0399932861328,158.5399932861328,15451700,139.0951385498047
2021-05-12,159.61000061035156,160.77999877929688,157.02999877929688,157.4499969482422,14381700,138.13880920410156
2021-05-13,158.17999267578125,162.4499969482422,157.67999267578125,161.5,15395000,141.69212341308594
2021-05-14,162.38999938964844,164.4499969482422,161.99000549316406,164.00999450683594,10584000,143.8942413330078
2021-05-17,163.3699951171875,164.85000610351562,163.02999877929688,164.6699981689453,9886800,144.4733428955078
2021-05-18,164.67999267578125,165.5,162.24000549316406,162.35000610351562,11098100,142.43785095214844
2021-05-19,161.0,161.17999267578125,158.63999938964844,161.11000061035156,13278900,141.3499755859375
2021-05-20,160.8300018310547,161.86000061035156,159.52000427246094,160.8300018310547,10426000,141.1043243408203
2021-05-21,161.33999633789062,163.22000122070312,160.94000244140625,162.66000366210938,10249000,142.70986938476562
2021-05-24,163.36000061035156,164.22999572753906,162.1199951171875,163.5399932861328,9440300,143.48190307617188
2021-05-25,163.85000610351562,165.6999969482422,161.55999755859375,161.85000610351562,12609100,141.99920654296875
2021-05-26,163.57000732421875,163.74000549316406,161.30999755859375,161.8300018310547,13058300,141.9816131591797
2021-05-27,163.9499969482422,164.75,162.57000732421875,164.35000610351562,15707500,144.1925811767578
2021-05-28,164.67999267578125,164.94000244140625,163.25999450683594,164.24000549316406,10291300,144.09608459472656
2021-06-01,165.8699951171875,166.91000366210938,165.47999572753906,166.0500030517578,9445400,145.6840362548828
2021-06-02,167.25999450683594,167.44000244140625,165.52999877929688,166.05999755859375,10498600,145.69285583496094
2021-06-03,165.41000366210938,167.25,164.66000366210938,166.1699981689453,13354400,145.78933715820312
2021-06-04,166.2100067138672,166.6699981689453,165.02999877929688,166.44000244140625,8510800,146.0262451171875
2021-06-07,167.0,167.10000610351562,165.13999938964844,165.66000366210938,7267200,145.3419189453125
2021-06-08,164.49000549316406,165.75999450683594,163.16000366210938,165.0,10370700,144.7628631591797
2021-06-09,164.13999938964844,164.22000122070312,162.27999877929688,162.94000244140625,12377400,142.9555206298828
2021-06-10,164.36000061035156,165.24000549316406,160.30999755859375,160.39999389648438,12119400,140.7270050048828
2021-06-11,160.42999267578125,161.1999969482422,159.05999755859375,160.2899932861328,13683800,140.6305389404297
2021-06-14,160.14999389648438,160.3300018310547,156.66000366210938,157.57000732421875,19917900,138.24412536621094
2021-06-15,156.6999969482422,156.9199981689453,154.1300048828125,155.17999267578125,24485500,136.14724731445312
2021-06-16,154.72999572753906,157.6199951171875,153.11000061035156,156.27000427246094,25321200,137.1035919189453
2021-06-17,157.10000610351562,157.4600067138672,151.25,151.75999450683594,29722400,133.146728515625
2021-06-18,149.3000030517578,149.6999969482422,147.55999755859375,147.9199981689453,43595700,129.77767944335938
2021-06-21,149.0800018310547,151.1999969482422,149.02000427246094,150.42999267578125,18664800,131.97984313964844
2021-06-22,150.60000610351562,150.97000122070312,148.66000366210938,150.2100067138672,14251200,131.78683471679688
2021-06-23,150.1999969482422,152.0399932861328,150.08999633789062,151.1199951171875,12733300,132.585205078125
2021-06-24,151.9199981689453,153.1199951171875,151.22000122070312,152.50999450683594,13733200,133.80477905273438
2021-06-25,152.58999633789062,154.5,151.6699981689453,154.0500030517578,15484900,135.15586853027344
2021-06-28,153.6999969482422,154.47999572753906,152.1199951171875,154.3300018310547,14125800,135.40151977539062
2021-06-29,155.0,156.30999755859375,153.61000061035156,154.13999938964844,14528700,135.23484802246094
2021-06-30,153.75,156.0800018310547,153.7100067138672,155.5399932861328,12531000,136.46311950683594
2021-07-01,156.25999450683594,157.13999938964844,155.4199981689453,157.0800018310547,10479400,137.81422424316406
2021-07-02,155.9499969482422,156.32000732421875,155.1199951171875,156.02999877929688,11424000,137.68185424804688
2021-07-06,155.77999877929688,155.77999877929688,152.35000610351562,153.41000366210938,15083400,135.3699951171875
2021-07-07,152.00999450683594,154.27999877929688,151.5500030517578,153.58999633789062,12271800,135.52880859375
2021-07-08,151.61000061035156,152.52999877929688,150.0399932861328,150.94000244140625,17834600,133.1904296875
2021-07-09,153.0500030517578,156.14999389648438,152.5800018310547,155.77000427246094,13694500,137.45245361328125
2021-07-12,154.35000610351562,159.16000366210938,153.94000244140625,158.0,19940400,139.42019653320312
2021-07-13,156.0500030517578,157.38999938964844,153.5,155.64999389648438,22671700,137.3465576171875
2021-07-14,155.9499969482422,157.27999877929688,152.9499969482422,155.1199951171875,14622800,136.87889099121094
2021-07-15,153.89999389648438,156.52999877929688,153.6999969482422,155.4600067138672,11539300,137.17889404296875
2021-07-16,155.9600067138672,156.27999877929688,151.02000427246094,151.91000366210938,14002700,134.04635620117188
2021-07-19,148.5500030517578,149.82000732421875,145.7100067138672,146.97000122070312,22172900,129.68727111816406
2021-07-20,146.52000427246094,151.1199951171875,146.3300018310547,149.7100067138672,15385200,132.1050567626953
2021-07-21,152.0500030517578,153.64999389648438,151.36000061035156,152.86000061035156,12356700,134.8846435546875
2021-07-22,152.8800048828125,153.44000244140625,149.97000122070312,150.92999267578125,9913300,133.1815948486328
2021-07-23,151.47999572753906,152.83999633789062,150.25,150.63999938964844,9666100,132.92568969726562
2021-07-26,150.19000244140625,151.9600067138672,150.1699981689453,151.64999389648438,8208000,133.8169403076172
2021-07-27,150.39999389648438,152.49000549316406,149.8000030517578,151.4499969482422,11218700,133.64044189453125
2021-07-28,152.2899932861328,152.77000427246094,150.8800048828125,151.6999969482422,9217300,133.86102294921875
2021-07-29,153.13999938964844,153.8699951171875,151.91000366210938,153.0,9063500,135.00814819335938
2021-07-30,152.5800018310547,153.6699981689453,151.1999969482422,151.77999877929688,9805200,133.931640625
2021-08-02,152.02999877929688,154.4499969482422,151.07000732421875,151.1699981689453,10203200,133.39337158203125
2021-08-03,151.9499969482422,153.32000732421875,149.52000427246094,152.88999938964844,10394800,134.9111328125
2021-08-04,151.25,153.3699951171875,150.91000366210938,151.24000549316406,10155000,133.45513916015625
2021-08-05,152.27999877929688,153.69000244140625,152.00999450683594,153.14999389648438,9151500,135.14051818847656
2021-08-06,155.19000244140625,157.82000732421875,155.11000061035156,157.5,13328800,138.97903442382812
2021-08-09,157.52000427246094,158.5500030517578,155.89999389648438,157.3300018310547,9516900,138.82901000976562
2021-08-10,156.74000549316406,159.97999572753906,156.30999755859375,159.25999450683594,8667000,140.53204345703125
2021-08-11,160.0,161.5,159.0800018310547,161.16000366210938,9156500,142.20860290527344
2021-08-12,161.8800048828125,162.3699951171875,160.5500030517578,161.7899932861328,8844200,142.7644805908203
2021-08-13,161.7899932861328,162.16000366210938,159.57000732421875,159.97999572753906,8980900,141.1673583984375
2021-08-16,158.94000244140625,159.02999877929688,156.77999877929688,158.92999267578125,8755800,140.2408447265625
2021-08-17,157.57000732421875,158.86000061035156,155.27000427246094,157.00999450683594,9347200,138.54660034179688
2021-08-18,156.30999755859375,158.00999450683594,155.33999633789062,155.5800018310547,8065500,137.28477478027344
2021-08-19,153.16000366210938,155.55999755859375,153.00999450683594,154.27999877929688,9517700,136.13768005371094
2021-08-20,154.35000610351562,154.89999389648438,153.16000366210938,154.72000122070312,6974100,136.5259246826172
2021-08-23,155.3300018310547,157.08999633789062,155.24000549316406,156.6999969482422,7934600,138.27310180664062
2021-08-24,157.0,158.5500030517578,156.8699951171875,157.6699981689453,7670900,139.12899780273438
2021-08-25,158.50999450683594,161.77999877929688,157.8000030517578,160.9199981689453,11335000,141.996826171875
2021-08-26,162.25999450683594,163.8300018310547,161.14999389648438,161.75,11027500,142.72921752929688
2021-08-27,161.75,163.16000366210938,161.25999450683594,163.0500030517578,8780200,143.87635803222656
2021-08-30,163.2100067138672,163.49000549316406,159.8800048828125,160.44000244140625,7937600,141.57327270507812
2021-08-31,160.44000244140625,161.3699951171875,159.35000610351562,159.9499969482422,12340800,141.14088439941406
2021-09-01,160.22000122070312,160.75999450683594,158.97000122070312,159.72000122070312,8729900,140.93798828125
2021-09-02,160.02000427246094,161.61000061035156,159.42999267578125,160.4600067138672,8813300,141.59088134765625
2021-09-03,160.38999938964844,160.88999938964844,159.14999389648438,159.49000549316406,7959700,140.73497009277344
2021-09-07,159.99000549316406,161.3800048828125,158.9600067138672,159.2100067138672,9285600,140.48794555664062
2021-09-08,158.88999938964844,159.5800018310547,158.0399932861328,158.5,7852700,139.86141967773438
2021-09-09,158.27000427246094,160.8300018310547,158.0800018310547,159.19000244140625,7904300,140.4702606201172
2021-09-10,160.55999755859375,160.72000122070312,157.22000122070312,157.36000061035156,8311600,138.85543823242188
2021-09-13,158.52999877929688,160.0500030517578,158.07000732421875,159.86000061035156,10052800,141.0614776611328
2021-09-14,160.4499969482422,161.33999633789062,156.25999450683594,157.07000732421875,11685600,138.59959411621094
2021-09-15,156.72000122070312,158.69000244140625,156.47000122070312,158.16000366210938,11691500,139.5614013671875
2021-09-16,159.41000366210938,160.85000610351562,157.22000122070312,158.08999633789062,10880900,139.4996337890625
2021-09-17,157.3800048828125,159.00999450683594,157.0,157.67999267578125,25581600,139.1378173828125
2021-09-20,153.88999938964844,154.55999755859375,150.49000549316406,152.9600067138672,15819900,134.972900390625
2021-09-21,153.52999877929688,154.5500030517578,152.5800018310547,152.97999572753906,8999900,134.9905548095703
2021-09-22,155.1999969482422,157.25,155.10000610351562,155.91000366210938,11236200,137.5759735107422
2021-09-23,158.0,161.7100067138672,157.6699981689453,161.17999267578125,12336100,142.22630310058594
2021-09-24,161.44000244140625,163.58999633789062,160.82000732421875,163.0399932861328,10102400,143.86753845214844
2021-09-27,165.0,167.39999389648438,164.61000061035156,166.97999572753906,13220900,147.3441925048828
2021-09-28,167.6999969482422,169.3000030517578,165.66000366210938,166.0800018310547,13387900,146.55006408691406
2021-09-29,166.2100067138672,166.89999389648438,165.0399932861328,165.9499969482422,7777100,146.435302734375
2021-09-30,166.9199981689453,166.99000549316406,162.7899932861328,163.69000244140625,13161200,144.44110107421875
2021-10-01,164.0,168.3000030517578,163.60000610351562,167.1300048828125,11285000,147.47662353515625
2021-10-04,166.97000122070312,170.44000244140625,165.72999572753906,166.9499969482422,14120000,147.31773376464844
2021-10-05,167.2100067138672,170.13999938964844,166.6699981689453,168.66000366210938,12292900,149.72348022460938
2021-10-06,167.99000549316406,169.10000610351562,166.0,169.02000427246094,8692600,150.04307556152344
2021-10-07,171.1999969482422,171.50999450683594,169.5399932861328,170.08999633789062,10195400,150.99290466308594
2021-10-08,170.02000427246094,171.33999633789062,169.3000030517578,170.22000122070312,8190100,151.1083526611328
2021-10-11,170.8000030517578,171.2899932861328,166.4600067138672,166.63999938964844,12154700,147.93026733398438
2021-10-12,165.75,166.69000244140625,164.77000427246094,165.36000061035156,13032600,146.79397583007812
2021-10-13,164.07000732421875,165.41000366210938,160.60000610351562,161.0,22753500,142.92349243164062
2021-10-14,161.75,164.00999450683594,160.05999755859375,163.47000122070312,15176800,145.11619567871094
2021-10-15,165.35000610351562,167.1699981689453,164.13999938964844,166.61000061035156,14267400,147.90365600585938
2021-10-18,166.47999572753906,168.61000061035156,165.91000366210938,166.5500030517578,12672900,147.85037231445312
2021-10-19,167.39999389648438,168.64999389648438,166.5800018310547,168.57000732421875,8053900,149.64358520507812
2021-10-20,168.3000030517578,170.8699951171875,167.4600067138672,170.83999633789062,8185600,151.65870666503906
2021-10-21,170.75999450683594,171.3300018310547,168.67999267578125,169.5,8415200,150.46917724609375
2021-10-22,170.02999877929688,172.08999633789062,169.6999969482422,171.77999877929688,8817900,152.4931640625
2021-10-25,172.7100067138672,172.9600067138672,170.47999572753906,170.94000244140625,10159200,151.7474822998047
2021-10-26,171.0,172.49000549316406,170.5399932861328,171.39999389648438,8015100,152.1558380126953
2021-10-27,170.32000732421875,170.6999969482422,167.33999633789062,167.8300018310547,9847000,148.9866943359375
2021-10-28,168.3000030517578,170.50999450683594,167.9600067138672,170.36000061035156,7212900,151.2326202392578
2021-10-29,171.17999267578125,172.24000549316406,169.38999938964844,169.88999938964844,8140100,150.8153533935547
2021-11-01,172.0399932861328,172.3300018310547,169.00999450683594,169.8000030517578,7435500,150.7354736328125
2021-11-02,169.8000030517578,171.69000244140625,168.9199981689453,170.47000122070312,7173800,151.33026123046875
2021-11-03,170.1300048828125,171.1300048828125,169.14999389648438,170.52999877929688,8402700,151.38351440429688
2021-11-04,170.0,170.1999969482422,166.49000549316406,168.2899932861328,9574200,149.39501953125
2021-11-05,168.89999389648438,170.08999633789062,167.41000366210938,168.0500030517578,7975600,149.1819610595703
2021-11-08,169.0500030517578,170.9199981689453,168.74000549316406,169.05999755859375,6413700,150.07858276367188
2021-11-09,167.35000610351562,168.47000122070312,166.60000610351562,167.77999877929688,7990300,148.9423370361328
2021-11-10,167.4499969482422,168.9499969482422,167.08999633789062,167.6199951171875,6999200,148.8002166748047
2021-11-11,167.52000427246094,168.67999267578125,166.89999389648438,167.61000061035156,5815300,148.79135131835938
2021-11-12,167.64999389648438,167.74000549316406,165.72000122070312,166.86000061035156,8113400,148.12559509277344
2021-11-15,167.2100067138672,167.7899932861328,166.0,166.55999755859375,6492500,147.85923767089844
2021-11-16,167.05999755859375,167.07000732421875,165.1199951171875,165.36000061035156,9706100,146.79397583007812
2021-11-17,165.2100067138672,165.55999755859375,163.38999938964844,164.47000122070312,9909600,146.00393676757812
2021-11-18,164.38999938964844,164.85000610351562,162.55999755859375,163.0500030517578,8122500,144.7433319091797
2021-11-19,161.3000030517578,162.11000061035156,159.4499969482422,160.9199981689453,12193600,142.85247802734375
2021-11-22,164.16000366210938,165.97999572753906,162.99000549316406,164.35000610351562,14549900,145.8974151611328
2021-11-23,165.5,168.55999755859375,165.3699951171875,168.27999877929688,12354400,149.38616943359375
2021-11-24,168.4600067138672,169.44000244140625,166.44000244140625,166.9600067138672,9629800,148.21435546875
2021-11-26,162.13999938964844,162.64999389648438,158.82000732421875,161.92999267578125,13619300,143.74908447265625
2021-11-29,163.30999755859375,164.77999877929688,159.82000732421875,161.22999572753906,12104400,143.127685546875
2021-11-30,159.16000366210938,160.6300048828125,158.2899932861328,158.8300018310547,18922600,140.9971466064453
2021-12-01,161.0,163.27000427246094,157.8000030517578,157.88999938964844,12253400,140.1626739501953
2021-12-02,159.8300018310547,163.25,158.8000030517578,161.2100067138672,12969900,143.10995483398438
2021-12-03,161.5,161.8300018310547,157.19000244140625,158.2899932861328,12681800,140.51776123046875
2021-12-06,161.00999450683594,162.61000061035156,159.4600067138672,160.16000366210938,11186500,142.17782592773438
2021-12-07,161.8800048828125,163.38999938964844,161.16000366210938,162.57000732421875,9851600,144.31723022460938
2021-12-08,162.66000366210938,163.27000427246094,160.1699981689453,160.7100067138672,11705700,142.66607666015625
2021-12-09,159.64999389648438,160.92999267578125,158.64999389648438,160.4600067138672,11189600,142.4441375732422
2021-12-10,161.32000732421875,161.6999969482422,159.1300048828125,159.82000732421875,10405400,141.87603759765625
2021-12-13,159.5,159.7899932861328,157.27999877929688,157.9199981689453,12069000,140.18936157226562
2021-12-14,157.4499969482422,160.88999938964844,157.3000030517578,159.1300048828125,12563600,141.26348876953125
2021-12-15,159.85000610351562,159.85000610351562,157.35000610351562,157.94000244140625,14014200,140.2070770263672
2021-12-16,160.38999938964844,161.82000732421875,158.6999969482422,160.41000366210938,19542800,142.39976501464844
2021-12-17,159.32000732421875,159.3800048828125,155.17999267578125,156.75999450683594,28082000,139.15951538085938
2021-12-20,154.50999450683594,154.6999969482422,151.83999633789062,153.94000244140625,15148000,136.65618896484375
2021-12-21,155.41000366210938,157.17999267578125,155.08999633789062,156.08999633789062,11291300,138.56480407714844
2021-12-22,155.75,157.05999755859375,155.24000549316406,156.6999969482422,7273000,139.1062774658203
2021-12-23,157.61000061035156,159.1199951171875,157.2100067138672,157.25999450683594,8055200,139.6033935546875
2021-12-27,157.60000610351562,158.1999969482422,156.33999633789062,158.16000366210938,6188100,140.4023895263672
2021-12-28,158.1999969482422,160.14999389648438,158.0800018310547,158.63999938964844,6342300,140.82846069335938
2021-12-29,158.85000610351562,159.6300048828125,158.14999389648438,158.55999755859375,6398900,140.75746154785156
2021-12-30,159.11000061035156,160.24000549316406,158.3699951171875,158.47999572753906,6948200,140.6864013671875
2021-12-31,158.4499969482422,159.2899932861328,157.9600067138672,158.35000610351562,5805900,140.57107543945312
2022-01-03,159.86000061035156,162.63999938964844,159.50999450683594,161.6999969482422,13120900,143.54490661621094
2022-01-04,164.30999755859375,168.5800018310547,164.22999572753906,167.8300018310547,20195800,148.9866943359375
2022-01-05,167.82000732421875,168.36000061035156,163.72999572753906,163.77999877929688,17539400,146.26287841796875
2022-01-06,166.91000366210938,167.3699951171875,163.8699951171875,165.52000427246094,14047500,147.81675720214844
2022-01-07,165.6699981689453,167.52999877929688,165.05999755859375,167.16000366210938,13913300,149.2813720703125
2022-01-10,169.07000732421875,169.30999755859375,165.52999877929688,167.32000732421875,12922500,149.4242401123047
2022-01-11,168.25999450683594,168.52000427246094,166.30999755859375,167.49000549316406,11854100,149.5760955810547
2022-01-12,168.4600067138672,169.58999633789062,167.17999267578125,168.44000244140625,12568000,150.42446899414062
2022-01-13,168.33999633789062,169.80999755859375,167.88999938964844,168.22999572753906,13623400,150.23690795898438
2022-01-14,160.75999450683594,161.02999877929688,156.89999389648438,157.88999938964844,40158400,141.00282287597656
2022-01-18,155.77999877929688,155.77999877929688,150.5399932861328,151.27000427246094,32324800,135.09088134765625
2022-01-19,151.57000732421875,152.22999572753906,148.5500030517578,148.92999267578125,22380000,133.0011444091797
2022-01-20,148.99000549316406,150.61000061035156,147.36000061035156,147.66000366210938,14860800,131.86700439453125
2022-01-21,147.5,147.50999450683594,144.27000427246094,145.0800018310547,20705400,129.56295776367188
2022-01-24,142.27999877929688,145.47999572753906,139.57000732421875,144.9499969482422,28471400,129.4468231201172
2022-01-25,143.64999389648438,146.85000610351562,140.7899932861328,146.52999877929688,18915900,130.8578643798828
2022-01-26,148.72000122070312,150.57000732421875,145.9600067138672,147.9199981689453,20709100,132.09918212890625
2022-01-27,149.4199981689453,150.3800048828125,144.1300048828125,145.30999755859375,17536800,129.76834106445312
2022-01-28,144.19000244140625,146.75999450683594,142.1699981689453,146.61000061035156,14117000,130.9293212890625
2022-01-31,145.63999938964844,148.7899932861328,144.6699981689453,148.60000610351562,13985700,132.70648193359375
2022-02-01,148.69000244140625,151.47000122070312,148.3000030517578,151.14999389648438,14584900,134.9837188720703
2022-02-02,150.5,150.94000244140625,148.07000732421875,149.94000244140625,12441100,133.90313720703125
2022-02-03,150.0,151.64999389648438,148.2899932861328,148.6999969482422,12474900,132.7957763671875
2022-02-04,149.10000610351562,153.5,148.77000427246094,152.55999755859375,16654400,136.24288940429688
2022-02-07,153.27000427246094,153.6199951171875,150.85000610351562,153.07000732421875,12572300,136.69834899902344
2022-02-08,155.0,158.47999572753906,154.8000030517578,155.9499969482422,20411400,139.2703399658203
2022-02-09,156.58999633789062,157.42999267578125,155.82000732421875,156.60000610351562,9131100,139.850830078125
2022-02-10,156.66000366210938,159.02999877929688,155.22000122070312,155.9499969482422,16455600,139.2703399658203
2022-02-11,155.61000061035156,158.19000244140625,152.97000122070312,153.9199981689453,16830000,137.45742797851562
2022-02-14,152.72999572753906,153.67999267578125,150.32000732421875,152.49000549316406,17026500,136.18038940429688
2022-02-15,154.50999450683594,155.94000244140625,153.85000610351562,154.72000122070312,9500000,138.17190551757812
2022-02-16,153.74000549316406,156.10000610351562,153.74000549316406,155.0,9076500,138.42193603515625
2022-02-17,153.0,153.72999572753906,150.6699981689453,151.42999267578125,11367500,135.23373413085938
2022-02-18,152.1300048828125,154.13999938964844,151.1300048828125,152.13999938964844,11733300,135.8678741455078
2022-02-22,150.60000610351562,153.24000549316406,150.41000366210938,151.8699951171875,11333500,135.62672424316406
2022-02-23,153.1199951171875,153.3000030517578,147.97000122070312,148.69000244140625,11799000,132.7868194580078
2022-02-24,142.94000244140625,144.99000549316406,139.77999877929688,144.5500030517578,25655100,129.08966064453125
2022-02-25,145.25,150.1300048828125,144.91000366210938,147.97000122070312,18367700,132.14385986328125
2022-02-28,143.5500030517578,145.05999755859375,140.8800048828125,141.8000030517578,31315300,126.63377380371094
2022-03-01,140.0399932861328,140.47999572753906,133.5800018310547,136.4499969482422,36840400,121.85597229003906
2022-03-02,137.2899932861328,140.0399932861328,136.61000061035156,139.27999877929688,19405600,124.38330078125
2022-03-03,139.83999633789062,140.97999572753906,137.05999755859375,138.2899932861328,16640800,123.49915313720705
2022-03-04,134.94000244140625,135.4199981689453,132.39999389648438,134.39999389648438,21016000,120.02521514892578
2022-03-07,132.1699981689453,132.69000244140625,128.9499969482422,129.2100067138672,27560100,115.39032745361328
2022-03-08,129.63999938964844,131.7899932861328,127.2699966430664,128.3000030517578,19207800,114.57766723632812
2022-03-09,132.89999389648438,135.24000549316406,132.44000244140625,133.44000244140625,17536200,119.16790008544922
2022-03-10,131.86000061035156,133.4499969482422,130.32000732421875,131.86000061035156,15604200,117.75690460205078
2022-03-11,132.49000549316406,134.0800018310547,128.4199981689453,128.88999938964844,20061800,115.1045379638672
2022-03-14,129.4600067138672,132.9199981689453,129.22999572753906,130.1699981689453,15786900,116.2476577758789
2022-03-15,131.8000030517578,133.5500030517578,131.1300048828125,132.47999572753906,15096600,118.31058502197266
2022-03-16,134.8699951171875,138.49000549316406,134.42999267578125,138.39999389648438,20354900,123.5973892211914
2022-03-17,136.86000061035156,140.19000244140625,135.9199981689453,140.14999389648438,17050500,125.16022491455078
2022-03-18,140.19000244140625,140.85000610351562,138.4600067138672,140.10000610351562,23656500,125.1155776977539
2022-03-21,140.35000610351562,140.75999450683594,138.72999572753906,139.64999389648438,12676100,124.71372985839844
2022-03-22,142.27000427246094,143.92999267578125,141.72000122070312,142.6199951171875,13548600,127.36604309082033
2022-03-23,140.97999572753906,141.58999633789062,139.1999969482422,139.77999877929688,12093200,124.82978057861328
2022-03-24,140.3000030517578,140.7100067138672,139.11000061035156,140.69000244140625,10017600,125.6424789428711
2022-03-25,141.08999633789062,143.17999267578125,140.8000030517578,141.9199981689453,8383500,126.74095153808594
2022-03-28,140.0,140.97000122070312,137.89999389648438,140.8699951171875,10818100,125.80321502685548
2022-03-29,143.35000610351562,143.60000610351562,140.24000549316406,141.17999267578125,11316500,126.0800552368164
2022-03-30,141.89999389648438,142.1199951171875,139.91000366210938,140.5399932861328,8771000,125.50852966308594
2022-03-31,139.8300018310547,140.35000610351562,136.25999450683594,136.32000732421875,17353900,121.73986053466795
2022-04-01,137.39999389648438,137.41000366210938,133.8000030517578,135.30999755859375,15721300,120.83788299560548
2022-04-04,134.1199951171875,136.94000244140625,132.88999938964844,135.91000366210938,17416400,121.37371063232422
2022-04-05,134.07000732421875,135.39999389648438,133.00999450683594,133.33999633789062,12110300,119.96124267578124
2022-04-06,131.5800018310547,132.55999755859375,130.9600067138672,131.49000549316406,12914700,118.29685974121094
2022-04-07,130.9499969482422,131.9199981689453,128.72999572753906,131.08999633789062,12994200,117.93699645996094
2022-04-08,131.6699981689453,133.89999389648438,131.49000549316406,133.49000549316406,13126900,120.09620666503906
2022-04-11,133.0,134.89999389648438,132.57000732421875,133.0,10466400,119.65538024902344
2022-04-12,132.13999938964844,134.5800018310547,130.6999969482422,131.5399932861328,12989900,118.34185791015624
2022-04-13,126.94000244140624,129.25,126.01000213623048,127.3000030517578,30838000,114.52725982666016
2022-04-14,126.5,128.3000030517578,125.0199966430664,126.12000274658205,18835200,113.4656753540039
2022-04-18,125.66999816894533,129.24000549316406,125.54000091552734,128.4600067138672,11834400,115.5708999633789
2022-04-19,128.4499969482422,131.32000732421875,128.22999572753906,131.1199951171875,15015400,117.96400451660156
2022-04-20,132.52000427246094,133.50999450683594,131.33999633789062,131.5800018310547,13430200,118.3778305053711
2022-04-21,132.22000122070312,132.80999755859375,129.9600067138672,130.55999755859375,12174200,117.46017456054688
2022-04-22,130.27999877929688,130.52000427246094,126.69000244140624,126.80999755859376,14318800,114.08644104003906
2022-04-25,126.01000213623048,127.12000274658205,123.11000061035156,126.7699966430664,17149000,114.05046081542967
2022-04-26,124.63999938964844,126.41000366210938,122.87000274658205,123.0199966430664,17209500,110.67670440673828
2022-04-27,122.33000183105467,123.55999755859376,121.22000122070312,121.41999816894533,17215200,109.2372589111328
2022-04-28,122.80999755859376,123.6500015258789,121.13999938964844,123.33999633789062,13015600,110.964599609375
2022-04-29,123.0500030517578,123.61000061035156,118.9000015258789,119.36000061035156,14874800,107.38394165039062
2022-05-02,119.87999725341795,120.70999908447266,118.22000122070312,120.4499969482422,18545000,108.36457824707033
2022-05-03,121.52999877929688,124.16999816894533,120.77999877929688,123.02999877929688,15720900,110.68571472167967
2022-05-04,122.8000030517578,127.4000015258789,122.73999786376952,127.0999984741211,17128500,114.34735870361328
2022-05-05,125.25,126.0999984741211,122.16000366210938,123.91999816894533,15055400,111.48640441894533
2022-05-06,123.8000030517578,124.29000091552734,121.18000030517578,123.72000122070312,14417900,111.30648040771484
2022-05-09,122.11000061035156,123.33000183105467,120.5,121.86000061035156,14312300,109.6331024169922
2022-05-10,123.11000061035156,123.77999877929688,117.55999755859376,118.88999938964844,16382400,106.96111297607422
2022-05-11,119.3000030517578,122.88999938964844,117.94000244140624,118.13999938964844,14630300,106.28634643554688
2022-05-12,117.0,118.31999969482422,115.37000274658205,118.04000091552734,16318800,106.1963882446289
2022-05-13,119.41000366210938,120.25,117.95999908447266,119.08999633789062,10443200,107.14102172851562
2022-05-16,118.54000091552734,119.45999908447266,117.2300033569336,118.26000213623048,10269000,106.39431762695312
2022-05-17,121.04000091552734,122.97000122070312,120.80999755859376,122.18000030517578,11160200,109.92100524902344
2022-05-18,121.3000030517578,121.97000122070312,119.52999877929688,120.08999633789062,12664900,108.04071044921876
2022-05-19,118.19000244140624,119.6500015258789,117.62999725341795,118.30999755859376,12765800,106.43928527832033
2022-05-20,119.45999908447266,119.66999816894533,115.0199966430664,117.33999633789062,13150100,105.56661224365234
2022-05-23,120.45999908447266,126.56999969482422,120.4499969482422,124.5999984741211,24376700,112.0981903076172
2022-05-24,124.36000061035156,127.48999786376952,123.11000061035156,126.36000061035156,19324900,113.68160247802734
2022-05-25,126.27999877929688,127.86000061035156,125.16999816894533,127.23999786376952,12780400,114.47329711914062
2022-05-26,128.3699951171875,130.19000244140625,128.2100067138672,129.44000244140625,15990900,116.45256042480467
2022-05-27,130.16000366210938,131.27000427246094,129.13999938964844,131.27000427246094,11177800,118.09895324707033
2022-05-31,130.17999267578125,133.14999389648438,129.7100067138672,132.22999572753906,17015000,118.96260833740234
2022-06-01,132.8699951171875,132.8699951171875,128.6699981689453,129.91000366210938,10768000,116.87541198730467
2022-06-02,129.89999389648438,132.00999450683594,128.6699981689453,132.0,8374800,118.75569915771484
2022-06-03,131.2100067138672,131.77000427246094,129.99000549316406,130.16000366210938,8596000,117.100341796875
2022-06-06,131.08999633789062,132.38999938964844,129.4600067138672,129.72999572753906,11323500,116.71345520019533
2022-06-07,128.8300018310547,130.32000732421875,128.6199951171875,130.07000732421875,6722200,117.01936340332033
2022-06-08,129.0,129.4499969482422,126.9000015258789,128.0,8422100,115.15705108642578
2022-06-09,127.37000274658205,128.10000610351562,125.2699966430664,125.30999755859376,13560100,112.73693084716795
2022-06-10,122.58999633789062,123.4000015258789,119.31999969482422,119.5500030517578,12945200,107.5548858642578
2022-06-13,116.86000061035156,117.9499969482422,115.05999755859376,115.98999786376952,16805600,104.35206604003906
2022-06-14,115.5500030517578,117.31999969482422,113.22000122070312,114.05999755859376,13357900,102.61570739746094
2022-06-15,115.62000274658205,116.9499969482422,113.16999816894533,115.41000366210938,14083500,103.83026885986328
2022-06-16,113.86000061035156,114.26000213623048,111.87000274658205,113.43000030517578,16724900,102.0489273071289
2022-06-17,113.54000091552734,114.62999725341795,112.16000366210938,113.02999877929688,30919900,101.68909454345705
2022-06-21,115.87000274658205,117.02999877929688,115.04000091552734,115.83000183105467,11680500,104.2081298828125
2022-06-22,114.87999725341795,116.1999969482422,114.38999938964844,115.18000030517578,9842700,103.62335968017578
2022-06-23,115.01000213623048,115.18000030517578,111.4800033569336,113.91999816894533,11851500,102.48976135253906
2022-06-24,113.2300033569336,117.81999969482422,112.83000183105467,117.31999969482422,14841100,105.54862213134766
2022-06-27,118.05999755859376,118.5,115.63999938964844,116.37999725341795,11280500,104.70293426513672
2022-06-28,117.66999816894533,119.29000091552734,115.5999984741211,115.81999969482422,11590900,104.19912719726562
2022-06-29,116.0,116.81999969482422,114.7300033569336,115.3000030517578,9338400,103.73129272460938
2022-06-30,113.16999816894533,114.08000183105467,110.93000030517578,112.61000061035156,15172600,101.31121063232422
2022-07-01,112.6500015258789,114.41999816894533,111.16000366210938,114.0500030517578,10573600,102.6067352294922
2022-07-05,110.7699966430664,112.70999908447266,109.3000030517578,112.62000274658205,12514200,102.21646118164062
2022-07-06,111.7300033569336,112.98999786376952,110.79000091552734,111.88999938964844,10656200,101.55387878417967
2022-07-07,113.5,114.9000015258789,113.4000015258789,114.72000122070312,10347400,104.12245178222656
2022-07-08,115.16000366210938,115.6500015258789,113.61000061035156,114.36000061035156,8807800,103.79570770263672
2022-07-11,113.5500030517578,114.2300033569336,112.22000122070312,112.86000061035156,7939500,102.43425750732422
2022-07-12,112.58000183105467,115.18000030517578,112.26000213623048,112.97000122070312,11250900,102.53410339355467
2022-07-13,111.75,112.4800033569336,110.37999725341795,111.91000366210938,12979900,101.57203674316406
2022-07-14,107.98999786376952,108.2300033569336,106.05999755859376,108.0,26204800,98.02322387695312
2022-07-15,109.16000366210938,113.87999725341795,107.66999816894533,112.9499969482422,18863900,102.51596069335938
2022-07-18,114.7699966430664,115.83999633789062,111.29000091552734,111.79000091552734,13977900,101.46312713623048
2022-07-19,113.12999725341795,114.94000244140624,112.66999816894533,114.55999755859376,11862300,103.97723388671876
2022-07-20,114.0999984741211,114.73999786376952,113.4800033569336,114.54000091552734,11667500,103.95906829833984
2022-07-21,114.44000244140624,115.52999877929688,113.37000274658205,115.31999969482422,11595900,104.6670379638672
2022-07-22,115.23999786376952,116.25,113.66999816894533,114.76000213623048,7645500,104.15875244140624
2022-07-25,115.83999633789062,116.45999908447266,114.7699966430664,115.22000122070312,9394000,104.57626342773438
2022-07-26,114.58000183105467,115.58000183105467,113.02999877929688,113.41999816894533,10675100,102.94254302978516
2022-07-27,114.01000213623048,115.73999786376952,113.3000030517578,115.23999786376952,9337400,104.59441375732422
2022-07-28,115.25,115.9800033569336,113.52999877929688,114.80999755859376,10384800,104.2041244506836
2022-07-29,115.58999633789062,116.5,114.79000091552734,115.36000061035156,12944500,104.70333099365234
2022-08-01,114.5,115.11000061035156,113.06999969482422,114.20999908447266,14740400,103.6595687866211
2022-08-02,113.91999816894533,114.4000015258789,112.2699966430664,112.43000030517578,14942900,102.04399871826172
2022-08-03,113.4499969482422,114.0999984741211,111.70999908447266,113.61000061035156,14394500,103.11499786376952
2022-08-04,112.8499984741211,113.31999969482422,111.0199966430664,112.36000061035156,18033900,101.98047637939452
2022-08-05,112.52999877929688,116.19000244140624,112.0500030517578,115.76000213623048,14174600,105.06639099121094
2022-08-08,116.25,116.6999969482422,114.18000030517578,114.3499984741211,10332500,103.78662109375
2022-08-09,114.75,115.98999786376952,114.37000274658205,115.37999725341795,10233800,104.7214813232422
2022-08-10,117.95999908447266,119.37000274658205,117.5,118.38999938964844,12847300,107.45343780517578
2022-08-11,119.9000015258789,121.1999969482422,119.30999755859376,120.13999938964844,11684900,109.04178619384766
2022-08-12,120.66999816894533,122.25,119.44000244140624,122.12999725341795,9906700,110.84793853759766
2022-08-15,121.13999938964844,122.72000122070312,120.5999984741211,122.45999908447266,8456200,111.14744567871094
2022-08-16,122.29000091552734,124.23999786376952,121.87000274658205,123.62999725341795,9555000,112.2093734741211
2022-08-17,122.3000030517578,123.16000366210938,121.69000244140624,122.58999633789062,8149300,111.26544189453124
2022-08-18,122.23999786376952,122.47000122070312,120.5500030517578,121.63999938964844,9531800,110.40320587158205
2022-08-19,120.62000274658205,120.98999786376952,118.11000061035156,118.62999725341795,13464500,107.67125701904295
2022-08-22,116.75,117.16000366210938,115.5,116.66999816894533,8967600,105.8923110961914
2022-08-23,116.69000244140624,117.29000091552734,115.37999725341795,115.5199966430664,7607000,104.84854888916016
2022-08-24,115.29000091552734,116.41000366210938,114.4499969482422,115.8000030517578,9771300,105.1026840209961
2022-08-25,116.16000366210938,118.73999786376952,115.68000030517578,118.5500030517578,10758900,107.5986557006836
2022-08-26,119.45999908447266,119.98999786376952,114.5999984741211,114.66999816894533,11276200,104.07707977294922
2022-08-29,114.0,114.86000061035156,113.45999908447266,114.38999938964844,8117300,103.82292938232422
2022-08-30,115.0,115.58000183105467,113.36000061035156,114.41000366210938,10745400,103.84109497070312
2022-08-31,114.4800033569336,115.02999877929688,113.33999633789062,113.7300033569336,10738300,103.2239227294922
2022-09-01,113.29000091552734,114.62999725341795,111.91000366210938,114.51000213623048,9979800,103.9318389892578
2022-09-02,115.87000274658205,117.4499969482422,113.19000244140624,113.70999908447266,10666600,103.20575714111328
2022-09-06,114.33000183105467,114.75,112.06999969482422,113.73999786376952,9751900,103.23297119140624
2022-09-07,113.12999725341795,116.11000061035156,112.76000213623048,115.9000015258789,10647900,105.1934585571289
2022-09-08,115.27999877929688,118.79000091552734,114.62999725341795,118.5999984741211,11435000,107.64403533935548
2022-09-09,119.13999938964844,120.0500030517578,118.66999816894533,119.16999816894533,9299700,108.161376953125
2022-09-12,120.62000274658205,121.5500030517578,119.79000091552734,120.58000183105467,8614600,109.4411163330078
2022-09-13,118.06999969482422,118.91999816894533,115.77999877929688,116.38999938964844,12904600,105.63819885253906
2022-09-14,116.6999969482422,117.83999633789062,114.87999725341795,116.12000274658205,9345700,105.39312744140624
2022-09-15,116.12000274658205,119.37999725341795,115.76000213623048,117.87000274658205,10821400,106.9814682006836
2022-09-16,117.38999938964844,117.4000015258789,115.37000274658205,117.08000183105467,14844100,106.26445770263672
2022-09-19,116.0,118.7300033569336,115.51000213623048,118.16000366210938,8201300,107.2446746826172
2022-09-20,117.41000366210938,117.69000244140624,114.63999938964844,115.83000183105467,9619000,105.12991333007812
2022-09-21,116.54000091552734,116.5999984741211,112.41999816894533,112.48999786376952,12606300,102.09844207763672
2022-09-22,113.37999725341795,113.5999984741211,111.06999969482422,111.20999908447266,11684500,100.93669891357422
2022-09-23,110.0500030517578,110.33999633789062,107.16000366210938,109.13999938964844,18138600,99.05791473388672
2022-09-26,108.0,109.61000061035156,106.05999755859376,106.79000091552734,15753600,96.92501068115234
2022-09-27,107.75,108.16999816894533,104.6500015258789,105.8499984741211,12793600,96.07184600830078
2022-09-28,105.9499969482422,108.7300033569336,105.63999938964844,107.98999786376952,12762600,98.01414489746094
2022-09-29,106.9499969482422,107.27999877929688,104.4000015258789,106.16000366210938,12713900,96.35319519042967
2022-09-30,106.05999755859376,107.62000274658205,104.4000015258789,104.5,15973400,94.8465576171875
2022-10-03,105.62000274658205,108.36000061035156,104.45999908447266,107.7300033569336,12248100,97.7781753540039
2022-10-04,110.61000061035156,112.98999786376952,109.86000061035156,112.7699966430664,16013600,102.35260009765624
2022-10-05,109.75,110.9499969482422,108.83000183105467,110.38999938964844,10943500,101.08888244628906
2022-10-06,109.45999908447266,110.19000244140624,107.94000244140624,108.13999938964844,11521400,99.02845001220705
2022-10-07,107.5199966430664,107.70999908447266,105.2699966430664,105.9800033569336,11681100,97.05046081542967
2022-10-10,106.7300033569336,107.30999755859376,104.5199966430664,104.98999786376952,8931700,96.14385223388672
2022-10-11,104.37000274658205,104.54000091552734,101.8499984741211,101.95999908447266,12739700,93.3691635131836
2022-10-12,101.8000030517578,104.7300033569336,101.27999877929688,103.61000061035156,13181000,94.88011932373048
2022-10-13,101.9800033569336,109.9000015258789,101.76000213623048,109.37000274658205,22398700,100.15481567382812
2022-10-14,111.95999908447266,115.23999786376952,110.72000122070312,111.19000244140624,33387100,101.82146453857422
2022-10-17,115.41000366210938,117.01000213623048,114.31999969482422,115.86000061035156,22276300,106.09798431396484
2022-10-18,119.66000366210938,120.13999938964844,116.95999908447266,118.83999633789062,21539700,108.82688903808594
2022-10-19,117.98999786376952,118.83000183105467,115.66999816894533,116.51000213623048,17072000,106.6932144165039
2022-10-20,117.16000366210938,118.70999908447266,115.6500015258789,116.12999725341795,12207400,106.34521484375
2022-10-21,116.45999908447266,122.38999938964844,116.33000183105467,122.2300033569336,20593300,111.93126678466795
2022-10-24,122.06999969482422,123.0999984741211,121.33000183105467,122.37999725341795,12624200,112.06861877441406
2022-10-25,121.8499984741211,123.2699966430664,120.88999938964844,122.6999969482422,11289100,112.36165618896484
2022-10-26,123.0,125.1999969482422,122.87999725341795,124.11000061035156,11667000,113.65287017822266
2022-10-27,125.1999969482422,126.1999969482422,124.20999908447266,124.5999984741211,10727600,114.10159301757812
2022-10-28,125.29000091552734,126.27999877929688,124.0500030517578,126.08000183105467,11859500,115.4568862915039
2022-10-31,125.6999969482422,127.43000030517578,125.58999633789062,125.87999725341795,13295200,115.27371978759766
2022-11-01,126.87000274658205,128.27999877929688,126.33000183105467,128.14999389648438,13386900,117.35244750976562
2022-11-02,127.6500015258789,130.36000061035156,126.63999938964844,126.97000122070312,16546100,116.2718734741211
2022-11-03,126.30999755859376,128.17999267578125,125.91000366210938,127.1999969482422,12474400,116.48249816894533
2022-11-04,129.49000549316406,130.8300018310547,128.4600067138672,130.67999267578125,14953200,119.6692886352539
2022-11-07,131.0,132.2899932861328,130.47999572753906,131.3699951171875,12011200,120.30116271972656
2022-11-08,131.24000549316406,132.05999755859375,130.13999938964844,131.4499969482422,9884100,120.3744125366211
2022-11-09,131.32000732421875,131.42999267578125,129.22000122070312,129.74000549316406,9494000,118.8084945678711
2022-11-10,132.6300048828125,135.25,132.52999877929688,135.0800018310547,16351600,123.69857788085938
2022-11-11,135.19000244140625,136.1699981689453,133.77999877929688,135.3000030517578,10704700,123.90005493164062
2022-11-14,134.8000030517578,135.72999572753906,133.91000366210938,133.91000366210938,11085600,122.62715911865234
2022-11-15,134.67999267578125,135.7100067138672,131.60000610351562,132.94000244140625,14038300,121.7388916015625
2022-11-16,133.0,133.55999755859375,132.02999877929688,133.1199951171875,7893400,121.90370178222656
2022-11-17,132.0,132.88999938964844,131.27999877929688,132.5399932861328,8820200,121.37256622314452
2022-11-18,134.57000732421875,134.6699981689453,132.27999877929688,133.83999633789062,9468500,122.56306457519533
2022-11-21,133.74000549316406,134.55999755859375,132.75,133.0500030517578,7800500,121.83960723876952
2022-11-22,134.0,135.27000427246094,133.69000244140625,135.0399932861328,9185700,123.66189575195312
2022-11-23,134.94000244140625,136.5,134.86000061035156,136.47999572753906,7316200,124.98057556152344
2022-11-25,136.47999572753906,137.13999938964844,136.05999755859375,136.74000549316406,3220500,125.21873474121094
2022-11-28,136.07000732421875,136.7100067138672,134.19000244140625,134.35000610351562,9906900,123.0300750732422
2022-11-29,134.66000366210938,136.63999938964844,134.41000366210938,136.55999755859375,7925300,125.05387115478516
2022-11-30,136.08999633789062,138.17999267578125,133.19000244140625,138.17999267578125,14761200,126.53733825683594
2022-12-01,138.17999267578125,138.66000366210938,135.42999267578125,136.24000549316406,8858500,124.76082611083984
2022-12-02,134.49000549316406,135.35000610351562,133.33999633789062,135.16000366210938,8931900,123.77182006835938
2022-12-05,134.24000549316406,134.57000732421875,130.60000610351562,131.3699951171875,10154500,120.30116271972656
2022-12-06,133.38999938964844,135.11000061035156,129.8699951171875,131.58999633789062,13966700,120.50260162353516
2022-12-07,131.30999755859375,133.0800018310547,130.3300018310547,131.5,11739400,120.42022705078124
2022-12-08,132.3300018310547,132.97999572753906,131.42999267578125,132.8800048828125,8907300,121.68391418457033
2022-12-09,132.1999969482422,133.75999450683594,132.0,132.16000366210938,7957800,121.02459716796876
2022-12-12,132.39999389648438,134.64999389648438,131.60000610351562,134.2100067138672,8841600,122.90186309814452
2022-12-13,136.88999938964844,137.08999633789062,133.0800018310547,134.0800018310547,10025400,122.7828369140625
2022-12-14,133.77999877929688,135.7100067138672,132.75999450683594,133.41000366210938,9966100,122.16928100585938
2022-12-15,131.14999389648438,132.0800018310547,129.0500030517578,130.10000610351562,12087800,119.13816833496094
2022-12-16,129.14999389648438,129.89999389648438,128.42999267578125,129.2899932861328,21133700,118.39640045166016
2022-12-19,129.64999389648438,131.3300018310547,129.08999633789062,130.05999755859375,9017200,119.1015167236328
2022-12-20,130.97000122070312,132.0500030517578,130.1999969482422,130.69000244140625,8549900,119.67845153808594
2022-12-21,132.17999267578125,132.97999572753906,131.77000427246094,132.16000366210938,8051700,121.02459716796876
2022-12-22,131.10000610351562,131.3000030517578,128.41000366210938,130.66000366210938,8648200,119.6509780883789
2022-12-23,130.5800018310547,131.44000244140625,129.63999938964844,131.27999877929688,5091900,120.21873474121094
2022-12-27,131.57000732421875,132.22000122070312,130.5500030517578,131.74000549316406,5411000,120.63998413085938
2022-12-28,131.85000610351562,133.41000366210938,131.00999450683594,132.4600067138672,8827700,121.2993392944336
2022-12-29,132.92999267578125,133.27000427246094,132.30999755859375,133.22000122070312,6585200,121.99530029296876
2022-12-30,132.80999755859375,134.3300018310547,132.44000244140625,134.10000610351562,9292500,122.80113983154295
2023-01-03,135.24000549316406,136.74000549316406,133.88999938964844,135.1199951171875,11054800,123.73518371582033
2023-01-04,135.99000549316406,137.67999267578125,135.57000732421875,136.3800048828125,11687600,124.88904571533205
2023-01-05,135.66000366210938,135.7100067138672,133.6999969482422,135.35000610351562,8381300,124.8613510131836
2023-01-06,136.1300048828125,138.3800048828125,134.49000549316406,137.94000244140625,10029100,127.25064849853516
2023-01-09,138.60000610351562,138.8800048828125,136.8800048828125,137.3699951171875,8482300,126.7248306274414
2023-01-10,137.7899932861328,138.72000122070312,137.30999755859375,138.60000610351562,9048700,127.8594970703125
2023-01-11,138.89999389648438,139.75,138.10000610351562,139.6300048828125,8703700,128.80967712402344
2023-01-12,140.0,140.86000061035156,139.22000122070312,139.49000549316406,11001700,128.68052673339844
2023-01-13,135.60000610351562,143.49000549316406,134.8000030517578,143.00999450683594,20200000,131.92776489257812
2023-01-17,141.1699981689453,141.5399932861328,139.22999572753906,140.8000030517578,14292900,129.88900756835938
2023-01-18,138.9199981689453,140.72999572753906,136.41000366210938,136.57000732421875,13392600,125.98681640625
2023-01-19,135.32000732421875,135.89999389648438,133.58999633789062,134.75,13303400,124.30786895751952
2023-01-20,135.16000366210938,135.49000549316406,133.5500030517578,135.0800018310547,13092500,124.61226654052734
2023-01-23,135.1199951171875,137.9600067138672,134.82000732421875,137.27000427246094,10487100,126.6325912475586
2023-01-24,136.4199981689453,140.2899932861328,135.0,138.4499969482422,6945000,127.7211456298828
2023-01-25,138.0500030517578,139.1199951171875,137.25,139.1199951171875,8967000,128.33924865722656
2023-01-26,139.4199981689453,140.05999755859375,138.36000061035156,139.97999572753906,7487600,129.13253784179688
2023-01-27,140.61000061035156,141.25999450683594,139.75,140.32000732421875,7489900,129.44619750976562
2023-01-30,139.22999572753906,140.08999633789062,138.91000366210938,139.1300048828125,6729300,128.34844970703125
2023-01-31,139.8800048828125,140.07000732421875,138.25,139.9600067138672,9188700,129.11412048339844
2023-02-01,138.2100067138672,140.8800048828125,138.1199951171875,139.58999633789062,8841800,128.7727813720703
2023-02-02,140.0,140.4600067138672,138.0,138.94000244140625,11822100,128.17315673828125
2023-02-03,138.17999267578125,142.3300018310547,138.1300048828125,141.08999633789062,11501200,130.15652465820312
2023-02-06,140.22999572753906,142.24000549316406,140.02999877929688,141.9199981689453,8406200,130.92222595214844
2023-02-07,141.3800048828125,144.33999633789062,141.17999267578125,143.64999389648438,10447900,132.51817321777344
2023-02-08,142.64999389648438,144.0399932861328,142.27999877929688,142.63999938964844,6958000,131.58642578125
2023-02-09,143.1199951171875,143.33999633789062,139.8699951171875,140.4199981689453,6443100,129.5384521484375
2023-02-10,139.77999877929688,141.27999877929688,138.58999633789062,141.0399932861328,6582900,130.1103973388672
2023-02-13,141.3000030517578,142.72999572753906,140.74000549316406,142.57000732421875,7134600,131.52183532714844
2023-02-14,142.5,143.80999755859375,141.60000610351562,143.1999969482422,9249400,132.10302734375
2023-02-15,141.61000061035156,143.88999938964844,141.3000030517578,143.8000030517578,6728300,132.6565399169922
2023-02-16,142.91000366210938,143.38999938964844,141.67999267578125,141.82000732421875,8165300,130.82997131347656
2023-02-17,140.97999572753906,142.8300018310547,140.07000732421875,142.24000549316406,7948800,131.2174072265625
2023-02-21,140.69000244140625,141.33999633789062,138.75,139.6300048828125,9996300,128.80967712402344
2023-02-22,138.9199981689453,139.42999267578125,137.44000244140625,138.55999755859375,11107500,127.8226089477539
2023-02-23,138.72999572753906,140.1699981689453,137.94000244140625,139.6699981689453,8068000,128.8465576171875
2023-02-24,139.11000061035156,141.36000061035156,138.92999267578125,140.92999267578125,9126900,130.00894165039062
2023-02-27,142.11000061035156,143.30999755859375,141.72000122070312,142.16000366210938,10014700,131.1436309814453
2023-02-28,142.94000244140625,143.75999450683594,141.89999389648438,143.35000610351562,11019800,132.24142456054688
2023-03-01,142.10000610351562,143.4600067138672,141.8000030517578,142.5500030517578,7139200,131.50341796875
2023-03-02,142.24000549316406,142.42999267578125,139.5399932861328,141.07000732421875,11106800,130.1381072998047
2023-03-03,141.50999450683594,143.74000549316406,141.0800018310547,143.66000366210938,9513100,132.5273895263672
2023-03-06,143.44000244140625,144.0399932861328,142.66000366210938,142.82000732421875,9261300,131.7524871826172
2023-03-07,142.00999450683594,142.30999755859375,137.80999755859375,138.6199951171875,11747600,127.8779525756836
2023-03-08,138.0,138.58999633789062,136.88999938964844,137.8000030517578,10002500,127.12151336669922
2023-03-09,136.75999450683594,137.35000610351562,129.22000122070312,130.33999633789062,25888100,120.23959350585938
2023-03-10,128.9600067138672,135.25999450683594,127.81999969482422,133.64999389648438,37599700,123.29308319091795
2023-03-13,131.2100067138672,133.8800048828125,129.41000366210938,131.25,42901100,121.0790786743164
2023-03-14,135.27999877929688,135.52999877929688,131.2899932861328,134.6199951171875,29648100,124.18791961669922
2023-03-15,130.97999572753906,130.99000549316406,126.7300033569336,128.25999450683594,34280600,118.3207778930664
2023-03-16,128.00999450683594,131.9499969482422,126.0199966430664,130.75,24558500,120.61781311035156
2023-03-17,128.3800048828125,128.47999572753906,125.4499969482422,125.80999755859376,38396000,116.06062316894533
2023-03-20,126.98999786376952,129.47000122070312,126.01000213623048,127.13999938964844,22875500,117.28756713867188
2023-03-21,130.58999633789062,131.72999572753906,130.19000244140625,130.5500030517578,17807800,120.4333267211914
2023-03-22,130.55999755859375,130.66000366210938,127.08000183105467,127.18000030517578,17250200,117.324462890625
2023-03-23,127.9000015258789,129.52999877929688,126.0199966430664,126.83999633789062,16677600,117.01081848144533
2023-03-24,125.62999725341795,125.68000030517578,123.11000061035156,124.91000366210938,22311100,115.23037719726562
2023-03-27,126.79000091552734,129.3800048828125,126.29000091552734,128.49000549316406,18853900,118.532958984375
2023-03-28,128.7100067138672,129.33999633789062,127.73999786376952,128.8800048828125,10820500,118.89273834228516
2023-03-29,130.10000610351562,130.22000122070312,127.7699966430664,129.13999938964844,14595300,119.13256072998048
2023-03-30,129.9499969482422,130.1199951171875,127.6500015258789,128.75,12134700,118.7728042602539
2023-03-31,129.66000366210938,130.33999633789062,128.85000610351562,130.30999755859375,13105200,120.21189880371094
2023-04-03,129.91000366210938,131.44000244140625,129.41000366210938,130.16000366210938,11775400,120.07355499267578
2023-04-04,130.5,130.58999633789062,127.41000366210938,128.4199981689453,11579900,118.4683837890625
2023-04-05,126.8000030517578,128.14999389648438,126.45999908447266,127.61000061035156,9614700,118.64502716064452
2023-04-06,127.0,128.0800018310547,126.86000061035156,127.47000122070312,8760200,118.5148696899414
2023-04-10,126.54000091552734,128.22999572753906,126.22000122070312,127.88999938964844,9477300,118.90535736083984
2023-04-11,128.3000030517578,128.94000244140625,127.54000091552734,128.52000427246094,10516300,119.49109649658205
2023-04-12,129.17999267578125,130.42999267578125,128.05999755859375,128.5,11821000,119.47250366210938
2023-04-13,128.4600067138672,129.0399932861328,126.83000183105467,128.99000549316406,12450200,119.92808532714844
2023-04-14,135.14999389648438,139.1199951171875,134.89999389648438,138.72999572753906,43931300,128.98379516601562
2023-04-17,139.9499969482422,140.05999755859375,137.66000366210938,139.8300018310547,16050500,130.00653076171875
2023-04-18,140.27000427246094,141.77999877929688,139.02999877929688,141.39999389648438,13760100,131.4662322998047
2023-04-19,141.22999572753906,141.5,140.39999389648438,141.22000122070312,9158100,131.2988739013672
2023-04-20,139.91000366210938,141.42999267578125,139.83999633789062,140.80999755859375,10586200,130.9176788330078
2023-04-21,139.74000549316406,141.11000061035156,138.77999877929688,140.5399932861328,11842500,130.66665649414062
2023-04-24,140.4600067138672,141.10000610351562,140.0399932861328,140.72999572753906,7567500,130.84332275390625
2023-04-25,139.60000610351562,139.9600067138672,137.6300048828125,137.6699981689453,10629300,127.9982681274414
2023-04-26,137.6199951171875,137.80999755859375,134.0,135.22999572753906,14416100,125.7296905517578
2023-04-27,136.0,137.91000366210938,135.66000366210938,137.0500030517578,9041100,127.4218521118164
2023-04-28,136.55999755859375,138.32000732421875,135.6699981689453,138.24000549316406,9887300,128.5282440185547
2023-05-01,142.25999450683594,143.3699951171875,140.8300018310547,141.1999969482422,20415800,131.28030395507812
2023-05-02,141.39999389648438,142.41000366210938,138.42999267578125,138.9199981689453,14113400,129.1604766845703
2023-05-03,138.44000244140625,138.6699981689453,135.75999450683594,135.97999572753906,12930900,126.4270248413086
2023-05-04,134.9600067138672,135.72000122070312,131.80999755859375,134.1199951171875,17089200,124.69767761230467
2023-05-05,136.44000244140625,137.8800048828125,135.91000366210938,136.74000549316406,11261400,127.13363647460938
2023-05-08,137.49000549316406,137.97000122070312,136.47999572753906,137.07000732421875,7484900,127.44043731689452
2023-05-09,135.92999267578125,136.9499969482422,135.2100067138672,136.41000366210938,7343600,126.82681274414062
2023-05-10,137.9499969482422,138.05999755859375,134.8699951171875,136.47999572753906,8133400,126.89188385009766
2023-05-11,135.0,136.80999755859375,134.89999389648438,136.0500030517578,7057300,126.49210357666016
2023-05-12,136.82000732421875,136.99000549316406,133.1300048828125,134.10000610351562,9988600,124.6791000366211
2023-05-15,134.27000427246094,135.6699981689453,133.9600067138672,135.22999572753906,7639500,125.7296905517578
2023-05-16,135.4600067138672,135.94000244140625,133.9600067138672,134.32000732421875,6477200,124.88361358642578
2023-05-17,135.89999389648438,138.58999633789062,135.4600067138672,138.4499969482422,12711500,128.72348022460938
2023-05-18,138.27000427246094,139.72999572753906,137.75999450683594,139.5,10999600,129.69972229003906
2023-05-19,139.7899932861328,140.49000549316406,138.1300048828125,139.17999267578125,13492200,129.4021759033203
2023-05-22,141.0,141.63999938964844,137.66000366210938,138.02999877929688,11402500,128.3330078125
2023-05-23,137.5399932861328,139.02999877929688,136.4600067138672,136.58999633789062,9514900,126.9941635131836
2023-05-24,135.39999389648438,136.35000610351562,135.0800018310547,135.33999633789062,8578000,125.83195495605467
2023-05-25,134.82000732421875,136.27000427246094,134.5800018310547,135.6699981689453,8472500,126.13877868652344
2023-05-26,136.11000061035156,137.60000610351562,135.6300048828125,136.94000244140625,8579900,127.31957244873048
2023-05-30,136.8000030517578,137.72000122070312,136.02000427246094,137.4600067138672,7399900,127.8030242919922
2023-05-31,136.72999572753906,136.83999633789062,134.39999389648438,135.7100067138672,14219900,126.17599487304688
2023-06-01,136.52000427246094,138.22999572753906,135.4499969482422,137.5800018310547,12248100,127.91460418701172
2023-06-02,139.55999755859375,141.47999572753906,139.33999633789062,140.47000122070312,12922500,130.60154724121094
2023-06-05,140.11000061035156,140.11000061035156,138.1300048828125,139.08999633789062,8511900,129.31849670410156
2023-06-06,138.67999267578125,140.10000610351562,138.2100067138672,139.33999633789062,9329500,129.5509796142578
2023-06-07,139.5500030517578,141.27000427246094,138.8300018310547,140.69000244140625,9281400,130.80613708496094
2023-06-08,140.6699981689453,140.88999938964844,139.47999572753906,140.72999572753906,7368100,130.84332275390625
2023-06-09,140.35000610351562,141.8000030517578,140.2100067138672,141.00999450683594,7249100,131.10365295410156
2023-06-12,141.07000732421875,141.32000732421875,139.75999450683594,141.0,7596600,131.0943603515625
2023-06-13,140.47999572753906,142.8699951171875,140.13999938964844,142.02000427246094,7701600,132.04266357421875
2023-06-14,143.0,143.61000061035156,140.6999969482422,141.49000549316406,9068700,131.5499267578125
2023-06-15,140.58999633789062,143.39999389648438,140.02999877929688,143.08999633789062,9343100,133.0374755859375
2023-06-16,143.0500030517578,143.97000122070312,142.5,143.25999450683594,13813500,133.19552612304688
2023-06-20,142.61000061035156,143.0,141.0399932861328,142.52999877929688,8428600,132.516845703125
2023-06-21,142.89999389648438,144.02000427246094,141.69000244140625,142.32000732421875,9926500,132.32162475585938
2023-06-22,142.30999755859375,142.60000610351562,138.9499969482422,139.5800018310547,10075200,129.77410888671875
2023-06-23,138.5399932861328,139.17999267578125,137.6199951171875,138.85000610351562,9919500,129.09539794921875
2023-06-26,138.8699951171875,140.00999450683594,137.69000244140625,139.19000244140625,8429700,129.4114990234375
2023-06-27,139.0,139.83999633789062,138.5399932861328,139.1999969482422,8154000,129.42080688476562
2023-06-28,139.16000366210938,139.2100067138672,137.9600067138672,138.58999633789062,7558600,128.8536376953125
2023-06-29,140.07000732421875,143.55999755859375,139.85000610351562,143.42999267578125,15423200,133.3535919189453
2023-06-30,144.60000610351562,146.0,143.66000366210938,145.44000244140625,14212800,135.222412109375
2023-07-03,146.19000244140625,147.47999572753906,146.0,146.61000061035156,8021600,136.31024169921875
2023-07-05,144.94000244140625,145.42999267578125,144.36000061035156,144.63999938964844,8934900,135.4021759033203
2023-07-06,143.02000427246094,143.38999938964844,141.44000244140625,143.2100067138672,9709500,134.06350708007812
2023-07-07,143.91000366210938,145.83999633789062,143.0,144.33999633789062,8981500,135.12130737304688
2023-07-10,144.5,145.99000549316406,144.5,145.14999389648438,9100100,135.87957763671875
2023-07-11,146.33999633789062,147.82000732421875,145.7100067138672,147.4199981689453,11260900,138.00462341308594
2023-07-12,147.4499969482422,149.8699951171875,147.0,148.14999389648438,11323200,138.68797302246094
2023-07-13,148.6999969482422,149.3699951171875,147.75,148.8699951171875,11234900,139.36203002929688
2023-07-14,151.5500030517578,152.88999938964844,148.41000366210938,149.77000427246094,27028400,140.20449829101562
2023-07-17,150.35000610351562,153.75,150.35000610351562,153.3800048828125,17262400,143.5839385986328
2023-07-18,153.3800048828125,154.39999389648438,152.82000732421875,153.66000366210938,13491700,143.84609985351562
2023-07-19,152.75,155.2100067138672,152.22000122070312,154.25,12510000,144.3983917236328
2023-07-20,154.52999877929688,156.58999633789062,154.41000366210938,156.14999389648438,9935900,146.17706298828125
2023-07-21,155.8000030517578,156.13999938964844,154.69000244140625,154.9499969482422,10636400,145.05368041992188
2023-07-24,154.97000122070312,158.7899932861328,154.72999572753906,158.0,14381400,147.90887451171875
2023-07-25,157.3000030517578,157.72000122070312,155.9600067138672,156.82000732421875,9944700,146.80426025390625
2023-07-26,156.7100067138672,158.25,156.27999877929688,157.75999450683594,8728600,147.68421936035156
2023-07-27,157.77000427246094,158.77999877929688,155.5500030517578,156.02000427246094,10778400,146.05535888671875
2023-07-28,157.27999877929688,157.60000610351562,156.44000244140625,156.91000366210938,9103800,146.88848876953125
2023-07-31,157.17999267578125,159.3800048828125,157.14999389648438,157.9600067138672,8892700,147.87144470214844
2023-08-01,157.42999267578125,158.0,156.14999389648438,157.17999267578125,6853900,147.14125061035156
2023-08-02,155.55999755859375,155.69000244140625,153.94000244140625,155.39999389648438,8299400,145.4749298095703
2023-08-03,155.0,156.9199981689453,154.35000610351562,156.35000610351562,6084000,146.3643035888672
2023-08-04,156.39999389648438,157.8000030517578,155.6999969482422,156.02000427246094,6209400,146.05535888671875
2023-08-07,156.60000610351562,157.6999969482422,156.60000610351562,156.75999450683594,7251800,146.74807739257812
2023-08-08,154.32000732421875,155.97999572753906,152.58999633789062,155.8800048828125,8623400,145.92431640625
2023-08-09,155.32000732421875,155.52000427246094,153.47000122070312,153.7899932861328,6277800,143.96778869628906
2023-08-10,154.3800048828125,155.44000244140625,153.08999633789062,153.55999755859375,5995100,143.75245666503906
2023-08-11,153.02999877929688,154.52000427246094,152.6300048828125,154.4499969482422,5180700,144.58563232421875
2023-08-14,153.61000061035156,154.9199981689453,152.9199981689453,154.77000427246094,5044300,144.8852081298828
2023-08-15,152.85000610351562,153.27000427246094,150.22999572753906,150.8300018310547,10300300,141.1968231201172
2023-08-16,150.60000610351562,150.9600067138672,149.67999267578125,150.19000244140625,6978200,140.59768676757812
2023-08-17,150.8800048828125,151.25999450683594,148.39999389648438,148.6300048828125,9953900,139.1373291015625
2023-08-18,147.64999389648438,149.5,147.44000244140625,148.97000122070312,8517500,139.4556121826172
2023-08-21,149.64999389648438,150.10000610351562,148.02000427246094,149.47999572753906,8327000,139.93304443359375
2023-08-22,149.25999450683594,149.63999938964844,145.85000610351562,146.3800048828125,9673300,137.03103637695312
2023-08-23,146.35000610351562,147.58999633789062,145.4600067138672,147.3699951171875,7858000,137.95777893066406
2023-08-24,147.5,149.41000366210938,146.99000549316406,147.22999572753906,6534000,137.82675170898438
2023-08-25,147.27999877929688,148.6199951171875,145.85000610351562,147.0500030517578,6695500,137.65826416015625
2023-08-28,147.57000732421875,148.61000061035156,147.1300048828125,147.55999755859375,5094100,138.13568115234375
2023-08-29,147.7100067138672,148.85000610351562,147.17999267578125,148.75999450683594,6337000,139.259033203125
2023-08-30,148.6199951171875,149.14999389648438,147.19000244140625,148.16000366210938,6277300,138.69732666015625
2023-08-31,148.25999450683594,148.35000610351562,145.9600067138672,146.3300018310547,10933900,136.98422241210938
2023-09-01,146.08999633789062,148.0800018310547,145.6999969482422,146.82000732421875,7903500,137.44293212890625
2023-09-05,147.16000366210938,148.2100067138672,145.00999450683594,145.1999969482422,7854700,135.92642211914062
2023-09-06,144.6999969482422,145.5399932861328,144.11000061035156,144.9600067138672,8629200,135.7017059326172
2023-09-07,144.1300048828125,145.27000427246094,143.38999938964844,143.72000122070312,8373700,134.5409393310547
2023-09-08,143.3699951171875,144.1199951171875,142.64999389648438,143.8300018310547,7107900,134.6439208984375
2023-09-11,144.75,145.0500030517578,143.69000244140625,144.4600067138672,6854200,135.23365783691406
2023-09-12,144.5,147.32000732421875,144.0500030517578,146.33999633789062,8363200,136.9936065673828
2023-09-13,147.33999633789062,147.6999969482422,145.82000732421875,146.41000366210938,8325900,137.0591278076172
2023-09-14,147.83999633789062,149.89999389648438,147.52000427246094,149.25,10034900,139.71774291992188
2023-09-15,148.9199981689453,149.72999572753906,148.30999755859375,148.80999755859375,19863400,139.30584716796875
2023-09-18,148.16000366210938,149.13999938964844,147.75,149.1199951171875,6512400,139.59605407714844
2023-09-19,149.5,149.72000122070312,147.2100067138672,148.92999267578125,7943400,139.4181671142578
2023-09-20,149.64999389648438,150.25,148.13999938964844,148.3000030517578,7332000,138.8284149169922
2023-09-21,147.5800018310547,148.85000610351562,146.6300048828125,147.13999938964844,8052400,137.74252319335938
2023-09-22,147.2899932861328,147.50999450683594,145.19000244140625,145.72999572753906,7071700,136.42254638671875
2023-09-25,145.35000610351562,146.52000427246094,143.6999969482422,146.4499969482422,7044700,137.09658813476562
2023-09-26,144.60000610351562,145.83999633789062,144.22999572753906,144.92999267578125,7468400,135.67364501953125
2023-09-27,145.19000244140625,146.08999633789062,144.50999450683594,145.77999877929688,6717800,136.4693603515625
2023-09-28,146.27999877929688,148.8699951171875,146.00999450683594,147.58999633789062,8868100,138.16375732421875
2023-09-29,148.60000610351562,148.75999450683594,144.86000061035156,145.02000427246094,11917800,135.75790405273438
2023-10-02,144.8300018310547,145.6199951171875,142.6300048828125,143.77000427246094,9170600,134.5877227783203
2023-10-03,143.1999969482422,143.58999633789062,142.35000610351562,142.7100067138672,9431100,133.59542846679688
2023-10-04,143.19000244140625,143.47000122070312,141.92999267578125,143.35000610351562,8128700,134.19454956054688
2023-10-05,142.0399932861328,143.10000610351562,140.8300018310547,142.89999389648438,8576200,134.76036071777344
2023-10-06,142.91000366210938,145.8800048828125,142.13999938964844,145.10000610351562,10270600,136.8350830078125
2023-10-09,143.66000366210938,145.39999389648438,143.5,144.77000427246094,6964900,136.52389526367188
2023-10-10,145.4199981689453,146.77000427246094,145.27999877929688,145.64999389648438,11288800,137.35372924804688
2023-10-11,146.50999450683594,147.22999572753906,145.02000427246094,146.14999389648438,8698200,137.82528686523438
2023-10-12,146.3000030517578,146.9600067138672,145.1300048828125,145.80999755859375,10484400,137.504638671875
2023-10-13,148.5,153.11000061035156,147.83999633789062,148.0,29427000,139.5698699951172
2023-10-16,149.4499969482422,149.52000427246094,146.72000122070312,147.85000610351562,12663500,139.4284210205078
2023-10-17,147.57000732421875,149.30999755859375,146.7899932861328,147.52999877929688,11482700,139.1266632080078
2023-10-18,146.58999633789062,147.47999572753906,145.3699951171875,145.91000366210938,9620300,137.5989227294922
2023-10-19,145.47999572753906,147.02000427246094,144.8800048828125,145.2899932861328,11143600,137.0142364501953
2023-10-20,144.57000732421875,145.13999938964844,142.1199951171875,142.9499969482422,13332900,134.8075408935547
2023-10-23,142.94000244140625,143.67999267578125,140.72999572753906,141.0,10133400,132.96861267089844
2023-10-24,141.19000244140625,141.72999572753906,140.36000061035156,141.1699981689453,8881400,133.12892150878906
2023-10-25,140.57000732421875,141.17999267578125,139.50999450683594,140.39999389648438,8242600,132.40280151367188
2023-10-26,139.75999450683594,141.6699981689453,139.42999267578125,140.75999450683594,9109400,132.7422637939453
2023-10-27,138.9499969482422,139.10000610351562,135.19000244140625,135.69000244140625,17434700,127.96107482910156
2023-10-30,136.44000244140625,138.0399932861328,136.0399932861328,137.4199981689453,9855500,129.592529296875
2023-10-31,137.7100067138672,139.24000549316406,137.47000122070312,139.05999755859375,9672500,131.1391143798828
2023-11-01,139.25,140.52999877929688,138.47000122070312,138.94000244140625,9432000,131.0259246826172
2023-11-02,140.08999633789062,141.47999572753906,139.22999572753906,141.4199981689453,10186200,133.36468505859375
2023-11-03,142.19000244140625,143.77000427246094,141.85000610351562,143.0,9538700,134.85470581054688
2023-11-06,143.1699981689453,144.19000244140625,142.7899932861328,144.0800018310547,7625100,135.8731689453125
2023-11-07,143.50999450683594,144.25999450683594,142.82000732421875,144.00999450683594,6297900,135.80718994140625
2023-11-08,144.11000061035156,144.83999633789062,143.6199951171875,144.72000122070312,7618200,136.47671508789062
2023-11-09,145.44000244140625,145.64999389648438,143.6999969482422,144.2899932861328,7992500,136.07119750976562
2023-11-10,144.94000244140625,146.47999572753906,144.0800018310547,146.42999267578125,7983300,138.08932495117188
2023-11-13,145.6999969482422,146.25,145.16000366210938,145.77999877929688,6676300,137.47633361816406
2023-11-14,146.67999267578125,149.25,146.52000427246094,148.44000244140625,9927700,139.98483276367188
2023-11-15,148.4600067138672,150.16000366210938,148.4600067138672,149.74000549316406,8365300,141.2107696533203
2023-11-16,150.08999633789062,151.52999877929688,150.08999633789062,151.4499969482422,8126200,142.8233642578125
2023-11-17,152.1999969482422,152.86000061035156,151.5399932861328,152.82000732421875,7812400,144.1153564453125
2023-11-20,152.0800018310547,153.75,151.9199981689453,153.2899932861328,7019000,144.55859375
2023-11-21,153.1999969482422,153.6300048828125,152.57000732421875,152.97000122070312,7083500,144.25680541992188
2023-11-22,153.41000366210938,153.8800048828125,152.89999389648438,153.3300018310547,5174500,144.59629821777344
2023-11-24,153.58999633789062,154.44000244140625,153.27999877929688,153.5399932861328,3496900,144.7943115234375
2023-11-27,153.42999267578125,153.52999877929688,152.7100067138672,153.19000244140625,6259100,144.46426391601562
2023-11-28,153.22000122070312,153.8699951171875,152.72000122070312,153.5399932861328,6582700,144.7943115234375
2023-11-29,154.1699981689453,155.6300048828125,154.0,154.32000732421875,9126100,145.52992248535156
2023-11-30,154.91000366210938,156.1300048828125,154.3800048828125,156.0800018310547,9869800,147.1896514892578
2023-12-01,155.82000732421875,157.86000061035156,155.82000732421875,156.83999633789062,8916000,147.90634155273438
2023-12-04,156.02000427246094,158.0500030517578,155.8800048828125,157.99000549316406,9607500,148.99085998535156
2023-12-05,157.25999450683594,158.5,156.97000122070312,157.97000122070312,9135600,148.9720001220703
2023-12-06,158.83999633789062,159.22000122070312,156.0,156.30999755859375,9366000,147.4065399169922
2023-12-07,156.69000244140625,157.30999755859375,156.14999389648438,156.7899932861328,8130900,147.8592071533203
2023-12-08,157.25999450683594,158.77999877929688,156.97999572753906,158.52000427246094,7369400,149.4906768798828
2023-12-11,158.52000427246094,159.3000030517578,158.14999389648438,159.10000610351562,8093900,150.0376434326172
2023-12-12,159.22999572753906,160.64999389648438,158.8800048828125,160.52000427246094,10223000,151.3767547607422
2023-12-13,160.52000427246094,162.02999877929688,159.77000427246094,161.05999755859375,12379100,151.885986328125
2023-12-14,161.8300018310547,164.83999633789062,161.7100067138672,163.99000549316406,13643000,154.64910888671875
2023-12-15,163.0800018310547,165.27999877929688,162.38999938964844,165.22999572753906,20309300,155.81846618652344
2023-12-18,165.9199981689453,167.1300048828125,165.6300048828125,166.22999572753906,8469600,156.7615203857422
2023-12-19,166.0,168.47000122070312,165.5500030517578,168.4499969482422,10345700,158.85507202148438
2023-12-20,167.99000549316406,169.41000366210938,166.4499969482422,166.5500030517578,10734700,157.06326293945312
2023-12-21,166.83999633789062,168.08999633789062,165.67999267578125,167.5,7601700,157.9591827392578
2023-12-22,167.5,168.22999572753906,167.22999572753906,167.39999389648438,6576300,157.8648681640625
2023-12-26,167.4600067138672,168.77000427246094,167.17999267578125,168.38999938964844,4683600,158.7984619140625
2023-12-27,167.83999633789062,169.47000122070312,167.5800018310547,169.39999389648438,6428600,159.75094604492188
2023-12-28,169.35000610351562,170.66000366210938,169.0,170.3000030517578,6320100,160.59967041015625
2023-12-29,170.0,170.69000244140625,169.6300048828125,170.10000610351562,6435100,160.41110229492188
2024-01-02,169.08999633789062,172.1699981689453,168.91000366210938,172.0800018310547,9977400,162.27828979492188
2024-01-03,171.86000061035156,172.0399932861328,170.3699951171875,171.3300018310547,9852300,161.57101440429688
2024-01-04,170.63999938964844,173.35000610351562,170.5399932861328,171.41000366210938,11972500,162.6432342529297
2024-01-05,171.47000122070312,173.3800048828125,171.47000122070312,172.27000427246094,10066000,163.459228515625
2024-01-08,172.02000427246094,172.36000061035156,169.49000549316406,172.02000427246094,11229900,163.2220458984375
2024-01-09,171.6199951171875,171.7899932861328,170.10000610351562,170.66000366210938,9923600,161.9315948486328
2024-01-10,170.0,171.0800018310547,168.9499969482422,171.02000427246094,9670200,162.27317810058594
2024-01-11,170.3300018310547,170.36000061035156,168.63999938964844,170.3000030517578,11919500,161.58998107910156
2024-01-12,173.8000030517578,176.30999755859375,168.89999389648438,169.0500030517578,19436500,160.40391540527344
2024-01-16,164.8699951171875,168.08999633789062,164.3000030517578,167.99000549316406,17206400,159.39813232421875
2024-01-17,167.33999633789062,169.07000732421875,166.49000549316406,167.08999633789062,11107500,158.5441436767578
2024-01-18,167.1199951171875,167.52999877929688,165.24000549316406,167.4199981689453,9382300,158.85728454589844
2024-01-19,167.5500030517578,170.57000732421875,167.0800018310547,170.30999755859375,13115700,161.59947204589844
2024-01-22,170.4600067138672,171.97999572753906,169.7100067138672,170.11000061035156,12837500,161.40969848632812
2024-01-23,169.6699981689453,169.75,168.44000244140625,168.99000549316406,8360800,160.3470001220703
2024-01-24,169.36000061035156,171.00999450683594,168.86000061035156,170.5,9967100,161.77975463867188
2024-01-25,172.30999755859375,172.99000549316406,170.91000366210938,172.94000244140625,8873500,164.09495544433594
2024-01-26,172.61000061035156,173.05999755859375,171.77999877929688,172.27999877929688,7443000,163.4687042236328
2024-01-29,172.24000549316406,172.83999633789062,171.3000030517578,172.72999572753906,6971200,163.89569091796875
2024-01-30,172.8300018310547,176.75999450683594,172.8300018310547,176.27000427246094,10822100,167.254638671875
2024-01-31,176.1999969482422,178.3000030517578,174.33999633789062,174.36000061035156,11521800,165.4423370361328
2024-02-01,173.63999938964844,174.83999633789062,171.42999267578125,173.72999572753906,9354800,164.84454345703125
2024-02-02,173.3000030517578,175.82000732421875,173.25999450683594,174.72999572753906,8607600,165.7934112548828
2024-02-05,173.86000061035156,175.08999633789062,172.9199981689453,174.5,7820200,165.57518005371094
2024-02-06,174.61000061035156,175.8699951171875,173.75999450683594,175.10000610351562,6764800,166.1444854736328
2024-02-07,175.69000244140625,175.8699951171875,173.9600067138672,175.42999267578125,7225500,166.45762634277344
2024-02-08,175.0,175.30999755859375,173.57000732421875,174.8000030517578,6060300,165.85984802246094
2024-02-09,175.0,175.10000610351562,173.6699981689453,175.00999450683594,6296700,166.05908203125
2024-02-12,174.77999877929688,176.80999755859375,173.6999969482422,175.7899932861328,8539300,166.7991943359375
2024-02-13,175.32000732421875,176.22999572753906,172.6199951171875,174.25999450683594,8397600,165.34744262695312
2024-02-14,175.07000732421875,176.10000610351562,174.4199981689453,176.02999877929688,7056700,167.02694702148438
2024-02-15,176.14999389648438,180.2100067138672,176.14999389648438,179.8699951171875,8723400,170.67051696777344
2024-02-16,179.61000061035156,179.97999572753906,178.16000366210938,179.02999877929688,8152600,169.87350463867188
2024-02-20,179.19000244140625,180.4600067138672,178.41000366210938,179.72999572753906,9668000,170.5377197265625
2024-02-21,179.9499969482422,180.9900054931641,178.52000427246094,180.8999938964844,7024000,171.64784240722656
2024-02-22,181.82000732421875,183.4199981689453,181.2400054931641,183.07000732421875,9296500,173.7068634033203
2024-02-23,183.80999755859372,185.1999969482422,183.19000244140625,183.9900054931641,7105800,174.57981872558594
2024-02-26,183.75,184.4600067138672,182.47999572753903,183.3600006103516,7145400,173.98204040527344
2024-02-27,183.30999755859372,183.5399932861328,182.2400054931641,183.4499969482422,5717100,174.0674285888672
2024-02-28,183.42999267578125,185.1999969482422,182.9600067138672,184.3800048828125,6131600,174.9498748779297
2024-02-29,185.66000366210935,186.42999267578125,183.8500061035156,186.05999755859372,9643000,176.5439453125
2024-03-01,185.6999969482422,186.44000244140625,185.1000061035156,185.2899932861328,6311800,175.8133087158203
2024-03-04,184.7100067138672,187.58999633789065,184.2700042724609,186.67999267578125,7063600,177.13221740722656
2024-03-05,186.3600006103516,189.3000030517578,186.3600006103516,188.5500030517578,6617800,178.90660095214844
2024-03-06,189.25,190.07000732421875,187.6300048828125,189.52999877929688,7572900,179.8364715576172
2024-03-07,189.91000366210935,190.5,186.6300048828125,187.8699951171875,7618300,178.26138305664062
2024-03-08,188.44000244140625,190.4600067138672,187.9199981689453,188.22000122070312,6172200,178.59347534179688
2024-03-11,187.27999877929688,188.44000244140625,186.22000122070312,188.2899932861328,5762600,178.65988159179688
2024-03-12,188.9499969482422,190.16000366210935,187.91000366210935,189.83999633789065,5708400,180.13063049316406
2024-03-13,190.3600006103516,191.72999572753903,189.83999633789065,191.3800048828125,7795500,181.5918426513672
2024-03-14,191.02999877929688,191.6300048828125,187.1000061035156,187.97000122070312,10310900,178.3562469482422
2024-03-15,186.47999572753903,190.94000244140625,186.47999572753903,190.3000030517578,17214200,180.5670928955078
2024-03-18,190.6300048828125,192.6999969482422,189.88999938964844,192.66000366210935,9013800,182.80638122558597
2024-03-19,192.7100067138672,193.92999267578125,192.3800048828125,193.7899932861328,8478700,183.8785552978516
2024-03-20,194.19000244140625,196.55999755859372,193.6100006103516,196.3300018310547,9367000,186.28868103027344
2024-03-21,196.5200042724609,199.42999267578125,196.3300018310547,199.05999755859372,11203800,188.8790283203125
2024-03-22,199.00999450683597,200.47999572753903,196.5399932861328,196.6199951171875,8108800,186.56382751464844
2024-03-25,196.6000061035156,196.94000244140625,194.3600006103516,194.82000732421875,8620000,184.8559112548828
2024-03-26,194.58999633789065,196.66000366210935,194.05999755859372,195.72999572753903,5961500,185.7193603515625
2024-03-27,196.5,199.6000061035156,196.3800048828125,199.5200042724609,8725800,189.31553649902344
2024-03-28,199.4900054931641,200.72000122070312,198.5399932861328,200.3000030517578,8628300,190.0556640625
2024-04-01,199.9900054931641,200.94000244140625,198.57000732421875,198.94000244140625,7309000,188.76519775390625
2024-04-02,198.38999938964844,199.77999877929688,198.0800018310547,198.8600006103516,7014700,188.6892852783203
2024-04-03,199.0399932861328,199.55999755859372,197.6999969482422,198.3000030517578,9353400,188.15792846679688
2024-04-04,199.1499938964844,199.67999267578125,195.5500030517578,195.6499938964844,9243800,186.7263336181641
2024-04-05,196.16000366210935,198.1199951171875,195.1100006103516,197.4499969482422,6532300,188.4442443847656
2024-04-08,197.6199951171875,198.97999572753903,197.6199951171875,198.47999572753903,8001000,189.42727661132807
2024-04-09,198.07000732421875,198.8800048828125,194.91000366210935,197.1499938964844,7351500,188.1579132080078
2024-04-10,195.5500030517578,197.07000732421875,194.17999267578125,195.47000122070312,7681400,186.5545654296875
2024-04-11,196.0,196.57000732421875,193.2400054931641,195.42999267578125,10137700,186.516357421875
2024-04-12,188.32000732421875,188.92999267578125,182.5399932861328,182.7899932861328,31532300,174.45286560058594
2024-04-15,184.5,187.4600067138672,182.1999969482422,182.88999938964844,14766600,174.54833984375
2024-04-16,182.8999938964844,183.16000366210935,179.64999389648438,180.8000030517578,16451800,172.55364990234375
2024-04-17,181.3699951171875,182.4199981689453,179.1999969482422,180.0800018310547,9017100,171.8665008544922
2024-04-18,181.1000061035156,183.3600006103516,179.97000122070312,181.25,9557700,172.98312377929688
2024-04-19,182.3999938964844,185.8800048828125,181.41000366210935,185.8000030517578,13402300,177.3255615234375
2024-04-22,185.9900054931641,190.1300048828125,185.97999572753903,189.41000366210935,11529700,180.77093505859372
2024-04-23,191.1300048828125,192.22999572753903,190.5200042724609,192.13999938964844,9144400,183.37643432617188
2024-04-24,190.52999877929688,193.22999572753903,190.1699981689453,193.0800018310547,6964900,184.2735748291016
2024-04-25,192.25,193.94000244140625,191.17999267578125,193.3699951171875,9802300,184.55032348632807
2024-04-26,193.57000732421875,194.8699951171875,193.05999755859372,193.4900054931641,6413700,184.6648712158203
2024-04-29,193.47999572753903,194.25999450683597,192.42999267578125,193.27999877929688,5387800,184.4644470214844
2024-04-30,192.80999755859372,194.9900054931641,191.63999938964844,191.7400054931641,8153700,182.99468994140625
2024-05-01,192.2700042724609,194.4600067138672,190.7899932861328,191.8600006103516,7445300,183.10919189453125
2024-05-02,193.07000732421875,193.5,189.5200042724609,191.66000366210935,6501700,182.91830444335935
2024-05-03,192.0,192.52999877929688,188.4600067138672,190.50999450683597,8922800,181.82077026367188
2024-05-06,191.72999572753903,192.1999969482422,189.82000732421875,192.0,7911100,183.2427978515625
2024-05-07,191.6999969482422,192.92999267578125,191.6499938964844,191.75,7688800,183.00421142578125
2024-05-08,191.0,196.6499938964844,191.0,195.6499938964844,9227600,186.7263336181641
2024-05-09,195.1699981689453,197.58999633789065,195.1000061035156,197.5,7977300,188.4919586181641
2024-05-10,198.5399932861328,199.33999633789065,198.2700042724609,198.7700042724609,7529800,189.7040252685547
2024-05-13,198.8000030517578,199.8500061035156,198.0399932861328,198.72999572753903,7049200,189.66587829589844
2024-05-14,199.0,201.5800018310547,198.16000366210935,201.50999450683597,8596200,192.31903076171875
2024-05-15,202.00999450683597,202.69000244140625,199.7700042724609,202.1100006103516,8370000,192.89170837402344
2024-05-16,202.22000122070312,204.47999572753903,201.9900054931641,202.47000122070312,8497900,193.23529052734372
2024-05-17,203.80999755859372,205.0500030517578,202.80999755859372,204.7899932861328,9260500,195.449462890625
2024-05-20,204.38999938964844,205.8800048828125,195.3999938964844,195.5800018310547,17373300,186.65953063964844
2024-05-21,197.0,199.8999938964844,196.6000061035156,199.5200042724609,14420800,190.4198303222656
2024-05-22,199.0,200.94000244140625,197.69000244140625,198.30999755859372,9425300,189.26502990722656
2024-05-23,197.80999755859372,198.3000030517578,196.07000732421875,196.9199981689453,8069400,187.93841552734372
2024-05-24,197.75,200.75999450683597,197.55999755859372,200.7100067138672,7356200,191.55555725097656
2024-05-28,199.8600006103516,200.41000366210935,198.66000366210935,199.5,6910200,190.40072631835935
2024-05-29,198.0,198.9900054931641,196.88999938964844,198.1100006103516,6120000,189.0741424560547
2024-05-30,198.55999755859372,199.8500061035156,198.3999938964844,199.3300018310547,6829100,190.2384796142578
2024-05-31,199.3000030517578,203.3000030517578,198.3500061035156,202.6300048828125,14417900,193.38800048828125
2024-06-03,202.30999755859372,202.4199981689453,199.19000244140625,201.82000732421875,6444300,192.61492919921875
2024-06-04,200.16000366210935,201.97999572753903,198.27999877929688,199.16000366210935,6848300,190.0762176513672
2024-06-05,199.75999450683597,199.82000732421875,196.9199981689453,197.25999450683597,8351600,188.26287841796875
2024-06-06,197.25999450683597,198.0200042724609,195.3300018310547,196.91000366210935,7640300,187.9288787841797
2024-06-07,197.42999267578125,200.9199981689453,197.00999450683597,199.9499969482422,6964500,190.8302001953125
2024-06-10,199.2400054931641,200.83999633789065,198.44000244140625,199.6100006103516,6070800,190.50572204589844
2024-06-11,197.91000366210935,197.94000244140625,193.6000061035156,194.3600006103516,9235300,185.4951629638672
2024-06-12,196.0,196.72000122070312,191.30999755859372,191.52999877929688,12751300,182.7942352294922
2024-06-13,192.32000732421875,194.5800018310547,190.8800048828125,193.66000366210935,8587800,184.8271026611328
2024-06-14,191.4499969482422,194.8600006103516,191.4199981689453,193.77999877929688,6874000,184.94163513183597
2024-06-17,193.47999572753903,195.5800018310547,192.63999938964844,194.97999572753903,8725400,186.0868682861328
2024-06-18,194.6000061035156,197.9600067138672,194.1300048828125,197.0,9023000,188.01475524902344
2024-06-20,196.38999938964844,199.4499969482422,196.1100006103516,198.6699981689453,8731100,189.6085968017578
2024-06-21,196.7100067138672,197.1699981689453,194.22000122070312,196.3000030517578,20972100,187.3466796875
2024-06-24,197.80999755859372,199.22999572753903,197.1000061035156,198.8800048828125,9785900,189.8090362548828
2024-06-25,198.08999633789065,200.07000732421875,197.7400054931641,198.07000732421875,6862500,189.03594970703125
2024-06-26,197.4499969482422,197.94000244140625,196.27999877929688,197.42999267578125,7758600,188.42514038085935
2024-06-27,197.44000244140625,199.8600006103516,196.8999938964844,199.1699981689453,7913500,190.0857696533203
2024-06-28,200.00999450683597,202.6000061035156,199.3000030517578,202.25999450683597,15307600,193.0348358154297
2024-07-01,202.83999633789065,207.08999633789065,202.66000366210935,205.4499969482422,10205800,196.0793609619141
2024-07-02,205.2899932861328,208.8600006103516,204.7700042724609,208.8300018310547,7802900,199.3052215576172
2024-07-03,209.5500030517578,210.3800048828125,207.6499938964844,208.69000244140625,5560900,199.17160034179688
2024-07-05,206.9900054931641,207.3699951171875,204.5200042724609,204.7899932861328,8093100,196.532470703125
2024-07-08,205.0399932861328,206.8999938964844,203.97000122070312,205.1699981689453,8707000,196.89712524414065
2024-07-09,205.6300048828125,209.75999450683597,205.4499969482422,207.6300048828125,9058900,199.25796508789065
2024-07-10,206.13999938964844,207.97000122070312,205.5800018310547,207.8000030517578,8328500,199.4210968017578
2024-07-11,206.2100067138672,208.1000061035156,205.3800048828125,207.4499969482422,10658100,199.085205078125
2024-07-12,204.0,207.4499969482422,202.1000061035156,204.94000244140625,15443400,196.67642211914065
2024-07-15,207.19000244140625,211.6100006103516,206.72000122070312,210.0500030517578,10719700,201.58035278320312
2024-07-16,210.0,213.7400054931641,208.0800018310547,213.6199951171875,11557000,205.0064239501953
2024-07-17,213.8000030517578,217.55999755859372,213.2700042724609,216.8699951171875,11572500,208.12538146972656
2024-07-18,215.6300048828125,216.63999938964844,209.2400054931641,209.97999572753903,12415100,201.5132293701172
2024-07-19,211.1999969482422,212.3500061035156,208.9199981689453,209.77999877929688,8095900,201.3212738037109
2024-07-22,210.4600067138672,212.1699981689453,209.7100067138672,210.27999877929688,7663200,201.8011016845703
2024-07-23,211.0200042724609,211.47999572753903,209.3500061035156,210.3300018310547,5557300,201.8490753173828
2024-07-24,209.5500030517578,212.02999877929688,208.07000732421875,208.58999633789065,7119000,200.17926025390625
2024-07-25,208.6499938964844,210.19000244140625,208.0500030517578,208.6699981689453,6403800,200.2559967041016
2024-07-26,209.2400054931641,213.16000366210935,208.6199951171875,212.2400054931641,8027800,203.6820831298828
2024-07-29,212.6499938964844,213.6100006103516,210.5500030517578,210.8500061035156,6533600,202.3481292724609
2024-07-30,213.22999572753903,215.7899932861328,212.9600067138672,215.19000244140625,8850700,206.51312255859372
2024-07-31,214.77999877929688,216.38999938964844,212.6699981689453,212.8000030517578,9071600,204.2194976806641
2024-08-01,213.1999969482422,213.8300018310547,206.3800048828125,207.9600067138672,10918600,199.5746612548828
2024-08-02,203.8800048828125,204.6699981689453,196.88999938964844,199.13999938964844,18041700,191.1102752685547
2024-08-05,194.0500030517578,196.1699981689453,190.8999938964844,194.8999938964844,13927000,187.04124450683597
2024-08-06,195.3999938964844,202.6000061035156,194.0,200.33999633789065,10605800,192.2618865966797
2024-08-07,203.50999450683597,205.75,200.1999969482422,200.3999938964844,9204400,192.3194580078125
2024-08-08,202.47000122070312,204.91000366210935,201.7899932861328,204.05999755859372,7761200,195.83189392089844
2024-08-09,203.47000122070312,206.47000122070312,202.8999938964844,205.8000030517578,5540200,197.50173950195312
2024-08-12,206.41000366210935,207.13999938964844,203.66000366210935,206.19000244140625,6936000,197.8760223388672
2024-08-13,207.72999572753903,208.08999633789065,205.3999938964844,207.94000244140625,6387800,199.55545043945312
2024-08-14,207.7400054931641,210.75999450683597,207.1199951171875,210.2400054931641,6999800,201.76272583007807
2024-08-15,213.0,213.88999938964844,211.1000061035156,211.5500030517578,7001000,203.0198974609375
2024-08-16,211.69000244140625,214.08999633789065,211.58999633789065,213.97000122070312,7931200,205.3423309326172
2024-08-19,214.0,215.52999877929688,213.82000732421875,215.4499969482422,6090800,206.7626190185547
2024-08-20,215.0,216.0,213.67999267578125,214.5200042724609,5640000,205.87013244628903
2024-08-21,214.42999267578125,215.0,212.83999633789065,214.6000061035156,5202300,205.94692993164065
2024-08-22,214.5800018310547,216.8000030517578,214.33999633789065,216.6300048828125,5247100,207.89505004882807
2024-08-23,217.6000061035156,219.19000244140625,216.5,218.30999755859372,7214000,209.5073089599609
2024-08-26,219.00999450683597,219.67999267578125,218.0500030517578,219.1699981689453,5105200,210.3326416015625
2024-08-27,219.50999450683597,220.4199981689453,219.19000244140625,220.17999267578125,5185200,211.3018951416016
2024-08-28,219.25,222.2100067138672,219.19000244140625,221.2899932861328,6506400,212.3671722412109
2024-08-29,222.1499938964844,222.97999572753903,218.94000244140625,222.2100067138672,6416100,213.25006103515625
2024-08-30,222.5,225.47999572753903,221.92999267578125,224.8000030517578,8574100,215.7356109619141
2024-09-03,222.3000030517578,224.1000061035156,219.2400054931641,220.3000030517578,8956100,211.4170684814453
2024-09-04,221.0399932861328,222.07000732421875,217.2100067138672,219.3300018310547,7389500,210.48619079589844
2024-09-05,220.1499938964844,220.8000030517578,216.02999877929688,217.6300048828125,8067900,208.85472106933597
2024-09-06,217.6000061035156,218.7400054931641,211.08999633789065,212.4600067138672,7777000,203.8932342529297
2024-09-09,215.19000244140625,218.1499938964844,214.17999267578125,216.80999755859372,8935100,208.0677947998047
2024-09-10,218.6000061035156,218.63999938964844,200.6100006103516,205.55999755859372,28406900,197.2714385986328
2024-09-11,205.25,207.6999969482422,201.8300018310547,207.22999572753903,13658700,198.8740692138672
2024-09-12,207.6499938964844,208.77999877929688,204.88999938964844,206.6000061035156,9054400,198.2694854736328
2024-09-13,206.8600006103516,207.8500061035156,203.0200042724609,204.32000732421875,10226700,196.0814208984375
2024-09-16,205.8300018310547,208.2100067138672,205.58999633789065,207.8600006103516,8634900,199.4786834716797
2024-09-17,207.72999572753903,209.92999267578125,207.66000366210935,209.25,7573300,200.8126220703125
2024-09-18,209.00999450683597,211.33999633789065,206.6999969482422,207.52999877929688,8259900,199.16197204589844
2024-09-19,209.77999877929688,211.91000366210935,207.33999633789065,210.47999572753903,11635200,201.99302673339844
2024-09-20,209.92999267578125,211.4199981689453,209.5,211.08999633789065,20885000,202.57846069335935
2024-09-23,211.0,211.8000030517578,209.9900054931641,211.44000244140625,7223500,202.91433715820312
2024-09-24,211.1499938964844,212.9499969482422,210.3699951171875,211.58999633789065,7323200,203.05828857421875
2024-09-25,211.67999267578125,212.2400054931641,208.6100006103516,210.19000244140625,8976500,201.71473693847656
2024-09-26,211.1300048828125,211.6999969482422,209.00999450683597,209.77999877929688,7807500,201.3212738037109
2024-09-27,210.6499938964844,212.44000244140625,209.3300018310547,210.5,7032500,202.01222229003903
2024-09-30,206.30999755859372,210.9600067138672,205.25999450683597,210.8600006103516,8663800,202.35772705078125
2024-10-01,208.8999938964844,209.08999633789065,206.19000244140625,207.0399932861328,8540100,198.6917266845703
2024-10-02,207.0800018310547,208.9499969482422,205.69000244140625,207.2899932861328,5810900,198.93167114257807
2024-10-03,206.1699981689453,206.4900054931641,204.33999633789065,205.22999572753903,7251300,196.9547119140625
2024-10-04,209.3000030517578,211.6699981689453,206.91000366210935,211.22000122070312,10211700,203.94537353515625
2024-10-07,211.02999877929688,213.3300018310547,209.69000244140625,210.92999267578125,6718900,203.66537475585935
2024-10-08,210.5800018310547,211.3300018310547,208.3800048828125,210.75,6021800,203.49154663085935
2024-10-09,209.6999969482422,214.2400054931641,209.3800048828125,213.4199981689453,7024000,206.06961059570312
2024-10-10,214.80999755859372,214.80999755859372,211.47000122070312,212.83999633789065,7927100,205.5095672607422
2024-10-11,215.6699981689453,224.6300048828125,215.16000366210935,222.2899932861328,18320700,214.63409423828125
2024-10-14,223.1999969482422,223.6999969482422,218.8800048828125,221.47999572753903,9048900,213.8520050048828
2024-10-15,223.66000366210935,225.4499969482422,221.82000732421875,222.38999938964844,9235800,214.73065185546875
2024-10-16,222.3300018310547,223.67999267578125,221.0399932861328,223.63999938964844,6382500,215.9376220703125
2024-10-17,224.2700042724609,225.8500061035156,223.30999755859372,224.4199981689453,6470200,216.69076538085935
2024-10-18,225.0,225.9199981689453,223.1000061035156,225.3699951171875,7000500,217.6080322265625
2024-10-21,225.22000122070312,225.6999969482422,222.8999938964844,223.0,5870000,215.3196258544922
2024-10-22,223.0200042724609,225.27999877929688,221.1000061035156,224.1199951171875,9586800,216.4010772705078
2024-10-23,223.66000366210935,224.8000030517578,222.52999877929688,223.41000366210935,6180500,215.7155303955078
2024-10-24,221.8300018310547,225.05999755859372,221.66000366210935,224.97999572753903,6002200,217.2314453125
2024-10-25,225.0,225.6199951171875,220.8800048828125,222.30999755859372,6369700,214.6534423828125
2024-10-28,223.3500061035156,225.63999938964844,222.9499969482422,225.5,6843000,217.73355102539065
2024-10-29,225.2100067138672,226.75,222.80999755859372,222.8999938964844,6580000,215.2230987548828
2024-10-30,222.5399932861328,226.30999755859372,221.5800018310547,224.41000366210935,7110900,216.68112182617188
2024-10-31,224.6999969482422,225.69000244140625,221.82000732421875,221.9199981689453,7829900,214.2768402099609
2024-11-01,223.55999755859372,226.1499938964844,222.6999969482422,222.94000244140625,6923500,215.26171875
2024-11-04,222.6499938964844,223.75999450683597,219.1699981689453,219.77999877929688,8229600,212.21055603027344
2024-11-05,220.02999877929688,221.9600067138672,220.0,221.4900054931641,5600700,213.86167907714844
2024-11-06,235.0,248.0,234.7700042724609,247.05999755859372,23987800,238.551025390625
2024-11-07,244.5,244.57000732421875,235.22000122070312,236.3800048828125,16451100,228.2388458251953
2024-11-08,239.33999633789065,239.33999633789065,235.77999877929688,236.97999572753903,9502100,228.81817626953125
2024-11-11,240.0,242.1000061035156,239.0,239.2899932861328,9017100,231.0485992431641
2024-11-12,240.5500030517578,241.4600067138672,238.75999450683597,239.55999755859372,6861000,231.30929565429688
2024-11-13,240.5800018310547,244.08999633789065,240.30999755859372,241.16000366210935,11472600,232.85421752929688
2024-11-14,242.4199981689453,244.2899932861328,241.0500030517578,241.8699951171875,10172200,233.53973388671875
2024-11-15,241.4600067138672,246.4199981689453,241.4600067138672,245.30999755859372,11518800,236.86126708984372
2024-11-18,247.75999450683597,247.92999267578125,242.67999267578125,245.02999877929688,9051400,236.5908966064453
2024-11-19,242.25,245.1499938964844,241.5500030517578,243.08999633789065,6792700,234.7177276611328
2024-11-20,244.3999938964844,244.6100006103516,238.63999938964844,240.77999877929688,9015300,232.48727416992188
2024-11-21,243.22999572753903,245.4900054931641,242.1100006103516,244.75999450683597,8783500,236.33023071289065
2024-11-22,243.6100006103516,249.1499938964844,243.02999877929688,248.5500030517578,7997300,239.9896697998047
2024-11-25,249.58999633789065,254.30999755859372,249.05999755859372,250.2899932861328,10295400,241.6697540283203
2024-11-26,250.4900054931641,251.0,248.33999633789065,249.97000122070312,6212100,241.3607635498047
2024-11-27,249.3500061035156,251.19000244140625,248.7700042724609,249.7899932861328,5472300,241.1869659423828
2024-11-29,249.8600006103516,251.7700042724609,249.4499969482422,249.72000122070312,5494800,241.1194000244141
2024-12-02,249.5500030517578,250.25,245.02999877929688,246.25,8899700,237.76890563964844
2024-12-03,248.22999572753903,249.0399932861328,244.6300048828125,244.82000732421875,6657700,236.3881378173828
2024-12-04,244.6999969482422,245.3500061035156,242.22999572753903,243.3999938964844,7346300,235.01702880859372
2024-12-05,245.38999938964844,247.17999267578125,244.6199951171875,245.47999572753903,6572500,237.02540588378903
2024-12-06,245.6999969482422,247.7400054931641,244.83999633789065,247.3600006103516,5519700,238.84066772460935
2024-12-09,247.1300048828125,247.8699951171875,243.75999450683597,243.80999755859372,7076500,235.41293334960935
2024-12-10,243.88999938964844,247.9600067138672,242.22000122070312,242.8600006103516,9108300,234.49566650390625
2024-12-11,244.0,244.2700042724609,242.17999267578125,243.52999877929688,7884400,235.142578125
2024-12-12,243.0,244.1000061035156,241.0399932861328,241.52999877929688,6113800,233.21144104003903
2024-12-13,242.07000732421875,242.72000122070312,239.13999938964844,239.94000244140625,10392700,231.6762237548828
2024-12-16,240.6100006103516,240.6699981689453,237.5200042724609,239.5800018310547,9032000,231.32862854003903
2024-12-17,238.6499938964844,239.0200042724609,236.6300048828125,238.3600006103516,8083600,230.1506500244141
2024-12-18,239.0,239.07000732421875,229.52999877929688,230.3699951171875,11322400,222.43582153320312
2024-12-19,232.2700042724609,236.3600006103516,232.2700042724609,232.9600067138672,11790800,224.93663024902344
2024-12-20,231.9199981689453,239.2100067138672,231.58999633789065,237.6000061035156,32348400,229.4168243408203
2024-12-23,236.07000732421875,238.6199951171875,234.8800048828125,238.38999938964844,8611500,230.17962646484372
2024-12-24,239.42999267578125,242.4900054931641,239.07000732421875,242.30999755859372,3729100,233.964599609375
2024-12-26,241.42999267578125,243.25999450683597,240.7899932861328,243.13999938964844,4451800,234.7660217285156
2024-12-27,242.72000122070312,243.38999938964844,240.0399932861328,241.1699981689453,5730200,232.8638610839844
2024-12-30,238.7700042724609,240.83999633789065,237.1100006103516,239.32000732421875,5723800,231.07757568359372
2024-12-31,240.0500030517578,241.44000244140625,239.02999877929688,239.7100067138672,4871000,231.45413208007807
2025-01-02,240.9199981689453,243.27999877929688,239.4499969482422,240.0,9220900,231.7341461181641
2025-01-03,243.88999938964844,244.8800048828125,240.25999450683597,243.27999877929688,9491100,234.90118408203125
2025-01-06,243.6999969482422,245.69000244140625,240.5800018310547,240.8500061035156,9917800,233.75596618652344
2025-01-07,242.13999938964844,245.25999450683597,240.8999938964844,243.1699981689453,8753400,236.00759887695312
2025-01-08,242.75,244.25,240.5,243.1300048828125,8675300,235.96878051757807
2025-01-10,243.08999633789065,243.80999755859372,238.7400054931641,239.8699951171875,10256800,232.80479431152344
2025-01-13,239.6699981689453,244.5399932861328,239.0,244.2100067138672,10005300,237.01698303222656
2025-01-14,242.66000366210935,247.72000122070312,242.19000244140625,247.47000122070312,12407400,240.1809539794922
2025-01-15,250.3999938964844,253.6699981689453,243.67999267578125,252.3500061035156,18448500,244.9172515869141
2025-01-16,254.0,257.0400085449219,252.3300018310547,254.2700042724609,15292300,246.78065490722656
2025-01-17,254.13999938964844,260.6199951171875,252.13999938964844,259.1600036621094,17678100,251.5266571044922
2025-01-21,260.07000732421875,264.25,259.5,263.0299987792969,13712100,255.2826232910156
2025-01-22,262.8999938964844,263.3800048828125,260.25,262.8399963378906,9021900,255.0982360839844
2025-01-23,264.69000244140625,266.8599853515625,263.8099975585937,265.95001220703125,10749700,258.1166381835937
2025-01-24,263.69000244140625,267.1000061035156,263.010009765625,264.8399963378906,7666300,257.0393371582031
2025-01-27,264.1700134277344,265.9700012207031,262.260009765625,265.8500061035156,7522300,258.01959228515625
2025-01-28,265.8500061035156,267.3299865722656,264.8299865722656,267.1400146484375,7375400,259.27154541015625
2025-01-29,267.2099914550781,270.67999267578125,265.6099853515625,266.5799865722656,7684900,258.7280578613281
2025-01-30,268.6300048828125,269.70001220703125,266.6199951171875,268.2300109863281,8753500,260.3294677734375
2025-01-31,269.2300109863281,270.82000732421875,266.9599914550781,267.29998779296875,7193800,259.4268798828125
2025-02-03,261.8299865722656,268.1700134277344,261.70001220703125,266.8099975585937,8381400,258.9512939453125
2025-02-04,269.8399963378906,269.8399963378906,266.8299865722656,267.94000244140625,5626000,260.04803466796875
2025-02-05,268.9100036621094,270.6400146484375,268.3299865722656,270.42999267578125,5704400,262.46466064453125
2025-02-06,272.45001220703125,276.9800109863281,271.19000244140625,276.8999938964844,7264400,268.7441101074219
2025-02-07,277.2699890136719,278.54998779296875,274.7099914550781,275.79998779296875,6857900,267.6764831542969
2025-02-10,276.1499938964844,276.17999267578125,269.5899963378906,271.0400085449219,8627400,263.0567321777344
2025-02-11,270.260009765625,276.2200012207031,269.6600036621094,274.989990234375,7196400,266.8903503417969
2025-02-12,274.0799865722656,276.45001220703125,273.25,275.45001220703125,6683900,267.3367919921875
2025-02-13,275.5,276.9700012207031,273.8099975585937,276.32000732421875,8398700,268.18115234375
2025-02-14,277.3699951171875,279.2300109863281,276.45001220703125,276.5899963378906,5688600,268.4432373046875
2025-02-18,276.760009765625,279.9700012207031,276.0199890136719,279.95001220703125,7919800,271.70428466796875
2025-02-19,278.3800048828125,280.25,277.2200012207031,279.25,7007200,271.02490234375
2025-02-20,278.67999267578125,278.739990234375,265.739990234375,266.79998779296875,13846700,258.9415588378906
2025-02-21,268.32000732421875,269.20001220703125,262.8399963378906,264.239990234375,12835600,256.45703125
2025-02-24,265.489990234375,267.0,258.6099853515625,261.3399963378906,10372800,253.64244079589844
2025-02-25,262.2300109863281,263.0,253.3500061035156,257.3999938964844,9608400,249.81846618652344
2025-02-26,257.1600036621094,260.9100036621094,256.92999267578125,258.7900085449219,5943600,251.1675262451172
2025-02-27,260.17999267578125,263.6400146484375,257.8599853515625,259.04998779296875,8204400,251.41986083984372
2025-02-28,260.7300109863281,264.8099975585937,257.8900146484375,264.6499938964844,10467100,256.8549194335937
2025-03-03,264.0,266.32000732421875,257.82000732421875,260.6199951171875,9058300,252.94363403320312
2025-03-04,255.27999877929688,257.2300109863281,245.9499969482422,250.25,13465600,242.8790740966797
2025-03-05,251.25,253.0500030517578,247.8300018310547,251.52999877929688,7861400,244.12136840820312
2025-03-06,248.1100006103516,249.3600006103516,243.8500061035156,246.5399932861328,9983200,239.27833557128903
2025-03-07,245.22999572753903,246.72000122070312,239.4199981689453,242.27999877929688,20498700,235.1438140869141
2025-03-10,236.2100067138672,237.50999450683597,228.6999969482422,232.22000122070312,18887200,225.380126953125
2025-03-11,231.75,233.32000732421875,226.69000244140625,229.13999938964844,18143000,222.39085388183597
2025-03-12,234.0,234.32000732421875,227.25999450683597,227.8999938964844,16054000,221.1873779296875
2025-03-13,229.3000030517578,229.5,224.22999572753903,225.19000244140625,16467900,218.55718994140625
2025-03-14,228.1199951171875,233.13999938964844,227.5800018310547,232.44000244140625,11962100,225.5936737060547
2025-03-17,231.17999267578125,235.6699981689453,230.4600067138672,233.92999267578125,9586000,227.03977966308597
2025-03-18,234.32000732421875,236.1699981689453,233.5200042724609,234.97000122070312,10344900,228.04913330078125
2025-03-19,235.7400054931641,242.3300018310547,234.88999938964844,239.1100006103516,10120600,232.06719970703125
2025-03-20,236.55999755859372,241.75999450683597,236.1999969482422,239.00999450683597,8328500,231.9701385498047
2025-03-21,237.80999755859372,242.3000030517578,236.5,241.6300048828125,19326900,234.5129852294922
2025-03-24,245.47999572753903,248.69000244140625,244.41000366210935,248.05999755859372,9422700,240.7535858154297
2025-03-25,249.30999755859372,251.82000732421875,247.6199951171875,251.1300048828125,9287700,243.733154296875
2025-03-26,252.6000061035156,254.6699981689453,249.77999877929688,251.02999877929688,12779300,243.63609313964844
2025-03-27,249.52999877929688,250.63999938964844,247.17999267578125,248.1199951171875,8022500,240.8118133544922
2025-03-28,246.94000244140625,249.50999450683597,241.1100006103516,242.8500061035156,11978400,235.6970367431641
2025-03-31,239.41000366210935,245.8600006103516,237.3600006103516,245.3000030517578,13603000,238.07489013671875
2025-04-01,242.6199951171875,245.69000244140625,240.8800048828125,243.66000366210935,8054700,236.4831695556641
2025-04-02,241.6000061035156,247.25,241.4600067138672,245.82000732421875,7758800,238.5795745849609
2025-04-03,234.2700042724609,235.13999938964844,227.3000030517578,228.69000244140625,17188500,221.9541015625
2025-04-04,215.30999755859372,217.6999969482422,208.92999267578125,210.27999877929688,27170700,205.3434295654297
2025-04-07,205.7700042724609,222.0500030517578,202.16000366210935,214.44000244140625,22914400,209.40579223632807
2025-04-08,223.5200042724609,227.83999633789065,213.25,216.8699951171875,19485700,211.7787170410156
2025-04-09,212.5,237.47999572753903,211.0,234.33999633789065,24022400,228.8385772705078
2025-04-10,230.0,230.3500061035156,220.1000061035156,227.1100006103516,18896400,221.77833557128903
2025-04-11,226.30999755859372,238.5800018310547,225.0,236.1999969482422,20284500,230.6549224853516
2025-04-14,237.1000061035156,239.77999877929688,233.6300048828125,234.72000122070312,13017800,229.20965576171875
2025-04-15,236.1000061035156,238.6499938964844,232.82000732421875,233.1300048828125,10912900,227.65701293945312
2025-04-16,232.0,233.5800018310547,227.92999267578125,229.6100006103516,9322300,224.2196350097656
2025-04-17,230.8000030517578,234.33999633789065,230.5500030517578,231.9600067138672,9557900,226.5144805908203
2025-04-21,230.6300048828125,231.80999755859372,226.33999633789065,228.9900054931641,8716200,223.61422729492188
2025-04-22,231.97999572753903,235.9900054931641,231.3699951171875,235.58999633789065,10701400,230.0592498779297
2025-04-23,240.22000122070312,246.7899932861328,240.0,240.8800048828125,14126800,235.2250823974609
2025-04-24,239.7400054931641,245.47000122070312,237.5800018310547,244.63999938964844,9055200,238.89678955078125
2025-04-25,244.6499938964844,245.6199951171875,241.75,243.5500030517578,8588600,237.8323974609375
2025-04-28,244.55999755859372,246.83999633789065,240.83999633789065,243.22000122070312,7394300,237.5101318359375
2025-04-29,242.19000244140625,245.25,241.69000244140625,244.6199951171875,7216800,238.87725830078125
2025-04-30,241.2100067138672,245.22000122070312,238.42999267578125,244.6199951171875,12991700,238.87725830078125
2025-05-01,242.83999633789065,248.4499969482422,242.1699981689453,246.88999938964844,8689600,241.09397888183597
2025-05-02,251.25999450683597,253.6199951171875,249.4600067138672,252.50999450683597,7165000,246.58203125
2025-05-05,251.17999267578125,255.16000366210935,250.58999633789065,252.55999755859372,5450700,246.630859375
2025-05-06,250.0,252.6499938964844,249.0,249.25,6369900,243.3985595703125
2025-05-07,249.8500061035156,252.4499969482422,248.8300018310547,249.38999938964844,8724100,243.5352783203125
2025-05-08,251.57000732421875,255.8800048828125,251.5500030517578,253.47000122070312,8320100,247.51950073242188
2025-05-09,254.5,255.50999450683597,252.33999633789065,253.0800018310547,5087600,247.13864135742188
2025-05-12,262.8999938964844,263.6000061035156,258.70001220703125,260.04998779296875,9603900,253.94500732421875
2025-05-13,261.0299987792969,263.6700134277344,260.3900146484375,263.010009765625,8589000,256.83551025390625
2025-05-14,263.0,266.6400146484375,262.2900085449219,265.6400146484375,8643100,259.4037780761719
2025-05-15,266.9700012207031,269.5199890136719,264.760009765625,267.489990234375,9214600,261.2103271484375
2025-05-16,267.5,268.4599914550781,264.7099914550781,267.5599975585937,8932900,261.2786865234375
2025-05-19,265.54998779296875,268.32000732421875,261.92999267578125,264.8800048828125,12145000,258.66168212890625
2025-05-20,262.5199890136719,266.6600036621094,262.29998779296875,265.67999267578125,8436300,259.4428405761719
2025-05-21,264.3500061035156,265.6499938964844,260.7300109863281,261.0400085449219,7464000,254.9117584228516
2025-05-22,259.44000244140625,262.29998779296875,258.8699951171875,260.6700134277344,6514100,254.5504608154297
2025-05-23,256.8099975585937,261.989990234375,256.0,260.7099914550781,6671800,254.5894927978516
2025-05-27,262.0400085449219,265.29998779296875,261.989990234375,265.2900085449219,7506600,259.06201171875
2025-05-28,266.239990234375,266.7200012207031,262.8999938964844,263.489990234375,5535400,257.3042297363281
2025-05-29,264.79998779296875,265.4100036621094,262.5299987792969,264.3699951171875,5081200,258.16357421875
2025-05-30,263.45001220703125,265.3299865722656,262.7300109863281,264.0,10977700,257.80230712890625
2025-06-02,263.0199890136719,265.0299987792969,261.8999938964844,264.6600036621094,6011200,258.4468078613281
2025-06-03,263.7300109863281,266.5799865722656,262.8800048828125,266.2699890136719,6998400,260.0189819335937
2025-06-04,265.9200134277344,267.1199951171875,264.17999267578125,264.2200012207031,5915700,258.0171203613281
2025-06-05,264.739990234375,264.739990234375,260.3099975585937,261.95001220703125,8173800,255.8004150390625
2025-06-06,264.3299865722656,266.6499938964844,264.260009765625,265.7300109863281,7738100,259.49169921875
2025-06-09,266.0,267.8999938964844,263.3500061035156,266.739990234375,8285000,260.4779663085937
2025-06-10,265.8800048828125,268.8999938964844,265.8500061035156,268.6000061035156,7538100,262.2943420410156
2025-06-11,268.67999267578125,269.6199951171875,265.7900085449219,268.1499938964844,7434100,261.8548278808594
2025-06-12,266.8599853515625,268.2900085449219,265.1400146484375,268.239990234375,6618000,261.9427795410156
2025-06-13,265.0799865722656,267.0199890136719,262.7099914550781,264.95001220703125,7098300,258.7300109863281
2025-06-16,267.0,271.7300109863281,266.8500061035156,270.3599853515625,8566000,264.0129699707031
2025-06-17,268.1700134277344,270.5899963378906,267.79998779296875,269.5199890136719,6739300,263.19268798828125
2025-06-18,270.0,277.7200012207031,269.7200012207031,273.9599914550781,9586400,267.5284423828125
2025-06-20,275.57000732421875,277.29998779296875,273.8099975585937,275.0,13969700,268.5440368652344
2025-06-23,275.0599975585937,278.54998779296875,272.1099853515625,278.2699890136719,8094600,271.7372741699219
2025-06-24,280.2099914550781,282.7099914550781,279.510009765625,281.260009765625,9267900,274.6571044921875
2025-06-25,281.5,284.2799987792969,280.9100036621094,284.0599975585937,6826900,277.391357421875
2025-06-26,284.70001220703125,289.4100036621094,284.4700012207031,288.75,8942100,281.9712829589844
2025-06-27,285.8099975585937,288.70001220703125,285.0400085449219,287.1099853515625,17868600,280.3697509765625
2025-06-30,290.3999938964844,292.6499938964844,288.9200134277344,289.9100036621094,12689200,283.10400390625
2025-07-01,290.8900146484375,291.1300048828125,286.5899963378906,290.4100036621094,9338300,283.59228515625
2025-07-02,292.0400085449219,292.82000732421875,289.70001220703125,292.0,8158700,285.1449584960937
2025-07-03,292.1499938964844,296.3999938964844,291.2099914550781,296.0,6541600,290.4435729980469
2025-07-07,295.25,296.0400085449219,290.0799865722656,291.9700012207031,8825700,286.4892578125
2025-07-08,289.2699890136719,289.70001220703125,280.3099975585937,282.7799987792969,15440900,277.4717712402344
2025-07-09,287.17999267578125,287.20001220703125,282.4800109863281,283.1600036621094,11273800,277.8446350097656
2025-07-10,283.0,288.3099975585937,283.0,288.19000244140625,8410900,282.7802124023437
2025-07-11,285.5199890136719,287.3800048828125,283.6499938964844,286.8599853515625,7384700,281.4751281738281
2025-07-14,287.07000732421875,289.29998779296875,285.260009765625,288.70001220703125,9079900,283.2806396484375
2025-07-15,288.0,291.95001220703125,285.4800109863281,286.54998779296875,12526100,281.1709899902344
2025-07-16,288.3999938964844,290.7300109863281,283.010009765625,285.82000732421875,9979800,280.4547119140625
2025-07-17,283.44000244140625,290.29998779296875,283.44000244140625,289.8999938964844,8509500,284.4580993652344
2025-07-18,289.5199890136719,292.5,288.2300109863281,291.2699890136719,12217000,285.8023681640625
2025-07-21,291.0,294.17999267578125,290.5799865722656,290.9700012207031,7898100,285.50799560546875
2025-07-22,291.5,293.6300048828125,289.17999267578125,291.42999267578125,6717500,285.9593811035156
2025-07-23,292.8399963378906,296.989990234375,292.54998779296875,296.760009765625,7083500,291.1893615722656
2025-07-24,297.4200134277344,299.5899963378906,296.20001220703125,296.54998779296875,7001200,290.9832458496094
2025-07-25,296.70001220703125,298.8999938964844,295.9599914550781,298.6199951171875,5918500,293.014404296875
2025-07-28,297.6600036621094,299.42999267578125,296.82000732421875,298.2799987792969,5840400,292.6807861328125
2025-07-29,300.0,301.2900085449219,296.20001220703125,297.0400085449219,7635700,291.4640808105469
2025-07-30,297.4200134277344,300.6099853515625,297.3800048828125,299.6300048828125,8061700,294.0054626464844
2025-07-31,299.1400146484375,300.9800109863281,295.5,296.239990234375,14749700,290.6790771484375
2025-08-01,290.3999938964844,291.79998779296875,284.239990234375,289.3699951171875,12007100,283.9380798339844
2025-08-04,290.260009765625,294.32000732421875,290.260009765625,294.260009765625,6649500,288.7362670898437
2025-08-05,294.69000244140625,295.7900085449219,287.239990234375,291.3699951171875,7182300,285.9005126953125
2025-08-06,292.29998779296875,293.2900085449219,290.1600036621094,291.3500061035156,6330200,285.8808898925781
2025-08-07,292.94000244140625,293.4599914550781,286.4100036621094,286.94000244140625,8057100,281.5537109375
2025-08-08,288.9800109863281,291.2300109863281,284.7099914550781,288.760009765625,6634100,283.3394775390625
2025-08-11,289.3999938964844,291.32000732421875,288.7799987792969,289.5599975585937,5510100,284.1244812011719
2025-08-12,291.5,294.75,290.3399963378906,292.8500061035156,8570900,287.35272216796875
2025-08-13,293.95001220703125,294.54998779296875,287.1600036621094,290.5299987792969,8420400,285.0762939453125
2025-08-14,290.5799865722656,294.20001220703125,289.6400146484375,294.1600036621094,6322400,288.6381225585937
2025-08-15,294.8399963378906,295.5,289.82000732421875,290.489990234375,7340500,285.0370178222656
2025-08-18,290.0,291.8999938964844,288.4100036621094,291.5299987792969,5386900,286.0574951171875
2025-08-19,290.8299865722656,292.4800109863281,289.5299987792969,290.6600036621094,6031500,285.203857421875
2025-08-20,290.8099975585937,293.3299865722656,287.2699890136719,292.239990234375,7374200,286.754150390625
2025-08-21,291.94000244140625,292.7699890136719,289.4700012207031,291.4700012207031,6624000,285.9986572265625
2025-08-22,293.20001220703125,297.1600036621094,290.1300048828125,296.239990234375,8552800,290.6790771484375
2025-08-25,296.239990234375,297.3500061035156,294.1400146484375,294.8999938964844,5856300,289.3642272949219
2025-08-26,294.1600036621094,298.739990234375,293.5,298.57000732421875,6714700,292.96539306640625
2025-08-27,297.25,301.07000732421875,297.0400085449219,299.2799987792969,6056500,293.6620178222656
2025-08-28,300.0199890136719,301.239990234375,298.70001220703125,301.07000732421875,6410500,295.4184265136719
2025-08-29,302.0400085449219,302.95001220703125,299.7300109863281,301.4200134277344,6796400,295.7618408203125
2025-09-02,300.260009765625,300.4599914550781,294.5,299.70001220703125,7221900,294.0741577148437
2025-09-03,300.57000732421875,300.57000732421875,296.3800048828125,299.510009765625,6316900,293.8877258300781
2025-09-04,300.0,304.42999267578125,298.2799987792969,303.82000732421875,6605800,298.1168212890625
2025-09-05,303.6499938964844,305.1499938964844,294.3099975585937,294.3800048828125,9837700,288.85400390625
2025-09-08,294.8900146484375,296.4599914550781,291.44000244140625,292.9100036621094,8188500,287.41162109375
2025-09-09,292.6000061035156,299.0,292.3099975585937,297.8500061035156,7848200,292.25885009765625
2025-09-10,296.70001220703125,301.5400085449219,295.3999938964844,300.5400085449219,7787300,294.8984069824219
2025-09-11,301.239990234375,305.7300109863281,300.7900085449219,305.5599975585937,7942500,299.8241271972656
2025-09-12,305.0,307.54998779296875,303.70001220703125,306.9100036621094,6846700,301.1488037109375
2025-09-15,307.1700134277344,309.95001220703125,307.1700134277344,308.8999938964844,7122000,303.1014404296875
2025-09-16,310.0,310.8999938964844,307.1300048828125,309.19000244140625,10525600,303.3860168457031
2025-09-17,310.3900146484375,312.9100036621094,308.7699890136719,311.75,8657800,305.89794921875
2025-09-18,311.7900085449219,313.44000244140625,309.6099853515625,313.2300109863281,8050700,307.35015869140625
2025-09-19,313.6000061035156,315.79998779296875,309.1199951171875,314.7799987792969,23568600,308.8710327148437
2025-09-22,309.79998779296875,313.70001220703125,309.5599975585937,312.44000244140625,7520200,306.5749816894531
2025-09-23,311.82000732421875,316.3099975585937,310.5799865722656,312.739990234375,8584400,306.8693542480469
2025-09-24,314.04998779296875,316.5799865722656,311.6700134277344,313.4200134277344,7310500,307.5365905761719
2025-09-25,314.1199951171875,315.6499938964844,311.79998779296875,313.45001220703125,7083200,307.5660400390625
2025-09-26,314.8999938964844,317.8099975585937,313.70001220703125,316.0599975585937,7258100,310.1270446777344
2025-09-29,317.0599975585937,318.010009765625,313.6600036621094,315.69000244140625,6462400,309.7640075683594
2025-09-30,316.25,317.4100036621094,310.1099853515625,315.42999267578125,11823300,309.50885009765625
2025-10-01,313.9700012207031,314.5899963378906,307.4100036621094,310.7099914550781,9235200,304.8774719238281
2025-10-02,310.0,310.5599975585937,306.1400146484375,307.54998779296875,7600000,301.7767639160156
2025-10-03,308.510009765625,311.6600036621094,308.2099914550781,310.0299987792969,6029900,304.2102355957031
2025-10-06,310.17999267578125,311.75,305.1300048828125,309.17999267578125,7214500,304.8511047363281
2025-10-07,309.3500061035156,310.010009765625,304.70001220703125,307.69000244140625,8454200,303.3819885253906
2025-10-08,308.2099914550781,308.7799987792969,303.54998779296875,304.0299987792969,6489900,299.7732238769531
2025-10-09,305.04998779296875,308.0400085449219,303.3900146484375,305.5299987792969,7060300,301.2522277832031
2025-10-10,305.6600036621094,310.4700012207031,300.8099975585937,300.8900146484375,8597400,296.67724609375
2025-10-13,305.6000061035156,309.4599914550781,305.45001220703125,307.9700012207031,10788700,303.6580810546875
2025-10-14,305.8399963378906,307.0,294.2099914550781,302.0799865722656,16178800,297.8505249023437
2025-10-15,306.3900146484375,312.1199951171875,305.44000244140625,305.69000244140625,11354800,301.40997314453125
2025-10-16,305.3500061035156,308.67999267578125,297.07000732421875,298.5400085449219,10549400,294.360107421875
2025-10-17,299.1600036621094,299.54998779296875,294.20001220703125,297.5599975585937,10153500,293.3938293457031
2025-10-20,298.5,303.69000244140625,298.1600036621094,302.3599853515625,6894900,298.1265869140625
2025-10-21,301.6600036621094,304.04998779296875,297.0,297.0899963378906,7372700,292.9303894042969
2025-10-22,297.7699890136719,298.0599975585937,290.5400085449219,294.1099853515625,8054100,289.9921264648437
2025-10-23,294.3800048828125,296.3699951171875,292.510009765625,294.5400085449219,5438800,290.4161071777344
2025-10-24,296.0799865722656,302.6000061035156,295.45001220703125,300.44000244140625,7228300,296.2334899902344
2025-10-27,302.1600036621094,304.5299987792969,301.010009765625,304.1499938964844,5642200,299.8915710449219
2025-10-28,304.8599853515625,307.9700012207031,303.1600036621094,305.3599853515625,6336000,301.0845947265625
2025-10-29,303.510009765625,308.25,303.010009765625,305.510009765625,7520300,301.2325134277344
2025-10-30,305.7900085449219,312.6099853515625,305.1000061035156,309.44000244140625,7514600,305.10748291015625
2025-10-31,308.5400085449219,312.8699951171875,307.25,311.1199951171875,7721300,306.7639465332031
2025-11-03,311.0,312.32000732421875,306.2099914550781,309.3500061035156,7770000,305.01873779296875
2025-11-04,306.7099914550781,312.2200012207031,305.1000061035156,309.25,7085200,304.9201354980469
2025-11-05,309.6099853515625,313.1000061035156,305.6300048828125,311.67999267578125,6865200,307.31610107421875
2025-11-06,310.989990234375,314.8399963378906,310.260009765625,313.4200134277344,7206100,309.0317687988281
2025-11-07,311.8900146484375,314.42999267578125,307.6400146484375,314.2099914550781,7302300,309.8106689453125
2025-11-10,315.0,319.5599975585937,314.2099914550781,316.8900146484375,5794100,312.45318603515625
2025-11-11,317.5,319.04998779296875,315.2799987792969,315.6199951171875,5030200,311.2009582519531
2025-11-12,316.260009765625,322.25,316.2099914550781,320.4100036621094,10578300,315.92388916015625
2025-11-13,319.2300109863281,320.6300048828125,309.1000061035156,309.4800109863281,8973300,305.1469421386719
2025-11-14,307.510009765625,307.6400146484375,301.2300109863281,303.6099853515625,10327000,299.3591003417969
2025-11-17,304.0,305.5899963378906,297.6700134277344,300.3699951171875,8344000,296.1644592285156
2025-11-18,299.5,302.95001220703125,297.0199890136719,299.4100036621094,8077300,295.2178955078125
2025-11-19,299.739990234375,304.45001220703125,299.2699890136719,303.2699890136719,5546600,299.0238647460937
2025-11-20,306.3399963378906,309.9200134277344,298.1600036621094,298.3800048828125,7501600,294.20233154296875
2025-11-21,301.2900085449219,301.67999267578125,292.8099975585937,298.0199890136719,11766800,293.84735107421875
2025-11-24,298.239990234375,299.82000732421875,294.510009765625,298.0,10940200,293.8276672363281
2025-11-25,300.04998779296875,304.5,295.5599975585937,303.0,8877200,298.7576599121094
2025-11-26,305.0,308.5299987792969,303.20001220703125,307.6400146484375,7910900,303.33270263671875
2025-11-28,309.1000061035156,313.7200012207031,308.239990234375,313.0799865722656,4322400,308.6965026855469
2025-12-01,312.95001220703125,314.0400085449219,308.5400085449219,308.9200134277344,7727300,304.59478759765625
2025-12-02,308.739990234375,310.4800109863281,307.0899963378906,307.8800048828125,7249000,303.5693359375
2025-12-03,307.20001220703125,312.3599853515625,306.79998779296875,312.1300048828125,8535300,307.7598571777344
2025-12-04,313.260009765625,318.489990234375,313.0,316.1000061035156,9627800,311.6742248535156
2025-12-05,315.6400146484375,318.4800109863281,314.67999267578125,315.0400085449219,6518900,310.6290588378906
2025-12-08,315.0599975585937,316.4700012207031,313.3500061035156,315.2099914550781,7417200,310.79669189453125
2025-12-09,314.95001220703125,318.79998779296875,300.0199890136719,300.510009765625,18049200,296.30255126953125
2025-12-10,300.5,311.19000244140625,298.4599914550781,310.1099853515625,18874100,305.7680969238281
2025-12-11,309.239990234375,318.0,309.239990234375,317.3800048828125,9721900,312.9363098144531
2025-12-12,319.67999267578125,320.2699890136719,316.6000061035156,318.5199890136719,8982900,314.0603332519531
2025-12-15,319.5899963378906,322.8800048828125,318.3900146484375,320.0199890136719,10864100,315.5393371582031
2025-12-16,319.0899963378906,319.5199890136719,314.3999938964844,315.54998779296875,8331300,311.1319274902344
2025-12-17,318.42999267578125,319.3699951171875,314.6600036621094,314.9800109863281,8718700,310.5699157714844
2025-12-18,316.0,317.70001220703125,312.2200012207031,313.0,11444900,308.6176452636719
2025-12-19,313.7900085449219,318.5599975585937,313.19000244140625,317.2099914550781,24494400,312.7686767578125
2025-12-22,317.510009765625,323.2300109863281,317.510009765625,323.0899963378906,8354600,318.5663452148437
2025-12-23,323.6099853515625,327.7799987792969,323.0899963378906,325.92999267578125,6668300,321.3665771484375
2025-12-24,326.239990234375,329.989990234375,325.5,329.1700134277344,4289300,324.5612487792969
2025-12-26,329.1099853515625,330.8599853515625,326.5400085449219,327.9100036621094,4158300,323.31890869140625
2025-12-29,327.0,327.7699890136719,323.5299987792969,323.75,8635300,319.2171325683594
2025-12-30,324.8099975585937,324.94000244140625,322.489990234375,323.4200134277344,7904300,318.8917541503906
2025-12-31,324.3399963378906,324.8800048828125,322.0400085449219,322.2200012207031,5048500,317.70855712890625
2026-01-02,322.5,325.7300109863281,320.739990234375,325.4800109863281,8054000,320.92291259765625
2026-01-05,325.5,337.25,325.19000244140625,334.0400085449219,10752600,329.363037109375
2026-01-06,332.6199951171875,335.8699951171875,330.6499938964844,334.6099853515625,7660800,331.41326904296875
2026-01-07,331.1400146484375,332.1499938964844,324.6000061035156,326.989990234375,9815200,323.8660583496094
2026-01-08,326.3900146484375,331.3999938964844,325.6499938964844,329.7900085449219,11737100,326.63934326171875
2026-01-09,329.3399963378906,331.8999938964844,328.1700134277344,329.19000244140625,6738100,326.0450744628906
2026-01-12,321.8800048828125,326.0199890136719,321.2300109863281,324.489990234375,12805100,321.3899841308594
2026-01-13,324.29998779296875,326.8599853515625,310.57000732421875,310.8999938964844,19371200,307.9298095703125
2026-01-14,308.20001220703125,311.760009765625,306.1199951171875,307.8699951171875,25951500,304.9287414550781
2026-01-15,308.4700012207031,312.94000244140625,307.75,309.260009765625,14751400,306.30548095703125
2026-01-16,310.3500061035156,317.2099914550781,310.0,312.4700012207031,14652500,309.4848022460937
2026-01-20,306.2099914550781,311.1499938964844,301.8599853515625,302.739990234375,12900600,299.8477478027344
2026-01-21,303.42999267578125,305.3999938964844,301.1499938964844,302.0400085449219,10270100,299.15447998046875
2026-01-22,304.8599853515625,308.20001220703125,302.8999938964844,303.6300048828125,10535800,300.729248046875
2026-01-23,302.0,302.3699951171875,296.510009765625,297.7200012207031,11107900,294.875732421875
2026-01-26,297.8099975585937,301.7799987792969,297.45001220703125,301.0400085449219,11752700,298.1640319824219
2026-01-27,301.3299865722656,301.9700012207031,298.1499938964844,300.3099975585937,11527400,297.44097900390625
2026-01-28,300.2699890136719,301.9200134277344,298.04998779296875,300.7699890136719,9556700,297.89654541015625
2026-01-29,302.3999938964844,306.8299865722656,302.2200012207031,306.4200134277344,11580000,303.4926147460937
2026-01-30,305.25,307.92999267578125,302.5599975585937,305.8900146484375,11953200,302.9676818847656
2026-02-02,304.4599914550781,309.29998779296875,301.3699951171875,308.1400146484375,9839400,305.1961669921875
2026-02-03,309.7300109863281,316.25,309.1000061035156,314.8500061035156,12688000,311.8420715332031
2026-02-04,314.4100036621094,319.3099975585937,314.4100036621094,317.2699890136719,9848800,314.23895263671875
2026-02-05,315.0,316.010009765625,305.5400085449219,310.1600036621094,9388000,307.1968688964844
2026-02-06,314.7099914550781,324.25,314.7099914550781,322.3999938964844,17797400,319.3199462890625
2026-02-09,321.3399963378906,326.3999938964844,320.1099853515625,322.1000061035156,11477500,319.0228271484375
2026-02-10,322.54998779296875,326.1300048828125,315.1199951171875,318.2799987792969,9902200,315.2392883300781
2026-02-11,323.239990234375,325.2799987792969,308.7300109863281,310.82000732421875,8703500,307.8505554199219
2026-02-12,312.2799987792969,313.6199951171875,300.0199890136719,302.6400146484375,13443400,299.7487487792969
2026-02-13,298.5199890136719,304.2900085449219,296.5199890136719,302.54998779296875,9114500,299.6595764160156
2026-02-17,302.760009765625,308.239990234375,302.5,307.1300048828125,8896800,304.1958312988281
2026-02-18,308.4599914550781,312.2799987792969,307.2200012207031,308.7799987792969,7209600,305.8300476074219
2026-02-19,307.1700134277344,309.17999267578125,305.1199951171875,308.04998779296875,6737700,305.10699462890625
2026-02-20,308.3999938964844,311.0,305.67999267578125,310.7900085449219,7792700,307.82086181640625
2026-02-23,308.79998779296875,311.0,295.1000061035156,297.6700134277344,12955400,294.8262023925781
2026-02-24,296.82000732421875,299.75,291.3800048828125,297.29998779296875,13554100,294.459716796875
2026-02-25,298.6400146484375,303.6600036621094,297.010009765625,303.29998779296875,8095500,300.40240478515625
2026-02-26,304.5799865722656,309.010009765625,303.6400146484375,306.1300048828125,7007800,303.20538330078125
2026-02-27,300.0,302.95001220703125,294.45001220703125,300.29998779296875,18620800,297.4310607910156
2026-03-02,294.8099975585937,299.9800109863281,293.2099914550781,297.5599975585937,8508900,294.7172546386719
2026-03-03,292.2900085449219,302.3900146484375,289.5,300.260009765625,10278200,297.3914489746094
2026-03-04,299.989990234375,301.0,295.82000732421875,299.3900146484375,8055700,296.52978515625
2026-03-05,297.9800109863281,301.239990234375,292.42999267578125,293.54998779296875,12732500,290.7455444335937
2026-03-06,286.3399963378906,289.989990234375,283.7099914550781,289.4800109863281,13496500,286.7144470214844
2026-03-09,285.5,291.1000061035156,280.45001220703125,289.9200134277344,12241100,287.1502685546875
2026-03-10,289.2900085449219,292.75,287.17999267578125,288.7300109863281,8344900,285.9716186523437
2026-03-11,288.8099975585937,290.4800109863281,284.8599853515625,287.5199890136719,10205000,284.77313232421875
2026-03-12,282.8299865722656,283.8800048828125,279.1000061035156,282.8900146484375,13760500,280.1874084472656
2026-03-13,284.6700134277344,287.19000244140625,282.95001220703125,283.44000244140625,9091200,280.7321472167969
2026-03-16,286.3399963378906,289.2699890136719,284.6099853515625,286.1600036621094,8149000,283.4261474609375
2026-03-17,289.0,291.760009765625,285.95001220703125,286.8900146484375,8961200,284.1492004394531
2026-03-18,286.8299865722656,289.4100036621094,285.1199951171875,287.739990234375,10057000,284.9910583496094
2026-03-19,286.8800048828125,289.510009765625,284.6199951171875,287.9700012207031,9846700,285.2188415527344
2026-03-20,288.0799865722656,290.7099914550781,285.2699890136719,286.5599975585937,22436500,283.8223571777344
2026-03-23,294.3099975585937,295.75,287.9700012207031,289.9100036621094,11470800,287.14031982421875
2026-03-24,286.1700134277344,295.4800109863281,285.3699951171875,292.3999938964844,11092300,289.6065368652344
2026-03-25,294.1499938964844,297.6400146484375,292.44000244140625,295.4200134277344,12188200,292.59771728515625
2026-03-26,292.5799865722656,294.989990234375,290.7300109863281,291.6600036621094,8669200,288.8736267089844
2026-03-27,289.1400146484375,290.1099853515625,281.75,282.8399963378906,9873300,280.13787841796875
2026-03-30,284.739990234375,287.25,282.3299865722656,283.7699890136719,11734400,281.0589904785156
2026-03-31,288.4700012207031,295.07000732421875,284.95001220703125,294.1600036621094,12956900,291.3497314453125
2026-04-01,295.3900146484375,298.7200012207031,292.9100036621094,295.3800048828125,11267200,292.5580749511719
2026-04-02,291.9100036621094,295.6199951171875,288.7200012207031,294.6000061035156,6669300,291.7855224609375
2026-04-06,294.0599975585937,296.8299865722656,293.20001220703125,295.45001220703125,7142600,294.125
2026-04-07,293.1400146484375,298.17999267578125,292.70001220703125,297.3999938964844,7849100,296.0662536621094
2026-04-08,307.9700012207031,311.260009765625,305.3299865722656,307.9700012207031,10590200,306.5888366699219
2026-04-09,306.95001220703125,311.260009765625,306.1099853515625,310.3299865722656,6586600,308.938232421875
2026-04-10,310.0,310.3500061035156,306.7200012207031,309.8699951171875,6069700,308.4803161621094
2026-04-13,307.4700012207031,313.739990234375,305.4599914550781,313.67999267578125,8318200,312.2732238769531
2026-04-14,309.82000732421875,314.32000732421875,308.8699951171875,311.1199951171875,11455500,309.7247009277344
2026-04-15,313.95001220703125,314.239990234375,304.260009765625,305.92999267578125,9885800,304.5579833984375
2026-04-16,305.3500061035156,309.95001220703125,305.20001220703125,309.95001220703125,8208600,308.5599670410156
2026-04-17,312.4700012207031,314.8999938964844,310.0899963378906,310.2900085449219,11082400,308.8984375
2026-04-20,310.8500061035156,317.1300048828125,310.3699951171875,316.989990234375,10772000,315.5683898925781
2026-04-21,317.489990234375,320.239990234375,312.75,313.0,7084300,311.5962829589844
2026-04-22,314.8500061035156,315.1499938964844,311.94000244140625,313.0199890136719,5545900,311.6161804199219
2026-04-23,313.5199890136719,314.989990234375,308.8900146484375,311.69000244140625,6969700,310.29217529296875
2026-04-24,311.1499938964844,311.1499938964844,307.8900146484375,308.2799987792969,5215300,306.8974609375
2026-04-27,306.8800048828125,312.5799865722656,306.8800048828125,311.6300048828125,7925300,310.232421875
2026-04-28,315.20001220703125,315.45001220703125,311.1700134277344,311.45001220703125,7398600,310.0532531738281
2026-04-29,310.57000732421875,312.04998779296875,307.2900085449219,309.25,8031800,307.86309814453125
2026-04-30,307.07000732421875,314.1000061035156,306.57000732421875,313.2300109863281,8865400,311.82525634765625
2026-05-01,313.95001220703125,316.0799865722656,311.8299865722656,312.4700012207031,6135400,311.06866455078125
2026-05-04,310.6199951171875,310.6499938964844,306.510009765625,307.6499938964844,7338200,306.270263671875
2026-05-05,307.7099914550781,310.9700012207031,306.79998779296875,309.3999938964844,6316800,308.0124206542969
2026-05-06,311.45001220703125,316.260009765625,311.3500061035156,314.8999938964844,8629500,313.4877624511719
2026-05-07,314.6499938964844,316.29998779296875,306.1400146484375,306.2699890136719,8359600,304.8964538574219
2026-05-08,308.25,308.989990234375,300.5,302.1000061035156,9464300,300.74517822265625
2026-05-11,302.1000061035156,303.19000244140625,298.8800048828125,300.0,9512000,298.6545715332031
2026-05-12,300.0199890136719,306.0599975585937,295.54998779296875,304.8800048828125,9498200,303.5126953125
2026-05-13,302.2699890136719,303.0,300.07000732421875,300.25,7709500,298.9034729003906
2026-05-14,302.25,303.75,298.8099975585937,299.9100036621094,7364300,298.56500244140625
2026-05-15,300.2099914550781,300.7900085449219,296.45001220703125,297.8099975585937,8699300,296.4743957519531
2026-05-18,298.0,301.260009765625,297.2200012207031,300.7300109863281,7546300,299.3813171386719
2026-05-19,301.0899963378906,301.7900085449219,295.260009765625,295.70001220703125,8066900,294.3738708496094
2026-05-20,296.70001220703125,302.92999267578125,293.6700134277344,301.9800109863281,9327000,300.625732421875
2026-05-21,301.2300109863281,303.9800109863281,300.2099914550781,303.0,7874400,301.6411437988281
2026-05-22,304.67999267578125,307.45001220703125,303.8399963378906,306.3800048828125,5973900,305.0059814453125
2026-05-26,308.489990234375,309.92999267578125,305.44000244140625,306.739990234375,7725400,305.3643493652344
2026-05-27,305.0,305.8999938964844,295.75,299.2799987792969,11779200,297.93780517578125
2026-05-28,297.57000732421875,301.07000732421875,295.75,296.7300109863281,9757700,295.3992614746094
2026-05-29,296.3999938964844,299.8800048828125,295.20001220703125,299.3099975585937,13969000,297.9676818847656
2026-06-01,297.69000244140625,299.54998779296875,295.2699890136719,296.5799865722656,7930000,295.2499084472656
2026-06-02,296.5,302.07000732421875,295.2699890136719,300.9599914550781,8296200,299.6102600097656
2026-06-03,299.9200134277344,301.9599914550781,296.55999755859375,300.8500061035156,7003900,299.50079345703125
2026-06-04,305.739990234375,312.9100036621094,304.44000244140625,310.8900146484375,10345200,309.4957580566406
2026-06-05,314.2900085449219,315.0,309.6000061035156,312.3699951171875,9118800,310.9691162109375
2026-06-08,313.25,316.29998779296875,310.7799987792969,311.1099853515625,6827000,309.7147521972656
2026-06-09,313.510009765625,316.4200134277344,309.010009765625,312.70001220703125,11594600,311.2976379394531
2026-06-10,312.55999755859375,314.75,309.0299987792969,309.1400146484375,7446200,307.75360107421875
2026-06-11,309.55999755859375,314.7200012207031,308.8800048828125,313.489990234375,9116600,312.0840759277344
2026-06-12,315.9700012207031,321.29998779296875,315.54998779296875,320.7200012207031,7426200,319.28167724609375
2026-06-15,323.9200134277344,325.9200134277344,318.8399963378906,319.3999938964844,7988900,317.96759033203125
2026-06-16,324.29998779296875,331.75,324.0199890136719,331.1400146484375,11094900,329.6549377441406
2026-06-17,332.17999267578125,337.7699890136719,331.5,333.4599914550781,12246400,331.9645080566406
2026-06-18,336.95001220703125,338.0899963378906,324.1600036621094,325.2200012207031,20111000,323.761474609375
2026-06-22,329.70001220703125,332.7699890136719,326.75,331.4800109863281,10182500,329.993408203125
2026-06-23,329.4700012207031,335.3699951171875,327.2099914550781,334.1400146484375,7582200,332.6414794921875
2026-06-24,333.07000732421875,334.5299987792969,329.7699890136719,333.45001220703125,7907400,331.95458984375
2026-06-25,334.9599914550781,343.45001220703125,334.760009765625,335.1199951171875,10043100,333.6170654296875
2026-06-26,336.0,336.3999938964844,327.5,329.04998779296875,17640900,327.57427978515625
2026-06-29,328.2799987792969,332.3900146484375,327.20001220703125,329.3900146484375,7981800,327.91278076171875
2026-06-30,328.8900146484375,330.44000244140625,326.67999267578125,327.3299865722656,8080100,325.86199951171875
2026-07-01,328.3699951171875,335.6400146484375,325.010009765625,334.07000732421875,15210200,332.5718078613281
2026-07-02,338.0199890136719,340.0,331.7699890136719,334.4700012207031,8413900,332.9700012207031
2026-07-06,335.0,339.7200012207031,334.1099853515625,337.7200012207031,8673500,337.7200012207031
2026-07-07,340.9800109863281,341.3999938964844,337.0899963378906,339.2200012207031,7115800,339.2200012207031
2026-07-08,336.5299987792969,336.5299987792969,330.1300048828125,330.6199951171875,18505200,330.6199951171875
2026-07-09,331.4599914550781,337.0,330.80999755859375,335.4700012207031,15570600,335.4700012207031
2026-07-10,337.4700012207031,338.5899963378906,335.7699890136719,336.4700012207031,6299000,336.4700012207031
2026-07-13,338.3399963378906,338.3500061035156,332.5,334.5299987792969,7120300,334.5299987792969
2026-07-14,327.0,344.7300109863281,325.75,342.8900146484375,14537900,342.8900146484375
2026-07-15,345.8500061035156,351.239990234375,344.04998779296875,346.9100036621094,10750000,346.9100036621094
2026-07-16,349.2799987792969,349.3399963378906,341.1099853515625,343.1499938964844,12432400,343.1499938964844
2026-07-17,339.0299987792969,346.1300048828125,335.04998779296875,341.1000061035156,9250900,341.1000061035156
2026-07-20,341.79998779296875,344.260009765625,337.3699951171875,338.8699951171875,7723300,338.8699951171875
2026-07-21,340.1199951171875,345.739990234375,337.29998779296875,345.2300109863281,6015300,345.2300109863281
2026-07-22,345.07000732421875,349.07000732421875,344.25,348.2099914550781,8040200,348.2099914550781
2026-07-23,346.5799865722656,349.9200134277344,345.4200134277344,349.8999938964844,10913000,349.8999938964844
2026-07-24,350.6400146484375,353.3699951171875,347.5,353.2099914550781,7520800,353.2099914550781
2026-07-27,357.8900146484375,359.04998779296875,352.5799865722656,356.20001220703125,7884900,356.20001220703125
2026-07-28,357.29998779296875,359.29998779296875,354.1499938964844,357.30999755859375,6533800,357.30999755859375
2026-07-29,356.5,357.3699951171875,343.7799987792969,344.7099914550781,8265300,344.7099914550781
2026-07-30,347.5400085449219,352.2799987792969,345.3699951171875,350.8500061035156,7606500,350.8500061035156
2026-07-31,353.29998779296875,354.4700012207031,349.70001220703125,351.7900085449219,6603400,351.7900085449219
2026-08-03,353.75,355.6199951171875,350.8399963378906,352.6400146484375,6436600,352.6400146484375
2026-08-04,355.0,363.0,353.8699951171875,357.5199890136719,8477200,357.5199890136719
2026-08-05,358.9700012207031,362.1700134277344,358.20001220703125,359.239990234375,5269500,359.239990234375
2026-08-06,362.80999755859375,362.80999755859375,354.95001220703125,356.29998779296875,5820100,356.29998779296875
2026-08-07,355.760009765625,358.8500061035156,353.3299865722656,357.5199890136719,4566200,357.5199890136719
2026-08-10,357.9599914550781,359.989990234375,356.5,359.7900085449219,5327500,359.7900085449219
2026-08-11,360.04998779296875,363.1199951171875,358.6000061035156,362.0400085449219,4576500,362.0400085449219
2026-08-12,362.9700012207031,366.0899963378906,361.29998779296875,365.17999267578125,4366800,365.17999267578125
2026-08-13,366.5,366.5,361.5199890136719,363.1099853515625,5102700,363.1099853515625
2026-08-14,363.0,365.8999938964844,361.45001220703125,362.8399963378906,5058600,362.8399963378906
2026-08-17,361.94000244140625,365.75,360.9599914550781,360.9599914550781,5282600,360.9599914550781
2026-08-18,362.3399963378906,363.57000732421875,359.2699890136719,363.25,5525100,363.25
2026-08-19,363.010009765625,363.04998779296875,355.6499938964844,357.260009765625,6696200,357.260009765625
2026-08-20,357.6000061035156,357.95001220703125,351.54998779296875,351.54998779296875,6799700,351.54998779296875
2026-08-21,354.07000732421875,356.8599853515625,350.3699951171875,351.5799865722656,8112100,351.5799865722656
2026-08-24,353.29998779296875,358.2799987792969,352.82000732421875,356.3900146484375,4394400,356.3900146484375
2026-08-25,357.0,357.3699951171875,353.07000732421875,356.69000244140625,4298000,356.69000244140625
2026-08-26,356.5,358.3500061035156,354.6000061035156,356.5,5796500,356.5
2026-08-27,354.67999267578125,357.57000732421875,352.2300109863281,354.2200012207031,5209900,354.2200012207031
2026-08-28,355.6700134277344,358.7300109863281,354.2200012207031,357.6199951171875,3914500,357.6199951171875
2026-08-31,355.8999938964844,357.75,354.7701110839844,356.0199890136719,7742145,356.0199890136719
