Date,Open,High,Low,Close,Volume,Adj Close
2011-04-01,33.44499969482422,33.7400016784668,33.29999923706055,33.61000061035156,18720200,21.06613540649414
2011-04-04,33.61000061035156,33.89500045776367,33.58000183105469,33.83000183105469,13485600,21.204036712646484
2011-04-05,33.75,33.8849983215332,33.654998779296875,33.73500061035156,12470200,21.144485473632812
2011-04-06,33.775001525878906,33.90999984741211,33.60499954223633,33.814998626708984,14099800,21.194623947143555
2011-04-07,33.71500015258789,33.875,33.470001220703125,33.720001220703125,12734600,21.135080337524414
2011-04-08,33.69499969482422,33.81999969482422,33.43000030517578,33.6349983215332,11201800,21.081806182861328
2011-04-11,33.630001068115234,33.91999816894531,33.400001525878906,33.70000076293945,14664000,21.122543334960938
2011-04-12,33.4900016784668,33.564998626708984,33.20500183105469,33.45000076293945,16587400,20.965845108032227
2011-04-13,33.6150016784668,33.73500061035156,33.48500061035156,33.63999938964844,8497400,21.084941864013672
2011-04-14,33.66999816894531,34.23500061035156,33.54499816894531,34.154998779296875,23879600,21.407732009887695
2011-04-15,34.165000915527344,34.17499923706055,33.935001373291016,34.005001068115234,17532200,21.3137149810791
2011-04-18,33.78499984741211,33.82500076293945,33.31999969482422,33.654998779296875,16104600,21.094343185424805
2011-04-19,33.60499954223633,33.75,33.474998474121094,33.54499816894531,10701800,21.025402069091797
2011-04-20,33.94499969482422,34.025001525878906,33.80500030517578,33.92499923706055,12817800,21.263574600219727
2011-04-21,33.94499969482422,34.084999084472656,33.73500061035156,33.939998626708984,10948800,21.272972106933594
2011-04-25,33.974998474121094,33.9900016784668,33.65999984741211,33.869998931884766,10709200,21.22909927368164
2011-04-26,33.31999969482422,33.51499938964844,32.904998779296875,33.46500015258789,32800000,20.975248336791992
2011-04-27,33.685001373291016,33.709999084472656,33.279998779296875,33.5,16872600,20.997194290161133
2011-04-28,33.470001220703125,33.724998474121094,33.33000183105469,33.70500183105469,14084400,21.12568473815918
2011-04-29,33.779998779296875,33.8849983215332,33.6349983215332,33.72999954223633,14824200,21.141353607177734
2011-05-02,33.880001068115234,33.93000030517578,33.78499984741211,33.86000061035156,12514200,21.22283363342285
2011-05-03,33.86000061035156,33.95000076293945,33.78499984741211,33.939998626708984,10542400,21.272972106933594
2011-05-04,33.93000030517578,33.96500015258789,33.599998474121094,33.72999954223633,13529000,21.141353607177734
2011-05-05,33.849998474121094,33.869998931884766,33.20000076293945,33.349998474121094,14206200,20.90317726135254
2011-05-06,33.720001220703125,33.790000915527344,33.3650016784668,33.45000076293945,17042600,20.965845108032227
2011-05-09,33.43000030517578,33.63999938964844,33.415000915527344,33.474998474121094,8884200,20.98152732849121
2011-05-10,33.5,33.72999954223633,33.4900016784668,33.66999816894531,11111800,21.103744506835938
2011-05-11,33.64500045776367,33.834999084472656,33.45000076293945,33.65999984741211,11215400,21.09747886657715
2011-05-12,33.68000030517578,34.21500015258789,33.584999084472656,34.154998779296875,17097400,21.407732009887695
2011-05-13,34.1349983215332,34.3849983215332,34.0099983215332,34.09000015258789,16011000,21.36699104309082
2011-05-16,34.04999923706055,34.1150016784668,33.86000061035156,33.915000915527344,12364600,21.257301330566406
2011-05-17,33.8650016784668,34.09000015258789,33.75,33.994998931884766,13276400,21.307437896728516
2011-05-18,34.0,34.17499923706055,33.82500076293945,34.150001525878906,13418000,21.404600143432617
2011-05-19,34.20500183105469,34.349998474121094,34.005001068115234,34.22999954223633,12960200,21.45473861694336
2011-05-20,34.15999984741211,34.2599983215332,33.94499969482422,34.150001525878906,12970600,21.404600143432617
2011-05-23,33.79499816894531,33.95000076293945,33.59000015258789,33.744998931884766,13230200,21.150747299194336
2011-05-24,33.83000183105469,33.88999938964844,33.60499954223633,33.73500061035156,10881000,21.144485473632812
2011-05-25,33.63999938964844,33.75,33.40999984741211,33.45500183105469,13132000,20.9689884185791
2011-05-26,33.369998931884766,33.45500183105469,33.150001525878906,33.349998474121094,14872400,20.90317726135254
2011-05-27,33.435001373291016,33.57500076293945,33.2400016784668,33.255001068115234,9097400,20.8436279296875
2011-05-31,33.470001220703125,33.619998931884766,33.31999969482422,33.404998779296875,20294000,20.937644958496094
2011-06-01,33.29999923706055,33.59000015258789,33.29999923706055,33.380001068115234,14883000,20.921979904174805
2011-06-02,33.32500076293945,33.380001068115234,32.810001373291016,33.02000045776367,14264200,20.696338653564453
2011-06-03,32.6349983215332,32.915000915527344,32.60499954223633,32.76499938964844,12937800,20.5365047454834
2011-06-06,32.755001068115234,32.8849983215332,32.68000030517578,32.709999084472656,10445400,20.50202751159668
2011-06-07,32.7599983215332,32.85499954223633,32.59000015258789,32.599998474121094,11522000,20.433082580566406
2011-06-08,32.6150016784668,32.76499938964844,32.53499984741211,32.70000076293945,11753000,20.495758056640625
2011-06-09,32.720001220703125,33.15999984741211,32.6349983215332,32.94499969482422,13112000,20.649330139160156
2011-06-10,32.84000015258789,32.90999984741211,32.619998931884766,32.69499969482422,14003200,20.492630004882812
2011-06-13,32.54999923706055,32.625,32.39500045776367,32.560001373291016,19081600,20.555767059326172
2011-06-14,32.70000076293945,32.91999816894531,32.650001525878906,32.80500030517578,14045000,20.71043586730957
2011-06-15,32.70500183105469,32.75,32.31999969482422,32.48500061035156,16378400,20.50841522216797
2011-06-16,32.48500061035156,32.880001068115234,32.400001525878906,32.744998931884766,15538800,20.672557830810547
2011-06-17,32.939998626708984,33.1150016784668,32.810001373291016,32.810001373291016,21317400,20.713594436645508
2011-06-20,32.685001373291016,33.06999969482422,32.685001373291016,32.915000915527344,11091800,20.779888153076172
2011-06-21,33.05500030517578,33.14500045776367,32.8849983215332,33.130001068115234,14265000,20.91561508178711
2011-06-22,33.14500045776367,33.40999984741211,33.05500030517578,33.20000076293945,15701200,20.95981216430664
2011-06-23,32.96500015258789,32.98500061035156,32.21500015258789,32.4900016784668,26467800,20.51157569885254
2011-06-24,32.53499984741211,32.689998626708984,32.36000061035156,32.46500015258789,32073800,20.495790481567383
2011-06-27,32.42499923706055,32.72999954223633,32.42499923706055,32.60499954223633,14777600,20.584169387817383
2011-06-28,32.7599983215332,33.04999923706055,32.67499923706055,33.01499938964844,12932400,20.843015670776367
2011-06-29,33.095001220703125,33.415000915527344,33.09000015258789,33.35499954223633,17035400,21.05766487121582
2011-06-30,33.4900016784668,33.744998931884766,33.40999984741211,33.64500045776367,15594600,21.240741729736328
2011-07-01,33.5099983215332,34.04499816894531,33.5099983215332,34.04499816894531,16487000,21.49327278137207
2011-07-05,34.040000915527344,34.39500045776367,34.040000915527344,34.150001525878906,14801200,21.5595645904541
2011-07-06,34.154998779296875,34.375,34.14500045776367,34.26499938964844,11486000,21.632156372070312
2011-07-07,34.40999984741211,34.44499969482422,34.290000915527344,34.375,12423400,21.701610565185547
2011-07-08,34.17499923706055,34.34000015258789,34.060001373291016,34.34000015258789,12671600,21.679519653320312
2011-07-11,33.875,34.13999938964844,33.85499954223633,34.04999923706055,14152400,21.496429443359375
2011-07-12,33.98500061035156,34.220001220703125,33.8650016784668,33.92499923706055,13343400,21.417512893676758
2011-07-13,34.084999084472656,34.21500015258789,33.8849983215332,34.029998779296875,14688000,21.483797073364258
2011-07-14,33.98500061035156,34.165000915527344,33.685001373291016,33.834999084472656,15011200,21.36069679260254
2011-07-15,33.92499923706055,33.935001373291016,33.63999938964844,33.76499938964844,17491600,21.316503524780273
2011-07-18,33.630001068115234,33.71500015258789,33.29499816894531,33.560001373291016,14792000,21.18708610534668
2011-07-19,33.849998474121094,34.88999938964844,33.76499938964844,34.65999984741211,37415400,21.881532669067383
2011-07-20,34.625,34.66999816894531,34.400001525878906,34.435001373291016,15833800,21.739490509033203
2011-07-21,34.40999984741211,34.810001373291016,34.25,34.66999816894531,22086600,21.887849807739258
2011-07-22,34.775001525878906,34.90999984741211,34.7400016784668,34.8650016784668,13323200,22.010953903198242
2011-07-25,34.560001373291016,34.779998779296875,34.505001068115234,34.630001068115234,13154800,21.86259651184082
2011-07-26,34.67499923706055,34.72999954223633,34.54499816894531,34.595001220703125,11830600,21.840497970581055
2011-07-27,34.3849983215332,34.625,34.27000045776367,34.345001220703125,18677600,21.68266487121582
2011-07-28,34.32500076293945,34.63999938964844,34.310001373291016,34.404998779296875,15270200,21.720550537109375
2011-07-29,34.18000030517578,34.42499923706055,33.95000076293945,34.005001068115234,20545600,21.4680233001709
2011-08-01,34.25,34.255001068115234,33.560001373291016,33.8650016784668,17654200,21.379638671875
2011-08-02,33.70000076293945,33.80500030517578,33.53499984741211,33.53499984741211,18127600,21.171297073364258
2011-08-03,33.5,34.279998779296875,33.474998474121094,34.20000076293945,28086000,21.59111976623535
2011-08-04,33.8849983215332,34.064998626708984,32.869998931884766,32.90999984741211,32324800,20.7767333984375
2011-08-05,33.1349983215332,33.630001068115234,32.52000045776367,33.3849983215332,43916600,21.076601028442383
2011-08-08,33.09000015258789,33.60499954223633,32.474998474121094,32.560001373291016,50096800,20.555767059326172
2011-08-09,32.90999984741211,33.435001373291016,31.795000076293945,33.34000015258789,43128400,21.048194885253906
2011-08-10,33.119998931884766,33.25,31.850000381469727,31.979999542236328,38237200,20.189590454101562
2011-08-11,32.0,33.654998779296875,31.954999923706055,33.23500061035156,38406600,20.98190689086914
2011-08-12,33.380001068115234,33.875,33.20000076293945,33.56999969482422,20310400,21.193397521972656
2011-08-15,33.73500061035156,34.209999084472656,33.630001068115234,34.099998474121094,23081600,21.52800178527832
2011-08-16,33.845001220703125,34.2400016784668,33.78499984741211,34.084999084472656,21413800,21.51852798461914
2011-08-17,34.22999954223633,34.67499923706055,34.08000183105469,34.63999938964844,23176000,21.868907928466797
2011-08-18,34.125,34.470001220703125,33.529998779296875,33.880001068115234,39569000,21.38910675048828
2011-08-19,33.76499938964844,34.13999938964844,33.43000030517578,33.54999923706055,30478200,21.180768966674805
2011-08-22,34.005001068115234,34.029998779296875,33.584999084472656,33.6349983215332,19652800,21.234432220458984
2011-08-23,33.73500061035156,34.529998779296875,33.65999984741211,34.529998779296875,23951200,21.799461364746094
2011-08-24,34.415000915527344,34.85499954223633,34.275001525878906,34.84000015258789,19475400,21.99517059326172
2011-08-25,34.79999923706055,34.79999923706055,33.880001068115234,33.98500061035156,25320000,21.455392837524414
2011-08-26,33.96500015258789,34.3849983215332,33.349998474121094,34.25,19849600,21.622690200805664
2011-08-29,34.47999954223633,34.92499923706055,34.435001373291016,34.8650016784668,17660600,22.010953903198242
2011-08-30,34.88999938964844,35.13999938964844,34.7599983215332,34.93000030517578,31678000,22.05199432373047
2011-08-31,34.935001373291016,35.3849983215332,34.83000183105469,35.224998474121094,22322800,22.23823356628418
2011-09-01,35.04499816894531,35.54999923706055,34.88999938964844,35.224998474121094,23530000,22.23823356628418
2011-09-02,34.86000061035156,34.994998931884766,34.75,34.869998931884766,17530000,22.01411247253418
2011-09-06,33.71500015258789,34.77000045776367,33.69499969482422,34.71500015258789,25784600,21.916257858276367
2011-09-07,35.005001068115234,35.42499923706055,34.95500183105469,35.400001525878906,21287400,22.348709106445312
2011-09-08,35.33000183105469,35.8849983215332,35.275001525878906,35.584999084472656,24867600,22.46550750732422
2011-09-09,35.30500030517578,35.32500076293945,34.3650016784668,34.685001373291016,32891200,21.897319793701172
2011-09-12,34.224998474121094,34.77000045776367,34.099998474121094,34.689998626708984,29144200,21.900470733642578
2011-09-13,34.47999954223633,34.665000915527344,34.290000915527344,34.54999923706055,21421800,21.96085548400879
2011-09-14,34.66999816894531,35.25,34.27000045776367,34.8849983215332,22250000,22.17379379272461
2011-09-15,34.95500183105469,35.5099983215332,34.92499923706055,35.5099983215332,21186000,22.571062088012695
2011-09-16,35.689998626708984,35.84000015258789,35.5099983215332,35.6150016784668,34620600,22.637802124023438
2011-09-19,35.03499984741211,35.345001220703125,34.974998474121094,35.244998931884766,28571200,22.40261459350586
2011-09-20,35.39500045776367,35.7400016784668,35.2599983215332,35.32500076293945,18313400,22.453468322753906
2011-09-21,35.42499923706055,35.53499984741211,34.6349983215332,34.63999938964844,23531000,22.018064498901367
2011-09-22,33.685001373291016,34.07500076293945,33.310001373291016,33.90999984741211,36341000,21.55406379699707
2011-09-23,33.68000030517578,33.85499954223633,33.435001373291016,33.709999084472656,24284400,21.426937103271484
2011-09-26,34.005001068115234,34.44499969482422,33.83000183105469,34.380001068115234,24008200,21.852800369262695
2011-09-27,35.060001373291016,35.20500183105469,34.63999938964844,34.78499984741211,22249200,22.110233306884766
2011-09-28,34.90999984741211,35.08000183105469,33.94499969482422,34.029998779296875,19032600,21.63033676147461
2011-09-29,34.45500183105469,34.81999969482422,34.095001220703125,34.525001525878906,21372600,21.94496726989746
2011-09-30,34.224998474121094,34.54999923706055,33.779998779296875,33.779998779296875,25026200,21.471424102783203
2011-10-03,33.29499816894531,33.459999084472656,32.560001373291016,32.709999084472656,38471200,20.791305541992188
2011-10-04,32.41999816894531,32.71500015258789,31.670000076293945,32.6150016784668,30800000,20.730934143066406
2011-10-05,32.73500061035156,32.79999923706055,32.275001525878906,32.76499938964844,23037800,20.82625961303711
2011-10-06,32.98500061035156,33.0,32.224998474121094,32.69499969482422,25205400,20.78177261352539
2011-10-07,33.255001068115234,33.255001068115234,32.69499969482422,32.95000076293945,18857800,20.943862915039062
2011-10-10,33.279998779296875,33.46500015258789,33.005001068115234,33.45000076293945,12354400,21.261669158935547
2011-10-11,33.3650016784668,33.599998474121094,33.29499816894531,33.400001525878906,11161000,21.22989273071289
2011-10-12,33.625,33.98500061035156,33.39500045776367,33.7400016784668,17549600,21.445999145507812
2011-10-13,33.654998779296875,33.790000915527344,33.44499969482422,33.70000076293945,12909400,21.420583724975586
2011-10-14,34.099998474121094,34.099998474121094,33.67499923706055,33.92499923706055,13503000,21.563594818115234
2011-10-17,33.90999984741211,33.92499923706055,33.40999984741211,33.5,20232800,21.29344367980957
2011-10-18,33.619998931884766,33.744998931884766,33.20000076293945,33.369998931884766,23650600,21.21082305908203
2011-10-19,33.494998931884766,33.90999984741211,33.435001373291016,33.51499938964844,15389400,21.302988052368164
2011-10-20,33.744998931884766,33.790000915527344,33.28499984741211,33.560001373291016,13323600,21.33159065246582
2011-10-21,33.970001220703125,34.15999984741211,33.72999954223633,34.095001220703125,23146600,21.67165184020996
2011-10-24,34.20000076293945,34.32500076293945,33.80500030517578,33.935001373291016,13609200,21.5699520111084
2011-10-25,33.95500183105469,33.96500015258789,33.400001525878906,33.474998474121094,14228200,21.27756118774414
2011-10-26,33.64500045776367,33.77000045776367,33.20500183105469,33.73500061035156,16041200,21.442827224731445
2011-10-27,34.46500015258789,34.54499816894531,34.04999923706055,34.28499984741211,26704600,21.792417526245117
2011-10-28,34.2599983215332,34.4900016784668,34.19499969482422,34.46500015258789,17307400,21.906827926635742
2011-10-31,34.32500076293945,34.525001525878906,34.14500045776367,34.15999984741211,18998600,21.71295738220215
2011-11-01,33.564998626708984,33.75,33.38999938964844,33.52000045776367,23682800,21.30616569519043
2011-11-02,33.709999084472656,34.029998779296875,33.67499923706055,33.8849983215332,14538600,21.538166046142578
2011-11-03,34.04999923706055,34.40999984741211,34.005001068115234,34.32500076293945,17363400,21.81785011291504
2011-11-04,33.97999954223633,34.07500076293945,33.64500045776367,33.88999938964844,15177200,21.541345596313477
2011-11-07,33.83000183105469,34.1349983215332,33.63999938964844,34.10499954223633,12513800,21.678014755249023
2011-11-08,34.14500045776367,34.36000061035156,33.900001525878906,34.32500076293945,12063600,21.81785011291504
2011-11-09,33.92499923706055,33.994998931884766,33.43000030517578,33.51499938964844,18243400,21.302988052368164
2011-11-10,33.80500030517578,33.875,33.45500183105469,33.69499969482422,16201600,21.417402267456055
2011-11-11,33.98500061035156,34.30500030517578,33.974998474121094,34.060001373291016,12882400,21.649396896362305
2011-11-14,33.89500045776367,33.98500061035156,33.709999084472656,33.89500045776367,9428600,21.544527053833008
2011-11-15,33.88999938964844,34.224998474121094,33.7400016784668,34.0,12217600,21.61125946044922
2011-11-16,33.834999084472656,33.900001525878906,33.45500183105469,33.505001068115234,17781400,21.296632766723633
2011-11-17,33.470001220703125,33.69499969482422,33.04999923706055,33.310001373291016,17467200,21.172683715820312
2011-11-18,33.60499954223633,33.85499954223633,33.45000076293945,33.69499969482422,18688400,21.417402267456055
2011-11-21,33.345001220703125,33.439998626708984,32.69499969482422,32.974998474121094,18588200,20.959747314453125
2011-11-22,32.80500030517578,33.18000030517578,32.77000045776367,32.98500061035156,11787600,20.966110229492188
2011-11-23,32.72999954223633,32.75,32.400001525878906,32.435001373291016,14089600,20.616504669189453
2011-11-25,32.57500076293945,32.68000030517578,32.369998931884766,32.369998931884766,7572600,20.575197219848633
2011-11-28,32.630001068115234,32.875,32.375,32.584999084472656,21318200,20.711849212646484
2011-11-29,32.584999084472656,33.25,32.505001068115234,33.095001220703125,21656200,21.188831329345703
2011-11-30,33.66999816894531,33.97999954223633,33.36000061035156,33.6150016784668,25300400,21.521764755249023
2011-12-01,33.5,33.790000915527344,33.34000015258789,33.415000915527344,15429000,21.393714904785156
2011-12-02,33.72999954223633,33.775001525878906,33.084999084472656,33.189998626708984,21170400,21.249656677246094
2011-12-05,33.470001220703125,33.595001220703125,32.939998626708984,33.154998779296875,17955200,21.227252960205078
2011-12-06,33.244998931884766,33.5099983215332,33.06999969482422,33.34000015258789,16730800,21.34569549560547
2011-12-07,33.275001525878906,33.53499984741211,33.099998474121094,33.38999938964844,16832800,21.377704620361328
2011-12-08,33.349998474121094,33.619998931884766,33.279998779296875,33.3650016784668,16118200,21.361713409423828
2011-12-09,33.55500030517578,33.875,33.459999084472656,33.78499984741211,18298200,21.63060188293457
2011-12-12,33.630001068115234,33.75,33.15999984741211,33.44499969482422,13380200,21.412919998168945
2011-12-13,33.54499816894531,33.6349983215332,33.14500045776367,33.2400016784668,14276200,21.28166961669922
2011-12-14,33.125,33.45500183105469,33.03499984741211,33.130001068115234,15762200,21.21124839782715
2011-12-15,33.45500183105469,33.69499969482422,33.39500045776367,33.44499969482422,13474600,21.412919998168945
2011-12-16,33.73500061035156,33.86000061035156,33.630001068115234,33.720001220703125,23957200,21.588985443115234
2011-12-19,33.72999954223633,33.935001373291016,33.61000061035156,33.685001373291016,11762000,21.56658172607422
2011-12-20,33.939998626708984,34.31999969482422,33.915000915527344,34.20000076293945,15931000,21.89630126953125
2011-12-21,34.2599983215332,34.900001525878906,34.15999984741211,34.78499984741211,18730400,22.270849227905273
2011-12-22,34.66999816894531,34.79999923706055,34.44499969482422,34.595001220703125,15586800,22.149202346801758
2011-12-23,34.6150016784668,34.98500061035156,34.60499954223633,34.970001220703125,9255200,22.389291763305664
2011-12-27,34.904998779296875,35.099998474121094,34.904998779296875,34.939998626708984,10099800,22.370079040527344
2011-12-28,34.90999984741211,35.025001525878906,34.70000076293945,34.755001068115234,8210000,22.251646041870117
2011-12-29,34.79999923706055,35.095001220703125,34.755001068115234,35.08000183105469,8734000,22.459718704223633
2011-12-30,35.0,35.14500045776367,34.98500061035156,34.98500061035156,7862000,22.398895263671875
2012-01-03,35.07500076293945,35.35499954223633,35.04999923706055,35.06999969482422,15639600,22.453317642211914
2012-01-04,34.95500183105469,35.03499984741211,34.75,34.849998474121094,14239200,22.312463760375977
2012-01-05,34.880001068115234,34.935001373291016,34.67499923706055,34.685001373291016,14287600,22.206825256347656
2012-01-06,34.73500061035156,34.814998626708984,34.310001373291016,34.46500015258789,13646600,22.065969467163086
2012-01-09,34.5,34.584999084472656,34.400001525878906,34.46500015258789,10522600,22.065969467163086
2012-01-10,34.73500061035156,34.7599983215332,34.55500030517578,34.66999816894531,12964400,22.19721221923828
2012-01-11,34.185001373291016,34.3849983215332,33.775001525878906,34.029998779296875,23428800,21.787466049194336
2012-01-12,34.209999084472656,34.25,33.67499923706055,33.78499984741211,15237000,21.63060188293457
2012-01-13,33.66999816894531,33.71500015258789,33.28499984741211,33.494998931884766,19991800,21.44493865966797
2012-01-17,33.869998931884766,33.939998626708984,33.65999984741211,33.67499923706055,15577000,21.560178756713867
2012-01-18,33.72999954223633,33.90999984741211,33.59000015258789,33.79499816894531,13282200,21.636999130249023
2012-01-19,33.82500076293945,33.869998931884766,33.630001068115234,33.724998474121094,13544800,21.592191696166992
2012-01-20,33.77000045776367,34.060001373291016,33.70000076293945,34.04499816894531,19158600,21.797069549560547
2012-01-23,34.0,34.310001373291016,33.95500183105469,34.26499938964844,13803200,21.93792152404785
2012-01-24,34.08000183105469,34.25,33.85499954223633,33.95000076293945,14751200,21.736242294311523
2012-01-25,33.95500183105469,34.25,33.77000045776367,34.21500015258789,14476000,21.905902862548828
2012-01-26,34.310001373291016,34.310001373291016,33.880001068115234,34.005001068115234,14721000,21.771461486816406
2012-01-27,33.95500183105469,34.06999969482422,33.6150016784668,33.720001220703125,16825000,21.588985443115234
2012-01-30,33.64500045776367,33.78499984741211,33.51499938964844,33.72999954223633,10591600,21.595388412475586
2012-01-31,33.9900016784668,33.9900016784668,33.59000015258789,33.76499938964844,13543400,21.617807388305664
2012-02-01,33.939998626708984,34.16999816894531,33.900001525878906,33.92499923706055,14915000,21.720233917236328
2012-02-02,34.03499984741211,34.119998931884766,33.875,33.915000915527344,13150000,21.71384048461914
2012-02-03,34.130001068115234,34.244998931884766,33.91999816894531,34.040000915527344,16555800,21.793865203857422
2012-02-06,33.91999816894531,34.1150016784668,33.849998474121094,34.01499938964844,14586400,21.777860641479492
2012-02-07,34.04499816894531,34.724998474121094,33.814998626708984,34.275001525878906,24269600,21.944324493408203
2012-02-08,34.41999816894531,34.42499923706055,34.099998474121094,34.165000915527344,16428400,21.873899459838867
2012-02-09,34.18000030517578,34.19499969482422,33.8849983215332,33.98500061035156,16311400,21.758651733398438
2012-02-10,33.76499938964844,33.970001220703125,33.709999084472656,33.970001220703125,10994600,21.749052047729492
2012-02-13,34.209999084472656,34.29999923706055,34.04499816894531,34.220001220703125,11091000,21.909109115600586
2012-02-14,34.23500061035156,34.46500015258789,34.04999923706055,34.45000076293945,12596000,22.05637550354004
2012-02-15,34.6150016784668,34.625,34.1150016784668,34.20000076293945,14776800,21.89630126953125
2012-02-16,34.30500030517578,34.494998931884766,34.209999084472656,34.43000030517578,11752000,22.04356575012207
2012-02-17,34.53499984741211,34.584999084472656,34.29999923706055,34.525001525878906,14841800,22.10438346862793
2012-02-21,34.439998626708984,34.525001525878906,34.25,34.40999984741211,13424800,22.03074836730957
2012-02-22,34.29999923706055,34.66999816894531,34.29999923706055,34.625,13766400,22.168399810791016
2012-02-23,34.54499816894531,34.650001525878906,34.459999084472656,34.59000015258789,11120000,22.14600372314453
2012-02-24,34.67499923706055,34.75,34.415000915527344,34.5,12485400,22.088376998901367
2012-02-27,34.345001220703125,34.5,34.2599983215332,34.415000915527344,12086200,22.033960342407227
2012-02-28,34.474998474121094,34.54999923706055,34.400001525878906,34.42499923706055,9049000,22.040353775024414
2012-02-29,34.45000076293945,34.9900016784668,34.45000076293945,34.93000030517578,23464400,22.363683700561523
2012-03-01,34.935001373291016,34.97999954223633,34.69499969482422,34.79999923706055,15294200,22.28044891357422
2012-03-02,34.70500183105469,34.79999923706055,34.48500061035156,34.59000015258789,11995800,22.14600372314453
2012-03-05,34.5099983215332,34.66999816894531,34.5,34.6150016784668,10338600,22.162002563476562
2012-03-06,34.40999984741211,34.54499816894531,34.31999969482422,34.380001068115234,13161200,22.011550903320312
2012-03-07,34.375,34.470001220703125,34.25,34.39500045776367,10933800,22.021148681640625
2012-03-08,34.59000015258789,34.75,34.54999923706055,34.6349983215332,33754800,22.174806594848633
2012-03-09,34.71500015258789,34.869998931884766,34.654998779296875,34.755001068115234,36742600,22.251646041870117
2012-03-12,34.7400016784668,35.16999816894531,34.66999816894531,35.07500076293945,18143600,22.456512451171875
2012-03-13,34.755001068115234,35.14500045776367,34.755001068115234,35.125,18068000,22.653223037719727
2012-03-14,35.130001068115234,35.310001373291016,35.04999923706055,35.11000061035156,12918000,22.6435489654541
2012-03-15,35.1349983215332,35.16999816894531,34.88999938964844,35.165000915527344,17991400,22.679018020629883
2012-03-16,35.189998626708984,35.22999954223633,34.939998626708984,35.08000183105469,22898800,22.62419891357422
2012-03-19,35.10499954223633,35.26499938964844,35.0,35.20000076293945,10652400,22.701602935791016
2012-03-20,35.01499938964844,35.3849983215332,34.96500015258789,35.29499816894531,10180400,22.762859344482422
2012-03-21,35.2400016784668,35.70000076293945,35.17499923706055,35.560001373291016,19870800,22.93377113342285
2012-03-22,35.505001068115234,35.790000915527344,35.470001220703125,35.709999084472656,14252800,23.030502319335938
2012-03-23,35.70000076293945,35.79999923706055,35.64500045776367,35.744998931884766,16206600,23.05307960510254
2012-03-26,35.869998931884766,35.95000076293945,35.79499816894531,35.95000076293945,11536400,23.18528938293457
2012-03-27,35.90999984741211,35.9900016784668,35.82500076293945,35.935001373291016,11430400,23.17561149597168
2012-03-28,35.97999954223633,36.40999984741211,35.95000076293945,36.33000183105469,26260600,23.430370330810547
2012-03-29,36.17499923706055,37.19499969482422,36.1349983215332,36.904998779296875,41063600,23.801198959350586
2012-03-30,36.810001373291016,37.06999969482422,36.654998779296875,37.005001068115234,26555800,23.865699768066406
2012-04-02,36.915000915527344,37.099998474121094,36.81999969482422,37.06999969482422,14579000,23.907623291015625
2012-04-03,36.834999084472656,37.040000915527344,36.72999954223633,36.880001068115234,12989200,23.78508186340332
2012-04-04,36.64500045776367,36.79999923706055,36.60499954223633,36.72999954223633,12487400,23.68834114074707
2012-04-05,36.63999938964844,36.7599983215332,36.53499984741211,36.73500061035156,11531400,23.691560745239258
2012-04-09,36.47999954223633,36.55500030517578,36.369998931884766,36.435001373291016,9806800,23.498088836669922
2012-04-10,36.290000915527344,36.310001373291016,35.974998474121094,36.0099983215332,17290600,23.223983764648438
2012-04-11,36.21500015258789,36.23500061035156,35.91999816894531,36.060001373291016,12026600,23.2562255859375
2012-04-12,36.07500076293945,36.130001068115234,35.90999984741211,36.11000061035156,10640600,23.28847885131836
2012-04-13,36.11000061035156,36.29999923706055,35.970001220703125,35.970001220703125,10525600,23.19818687438965
2012-04-16,36.11000061035156,36.39500045776367,36.06999969482422,36.220001220703125,14147600,23.359418869018555
2012-04-17,36.59000015258789,37.2400016784668,36.59000015258789,36.974998474121094,22614400,23.846343994140625
2012-04-18,36.90999984741211,37.17499923706055,36.8650016784668,37.084999084472656,11779800,23.917295455932617
2012-04-19,37.14500045776367,37.16999816894531,36.709999084472656,36.90999984741211,10731200,23.804426193237305
2012-04-20,36.97999954223633,37.17499923706055,36.869998931884766,37.064998626708984,13461000,23.904382705688477
2012-04-23,36.9900016784668,37.03499984741211,36.665000915527344,36.845001220703125,10472200,23.762502670288086
2012-04-24,36.959999084472656,37.17499923706055,36.85499954223633,37.060001373291016,10288000,23.901166915893555
2012-04-25,37.27000045776367,37.525001525878906,37.154998779296875,37.46500015258789,18596000,24.162357330322266
2012-04-26,37.474998474121094,37.98500061035156,37.40999984741211,37.85499954223633,16782000,24.413883209228516
2012-04-27,37.97999954223633,38.90999984741211,37.959999084472656,38.314998626708984,25103000,24.710561752319336
2012-04-30,38.209999084472656,38.45000076293945,37.96500015258789,38.15999984741211,26517600,24.6105899810791
2012-05-01,38.27000045776367,38.5,38.13999938964844,38.46500015258789,13841000,24.807292938232422
2012-05-02,38.369998931884766,38.625,38.31999969482422,38.58000183105469,16558600,24.881473541259766
2012-05-03,38.68000030517578,38.81999969482422,38.599998474121094,38.720001220703125,15612000,24.97174644470215
2012-05-04,38.654998779296875,38.79999923706055,38.47999954223633,38.5,13160800,24.829870223999023
2012-05-07,38.48500061035156,38.724998474121094,38.42499923706055,38.63999938964844,8965400,24.92015266418457
2012-05-08,38.505001068115234,38.63999938964844,38.310001373291016,38.56999969482422,10561600,24.875011444091797
2012-05-09,38.29499816894531,38.595001220703125,38.244998931884766,38.38999938964844,14070800,24.75892448425293
2012-05-10,38.60499954223633,38.849998474121094,38.599998474121094,38.70500183105469,12659200,24.962081909179688
2012-05-11,38.599998474121094,38.869998931884766,38.599998474121094,38.73500061035156,10604000,24.981428146362305
2012-05-14,38.560001373291016,38.625,38.310001373291016,38.435001373291016,15411800,24.78794288635254
2012-05-15,38.279998779296875,38.57500076293945,38.130001068115234,38.28499984741211,16397800,24.691207885742188
2012-05-16,38.33000183105469,38.41999816894531,37.959999084472656,38.165000915527344,17804400,24.61380958557129
2012-05-17,38.084999084472656,38.150001525878906,37.494998931884766,37.560001373291016,22310800,24.2236385345459
2012-05-18,37.625,37.64500045776367,36.73500061035156,37.025001525878906,31913000,23.87859535217285
2012-05-21,37.10499954223633,37.29999923706055,37.064998626708984,37.255001068115234,13488800,24.026926040649414
2012-05-22,37.290000915527344,37.290000915527344,36.95500183105469,37.095001220703125,15260600,23.923736572265625
2012-05-23,37.0,37.28499984741211,36.90999984741211,37.275001525878906,18000000,24.03981590270996
2012-05-24,37.39500045776367,37.92499923706055,37.29999923706055,37.779998779296875,20204600,24.365516662597656
2012-05-25,37.810001373291016,37.845001220703125,37.505001068115234,37.6150016784668,8999600,24.259109497070312
2012-05-29,37.8650016784668,37.8650016784668,37.529998779296875,37.72999954223633,10533800,24.333271026611328
2012-05-30,37.53499984741211,37.625,37.40999984741211,37.529998779296875,13884600,24.204280853271484
2012-05-31,37.47999954223633,37.61000061035156,37.33000183105469,37.3650016784668,15147600,24.097877502441406
2012-06-01,36.994998931884766,37.224998474121094,36.505001068115234,36.54499816894531,20843400,23.569026947021484
2012-06-04,36.51499938964844,36.869998931884766,36.279998779296875,36.81999969482422,13397200,23.74638557434082
2012-06-05,36.665000915527344,36.81999969482422,36.525001525878906,36.619998931884766,12275200,23.617393493652344
2012-06-06,36.69499969482422,37.30500030517578,36.650001525878906,37.30500030517578,12496400,24.059165954589844
2012-06-07,37.494998931884766,37.529998779296875,37.099998474121094,37.13999938964844,14342800,23.952760696411133
2012-06-08,37.08000183105469,37.685001373291016,37.07500076293945,37.619998931884766,11594200,24.26232147216797
2012-06-11,37.86000061035156,37.88999938964844,37.310001373291016,37.33000183105469,10657200,24.07529640197754
2012-06-12,37.4900016784668,37.625,37.16999816894531,37.599998474121094,11911200,24.249425888061523
2012-06-13,37.30500030517578,37.564998626708984,37.23500061035156,37.345001220703125,9376200,24.249425888061523
2012-06-14,37.39500045776367,38.0,37.349998474121094,37.869998931884766,13945400,24.590328216552734
2012-06-15,38.060001373291016,38.099998474121094,37.709999084472656,38.04499816894531,19748800,24.703960418701172
2012-06-18,37.97999954223633,38.209999084472656,37.8849983215332,37.9900016784668,10457200,24.668245315551758
2012-06-19,38.125,38.125,37.83000183105469,37.869998931884766,11115400,24.590328216552734
2012-06-20,37.845001220703125,37.869998931884766,37.41999816894531,37.779998779296875,14706800,24.531892776489258
2012-06-21,37.89500045776367,37.994998931884766,37.310001373291016,37.334999084472656,12804000,24.242929458618164
2012-06-22,37.474998474121094,37.650001525878906,37.43000030517578,37.470001220703125,15252800,24.330595016479492
2012-06-25,37.22999954223633,37.41999816894531,37.084999084472656,37.3849983215332,9734200,24.275400161743164
2012-06-26,37.494998931884766,37.68000030517578,37.099998474121094,37.540000915527344,11859400,24.37604522705078
2012-06-27,37.619998931884766,38.2400016784668,37.619998931884766,38.16999816894531,13644400,24.785125732421875
2012-06-28,38.04999923706055,38.334999084472656,37.845001220703125,38.28499984741211,10891200,24.859800338745117
2012-06-29,38.564998626708984,39.095001220703125,38.540000915527344,39.095001220703125,18519800,25.385765075683594
2012-07-02,39.04999923706055,39.5,39.005001068115234,39.459999084472656,13350200,25.622772216796875
2012-07-03,39.44499969482422,39.68000030517578,39.35499954223633,39.58000183105469,7335000,25.700695037841797
2012-07-05,39.5099983215332,39.56999969482422,39.099998474121094,39.224998474121094,10546400,25.47017478942871
2012-07-06,39.0099983215332,39.14500045776367,38.91999816894531,39.07500076293945,10036000,25.37278175354004
2012-07-09,39.029998779296875,39.10499954223633,38.85499954223633,38.9900016784668,8615600,25.317583084106445
2012-07-10,39.26499938964844,39.27000045776367,38.90999984741211,38.9900016784668,11583400,25.317583084106445
2012-07-11,38.95000076293945,38.974998474121094,38.57500076293945,38.72999954223633,13645600,25.148754119873047
2012-07-12,38.51499938964844,38.6349983215332,38.2599983215332,38.31999969482422,19104000,24.88253402709961
2012-07-13,38.314998626708984,38.79499816894531,38.16999816894531,38.63999938964844,13307400,25.090316772460938
2012-07-16,38.54999923706055,38.70000076293945,38.099998474121094,38.2400016784668,17575600,24.830595016479492
2012-07-17,39.029998779296875,39.33000183105469,38.380001068115234,38.845001220703125,21209600,25.223438262939453
2012-07-18,38.81999969482422,38.84000015258789,38.40999984741211,38.720001220703125,13852000,25.142263412475586
2012-07-19,38.7599983215332,38.79999923706055,38.25,38.775001525878906,18050400,25.1779842376709
2012-07-20,38.6349983215332,38.67499923706055,38.39500045776367,38.51499938964844,16436000,25.009157180786133
2012-07-23,38.275001525878906,38.5,38.185001373291016,38.439998626708984,10655800,24.960447311401367
2012-07-24,38.45000076293945,38.474998474121094,38.04999923706055,38.33000183105469,10445800,24.889022827148438
2012-07-25,38.474998474121094,38.61000061035156,38.3650016784668,38.5099983215332,9020400,25.005897521972656
2012-07-26,38.849998474121094,39.45500183105469,38.849998474121094,39.42499923706055,14144600,25.600053787231445
2012-07-27,39.525001525878906,40.119998931884766,39.45000076293945,40.005001068115234,17825000,25.976661682128906
2012-07-30,39.8849983215332,40.584999084472656,39.78499984741211,40.560001373291016,15947800,26.33704376220703
2012-07-31,40.349998474121094,40.665000915527344,40.19499969482422,40.400001525878906,16333600,26.233154296875
2012-08-01,40.48500061035156,40.625,40.29499816894531,40.505001068115234,12954600,26.301332473754883
2012-08-02,40.3650016784668,40.5,39.7599983215332,39.875,13393200,25.892257690429688
2012-08-03,40.095001220703125,40.494998931884766,40.005001068115234,40.415000915527344,11834200,26.242891311645508
2012-08-06,40.505001068115234,40.625,40.310001373291016,40.31999969482422,9179400,26.181203842163086
2012-08-07,40.41999816894531,40.4900016784668,39.875,39.8849983215332,12782800,25.89874267578125
2012-08-08,39.85499954223633,40.0,39.68000030517578,39.779998779296875,8790200,25.83055305480957
2012-08-09,39.73500061035156,39.88999938964844,39.415000915527344,39.619998931884766,9583400,25.72666358947754
2012-08-10,39.58000183105469,39.60499954223633,39.30500030517578,39.39500045776367,40577600,25.58055877685547
2012-08-13,39.310001373291016,39.38999938964844,39.04999923706055,39.29999923706055,8898200,25.518875122070312
2012-08-14,39.599998474121094,39.66999816894531,39.25,39.380001068115234,10841200,25.57082748413086
2012-08-15,39.41999816894531,39.54999923706055,39.22999954223633,39.349998474121094,7692500,25.551342010498047
2012-08-16,39.400001525878906,39.630001068115234,39.310001373291016,39.54999923706055,8824100,25.681215286254883
2012-08-17,39.65999984741211,39.72999954223633,39.27000045776367,39.529998779296875,10541000,25.668224334716797
2012-08-20,39.540000915527344,39.59000015258789,39.2599983215332,39.470001220703125,9211800,25.629262924194336
2012-08-21,39.40999984741211,39.689998626708984,39.22999954223633,39.2599983215332,8329000,25.492908477783203
2012-08-22,39.13999938964844,39.25,38.689998626708984,38.77000045776367,13479200,25.174726486206055
2012-08-23,38.810001373291016,38.84000015258789,38.02000045776367,38.11000061035156,14973300,24.74617576599121
2012-08-24,38.06999969482422,38.54999923706055,38.06999969482422,38.470001220703125,9317800,24.97993278503418
2012-08-27,38.560001373291016,38.560001373291016,38.119998931884766,38.16999816894531,9589400,24.785125732421875
2012-08-28,38.13999938964844,38.31999969482422,37.77000045776367,38.0,16148800,24.674741744995117
2012-08-29,38.04999923706055,38.04999923706055,37.380001068115234,37.459999084472656,23435400,24.32410430908203
2012-08-30,37.380001068115234,37.630001068115234,37.130001068115234,37.13999938964844,17041800,24.116317749023438
2012-08-31,37.40999984741211,37.58000183105469,37.150001525878906,37.400001525878906,20710300,24.285139083862305
2012-09-04,37.52000045776367,37.59000015258789,37.220001220703125,37.279998779296875,17293400,24.207225799560547
2012-09-05,37.36000061035156,37.619998931884766,37.11000061035156,37.5099983215332,20839200,24.356565475463867
2012-09-06,37.779998779296875,38.29999923706055,37.70000076293945,38.150001525878906,19851400,24.772144317626953
2012-09-07,38.380001068115234,38.5,37.7400016784668,37.900001525878906,16391700,24.609806060791016
2012-09-10,37.959999084472656,37.97999954223633,37.59000015258789,37.65999984741211,18216900,24.453960418701172
2012-09-11,37.630001068115234,37.83000183105469,37.560001373291016,37.77000045776367,16505000,24.52539825439453
2012-09-12,37.790000915527344,37.83000183105469,37.5099983215332,37.54999923706055,14632200,24.54827880859375
2012-09-13,37.72999954223633,38.4900016784668,37.61000061035156,38.349998474121094,23803400,25.0712833404541
2012-09-14,38.54999923706055,38.54999923706055,38.0099983215332,38.119998931884766,25087400,24.9209041595459
2012-09-17,38.15999984741211,38.380001068115234,38.029998779296875,38.349998474121094,23594400,25.0712833404541
2012-09-18,38.380001068115234,39.0,38.29999923706055,38.619998931884766,24373700,25.24779510498047
2012-09-19,38.65999984741211,38.810001373291016,38.40999984741211,38.52000045776367,26276800,25.182416915893555
2012-09-20,38.38999938964844,38.869998931884766,38.380001068115234,38.63999938964844,26953000,25.260868072509766
2012-09-21,38.72999954223633,38.7400016784668,37.880001068115234,38.029998779296875,98967500,24.862091064453125
2012-09-24,37.810001373291016,38.2400016784668,37.810001373291016,38.119998931884766,21902000,24.9209041595459
2012-09-25,38.209999084472656,38.27000045776367,37.65999984741211,37.68000030517578,20299200,24.63327407836914
2012-09-26,37.779998779296875,38.189998626708984,37.7400016784668,37.7599983215332,16677400,24.685565948486328
2012-09-27,38.060001373291016,38.349998474121094,37.900001525878906,38.310001373291016,15176100,25.045127868652344
2012-09-28,38.16999816894531,38.220001220703125,37.900001525878906,37.93000030517578,22721200,24.796701431274414
2012-10-01,38.15999984741211,38.599998474121094,38.150001525878906,38.380001068115234,16671400,25.090892791748047
2012-10-02,38.560001373291016,38.689998626708984,38.11000061035156,38.34000015258789,10276000,25.064741134643555
2012-10-03,38.31999969482422,38.52000045776367,38.13999938964844,38.2400016784668,13637100,24.999374389648438
2012-10-04,38.459999084472656,38.54999923706055,38.189998626708984,38.33000183105469,9654500,25.058202743530273
2012-10-05,38.4900016784668,38.599998474121094,38.25,38.58000183105469,12287900,25.221641540527344
2012-10-08,38.540000915527344,38.68000030517578,38.439998626708984,38.58000183105469,9434600,25.221641540527344
2012-10-09,38.5,38.83000183105469,38.459999084472656,38.560001373291016,13078700,25.20857048034668
2012-10-10,38.650001525878906,38.72999954223633,38.04999923706055,38.09000015258789,13754500,24.901304244995117
2012-10-11,38.20000076293945,38.279998779296875,38.02000045776367,38.11000061035156,10843800,24.91438102722168
2012-10-12,38.2599983215332,38.38999938964844,38.11000061035156,38.22999954223633,12059700,24.992826461791992
2012-10-15,38.09000015258789,38.25,38.0099983215332,38.130001068115234,13785100,24.927452087402344
2012-10-16,38.18000030517578,38.220001220703125,37.439998626708984,37.900001525878906,25811800,24.777099609375
2012-10-17,38.060001373291016,38.150001525878906,37.70000076293945,37.7400016784668,15449600,24.6724910736084
2012-10-18,37.7599983215332,38.06999969482422,37.459999084472656,37.84000015258789,23063300,24.737869262695312
2012-10-19,37.93000030517578,37.939998626708984,37.400001525878906,37.400001525878906,19864500,24.450214385986328
2012-10-22,37.369998931884766,37.47999954223633,36.959999084472656,37.22999954223633,13340500,24.33908462524414
2012-10-23,36.959999084472656,36.97999954223633,36.540000915527344,36.61000061035156,13287300,23.93375015258789
2012-10-24,36.599998474121094,37.040000915527344,36.599998474121094,36.880001068115234,13531400,24.110265731811523
2012-10-25,37.0,37.189998626708984,36.849998474121094,37.09000015258789,10457900,24.247556686401367
2012-10-26,37.119998931884766,37.2599983215332,36.779998779296875,37.040000915527344,11896500,24.21486473083496
2012-10-31,37.15999984741211,37.40999984741211,36.91999816894531,37.18000030517578,11643500,24.306386947631836
2012-11-01,37.150001525878906,37.560001373291016,37.150001525878906,37.33000183105469,10622300,24.404457092285156
2012-11-02,37.58000183105469,37.650001525878906,37.0,37.08000183105469,11237500,24.24101448059082
2012-11-05,36.95000076293945,36.9900016784668,36.630001068115234,36.77000045776367,12139600,24.038358688354492
2012-11-06,36.91999816894531,37.47999954223633,36.86000061035156,37.41999816894531,11448400,24.46328353881836
2012-11-07,37.279998779296875,37.38999938964844,36.400001525878906,36.720001220703125,16745000,24.005666732788086
2012-11-08,36.650001525878906,37.11000061035156,36.36000061035156,36.36000061035156,12921700,23.770309448242188
2012-11-09,36.04999923706055,36.52000045776367,36.04999923706055,36.290000915527344,11520300,23.72454833984375
2012-11-12,36.290000915527344,36.290000915527344,35.9900016784668,36.08000183105469,10169700,23.587270736694336
2012-11-13,36.029998779296875,36.560001373291016,35.97999954223633,36.15999984741211,12105200,23.639575958251953
2012-11-14,36.189998626708984,36.36000061035156,35.869998931884766,36.0099983215332,13508300,23.541507720947266
2012-11-15,35.900001525878906,36.47999954223633,35.86000061035156,36.43000030517578,17643600,23.816082000732422
2012-11-16,36.4900016784668,36.650001525878906,36.27000045776367,36.560001373291016,15624800,23.901058197021484
2012-11-19,36.849998474121094,37.290000915527344,36.810001373291016,37.2400016784668,14076200,24.34561538696289
2012-11-20,37.22999954223633,37.27000045776367,36.849998474121094,37.25,12278600,24.352155685424805
2012-11-21,37.33000183105469,37.470001220703125,37.220001220703125,37.38999938964844,8631300,24.443679809570312
2012-11-23,37.54999923706055,37.95000076293945,37.4900016784668,37.93000030517578,5365500,24.796701431274414
2012-11-26,37.58000183105469,37.779998779296875,37.22999954223633,37.36000061035156,13217000,24.424070358276367
2012-11-27,37.439998626708984,37.790000915527344,37.34000015258789,37.41999816894531,11873700,24.46328353881836
2012-11-28,37.060001373291016,37.56999969482422,36.79999923706055,37.560001373291016,14846300,24.72329330444336
2012-11-29,37.68000030517578,37.970001220703125,37.5,37.970001220703125,12433700,24.993162155151367
2012-11-30,37.939998626708984,37.97999954223633,37.65999984741211,37.91999816894531,13039500,24.96025276184082
2012-12-03,37.900001525878906,37.939998626708984,37.33000183105469,37.380001068115234,12864900,24.604801177978516
2012-12-04,37.310001373291016,37.4900016784668,37.13999938964844,37.150001525878906,11794200,24.453418731689453
2012-12-05,37.20000076293945,37.5,37.08000183105469,37.310001373291016,14561400,24.55873680114746
2012-12-06,37.34000015258789,37.439998626708984,37.29999923706055,37.380001068115234,8974700,24.604801177978516
2012-12-07,37.439998626708984,37.7400016784668,37.38999938964844,37.709999084472656,10654700,24.8220272064209
2012-12-10,37.70000076293945,37.779998779296875,37.5099983215332,37.63999938964844,8603200,24.775951385498047
2012-12-11,37.630001068115234,37.9900016784668,37.58000183105469,37.86000061035156,10671300,24.920766830444336
2012-12-12,37.88999938964844,37.93000030517578,37.5,37.63999938964844,14681700,24.775951385498047
2012-12-13,37.70000076293945,37.790000915527344,37.529998779296875,37.599998474121094,11442100,24.749618530273438
2012-12-14,37.52000045776367,37.77000045776367,37.5,37.65999984741211,11800900,24.78911781311035
2012-12-17,37.790000915527344,37.81999969482422,37.380001068115234,37.5,17588900,24.683801651000977
2012-12-18,37.529998779296875,37.70000076293945,37.130001068115234,37.279998779296875,17952100,24.53898811340332
2012-12-19,37.25,37.290000915527344,36.77000045776367,36.779998779296875,17991900,24.209869384765625
2012-12-20,36.689998626708984,37.099998474121094,36.650001525878906,37.04999923706055,16182700,24.38759422302246
2012-12-21,37.0,37.189998626708984,36.529998779296875,36.88999938964844,27942400,24.28228759765625
2012-12-24,36.720001220703125,36.79999923706055,36.56999969482422,36.72999954223633,4851800,24.176959991455078
2012-12-26,36.70000076293945,36.79999923706055,36.2400016784668,36.41999816894531,9982100,23.972898483276367
2012-12-27,36.349998474121094,36.54999923706055,36.20000076293945,36.41999816894531,11380600,23.972898483276367
2012-12-28,36.220001220703125,36.41999816894531,35.95000076293945,35.970001220703125,14053400,23.67670440673828
2012-12-31,35.880001068115234,36.279998779296875,35.58000183105469,36.25,15651400,23.861007690429688
2013-01-02,36.9900016784668,37.599998474121094,36.65999984741211,37.599998474121094,21872400,24.749618530273438
2013-01-03,37.45000076293945,37.599998474121094,37.11000061035156,37.599998474121094,16357900,24.749618530273438
2013-01-04,37.650001525878906,37.869998931884766,37.52000045776367,37.65999984741211,15311300,24.78911781311035
2013-01-07,37.52000045776367,37.52000045776367,37.099998474121094,37.29999923706055,14610200,24.552156448364258
2013-01-08,37.189998626708984,37.279998779296875,36.90999984741211,37.040000915527344,14324300,24.38100814819336
2013-01-09,37.20000076293945,37.20000076293945,36.83000183105469,37.029998779296875,10563700,24.374425888061523
2013-01-10,37.119998931884766,37.16999816894531,36.7599983215332,36.959999084472656,15603700,24.328350067138672
2013-01-11,36.84000015258789,36.939998626708984,36.52000045776367,36.90999984741211,15644800,24.295440673828125
2013-01-14,36.95000076293945,37.11000061035156,36.79999923706055,36.9900016784668,11001500,24.348094940185547
2013-01-15,36.9900016784668,37.43000030517578,36.79999923706055,37.31999969482422,12721600,24.565319061279297
2013-01-16,37.209999084472656,37.41999816894531,37.119998931884766,37.31999969482422,9168000,24.565319061279297
2013-01-17,37.43000030517578,37.65999984741211,37.33000183105469,37.5099983215332,12121800,24.690378189086914
2013-01-18,37.4900016784668,37.709999084472656,37.310001373291016,37.70000076293945,14056100,24.81544303894043
2013-01-22,37.7400016784668,37.7400016784668,37.04999923706055,37.130001068115234,21249400,24.440258026123047
2013-01-23,37.08000183105469,37.2599983215332,37.040000915527344,37.130001068115234,13570200,24.440258026123047
2013-01-24,37.20000076293945,37.25,37.0,37.11000061035156,13258900,24.427082061767578
2013-01-25,37.18000030517578,37.25,36.90999984741211,37.04999923706055,14040700,24.38759422302246
2013-01-28,37.06999969482422,37.11000061035156,36.86000061035156,37.0099983215332,13386500,24.36126136779785
2013-01-29,36.880001068115234,37.56999969482422,36.86000061035156,37.41999816894531,17705800,24.631132125854492
2013-01-30,37.400001525878906,37.61000061035156,37.31999969482422,37.5,13219400,24.683801651000977
2013-01-31,37.529998779296875,37.529998779296875,37.11000061035156,37.2400016784668,12969100,24.512657165527344
2013-02-01,37.540000915527344,37.709999084472656,37.369998931884766,37.540000915527344,11932600,24.710134506225586
2013-02-04,37.47999954223633,37.58000183105469,37.29999923706055,37.349998474121094,9456300,24.58506202697754
2013-02-05,37.560001373291016,38.15999984741211,37.560001373291016,38.13999938964844,17897300,25.105070114135742
2013-02-06,38.130001068115234,38.43000030517578,38.0,38.310001373291016,16823700,25.216976165771484
2013-02-07,38.41999816894531,39.060001373291016,38.349998474121094,38.90999984741211,18805300,25.611909866333008
2013-02-08,38.849998474121094,38.939998626708984,38.599998474121094,38.77000045776367,12308000,25.51975440979004
2013-02-11,38.709999084472656,38.83000183105469,38.40999984741211,38.61000061035156,12159900,25.414447784423828
2013-02-12,38.11000061035156,38.15999984741211,37.279998779296875,37.560001373291016,30700500,24.72329330444336
2013-02-13,37.66999816894531,37.939998626708984,37.0099983215332,37.209999084472656,19943800,24.492908477783203
2013-02-14,37.2400016784668,37.5099983215332,36.70000076293945,36.84000015258789,22748600,24.249366760253906
2013-02-15,36.939998626708984,37.41999816894531,36.540000915527344,37.41999816894531,25204300,24.631132125854492
2013-02-19,37.5099983215332,37.77000045776367,37.459999084472656,37.66999816894531,14850600,24.795698165893555
2013-02-20,37.70000076293945,37.880001068115234,37.40999984741211,37.72999954223633,12949300,24.835193634033203
2013-02-21,37.619998931884766,37.790000915527344,37.43000030517578,37.709999084472656,14135100,24.8220272064209
2013-02-22,37.7599983215332,38.52000045776367,37.709999084472656,38.52000045776367,20102800,25.355205535888672
2013-02-25,38.560001373291016,38.720001220703125,37.720001220703125,37.720001220703125,15874600,24.8286190032959
2013-02-26,37.95000076293945,38.189998626708984,37.779998779296875,38.11000061035156,15770000,25.085329055786133
2013-02-27,38.029998779296875,38.540000915527344,37.91999816894531,38.45000076293945,14271100,25.309118270874023
2013-02-28,38.470001220703125,38.970001220703125,38.41999816894531,38.720001220703125,19005500,25.48684310913086
2013-03-01,38.4900016784668,38.790000915527344,38.4900016784668,38.70000076293945,13724500,25.473695755004883
2013-03-04,38.599998474121094,38.81999969482422,38.45000076293945,38.81999969482422,9934300,25.55267333984375
2013-03-05,38.97999954223633,39.0,38.560001373291016,38.68000030517578,13240700,25.46051788330078
2013-03-06,38.79999923706055,39.040000915527344,38.70000076293945,39.02000045776367,11653900,25.68431854248047
2013-03-07,39.040000915527344,39.189998626708984,38.84000015258789,39.119998931884766,15094900,25.750144958496094
2013-03-08,39.16999816894531,39.41999816894531,39.029998779296875,39.220001220703125,11183600,25.815967559814453
2013-03-11,39.20000076293945,39.380001068115234,39.18000030517578,39.310001373291016,9200400,25.875207901000977
2013-03-12,39.279998779296875,39.310001373291016,38.79999923706055,38.959999084472656,11375900,25.644821166992188
2013-03-13,38.81999969482422,38.869998931884766,38.54999923706055,38.59000015258789,14358300,25.585147857666016
2013-03-14,38.81999969482422,39.119998931884766,38.65999984741211,39.02000045776367,14572500,25.8702449798584
2013-03-15,38.81999969482422,38.939998626708984,38.65999984741211,38.83000183105469,20781900,25.744274139404297
2013-03-18,38.61000061035156,38.939998626708984,38.56999969482422,38.7599983215332,11479900,25.69784927368164
2013-03-19,38.91999816894531,39.400001525878906,38.81999969482422,39.33000183105469,15192000,26.075775146484375
2013-03-20,39.400001525878906,39.91999816894531,39.36000061035156,39.869998931884766,19271900,26.433788299560547
2013-03-21,39.849998474121094,40.43000030517578,39.7599983215332,40.06999969482422,23063600,26.566394805908203
2013-03-22,39.97999954223633,40.279998779296875,39.88999938964844,40.040000915527344,16128500,26.5465030670166
2013-03-25,40.11000061035156,40.25,39.959999084472656,40.119998931884766,15718400,26.599546432495117
2013-03-26,40.130001068115234,40.70000076293945,40.130001068115234,40.689998626708984,13666500,26.97745132446289
2013-03-27,40.45000076293945,40.540000915527344,40.060001373291016,40.220001220703125,14559900,26.665836334228516
2013-03-28,40.380001068115234,40.599998474121094,40.02000045776367,40.439998626708984,14227200,26.81170082092285
2013-04-01,40.38999938964844,40.4900016784668,40.16999816894531,40.45000076293945,8200500,26.818326950073242
2013-04-02,40.43000030517578,40.900001525878906,40.41999816894531,40.720001220703125,13359200,26.997344970703125
2013-04-03,40.779998779296875,40.81999969482422,40.08000183105469,40.16999816894531,13639200,26.632694244384766
2013-04-04,40.27000045776367,40.59000015258789,40.20000076293945,40.540000915527344,11435900,26.87799644470215
2013-04-05,40.209999084472656,40.36000061035156,40.0099983215332,40.08000183105469,10729500,26.57302474975586
2013-04-08,40.060001373291016,40.869998931884766,39.77000045776367,40.86000061035156,22757900,27.090167999267578
2013-04-09,40.810001373291016,41.130001068115234,40.5099983215332,40.709999084472656,21056100,26.990703582763672
2013-04-10,40.779998779296875,41.16999816894531,40.709999084472656,41.06999969482422,9703700,27.22939109802246
2013-04-11,41.130001068115234,41.40999984741211,41.060001373291016,41.18000030517578,10962500,27.30232810974121
2013-04-12,40.90999984741211,41.11000061035156,40.68000030517578,41.08000183105469,10394700,27.236019134521484
2013-04-15,40.849998474121094,40.9900016784668,40.04999923706055,40.09000015258789,16050600,26.579647064208984
2013-04-16,41.400001525878906,42.47999954223633,41.25,42.369998931884766,32135700,28.091293334960938
2013-04-17,42.13999938964844,42.70000076293945,42.029998779296875,42.54999923706055,24208000,28.21063232421875
2013-04-18,42.47999954223633,42.650001525878906,42.09000015258789,42.099998474121094,16034200,27.91227912902832
2013-04-19,42.279998779296875,42.77000045776367,42.20000076293945,42.65999984741211,13875800,28.283552169799805
2013-04-22,42.52000045776367,42.849998474121094,42.400001525878906,42.720001220703125,10544100,28.32333755493164
2013-04-23,42.779998779296875,42.959999084472656,42.2599983215332,42.70000076293945,11216200,28.310075759887695
2013-04-24,42.63999938964844,42.900001525878906,42.099998474121094,42.150001525878906,11368200,27.945430755615234
2013-04-25,42.2599983215332,42.540000915527344,42.08000183105469,42.349998474121094,10197100,28.078035354614258
2013-04-26,42.18000030517578,42.43000030517578,42.09000015258789,42.099998474121094,15159800,27.91227912902832
2013-04-29,42.2400016784668,42.290000915527344,41.91999816894531,42.2400016784668,11311100,28.005107879638672
2013-04-30,42.150001525878906,42.38999938964844,41.880001068115234,42.33000183105469,13432200,28.064767837524414
2013-05-01,42.150001525878906,42.560001373291016,42.13999938964844,42.209999084472656,8710600,27.985218048095703
2013-05-02,41.65999984741211,42.15999984741211,41.4900016784668,41.959999084472656,18709600,27.819456100463867
2013-05-03,42.16999816894531,42.41999816894531,41.959999084472656,42.2400016784668,11757800,28.005107879638672
2013-05-06,42.290000915527344,42.290000915527344,41.869998931884766,42.08000183105469,9356100,27.899024963378906
2013-05-07,42.209999084472656,42.709999084472656,42.150001525878906,42.70000076293945,13785300,28.310075759887695
2013-05-08,42.540000915527344,42.68000030517578,42.15999984741211,42.459999084472656,12636300,28.150955200195312
2013-05-09,42.5099983215332,42.560001373291016,42.0,42.119998931884766,10113700,27.9255313873291
2013-05-10,42.11000061035156,42.2400016784668,41.849998474121094,42.150001525878906,9927000,27.945430755615234
2013-05-13,42.13999938964844,42.439998626708984,42.0,42.189998626708984,9291000,27.971956253051758
2013-05-14,42.18000030517578,42.66999816894531,42.0099983215332,42.52000045776367,13023900,28.190744400024414
2013-05-15,42.5,43.099998474121094,42.38999938964844,42.91999816894531,12306200,28.45594596862793
2013-05-16,42.90999984741211,43.43000030517578,42.790000915527344,43.09000015258789,12330000,28.568639755249023
2013-05-17,43.04999923706055,43.130001068115234,42.560001373291016,42.970001220703125,12611200,28.489093780517578
2013-05-20,42.95000076293945,42.95000076293945,42.29999923706055,42.380001068115234,9966000,28.09792137145996
2013-05-21,42.47999954223633,42.560001373291016,42.06999969482422,42.34000015258789,9148800,28.071393966674805
2013-05-22,42.279998779296875,42.86000061035156,42.040000915527344,42.25,13615600,28.011728286743164
2013-05-23,41.93000030517578,42.06999969482422,41.560001373291016,41.93000030517578,10934200,27.79956817626953
2013-05-24,41.540000915527344,42.369998931884766,41.5,42.2400016784668,11542100,28.005107879638672
2013-05-28,42.599998474121094,43.04999923706055,42.400001525878906,42.54999923706055,14412100,28.21063232421875
2013-05-29,42.34000015258789,42.43000030517578,41.310001373291016,41.400001525878906,16986600,27.44818687438965
2013-05-30,41.4900016784668,41.599998474121094,40.75,40.77000045776367,20874500,27.03049659729004
2013-05-31,40.650001525878906,40.77000045776367,39.9900016784668,39.9900016784668,26184400,26.51333999633789
2013-06-03,39.95000076293945,40.84000015258789,39.630001068115234,40.810001373291016,16577200,27.0570125579834
2013-06-04,41.59000015258789,41.720001220703125,40.95000076293945,41.41999816894531,19241000,27.461437225341797
2013-06-05,41.400001525878906,41.400001525878906,40.599998474121094,40.650001525878906,16429300,26.950937271118164
2013-06-06,40.54999923706055,40.790000915527344,40.310001373291016,40.790000915527344,11171600,27.043752670288086
2013-06-07,41.20000076293945,41.72999954223633,40.97999954223633,41.40999984741211,14459600,27.454809188842773
2013-06-10,41.5,41.52000045776367,41.040000915527344,41.18000030517578,11247400,27.30232810974121
2013-06-11,40.880001068115234,40.97999954223633,40.400001525878906,40.790000915527344,16491600,27.043752670288086
2013-06-12,40.790000915527344,40.939998626708984,40.279998779296875,40.38999938964844,11611100,26.963634490966797
2013-06-13,40.310001373291016,40.47999954223633,39.68000030517578,40.40999984741211,17861200,26.976993560791016
2013-06-14,40.380001068115234,40.790000915527344,40.2599983215332,40.34000015258789,13635100,26.930261611938477
2013-06-17,40.540000915527344,40.90999984741211,40.400001525878906,40.68000030517578,12409200,27.157241821289062
2013-06-18,40.70000076293945,40.9900016784668,40.56999969482422,40.93000030517578,9893100,27.324132919311523
2013-06-19,41.0099983215332,41.439998626708984,40.40999984741211,40.40999984741211,16936100,26.976993560791016
2013-06-20,40.27000045776367,40.349998474121094,38.970001220703125,39.130001068115234,24899700,26.122495651245117
2013-06-21,39.630001068115234,39.970001220703125,39.29999923706055,39.7599983215332,21938300,26.54306411743164
2013-06-24,39.45000076293945,40.0099983215332,39.130001068115234,39.529998779296875,16433700,26.389524459838867
2013-06-25,39.81999969482422,39.93000030517578,39.439998626708984,39.720001220703125,12942100,26.51636505126953
2013-06-26,40.08000183105469,40.47999954223633,40.060001373291016,40.33000183105469,13855600,26.9235897064209
2013-06-27,40.650001525878906,40.880001068115234,40.2400016784668,40.2599983215332,11459100,26.87685203552246
2013-06-28,40.25,40.439998626708984,40.099998474121094,40.11000061035156,16316000,26.77672004699707
2013-07-01,40.5,40.91999816894531,40.36000061035156,40.459999084472656,10754300,27.010372161865234
2013-07-02,40.470001220703125,40.7400016784668,40.18000030517578,40.369998931884766,12248300,26.950286865234375
2013-07-03,40.2400016784668,40.560001373291016,40.029998779296875,40.4900016784668,5264800,27.0303897857666
2013-07-05,40.720001220703125,40.79999923706055,40.150001525878906,40.52000045776367,10402200,27.050426483154297
2013-07-08,40.650001525878906,40.7599983215332,40.41999816894531,40.540000915527344,9936300,27.063770294189453
2013-07-09,40.86000061035156,41.06999969482422,40.720001220703125,40.83000183105469,8760500,27.257375717163086
2013-07-10,40.91999816894531,40.959999084472656,40.529998779296875,40.68000030517578,9539300,27.157241821289062
2013-07-11,41.0,41.150001525878906,40.7400016784668,41.029998779296875,13489600,27.39088249206543
2013-07-12,41.029998779296875,41.130001068115234,40.72999954223633,41.029998779296875,10686400,27.39088249206543
2013-07-15,41.04999923706055,41.25,40.93000030517578,41.0099983215332,11418400,27.377540588378906
2013-07-16,39.779998779296875,40.5,39.5,40.22999954223633,33575600,26.85683822631836
2013-07-17,40.54999923706055,40.97999954223633,40.310001373291016,40.84000015258789,18513100,27.264055252075195
2013-07-18,40.86000061035156,41.06999969482422,40.7400016784668,40.810001373291016,9708800,27.244028091430664
2013-07-19,40.880001068115234,41.099998474121094,40.790000915527344,41.09000015258789,11401100,27.430952072143555
2013-07-22,41.08000183105469,41.13999938964844,40.7599983215332,40.84000015258789,9425100,27.264055252075195
2013-07-23,40.95000076293945,41.130001068115234,40.790000915527344,40.959999084472656,9400900,27.344160079956055
2013-07-24,41.119998931884766,41.130001068115234,40.75,40.86000061035156,10511000,27.27741050720215
2013-07-25,40.810001373291016,40.880001068115234,40.47999954223633,40.84000015258789,9147300,27.264055252075195
2013-07-26,40.650001525878906,40.650001525878906,40.0099983215332,40.63999938964844,12279600,27.130529403686523
2013-07-29,40.61000061035156,40.68000030517578,40.2599983215332,40.279998779296875,10132000,26.89019775390625
2013-07-30,40.41999816894531,40.72999954223633,40.25,40.31999969482422,10769400,26.91691017150879
2013-07-31,40.40999984741211,40.58000183105469,40.060001373291016,40.08000183105469,13557100,26.75668716430664
2013-08-01,40.400001525878906,40.75,40.400001525878906,40.56999969482422,12001100,27.083799362182617
2013-08-02,40.029998779296875,40.40999984741211,39.90999984741211,40.220001220703125,25516600,26.850149154663086
2013-08-05,40.18000030517578,40.470001220703125,40.18000030517578,40.290000915527344,9933200,26.896883010864258
2013-08-06,40.22999954223633,40.43000030517578,40.060001373291016,40.369998931884766,8645600,26.950286865234375
2013-08-07,40.310001373291016,40.33000183105469,40.060001373291016,40.150001525878906,9301800,26.803424835205078
2013-08-08,40.29999923706055,40.36000061035156,40.02000045776367,40.20000076293945,9481100,26.8367977142334
2013-08-09,40.25,40.31999969482422,40.04999923706055,40.15999984741211,9021600,26.81010627746582
2013-08-12,40.040000915527344,40.099998474121094,39.709999084472656,39.83000183105469,13970000,26.58978843688965
2013-08-13,39.93000030517578,40.04999923706055,39.5,39.650001525878906,13548700,26.46963119506836
2013-08-14,39.59000015258789,39.68000030517578,39.349998474121094,39.529998779296875,13787100,26.389524459838867
2013-08-15,39.29999923706055,39.400001525878906,39.02000045776367,39.09000015258789,14227800,26.09578514099121
2013-08-16,39.029998779296875,39.18000030517578,38.709999084472656,39.04999923706055,20565200,26.069076538085938
2013-08-19,39.04999923706055,39.09000015258789,38.689998626708984,38.779998779296875,11913000,25.888835906982422
2013-08-20,38.849998474121094,39.13999938964844,38.650001525878906,38.650001525878906,10238200,25.80204963684082
2013-08-21,38.630001068115234,38.70000076293945,38.25,38.279998779296875,15799000,25.5550479888916
2013-08-22,38.31999969482422,38.52000045776367,38.099998474121094,38.310001373291016,10307900,25.575069427490234
2013-08-23,38.61000061035156,38.61000061035156,38.369998931884766,38.52000045776367,11302800,25.71526336669922
2013-08-26,38.599998474121094,38.599998474121094,38.11000061035156,38.119998931884766,12740600,25.448230743408203
2013-08-27,37.97999954223633,38.2400016784668,37.79999923706055,38.150001525878906,16742500,25.4682674407959
2013-08-28,38.060001373291016,38.529998779296875,38.04999923706055,38.349998474121094,19245200,25.601778030395508
2013-08-29,38.470001220703125,38.470001220703125,38.099998474121094,38.099998474121094,14215700,25.43487548828125
2013-08-30,38.15999984741211,38.279998779296875,38.0,38.18000030517578,14296600,25.48828125
2013-09-03,38.27000045776367,38.400001525878906,37.79999923706055,37.900001525878906,19068500,25.30137062072754
2013-09-04,37.880001068115234,38.72999954223633,37.810001373291016,38.540000915527344,19138600,25.728612899780273
2013-09-05,38.630001068115234,38.689998626708984,38.060001373291016,38.2400016784668,14290500,25.52834129333496
2013-09-06,38.380001068115234,38.619998931884766,38.099998474121094,38.349998474121094,13976900,25.601778030395508
2013-09-09,38.52000045776367,38.54999923706055,38.27000045776367,38.52000045776367,10605500,25.71526336669922
2013-09-10,38.77000045776367,38.779998779296875,38.5099983215332,38.630001068115234,11757300,25.78870391845703
2013-09-11,38.68000030517578,38.779998779296875,38.529998779296875,38.779998779296875,11996500,25.888835906982422
2013-09-12,38.59000015258789,38.61000061035156,38.279998779296875,38.439998626708984,12114100,25.848480224609375
2013-09-13,38.560001373291016,38.7400016784668,38.41999816894531,38.689998626708984,11623600,26.01659393310547
2013-09-16,39.029998779296875,39.20000076293945,38.7400016784668,38.86000061035156,13351500,26.13091278076172
2013-09-17,38.810001373291016,39.09000015258789,38.790000915527344,38.790000915527344,12881700,26.08384132385254
2013-09-18,38.810001373291016,39.599998474121094,38.58000183105469,39.59000015258789,18030500,26.621789932250977
2013-09-19,39.63999938964844,39.66999816894531,39.150001525878906,39.310001373291016,14251700,26.433509826660156
2013-09-20,39.33000183105469,39.400001525878906,38.779998779296875,39.400001525878906,30675300,26.4940242767334
2013-09-23,39.15999984741211,39.189998626708984,38.439998626708984,38.630001068115234,19016200,25.976255416870117
2013-09-24,38.720001220703125,38.869998931884766,38.52000045776367,38.529998779296875,15083300,25.909011840820312
2013-09-25,38.650001525878906,38.68000030517578,38.29999923706055,38.33000183105469,11446100,25.77452278137207
2013-09-26,38.4900016784668,38.7400016784668,38.38999938964844,38.7400016784668,10941100,26.050212860107422
2013-09-27,38.56999969482422,38.58000183105469,38.150001525878906,38.400001525878906,12609600,25.821596145629883
2013-09-30,38.189998626708984,38.29999923706055,37.75,37.880001068115234,18101500,25.471927642822266
2013-10-01,38.0,38.09000015258789,37.619998931884766,37.95000076293945,13196000,25.51899528503418
2013-10-02,37.810001373291016,37.810001373291016,37.209999084472656,37.43000030517578,25664200,25.169326782226562
2013-10-03,37.459999084472656,37.459999084472656,37.130001068115234,37.15999984741211,14437900,24.987760543823242
2013-10-04,37.25,37.27000045776367,36.90999984741211,37.20000076293945,17217500,25.014667510986328
2013-10-07,37.08000183105469,37.380001068115234,36.83000183105469,37.04999923706055,16708600,24.913795471191406
2013-10-08,37.099998474121094,37.40999984741211,36.900001525878906,37.279998779296875,20471300,25.06845474243164
2013-10-09,37.380001068115234,37.41999816894531,37.0099983215332,37.08000183105469,18998900,24.933975219726562
2013-10-10,37.77000045776367,37.86000061035156,37.45000076293945,37.779998779296875,17174400,25.40467071533203
2013-10-11,37.91999816894531,37.91999816894531,37.52000045776367,37.77000045776367,14266900,25.397958755493164
2013-10-14,37.560001373291016,37.95000076293945,37.5099983215332,37.90999984741211,14202900,25.492090225219727
2013-10-15,38.18000030517578,38.369998931884766,37.599998474121094,37.65999984741211,21676600,25.323978424072266
2013-10-16,38.0099983215332,38.2400016784668,37.779998779296875,38.0,17995100,25.55261993408203
2013-10-17,38.060001373291016,38.560001373291016,38.0099983215332,38.54999923706055,15900200,25.92245101928711
2013-10-18,38.58000183105469,38.779998779296875,38.41999816894531,38.779998779296875,18896600,26.077123641967773
2013-10-21,38.95000076293945,38.95000076293945,38.599998474121094,38.81999969482422,12977500,26.104019165039062
2013-10-22,38.86000061035156,39.25,38.689998626708984,39.09000015258789,17110200,26.285573959350586
2013-10-23,39.08000183105469,39.25,38.79999923706055,39.09000015258789,12591800,26.285573959350586
2013-10-24,39.150001525878906,39.369998931884766,38.7599983215332,38.79999923706055,17143800,26.09055519104004
2013-10-25,38.84000015258789,39.130001068115234,38.630001068115234,39.029998779296875,14383400,26.245216369628906
2013-10-28,39.02000045776367,39.7400016784668,38.9900016784668,39.61000061035156,16552100,26.635234832763672
2013-10-29,39.56999969482422,39.959999084472656,39.349998474121094,39.79999923706055,14199600,26.763002395629883
2013-10-30,39.880001068115234,39.88999938964844,39.5099983215332,39.619998931884766,12360000,26.641965866088867
2013-10-31,39.5099983215332,39.86000061035156,39.5099983215332,39.56999969482422,14853500,26.60833740234375
2013-11-01,39.56999969482422,39.720001220703125,39.33000183105469,39.61000061035156,12430400,26.635234832763672
2013-11-04,39.709999084472656,39.810001373291016,39.29999923706055,39.5099983215332,10252100,26.5679874420166
2013-11-05,39.36000061035156,39.63999938964844,39.220001220703125,39.5,10575000,26.561283111572266
2013-11-06,39.619998931884766,40.220001220703125,39.41999816894531,40.04999923706055,17198000,26.931110382080078
2013-11-07,40.08000183105469,40.25,39.7599983215332,39.83000183105469,16233200,26.78316879272461
2013-11-08,39.7400016784668,40.04999923706055,39.4900016784668,40.04999923706055,11903600,26.931110382080078
2013-11-11,40.0099983215332,40.04999923706055,39.77000045776367,39.869998931884766,9567800,26.810081481933594
2013-11-12,39.90999984741211,39.9900016784668,39.619998931884766,39.880001068115234,10509200,26.81679344177246
2013-11-13,39.81999969482422,40.119998931884766,39.650001525878906,40.119998931884766,11770500,26.978185653686523
2013-11-14,40.09000015258789,40.439998626708984,40.029998779296875,40.209999084472656,10887200,27.038711547851562
2013-11-15,40.15999984741211,40.31999969482422,39.959999084472656,40.220001220703125,12021500,27.045425415039062
2013-11-18,40.2400016784668,40.2400016784668,40.0,40.16999816894531,9553900,27.011798858642578
2013-11-19,40.13999938964844,40.22999954223633,39.91999816894531,40.13999938964844,11014800,26.991628646850586
2013-11-20,40.04999923706055,40.45000076293945,39.939998626708984,40.060001373291016,14422500,26.93783950805664
2013-11-21,40.20000076293945,40.4900016784668,40.099998474121094,40.43000030517578,26364300,27.186634063720703
2013-11-22,40.34000015258789,40.459999084472656,40.09000015258789,40.43000030517578,26396500,27.186634063720703
2013-11-25,40.47999954223633,40.880001068115234,40.33000183105469,40.369998931884766,14059100,27.14629364013672
2013-11-26,40.4900016784668,40.599998474121094,40.2400016784668,40.25,14240400,27.065603256225586
2013-11-27,40.09000015258789,40.380001068115234,39.689998626708984,40.189998626708984,9909100,27.21457290649414
2013-11-29,40.27000045776367,40.47999954223633,40.11000061035156,40.189998626708984,8641100,27.21457290649414
2013-12-02,40.099998474121094,40.20000076293945,39.75,40.08000183105469,16738800,27.14008140563965
2013-12-03,40.04999923706055,40.38999938964844,40.0099983215332,40.349998474121094,16592300,27.322917938232422
2013-12-04,40.20000076293945,40.470001220703125,39.939998626708984,40.369998931884766,13196100,27.336463928222656
2013-12-05,40.279998779296875,40.400001525878906,39.79999923706055,39.83000183105469,18171200,26.970792770385742
2013-12-06,40.04999923706055,40.5,40.04999923706055,40.459999084472656,12557100,27.397401809692383
2013-12-09,40.400001525878906,40.5,40.20000076293945,40.400001525878906,12237100,27.356775283813477
2013-12-10,40.2599983215332,40.290000915527344,39.75,39.849998474121094,15967800,26.984336853027344
2013-12-11,39.95000076293945,40.34000015258789,39.88999938964844,40.130001068115234,14963500,27.17394256591797
2013-12-12,39.9900016784668,40.209999084472656,39.18000030517578,39.209999084472656,19817700,26.550962448120117
2013-12-13,39.470001220703125,39.63999938964844,39.209999084472656,39.22999954223633,14037400,26.564502716064453
2013-12-16,39.459999084472656,39.56999969482422,39.20000076293945,39.27000045776367,14562100,26.591590881347656
2013-12-17,39.119998931884766,39.25,38.869998931884766,39.099998474121094,17655700,26.47646713256836
2013-12-18,39.2599983215332,40.08000183105469,39.0,40.02000045776367,23884500,27.099456787109375
2013-12-19,39.970001220703125,40.099998474121094,39.560001373291016,39.86000061035156,14791800,26.991117477416992
2013-12-20,39.91999816894531,40.189998626708984,39.849998474121094,40.040000915527344,22237200,27.11300277709961
2013-12-23,40.099998474121094,40.2400016784668,39.869998931884766,40.15999984741211,10943200,27.194250106811523
2013-12-24,40.16999816894531,40.310001373291016,40.099998474121094,40.189998626708984,4783800,27.21457290649414
2013-12-26,40.220001220703125,40.540000915527344,40.13999938964844,40.4900016784668,8588300,27.417707443237305
2013-12-27,40.689998626708984,40.790000915527344,40.529998779296875,40.65999984741211,6762200,27.5328311920166
2013-12-30,40.77000045776367,41.13999938964844,40.7599983215332,41.09000015258789,10927500,27.824007034301758
2013-12-31,41.130001068115234,41.38999938964844,40.97999954223633,41.310001373291016,11729200,27.972978591918945
2014-01-02,41.119998931884766,41.22999954223633,40.5099983215332,40.65999984741211,12698600,27.5328311920166
2014-01-03,40.68000030517578,40.72999954223633,40.349998474121094,40.459999084472656,10403400,27.397401809692383
2014-01-06,40.47999954223633,40.59000015258789,40.15999984741211,40.27000045776367,11036300,27.268739700317383
2014-01-07,40.47999954223633,40.720001220703125,40.290000915527344,40.38999938964844,11872300,27.349998474121094
2014-01-08,40.439998626708984,40.439998626708984,39.83000183105469,39.939998626708984,15339600,27.045284271240234
2014-01-09,39.95000076293945,40.0,39.52000045776367,39.72999954223633,14070200,26.9030818939209
2014-01-10,39.959999084472656,40.290000915527344,39.900001525878906,40.130001068115234,13290000,27.17394256591797
2014-01-13,40.0,40.130001068115234,39.5,39.529998779296875,14091900,26.767656326293945
2014-01-14,39.63999938964844,39.91999816894531,39.58000183105469,39.689998626708984,12801100,26.876001358032227
2014-01-15,39.83000183105469,39.939998626708984,39.58000183105469,39.7599983215332,12844900,26.92339324951172
2014-01-16,39.779998779296875,39.81999969482422,39.58000183105469,39.709999084472656,11063100,26.889537811279297
2014-01-17,39.720001220703125,39.75,39.279998779296875,39.279998779296875,13992700,26.59835433959961
2014-01-21,39.63999938964844,39.91999816894531,39.529998779296875,39.91999816894531,17579000,27.0317325592041
2014-01-22,39.9900016784668,40.09000015258789,39.75,39.900001525878906,9841700,27.018205642700195
2014-01-23,39.61000061035156,39.63999938964844,39.119998931884766,39.2400016784668,14828100,26.571273803710938
2014-01-24,39.08000183105469,39.25,38.81999969482422,38.84000015258789,16507500,26.300432205200195
2014-01-27,38.81999969482422,38.97999954223633,38.709999084472656,38.72999954223633,14601900,26.225936889648438
2014-01-28,38.77000045776367,39.08000183105469,38.619998931884766,38.869998931884766,8915500,26.32073211669922
2014-01-29,38.56999969482422,38.56999969482422,37.81999969482422,37.900001525878906,23776100,25.663898468017578
2014-01-30,38.0,38.40999984741211,38.0,38.16999816894531,13662000,25.846725463867188
2014-01-31,37.95000076293945,38.15999984741211,37.720001220703125,37.81999969482422,16185000,25.609731674194336
2014-02-03,38.02000045776367,38.02000045776367,37.099998474121094,37.20000076293945,23164900,25.18990135192871
2014-02-04,37.439998626708984,37.54999923706055,37.209999084472656,37.47999954223633,17759700,25.379497528076172
2014-02-05,37.4900016784668,37.720001220703125,37.380001068115234,37.61000061035156,13665200,25.467527389526367
2014-02-06,38.7599983215332,38.939998626708984,37.91999816894531,38.029998779296875,22661500,25.751934051513672
2014-02-07,38.16999816894531,38.349998474121094,37.869998931884766,37.95000076293945,20389000,25.697765350341797
2014-02-10,38.06999969482422,38.619998931884766,37.84000015258789,38.56999969482422,20877200,26.117584228515625
2014-02-11,38.66999816894531,38.779998779296875,38.5099983215332,38.63999938964844,15361300,26.164987564086914
2014-02-12,38.849998474121094,38.91999816894531,38.400001525878906,38.5099983215332,10633400,26.07696533203125
2014-02-13,38.130001068115234,38.7599983215332,38.130001068115234,38.650001525878906,10435600,26.171764373779297
2014-02-14,38.599998474121094,39.02000045776367,38.27000045776367,38.93000030517578,16030100,26.36136245727539
2014-02-18,37.97999954223633,38.11000061035156,37.2599983215332,37.470001220703125,46098500,25.372730255126953
2014-02-19,37.5,37.599998474121094,37.04999923706055,37.099998474121094,26645100,25.12218475341797
2014-02-20,37.060001373291016,37.52000045776367,36.88999938964844,37.29999923706055,22639900,25.257614135742188
2014-02-21,37.59000015258789,37.619998931884766,37.13999938964844,37.18000030517578,19419800,25.176353454589844
2014-02-24,37.29999923706055,37.599998474121094,37.220001220703125,37.5,24223500,25.393049240112305
2014-02-25,37.630001068115234,37.939998626708984,37.5,37.77000045776367,22845500,25.575878143310547
2014-02-26,37.900001525878906,37.939998626708984,37.720001220703125,37.869998931884766,18195100,25.643590927124023
2014-02-27,37.84000015258789,38.11000061035156,37.79999923706055,38.06999969482422,18423400,25.779016494750977
2014-02-28,38.08000183105469,38.38999938964844,38.040000915527344,38.20000076293945,15763200,25.867048263549805
2014-03-03,37.880001068115234,38.15999984741211,37.849998474121094,38.119998931884766,18683400,25.812881469726562
2014-03-04,38.34000015258789,38.38999938964844,38.22999954223633,38.310001373291016,20425200,25.941532135009766
2014-03-05,38.41999816894531,38.45000076293945,38.25,38.349998474121094,14367400,25.96862030029297
2014-03-06,38.400001525878906,38.54999923706055,38.27000045776367,38.470001220703125,14700000,26.049880981445312
2014-03-07,38.560001373291016,38.61000061035156,38.36000061035156,38.54999923706055,17047600,26.104040145874023
2014-03-10,38.54999923706055,38.650001525878906,38.439998626708984,38.650001525878906,14540800,26.171764373779297
2014-03-11,38.84000015258789,38.84000015258789,38.540000915527344,38.79999923706055,13812100,26.273334503173828
2014-03-12,38.27000045776367,38.5,38.209999084472656,38.470001220703125,15673700,26.256275177001953
2014-03-13,38.45000076293945,38.4900016784668,37.91999816894531,37.970001220703125,18302800,25.91501808166504
2014-03-14,37.95000076293945,38.31999969482422,37.880001068115234,38.16999816894531,14687200,26.051511764526367
2014-03-17,38.16999816894531,38.369998931884766,38.04999923706055,38.27000045776367,19203000,26.11977195739746
2014-03-18,38.27000045776367,38.459999084472656,38.13999938964844,38.400001525878906,16880400,26.2085018157959
2014-03-19,38.36000061035156,38.59000015258789,38.099998474121094,38.13999938964844,20882200,26.03104019165039
2014-03-20,38.11000061035156,38.470001220703125,37.95000076293945,38.45000076293945,13228000,26.24262046813965
2014-03-21,38.779998779296875,38.83000183105469,38.279998779296875,38.439998626708984,19189100,26.235788345336914
2014-03-24,38.47999954223633,38.529998779296875,38.209999084472656,38.400001525878906,15693000,26.2085018157959
2014-03-25,38.4900016784668,38.79999923706055,38.459999084472656,38.619998931884766,16898900,26.358646392822266
2014-03-26,38.689998626708984,38.939998626708984,38.61000061035156,38.61000061035156,15835500,26.351821899414062
2014-03-27,38.5099983215332,39.0,38.47999954223633,38.81999969482422,13031500,26.495159149169922
2014-03-28,38.88999938964844,39.029998779296875,38.81999969482422,38.95000076293945,11502100,26.5838680267334
2014-03-31,38.9900016784668,39.029998779296875,38.459999084472656,38.65999984741211,24489800,26.385950088500977
2014-04-01,38.529998779296875,38.88999938964844,38.310001373291016,38.40999984741211,20515700,26.215320587158203
2014-04-02,38.4900016784668,38.540000915527344,38.29999923706055,38.33000183105469,15709100,26.160722732543945
2014-04-03,38.38999938964844,38.4900016784668,38.040000915527344,38.06999969482422,18114000,25.98326873779297
2014-04-04,38.2400016784668,38.47999954223633,38.13999938964844,38.220001220703125,15453600,26.085643768310547
2014-04-07,38.27000045776367,38.88999938964844,38.2599983215332,38.619998931884766,17295700,26.358646392822266
2014-04-08,38.66999816894531,38.900001525878906,38.47999954223633,38.900001525878906,14769900,26.549753189086914
2014-04-09,38.84000015258789,38.9900016784668,38.70000076293945,38.9900016784668,12031400,26.61117935180664
2014-04-10,38.97999954223633,39.400001525878906,38.81999969482422,38.88999938964844,21025700,26.542930603027344
2014-04-11,38.83000183105469,39.220001220703125,38.56999969482422,38.630001068115234,18084200,26.365480422973633
2014-04-14,38.709999084472656,38.79999923706055,38.400001525878906,38.72999954223633,19389800,26.433727264404297
2014-04-15,39.83000183105469,40.470001220703125,39.5,40.18000030517578,47529200,27.423376083374023
2014-04-16,40.119998931884766,40.59000015258789,40.119998931884766,40.59000015258789,21919900,27.70319938659668
2014-04-17,40.43000030517578,40.720001220703125,40.25,40.720001220703125,18547100,27.791933059692383
2014-04-21,40.470001220703125,40.7599983215332,40.349998474121094,40.75,12630900,27.812410354614258
2014-04-22,40.58000183105469,40.7599983215332,40.41999816894531,40.709999084472656,17404900,27.785097122192383
2014-04-23,40.70000076293945,40.810001373291016,40.560001373291016,40.72999954223633,12072500,27.798748016357422
2014-04-24,40.70000076293945,40.88999938964844,40.459999084472656,40.70000076293945,11392600,27.778278350830078
2014-04-25,40.459999084472656,41.0099983215332,40.439998626708984,41.0099983215332,16811400,27.989858627319336
2014-04-28,40.81999969482422,41.279998779296875,40.7400016784668,41.029998779296875,20736700,28.003496170043945
2014-04-29,40.970001220703125,41.029998779296875,40.52000045776367,40.56999969482422,18928400,27.68954086303711
2014-04-30,40.689998626708984,40.880001068115234,40.59000015258789,40.790000915527344,12362000,27.83970069885254
2014-05-01,40.790000915527344,40.79999923706055,40.2599983215332,40.779998779296875,15385800,27.832876205444336
2014-05-02,40.790000915527344,40.959999084472656,40.630001068115234,40.95000076293945,14197000,27.94890594482422
2014-05-05,40.650001525878906,40.93000030517578,40.54999923706055,40.7599983215332,10163500,27.819223403930664
2014-05-06,40.52000045776367,40.65999984741211,40.45000076293945,40.4900016784668,9359900,27.63494300842285
2014-05-07,40.70000076293945,40.970001220703125,40.630001068115234,40.90999984741211,11115600,27.921607971191406
2014-05-08,40.849998474121094,40.959999084472656,40.650001525878906,40.72999954223633,8538700,27.798748016357422
2014-05-09,40.779998779296875,40.95000076293945,40.709999084472656,40.869998931884766,8516400,27.89430046081543
2014-05-12,40.880001068115234,40.970001220703125,40.689998626708984,40.81999969482422,8906000,27.860166549682617
2014-05-13,40.83000183105469,41.220001220703125,40.81999969482422,41.11000061035156,11579600,28.0581111907959
2014-05-14,41.02000045776367,41.18000030517578,40.83000183105469,40.88999938964844,10036100,27.9079532623291
2014-05-15,40.619998931884766,40.959999084472656,40.439998626708984,40.52000045776367,12379200,27.65542984008789
2014-05-16,40.52000045776367,40.90999984741211,40.45000076293945,40.88999938964844,13823900,27.9079532623291
2014-05-19,40.599998474121094,40.72999954223633,40.41999816894531,40.709999084472656,7559500,27.785097122192383
2014-05-20,40.79999923706055,40.93000030517578,40.56999969482422,40.58000183105469,9639500,27.696374893188477
2014-05-21,40.54999923706055,40.880001068115234,40.5,40.869998931884766,8607300,27.89430046081543
2014-05-22,40.77000045776367,40.84000015258789,40.529998779296875,40.58000183105469,8430400,27.696374893188477
2014-05-23,40.630001068115234,40.70000076293945,40.529998779296875,40.58000183105469,6255200,27.696374893188477
2014-05-27,40.560001373291016,40.81999969482422,40.47999954223633,40.77000045776367,11282900,27.826047897338867
2014-05-28,40.70000076293945,40.88999938964844,40.529998779296875,40.58000183105469,7536700,27.696374893188477
2014-05-29,40.68000030517578,40.869998931884766,40.599998474121094,40.65999984741211,9867100,27.750974655151367
2014-05-30,40.540000915527344,40.91999816894531,40.4900016784668,40.90999984741211,10446100,27.921607971191406
2014-06-02,40.75,40.88999938964844,40.68000030517578,40.86000061035156,7472100,27.88747787475586
2014-06-03,40.720001220703125,41.0,40.709999084472656,40.880001068115234,10493100,27.9011287689209
2014-06-04,40.90999984741211,40.91999816894531,40.709999084472656,40.790000915527344,7864700,27.83970069885254
2014-06-05,40.72999954223633,41.0,40.630001068115234,40.88999938964844,10131700,27.9079532623291
2014-06-06,40.939998626708984,41.060001373291016,40.84000015258789,40.9900016784668,8760600,27.976211547851562
2014-06-09,40.849998474121094,41.09000015258789,40.849998474121094,40.90999984741211,7316400,27.921607971191406
2014-06-10,40.84000015258789,41.150001525878906,40.810001373291016,41.06999969482422,9168600,28.030803680419922
2014-06-11,40.97999954223633,41.060001373291016,40.790000915527344,40.86000061035156,9648600,27.88747787475586
2014-06-12,40.40999984741211,40.68000030517578,40.369998931884766,40.41999816894531,11583600,27.794641494750977
2014-06-13,40.38999938964844,40.529998779296875,40.25,40.369998931884766,9194600,27.760269165039062
2014-06-16,40.189998626708984,40.77000045776367,40.150001525878906,40.65999984741211,12878200,27.95968246459961
2014-06-17,41.18000030517578,41.20000076293945,40.61000061035156,40.91999816894531,26926600,28.138471603393555
2014-06-18,40.790000915527344,41.56999969482422,40.75,41.560001373291016,18518200,28.578563690185547
2014-06-19,41.540000915527344,41.869998931884766,41.529998779296875,41.790000915527344,13275200,28.736724853515625
2014-06-20,41.869998931884766,41.880001068115234,41.529998779296875,41.689998626708984,23402600,28.667953491210938
2014-06-23,41.459999084472656,41.7400016784668,41.33000183105469,41.72999954223633,13099300,28.69547462463379
2014-06-24,41.52000045776367,41.88999938964844,41.470001220703125,41.849998474121094,14962800,28.777984619140625
2014-06-25,41.599998474121094,41.97999954223633,41.459999084472656,41.959999084472656,17621800,28.85362434387207
2014-06-26,41.90999984741211,42.04999923706055,41.779998779296875,42.029998779296875,16903300,28.90176010131836
2014-06-27,41.9900016784668,42.290000915527344,41.90999984741211,42.189998626708984,18674400,29.01177406311035
2014-06-30,41.97999954223633,42.4900016784668,41.81999969482422,42.36000061035156,14058700,29.128679275512695
2014-07-01,42.38999938964844,42.45000076293945,42.150001525878906,42.290000915527344,11497700,29.080551147460938
2014-07-02,42.310001373291016,42.40999984741211,42.150001525878906,42.290000915527344,6707000,29.080551147460938
2014-07-03,42.2599983215332,42.31999969482422,42.0099983215332,42.22999954223633,7537700,29.039274215698242
2014-07-07,41.959999084472656,42.20000076293945,41.93000030517578,42.13999938964844,8991900,28.977397918701172
2014-07-08,41.970001220703125,42.25,41.90999984741211,41.939998626708984,10090500,28.839874267578125
2014-07-09,41.93000030517578,42.15999984741211,41.790000915527344,41.95000076293945,9891600,28.84674644470215
2014-07-10,41.560001373291016,42.290000915527344,41.54999923706055,42.2599983215332,12564500,29.059919357299805
2014-07-11,42.119998931884766,42.25,41.880001068115234,41.970001220703125,9773000,28.860506057739258
2014-07-14,41.9900016784668,42.38999938964844,41.97999954223633,42.380001068115234,11857700,29.142433166503906
2014-07-15,42.40999984741211,42.43000030517578,41.95000076293945,42.099998474121094,10541900,28.94988441467285
2014-07-16,42.2599983215332,42.38999938964844,42.02000045776367,42.119998931884766,10331400,28.963642120361328
2014-07-17,41.93000030517578,42.150001525878906,41.83000183105469,42.02000045776367,9983500,28.894878387451172
2014-07-18,42.13999938964844,42.470001220703125,42.02000045776367,42.43000030517578,19272400,29.176820755004883
2014-07-21,42.119998931884766,42.56999969482422,42.09000015258789,42.400001525878906,17607200,29.15618324279785
2014-07-22,41.099998474121094,41.33000183105469,40.61000061035156,41.189998626708984,24706000,28.32413101196289
2014-07-23,40.97999954223633,41.04999923706055,40.630001068115234,40.810001373291016,17531700,28.062828063964844
2014-07-24,40.970001220703125,41.099998474121094,40.65999984741211,40.970001220703125,14856000,28.1728572845459
2014-07-25,40.91999816894531,41.040000915527344,40.810001373291016,41.0,10809900,28.193477630615234
2014-07-28,40.9900016784668,41.0,40.61000061035156,40.68000030517578,11709100,27.973434448242188
2014-07-29,40.75,40.779998779296875,40.349998474121094,40.349998474121094,10863600,27.746509552001953
2014-07-30,40.45000076293945,40.5,39.61000061035156,39.619998931884766,20346200,27.244531631469727
2014-07-31,39.529998779296875,39.72999954223633,39.25,39.290000915527344,15434700,27.01759910583496
2014-08-01,39.130001068115234,39.4900016784668,39.060001373291016,39.290000915527344,13566700,27.01759910583496
2014-08-04,39.40999984741211,39.459999084472656,39.119998931884766,39.400001525878906,11012900,27.093246459960938
2014-08-05,39.34000015258789,39.529998779296875,39.099998474121094,39.18000030517578,11639200,26.94196319580078
2014-08-06,39.130001068115234,39.959999084472656,39.130001068115234,39.91999816894531,17567500,27.450822830200195
2014-08-07,39.959999084472656,40.0099983215332,39.33000183105469,39.349998474121094,14367400,27.058862686157227
2014-08-08,39.34000015258789,39.58000183105469,39.2599983215332,39.45000076293945,13667000,27.127634048461914
2014-08-11,39.52000045776367,39.869998931884766,39.52000045776367,39.56999969482422,14102600,27.210147857666016
2014-08-12,39.560001373291016,39.84000015258789,39.540000915527344,39.68000030517578,13297500,27.285799026489258
2014-08-13,39.70000076293945,40.099998474121094,39.70000076293945,39.939998626708984,9638900,27.464574813842773
2014-08-14,39.93000030517578,40.189998626708984,39.93000030517578,40.18000030517578,6902000,27.62961769104004
2014-08-15,40.849998474121094,41.150001525878906,40.65999984741211,40.880001068115234,23221600,28.110958099365234
2014-08-18,40.790000915527344,41.41999816894531,40.790000915527344,41.349998474121094,14891500,28.434154510498047
2014-08-19,41.349998474121094,41.47999954223633,41.15999984741211,41.2599983215332,10260400,28.37225341796875
2014-08-20,41.150001525878906,41.34000015258789,41.09000015258789,41.25,6782500,28.365400314331055
2014-08-21,41.290000915527344,41.689998626708984,41.220001220703125,41.40999984741211,11951000,28.475414276123047
2014-08-22,41.290000915527344,41.52000045776367,41.04999923706055,41.119998931884766,11244600,28.276004791259766
2014-08-25,41.31999969482422,41.45000076293945,41.119998931884766,41.40999984741211,10229300,28.475414276123047
2014-08-26,41.40999984741211,41.70000076293945,41.40999984741211,41.599998474121094,8416500,28.6060733795166
2014-08-27,41.529998779296875,41.709999084472656,41.439998626708984,41.599998474121094,7693100,28.6060733795166
2014-08-28,41.5099983215332,41.70000076293945,41.439998626708984,41.630001068115234,9746400,28.626699447631836
2014-08-29,41.599998474121094,41.75,41.470001220703125,41.720001220703125,7666700,28.688583374023438
2014-09-02,41.52000045776367,41.84000015258789,41.310001373291016,41.63999938964844,9798100,28.633583068847656
2014-09-03,41.689998626708984,41.849998474121094,41.65999984741211,41.779998779296875,8635400,28.72985076904297
2014-09-04,41.79999923706055,42.16999816894531,41.72999954223633,41.869998931884766,16785300,28.79173469543457
2014-09-05,41.86000061035156,41.86000061035156,41.61000061035156,41.84000015258789,12768100,28.77109718322754
2014-09-08,41.66999816894531,41.939998626708984,41.630001068115234,41.779998779296875,9097700,28.72985076904297
2014-09-09,41.77000045776367,42.029998779296875,41.75,41.939998626708984,11892500,28.839874267578125
2014-09-10,41.900001525878906,42.189998626708984,41.83000183105469,42.16999816894531,17558000,28.998027801513672
2014-09-11,41.68000030517578,42.060001373291016,41.65999984741211,41.95000076293945,19614000,29.05690574645996
2014-09-12,41.900001525878906,41.91999816894531,41.36000061035156,41.459999084472656,12966800,28.717493057250977
2014-09-15,41.45000076293945,41.58000183105469,41.33000183105469,41.5,12259600,28.745203018188477
2014-09-16,41.290000915527344,41.79999923706055,41.18000030517578,41.63999938964844,15232800,28.842172622680664
2014-09-17,41.77000045776367,41.779998779296875,41.31999969482422,41.61000061035156,16693800,28.82140350341797
2014-09-18,41.75,41.880001068115234,41.54999923706055,41.790000915527344,12586400,28.94607162475586
2014-09-19,41.97999954223633,42.349998474121094,41.75,42.04999923706055,47559700,29.12618064880371
2014-09-22,41.849998474121094,42.25,41.72999954223633,42.220001220703125,11518100,29.243932723999023
2014-09-23,42.0,42.15999984741211,41.880001068115234,41.88999938964844,10251300,29.015335083007812
2014-09-24,41.849998474121094,42.34000015258789,41.849998474121094,42.27000045776367,13540900,29.27855110168457
2014-09-25,42.060001373291016,42.16999816894531,41.77000045776367,41.779998779296875,11076300,28.93915557861328
2014-09-26,42.0,42.25,41.709999084472656,42.20000076293945,9939600,29.23006820678711
2014-09-29,41.900001525878906,42.2599983215332,41.880001068115234,42.25,12441100,29.264698028564453
2014-09-30,42.099998474121094,42.810001373291016,42.08000183105469,42.65999984741211,22613700,29.54869270324707
2014-10-01,42.54999923706055,42.849998474121094,42.369998931884766,42.7400016784668,30409700,29.604108810424805
2014-10-02,42.599998474121094,42.779998779296875,42.41999816894531,42.65999984741211,16643200,29.54869270324707
2014-10-03,42.86000061035156,43.06999969482422,42.65999984741211,43.0,14046300,29.784183502197266
2014-10-06,43.029998779296875,43.68000030517578,42.970001220703125,43.599998474121094,20328100,30.199779510498047
2014-10-07,43.47999954223633,44.13999938964844,43.47999954223633,43.91999816894531,24936600,30.421430587768555
2014-10-08,43.58000183105469,44.560001373291016,43.5099983215332,44.54999923706055,26115600,30.857816696166992
2014-10-09,44.439998626708984,44.75,43.869998931884766,43.869998931884766,25029300,30.386795043945312
2014-10-10,43.880001068115234,44.869998931884766,43.849998474121094,44.470001220703125,25920800,30.802396774291992
2014-10-13,44.279998779296875,44.630001068115234,44.029998779296875,44.06999969482422,20175200,30.52532958984375
2014-10-14,44.040000915527344,44.119998931884766,43.470001220703125,43.63999938964844,21027400,30.227493286132812
2014-10-15,42.70000076293945,43.529998779296875,42.70000076293945,43.22999954223633,22988600,29.943504333496094
2014-10-16,42.650001525878906,42.939998626708984,42.380001068115234,42.560001373291016,22519200,29.479429244995117
2014-10-17,42.689998626708984,43.029998779296875,42.310001373291016,42.880001068115234,23236000,29.70108413696289
2014-10-20,42.75,43.470001220703125,42.709999084472656,43.290000915527344,17647800,29.985055923461914
2014-10-21,40.79999923706055,41.189998626708984,40.2599983215332,40.68000030517578,55953500,28.177223205566406
2014-10-22,40.189998626708984,41.11000061035156,40.099998474121094,40.619998931884766,27728200,28.135671615600586
2014-10-23,40.939998626708984,41.380001068115234,40.7400016784668,40.86000061035156,23346800,28.301921844482422
2014-10-24,40.97999954223633,41.27000045776367,40.91999816894531,41.029998779296875,13396000,28.419652938842773
2014-10-27,40.70000076293945,40.90999984741211,40.560001373291016,40.7599983215332,17222500,28.232643127441406
2014-10-28,40.7599983215332,40.86000061035156,40.5099983215332,40.560001373291016,18658700,28.0941104888916
2014-10-29,40.650001525878906,41.029998779296875,40.52000045776367,40.959999084472656,25761800,28.371166229248047
2014-10-30,41.0,41.59000015258789,40.83000183105469,41.400001525878906,18295600,28.675935745239258
2014-10-31,41.83000183105469,41.88999938964844,41.400001525878906,41.880001068115234,18477700,29.008411407470703
2014-11-03,41.790000915527344,42.279998779296875,41.59000015258789,41.810001373291016,13230600,28.959930419921875
2014-11-04,41.77000045776367,42.04999923706055,41.65999984741211,41.81999969482422,10105300,28.96685218811035
2014-11-05,42.29999923706055,42.540000915527344,41.9900016784668,42.310001373291016,20676800,29.30626106262207
2014-11-06,42.43000030517578,42.619998931884766,42.11000061035156,42.290000915527344,11528800,29.292409896850586
2014-11-07,42.45000076293945,42.459999084472656,42.13999938964844,42.31999969482422,11803800,29.313180923461914
2014-11-10,42.25,42.56999969482422,42.09000015258789,42.38999938964844,9088900,29.361679077148438
2014-11-11,42.380001068115234,42.709999084472656,42.36000061035156,42.5099983215332,8563700,29.444791793823242
2014-11-12,42.5099983215332,42.88999938964844,42.310001373291016,42.709999084472656,12768800,29.58332061767578
2014-11-13,42.650001525878906,43.08000183105469,42.630001068115234,42.790000915527344,12007700,29.638734817504883
2014-11-14,42.70000076293945,42.970001220703125,42.5,42.72999954223633,10939500,29.597164154052734
2014-11-17,42.75,42.9900016784668,42.72999954223633,42.91999816894531,10664000,29.728782653808594
2014-11-18,42.95000076293945,43.86000061035156,42.75,43.529998779296875,26143000,30.151288986206055
2014-11-19,43.66999816894531,44.43000030517578,43.560001373291016,44.220001220703125,25402300,30.629234313964844
2014-11-20,43.959999084472656,44.41999816894531,43.849998474121094,44.25,13465400,30.65000343322754
2014-11-21,44.58000183105469,44.7400016784668,44.279998779296875,44.5,14382700,30.823169708251953
2014-11-24,44.5099983215332,44.779998779296875,44.20000076293945,44.27000045776367,12890800,30.66385841369629
2014-11-25,44.27000045776367,44.59000015258789,44.119998931884766,44.43000030517578,10741700,30.77467918395996
2014-11-26,43.9900016784668,44.369998931884766,43.970001220703125,44.290000915527344,9199200,30.889759063720703
2014-11-28,44.150001525878906,45.0,44.150001525878906,44.83000183105469,10502000,31.266395568847656
2014-12-01,44.18000030517578,44.77000045776367,44.130001068115234,44.54999923706055,10065700,31.071104049682617
2014-12-02,44.369998931884766,44.66999816894531,44.22999954223633,44.540000915527344,9878100,31.064130783081055
2014-12-03,44.41999816894531,44.439998626708984,43.7599983215332,43.79999923706055,15246500,30.548023223876953
2014-12-04,43.619998931884766,43.84000015258789,43.369998931884766,43.5,13779700,30.338788986206055
2014-12-05,43.5,43.61000061035156,43.20000076293945,43.529998779296875,12536900,30.359704971313477
2014-12-08,43.5099983215332,43.630001068115234,43.09000015258789,43.13999938964844,12802300,30.08771324157715
2014-12-09,42.150001525878906,42.529998779296875,41.66999816894531,42.040000915527344,25714600,29.320518493652344
2014-12-10,42.040000915527344,42.2400016784668,41.560001373291016,41.599998474121094,18324100,29.013652801513672
2014-12-11,41.619998931884766,42.0099983215332,41.5,41.529998779296875,16201500,28.964824676513672
2014-12-12,41.38999938964844,41.61000061035156,40.869998931884766,40.90999984741211,18432400,28.532413482666016
2014-12-15,41.130001068115234,41.18000030517578,40.560001373291016,40.56999969482422,23378500,28.295278549194336
2014-12-16,40.20000076293945,41.310001373291016,39.79999923706055,40.38999938964844,23475400,28.169734954833984
2014-12-17,40.439998626708984,41.7599983215332,40.380001068115234,41.54999923706055,20223900,28.978759765625
2014-12-18,41.86000061035156,42.38999938964844,41.75,42.38999938964844,18030700,29.564624786376953
2014-12-19,42.439998626708984,42.790000915527344,41.88999938964844,41.95000076293945,24009500,29.257749557495117
2014-12-22,42.13999938964844,42.439998626708984,42.09000015258789,42.349998474121094,11190900,29.536727905273438
2014-12-23,42.540000915527344,43.13999938964844,42.470001220703125,42.970001220703125,13411300,29.969141006469727
2014-12-24,43.099998474121094,43.22999954223633,42.91999816894531,42.939998626708984,6405900,29.94822120666504
2014-12-26,42.970001220703125,43.29999923706055,42.93000030517578,42.959999084472656,6466900,29.962160110473633
2014-12-29,42.79999923706055,43.060001373291016,42.4900016784668,42.86000061035156,8694500,29.892431259155273
2014-12-30,42.7400016784668,42.9900016784668,42.650001525878906,42.7599983215332,9222000,29.822677612304688
2014-12-31,42.91999816894531,42.939998626708984,42.220001220703125,42.220001220703125,9369500,29.446067810058594
2015-01-02,42.2599983215332,42.400001525878906,41.79999923706055,42.13999938964844,9921100,29.3902530670166
2015-01-05,42.689998626708984,42.970001220703125,42.08000183105469,42.13999938964844,26292600,29.3902530670166
2015-01-06,42.40999984741211,42.939998626708984,42.2400016784668,42.459999084472656,16897500,29.61345100402832
2015-01-07,42.79999923706055,43.11000061035156,42.58000183105469,42.9900016784668,13412300,29.983095169067383
2015-01-08,43.18000030517578,43.56999969482422,43.099998474121094,43.5099983215332,21743600,30.34575653076172
2015-01-09,43.470001220703125,43.560001373291016,42.95000076293945,43.029998779296875,12733500,30.0109920501709
2015-01-12,43.06999969482422,43.20000076293945,42.459999084472656,42.63999938964844,11415800,29.738996505737305
2015-01-13,42.83000183105469,43.2400016784668,42.45000076293945,42.630001068115234,12529500,29.732009887695312
2015-01-14,42.08000183105469,42.599998474121094,42.06999969482422,42.560001373291016,13447600,29.683195114135742
2015-01-15,42.83000183105469,42.86000061035156,42.16999816894531,42.380001068115234,11193100,29.55764389038086
2015-01-16,42.36000061035156,42.59000015258789,42.2400016784668,42.529998779296875,15114900,29.662260055541992
2015-01-20,42.70000076293945,43.33000183105469,42.61000061035156,43.15999984741211,17047300,30.101661682128906
2015-01-21,42.88999938964844,43.43000030517578,42.7599983215332,43.36000061035156,10720600,30.24113655090332
2015-01-22,43.369998931884766,43.83000183105469,43.06999969482422,43.779998779296875,14709100,30.534059524536133
2015-01-23,43.599998474121094,43.75,43.18000030517578,43.310001373291016,12357700,30.206279754638672
2015-01-26,43.18000030517578,43.22999954223633,42.83000183105469,43.0,11151900,29.990049362182617
2015-01-27,42.540000915527344,42.63999938964844,42.150001525878906,42.38999938964844,15274000,29.564624786376953
2015-01-28,42.59000015258789,42.79999923706055,41.900001525878906,41.91999816894531,14278500,29.236818313598633
2015-01-29,41.77000045776367,42.150001525878906,41.470001220703125,42.099998474121094,13657900,29.362361907958984
2015-01-30,41.83000183105469,41.93000030517578,41.11000061035156,41.16999816894531,19193700,28.7137393951416
2015-02-02,41.209999084472656,41.630001068115234,40.900001525878906,41.59000015258789,15197500,29.006675720214844
2015-02-03,41.75,41.849998474121094,41.369998931884766,41.630001068115234,13193100,29.034570693969727
2015-02-04,41.77000045776367,42.09000015258789,41.619998931884766,41.68000030517578,16400000,29.06943702697754
2015-02-05,41.79999923706055,41.81999969482422,41.5099983215332,41.790000915527344,11078500,29.14615821838379
2015-02-06,41.630001068115234,41.7599983215332,41.31999969482422,41.45000076293945,12366400,28.909034729003906
2015-02-09,41.380001068115234,41.45000076293945,41.040000915527344,41.22999954223633,13371100,28.75558853149414
2015-02-10,42.90999984741211,43.029998779296875,42.20000076293945,42.400001525878906,32184200,29.57159996032715
2015-02-11,42.099998474121094,42.4900016784668,41.70000076293945,42.369998931884766,20496300,29.55067253112793
2015-02-12,42.400001525878906,42.65999984741211,42.06999969482422,42.16999816894531,13818200,29.41118812561035
2015-02-13,42.02000045776367,42.22999954223633,41.7599983215332,41.9900016784668,10792100,29.285640716552734
2015-02-17,41.810001373291016,41.880001068115234,41.63999938964844,41.810001373291016,12804200,29.16010856628418
2015-02-18,41.75,41.79999923706055,41.470001220703125,41.72999954223633,9789800,29.10431480407715
2015-02-19,41.68000030517578,42.2400016784668,41.529998779296875,42.11000061035156,16578300,29.369342803955078
2015-02-20,42.040000915527344,42.11000061035156,41.63999938964844,41.970001220703125,15982400,29.27170753479004
2015-02-23,41.709999084472656,42.16999816894531,41.689998626708984,41.849998474121094,11830300,29.188005447387695
2015-02-24,41.849998474121094,42.33000183105469,41.77000045776367,42.130001068115234,12782700,29.383285522460938
2015-02-25,42.16999816894531,42.2400016784668,41.7400016784668,42.04999923706055,10323300,29.327505111694336
2015-02-26,42.040000915527344,42.54999923706055,41.970001220703125,42.459999084472656,14346500,29.61345100402832
2015-02-27,42.52000045776367,43.65999984741211,42.470001220703125,43.29999923706055,28312800,30.199302673339844
2015-03-02,43.29999923706055,43.29999923706055,43.08000183105469,43.20000076293945,13514600,30.129560470581055
2015-03-03,43.11000061035156,43.15999984741211,42.84000015258789,42.95000076293945,10036300,29.95518684387207
2015-03-04,42.91999816894531,42.97999954223633,42.470001220703125,42.5,16263000,29.641342163085938
2015-03-05,42.560001373291016,42.61000061035156,42.25,42.400001525878906,9223000,29.57159996032715
2015-03-06,42.119998931884766,42.20000076293945,41.33000183105469,41.52000045776367,18180500,28.95783805847168
2015-03-09,41.529998779296875,41.54999923706055,41.31999969482422,41.38999938964844,10123300,28.8671817779541
2015-03-10,41.099998474121094,41.150001525878906,40.68000030517578,40.689998626708984,14599100,28.37897491455078
2015-03-11,40.72999954223633,40.72999954223633,40.08000183105469,40.099998474121094,18549700,27.96747589111328
2015-03-12,40.099998474121094,40.56999969482422,40.02000045776367,40.56999969482422,17728700,28.530061721801758
2015-03-13,40.439998626708984,40.56999969482422,39.61000061035156,39.90999984741211,17438400,28.06592559814453
2015-03-16,40.0,40.349998474121094,39.9900016784668,40.290000915527344,15238800,28.33315658569336
2015-03-17,40.66999816894531,40.72999954223633,40.31999969482422,40.5099983215332,21661800,28.48786735534668
2015-03-18,40.47999954223633,40.790000915527344,39.79999923706055,40.599998474121094,26247500,28.551158905029297
2015-03-19,40.47999954223633,40.52000045776367,39.959999084472656,40.02000045776367,16057600,28.14328956604004
2015-03-20,40.06999969482422,40.65999984741211,40.0099983215332,40.650001525878906,31608500,28.586320877075195
2015-03-23,40.63999938964844,40.939998626708984,40.5,40.619998931884766,17060500,28.565227508544922
2015-03-24,40.90999984741211,40.9900016784668,40.470001220703125,40.470001220703125,13485700,28.45974349975586
2015-03-25,40.59000015258789,40.70000076293945,40.2400016784668,40.45000076293945,22811300,28.445680618286133
2015-03-26,40.34000015258789,40.560001373291016,40.22999954223633,40.349998474121094,17359600,28.375356674194336
2015-03-27,40.47999954223633,40.47999954223633,39.970001220703125,40.08000183105469,14384400,28.18547821044922
2015-03-30,40.11000061035156,40.61000061035156,39.939998626708984,40.5099983215332,12561400,28.48786735534668
2015-03-31,40.5099983215332,40.900001525878906,40.349998474121094,40.54999923706055,16604800,28.515995025634766
2015-04-01,40.790000915527344,40.810001373291016,40.22999954223633,40.68000030517578,14300700,28.607412338256836
2015-04-02,40.72999954223633,40.869998931884766,40.47999954223633,40.68000030517578,14343100,28.607412338256836
2015-04-06,40.77000045776367,41.61000061035156,40.59000015258789,41.16999816894531,19843400,28.95199966430664
2015-04-07,41.04999923706055,41.369998931884766,40.970001220703125,41.0099983215332,9773400,28.8394832611084
2015-04-08,40.97999954223633,41.09000015258789,40.7400016784668,40.88999938964844,8954700,28.755090713500977
2015-04-09,40.79999923706055,41.08000183105469,40.630001068115234,41.04999923706055,12710900,28.867618560791016
2015-04-10,41.09000015258789,41.15999984741211,40.849998474121094,40.880001068115234,8720000,28.748064041137695
2015-04-13,40.970001220703125,40.970001220703125,40.70000076293945,40.70000076293945,9616300,28.62149429321289
2015-04-14,40.59000015258789,40.650001525878906,40.31999969482422,40.5099983215332,11209700,28.48786735534668
2015-04-15,40.59000015258789,40.810001373291016,40.31999969482422,40.400001525878906,11189100,28.41051483154297
2015-04-16,40.40999984741211,40.86000061035156,40.29999923706055,40.599998474121094,13121000,28.551158905029297
2015-04-17,40.470001220703125,40.65999984741211,40.099998474121094,40.29999923706055,15330300,28.340187072753906
2015-04-20,40.41999816894531,40.900001525878906,40.40999984741211,40.65999984741211,13023700,28.593355178833008
2015-04-21,40.66999816894531,40.9900016784668,40.540000915527344,40.779998779296875,19673100,28.67774772644043
2015-04-22,41.560001373291016,41.56999969482422,41.06999969482422,41.310001373291016,26887200,29.050460815429688
2015-04-23,41.22999954223633,41.40999984741211,40.91999816894531,40.95000076293945,17408800,28.797292709350586
2015-04-24,41.040000915527344,41.119998931884766,40.810001373291016,40.88999938964844,11623300,28.755090713500977
2015-04-27,41.0,41.150001525878906,40.779998779296875,40.83000183105469,10044600,28.712909698486328
2015-04-28,40.95000076293945,40.970001220703125,40.599998474121094,40.77000045776367,12174800,28.670713424682617
2015-04-29,40.65999984741211,40.75,40.400001525878906,40.4900016784668,11371400,28.473804473876953
2015-04-30,40.400001525878906,40.58000183105469,40.279998779296875,40.560001373291016,12700800,28.523029327392578
2015-05-01,40.58000183105469,40.93000030517578,40.5,40.90999984741211,10848300,28.769163131713867
2015-05-04,40.880001068115234,41.099998474121094,40.77000045776367,40.959999084472656,10204800,28.804325103759766
2015-05-05,41.13999938964844,41.13999938964844,40.68000030517578,40.75,11721300,28.656641006469727
2015-05-06,41.040000915527344,41.09000015258789,40.38999938964844,40.65999984741211,11906900,28.593355178833008
2015-05-07,40.529998779296875,40.90999984741211,40.5099983215332,40.70000076293945,13834700,28.62149429321289
2015-05-08,41.0,41.16999816894531,40.849998474121094,40.97999954223633,11144400,28.818387985229492
2015-05-11,40.97999954223633,41.38999938964844,40.880001068115234,40.939998626708984,10113500,28.790260314941406
2015-05-12,40.77000045776367,40.959999084472656,40.52000045776367,40.689998626708984,12384500,28.614450454711914
2015-05-13,40.75,41.36000061035156,40.720001220703125,41.04999923706055,13183700,28.867618560791016
2015-05-14,41.29999923706055,41.599998474121094,41.2599983215332,41.5,9961000,29.184062957763672
2015-05-15,41.45000076293945,41.689998626708984,41.43000030517578,41.52000045776367,8479000,29.198144912719727
2015-05-18,41.4900016784668,41.4900016784668,41.25,41.31999969482422,11511700,29.057485580444336
2015-05-19,41.22999954223633,41.38999938964844,41.130001068115234,41.310001373291016,9072000,29.050460815429688
2015-05-20,41.369998931884766,41.59000015258789,41.310001373291016,41.349998474121094,10965200,29.078582763671875
2015-05-21,41.2599983215332,41.31999969482422,41.06999969482422,41.22999954223633,9270900,28.994192123413086
2015-05-22,41.119998931884766,41.2400016784668,41.040000915527344,41.209999084472656,11909500,28.980131149291992
2015-05-26,41.119998931884766,41.18000030517578,40.7400016784668,40.9900016784668,15194300,28.825428009033203
2015-05-27,40.939998626708984,41.20000076293945,40.83000183105469,41.119998931884766,9863100,28.916837692260742
2015-05-28,41.20000076293945,41.29999923706055,40.880001068115234,41.13999938964844,9395200,28.930908203125
2015-05-29,41.18000030517578,41.18000030517578,40.77000045776367,40.959999084472656,19628600,28.804325103759766
2015-06-01,41.36000061035156,41.40999984741211,40.880001068115234,40.939998626708984,12684100,28.790260314941406
2015-06-02,40.84000015258789,41.15999984741211,40.68000030517578,40.9900016784668,11878600,28.825428009033203
2015-06-03,41.099998474121094,41.209999084472656,40.779998779296875,40.869998931884766,8153800,28.741037368774414
2015-06-04,40.709999084472656,40.97999954223633,40.529998779296875,40.59000015258789,10145800,28.544124603271484
2015-06-05,40.47999954223633,40.52000045776367,40.08000183105469,40.099998474121094,15975600,28.199535369873047
2015-06-08,40.099998474121094,40.2599983215332,40.02000045776367,40.15999984741211,14339300,28.24173927307129
2015-06-09,40.16999816894531,40.41999816894531,40.11000061035156,40.20000076293945,10772700,28.26987075805664
2015-06-10,40.31999969482422,40.540000915527344,40.279998779296875,40.33000183105469,11979900,28.361286163330078
2015-06-11,40.11000061035156,40.25,40.029998779296875,40.099998474121094,11944900,28.432193756103516
2015-06-12,40.040000915527344,40.119998931884766,39.84000015258789,39.959999084472656,15568600,28.332931518554688
2015-06-15,39.83000183105469,39.86000061035156,39.56999969482422,39.59000015258789,11364800,28.07057762145996
2015-06-16,39.630001068115234,40.15999984741211,39.599998474121094,40.08000183105469,12517400,28.41800880432129
2015-06-17,40.08000183105469,40.31999969482422,40.0099983215332,40.27000045776367,13898400,28.552724838256836
2015-06-18,40.15999984741211,40.7400016784668,40.15999984741211,40.650001525878906,16314600,28.822154998779297
2015-06-19,40.59000015258789,40.650001525878906,40.400001525878906,40.400001525878906,23550600,28.6448917388916
2015-06-22,40.5099983215332,40.810001373291016,40.459999084472656,40.47999954223633,8775900,28.701622009277344
2015-06-23,40.43000030517578,40.52000045776367,40.310001373291016,40.380001068115234,11094900,28.63072395324707
2015-06-24,40.369998931884766,40.45000076293945,40.189998626708984,40.189998626708984,10385100,28.495996475219727
2015-06-25,40.279998779296875,40.34000015258789,40.02000045776367,40.02000045776367,10607600,28.37546157836914
2015-06-26,40.099998474121094,40.349998474121094,40.0,40.0,16215600,28.361286163330078
2015-06-29,39.79999923706055,39.97999954223633,39.400001525878906,39.400001525878906,15500800,27.935871124267578
2015-06-30,39.61000061035156,39.61000061035156,39.119998931884766,39.22999954223633,14621300,27.815326690673828
2015-07-01,39.380001068115234,39.599998474121094,39.279998779296875,39.5,11177400,28.00676918029785
2015-07-02,39.630001068115234,39.810001373291016,39.349998474121094,39.4900016784668,8975900,27.999679565429688
2015-07-06,39.31999969482422,39.599998474121094,39.220001220703125,39.41999816894531,10252600,27.95005226135254
2015-07-07,39.4900016784668,40.380001068115234,39.400001525878906,40.25,20335000,28.53853988647461
2015-07-08,39.9900016784668,40.22999954223633,39.84000015258789,39.86000061035156,11383700,28.26201629638672
2015-07-09,40.459999084472656,40.58000183105469,39.900001525878906,39.91999816894531,13392000,28.304561614990234
2015-07-10,40.27000045776367,40.52000045776367,40.15999984741211,40.38999938964844,13360400,28.6378173828125
2015-07-13,40.560001373291016,40.77000045776367,40.4900016784668,40.65999984741211,9854200,28.829252243041992
2015-07-14,40.900001525878906,41.2599983215332,40.84000015258789,41.16999816894531,19531000,29.190858840942383
2015-07-15,41.150001525878906,41.36000061035156,41.099998474121094,41.130001068115234,11252100,29.162490844726562
2015-07-16,41.41999816894531,41.599998474121094,41.349998474121094,41.47999954223633,10483700,29.41065216064453
2015-07-17,41.310001373291016,41.31999969482422,41.04999923706055,41.25,9608300,29.247575759887695
2015-07-20,41.349998474121094,41.540000915527344,41.220001220703125,41.380001068115234,10024200,29.339763641357422
2015-07-21,41.380001068115234,41.52000045776367,41.099998474121094,41.189998626708984,13653800,29.205032348632812
2015-07-22,40.810001373291016,41.59000015258789,40.59000015258789,40.900001525878906,15528600,28.999408721923828
2015-07-23,40.9900016784668,41.02000045776367,40.47999954223633,40.84000015258789,13522200,28.956872940063477
2015-07-24,40.7599983215332,40.83000183105469,40.40999984741211,40.439998626708984,10912500,28.673248291015625
2015-07-27,40.279998779296875,40.58000183105469,40.15999984741211,40.540000915527344,10945700,28.744159698486328
2015-07-28,40.650001525878906,40.72999954223633,40.439998626708984,40.54999923706055,11021800,28.75125503540039
2015-07-29,40.529998779296875,40.709999084472656,40.4900016784668,40.59000015258789,8479900,28.779617309570312
2015-07-30,40.54999923706055,40.75,40.38999938964844,40.560001373291016,9095500,28.75834083557129
2015-07-31,40.880001068115234,41.220001220703125,40.77000045776367,41.08000183105469,15309500,29.12704849243164
2015-08-03,40.849998474121094,41.54999923706055,40.84000015258789,41.540000915527344,14672600,29.453189849853516
2015-08-04,41.5099983215332,41.869998931884766,41.34000015258789,41.849998474121094,17559900,29.67299461364746
2015-08-05,41.91999816894531,42.220001220703125,41.81999969482422,42.119998931884766,15329200,29.86443519592285
2015-08-06,42.0,42.25,41.86000061035156,41.91999816894531,11378900,29.722625732421875
2015-08-07,41.810001373291016,41.970001220703125,41.529998779296875,41.77000045776367,10886700,29.616273880004883
2015-08-10,41.88999938964844,41.9900016784668,41.58000183105469,41.68000030517578,9501900,29.552457809448242
2015-08-11,41.400001525878906,41.56999969482422,41.16999816894531,41.47999954223633,11254900,29.41065216064453
2015-08-12,41.130001068115234,41.2599983215332,40.849998474121094,41.2599983215332,9602200,29.254663467407227
2015-08-13,41.279998779296875,41.380001068115234,41.0099983215332,41.099998474121094,10270900,29.141220092773438
2015-08-14,41.0099983215332,41.25,40.959999084472656,41.25,9904800,29.247575759887695
2015-08-17,41.029998779296875,41.45000076293945,40.970001220703125,41.349998474121094,8272800,29.318464279174805
2015-08-18,41.279998779296875,41.529998779296875,41.189998626708984,41.29999923706055,11199400,29.28302574157715
2015-08-19,41.13999938964844,41.2400016784668,40.779998779296875,40.779998779296875,15796500,28.914335250854492
2015-08-20,40.52000045776367,40.81999969482422,40.41999816894531,40.54999923706055,14218000,28.75125503540039
2015-08-21,40.15999984741211,40.470001220703125,39.5099983215332,39.529998779296875,28036200,28.028038024902344
2015-08-24,37.9900016784668,38.939998626708984,36.560001373291016,38.380001068115234,44065300,27.21265411376953
2015-08-25,39.130001068115234,39.279998779296875,37.93000030517578,37.9900016784668,31363700,26.936141967773438
2015-08-26,38.75,38.83000183105469,37.88999938964844,38.72999954223633,23523300,27.4608211517334
2015-08-27,39.060001373291016,39.380001068115234,38.599998474121094,39.27000045776367,18871600,27.843698501586914
2015-08-28,39.11000061035156,39.470001220703125,39.04999923706055,39.45000076293945,14503900,27.971317291259766
2015-08-31,39.150001525878906,39.45000076293945,39.060001373291016,39.31999969482422,12673300,27.879140853881836
2015-09-01,38.66999816894531,39.029998779296875,38.540000915527344,38.75,23703200,27.474994659423828
2015-09-02,39.029998779296875,39.06999969482422,38.560001373291016,38.900001525878906,14054800,27.581356048583984
2015-09-03,38.900001525878906,39.34000015258789,38.84000015258789,39.15999984741211,13311600,27.765697479248047
2015-09-04,38.68000030517578,38.790000915527344,38.380001068115234,38.52000045776367,15450500,27.31192398071289
2015-09-08,38.869998931884766,39.029998779296875,38.599998474121094,38.900001525878906,15273900,27.581356048583984
2015-09-09,39.119998931884766,39.209999084472656,38.20000076293945,38.29999923706055,13764600,27.155933380126953
2015-09-10,38.310001373291016,38.650001525878906,38.25,38.41999816894531,14952500,27.241012573242188
2015-09-11,38.0099983215332,38.189998626708984,37.84000015258789,38.130001068115234,11802300,27.269617080688477
2015-09-14,38.220001220703125,38.220001220703125,37.849998474121094,38.099998474121094,8950000,27.2481746673584
2015-09-15,38.06999969482422,38.630001068115234,37.91999816894531,38.5,13019800,27.534231185913086
2015-09-16,38.66999816894531,39.189998626708984,38.470001220703125,39.150001525878906,22233400,27.999101638793945
2015-09-17,39.150001525878906,39.61000061035156,39.040000915527344,39.380001068115234,21232500,28.16359519958496
2015-09-18,38.86000061035156,39.29999923706055,38.709999084472656,38.97999954223633,27527300,27.87751579284668
2015-09-21,39.04999923706055,39.310001373291016,38.939998626708984,39.189998626708984,12935800,28.0277156829834
2015-09-22,38.68000030517578,38.9900016784668,38.58000183105469,38.790000915527344,15021300,27.741640090942383
2015-09-23,38.790000915527344,38.880001068115234,38.54999923706055,38.7599983215332,8910800,27.720184326171875
2015-09-24,38.52000045776367,39.20000076293945,38.5099983215332,39.150001525878906,19385700,27.999101638793945
2015-09-25,39.43000030517578,40.08000183105469,39.33000183105469,39.619998931884766,22511300,28.335241317749023
2015-09-28,39.52000045776367,39.81999969482422,39.33000183105469,39.529998779296875,19323100,28.270864486694336
2015-09-29,39.52000045776367,39.709999084472656,39.33000183105469,39.65999984741211,14166900,28.363840103149414
2015-09-30,39.880001068115234,40.22999954223633,39.79999923706055,40.119998931884766,19752600,28.692825317382812
2015-10-01,40.220001220703125,40.470001220703125,39.599998474121094,39.79999923706055,19606600,28.463972091674805
2015-10-02,39.560001373291016,40.38999938964844,39.36000061035156,40.38999938964844,15537300,28.88592529296875
2015-10-05,40.45000076293945,41.04999923706055,40.43000030517578,41.0099983215332,15664000,29.329328536987305
2015-10-06,41.040000915527344,41.34000015258789,40.93000030517578,40.959999084472656,14579400,29.293569564819336
2015-10-07,41.13999938964844,41.61000061035156,41.099998474121094,41.52000045776367,14329700,29.694067001342773
2015-10-08,41.2599983215332,41.9900016784668,41.2599983215332,41.97999954223633,11960200,30.02303695678711
2015-10-09,41.81999969482422,42.119998931884766,41.779998779296875,42.02000045776367,13931200,30.051645278930664
2015-10-12,41.83000183105469,42.290000915527344,41.810001373291016,42.0,12299100,30.0373477935791
2015-10-13,41.79999923706055,41.90999984741211,41.540000915527344,41.650001525878906,12903600,29.787036895751953
2015-10-14,41.560001373291016,41.959999084472656,41.560001373291016,41.68000030517578,14180000,29.808488845825195
2015-10-15,41.869998931884766,42.029998779296875,41.599998474121094,41.91999816894531,11801600,29.980138778686523
2015-10-16,42.15999984741211,42.209999084472656,41.880001068115234,42.02000045776367,20384200,30.051645278930664
2015-10-19,41.900001525878906,42.060001373291016,41.79999923706055,41.9900016784668,15553800,30.030195236206055
2015-10-20,42.0,42.400001525878906,42.0,42.290000915527344,16199300,30.2447452545166
2015-10-21,41.939998626708984,42.52000045776367,41.709999084472656,42.189998626708984,19254900,30.173233032226562
2015-10-22,42.439998626708984,43.849998474121094,42.40999984741211,43.2400016784668,35920200,30.92416763305664
2015-10-23,43.310001373291016,43.310001373291016,42.75,42.790000915527344,18796100,30.60234260559082
2015-10-26,42.7599983215332,42.88999938964844,42.459999084472656,42.59000015258789,14788600,30.459304809570312
2015-10-27,42.5,42.77000045776367,42.47999954223633,42.61000061035156,30166600,30.473600387573242
2015-10-28,42.75,42.84000015258789,42.209999084472656,42.72999954223633,13667300,30.559423446655273
2015-10-29,42.65999984741211,42.900001525878906,42.34000015258789,42.790000915527344,9427400,30.60234260559082
2015-10-30,42.79999923706055,42.86000061035156,42.349998474121094,42.349998474121094,15356200,30.28764533996582
2015-11-02,42.31999969482422,42.36000061035156,41.900001525878906,42.2400016784668,16252200,30.208995819091797
2015-11-03,42.18000030517578,42.31999969482422,41.810001373291016,42.15999984741211,9693100,30.15177345275879
2015-11-04,42.27000045776367,42.38999938964844,41.88999938964844,41.970001220703125,10488500,30.015899658203125
2015-11-05,42.0,42.349998474121094,41.97999954223633,42.33000183105469,9625100,30.273361206054688
2015-11-06,41.970001220703125,42.220001220703125,41.61000061035156,41.959999084472656,11926700,30.00874137878418
2015-11-09,41.70000076293945,41.790000915527344,41.34000015258789,41.540000915527344,10842700,29.708364486694336
2015-11-10,41.439998626708984,41.810001373291016,41.43000030517578,41.77000045776367,8283100,29.872859954833984
2015-11-11,41.939998626708984,42.20000076293945,41.91999816894531,42.040000915527344,9101200,30.06595230102539
2015-11-12,42.0099983215332,42.04999923706055,41.56999969482422,41.58000183105469,10725000,29.736984252929688
2015-11-13,41.459999084472656,41.779998779296875,41.36000061035156,41.380001068115234,11619500,29.593955993652344
2015-11-16,41.43000030517578,42.0,41.38999938964844,41.959999084472656,11244900,30.00874137878418
2015-11-17,41.849998474121094,42.150001525878906,41.5099983215332,41.66999816894531,12739400,29.80133628845215
2015-11-18,41.77000045776367,42.349998474121094,41.68000030517578,42.279998779296875,12966300,30.237600326538086
2015-11-19,42.31999969482422,43.29999923706055,42.31999969482422,43.11000061035156,24090700,30.8311824798584
2015-11-20,43.310001373291016,43.58000183105469,42.400001525878906,42.43000030517578,19780800,30.34487533569336
2015-11-23,42.54999923706055,43.18000030517578,42.529998779296875,42.959999084472656,13338100,30.723920822143555
2015-11-24,42.70000076293945,43.599998474121094,42.65999984741211,43.36000061035156,15767200,31.009981155395508
2015-11-25,43.31999969482422,43.5,43.2400016784668,43.36000061035156,10344900,31.009981155395508
2015-11-27,43.040000915527344,43.2400016784668,42.79999923706055,43.150001525878906,7236700,31.096466064453125
2015-11-30,43.119998931884766,43.150001525878906,42.61000061035156,42.619998931884766,16063000,30.714521408081055
2015-12-01,42.72999954223633,43.099998474121094,42.72999954223633,42.88999938964844,11153000,30.909101486206055
2015-12-02,42.83000183105469,42.93000030517578,42.59000015258789,42.77000045776367,12598500,30.822614669799805
2015-12-03,42.72999954223633,42.88999938964844,42.31999969482422,42.459999084472656,15004400,30.59920310974121
2015-12-04,42.58000183105469,43.47999954223633,42.58000183105469,43.290000915527344,16488000,31.197351455688477
2015-12-07,43.310001373291016,43.439998626708984,43.0,43.20000076293945,12030700,31.13250160217285
2015-12-08,43.04999923706055,43.25,42.79999923706055,43.0099983215332,10736200,30.995569229125977
2015-12-09,42.779998779296875,43.27000045776367,42.5,42.65999984741211,12945500,30.74334716796875
2015-12-10,42.72999954223633,43.06999969482422,42.529998779296875,42.7599983215332,15483300,30.815404891967773
2015-12-11,42.630001068115234,42.83000183105469,42.13999938964844,42.27000045776367,17313400,30.4622859954834
2015-12-14,42.310001373291016,42.7599983215332,41.970001220703125,42.45000076293945,20092900,30.592012405395508
2015-12-15,42.84000015258789,43.2400016784668,42.7599983215332,43.06999969482422,17916400,31.038814544677734
2015-12-16,43.25,43.90999984741211,43.25,43.84000015258789,21868600,31.59372329711914
2015-12-17,43.810001373291016,43.88999938964844,43.41999816894531,43.4900016784668,14697000,31.341506958007812
2015-12-18,43.36000061035156,43.41999816894531,42.5,42.5,24583700,30.628023147583008
2015-12-21,42.81999969482422,42.939998626708984,42.459999084472656,42.779998779296875,10444400,30.829822540283203
2015-12-22,42.86000061035156,43.38999938964844,42.709999084472656,43.290000915527344,12280800,31.197351455688477
2015-12-23,43.38999938964844,43.72999954223633,43.349998474121094,43.66999816894531,9092300,31.471206665039062
2015-12-24,43.4900016784668,43.720001220703125,43.41999816894531,43.540000915527344,3036600,31.377525329589844
2015-12-28,43.439998626708984,43.52000045776367,43.310001373291016,43.4900016784668,6326100,31.341506958007812
2015-12-29,43.540000915527344,43.779998779296875,43.5,43.709999084472656,7739800,31.500028610229492
2015-12-30,43.75,43.77000045776367,43.45000076293945,43.56999969482422,5112500,31.399137496948242
2015-12-31,43.29999923706055,43.34000015258789,42.869998931884766,42.959999084472656,9727900,30.959535598754883
2016-01-04,42.34000015258789,42.5,41.970001220703125,42.400001525878906,16084100,30.555973052978516
2016-01-05,42.310001373291016,42.630001068115234,42.16999816894531,42.54999923706055,15781900,30.664064407348633
2016-01-06,42.20000076293945,42.5099983215332,42.040000915527344,42.31999969482422,16245100,30.49831771850586
2016-01-07,41.650001525878906,42.11000061035156,41.45000076293945,41.619998931884766,20563600,29.993860244750977
2016-01-08,41.650001525878906,42.119998931884766,41.40999984741211,41.5099983215332,14645900,29.914592742919922
2016-01-11,41.58000183105469,41.86000061035156,41.290000915527344,41.58000183105469,15815200,29.965038299560547
2016-01-12,42.29999923706055,42.45000076293945,41.869998931884766,42.119998931884766,21814800,30.35418128967285
2016-01-13,42.16999816894531,42.56999969482422,41.790000915527344,41.849998474121094,16854300,30.159608840942383
2016-01-14,41.9900016784668,42.16999816894531,41.63999938964844,41.880001068115234,16028000,30.181222915649414
2016-01-15,40.95000076293945,41.59000015258789,40.93000030517578,41.5,21153600,29.907379150390625
2016-01-19,41.77000045776367,42.119998931884766,41.650001525878906,41.91999816894531,15462200,30.21004867553711
2016-01-20,41.45000076293945,41.619998931884766,40.75,41.380001068115234,19923500,29.82090950012207
2016-01-21,41.45000076293945,41.5099983215332,41.09000015258789,41.38999938964844,15568900,29.828096389770508
2016-01-22,41.63999938964844,42.2400016784668,41.45000076293945,42.060001373291016,15209200,30.31094741821289
2016-01-25,42.2400016784668,42.5,41.93000030517578,42.15999984741211,12505200,30.38300895690918
2016-01-26,42.15999984741211,42.5,41.93000030517578,42.08000183105469,13018500,30.325359344482422
2016-01-27,42.18000030517578,42.459999084472656,41.810001373291016,42.09000015258789,14167000,30.332569122314453
2016-01-28,42.18000030517578,42.720001220703125,42.060001373291016,42.56999969482422,16622800,30.678476333618164
2016-01-29,42.86000061035156,43.2599983215332,42.650001525878906,42.91999816894531,20457000,30.93071746826172
2016-02-01,42.599998474121094,43.150001525878906,42.56999969482422,43.0,17097800,30.988365173339844
2016-02-02,42.70000076293945,42.790000915527344,42.40999984741211,42.439998626708984,12332900,30.584796905517578
2016-02-03,42.79999923706055,42.939998626708984,42.279998779296875,42.720001220703125,15958300,30.786588668823242
2016-02-04,42.52000045776367,42.88999938964844,42.400001525878906,42.529998779296875,14413700,30.649660110473633
2016-02-05,42.93000030517578,42.9900016784668,42.2599983215332,42.439998626708984,17315700,30.584796905517578
2016-02-08,42.16999816894531,42.70000076293945,41.900001525878906,42.650001525878906,17254400,30.736133575439453
2016-02-09,42.2599983215332,43.4900016784668,42.2599983215332,43.29999923706055,24853800,31.204559326171875
2016-02-10,43.34000015258789,43.38999938964844,42.5099983215332,42.54999923706055,16729600,30.664064407348633
2016-02-11,42.029998779296875,42.61000061035156,41.97999954223633,42.40999984741211,16825300,30.563173294067383
2016-02-12,42.720001220703125,43.13999938964844,42.560001373291016,43.11000061035156,15222400,31.067628860473633
2016-02-16,43.31999969482422,43.459999084472656,43.02000045776367,43.36000061035156,12675900,31.2477970123291
2016-02-17,43.41999816894531,43.619998931884766,43.279998779296875,43.4900016784668,12332500,31.341506958007812
2016-02-18,43.630001068115234,43.72999954223633,43.29999923706055,43.61000061035156,11170300,31.427978515625
2016-02-19,43.58000183105469,43.77000045776367,43.279998779296875,43.77000045776367,12850000,31.54328155517578
2016-02-22,43.77000045776367,44.15999984741211,43.630001068115234,43.939998626708984,20716100,31.665781021118164
2016-02-23,43.7400016784668,44.04999923706055,43.65999984741211,43.689998626708984,11166400,31.48562240600586
2016-02-24,43.560001373291016,43.939998626708984,43.369998931884766,43.90999984741211,10844200,31.644168853759766
2016-02-25,43.959999084472656,44.18000030517578,43.869998931884766,44.15999984741211,10903300,31.824329376220703
2016-02-26,44.040000915527344,44.060001373291016,43.11000061035156,43.13999938964844,18421000,31.089269638061523
2016-02-29,43.16999816894531,43.61000061035156,42.91999816894531,43.130001068115234,15049800,31.082056045532227
2016-03-01,43.380001068115234,43.689998626708984,43.16999816894531,43.689998626708984,12358300,31.48562240600586
2016-03-02,43.470001220703125,43.77000045776367,43.41999816894531,43.77000045776367,12856300,31.54328155517578
2016-03-03,43.61000061035156,43.97999954223633,43.540000915527344,43.959999084472656,13134800,31.680208206176758
2016-03-04,43.779998779296875,44.150001525878906,43.68000030517578,44.11000061035156,13691500,31.788301467895508
2016-03-07,43.90999984741211,44.13999938964844,43.86000061035156,44.0099983215332,10695300,31.716232299804688
2016-03-08,43.91999816894531,44.470001220703125,43.810001373291016,44.31999969482422,18900200,31.939626693725586
2016-03-09,44.38999938964844,44.83000183105469,44.290000915527344,44.810001373291016,18466600,32.29275894165039
2016-03-10,44.84000015258789,45.2599983215332,44.68000030517578,45.22999954223633,28908600,32.5954475402832
2016-03-11,45.0,45.25,44.93000030517578,45.20000076293945,16129300,32.82784652709961
2016-03-14,45.040000915527344,45.41999816894531,45.040000915527344,45.290000915527344,13206700,32.893218994140625
2016-03-15,45.08000183105469,45.560001373291016,45.06999969482422,45.2400016784668,13686300,32.85689926147461
2016-03-16,45.04999923706055,45.16999816894531,44.54999923706055,45.04999923706055,15386100,32.71891403198242
2016-03-17,45.04999923706055,45.90999984741211,44.970001220703125,45.77000045776367,24080000,33.2418327331543
2016-03-18,45.84000015258789,45.869998931884766,45.38999938964844,45.599998474121094,23853400,33.11835479736328
2016-03-21,45.41999816894531,45.869998931884766,45.36000061035156,45.66999816894531,9740400,33.1692008972168
2016-03-22,45.54999923706055,45.72999954223633,45.38999938964844,45.5,13788300,33.045745849609375
2016-03-23,45.400001525878906,45.709999084472656,45.349998474121094,45.459999084472656,9292100,33.01667022705078
2016-03-24,45.45000076293945,45.599998474121094,45.189998626708984,45.58000183105469,10890200,33.10384750366211
2016-03-28,45.560001373291016,45.93000030517578,45.5099983215332,45.79999923706055,13306600,33.26360321044922
2016-03-29,45.86000061035156,46.5099983215332,45.810001373291016,46.47999954223633,25010400,33.75748062133789
2016-03-30,46.630001068115234,46.72999954223633,46.33000183105469,46.58000183105469,14312200,33.830108642578125
2016-03-31,46.54999923706055,46.880001068115234,46.31999969482422,46.38999938964844,15544500,33.692115783691406
2016-04-01,46.13999938964844,46.869998931884766,46.11000061035156,46.83000183105469,14922900,34.011680603027344
2016-04-04,46.84000015258789,46.93000030517578,46.5,46.88999938964844,10629800,34.055259704589844
2016-04-05,46.619998931884766,46.810001373291016,46.439998626708984,46.529998779296875,10696700,33.79380798339844
2016-04-06,46.56999969482422,46.72999954223633,46.380001068115234,46.709999084472656,9122700,33.92452621459961
2016-04-07,46.5,46.58000183105469,46.15999984741211,46.36000061035156,9292000,33.670326232910156
2016-04-08,46.439998626708984,46.97999954223633,46.439998626708984,46.869998931884766,11959300,34.04073715209961
2016-04-11,46.900001525878906,47.130001068115234,46.40999984741211,46.439998626708984,11880100,33.72843551635742
2016-04-12,46.40999984741211,46.7599983215332,46.349998474121094,46.650001525878906,11219100,33.88095474243164
2016-04-13,46.77000045776367,46.779998779296875,45.81999969482422,46.040000915527344,13234100,33.437923431396484
2016-04-14,46.060001373291016,46.220001220703125,45.75,45.83000183105469,12982200,33.285396575927734
2016-04-15,45.81999969482422,46.15999984741211,45.68000030517578,46.099998474121094,13647800,33.48149871826172
2016-04-18,46.099998474121094,46.279998779296875,45.81999969482422,46.220001220703125,11538100,33.56864929199219
2016-04-19,46.310001373291016,46.619998931884766,46.150001525878906,46.599998474121094,14418300,33.84463882446289
2016-04-20,45.34000015258789,45.380001068115234,44.060001373291016,44.369998931884766,40360300,32.22503662109375
2016-04-21,44.2599983215332,44.279998779296875,42.869998931884766,43.65999984741211,37206900,31.709381103515625
2016-04-22,43.790000915527344,44.65999984741211,43.790000915527344,44.540000915527344,25134200,32.3484992980957
2016-04-25,44.5,44.720001220703125,44.380001068115234,44.709999084472656,11173800,32.471961975097656
2016-04-26,44.91999816894531,44.959999084472656,44.43000030517578,44.529998779296875,13935500,32.34126281738281
2016-04-27,44.63999938964844,44.86000061035156,44.25,44.68000030517578,11335500,32.45018768310547
2016-04-28,44.5,44.900001525878906,44.459999084472656,44.630001068115234,10932500,32.41386413574219
2016-04-29,44.529998779296875,44.86000061035156,44.5,44.79999923706055,11716000,32.53733444213867
2016-05-02,44.56999969482422,45.189998626708984,44.56999969482422,44.97999954223633,12577500,32.668060302734375
2016-05-03,44.869998931884766,45.06999969482422,44.650001525878906,44.84000015258789,10420500,32.56637954711914
2016-05-04,44.720001220703125,45.11000061035156,44.5099983215332,44.97999954223633,9350500,32.668060302734375
2016-05-05,44.93000030517578,45.4900016784668,44.869998931884766,45.060001373291016,8801100,32.726165771484375
2016-05-06,45.060001373291016,45.40999984741211,44.91999816894531,45.31999969482422,8564000,32.91500473022461
2016-05-09,45.31999969482422,45.5,45.16999816894531,45.2400016784668,8110600,32.85689926147461
2016-05-10,45.439998626708984,45.84000015258789,45.41999816894531,45.75,8933500,33.22731018066406
2016-05-11,45.72999954223633,45.880001068115234,45.45000076293945,45.459999084472656,8833100,33.01667022705078
2016-05-12,45.54999923706055,45.900001525878906,45.4900016784668,45.83000183105469,10463400,33.285396575927734
2016-05-13,45.75,45.83000183105469,45.22999954223633,45.349998474121094,10341200,32.93678665161133
2016-05-16,45.15999984741211,45.72999954223633,45.13999938964844,45.619998931884766,9413600,33.13288879394531
2016-05-17,45.45000076293945,45.560001373291016,44.709999084472656,44.75,17457000,32.50102996826172
2016-05-18,44.560001373291016,44.83000183105469,44.22999954223633,44.47999954223633,12524300,32.304927825927734
2016-05-19,44.25,44.38999938964844,44.040000915527344,44.31999969482422,10659500,32.188716888427734
2016-05-20,44.5099983215332,44.540000915527344,43.939998626708984,43.95000076293945,12914100,31.919984817504883
2016-05-23,44.06999969482422,44.15999984741211,43.939998626708984,43.970001220703125,13554700,31.934528350830078
2016-05-24,44.099998474121094,44.41999816894531,44.0,44.369998931884766,12634200,32.22503662109375
2016-05-25,44.5099983215332,44.630001068115234,44.25,44.380001068115234,9218100,32.232303619384766
2016-05-26,44.529998779296875,44.77000045776367,44.439998626708984,44.689998626708984,8695800,32.45744323730469
2016-05-27,44.709999084472656,44.959999084472656,44.650001525878906,44.779998779296875,7893900,32.522796630859375
2016-05-31,44.97999954223633,44.97999954223633,44.2599983215332,44.599998474121094,18935200,32.3920783996582
2016-06-01,44.599998474121094,44.779998779296875,44.4900016784668,44.70000076293945,8916000,32.4647102355957
2016-06-02,44.70000076293945,44.720001220703125,44.5,44.720001220703125,6693900,32.47924041748047
2016-06-03,44.75,45.04999923706055,44.68000030517578,45.040000915527344,13434900,32.71164321899414
2016-06-06,45.09000015258789,45.47999954223633,45.08000183105469,45.369998931884766,10310600,32.95131301879883
2016-06-07,45.349998474121094,45.47999954223633,45.20000076293945,45.31999969482422,9812600,32.91500473022461
2016-06-08,45.2400016784668,45.65999984741211,45.189998626708984,45.54999923706055,7915400,33.082054138183594
2016-06-09,45.33000183105469,45.79999923706055,45.310001373291016,45.7599983215332,8042900,33.234561920166016
2016-06-10,45.619998931884766,46.0099983215332,45.560001373291016,45.9900016784668,12357000,33.401615142822266
2016-06-13,45.47999954223633,45.66999816894531,45.09000015258789,45.119998931884766,10613500,33.021053314208984
2016-06-14,44.849998474121094,45.130001068115234,44.439998626708984,45.040000915527344,11298200,32.96249008178711
2016-06-15,45.119998931884766,45.34000015258789,44.880001068115234,45.0099983215332,8360400,32.94053649902344
2016-06-16,44.869998931884766,45.34000015258789,44.720001220703125,45.310001373291016,11305400,33.16010665893555
2016-06-17,45.16999816894531,45.220001220703125,44.380001068115234,44.790000915527344,20805400,32.779541015625
2016-06-20,45.09000015258789,45.310001373291016,44.959999084472656,44.97999954223633,10712400,32.91858673095703
2016-06-21,45.15999984741211,45.279998779296875,45.0,45.130001068115234,7919400,33.02836227416992
2016-06-22,45.25,45.33000183105469,44.810001373291016,44.86000061035156,10738900,32.83076095581055
2016-06-23,45.029998779296875,45.16999816894531,44.84000015258789,45.08000183105469,9655300,32.99177169799805
2016-06-24,44.20000076293945,44.560001373291016,43.81999969482422,43.93000030517578,26003700,32.150146484375
2016-06-27,43.66999816894531,43.88999938964844,43.31999969482422,43.779998779296875,15779500,32.04037094116211
2016-06-28,44.060001373291016,44.189998626708984,43.66999816894531,44.18000030517578,16509800,32.333106994628906
2016-06-29,44.38999938964844,44.709999084472656,44.2400016784668,44.439998626708984,12250900,32.52338790893555
2016-06-30,44.52000045776367,45.33000183105469,44.4900016784668,45.33000183105469,16056500,33.17472839355469
2016-07-01,45.33000183105469,45.40999984741211,45.06999969482422,45.119998931884766,11799700,33.021053314208984
2016-07-05,45.15999984741211,45.66999816894531,45.150001525878906,45.43000030517578,12339100,33.2479248046875
2016-07-06,45.5,45.54999923706055,44.91999816894531,45.27000045776367,10902600,33.13082504272461
2016-07-07,45.41999816894531,45.52000045776367,44.970001220703125,45.09000015258789,9741100,32.999088287353516
2016-07-08,45.29999923706055,45.52000045776367,45.06999969482422,45.380001068115234,11127100,33.21133041381836
2016-07-11,45.349998474121094,45.77000045776367,45.11000061035156,45.56999969482422,10937800,33.350372314453125
2016-07-12,45.63999938964844,45.709999084472656,45.18000030517578,45.58000183105469,9739000,33.357696533203125
2016-07-13,45.61000061035156,45.7599983215332,45.43000030517578,45.7400016784668,8028400,33.47480010986328
2016-07-14,45.72999954223633,45.939998626708984,45.58000183105469,45.689998626708984,7621200,33.43819046020508
2016-07-15,45.880001068115234,45.900001525878906,45.439998626708984,45.630001068115234,10621000,33.39429473876953
2016-07-18,45.689998626708984,45.70000076293945,45.47999954223633,45.630001068115234,7958300,33.39429473876953
2016-07-19,45.459999084472656,45.709999084472656,45.43000030517578,45.630001068115234,7761100,33.39429473876953
2016-07-20,45.75,45.77000045776367,45.38999938964844,45.5099983215332,8478200,33.30646514892578
2016-07-21,45.34000015258789,45.5099983215332,45.2599983215332,45.45000076293945,8045100,33.26255798339844
2016-07-22,45.5,45.84000015258789,45.459999084472656,45.83000183105469,8836100,33.5406608581543
2016-07-25,45.810001373291016,45.83000183105469,45.470001220703125,45.56999969482422,9134300,33.350372314453125
2016-07-26,45.529998779296875,45.650001525878906,44.83000183105469,44.880001068115234,15819900,32.84539031982422
2016-07-27,43.900001525878906,44.060001373291016,43.099998474121094,43.400001525878906,37461100,31.762266159057617
2016-07-28,43.27000045776367,43.689998626708984,43.220001220703125,43.650001525878906,13077800,31.945228576660156
2016-07-29,43.720001220703125,43.75,43.47999954223633,43.630001068115234,16530500,31.930591583251953
2016-08-01,43.689998626708984,43.83000183105469,43.43000030517578,43.45000076293945,12349700,31.798851013183594
2016-08-02,43.349998474121094,43.58000183105469,43.310001373291016,43.529998779296875,12825200,31.857398986816406
2016-08-03,43.65999984741211,43.70000076293945,43.369998931884766,43.63999938964844,12119100,31.937911987304688
2016-08-04,43.560001373291016,43.79999923706055,43.400001525878906,43.5099983215332,11244100,31.842763900756836
2016-08-05,43.650001525878906,43.75,43.40999984741211,43.47999954223633,10398200,31.820825576782227
2016-08-08,43.43000030517578,43.52000045776367,43.220001220703125,43.439998626708984,8680300,31.791545867919922
2016-08-09,43.5,43.63999938964844,43.380001068115234,43.470001220703125,7281300,31.813499450683594
2016-08-10,43.63999938964844,43.689998626708984,43.5,43.61000061035156,8412100,31.915958404541016
2016-08-11,43.720001220703125,43.869998931884766,43.619998931884766,43.75,11303300,32.01841354370117
2016-08-12,43.90999984741211,44.189998626708984,43.790000915527344,44.029998779296875,10928900,32.22333526611328
2016-08-15,44.099998474121094,44.33000183105469,44.0099983215332,44.2400016784668,10390600,32.377017974853516
2016-08-16,44.25,44.25,43.83000183105469,43.83000183105469,9706100,32.07695770263672
2016-08-17,44.0099983215332,44.06999969482422,43.779998779296875,44.060001373291016,11208500,32.24528503417969
2016-08-18,44.0099983215332,44.2599983215332,44.0,44.099998474121094,9144300,32.27454376220703
2016-08-19,44.04999923706055,44.060001373291016,43.7400016784668,43.91999816894531,9385900,32.142822265625
2016-08-22,43.939998626708984,43.95000076293945,43.72999954223633,43.7400016784668,8687500,32.011104583740234
2016-08-23,43.849998474121094,43.97999954223633,43.7400016784668,43.849998474121094,8421100,32.09159469604492
2016-08-24,43.81999969482422,43.939998626708984,43.65999984741211,43.849998474121094,11508900,32.09159469604492
2016-08-25,43.849998474121094,43.939998626708984,43.630001068115234,43.66999816894531,9815700,31.959863662719727
2016-08-26,43.720001220703125,43.91999816894531,43.310001373291016,43.31999969482422,11824900,31.703718185424805
2016-08-29,43.34000015258789,43.61000061035156,43.33000183105469,43.540000915527344,9544600,31.864723205566406
2016-08-30,43.459999084472656,43.529998779296875,43.119998931884766,43.2400016784668,9720100,31.645166397094727
2016-08-31,43.43000030517578,43.459999084472656,43.08000183105469,43.43000030517578,10217900,31.784210205078125
2016-09-01,43.209999084472656,43.40999984741211,43.20000076293945,43.349998474121094,8457800,31.725685119628906
2016-09-02,43.52000045776367,43.83000183105469,43.470001220703125,43.65999984741211,9026000,31.952550888061523
2016-09-06,43.7400016784668,43.79999923706055,43.400001525878906,43.790000915527344,8600400,32.04768753051758
2016-09-07,43.720001220703125,43.79999923706055,43.529998779296875,43.63999938964844,8656600,31.937911987304688
2016-09-08,43.66999816894531,43.72999954223633,43.45000076293945,43.630001068115234,10020400,31.930591583251953
2016-09-09,43.43000030517578,43.43000030517578,42.27000045776367,42.27000045776367,23624200,30.935272216796875
2016-09-12,42.36000061035156,43.22999954223633,42.34000015258789,43.189998626708984,15932300,31.60856819152832
2016-09-13,42.77000045776367,42.77000045776367,42.209999084472656,42.279998779296875,12962700,31.195390701293945
2016-09-14,42.27000045776367,42.40999984741211,41.9900016784668,42.11000061035156,9823900,31.06996726989746
2016-09-15,42.0099983215332,42.38999938964844,41.880001068115234,42.36000061035156,10158500,31.254425048828125
2016-09-16,42.16999816894531,42.2599983215332,41.970001220703125,42.13999938964844,16354000,31.09209632873535
2016-09-19,42.15999984741211,42.369998931884766,42.08000183105469,42.099998474121094,7659900,31.062580108642578
2016-09-20,42.310001373291016,42.529998779296875,42.2400016784668,42.34000015258789,8407200,31.239673614501953
2016-09-21,42.279998779296875,42.61000061035156,42.099998474121094,42.529998779296875,13654700,31.379846572875977
2016-09-22,42.709999084472656,43.0099983215332,42.689998626708984,42.959999084472656,9288300,31.69711685180664
2016-09-23,42.810001373291016,42.939998626708984,42.650001525878906,42.7400016784668,8852700,31.5347900390625
2016-09-26,42.709999084472656,42.720001220703125,42.0099983215332,42.04999923706055,15036000,31.025699615478516
2016-09-27,42.189998626708984,42.630001068115234,42.0,42.59000015258789,11920400,31.424121856689453
2016-09-28,42.630001068115234,42.7599983215332,42.029998779296875,42.150001525878906,15523800,31.099477767944336
2016-09-29,42.02000045776367,42.38999938964844,41.849998474121094,42.029998779296875,12671700,31.010942459106445
2016-09-30,42.209999084472656,42.5,42.060001373291016,42.31999969482422,14375700,31.22490692138672
2016-10-03,42.310001373291016,42.310001373291016,41.88999938964844,42.029998779296875,11152800,31.010942459106445
2016-10-04,42.34000015258789,42.34000015258789,41.779998779296875,41.84000015258789,13682700,30.870744705200195
2016-10-05,41.93000030517578,42.06999969482422,41.66999816894531,41.810001373291016,9607300,30.848621368408203
2016-10-06,41.68000030517578,41.939998626708984,41.58000183105469,41.709999084472656,9722900,30.77483367919922
2016-10-07,41.83000183105469,41.939998626708984,41.56999969482422,41.72999954223633,8122800,30.789596557617188
2016-10-10,41.91999816894531,41.9900016784668,41.599998474121094,41.72999954223633,8983600,30.789596557617188
2016-10-11,41.65999984741211,41.70000076293945,41.400001525878906,41.540000915527344,12249100,30.64939308166504
2016-10-12,41.630001068115234,41.84000015258789,41.5,41.779998779296875,12216300,30.826488494873047
2016-10-13,41.650001525878906,41.88999938964844,41.5099983215332,41.7599983215332,17655600,30.811725616455078
2016-10-14,41.849998474121094,41.90999984741211,41.619998931884766,41.66999816894531,9893800,30.74532127380371
2016-10-17,41.72999954223633,41.86000061035156,41.56999969482422,41.599998474121094,10792500,30.69367218017578
2016-10-18,41.810001373291016,42.0,41.72999954223633,41.970001220703125,11297300,30.966665267944336
2016-10-19,41.93000030517578,42.119998931884766,41.810001373291016,42.04999923706055,16367400,31.025699615478516
2016-10-20,41.970001220703125,42.11000061035156,41.88999938964844,41.93000030517578,10620500,30.93714714050293
2016-10-21,41.849998474121094,42.16999816894531,41.68000030517578,42.130001068115234,14401500,31.084714889526367
2016-10-24,42.31999969482422,42.77000045776367,42.25,42.560001373291016,13439200,31.40199089050293
2016-10-25,42.63999938964844,42.880001068115234,42.43000030517578,42.540000915527344,16484700,31.387243270874023
2016-10-26,43.0,43.029998779296875,42.40999984741211,42.439998626708984,16886200,31.31344985961914
2016-10-27,42.630001068115234,42.650001525878906,41.900001525878906,42.119998931884766,14537000,31.077342987060547
2016-10-28,42.2599983215332,42.470001220703125,42.099998474121094,42.22999954223633,13398400,31.158504486083984
2016-10-31,42.119998931884766,42.40999984741211,42.119998931884766,42.400001525878906,13327500,31.283926010131836
2016-11-01,42.400001525878906,42.43000030517578,41.90999984741211,42.119998931884766,12223400,31.077342987060547
2016-11-02,42.099998474121094,42.34000015258789,42.0099983215332,42.04999923706055,12034300,31.025699615478516
2016-11-03,42.220001220703125,42.220001220703125,41.959999084472656,42.029998779296875,11258000,31.010942459106445
2016-11-04,41.849998474121094,42.040000915527344,41.689998626708984,41.689998626708984,14464200,30.76006317138672
2016-11-07,42.040000915527344,42.5,42.040000915527344,42.459999084472656,14038500,31.32819366455078
2016-11-08,42.369998931884766,42.97999954223633,42.369998931884766,42.880001068115234,12036600,31.63810157775879
2016-11-09,41.7599983215332,42.31999969482422,41.70000076293945,42.27000045776367,21351000,31.188018798828125
2016-11-10,41.86000061035156,42.2599983215332,40.849998474121094,40.939998626708984,33245500,30.206703186035156
2016-11-11,40.95000076293945,41.130001068115234,40.630001068115234,41.029998779296875,13421000,30.273103713989258
2016-11-14,41.130001068115234,41.41999816894531,40.849998474121094,41.16999816894531,19514200,30.376405715942383
2016-11-15,41.18000030517578,41.52000045776367,41.16999816894531,41.439998626708984,16554000,30.575611114501953
2016-11-16,41.400001525878906,41.650001525878906,41.15999984741211,41.2599983215332,12681400,30.442811965942383
2016-11-17,41.279998779296875,41.29999923706055,41.0,41.119998931884766,12398800,30.33951187133789
2016-11-18,41.029998779296875,41.20000076293945,40.900001525878906,40.90999984741211,16345300,30.1845703125
2016-11-21,40.90999984741211,41.36000061035156,40.72999954223633,41.36000061035156,12307000,30.51659393310547
2016-11-22,41.45000076293945,41.70000076293945,41.2400016784668,41.369998931884766,12743500,30.52396583557129
2016-11-23,41.220001220703125,41.310001373291016,41.029998779296875,41.119998931884766,9281300,30.33951187133789
2016-11-25,41.38999938964844,41.58000183105469,41.2400016784668,41.529998779296875,7402300,30.64202117919922
2016-11-28,41.5099983215332,41.790000915527344,41.27000045776367,41.75,19424400,30.804338455200195
2016-11-29,41.52000045776367,41.52000045776367,41.13999938964844,41.150001525878906,11421900,30.61832618713379
2016-11-30,41.0,41.20000076293945,40.349998474121094,40.349998474121094,22410400,30.0230712890625
2016-12-01,40.310001373291016,40.38999938964844,39.880001068115234,40.16999816894531,20409900,29.889135360717773
2016-12-02,40.29999923706055,40.4900016784668,40.189998626708984,40.36000061035156,11176300,30.030515670776367
2016-12-05,40.34000015258789,40.689998626708984,40.310001373291016,40.619998931884766,15977800,30.223962783813477
2016-12-06,40.75,40.77000045776367,40.41999816894531,40.56999969482422,11303500,30.186769485473633
2016-12-07,40.540000915527344,41.290000915527344,40.5099983215332,41.290000915527344,13726500,30.72249984741211
2016-12-08,41.06999969482422,41.209999084472656,40.849998474121094,40.97999954223633,13077100,30.491830825805664
2016-12-09,41.5,42.220001220703125,41.290000915527344,42.0,28125800,31.25078582763672
2016-12-12,42.0,42.0099983215332,41.720001220703125,41.900001525878906,17561900,31.176374435424805
2016-12-13,41.720001220703125,41.959999084472656,41.540000915527344,41.7599983215332,18986000,31.07221031188965
2016-12-14,41.88999938964844,41.9900016784668,41.060001373291016,41.209999084472656,17937900,30.6629695892334
2016-12-15,41.099998474121094,41.810001373291016,41.099998474121094,41.54999923706055,14265300,30.915956497192383
2016-12-16,41.61000061035156,41.7599983215332,41.47999954223633,41.7400016784668,19675200,31.057327270507812
2016-12-19,41.689998626708984,41.79999923706055,41.58000183105469,41.66999816894531,8687300,31.0052433013916
2016-12-20,41.70000076293945,41.720001220703125,41.439998626708984,41.65999984741211,10603500,30.997800827026367
2016-12-21,41.599998474121094,41.83000183105469,41.52000045776367,41.56999969482422,9693600,30.93083953857422
2016-12-22,41.56999969482422,41.619998931884766,41.08000183105469,41.54999923706055,11894100,30.915956497192383
2016-12-23,41.619998931884766,41.689998626708984,41.349998474121094,41.599998474121094,6436600,30.953157424926758
2016-12-27,41.560001373291016,41.7599983215332,41.540000915527344,41.61000061035156,6999200,30.96059799194336
2016-12-28,41.4900016784668,41.66999816894531,41.38999938964844,41.38999938964844,8988000,30.79690170288086
2016-12-29,41.380001068115234,41.689998626708984,41.380001068115234,41.599998474121094,6875300,30.953157424926758
2016-12-30,41.689998626708984,41.84000015258789,41.349998474121094,41.459999084472656,11470200,30.848995208740234
2017-01-03,41.5,41.810001373291016,41.279998779296875,41.79999923706055,14711000,31.101972579956055
2017-01-04,41.880001068115234,41.970001220703125,41.59000015258789,41.650001525878906,9959400,30.990360260009766
2017-01-05,41.65999984741211,41.86000061035156,41.529998779296875,41.75,8968300,31.064762115478516
2017-01-06,41.70000076293945,41.810001373291016,41.540000915527344,41.7400016784668,10246600,31.057327270507812
2017-01-09,41.22999954223633,41.58000183105469,41.209999084472656,41.31999969482422,14822500,30.744821548461914
2017-01-10,41.439998626708984,41.439998626708984,40.86000061035156,41.040000915527344,19706800,30.536479949951172
2017-01-11,40.849998474121094,41.119998931884766,40.83000183105469,41.04999923706055,9266200,30.543930053710938
2017-01-12,41.0099983215332,41.040000915527344,40.79999923706055,40.95000076293945,8541200,30.46950912475586
2017-01-13,41.0,41.040000915527344,40.689998626708984,40.880001068115234,8123500,30.417428970336914
2017-01-17,40.84000015258789,41.29999923706055,40.79999923706055,41.220001220703125,12469400,30.670406341552734
2017-01-18,41.25,41.380001068115234,41.13999938964844,41.290000915527344,10390500,30.72249984741211
2017-01-19,41.13999938964844,41.290000915527344,41.029998779296875,41.13999938964844,10987100,30.610885620117188
2017-01-20,41.27000045776367,41.439998626708984,41.130001068115234,41.31999969482422,14695400,30.744821548461914
2017-01-23,41.310001373291016,41.5,41.209999084472656,41.43000030517578,11628900,30.8266658782959
2017-01-24,41.470001220703125,41.970001220703125,41.470001220703125,41.900001525878906,17040100,31.176374435424805
2017-01-25,41.939998626708984,42.25,41.900001525878906,42.119998931884766,12538200,31.340072631835938
2017-01-26,42.029998779296875,42.11000061035156,41.790000915527344,41.810001373291016,8976800,31.109418869018555
2017-01-27,41.90999984741211,41.95000076293945,41.41999816894531,41.45000076293945,12967400,30.8415584564209
2017-01-30,41.29999923706055,41.47999954223633,41.209999084472656,41.380001068115234,11626200,30.789466857910156
2017-01-31,41.38999938964844,41.689998626708984,41.36000061035156,41.56999969482422,12678000,30.93083953857422
2017-02-01,41.52000045776367,41.65999984741211,41.25,41.2599983215332,11136100,30.700178146362305
2017-02-02,41.40999984741211,41.4900016784668,41.25,41.400001525878906,9459700,30.804344177246094
2017-02-03,41.58000183105469,41.790000915527344,41.459999084472656,41.540000915527344,11882400,30.908506393432617
2017-02-06,41.529998779296875,41.66999816894531,41.400001525878906,41.560001373291016,15742800,30.923397064208984
2017-02-07,41.70000076293945,41.97999954223633,41.66999816894531,41.900001525878906,13315200,31.176374435424805
2017-02-08,41.90999984741211,42.150001525878906,41.84000015258789,42.02000045776367,14219700,31.265661239624023
2017-02-09,42.02000045776367,42.02000045776367,40.720001220703125,41.25,27240300,30.69274139404297
2017-02-10,41.02000045776367,41.20000076293945,40.54999923706055,40.58000183105469,28847300,30.194215774536133
2017-02-13,40.77000045776367,40.83000183105469,40.5,40.619998931884766,23617100,30.223962783813477
2017-02-14,40.380001068115234,40.599998474121094,40.220001220703125,40.529998779296875,32177800,30.157011032104492
2017-02-15,40.41999816894531,40.630001068115234,40.400001525878906,40.439998626708984,26600800,30.09004020690918
2017-02-16,40.54999923706055,41.279998779296875,40.5,41.20000076293945,22214800,30.655527114868164
2017-02-17,41.130001068115234,41.36000061035156,41.04999923706055,41.22999954223633,15065100,30.677845001220703
2017-02-21,41.20000076293945,41.5,41.20000076293945,41.459999084472656,17072600,30.848995208740234
2017-02-22,41.5099983215332,41.68000030517578,41.400001525878906,41.599998474121094,11186800,30.953157424926758
2017-02-23,41.66999816894531,42.0,41.619998931884766,41.65999984741211,12856800,30.997800827026367
2017-02-24,41.70000076293945,41.90999984741211,41.599998474121094,41.779998779296875,13215300,31.087095260620117
2017-02-27,41.75,41.75,41.59000015258789,41.66999816894531,12186400,31.0052433013916
2017-02-28,41.68000030517578,42.06999969482422,41.63999938964844,41.959999084472656,15946800,31.221023559570312
2017-03-01,42.0099983215332,42.349998474121094,41.880001068115234,42.15999984741211,14662000,31.369831085205078
2017-03-02,42.08000183105469,42.560001373291016,42.06999969482422,42.470001220703125,15507600,31.600502014160156
2017-03-03,42.470001220703125,42.4900016784668,42.25,42.47999954223633,11740000,31.607938766479492
2017-03-06,42.34000015258789,42.43000030517578,42.119998931884766,42.18000030517578,16307800,31.38471031188965
2017-03-07,42.0,42.2400016784668,41.95000076293945,41.9900016784668,11273700,31.243337631225586
2017-03-08,42.0,42.029998779296875,41.7400016784668,41.9900016784668,14636000,31.243337631225586
2017-03-09,42.09000015258789,42.11000061035156,41.91999816894531,42.029998779296875,14496400,31.273113250732422
2017-03-10,42.22999954223633,42.400001525878906,42.150001525878906,42.290000915527344,16369700,31.466564178466797
2017-03-13,41.91999816894531,42.119998931884766,41.84000015258789,42.029998779296875,12831500,31.549135208129883
2017-03-14,41.97999954223633,42.099998474121094,41.83000183105469,41.970001220703125,9844500,31.504098892211914
2017-03-15,41.97999954223633,42.279998779296875,41.970001220703125,42.119998931884766,22757800,31.616697311401367
2017-03-16,42.029998779296875,42.38999938964844,41.900001525878906,42.25,16004200,31.714269638061523
2017-03-17,42.279998779296875,42.349998474121094,42.0099983215332,42.029998779296875,37526500,31.549135208129883
2017-03-20,42.099998474121094,42.34000015258789,42.06999969482422,42.18000030517578,11484200,31.661733627319336
2017-03-21,42.310001373291016,42.630001068115234,42.209999084472656,42.5,17187300,31.90192985534668
2017-03-22,42.560001373291016,42.70000076293945,42.25,42.380001068115234,11605500,31.811861038208008
2017-03-23,42.209999084472656,42.38999938964844,42.060001373291016,42.16999816894531,11503300,31.654220581054688
2017-03-24,42.22999954223633,42.25,41.90999984741211,42.119998931884766,13804400,31.616697311401367
2017-03-27,42.11000061035156,42.34000015258789,42.04999923706055,42.31999969482422,12387400,31.766807556152344
2017-03-28,42.2400016784668,42.560001373291016,42.2400016784668,42.43000030517578,14123800,31.849395751953125
2017-03-29,42.5099983215332,42.529998779296875,42.290000915527344,42.41999816894531,9580100,31.84187126159668
2017-03-30,42.349998474121094,42.619998931884766,42.2599983215332,42.599998474121094,11999900,31.97699546813965
2017-03-31,42.54999923706055,42.650001525878906,42.43000030517578,42.439998626708984,11551800,31.856887817382812
2017-04-03,42.58000183105469,42.630001068115234,42.27000045776367,42.40999984741211,11240000,31.83436393737793
2017-04-04,42.5099983215332,42.689998626708984,42.369998931884766,42.68000030517578,10946200,32.037044525146484
2017-04-05,42.650001525878906,42.86000061035156,42.529998779296875,42.56999969482422,10142800,31.9544734954834
2017-04-06,42.58000183105469,42.7599983215332,42.470001220703125,42.66999816894531,14597800,32.02953338623047
2017-04-07,42.63999938964844,42.7400016784668,42.5099983215332,42.61000061035156,11028800,31.984498977661133
2017-04-10,42.72999954223633,42.79999923706055,42.560001373291016,42.689998626708984,9426900,32.044551849365234
2017-04-11,42.68000030517578,42.75,42.52000045776367,42.65999984741211,8909400,32.022037506103516
2017-04-12,42.540000915527344,42.9900016784668,42.5099983215332,42.939998626708984,13417200,32.232208251953125
2017-04-13,42.869998931884766,43.08000183105469,42.779998779296875,42.790000915527344,9891900,32.119606018066406
2017-04-17,42.790000915527344,43.06999969482422,42.779998779296875,43.06999969482422,11318100,32.329795837402344
2017-04-18,43.11000061035156,43.59000015258789,43.09000015258789,43.47999954223633,13181600,32.63754653930664
2017-04-19,43.7400016784668,43.790000915527344,43.189998626708984,43.22999954223633,13893100,32.44989013671875
2017-04-20,43.20000076293945,43.29999923706055,43.04999923706055,43.09000015258789,10838300,32.34479522705078
2017-04-21,42.97999954223633,43.099998474121094,42.88999938964844,43.06999969482422,13833800,32.329795837402344
2017-04-24,43.2400016784668,43.43000030517578,43.150001525878906,43.279998779296875,16703800,32.48741912841797
2017-04-25,42.849998474121094,43.43000030517578,42.81999969482422,43.11000061035156,18745100,32.35981750488281
2017-04-26,43.060001373291016,43.43000030517578,42.97999954223633,43.2400016784668,13626600,32.4573974609375
2017-04-27,43.16999816894531,43.279998779296875,42.91999816894531,43.0099983215332,10386200,32.284759521484375
2017-04-28,42.959999084472656,43.20000076293945,42.849998474121094,43.150001525878906,10337800,32.38984298706055
2017-05-01,43.150001525878906,43.5,43.099998474121094,43.220001220703125,13208200,32.442386627197266
2017-05-02,43.220001220703125,43.439998626708984,43.15999984741211,43.38999938964844,11823900,32.56998825073242
2017-05-03,43.33000183105469,43.4900016784668,43.150001525878906,43.31999969482422,10389000,32.51743698120117
2017-05-04,43.41999816894531,43.810001373291016,43.400001525878906,43.65999984741211,10193100,32.77266311645508
2017-05-05,43.790000915527344,43.84000015258789,43.560001373291016,43.689998626708984,8133000,32.7951774597168
2017-05-08,43.59000015258789,43.90999984741211,43.540000915527344,43.88999938964844,14284300,32.9453010559082
2017-05-09,43.88999938964844,43.88999938964844,43.380001068115234,43.5099983215332,8694400,32.66006851196289
2017-05-10,43.47999954223633,43.619998931884766,43.36000061035156,43.56999969482422,7597700,32.705108642578125
2017-05-11,43.4900016784668,43.68000030517578,43.43000030517578,43.66999816894531,6860100,32.78016662597656
2017-05-12,43.63999938964844,43.68000030517578,43.459999084472656,43.59000015258789,7275800,32.720123291015625
2017-05-15,43.459999084472656,43.7599983215332,43.459999084472656,43.72999954223633,8493000,32.825218200683594
2017-05-16,43.869998931884766,44.11000061035156,43.77000045776367,43.849998474121094,10454100,32.91529083251953
2017-05-17,43.849998474121094,44.16999816894531,43.709999084472656,43.93000030517578,14538800,32.975341796875
2017-05-18,43.869998931884766,43.959999084472656,43.63999938964844,43.79999923706055,13832200,32.877750396728516
2017-05-19,43.849998474121094,44.0,43.7599983215332,43.900001525878906,11796800,32.952816009521484
2017-05-22,43.88999938964844,44.220001220703125,43.810001373291016,44.18000030517578,12857900,33.162986755371094
2017-05-23,44.25,44.599998474121094,44.209999084472656,44.38999938964844,11996100,33.32062911987305
2017-05-24,44.5099983215332,45.09000015258789,44.5099983215332,45.029998779296875,12738300,33.80103302001953
2017-05-25,45.0,45.47999954223633,44.970001220703125,45.40999984741211,16704200,34.08628463745117
2017-05-26,45.349998474121094,45.560001373291016,45.33000183105469,45.38999938964844,11341400,34.071258544921875
2017-05-30,45.15999984741211,45.459999084472656,45.11000061035156,45.43000030517578,13093500,34.101280212402344
2017-05-31,45.43000030517578,45.70000076293945,45.369998931884766,45.470001220703125,14148000,34.13131332397461
2017-06-01,45.45000076293945,45.790000915527344,45.22999954223633,45.790000915527344,11049300,34.371524810791016
2017-06-02,45.83000183105469,45.88999938964844,45.61000061035156,45.88999938964844,9923700,34.446571350097656
2017-06-05,45.779998779296875,45.9900016784668,45.689998626708984,45.9900016784668,10015200,34.52165222167969
2017-06-06,45.900001525878906,46.060001373291016,45.779998779296875,45.97999954223633,9836700,34.51414108276367
2017-06-07,45.5,45.70000076293945,45.349998474121094,45.5099983215332,12776300,34.16133499145508
2017-06-08,45.5099983215332,45.5099983215332,45.029998779296875,45.130001068115234,12879000,33.876102447509766
2017-06-09,45.060001373291016,45.349998474121094,44.970001220703125,45.31999969482422,9358800,34.018714904785156
2017-06-12,45.31999969482422,45.47999954223633,45.20000076293945,45.33000183105469,11228500,34.02622604370117
2017-06-13,45.0,45.11000061035156,44.79999923706055,45.029998779296875,10023400,34.07920455932617
2017-06-14,45.18000030517578,45.470001220703125,45.15999984741211,45.29999923706055,11497500,34.283546447753906
2017-06-15,45.18000030517578,45.34000015258789,45.040000915527344,45.25,9908700,34.245704650878906
2017-06-16,45.310001373291016,45.349998474121094,45.0099983215332,45.310001373291016,27025300,34.291107177734375
2017-06-19,45.349998474121094,45.380001068115234,45.099998474121094,45.380001068115234,7624700,34.344085693359375
2017-06-20,45.349998474121094,45.869998931884766,45.31999969482422,45.61000061035156,14920900,34.518150329589844
2017-06-21,45.619998931884766,45.68000030517578,45.16999816894531,45.220001220703125,9515800,34.222999572753906
2017-06-22,45.16999816894531,45.279998779296875,45.029998779296875,45.06999969482422,7446300,34.109466552734375
2017-06-23,45.04999923706055,45.380001068115234,45.029998779296875,45.25,9544800,34.245704650878906
2017-06-26,45.31999969482422,45.5099983215332,45.29999923706055,45.43000030517578,7747100,34.381919860839844
2017-06-27,45.34000015258789,45.400001525878906,45.0,45.04999923706055,11432200,34.09434127807617
2017-06-28,45.25,45.5,45.22999954223633,45.31999969482422,9218800,34.29867935180664
2017-06-29,45.130001068115234,45.2400016784668,44.650001525878906,44.83000183105469,9283500,33.92783737182617
2017-06-30,44.88999938964844,45.119998931884766,44.849998474121094,44.849998474121094,9352800,33.94297790527344
2017-07-03,45.11000061035156,45.27000045776367,44.7599983215332,44.7599983215332,6434500,33.874855041503906
2017-07-05,44.790000915527344,44.9900016784668,44.72999954223633,44.81999969482422,6853600,33.92028045654297
2017-07-06,44.720001220703125,44.849998474121094,44.290000915527344,44.400001525878906,13113000,33.6024169921875
2017-07-07,44.470001220703125,44.52000045776367,44.2400016784668,44.38999938964844,9566000,33.5948371887207
2017-07-10,44.45000076293945,44.58000183105469,44.22999954223633,44.380001068115234,9672000,33.58727264404297
2017-07-11,44.31999969482422,44.47999954223633,44.150001525878906,44.33000183105469,10300700,33.54944610595703
2017-07-12,44.59000015258789,44.77000045776367,44.439998626708984,44.5099983215332,7737400,33.68566131591797
2017-07-13,44.4900016784668,44.529998779296875,44.369998931884766,44.43000030517578,6371900,33.6251106262207
2017-07-14,44.52000045776367,44.720001220703125,44.5,44.68000030517578,8558700,33.81431198120117
2017-07-17,44.65999984741211,44.790000915527344,44.61000061035156,44.72999954223633,7189200,33.8521614074707
2017-07-18,44.779998779296875,44.849998474121094,44.619998931884766,44.66999816894531,9037200,33.806732177734375
2017-07-19,44.66999816894531,44.84000015258789,44.54999923706055,44.83000183105469,6986900,33.92783737182617
2017-07-20,44.900001525878906,44.97999954223633,44.75,44.81999969482422,7430300,33.92028045654297
2017-07-21,44.779998779296875,45.06999969482422,44.66999816894531,45.029998779296875,8545600,34.07920455932617
2017-07-24,45.040000915527344,45.04999923706055,44.83000183105469,44.84000015258789,9103600,33.9354133605957
2017-07-25,45.02000045776367,45.290000915527344,44.939998626708984,45.2400016784668,14096300,34.23812484741211
2017-07-26,44.54999923706055,45.790000915527344,44.310001373291016,45.7400016784668,13608900,34.616539001464844
2017-07-27,45.79999923706055,46.43000030517578,45.70000076293945,46.119998931884766,15195200,34.904136657714844
2017-07-28,46.0,46.119998931884766,45.72999954223633,46.0099983215332,11945300,34.82086944580078
2017-07-31,46.0,46.08000183105469,45.790000915527344,45.84000015258789,13622900,34.69221496582031
2017-08-01,45.970001220703125,46.060001373291016,45.650001525878906,45.70000076293945,10306800,34.586273193359375
2017-08-02,45.599998474121094,46.0,45.380001068115234,45.59000015258789,10187900,34.50301742553711
2017-08-03,45.650001525878906,45.95000076293945,45.630001068115234,45.66999816894531,14261400,34.56354904174805
2017-08-04,45.66999816894531,45.7599983215332,45.470001220703125,45.5,9523600,34.434906005859375
2017-08-07,45.52000045776367,45.7599983215332,45.5,45.63999938964844,6226300,34.54085922241211
2017-08-08,45.63999938964844,45.81999969482422,45.54999923706055,45.599998474121094,5747900,34.510581970214844
2017-08-09,45.560001373291016,45.65999984741211,45.33000183105469,45.59000015258789,9635300,34.50301742553711
2017-08-10,45.560001373291016,45.84000015258789,45.459999084472656,45.7400016784668,8901600,34.616539001464844
2017-08-11,45.86000061035156,45.900001525878906,45.56999969482422,45.59000015258789,8357600,34.50301742553711
2017-08-14,45.66999816894531,45.939998626708984,45.619998931884766,45.79999923706055,8421200,34.66193771362305
2017-08-15,45.79999923706055,46.25,45.79999923706055,46.189998626708984,9638100,34.95710372924805
2017-08-16,46.150001525878906,46.34000015258789,46.119998931884766,46.20000076293945,8087300,34.96466827392578
2017-08-17,46.119998931884766,46.33000183105469,45.849998474121094,45.86000061035156,8477000,34.70734786987305
2017-08-18,45.79999923706055,45.900001525878906,45.630001068115234,45.66999816894531,10879800,34.56354904174805
2017-08-21,45.66999816894531,45.79999923706055,45.560001373291016,45.68000030517578,9429700,34.57112503051758
2017-08-22,45.70000076293945,45.75,45.540000915527344,45.599998474121094,10536700,34.510581970214844
2017-08-23,45.630001068115234,45.65999984741211,45.439998626708984,45.540000915527344,6528400,34.46517562866211
2017-08-24,45.540000915527344,45.61000061035156,45.310001373291016,45.40999984741211,7534400,34.36680603027344
2017-08-25,45.599998474121094,45.7599983215332,45.560001373291016,45.56999969482422,8807100,34.48787307739258
2017-08-28,45.630001068115234,45.689998626708984,45.380001068115234,45.41999816894531,8024000,34.37436294555664
2017-08-29,45.400001525878906,45.56999969482422,45.25,45.45000076293945,7762200,34.397064208984375
2017-08-30,45.36000061035156,45.540000915527344,45.290000915527344,45.38999938964844,7134900,34.351654052734375
2017-08-31,45.400001525878906,45.650001525878906,45.34000015258789,45.54999923706055,14264600,34.47274398803711
2017-09-01,45.63999938964844,45.79999923706055,45.540000915527344,45.779998779296875,7391200,34.646812438964844
2017-09-05,45.75,45.93000030517578,45.650001525878906,45.91999816894531,9916700,34.75275802612305
2017-09-06,45.97999954223633,46.040000915527344,45.790000915527344,45.959999084472656,9238900,34.78303146362305
2017-09-07,46.0099983215332,46.31999969482422,45.959999084472656,46.279998779296875,9418400,35.02520751953125
2017-09-08,46.189998626708984,46.369998931884766,46.02000045776367,46.29999923706055,10534900,35.04035949707031
2017-09-11,46.349998474121094,46.59000015258789,46.220001220703125,46.52000045776367,10430300,35.20685958862305
2017-09-12,46.5,46.75,46.45000076293945,46.720001220703125,8567600,35.35821533203125
2017-09-13,46.68000030517578,46.97999954223633,46.650001525878906,46.869998931884766,10218000,35.471736907958984
2017-09-14,46.400001525878906,46.470001220703125,45.939998626708984,46.11000061035156,13768800,35.174224853515625
2017-09-15,46.29999923706055,46.36000061035156,46.0,46.18000030517578,16141400,35.227622985839844
2017-09-18,46.150001525878906,46.2400016784668,45.90999984741211,46.11000061035156,8535300,35.174224853515625
2017-09-19,46.13999938964844,46.189998626708984,45.88999938964844,45.97999954223633,7297900,35.07505798339844
2017-09-20,45.7599983215332,46.150001525878906,45.54999923706055,45.779998779296875,11026600,34.92249298095703
2017-09-21,45.709999084472656,45.790000915527344,45.36000061035156,45.400001525878906,7555300,34.63261413574219
2017-09-22,45.45000076293945,45.630001068115234,45.369998931884766,45.4900016784668,8024800,34.70127487182617
2017-09-25,45.5,45.7599983215332,45.349998474121094,45.689998626708984,9215300,34.85383987426758
2017-09-26,45.689998626708984,45.869998931884766,45.560001373291016,45.56999969482422,6480100,34.76229476928711
2017-09-27,45.470001220703125,45.5,44.380001068115234,44.63999938964844,14816200,34.05286407470703
2017-09-28,44.66999816894531,45.0,44.650001525878906,44.90999984741211,8789500,34.25882339477539
2017-09-29,44.86000061035156,45.11000061035156,44.790000915527344,45.0099983215332,10082200,34.335105895996094
2017-10-02,45.04999923706055,45.27000045776367,44.75,44.79999923706055,10707800,34.17491149902344
2017-10-03,44.86000061035156,45.2599983215332,44.7599983215332,45.189998626708984,12038100,34.47241973876953
2017-10-04,45.11000061035156,45.560001373291016,44.939998626708984,45.5,14060300,34.70890426635742
2017-10-05,45.5099983215332,45.75,45.5,45.52000045776367,10215300,34.724151611328125
2017-10-06,45.38999938964844,45.52000045776367,45.279998779296875,45.4900016784668,5437900,34.70127487182617
2017-10-09,45.54999923706055,45.650001525878906,45.34000015258789,45.40999984741211,5268300,34.640254974365234
2017-10-10,45.599998474121094,45.900001525878906,45.529998779296875,45.869998931884766,6310400,34.991153717041016
2017-10-11,45.880001068115234,46.099998474121094,45.869998931884766,46.099998474121094,6638200,35.166603088378906
2017-10-12,45.97999954223633,46.13999938964844,45.939998626708984,46.11000061035156,7710200,35.174224853515625
2017-10-13,46.25,46.380001068115234,46.150001525878906,46.18000030517578,7126000,35.227622985839844
2017-10-16,46.119998931884766,46.75,46.099998474121094,46.619998931884766,12708600,35.56326675415039
2017-10-17,46.529998779296875,46.630001068115234,46.310001373291016,46.52000045776367,7699400,35.486995697021484
2017-10-18,46.40999984741211,46.540000915527344,46.2400016784668,46.400001525878906,6272200,35.39544677734375
2017-10-19,46.369998931884766,46.790000915527344,46.31999969482422,46.59000015258789,7515500,35.54039001464844
2017-10-20,46.58000183105469,46.59000015258789,46.279998779296875,46.380001068115234,9646800,35.38019561767578
2017-10-23,46.380001068115234,46.650001525878906,46.22999954223633,46.31999969482422,7153600,35.33443069458008
2017-10-24,46.2599983215332,46.290000915527344,45.95000076293945,46.18000030517578,9539500,35.227622985839844
2017-10-25,46.369998931884766,46.7599983215332,45.93000030517578,46.04999923706055,11994200,35.128448486328125
2017-10-26,46.31999969482422,46.75,46.220001220703125,46.22999954223633,10569100,35.26576614379883
2017-10-27,46.130001068115234,46.33000183105469,45.90999984741211,46.06999969482422,9988000,35.143707275390625
2017-10-30,46.0,46.06999969482422,45.81999969482422,45.86000061035156,7201900,34.98351287841797
2017-10-31,45.91999816894531,46.16999816894531,45.84000015258789,45.97999954223633,6560500,35.07505798339844
2017-11-01,45.75,46.09000015258789,45.630001068115234,45.79999923706055,7067600,34.937744140625
2017-11-02,45.810001373291016,45.95000076293945,45.75,45.880001068115234,8317800,34.99878692626953
2017-11-03,45.970001220703125,46.15999984741211,45.91999816894531,45.970001220703125,4730400,35.06742477416992
2017-11-06,45.90999984741211,45.91999816894531,45.41999816894531,45.470001220703125,7451300,34.68601608276367
2017-11-07,45.40999984741211,45.95000076293945,45.310001373291016,45.939998626708984,9868000,35.04454803466797
2017-11-08,45.97999954223633,46.189998626708984,45.869998931884766,46.18000030517578,7586900,35.227622985839844
2017-11-09,46.119998931884766,46.38999938964844,46.02000045776367,46.22999954223633,6532400,35.26576614379883
2017-11-10,46.20000076293945,46.63999938964844,46.13999938964844,46.540000915527344,8022900,35.50223922729492
2017-11-13,46.599998474121094,46.81999969482422,46.540000915527344,46.720001220703125,7653600,35.63956069946289
2017-11-14,46.709999084472656,47.47999954223633,46.619998931884766,47.43000030517578,17200700,36.18116760253906
2017-11-15,47.31999969482422,47.459999084472656,46.779998779296875,46.810001373291016,12419100,35.70820617675781
2017-11-16,46.95000076293945,46.97999954223633,46.5099983215332,46.54999923706055,12506400,35.50987243652344
2017-11-17,46.34000015258789,46.380001068115234,45.25,45.709999084472656,19720700,34.86908721923828
2017-11-20,45.650001525878906,45.880001068115234,45.41999816894531,45.459999084472656,19160900,34.67839431762695
2017-11-21,45.560001373291016,45.95000076293945,45.540000915527344,45.779998779296875,10280800,34.92249298095703
2017-11-22,45.88999938964844,45.93000030517578,45.540000915527344,45.84000015258789,8434400,34.96826171875
2017-11-24,45.88999938964844,46.04999923706055,45.86000061035156,45.880001068115234,2996300,34.99878692626953
2017-11-27,45.880001068115234,45.9900016784668,45.810001373291016,45.900001525878906,5649200,35.014034271240234
2017-11-28,45.9900016784668,46.150001525878906,45.779998779296875,45.83000183105469,8432800,34.96063232421875
2017-11-29,45.77000045776367,45.81999969482422,45.209999084472656,45.5,16502100,34.70890426635742
2017-11-30,45.13999938964844,45.84000015258789,45.029998779296875,45.77000045776367,17147600,35.20111083984375
2017-12-01,45.79999923706055,46.02000045776367,45.209999084472656,45.970001220703125,12468800,35.35493087768555
2017-12-04,45.9900016784668,46.380001068115234,45.77000045776367,46.22999954223633,17523600,35.55488967895508
2017-12-05,46.25,46.439998626708984,46.060001373291016,46.2599983215332,13670800,35.577972412109375
2017-12-06,46.36000061035156,46.47999954223633,46.2599983215332,46.45000076293945,8154000,35.72409439086914
2017-12-07,46.290000915527344,46.31999969482422,45.720001220703125,45.779998779296875,9106500,35.20881271362305
2017-12-08,45.70000076293945,45.72999954223633,45.04999923706055,45.310001373291016,13238600,34.847328186035156
2017-12-11,45.310001373291016,45.40999984741211,44.91999816894531,45.33000183105469,9698700,34.86271667480469
2017-12-12,45.25,45.52000045776367,45.060001373291016,45.290000915527344,13999300,34.83195495605469
2017-12-13,45.45000076293945,46.04999923706055,45.400001525878906,45.900001525878906,12418700,35.30110168457031
2017-12-14,45.810001373291016,46.16999816894531,45.79999923706055,46.029998779296875,9029000,35.40107727050781
2017-12-15,46.290000915527344,46.41999816894531,46.040000915527344,46.189998626708984,21181600,35.52413558959961
2017-12-18,46.20000076293945,46.380001068115234,45.90999984741211,45.93000030517578,10156800,35.32417297363281
2017-12-19,46.040000915527344,46.380001068115234,45.90999984741211,46.130001068115234,8253200,35.47798156738281
2017-12-20,46.209999084472656,46.29999923706055,45.959999084472656,46.08000183105469,7311000,35.43953323364258
2017-12-21,46.13999938964844,46.220001220703125,45.560001373291016,45.599998474121094,9657100,35.07036590576172
2017-12-22,45.689998626708984,45.72999954223633,45.54999923706055,45.59000015258789,5406300,35.06268310546875
2017-12-26,45.70000076293945,45.86000061035156,45.61000061035156,45.810001373291016,6100400,35.23188781738281
2017-12-27,45.900001525878906,45.939998626708984,45.720001220703125,45.93000030517578,5660600,35.32417297363281
2017-12-28,45.90999984741211,45.9900016784668,45.63999938964844,45.720001220703125,6538900,35.16266632080078
2017-12-29,45.70000076293945,46.18000030517578,45.689998626708984,45.880001068115234,8371500,35.285709381103516
2018-01-02,45.90999984741211,45.939998626708984,45.5099983215332,45.540000915527344,10872200,35.02421188354492
2018-01-03,45.4900016784668,45.689998626708984,45.34000015258789,45.439998626708984,12635600,34.94731521606445
2018-01-04,45.560001373291016,46.220001220703125,45.45000076293945,46.08000183105469,12709400,35.43953323364258
2018-01-05,46.02000045776367,46.20000076293945,45.790000915527344,46.06999969482422,13113100,35.43183517456055
2018-01-08,45.95000076293945,46.099998474121094,45.880001068115234,46.0,7068600,35.37800979614258
2018-01-09,46.0,46.36000061035156,45.939998626708984,46.22999954223633,9962400,35.55488967895508
2018-01-10,46.22999954223633,46.2599983215332,45.93000030517578,46.06999969482422,10700700,35.43183517456055
2018-01-11,46.22999954223633,46.22999954223633,45.86000061035156,46.040000915527344,7583200,35.40876388549805
2018-01-12,46.279998779296875,46.38999938964844,46.029998779296875,46.150001525878906,14570100,35.49336624145508
2018-01-16,46.150001525878906,46.619998931884766,46.13999938964844,46.529998779296875,16459300,35.78561782836914
2018-01-17,46.58000183105469,47.0,46.54999923706055,46.81999969482422,12143100,36.008644104003906
2018-01-18,46.75,47.06999969482422,46.61000061035156,46.880001068115234,11952900,36.054805755615234
2018-01-19,46.9900016784668,47.25,46.869998931884766,47.15999984741211,16187400,36.2701530456543
2018-01-22,47.13999938964844,47.5,47.09000015258789,47.380001068115234,9577400,36.43934631347656
2018-01-23,47.209999084472656,47.70000076293945,47.130001068115234,47.45000076293945,11463700,36.49317169189453
2018-01-24,47.529998779296875,47.95000076293945,47.47999954223633,47.83000183105469,15964500,36.785430908203125
2018-01-25,47.70000076293945,48.0,47.70000076293945,47.84000015258789,11755000,36.79313659667969
2018-01-26,47.779998779296875,48.619998931884766,47.7400016784668,48.529998779296875,16671200,37.323787689208984
2018-01-29,48.209999084472656,48.459999084472656,47.58000183105469,47.70000076293945,11662600,36.685455322265625
2018-01-30,47.72999954223633,48.15999984741211,47.400001525878906,47.40999984741211,12404800,36.462425231933594
2018-01-31,47.45000076293945,47.900001525878906,47.369998931884766,47.59000015258789,10960100,36.6008415222168
2018-02-01,47.40999984741211,47.72999954223633,47.11000061035156,47.45000076293945,10279400,36.49317169189453
2018-02-02,47.349998474121094,47.40999984741211,46.630001068115234,46.72999954223633,12912300,35.93943405151367
2018-02-05,46.650001525878906,46.91999816894531,44.40999984741211,44.88999938964844,23261500,34.52432632446289
2018-02-06,43.869998931884766,44.7400016784668,43.439998626708984,44.66999816894531,25184300,34.35511016845703
2018-02-07,44.58000183105469,45.5,44.279998779296875,44.560001373291016,18041600,34.2705192565918
2018-02-08,44.619998931884766,44.619998931884766,43.06999969482422,43.099998474121094,23295300,33.14765930175781
2018-02-09,43.36000061035156,43.459999084472656,42.189998626708984,43.130001068115234,22853100,33.17073059082031
2018-02-12,43.560001373291016,44.22999954223633,43.369998931884766,43.970001220703125,14689000,33.81675720214844
2018-02-13,43.91999816894531,44.40999984741211,43.689998626708984,44.189998626708984,13163200,33.98595428466797
2018-02-14,44.02000045776367,44.189998626708984,43.630001068115234,44.099998474121094,13457900,33.9167366027832
2018-02-15,44.25,44.83000183105469,44.119998931884766,44.779998779296875,13467300,34.43971252441406
2018-02-16,45.56999969482422,45.63999938964844,44.720001220703125,44.97999954223633,17202300,34.593536376953125
2018-02-20,44.75,44.83000183105469,43.939998626708984,43.9900016784668,14137300,33.8321418762207
2018-02-21,44.11000061035156,44.2599983215332,43.33000183105469,43.34000015258789,12792900,33.33223342895508
2018-02-22,43.43000030517578,43.81999969482422,43.220001220703125,43.52000045776367,12377800,33.470664978027344
2018-02-23,43.58000183105469,44.060001373291016,43.41999816894531,44.040000915527344,8277200,33.870601654052734
2018-02-26,44.22999954223633,44.38999938964844,43.810001373291016,44.029998779296875,12713300,33.862911224365234
2018-02-27,44.150001525878906,44.310001373291016,43.619998931884766,43.619998931884766,12774400,33.547576904296875
2018-02-28,43.83000183105469,43.90999984741211,43.220001220703125,43.220001220703125,11929400,33.239952087402344
2018-03-01,43.099998474121094,43.63999938964844,42.81999969482422,43.43000030517578,17746800,33.401451110839844
2018-03-02,43.25,43.79999923706055,43.2400016784668,43.720001220703125,14050100,33.62448501586914
2018-03-05,43.56999969482422,43.939998626708984,43.5,43.88999938964844,11992700,33.755226135253906
2018-03-06,43.95000076293945,44.04999923706055,43.59000015258789,43.93000030517578,10010500,33.7859992980957
2018-03-07,43.59000015258789,43.91999816894531,43.470001220703125,43.81999969482422,10881700,33.701393127441406
2018-03-08,43.900001525878906,44.459999084472656,43.79999923706055,44.45000076293945,12361100,34.185916900634766
2018-03-09,44.56999969482422,44.81999969482422,44.38999938964844,44.81999969482422,9778600,34.47048568725586
2018-03-12,44.95000076293945,45.09000015258789,44.33000183105469,44.529998779296875,11857700,34.24744415283203
2018-03-13,44.66999816894531,44.83000183105469,44.400001525878906,44.56999969482422,11342100,34.2782096862793
2018-03-14,44.380001068115234,44.43000030517578,43.72999954223633,43.779998779296875,15321200,33.967857360839844
2018-03-15,43.880001068115234,44.0,43.54999923706055,43.66999816894531,12456700,33.88250732421875
2018-03-16,43.70000076293945,44.02000045776367,43.45000076293945,43.459999084472656,26603300,33.71958541870117
2018-03-19,43.459999084472656,43.709999084472656,43.18000030517578,43.2599983215332,12380300,33.56439208984375
2018-03-20,43.31999969482422,43.47999954223633,43.0099983215332,43.15999984741211,13559800,33.48682403564453
2018-03-21,43.130001068115234,43.45000076293945,42.790000915527344,43.0,13054000,33.36266326904297
2018-03-22,42.880001068115234,43.369998931884766,42.70000076293945,42.7599983215332,12274100,33.17646026611328
2018-03-23,42.81999969482422,43.15999984741211,42.290000915527344,42.33000183105469,13475200,32.842838287353516
2018-03-26,42.61000061035156,42.810001373291016,42.25,42.689998626708984,11276100,33.12215042114258
2018-03-27,42.70000076293945,43.310001373291016,42.529998779296875,42.88999938964844,11627000,33.27732849121094
2018-03-28,43.0,43.70000076293945,43.0,43.31999969482422,16277400,33.6109504699707
2018-03-29,43.540000915527344,43.91999816894531,43.290000915527344,43.43000030517578,10450500,33.69630813598633
2018-04-02,43.439998626708984,43.5,42.470001220703125,42.66999816894531,14207900,33.10663604736328
2018-04-03,42.97999954223633,43.540000915527344,42.84000015258789,43.380001068115234,15484600,33.65750503540039
2018-04-04,43.13999938964844,44.400001525878906,43.11000061035156,44.2400016784668,13563300,34.32476043701172
2018-04-05,44.279998779296875,44.61000061035156,43.939998626708984,44.400001525878906,11707800,34.448909759521484
2018-04-06,44.279998779296875,44.52000045776367,43.709999084472656,43.91999816894531,11495100,34.07647705078125
2018-04-09,44.029998779296875,44.310001373291016,43.779998779296875,43.83000183105469,11913400,34.006649017333984
2018-04-10,44.06999969482422,44.18000030517578,43.720001220703125,43.9900016784668,10379500,34.130794525146484
2018-04-11,43.810001373291016,44.13999938964844,43.7599983215332,43.9900016784668,8424300,34.130794525146484
2018-04-12,44.08000183105469,44.40999984741211,43.95000076293945,44.029998779296875,8476400,34.161834716796875
2018-04-13,44.189998626708984,44.689998626708984,44.13999938964844,44.5099983215332,10774200,34.53424835205078
2018-04-16,44.650001525878906,44.88999938964844,44.400001525878906,44.68000030517578,8962100,34.6661491394043
2018-04-17,44.95000076293945,45.029998779296875,44.650001525878906,44.880001068115234,8406400,34.821319580078125
2018-04-18,44.900001525878906,44.970001220703125,44.33000183105469,44.5099983215332,7429000,34.53424835205078
2018-04-19,44.34000015258789,44.470001220703125,44.02000045776367,44.310001373291016,10370400,34.37908172607422
2018-04-20,44.310001373291016,44.40999984741211,43.58000183105469,43.7400016784668,14690700,33.93682861328125
2018-04-23,43.7400016784668,43.9900016784668,43.560001373291016,43.97999954223633,11878500,34.123023986816406
2018-04-24,43.97999954223633,44.099998474121094,42.72999954223633,43.06999969482422,18523900,33.4169921875
2018-04-25,42.7400016784668,42.88999938964844,41.90999984741211,42.43000030517578,20774700,32.92042922973633
2018-04-26,42.400001525878906,43.099998474121094,42.2599983215332,42.75,13561000,33.168704986572266
2018-04-27,42.72999954223633,43.34000015258789,42.709999084472656,43.310001373291016,9777900,33.60320281982422
2018-04-30,43.5,43.689998626708984,42.970001220703125,43.209999084472656,16037700,33.52561569213867
2018-05-01,42.959999084472656,42.9900016784668,42.18000030517578,42.59000015258789,11514200,33.0445671081543
2018-05-02,42.400001525878906,42.59000015258789,41.939998626708984,42.060001373291016,13736400,32.63335418701172
2018-05-03,42.220001220703125,42.400001525878906,41.52000045776367,41.88999938964844,18352200,32.50144958496094
2018-05-04,41.790000915527344,42.5,41.77000045776367,42.36000061035156,10946200,32.86612319946289
2018-05-07,42.34000015258789,42.4900016784668,41.959999084472656,42.13999938964844,9336000,32.6954231262207
2018-05-08,41.970001220703125,42.09000015258789,41.689998626708984,41.810001373291016,15062200,32.43937683105469
2018-05-09,41.970001220703125,42.22999954223633,41.66999816894531,41.779998779296875,9295200,32.416099548339844
2018-05-10,41.9900016784668,42.36000061035156,41.939998626708984,42.18000030517578,7924200,32.726463317871094
2018-05-11,42.2400016784668,42.470001220703125,42.040000915527344,42.13999938964844,6331900,32.6954231262207
2018-05-14,42.25,42.31999969482422,41.900001525878906,42.040000915527344,10715500,32.61783981323242
2018-05-15,41.779998779296875,41.91999816894531,41.45000076293945,41.720001220703125,16449700,32.36954879760742
2018-05-16,41.7400016784668,41.939998626708984,41.540000915527344,41.54999923706055,11590500,32.23765182495117
2018-05-17,42.0099983215332,42.349998474121094,41.869998931884766,42.29999923706055,14857400,32.81956481933594
2018-05-18,42.29999923706055,42.380001068115234,42.08000183105469,42.18000030517578,11950200,32.726463317871094
2018-05-21,42.310001373291016,42.52000045776367,42.27000045776367,42.40999984741211,9110200,32.904903411865234
2018-05-22,42.5,42.599998474121094,42.209999084472656,42.25,8222900,32.78078079223633
2018-05-23,42.25,42.45000076293945,41.93000030517578,42.400001525878906,8971400,32.89714813232422
2018-05-24,42.400001525878906,42.470001220703125,42.189998626708984,42.31999969482422,9269600,32.835079193115234
2018-05-25,42.34000015258789,42.58000183105469,42.20000076293945,42.400001525878906,8806500,32.89714813232422
2018-05-29,42.119998931884766,42.849998474121094,42.099998474121094,42.68000030517578,14826900,33.11439514160156
2018-05-30,42.77000045776367,43.279998779296875,42.70000076293945,43.130001068115234,10114200,33.46355438232422
2018-05-31,43.20000076293945,43.209999084472656,42.68000030517578,43.0,15571300,33.36266326904297
2018-06-01,43.099998474121094,43.31999969482422,43.040000915527344,43.119998931884766,10664700,33.455787658691406
2018-06-04,43.36000061035156,43.59000015258789,43.290000915527344,43.4900016784668,11727600,33.742855072021484
2018-06-05,43.5,43.540000915527344,43.099998474121094,43.11000061035156,9975900,33.44801712036133
2018-06-06,43.060001373291016,43.459999084472656,43.040000915527344,43.459999084472656,9202900,33.71958541870117
2018-06-07,43.33000183105469,43.72999954223633,43.33000183105469,43.439998626708984,11948100,33.70406723022461
2018-06-08,43.56999969482422,44.0,43.560001373291016,43.95000076293945,12078800,34.09975051879883
2018-06-11,43.95000076293945,44.25,43.88999938964844,44.130001068115234,7526100,34.239418029785156
2018-06-12,44.130001068115234,44.41999816894531,44.08000183105469,44.40999984741211,8243300,34.4566650390625
2018-06-13,44.349998474121094,44.52000045776367,44.150001525878906,44.18000030517578,16745000,34.27821350097656
2018-06-14,43.75,43.849998474121094,43.52000045776367,43.58000183105469,12696200,34.11382293701172
2018-06-15,43.560001373291016,44.150001525878906,43.45000076293945,44.119998931884766,21562500,34.53652572631836
2018-06-18,43.880001068115234,43.959999084472656,43.400001525878906,43.54999923706055,12161900,34.09033966064453
2018-06-19,43.29999923706055,43.75,43.20000076293945,43.599998474121094,12936400,34.12947463989258
2018-06-20,43.619998931884766,43.779998779296875,43.22999954223633,43.2599983215332,10893700,33.86333084106445
2018-06-21,43.27000045776367,43.29999923706055,42.959999084472656,43.09000015258789,10465200,33.73025894165039
2018-06-22,43.150001525878906,43.40999984741211,43.08000183105469,43.25,14924400,33.85550308227539
2018-06-25,43.15999984741211,43.75,43.15999984741211,43.58000183105469,12092400,34.11382293701172
2018-06-26,43.560001373291016,43.84000015258789,43.279998779296875,43.33000183105469,13974700,33.91813278198242
2018-06-27,43.33000183105469,43.61000061035156,42.9900016784668,43.06999969482422,15332600,33.7146110534668
2018-06-28,43.2400016784668,43.68000030517578,43.16999816894531,43.470001220703125,12668900,34.027713775634766
2018-06-29,43.56999969482422,44.099998474121094,43.310001373291016,43.86000061035156,11485600,34.33300018310547
2018-07-02,43.779998779296875,44.15999984741211,43.58000183105469,43.75,9232500,34.246891021728516
2018-07-03,44.060001373291016,44.33000183105469,43.9900016784668,43.9900016784668,8214300,34.43476867675781
2018-07-05,44.15999984741211,44.66999816894531,44.130001068115234,44.65999984741211,11653000,34.959232330322266
2018-07-06,44.66999816894531,44.939998626708984,44.58000183105469,44.63999938964844,8733900,34.943580627441406
2018-07-09,44.540000915527344,44.72999954223633,44.34000015258789,44.400001525878906,7373100,34.75571823120117
2018-07-10,44.5099983215332,45.0,44.5,44.970001220703125,10606100,35.2018928527832
2018-07-11,44.9900016784668,45.0,44.63999938964844,44.790000915527344,7715600,35.060997009277344
2018-07-12,44.83000183105469,44.959999084472656,44.4900016784668,44.66999816894531,6331600,34.967044830322266
2018-07-13,44.70000076293945,44.779998779296875,44.470001220703125,44.7400016784668,5585900,35.02184295654297
2018-07-16,44.72999954223633,44.79999923706055,44.529998779296875,44.72999954223633,5831400,35.0140380859375
2018-07-17,44.75,45.38999938964844,44.68000030517578,45.25,11592200,35.42108154296875
2018-07-18,45.189998626708984,45.290000915527344,44.84000015258789,45.119998931884766,7351600,35.31930923461914
2018-07-19,44.9900016784668,45.43000030517578,44.91999816894531,45.11000061035156,10097500,35.31148910522461
2018-07-20,45.02000045776367,45.279998779296875,44.900001525878906,45.279998779296875,8588400,35.444549560546875
2018-07-23,45.279998779296875,45.36000061035156,44.77000045776367,44.95000076293945,9055700,35.186241149902344
2018-07-24,44.779998779296875,45.27000045776367,44.61000061035156,45.2599983215332,13786100,35.42890930175781
2018-07-25,46.0,46.58000183105469,45.75,46.09000015258789,21330600,36.07862091064453
2018-07-26,46.36000061035156,46.59000015258789,46.20000076293945,46.2400016784668,12673100,36.19602966308594
2018-07-27,46.31999969482422,46.5,46.060001373291016,46.209999084472656,10516900,36.17255783081055
2018-07-30,46.099998474121094,46.439998626708984,46.04999923706055,46.22999954223633,8967900,36.188209533691406
2018-07-31,46.400001525878906,46.66999816894531,46.310001373291016,46.630001068115234,12438800,36.501319885253906
2018-08-01,46.45000076293945,46.4900016784668,46.16999816894531,46.38999938964844,9904100,36.31345748901367
2018-08-02,46.47999954223633,46.630001068115234,46.18000030517578,46.18000030517578,12009700,36.14906311035156
2018-08-03,46.22999954223633,46.7599983215332,46.13999938964844,46.619998931884766,11462800,36.493492126464844
2018-08-06,46.599998474121094,46.869998931884766,46.54999923706055,46.650001525878906,10056100,36.5169792175293
2018-08-07,46.52000045776367,46.61000061035156,46.130001068115234,46.5,8632900,36.39955139160156
2018-08-08,46.4900016784668,46.560001373291016,46.119998931884766,46.150001525878906,6810000,36.12559127807617
2018-08-09,46.25,46.41999816894531,46.08000183105469,46.349998474121094,8924100,36.28213882446289
2018-08-10,46.209999084472656,46.41999816894531,45.970001220703125,46.08000183105469,7535400,36.07079315185547
2018-08-13,46.04999923706055,46.130001068115234,45.70000076293945,45.83000183105469,8143400,35.87509536743164
2018-08-14,45.90999984741211,46.099998474121094,45.869998931884766,45.88999938964844,6846100,35.922054290771484
2018-08-15,45.77000045776367,46.150001525878906,45.650001525878906,46.08000183105469,9686400,36.07079315185547
2018-08-16,46.11000061035156,46.380001068115234,45.970001220703125,46.220001220703125,10600700,36.180381774902344
2018-08-17,46.290000915527344,46.72999954223633,46.2400016784668,46.599998474121094,8885700,36.47784423828125
2018-08-20,46.68000030517578,46.869998931884766,46.59000015258789,46.72999954223633,6392000,36.5796012878418
2018-08-21,46.72999954223633,46.75,46.209999084472656,46.220001220703125,13986300,36.180381774902344
2018-08-22,46.34000015258789,46.380001068115234,45.91999816894531,45.93000030517578,7159100,35.953369140625
2018-08-23,45.88999938964844,46.08000183105469,45.689998626708984,45.70000076293945,13144900,35.773338317871094
2018-08-24,45.650001525878906,45.79999923706055,45.58000183105469,45.630001068115234,10952900,35.718536376953125
2018-08-27,46.04999923706055,46.04999923706055,45.560001373291016,45.689998626708984,9581200,35.76551055908203
2018-08-28,45.650001525878906,45.72999954223633,45.279998779296875,45.369998931884766,8476800,35.515010833740234
2018-08-29,45.25,45.41999816894531,45.220001220703125,45.33000183105469,12410900,35.48369598388672
2018-08-30,45.279998779296875,45.31999969482422,44.88999938964844,44.95000076293945,9716500,35.186241149902344
2018-08-31,45.0,45.06999969482422,44.38999938964844,44.56999969482422,19834100,34.8887825012207
2018-09-04,44.599998474121094,44.900001525878906,44.5099983215332,44.7599983215332,11138500,35.037513732910156
2018-09-05,44.65999984741211,45.41999816894531,44.65999984741211,45.380001068115234,10554900,35.52284240722656
2018-09-06,45.400001525878906,46.0,45.29999923706055,45.77000045776367,11439400,35.828125
2018-09-07,45.599998474121094,45.81999969482422,45.279998779296875,45.720001220703125,10208100,35.788997650146484
2018-09-10,45.90999984741211,46.310001373291016,45.79999923706055,46.060001373291016,8568900,36.05513381958008
2018-09-11,46.099998474121094,46.150001525878906,45.880001068115234,46.02000045776367,9278300,36.023826599121094
2018-09-12,46.15999984741211,46.29999923706055,46.02000045776367,46.2400016784668,13216400,36.19602966308594
2018-09-13,46.0099983215332,46.119998931884766,45.709999084472656,45.83000183105469,8294800,36.180240631103516
2018-09-14,45.91999816894531,46.029998779296875,45.61000061035156,45.9900016784668,7612900,36.30656051635742
2018-09-17,46.0,46.33000183105469,45.90999984741211,46.31999969482422,8527300,36.567081451416016
2018-09-18,46.38999938964844,46.529998779296875,45.93000030517578,45.93000030517578,9847400,36.25918960571289
2018-09-19,46.0,46.11000061035156,45.869998931884766,45.959999084472656,7119000,36.282875061035156
2018-09-20,46.220001220703125,46.68000030517578,46.150001525878906,46.63999938964844,9736700,36.819705963134766
2018-09-21,46.63999938964844,46.689998626708984,46.380001068115234,46.58000183105469,19240300,36.77233123779297
2018-09-24,46.4900016784668,46.529998779296875,45.84000015258789,46.06999969482422,10778900,36.36970901489258
2018-09-25,46.060001373291016,46.18000030517578,45.61000061035156,45.68000030517578,7919100,36.061832427978516
2018-09-26,45.77000045776367,46.06999969482422,45.56999969482422,45.849998474121094,10162600,36.19602584838867
2018-09-27,45.72999954223633,46.18000030517578,45.68000030517578,46.0099983215332,10826900,36.32233810424805
2018-09-28,46.0,46.189998626708984,45.970001220703125,46.189998626708984,9071900,36.46444320678711
2018-10-01,46.16999816894531,46.349998474121094,46.04999923706055,46.22999954223633,9364700,36.496028900146484
2018-10-02,46.279998779296875,46.560001373291016,46.060001373291016,46.5099983215332,7462700,36.71706771850586
2018-10-03,46.459999084472656,46.54999923706055,45.79999923706055,45.869998931884766,10542300,36.211822509765625
2018-10-04,45.65999984741211,45.900001525878906,45.43000030517578,45.849998474121094,9582300,36.19602584838867
2018-10-05,45.939998626708984,46.15999984741211,45.689998626708984,45.880001068115234,8734100,36.219730377197266
2018-10-08,45.9900016784668,46.58000183105469,45.970001220703125,46.47999954223633,9808100,36.693389892578125
2018-10-09,46.380001068115234,46.54999923706055,46.220001220703125,46.38999938964844,10824500,36.622337341308594
2018-10-10,46.29999923706055,46.70000076293945,45.66999816894531,45.68000030517578,13917000,36.061832427978516
2018-10-11,45.79999923706055,45.970001220703125,44.5,44.63999938964844,17677900,35.240806579589844
2018-10-12,44.47999954223633,44.880001068115234,44.25,44.68000030517578,12420100,35.272396087646484
2018-10-15,44.63999938964844,45.27000045776367,44.59000015258789,44.90999984741211,11608500,35.453956604003906
2018-10-16,45.02000045776367,45.599998474121094,44.86000061035156,45.4900016784668,10442500,35.911834716796875
2018-10-17,45.40999984741211,45.9900016784668,45.36000061035156,45.86000061035156,11055800,36.20393371582031
2018-10-18,45.900001525878906,46.08000183105469,45.459999084472656,45.61000061035156,12716900,36.00657272338867
2018-10-19,45.83000183105469,46.4900016784668,45.83000183105469,46.33000183105469,13989200,36.57495880126953
2018-10-22,46.369998931884766,46.459999084472656,45.810001373291016,45.970001220703125,14283600,36.29076385498047
2018-10-23,45.619998931884766,46.459999084472656,45.45000076293945,46.36000061035156,17483900,36.5986442565918
2018-10-24,46.33000183105469,47.38999938964844,46.2400016784668,46.72999954223633,21626000,36.890750885009766
2018-10-25,46.650001525878906,46.7400016784668,46.119998931884766,46.5099983215332,14220200,36.71706771850586
2018-10-26,46.369998931884766,46.47999954223633,45.43000030517578,45.91999816894531,21458000,36.25128936767578
2018-10-29,46.150001525878906,46.560001373291016,46.04999923706055,46.459999084472656,20932200,36.67758560180664
2018-10-30,46.619998931884766,47.7400016784668,46.040000915527344,47.630001068115234,20895400,37.60124206542969
2018-10-31,47.5,48.08000183105469,47.220001220703125,47.880001068115234,25309400,37.79860305786133
2018-11-01,47.810001373291016,48.150001525878906,47.29999923706055,47.7400016784668,16494500,37.688087463378906
2018-11-02,47.81999969482422,48.0,47.439998626708984,48.0,17584900,37.893341064453125
2018-11-05,48.0,48.779998779296875,47.91999816894531,48.689998626708984,16543500,38.43806076049805
2018-11-06,48.650001525878906,49.130001068115234,48.599998474121094,49.11000061035156,14373400,38.769630432128906
2018-11-07,49.38999938964844,49.54999923706055,49.029998779296875,49.369998931884766,12239700,38.974884033203125
2018-11-08,49.119998931884766,49.369998931884766,49.099998474121094,49.33000183105469,9762800,38.94330596923828
2018-11-09,49.38999938964844,49.88999938964844,49.36000061035156,49.68000030517578,12398100,39.21961212158203
2018-11-12,49.61000061035156,50.2400016784668,49.540000915527344,49.869998931884766,13918300,39.369606018066406
2018-11-13,49.810001373291016,50.0,49.58000183105469,49.86000061035156,13872900,39.36172103881836
2018-11-14,49.849998474121094,49.939998626708984,49.59000015258789,49.7599983215332,12106800,39.28276443481445
2018-11-15,49.65999984741211,49.75,49.27000045776367,49.7400016784668,12080100,39.26697540283203
2018-11-16,49.65999984741211,50.25,49.630001068115234,50.16999816894531,13405800,39.606441497802734
2018-11-19,50.310001373291016,50.7599983215332,50.25,50.5099983215332,13575800,39.874839782714844
2018-11-20,50.81999969482422,50.84000015258789,49.209999084472656,49.380001068115234,16255300,38.98277282714844
2018-11-21,49.22999954223633,49.439998626708984,48.59000015258789,48.72999954223633,13559200,38.46963882446289
2018-11-23,48.75,49.22999954223633,48.54999923706055,49.02000045776367,4792500,38.69857406616211
2018-11-26,49.0099983215332,49.22999954223633,48.66999816894531,48.869998931884766,9341900,38.58015060424805
2018-11-27,48.880001068115234,49.40999984741211,48.72999954223633,49.369998931884766,9180700,38.974884033203125
2018-11-28,49.209999084472656,49.720001220703125,49.209999084472656,49.709999084472656,11368700,39.2432975769043
2018-11-29,49.279998779296875,49.43000030517578,48.970001220703125,48.97999954223633,11564300,38.972755432128906
2018-11-30,49.0,50.4900016784668,48.9900016784668,50.400001525878906,25538200,40.10263442993164
2018-12-03,49.869998931884766,49.959999084472656,48.88999938964844,49.689998626708984,14877200,39.53769302368164
2018-12-04,49.970001220703125,50.5099983215332,49.5,49.58000183105469,19059900,39.450172424316406
2018-12-06,49.5099983215332,49.630001068115234,48.65999984741211,49.380001068115234,17674900,39.29103469848633
2018-12-07,49.56999969482422,49.68000030517578,48.880001068115234,49.09000015258789,15565700,39.06028366088867
2018-12-10,49.45000076293945,49.45000076293945,48.470001220703125,49.2400016784668,12331100,39.17964172363281
2018-12-11,49.59000015258789,50.0099983215332,49.18000030517578,49.540000915527344,18083600,39.418331146240234
2018-12-12,49.95000076293945,50.02000045776367,49.189998626708984,49.220001220703125,12316900,39.16373062133789
2018-12-13,48.720001220703125,49.61000061035156,48.56999969482422,49.470001220703125,13766200,39.36265563964844
2018-12-14,49.22999954223633,49.52000045776367,49.02000045776367,49.34000015258789,13835900,39.25920104980469
2018-12-17,49.34000015258789,49.529998779296875,48.02000045776367,48.33000183105469,18482700,38.455570220947266
2018-12-18,48.61000061035156,48.83000183105469,47.849998474121094,48.31999969482422,14765700,38.447601318359375
2018-12-19,48.2400016784668,48.7599983215332,47.619998931884766,47.900001525878906,17903800,38.113426208496094
2018-12-20,47.810001373291016,48.130001068115234,47.099998474121094,47.540000915527344,21130000,37.826969146728516
2018-12-21,47.2599983215332,48.75,47.22999954223633,47.56999969482422,32477700,37.85084533691406
2018-12-24,47.619998931884766,47.869998931884766,45.83000183105469,45.959999084472656,10733700,36.56977462768555
2018-12-26,45.880001068115234,46.959999084472656,45.65999984741211,46.939998626708984,14342600,37.34955596923828
2018-12-27,46.7400016784668,47.54999923706055,46.029998779296875,47.529998779296875,16966500,37.81901931762695
2018-12-28,47.88999938964844,48.0099983215332,47.029998779296875,47.20000076293945,13218200,37.55644226074219
2018-12-31,47.4900016784668,47.540000915527344,46.959999084472656,47.349998474121094,10576300,37.67578125
2019-01-02,46.939998626708984,47.220001220703125,46.560001373291016,46.93000030517578,11603700,37.34160614013672
2019-01-03,46.81999969482422,47.369998931884766,46.529998779296875,46.63999938964844,14714400,37.11085510253906
2019-01-04,46.75,47.56999969482422,46.63999938964844,47.56999969482422,13013700,37.85084533691406
2019-01-07,47.56999969482422,47.75,46.900001525878906,46.95000076293945,13135500,37.35750961303711
2019-01-08,47.25,47.56999969482422,47.040000915527344,47.47999954223633,15420700,37.77922058105469
2019-01-09,47.08000183105469,47.279998779296875,46.43000030517578,46.56999969482422,18032500,37.05514907836914
2019-01-10,46.65999984741211,47.09000015258789,46.34000015258789,47.06999969482422,15976600,37.4529914855957
2019-01-11,47.290000915527344,47.36000061035156,46.970001220703125,47.34000015258789,11088600,37.66782760620117
2019-01-14,47.25,47.400001525878906,46.9900016784668,47.150001525878906,11514300,37.51664733886719
2019-01-15,46.88999938964844,47.599998474121094,46.810001373291016,47.56999969482422,11342900,37.85084533691406
2019-01-16,47.400001525878906,47.470001220703125,46.86000061035156,46.91999816894531,16907800,37.33363723754883
2019-01-17,46.91999816894531,47.13999938964844,46.880001068115234,47.060001373291016,12044600,37.44502639770508
2019-01-18,47.25,47.689998626708984,47.119998931884766,47.61000061035156,12760700,37.88267135620117
2019-01-22,47.70000076293945,47.790000915527344,47.209999084472656,47.720001220703125,11700400,37.97019577026367
2019-01-23,47.81999969482422,48.290000915527344,47.650001525878906,48.27000045776367,12058300,38.40781021118164
2019-01-24,48.11000061035156,48.11000061035156,47.380001068115234,47.689998626708984,10272000,37.94632339477539
2019-01-25,47.880001068115234,48.029998779296875,47.2400016784668,47.369998931884766,12066500,37.69170379638672
2019-01-28,47.220001220703125,47.29999923706055,46.939998626708984,47.16999816894531,9966900,37.53255844116211
2019-01-29,47.20000076293945,47.630001068115234,47.130001068115234,47.400001525878906,11998600,37.71556854248047
2019-01-30,47.25,47.88999938964844,47.189998626708984,47.86000061035156,12952500,38.081600189208984
2019-01-31,47.849998474121094,48.779998779296875,47.470001220703125,48.130001068115234,32181500,38.29642868041992
2019-02-01,48.47999954223633,48.779998779296875,48.400001525878906,48.70000076293945,19130100,38.749969482421875
2019-02-04,48.70000076293945,49.45000076293945,48.540000915527344,49.25,15105700,39.187599182128906
2019-02-05,49.33000183105469,49.470001220703125,49.099998474121094,49.2599983215332,12651900,39.19554901123047
2019-02-06,49.209999084472656,49.36000061035156,49.02000045776367,49.2599983215332,8689100,39.19554901123047
2019-02-07,49.16999816894531,49.459999084472656,49.0,49.41999816894531,10047800,39.32286071777344
2019-02-08,49.369998931884766,49.5,49.11000061035156,49.5,9813300,39.38651657104492
2019-02-11,49.56999969482422,49.880001068115234,49.47999954223633,49.61000061035156,9369300,39.47403335571289
2019-02-12,49.689998626708984,49.79999923706055,49.459999084472656,49.65999984741211,10983300,39.513816833496094
2019-02-13,49.61000061035156,49.939998626708984,49.560001373291016,49.790000915527344,12748800,39.61726760864258
2019-02-14,46.70000076293945,46.959999084472656,45.5,45.59000015258789,58905400,36.2753791809082
2019-02-15,45.900001525878906,46.2599983215332,45.20000076293945,45.2400016784668,35701600,35.99687576293945
2019-02-19,45.31999969482422,45.59000015258789,44.77000045776367,44.83000183105469,25511300,35.670654296875
2019-02-20,44.90999984741211,45.2400016784668,44.79999923706055,45.099998474121094,27464000,35.885494232177734
2019-02-21,45.0,45.90999984741211,44.959999084472656,45.86000061035156,23121200,36.49020767211914
2019-02-22,45.7599983215332,45.95000076293945,45.20000076293945,45.279998779296875,24728400,36.02870559692383
2019-02-25,45.439998626708984,45.56999969482422,44.84000015258789,44.939998626708984,23774400,35.7581787109375
2019-02-26,45.099998474121094,45.13999938964844,44.65999984741211,44.689998626708984,20463200,35.559261322021484
2019-02-27,44.599998474121094,45.02000045776367,44.41999816894531,44.939998626708984,17827500,35.7581787109375
2019-02-28,45.119998931884766,45.61000061035156,45.11000061035156,45.34000015258789,22533900,36.07646179199219
2019-03-01,45.470001220703125,45.63999938964844,45.20000076293945,45.380001068115234,16291600,36.10829162597656
2019-03-04,45.529998779296875,45.66999816894531,45.29999923706055,45.650001525878906,15973800,36.3231201171875
2019-03-05,45.650001525878906,45.70000076293945,45.400001525878906,45.599998474121094,13062300,36.28334426879883
2019-03-06,45.66999816894531,45.790000915527344,45.439998626708984,45.45000076293945,14232100,36.16398620605469
2019-03-07,45.4900016784668,45.529998779296875,45.130001068115234,45.279998779296875,12084000,36.02870559692383
2019-03-08,45.150001525878906,45.25,44.61000061035156,44.84000015258789,15579100,35.67861557006836
2019-03-11,45.13999938964844,46.2400016784668,45.099998474121094,46.18000030517578,22126900,36.74483871459961
2019-03-12,45.95000076293945,46.25,45.900001525878906,46.04999923706055,19348500,36.641387939453125
2019-03-13,46.130001068115234,46.34000015258789,45.90999984741211,46.220001220703125,16222500,36.77666473388672
2019-03-14,45.84000015258789,46.11000061035156,45.630001068115234,45.70000076293945,18504100,36.680355072021484
2019-03-15,45.720001220703125,45.900001525878906,45.13999938964844,45.29999923706055,47254500,36.359291076660156
2019-03-18,45.43000030517578,45.68000030517578,45.36000061035156,45.40999984741211,24006400,36.44758987426758
2019-03-19,45.54999923706055,45.689998626708984,45.34000015258789,45.560001373291016,14987000,36.5679817199707
2019-03-20,45.400001525878906,45.900001525878906,45.18000030517578,45.529998779296875,13376100,36.54389190673828
2019-03-21,45.529998779296875,45.7599983215332,45.439998626708984,45.5099983215332,20043000,36.527835845947266
2019-03-22,45.459999084472656,46.11000061035156,45.459999084472656,45.93000030517578,19055900,36.864952087402344
2019-03-25,45.86000061035156,46.20000076293945,45.790000915527344,46.029998779296875,11668200,36.94520950317383
2019-03-26,46.16999816894531,46.790000915527344,46.16999816894531,46.63999938964844,11434900,37.4348258972168
2019-03-27,46.650001525878906,46.90999984741211,46.33000183105469,46.61000061035156,11543600,37.41073989868164
2019-03-28,46.68000030517578,46.91999816894531,46.47999954223633,46.58000183105469,11121100,37.38667678833008
2019-03-29,46.66999816894531,46.90999984741211,46.47999954223633,46.86000061035156,16045600,37.611385345458984
2019-04-01,46.9900016784668,47.16999816894531,46.59000015258789,46.720001220703125,11522700,37.49903106689453
2019-04-02,46.75,46.93000030517578,46.56999969482422,46.56999969482422,8495000,37.378631591796875
2019-04-03,46.41999816894531,46.59000015258789,46.040000915527344,46.18000030517578,12854500,37.06561279296875
2019-04-04,46.34000015258789,46.540000915527344,46.11000061035156,46.47999954223633,7814900,37.30640411376953
2019-04-05,46.4900016784668,46.58000183105469,46.20000076293945,46.470001220703125,7677600,37.29838180541992
2019-04-08,46.540000915527344,46.56999969482422,46.27000045776367,46.54999923706055,9421300,37.36259078979492
2019-04-09,46.45000076293945,46.720001220703125,46.27000045776367,46.66999816894531,8641800,37.458900451660156
2019-04-10,46.84000015258789,47.0,46.560001373291016,46.63999938964844,8059900,37.4348258972168
2019-04-11,46.720001220703125,46.75,46.540000915527344,46.709999084472656,7352400,37.491004943847656
2019-04-12,46.66999816894531,46.93000030517578,46.56999969482422,46.7400016784668,10690000,37.515079498291016
2019-04-15,46.880001068115234,47.040000915527344,46.70000076293945,47.0,10261300,37.72377014160156
2019-04-16,47.04999923706055,47.099998474121094,46.70000076293945,46.95000076293945,10804600,37.683631896972656
2019-04-17,47.20000076293945,47.54999923706055,47.150001525878906,47.279998779296875,11849300,37.948509216308594
2019-04-18,47.33000183105469,47.58000183105469,47.27000045776367,47.47999954223633,12167000,38.10902404785156
2019-04-22,47.400001525878906,47.61000061035156,47.02000045776367,47.400001525878906,9834700,38.04482650756836
2019-04-23,48.09000015258789,48.720001220703125,47.54999923706055,48.209999084472656,25327800,38.69496154785156
2019-04-24,48.029998779296875,48.22999954223633,47.91999816894531,47.97999954223633,15997300,38.510345458984375
2019-04-25,47.7400016784668,47.88999938964844,47.470001220703125,47.84000015258789,11444400,38.39799118041992
2019-04-26,47.9900016784668,48.45000076293945,47.97999954223633,48.2599983215332,10154300,38.73508834838867
2019-04-29,48.16999816894531,48.45000076293945,48.11000061035156,48.41999816894531,9731500,38.863502502441406
2019-04-30,48.529998779296875,49.18000030517578,48.38999938964844,49.060001373291016,17912900,39.377193450927734
2019-05-01,48.95000076293945,49.08000183105469,48.54999923706055,48.59000015258789,10551200,38.99995040893555
2019-05-02,48.529998779296875,48.77000045776367,48.27000045776367,48.38999938964844,8724600,38.839439392089844
2019-05-03,48.599998474121094,48.959999084472656,48.52000045776367,48.720001220703125,7076900,39.10429763793945
2019-05-06,48.33000183105469,48.61000061035156,48.2599983215332,48.470001220703125,8657800,38.90364074707031
2019-05-07,48.22999954223633,48.290000915527344,47.77000045776367,48.0,12487500,38.52640151977539
2019-05-08,48.04999923706055,48.22999954223633,47.81999969482422,47.849998474121094,9281400,38.406005859375
2019-05-09,47.79999923706055,47.97999954223633,47.06999969482422,47.400001525878906,11450500,38.04482650756836
2019-05-10,47.40999984741211,48.29999923706055,47.400001525878906,48.189998626708984,9653800,38.67890167236328
2019-05-13,47.90999984741211,48.130001068115234,47.72999954223633,48.04999923706055,11911500,38.56653594970703
2019-05-14,48.529998779296875,49.31999969482422,48.349998474121094,48.689998626708984,16844200,39.080223083496094
2019-05-15,48.66999816894531,49.380001068115234,48.599998474121094,49.18000030517578,11422500,39.4735107421875
2019-05-16,49.27000045776367,49.65999984741211,49.209999084472656,49.58000183105469,17771300,39.794559478759766
2019-05-17,49.27000045776367,49.54999923706055,49.16999816894531,49.20000076293945,11257000,39.48956298828125
2019-05-20,49.040000915527344,49.13999938964844,48.7599983215332,48.849998474121094,13850500,39.20863723754883
2019-05-21,49.0,49.029998779296875,48.45000076293945,48.599998474121094,10587400,39.00797653198242
2019-05-22,48.779998779296875,49.709999084472656,48.720001220703125,49.650001525878906,16050400,39.85075378417969
2019-05-23,49.5,49.900001525878906,49.459999084472656,49.849998474121094,12199400,40.01127243041992
2019-05-24,49.81999969482422,49.88999938964844,49.529998779296875,49.61000061035156,6887600,39.818634033203125
2019-05-28,49.599998474121094,49.66999816894531,49.029998779296875,49.099998474121094,18614000,39.40929412841797
2019-05-29,48.7400016784668,49.029998779296875,48.40999984741211,48.61000061035156,12534600,39.01601028442383
2019-05-30,48.720001220703125,49.310001373291016,48.66999816894531,49.25,9087200,39.52969741821289
2019-05-31,49.0,49.310001373291016,48.779998779296875,49.130001068115234,11368600,39.433387756347656
2019-06-03,49.15999984741211,49.97999954223633,49.02000045776367,49.97999954223633,14167200,40.1156120300293
2019-06-04,50.0,50.279998779296875,49.619998931884766,50.0,12010600,40.13166427612305
2019-06-05,50.0099983215332,51.13999938964844,49.689998626708984,50.779998779296875,15837600,40.757720947265625
2019-06-06,50.90999984741211,51.540000915527344,50.59000015258789,51.400001525878906,15190400,41.25536346435547
2019-06-07,51.470001220703125,52.189998626708984,51.45000076293945,51.4900016784668,15293600,41.32760238647461
2019-06-10,51.540000915527344,51.540000915527344,51.09000015258789,51.380001068115234,9737400,41.239295959472656
2019-06-11,51.45000076293945,51.59000015258789,51.18000030517578,51.33000183105469,9915600,41.19917678833008
2019-06-12,51.5,52.13999938964844,51.470001220703125,51.63999938964844,11088100,41.44798278808594
2019-06-13,51.459999084472656,51.70000076293945,50.779998779296875,51.130001068115234,10353600,41.35901641845703
2019-06-14,51.04999923706055,51.529998779296875,51.04999923706055,51.310001373291016,8694300,41.50461196899414
2019-06-17,51.25,51.47999954223633,50.61000061035156,50.869998931884766,12322400,41.14869689941406
2019-06-18,51.25,51.29999923706055,50.529998779296875,50.63999938964844,9221100,40.962642669677734
2019-06-19,50.540000915527344,51.2400016784668,50.470001220703125,51.119998931884766,9414100,41.350914001464844
2019-06-20,51.5,51.790000915527344,51.349998474121094,51.65999984741211,10656600,41.787723541259766
2019-06-21,51.529998779296875,51.88999938964844,51.40999984741211,51.54999923706055,21264400,41.69874954223633
2019-06-24,51.7400016784668,52.20000076293945,51.70000076293945,51.91999816894531,10780000,41.99803924560547
2019-06-25,52.0,52.099998474121094,51.63999938964844,51.7599983215332,11519900,41.86861038208008
2019-06-26,51.52000045776367,51.63999938964844,51.09000015258789,51.119998931884766,12405100,41.350914001464844
2019-06-27,51.290000915527344,51.400001525878906,50.970001220703125,51.08000183105469,12374900,41.31856155395508
2019-06-28,51.27000045776367,51.400001525878906,50.52000045776367,50.91999816894531,16339900,41.18914031982422
2019-07-01,51.06999969482422,51.630001068115234,50.779998779296875,51.599998474121094,14976400,41.73919677734375
2019-07-02,51.779998779296875,52.04999923706055,51.54999923706055,51.97999954223633,8569200,42.046566009521484
2019-07-03,52.0,52.33000183105469,52.0,52.099998474121094,7253700,42.14363479614258
2019-07-05,51.88999938964844,52.119998931884766,51.47999954223633,52.11000061035156,8916300,42.15174102783203
2019-07-08,52.20000076293945,52.33000183105469,51.88999938964844,52.0,9495100,42.0627555847168
2019-07-09,51.720001220703125,51.970001220703125,51.43000030517578,51.59000015258789,10584900,41.73110580444336
2019-07-10,51.79999923706055,51.970001220703125,51.65999984741211,51.81999969482422,7620900,41.917137145996094
2019-07-11,51.9900016784668,52.060001373291016,51.65999984741211,52.040000915527344,10376500,42.09510803222656
2019-07-12,52.25,52.290000915527344,51.90999984741211,52.119998931884766,7347400,42.15982437133789
2019-07-15,52.279998779296875,52.290000915527344,51.869998931884766,52.130001068115234,5876100,42.167911529541016
2019-07-16,51.959999084472656,52.470001220703125,51.810001373291016,52.13999938964844,7132500,42.17599868774414
2019-07-17,52.220001220703125,52.2599983215332,52.0099983215332,52.18000030517578,8264200,42.208343505859375
2019-07-18,52.040000915527344,52.16999816894531,51.66999816894531,52.029998779296875,11911800,42.08702087402344
2019-07-19,52.13999938964844,52.150001525878906,51.369998931884766,51.38999938964844,10355500,41.56931686401367
2019-07-22,51.52000045776367,51.52000045776367,51.130001068115234,51.220001220703125,12090700,41.43180465698242
2019-07-23,53.25,54.63999938964844,52.7599983215332,54.33000183105469,33417900,43.947486877441406
2019-07-24,54.119998931884766,54.81999969482422,53.619998931884766,53.779998779296875,15633400,43.50259017944336
2019-07-25,53.630001068115234,53.79999923706055,52.720001220703125,53.06999969482422,19135000,42.92827606201172
2019-07-26,53.34000015258789,54.310001373291016,53.189998626708984,54.16999816894531,11451900,43.818058013916016
2019-07-29,54.16999816894531,54.29999923706055,53.900001525878906,53.9900016784668,12283900,43.67247009277344
2019-07-30,53.959999084472656,54.29999923706055,53.56999969482422,53.720001220703125,8127100,43.45405197143555
2019-07-31,53.5099983215332,53.5099983215332,52.040000915527344,52.630001068115234,16865500,42.57235336303711
2019-08-01,52.779998779296875,53.20000076293945,52.0099983215332,52.029998779296875,19527200,42.08702087402344
2019-08-02,51.90999984741211,52.72999954223633,51.90999984741211,52.33000183105469,13102300,42.329689025878906
2019-08-05,52.38999938964844,52.65999984741211,51.400001525878906,51.650001525878906,19986500,41.77962875366211
2019-08-06,51.869998931884766,52.7599983215332,51.61000061035156,52.27000045776367,19903100,42.28114700317383
2019-08-07,52.27000045776367,53.38999938964844,51.77000045776367,53.18000030517578,17937000,43.017250061035156
2019-08-08,53.209999084472656,53.779998779296875,52.849998474121094,53.689998626708984,10799000,43.42979049682617
2019-08-09,53.790000915527344,53.900001525878906,53.08000183105469,53.41999816894531,9260900,43.211387634277344
2019-08-12,53.279998779296875,53.439998626708984,52.9900016784668,53.20000076293945,6588600,43.03343963623047
2019-08-13,52.900001525878906,53.61000061035156,52.869998931884766,53.5,8581200,43.27609634399414
2019-08-14,53.34000015258789,53.970001220703125,52.970001220703125,52.9900016784668,17088900,42.86355972290039
2019-08-15,53.43000030517578,54.0,53.22999954223633,53.869998931884766,12393200,43.57539749145508
2019-08-16,53.97999954223633,54.4900016784668,53.95000076293945,54.40999984741211,14288700,44.01218795776367
2019-08-19,54.439998626708984,54.779998779296875,54.310001373291016,54.689998626708984,10936200,44.23869323730469
2019-08-20,54.619998931884766,54.68000030517578,53.84000015258789,53.880001068115234,8176700,43.583473205566406
2019-08-21,54.25,54.40999984741211,53.849998474121094,54.099998474121094,10886500,43.761436462402344
2019-08-22,54.119998931884766,54.63999938964844,54.099998474121094,54.4900016784668,7467900,44.07689666748047
2019-08-23,54.41999816894531,54.709999084472656,53.38999938964844,53.7400016784668,14160400,43.47023391723633
2019-08-26,54.0,54.540000915527344,53.72999954223633,54.540000915527344,9226900,44.117340087890625
2019-08-27,54.70000076293945,54.95000076293945,54.40999984741211,54.720001220703125,13537000,44.262962341308594
2019-08-28,54.65999984741211,55.150001525878906,54.41999816894531,55.11000061035156,10046400,44.57841873168945
2019-08-29,55.2599983215332,55.34000015258789,54.599998474121094,55.04999923706055,9262800,44.52989959716797
2019-08-30,55.15999984741211,55.220001220703125,54.810001373291016,55.040000915527344,8746700,44.52180862426758
2019-09-03,54.97999954223633,55.33000183105469,54.869998931884766,55.29999923706055,12991400,44.732112884521484
2019-09-04,55.349998474121094,55.91999816894531,55.29999923706055,55.77000045776367,10718100,45.1123046875
2019-09-05,55.75,55.77000045776367,55.029998779296875,55.119998931884766,13677000,44.58650588989258
2019-09-06,55.439998626708984,55.439998626708984,54.7599983215332,55.22999954223633,9093500,44.67549514770508
2019-09-09,55.029998779296875,55.08000183105469,54.36000061035156,54.52000045776367,10814900,44.10118103027344
2019-09-10,54.22999954223633,54.439998626708984,53.849998474121094,54.400001525878906,12038200,44.00410842895508
2019-09-11,54.290000915527344,54.79999923706055,53.970001220703125,54.77000045776367,9740400,44.30340576171875
2019-09-12,55.099998474121094,55.310001373291016,54.97999954223633,55.11000061035156,12357900,44.57841873168945
2019-09-13,54.47999954223633,54.790000915527344,54.06999969482422,54.2599983215332,11486100,44.211753845214844
2019-09-16,54.099998474121094,54.34000015258789,53.630001068115234,53.959999084472656,11172000,43.96731948852539
2019-09-17,54.099998474121094,54.70000076293945,53.959999084472656,54.2400016784668,11347400,44.19546127319336
2019-09-18,54.20000076293945,54.290000915527344,53.81999969482422,54.22999954223633,9700400,44.18730926513672
2019-09-19,54.22999954223633,54.599998474121094,54.130001068115234,54.52000045776367,7560300,44.423614501953125
2019-09-20,54.689998626708984,54.689998626708984,53.900001525878906,53.90999984741211,19211500,43.92658233642578
2019-09-23,53.90999984741211,54.36000061035156,53.880001068115234,54.13999938964844,6485300,44.113983154296875
2019-09-24,54.25,54.61000061035156,54.040000915527344,54.29999923706055,10093000,44.244354248046875
2019-09-25,54.439998626708984,54.47999954223633,54.0,54.16999816894531,10248400,44.138427734375
2019-09-26,54.470001220703125,54.58000183105469,54.130001068115234,54.38999938964844,10031200,44.317691802978516
2019-09-27,54.560001373291016,54.63999938964844,54.0,54.310001373291016,7939900,44.25249099731445
2019-09-30,54.150001525878906,54.68000030517578,54.150001525878906,54.439998626708984,9808700,44.358428955078125
2019-10-01,54.529998779296875,54.779998779296875,54.0099983215332,54.650001525878906,14261500,44.529537200927734
2019-10-02,54.209999084472656,54.439998626708984,52.900001525878906,53.08000183105469,14343600,43.25027847290039
2019-10-03,53.5,53.97999954223633,52.81999969482422,53.84000015258789,13817500,43.86954116821289
2019-10-04,54.0,54.540000915527344,53.88999938964844,54.540000915527344,9295400,44.439910888671875
2019-10-07,54.33000183105469,54.36000061035156,53.77000045776367,53.869998931884766,5964900,43.893985748291016
2019-10-08,53.880001068115234,54.06999969482422,53.45000076293945,53.58000183105469,13301900,43.657691955566406
2019-10-09,54.060001373291016,54.06999969482422,53.540000915527344,53.83000183105469,7135000,43.861385345458984
2019-10-10,53.54999923706055,53.880001068115234,53.36000061035156,53.65999984741211,8942900,43.722869873046875
2019-10-11,53.650001525878906,53.70000076293945,53.20000076293945,53.29999923706055,8981700,43.42953872680664
2019-10-14,53.4900016784668,53.68000030517578,53.220001220703125,53.29999923706055,7306300,43.42953872680664
2019-10-15,53.43000030517578,53.68000030517578,53.27000045776367,53.5099983215332,9564300,43.60065460205078
2019-10-16,53.459999084472656,53.56999969482422,53.130001068115234,53.4900016784668,10454800,43.584354400634766
2019-10-17,53.689998626708984,54.119998931884766,53.58000183105469,53.790000915527344,13190300,43.828800201416016
2019-10-18,55.0,55.38999938964844,54.45000076293945,54.779998779296875,18122400,44.635459899902344
2019-10-21,54.45000076293945,54.560001373291016,53.68000030517578,54.22999954223633,12778900,44.18730926513672
2019-10-22,54.22999954223633,54.41999816894531,53.7400016784668,53.849998474121094,9533400,43.877685546875
2019-10-23,54.060001373291016,54.65999984741211,54.0099983215332,54.63999938964844,8556600,44.52138900756836
2019-10-24,54.56999969482422,54.81999969482422,54.4900016784668,54.61000061035156,11051400,44.4969482421875
2019-10-25,54.54999923706055,54.560001373291016,53.66999816894531,53.75,9782400,43.796207427978516
2019-10-28,53.7400016784668,53.95000076293945,53.369998931884766,53.56999969482422,8866100,43.64952850341797
2019-10-29,53.38999938964844,53.65999984741211,53.2599983215332,53.40999984741211,7999700,43.519168853759766
2019-10-30,53.52000045776367,54.04999923706055,53.15999984741211,53.939998626708984,8620900,43.95102310180664
2019-10-31,53.959999084472656,54.470001220703125,53.849998474121094,54.43000030517578,13982000,44.35028839111328
2019-11-01,54.630001068115234,54.7400016784668,53.849998474121094,53.900001525878906,9889500,43.9184455871582
2019-11-04,53.959999084472656,54.0,52.970001220703125,53.13999938964844,17515100,43.299163818359375
2019-11-05,52.88999938964844,52.88999938964844,52.119998931884766,52.41999816894531,19284000,42.712501525878906
2019-11-06,52.529998779296875,52.79999923706055,52.40999984741211,52.79999923706055,13288900,43.02213668823242
2019-11-07,52.880001068115234,53.0,51.959999084472656,52.290000915527344,11725500,42.60658645629883
2019-11-08,52.459999084472656,52.599998474121094,52.09000015258789,52.209999084472656,7141800,42.54139709472656
2019-11-11,52.33000183105469,52.369998931884766,51.779998779296875,51.84000015258789,8198300,42.23991012573242
2019-11-12,51.90999984741211,51.90999984741211,51.58000183105469,51.709999084472656,12656900,42.13397979736328
2019-11-13,52.18000030517578,52.45000076293945,51.959999084472656,52.40999984741211,12257900,42.7043571472168
2019-11-14,52.529998779296875,52.66999816894531,52.349998474121094,52.630001068115234,8660300,42.88361740112305
2019-11-15,52.63999938964844,52.68000030517578,52.380001068115234,52.66999816894531,8982400,42.91621780395508
2019-11-18,52.68000030517578,53.439998626708984,52.66999816894531,53.029998779296875,13782000,43.20954132080078
2019-11-19,53.150001525878906,53.310001373291016,52.869998931884766,53.08000183105469,12679500,43.25027847290039
2019-11-20,53.099998474121094,53.400001525878906,53.0099983215332,53.220001220703125,11970300,43.364356994628906
2019-11-21,53.11000061035156,53.34000015258789,52.779998779296875,52.959999084472656,7856100,43.15250778198242
2019-11-22,52.959999084472656,53.189998626708984,52.75,53.029998779296875,9113300,43.20954132080078
2019-11-25,53.279998779296875,53.38999938964844,52.77000045776367,53.220001220703125,10963500,43.364356994628906
2019-11-26,53.310001373291016,53.939998626708984,53.220001220703125,53.900001525878906,13219800,43.9184455871582
2019-11-27,53.93000030517578,54.099998474121094,53.599998474121094,53.95000076293945,9595200,43.959171295166016
2019-11-29,53.70000076293945,53.72999954223633,53.220001220703125,53.400001525878906,7222300,43.836036682128906
2019-12-02,53.31999969482422,53.75,52.849998474121094,53.75,13173800,44.12334442138672
2019-12-03,53.709999084472656,53.84000015258789,53.400001525878906,53.79999923706055,14498300,44.164398193359375
2019-12-04,53.79999923706055,54.310001373291016,53.720001220703125,54.290000915527344,13624000,44.566627502441406
2019-12-05,54.209999084472656,54.290000915527344,53.83000183105469,54.189998626708984,14068100,44.48455047607422
2019-12-06,54.310001373291016,54.5,54.16999816894531,54.41999816894531,7843500,44.67335510253906
2019-12-09,54.29999923706055,54.5099983215332,54.02000045776367,54.06999969482422,13887200,44.38603973388672
2019-12-10,54.040000915527344,54.06999969482422,53.72999954223633,53.77000045776367,8993900,44.13977813720703
2019-12-11,53.939998626708984,54.150001525878906,53.65999984741211,53.95000076293945,8879100,44.287532806396484
2019-12-12,54.0099983215332,54.45000076293945,53.939998626708984,54.13999938964844,11233300,44.44349670410156
2019-12-13,53.939998626708984,54.54999923706055,53.84000015258789,54.41999816894531,13072200,44.67335510253906
2019-12-16,54.689998626708984,54.83000183105469,54.369998931884766,54.41999816894531,9538100,44.67335510253906
2019-12-17,54.400001525878906,54.58000183105469,54.290000915527344,54.41999816894531,9230000,44.67335510253906
2019-12-18,54.529998779296875,54.75,53.88999938964844,53.90999984741211,15132100,44.254695892333984
2019-12-19,54.040000915527344,54.34000015258789,53.91999816894531,54.31999969482422,13385900,44.59125518798828
2019-12-20,54.939998626708984,55.20000076293945,54.470001220703125,54.970001220703125,23832800,45.12484359741211
2019-12-23,55.0,55.2400016784668,54.84000015258789,54.90999984741211,9300800,45.07558822631836
2019-12-24,54.79999923706055,55.0,54.63999938964844,54.709999084472656,3359300,44.91141128540039
2019-12-26,54.91999816894531,55.02000045776367,54.790000915527344,55.02000045776367,6228500,45.165889739990234
2019-12-27,55.0099983215332,55.45000076293945,55.0,55.349998474121094,6895500,45.43678665161133
2019-12-30,55.18000030517578,55.38999938964844,55.060001373291016,55.27000045776367,6431700,45.37111282348633
2019-12-31,55.20000076293945,55.380001068115234,54.97999954223633,55.349998474121094,7982600,45.43678665161133
2020-01-02,55.31999969482422,55.43000030517578,54.7599983215332,54.9900016784668,11867700,45.14126205444336
2020-01-03,54.31999969482422,54.9900016784668,54.09000015258789,54.689998626708984,11354500,44.89499282836914
2020-01-06,54.650001525878906,54.90999984741211,54.52000045776367,54.66999816894531,14698300,44.878570556640625
2020-01-07,54.45000076293945,54.599998474121094,54.150001525878906,54.25,9973900,44.533790588378906
2020-01-08,54.27000045776367,54.63999938964844,54.150001525878906,54.349998474121094,10676000,44.615882873535156
2020-01-09,55.0,55.400001525878906,54.84000015258789,55.34000015258789,15398000,45.42858123779297
2020-01-10,55.47999954223633,55.93000030517578,55.45000076293945,55.529998779296875,13040100,45.58454513549805
2020-01-13,55.529998779296875,56.22999954223633,55.41999816894531,56.130001068115234,14302900,46.077083587646484
2020-01-14,56.2400016784668,56.290000915527344,55.83000183105469,56.0,16345300,45.97037124633789
2020-01-15,56.0,56.97999954223633,56.0,56.70000076293945,17735400,46.54499816894531
2020-01-16,56.849998474121094,56.95000076293945,56.61000061035156,56.81999969482422,10234100,46.64350891113281
2020-01-17,56.869998931884766,57.150001525878906,56.79999923706055,56.939998626708984,14264300,46.74202346801758
2020-01-21,56.849998474121094,57.25,56.56999969482422,57.16999816894531,11968900,46.93082046508789
2020-01-22,57.25,57.63999938964844,57.18000030517578,57.61000061035156,12869600,47.29202651977539
2020-01-23,57.380001068115234,57.849998474121094,57.2400016784668,57.83000183105469,12858900,47.47261047363281
2020-01-24,57.849998474121094,57.869998931884766,57.459999084472656,57.68000030517578,8594300,47.3494873046875
2020-01-27,57.209999084472656,57.849998474121094,57.130001068115234,57.47999954223633,14359900,47.185306549072266
2020-01-28,57.45000076293945,57.75,56.970001220703125,57.0099983215332,15240200,46.79948425292969
2020-01-29,57.0,57.2599983215332,56.65999984741211,57.0099983215332,13163600,46.79948425292969
2020-01-30,57.93000030517578,58.97999954223633,57.7599983215332,58.86000061035156,20225600,48.318153381347656
2020-01-31,58.970001220703125,59.08000183105469,58.150001525878906,58.400001525878906,17685200,47.94053268432617
2020-02-03,58.75,58.970001220703125,58.52000045776367,58.58000183105469,12333600,48.08829116821289
2020-02-04,58.75,59.45000076293945,58.619998931884766,58.84000015258789,15417900,48.301727294921875
2020-02-05,58.900001525878906,59.08000183105469,58.540000915527344,58.849998474121094,11414900,48.3099365234375
2020-02-06,58.97999954223633,59.34000015258789,58.84000015258789,58.9900016784668,9347000,48.424869537353516
2020-02-07,58.880001068115234,59.31999969482422,58.849998474121094,59.189998626708984,8757800,48.589046478271484
2020-02-10,59.31999969482422,59.84000015258789,59.290000915527344,59.75,7984900,49.048744201660156
2020-02-11,59.720001220703125,59.79999923706055,59.31999969482422,59.59000015258789,7431200,48.91740036010742
2020-02-12,59.47999954223633,59.77000045776367,59.31999969482422,59.40999984741211,9179100,48.769630432128906
2020-02-13,59.380001068115234,59.84000015258789,59.209999084472656,59.61000061035156,8173200,48.93381118774414
2020-02-14,59.630001068115234,60.06999969482422,59.619998931884766,59.95000076293945,9965500,49.21292495727539
2020-02-18,59.810001373291016,59.93000030517578,59.45000076293945,59.529998779296875,10075700,48.8681526184082
2020-02-19,59.5099983215332,60.0,59.470001220703125,59.77000045776367,6265700,49.06515884399414
2020-02-20,59.68000030517578,59.86000061035156,59.11000061035156,59.720001220703125,7597200,49.02412033081055
2020-02-21,59.5099983215332,60.130001068115234,59.43000030517578,60.130001068115234,10842400,49.36068344116211
2020-02-24,59.11000061035156,59.79999923706055,58.56999969482422,58.650001525878906,14415500,48.1457633972168
2020-02-25,58.70000076293945,59.20000076293945,57.619998931884766,57.81999969482422,15915100,47.464412689208984
2020-02-26,57.97999954223633,58.470001220703125,57.47999954223633,57.599998474121094,15837800,47.283817291259766
2020-02-27,57.150001525878906,57.88999938964844,54.880001068115234,54.93000030517578,23754000,45.09201431274414
2020-02-28,53.83000183105469,53.88999938964844,51.58000183105469,53.4900016784668,40890600,43.90991973876953
2020-03-02,53.93000030517578,55.959999084472656,53.70000076293945,55.91999816894531,25698600,45.90471267700195
2020-03-03,56.7599983215332,57.4900016784668,55.63999938964844,56.060001373291016,27099200,46.019622802734375
2020-03-04,56.40999984741211,59.0,56.40999984741211,58.91999816894531,20526100,48.36739730834961
2020-03-05,57.79999923706055,58.16999816894531,56.189998626708984,56.7400016784668,17948500,46.57783889770508
2020-03-06,54.939998626708984,55.90999984741211,53.97999954223633,55.2599983215332,22353900,45.36290740966797
2020-03-09,52.04999923706055,53.58000183105469,51.47999954223633,51.86000061035156,27898300,42.57184982299805
2020-03-10,53.220001220703125,53.79999923706055,51.16999816894531,53.65999984741211,27457400,44.04946517944336
2020-03-11,52.349998474121094,52.650001525878906,51.13999938964844,52.209999084472656,22653900,42.85916519165039
2020-03-12,48.540000915527344,49.93000030517578,46.689998626708984,47.15999984741211,31913100,38.71361541748047
2020-03-13,49.5099983215332,49.560001373291016,46.61000061035156,48.470001220703125,33697200,40.13795471191406
2020-03-16,42.2400016784668,47.880001068115234,41.16999816894531,45.2599983215332,28682300,37.4797477722168
2020-03-17,45.880001068115234,47.5,45.369998931884766,47.18000030517578,32106700,39.069705963134766
2020-03-18,44.7400016784668,45.150001525878906,41.59000015258789,44.849998474121094,35408300,37.140228271484375
2020-03-19,44.36000061035156,44.65999984741211,41.040000915527344,41.83000183105469,41956900,34.63937759399414
2020-03-20,41.95000076293945,42.06999969482422,37.5099983215332,38.29999923706055,51513500,31.716188430786133
2020-03-23,38.7599983215332,38.88999938964844,36.27000045776367,37.560001373291016,44978500,31.10340118408203
2020-03-24,41.220001220703125,41.400001525878906,38.83000183105469,39.45000076293945,49096200,32.66849899291992
2020-03-25,40.630001068115234,43.45000076293945,39.90999984741211,41.61000061035156,42511700,34.45718765258789
2020-03-26,42.84000015258789,45.27000045776367,42.45000076293945,44.290000915527344,37821700,36.67649459838867
2020-03-27,43.65999984741211,44.029998779296875,42.400001525878906,42.810001373291016,23297900,35.4509162902832
2020-03-30,43.040000915527344,45.560001373291016,43.040000915527344,45.0,23446000,37.26445770263672
2020-03-31,45.06999969482422,45.5099983215332,44.060001373291016,44.25,25373900,36.64337921142578
2020-04-01,42.47999954223633,43.650001525878906,41.79999923706055,42.119998931884766,21936400,34.8795280456543
2020-04-02,42.220001220703125,44.189998626708984,41.86000061035156,43.95000076293945,17621900,36.39494323730469
2020-04-03,43.58000183105469,44.34000015258789,43.310001373291016,43.83000183105469,14207100,36.29556655883789
2020-04-06,45.38999938964844,47.0099983215332,44.689998626708984,46.66999816894531,22850000,38.647369384765625
2020-04-07,48.5,48.599998474121094,46.47999954223633,46.5099983215332,21279600,38.51487350463867
2020-04-08,46.63999938964844,48.09000015258789,46.33000183105469,47.81999969482422,18937100,39.59969711303711
2020-04-09,48.439998626708984,49.72999954223633,48.349998474121094,49.0,19165300,40.57684326171875
2020-04-13,48.349998474121094,48.63999938964844,46.5,46.93000030517578,19586000,38.8626823425293
2020-04-14,47.939998626708984,49.25,46.93000030517578,48.91999816894531,21801900,40.51060104370117
2020-04-15,47.709999084472656,48.400001525878906,47.40999984741211,47.61000061035156,12893200,39.425785064697266
2020-04-16,47.400001525878906,47.849998474121094,46.7599983215332,47.099998474121094,17606800,39.00346374511719
2020-04-17,48.29999923706055,48.29999923706055,47.369998931884766,48.060001373291016,19844600,39.79843521118164
2020-04-20,47.790000915527344,48.0,46.310001373291016,46.529998779296875,18957900,38.531436920166016
2020-04-21,45.880001068115234,46.900001525878906,44.2599983215332,45.380001068115234,26863700,37.57912826538086
2020-04-22,46.04999923706055,46.150001525878906,45.5,45.68000030517578,15811600,37.82755661010742
2020-04-23,45.95000076293945,46.099998474121094,44.970001220703125,45.06999969482422,17668200,37.32242202758789
2020-04-24,45.5,45.75,45.119998931884766,45.43000030517578,15175000,37.62052536010742
2020-04-27,46.0,46.97999954223633,45.709999084472656,46.779998779296875,19175500,38.73845672607422
2020-04-28,47.900001525878906,48.0,46.56999969482422,46.7400016784668,17246700,38.70534133911133
2020-04-29,47.27000045776367,47.86000061035156,46.880001068115234,47.119998931884766,15780000,39.020023345947266
2020-04-30,47.0,47.0,45.70000076293945,45.88999938964844,20801100,38.00144958496094
2020-05-01,45.619998931884766,46.38999938964844,45.209999084472656,45.599998474121094,14290400,37.76130676269531
2020-05-04,45.31999969482422,45.47999954223633,44.599998474121094,45.13999938964844,22544200,37.38038635253906
2020-05-05,45.36000061035156,46.099998474121094,45.150001525878906,45.400001525878906,13370500,37.5956916809082
2020-05-06,45.400001525878906,45.630001068115234,44.720001220703125,44.75,11892900,37.05742645263672
2020-05-07,45.150001525878906,45.2400016784668,44.5,44.599998474121094,16466000,36.933204650878906
2020-05-08,45.08000183105469,46.220001220703125,44.880001068115234,46.11000061035156,13985100,38.18364334106445
2020-05-11,45.689998626708984,46.11000061035156,45.52000045776367,45.540000915527344,10874600,37.71161651611328
2020-05-12,45.599998474121094,45.849998474121094,44.79999923706055,44.81999969482422,13424400,37.11539077758789
2020-05-13,44.709999084472656,44.779998779296875,43.52000045776367,43.939998626708984,15854800,36.38666534423828
2020-05-14,43.380001068115234,44.060001373291016,43.22999954223633,43.70000076293945,18000800,36.187923431396484
2020-05-15,43.959999084472656,44.689998626708984,43.20000076293945,43.2599983215332,31579400,35.82355499267578
2020-05-18,44.81999969482422,45.38999938964844,44.130001068115234,44.970001220703125,26118500,37.23960876464844
2020-05-19,45.0099983215332,45.33000183105469,44.25,44.540000915527344,17839900,36.88352966308594
2020-05-20,45.20000076293945,46.16999816894531,45.02000045776367,45.88999938964844,22295900,38.00144958496094
2020-05-21,46.08000183105469,46.09000015258789,45.029998779296875,45.16999816894531,13193500,37.40522766113281
2020-05-22,45.220001220703125,45.310001373291016,44.650001525878906,45.029998779296875,13008400,37.289283752441406
2020-05-26,46.91999816894531,46.93000030517578,45.93000030517578,46.09000015258789,22223100,38.167076110839844
2020-05-27,47.0,47.09000015258789,46.16999816894531,46.72999954223633,18447600,38.697059631347656
2020-05-28,47.29999923706055,47.459999084472656,46.81999969482422,47.09000015258789,16230600,38.99516296386719
2020-05-29,46.68000030517578,47.189998626708984,46.13999938964844,46.68000030517578,51125000,38.655662536621094
2020-06-01,46.65999984741211,47.22999954223633,46.59000015258789,46.9900016784668,17010700,38.9123649597168
2020-06-02,47.15999984741211,47.279998779296875,46.560001373291016,46.900001525878906,15255100,38.83783721923828
2020-06-03,47.27000045776367,48.119998931884766,47.119998931884766,47.900001525878906,15508300,39.66593933105469
2020-06-04,47.939998626708984,48.27000045776367,47.380001068115234,47.91999816894531,13604700,39.6824951171875
2020-06-05,48.540000915527344,49.4900016784668,48.459999084472656,49.09000015258789,20504800,40.65137481689453
2020-06-08,49.540000915527344,49.970001220703125,49.470001220703125,49.849998474121094,19896700,41.28072738647461
2020-06-09,49.59000015258789,49.59000015258789,48.68000030517578,49.0,16713700,40.57684326171875
2020-06-10,49.15999984741211,49.27000045776367,48.56999969482422,48.619998931884766,15716600,40.26217269897461
2020-06-11,47.810001373291016,47.91999816894531,45.459999084472656,45.540000915527344,26070400,37.71161651611328
2020-06-12,46.209999084472656,46.25,45.0099983215332,45.599998474121094,21822700,38.10436248779297
2020-06-15,44.56999969482422,46.45000076293945,44.470001220703125,46.29999923706055,15622300,38.689300537109375
2020-06-16,47.560001373291016,47.689998626708984,46.189998626708984,46.77000045776367,18803500,39.08203887939453
2020-06-17,46.779998779296875,47.060001373291016,46.439998626708984,46.58000183105469,12602800,38.923274993896484
2020-06-18,46.29999923706055,47.040000915527344,46.06999969482422,46.9900016784668,9380800,39.26588439941406
2020-06-19,47.77000045776367,47.790000915527344,46.02000045776367,46.02000045776367,30464600,38.45532989501953
2020-06-22,46.029998779296875,46.150001525878906,45.380001068115234,45.7400016784668,20876200,38.22135925292969
2020-06-23,46.0,46.290000915527344,45.58000183105469,45.63999938964844,14675300,38.13779067993164
2020-06-24,45.369998931884766,45.439998626708984,44.5,44.650001525878906,17631800,37.310523986816406
2020-06-25,44.470001220703125,44.97999954223633,44.029998779296875,44.93000030517578,13829700,37.54450988769531
2020-06-26,44.91999816894531,45.0099983215332,43.5099983215332,43.56999969482422,21955100,36.408058166503906
2020-06-29,44.0,44.56999969482422,43.54999923706055,44.36000061035156,17603900,37.068199157714844
2020-06-30,44.25,44.83000183105469,44.040000915527344,44.68000030517578,23679800,37.33559036254883
2020-07-01,44.93000030517578,45.529998779296875,44.709999084472656,44.81999969482422,14316500,37.452579498291016
2020-07-02,45.290000915527344,45.43000030517578,44.79999923706055,44.880001068115234,15111900,37.502716064453125
2020-07-06,45.13999938964844,45.27000045776367,44.61000061035156,45.22999954223633,15146000,37.79518127441406
2020-07-07,45.0,45.5,44.79999923706055,45.209999084472656,13043600,37.77846908569336
2020-07-08,45.13999938964844,45.18000030517578,44.470001220703125,45.06999969482422,13851200,37.66149139404297
2020-07-09,45.04999923706055,45.04999923706055,43.83000183105469,43.90999984741211,16087100,36.69215774536133
2020-07-10,43.880001068115234,45.25,43.86000061035156,45.150001525878906,15627800,37.72834396362305
2020-07-13,45.529998779296875,45.68000030517578,44.959999084472656,45.25,16705300,37.81189727783203
2020-07-14,44.90999984741211,45.939998626708984,44.66999816894531,45.869998931884766,17080100,38.32998275756836
2020-07-15,46.29999923706055,47.189998626708984,46.20000076293945,46.400001525878906,23738000,38.77285385131836
2020-07-16,46.2599983215332,46.689998626708984,45.939998626708984,46.150001525878906,13306100,38.56396484375
2020-07-17,46.470001220703125,46.90999984741211,46.130001068115234,46.81999969482422,13899800,39.123817443847656
2020-07-20,46.720001220703125,46.83000183105469,45.849998474121094,46.119998931884766,16633200,38.53889083862305
2020-07-21,47.52000045776367,47.9900016784668,46.93000030517578,47.20000076293945,25681500,39.44135665893555
2020-07-22,47.93000030517578,48.52000045776367,47.029998779296875,48.47999954223633,29831200,40.510963439941406
2020-07-23,48.470001220703125,48.56999969482422,48.029998779296875,48.279998779296875,15935000,40.34383010864258
2020-07-24,48.400001525878906,48.79999923706055,48.06999969482422,48.4900016784668,16196800,40.51931381225586
2020-07-27,48.18000030517578,48.5099983215332,48.18000030517578,48.47999954223633,17346500,40.510963439941406
2020-07-28,48.34000015258789,49.279998779296875,48.099998474121094,48.18000030517578,13872700,40.26026153564453
2020-07-29,48.13999938964844,48.5,47.81999969482422,48.02000045776367,13758100,40.1265754699707
2020-07-30,47.66999816894531,48.22999954223633,47.20000076293945,47.689998626708984,17276500,39.85082244873047
2020-07-31,47.439998626708984,47.77000045776367,46.72999954223633,47.2400016784668,14849200,39.47479248046875
2020-08-03,47.13999938964844,47.36000061035156,46.22999954223633,46.29999923706055,14137500,38.689300537109375
2020-08-04,46.290000915527344,46.86000061035156,46.220001220703125,46.689998626708984,11717200,39.01519012451172
2020-08-05,46.900001525878906,47.27000045776367,46.810001373291016,47.220001220703125,10498700,39.45808410644531
2020-08-06,46.65999984741211,47.529998779296875,46.599998474121094,47.47999954223633,10745000,39.67534255981445
2020-08-07,47.470001220703125,48.08000183105469,47.209999084472656,47.79999923706055,11669700,39.942726135253906
2020-08-10,48.060001373291016,48.279998779296875,47.65999984741211,47.720001220703125,11888000,39.875885009765625
2020-08-11,48.459999084472656,48.650001525878906,47.70000076293945,47.93000030517578,16531600,40.051368713378906
2020-08-12,48.29999923706055,48.689998626708984,48.119998931884766,48.43000030517578,9562200,40.46916961669922
2020-08-13,48.2599983215332,48.72999954223633,48.060001373291016,48.380001068115234,9882900,40.42739486694336
2020-08-14,48.34000015258789,48.689998626708984,48.029998779296875,48.45000076293945,10075800,40.48589324951172
2020-08-17,48.31999969482422,48.75,48.20000076293945,48.209999084472656,9102400,40.285343170166016
2020-08-18,48.20000076293945,48.5,47.959999084472656,48.41999816894531,9829000,40.460819244384766
2020-08-19,48.119998931884766,48.380001068115234,47.220001220703125,47.369998931884766,17371000,39.58341979980469
2020-08-20,47.27000045776367,47.599998474121094,47.09000015258789,47.349998474121094,11308700,39.56670379638672
2020-08-21,47.34000015258789,47.5,46.970001220703125,47.279998779296875,14734100,39.50821304321289
2020-08-24,47.43000030517578,47.97999954223633,47.18000030517578,47.970001220703125,9257700,40.08478546142578
2020-08-25,48.0,48.04999923706055,47.650001525878906,47.90999984741211,7827800,40.03466033935547
2020-08-26,47.7599983215332,48.18000030517578,47.470001220703125,48.15999984741211,10124200,40.243560791015625
2020-08-27,48.25,48.81999969482422,48.20000076293945,48.22999954223633,10931600,40.30205154418945
2020-08-28,48.75,49.849998474121094,48.529998779296875,49.83000183105469,16420300,41.639041900634766
2020-08-31,49.79999923706055,50.06999969482422,49.349998474121094,49.529998779296875,18510800,41.388362884521484
2020-09-01,49.310001373291016,49.349998474121094,48.83000183105469,49.119998931884766,12588400,41.045745849609375
2020-09-02,49.36000061035156,51.36000061035156,49.36000061035156,51.189998626708984,26332600,42.77548599243164
2020-09-03,51.400001525878906,52.13999938964844,50.099998474121094,50.47999954223633,22289400,42.18218994140625
2020-09-04,50.939998626708984,51.470001220703125,50.279998779296875,51.040000915527344,21019500,42.650146484375
2020-09-08,50.93000030517578,51.040000915527344,49.36000061035156,49.810001373291016,17776700,41.62233352661133
2020-09-09,49.599998474121094,50.7599983215332,49.54999923706055,50.189998626708984,15252300,41.93986511230469
2020-09-10,50.349998474121094,50.68000030517578,49.95000076293945,50.0,15439500,41.781097412109375
2020-09-11,50.400001525878906,51.20000076293945,50.099998474121094,51.060001373291016,18272300,42.6668701171875
2020-09-14,50.970001220703125,51.22999954223633,50.56999969482422,50.709999084472656,10911700,42.71739959716797
2020-09-15,51.0,51.380001068115234,50.84000015258789,51.04999923706055,12838400,43.00381088256836
2020-09-16,50.95000076293945,51.45000076293945,50.7400016784668,50.790000915527344,15353900,42.78479766845703
2020-09-17,50.220001220703125,50.630001068115234,49.939998626708984,50.54999923706055,13287100,42.582618713378906
2020-09-18,50.75,51.15999984741211,50.209999084472656,50.45000076293945,23816600,42.49837875366211
2020-09-21,49.75,50.02000045776367,48.61000061035156,49.09000015258789,17514800,41.352745056152344
2020-09-22,49.11000061035156,50.040000915527344,49.06999969482422,49.65999984741211,13034600,41.8328971862793
2020-09-23,49.72999954223633,49.91999816894531,48.16999816894531,48.209999084472656,17121200,40.61144256591797
2020-09-24,48.209999084472656,49.099998474121094,47.560001373291016,48.70000076293945,16788100,41.024208068847656
2020-09-25,48.20000076293945,48.7599983215332,47.97999954223633,48.720001220703125,12603400,41.04105758666992
2020-09-28,49.310001373291016,49.709999084472656,49.13999938964844,49.279998779296875,11215700,41.51278305053711
2020-09-29,49.38999938964844,49.560001373291016,48.90999984741211,48.91999816894531,12426600,41.20952606201172
2020-09-30,49.27000045776367,49.619998931884766,48.88999938964844,49.369998931884766,15755900,41.5886116027832
2020-10-01,49.439998626708984,49.65999984741211,48.59000015258789,49.18000030517578,17577300,41.428550720214844
2020-10-02,48.7599983215332,49.58000183105469,48.54999923706055,49.36000061035156,13610100,41.580177307128906
2020-10-05,49.43000030517578,49.54999923706055,49.119998931884766,49.380001068115234,10628700,41.5970344543457
2020-10-06,49.54999923706055,49.72999954223633,48.83000183105469,48.939998626708984,10077400,41.22637939453125
2020-10-07,49.02000045776367,49.7599983215332,48.95000076293945,49.560001373291016,10135600,41.7486572265625
2020-10-08,49.709999084472656,50.540000915527344,49.540000915527344,50.459999084472656,12143900,42.506805419921875
2020-10-09,50.66999816894531,51.22999954223633,50.599998474121094,50.810001373291016,11407800,42.80164337158203
2020-10-12,50.84000015258789,51.529998779296875,50.83000183105469,51.09000015258789,11386500,43.03750991821289
2020-10-13,50.9900016784668,50.9900016784668,49.900001525878906,50.220001220703125,14365300,42.30463790893555
2020-10-14,50.04999923706055,50.4900016784668,49.650001525878906,50.119998931884766,10582100,42.22039031982422
2020-10-15,49.400001525878906,50.130001068115234,49.29999923706055,49.9900016784668,9961700,42.11088943481445
2020-10-16,49.9900016784668,50.349998474121094,49.869998931884766,50.029998779296875,13569800,42.144588470458984
2020-10-19,50.029998779296875,50.47999954223633,49.459999084472656,49.619998931884766,9930400,41.799198150634766
2020-10-20,49.88999938964844,50.619998931884766,49.790000915527344,50.25,10970700,42.32990646362305
2020-10-21,49.959999084472656,50.43000030517578,49.77000045776367,49.9900016784668,12517400,42.11088943481445
2020-10-22,51.16999816894531,51.20000076293945,50.380001068115234,50.68000030517578,20189200,42.692138671875
2020-10-23,51.0,51.18000030517578,50.470001220703125,50.52000045776367,13491300,42.55734634399414
2020-10-26,50.34000015258789,50.5099983215332,49.20000076293945,49.79999923706055,14696400,41.95083236694336
2020-10-27,49.810001373291016,50.290000915527344,49.54999923706055,49.900001525878906,13892100,42.03507995605469
2020-10-28,49.0,49.150001525878906,47.779998779296875,47.959999084472656,19886200,40.400848388671875
2020-10-29,47.72999954223633,48.47999954223633,47.29999923706055,48.02000045776367,15369900,40.45138931274414
2020-10-30,47.810001373291016,48.119998931884766,47.369998931884766,48.060001373291016,15804000,40.48508834838867
2020-11-02,48.75,48.95000076293945,48.2400016784668,48.619998931884766,15156100,40.95681381225586
2020-11-03,49.220001220703125,49.959999084472656,49.0,49.349998474121094,15285100,41.571754455566406
2020-11-04,49.43000030517578,50.209999084472656,49.08000183105469,49.16999816894531,12930800,41.420127868652344
2020-11-05,49.7599983215332,50.209999084472656,49.34000015258789,49.439998626708984,12452400,41.647579193115234
2020-11-06,49.650001525878906,49.9900016784668,49.25,49.45000076293945,9294900,41.65599060058594
2020-11-09,52.5,53.2599983215332,52.06999969482422,52.56999969482422,33442000,44.284236907958984
2020-11-10,52.56999969482422,54.279998779296875,52.45000076293945,53.97999954223633,29706700,45.472007751464844
2020-11-11,53.93000030517578,54.29999923706055,53.33000183105469,53.58000183105469,17399900,45.13505172729492
2020-11-12,53.04999923706055,53.209999084472656,52.61000061035156,53.0099983215332,15024400,44.65488815307617
2020-11-13,53.25,53.5,52.88999938964844,53.45000076293945,12447900,45.025543212890625
2020-11-16,54.5,54.619998931884766,53.279998779296875,53.849998474121094,14908200,45.36249542236328
2020-11-17,53.65999984741211,53.75,53.029998779296875,53.68000030517578,14248400,45.21929931640625
2020-11-18,53.75,54.02000045776367,52.560001373291016,52.61000061035156,15278200,44.31793975830078
2020-11-19,52.4900016784668,53.22999954223633,51.95000076293945,53.130001068115234,17189500,44.755985260009766
2020-11-20,53.189998626708984,53.25,52.59000015258789,52.66999816894531,15645600,44.36848068237305
2020-11-23,52.95000076293945,53.16999816894531,52.20000076293945,52.68000030517578,13191900,44.37690353393555
2020-11-24,53.13999938964844,53.59000015258789,53.02000045776367,53.220001220703125,13827600,44.83179473876953
2020-11-25,53.06999969482422,53.279998779296875,52.790000915527344,52.93000030517578,10194800,44.58750534057617
2020-11-27,53.11000061035156,53.189998626708984,52.61000061035156,52.70000076293945,8499300,44.39375305175781
2020-11-30,52.09000015258789,52.189998626708984,51.08000183105469,51.599998474121094,43203600,43.807960510253906
2020-12-01,52.13999938964844,52.33000183105469,51.790000915527344,52.040000915527344,18968800,44.181514739990234
2020-12-02,51.900001525878906,52.130001068115234,51.63999938964844,52.11000061035156,14913100,44.24093246459961
2020-12-03,51.900001525878906,52.939998626708984,51.900001525878906,52.779998779296875,17318900,44.80976104736328
2020-12-04,52.779998779296875,53.869998931884766,52.7599983215332,53.849998474121094,18122400,45.71817398071289
2020-12-07,53.7599983215332,53.779998779296875,52.70000076293945,52.9900016784668,16210900,44.988040924072266
2020-12-08,52.939998626708984,53.47999954223633,52.790000915527344,53.18000030517578,12485800,45.149349212646484
2020-12-09,53.369998931884766,53.599998474121094,53.0,53.33000183105469,11508400,45.27670669555664
2020-12-10,53.400001525878906,53.5099983215332,52.97999954223633,53.04999923706055,12097300,45.03898620605469
2020-12-11,52.79999923706055,53.540000915527344,52.779998779296875,53.349998474121094,10638100,45.2936897277832
2020-12-14,53.650001525878906,53.84000015258789,53.18000030517578,53.27000045776367,22292000,45.22576904296875
2020-12-15,53.790000915527344,54.220001220703125,53.599998474121094,53.84000015258789,16193700,45.70969009399414
2020-12-16,53.599998474121094,53.79999923706055,52.939998626708984,53.060001373291016,15679600,45.04747772216797
2020-12-17,53.29999923706055,53.709999084472656,53.150001525878906,53.27000045776367,12677300,45.22576904296875
2020-12-18,53.08000183105469,53.84000015258789,52.619998931884766,53.7400016784668,35480100,45.624794006347656
2020-12-21,52.68000030517578,53.0,51.97999954223633,52.810001373291016,14926600,44.83523178100586
2020-12-22,52.810001373291016,53.18000030517578,52.38999938964844,52.7599983215332,9689500,44.79277801513672
2020-12-23,52.95000076293945,53.38999938964844,52.939998626708984,53.08000183105469,7040300,45.064453125
2020-12-24,53.02000045776367,53.54999923706055,53.02000045776367,53.439998626708984,3265500,45.370094299316406
2020-12-28,53.849998474121094,54.439998626708984,53.72999954223633,54.15999984741211,9020500,45.98136901855469
2020-12-29,54.45000076293945,54.4900016784668,54.02000045776367,54.130001068115234,8320600,45.955894470214844
2020-12-30,54.04999923706055,54.630001068115234,54.029998779296875,54.439998626708984,8142700,46.21908187866211
2020-12-31,54.45000076293945,54.93000030517578,54.27000045776367,54.84000015258789,8495000,46.558677673339844
2021-01-04,54.27000045776367,54.630001068115234,52.029998779296875,52.7599983215332,25611100,44.79277801513672
2021-01-05,52.33000183105469,52.619998931884766,52.029998779296875,52.18000030517578,20323800,44.300357818603516
2021-01-06,51.970001220703125,52.02000045776367,50.189998626708984,50.52000045776367,38724500,42.89104080200195
2021-01-07,50.09000015258789,50.2599983215332,49.52000045776367,49.959999084472656,53225700,42.41560363769531
2021-01-08,50.029998779296875,51.130001068115234,49.84000015258789,51.08000183105469,29674000,43.366477966308594
2021-01-11,50.619998931884766,50.86000061035156,49.95000076293945,50.20000076293945,19304400,42.61935806274414
2021-01-12,50.040000915527344,50.369998931884766,49.7599983215332,50.11000061035156,18538700,42.54295349121094
2021-01-13,49.97999954223633,50.36000061035156,49.95000076293945,50.15999984741211,18864100,42.58539962768555
2021-01-14,50.15999984741211,50.18000030517578,49.220001220703125,49.22999954223633,34303600,41.795841217041016
2021-01-15,49.15999984741211,49.18000030517578,48.529998779296875,48.70000076293945,24366800,41.34587478637695
2021-01-19,48.7400016784668,49.040000915527344,48.2400016784668,48.5099983215332,29114500,41.18456268310547
2021-01-20,48.540000915527344,48.81999969482422,48.310001373291016,48.68000030517578,23115800,41.328887939453125
2021-01-21,48.779998779296875,49.09000015258789,48.459999084472656,48.95000076293945,19702500,41.55812454223633
2021-01-22,48.810001373291016,48.939998626708984,48.4900016784668,48.4900016784668,15400300,41.16758728027344
2021-01-25,48.41999816894531,48.84000015258789,48.2400016784668,48.779998779296875,16604200,41.41379165649414
2021-01-26,48.90999984741211,49.400001525878906,48.61000061035156,49.290000915527344,12922600,41.846778869628906
2021-01-27,48.88999938964844,49.31999969482422,48.22999954223633,48.529998779296875,21242400,41.201534271240234
2021-01-28,48.689998626708984,49.5,48.61000061035156,49.150001525878906,17498900,41.72792434692383
2021-01-29,49.029998779296875,49.119998931884766,48.11000061035156,48.150001525878906,18670300,40.87892150878906
2021-02-01,48.27000045776367,48.689998626708984,48.18000030517578,48.47999954223633,12183600,41.15910720825195
2021-02-02,48.79999923706055,49.349998474121094,48.630001068115234,48.959999084472656,13319800,41.566619873046875
2021-02-03,48.95000076293945,49.09000015258789,48.66999816894531,48.77000045776367,12274100,41.405303955078125
2021-02-04,48.959999084472656,49.06999969482422,48.650001525878906,49.0099983215332,20597400,41.60906219482422
2021-02-05,49.5,49.779998779296875,49.27000045776367,49.650001525878906,12742000,42.15242385864258
2021-02-08,49.959999084472656,50.16999816894531,49.4900016784668,49.91999816894531,17833200,42.381649017333984
2021-02-09,49.849998474121094,50.02000045776367,49.630001068115234,49.70000076293945,14592900,42.19486999511719
2021-02-10,50.40999984741211,50.58000183105469,49.529998779296875,49.599998474121094,22965400,42.109962463378906
2021-02-11,49.810001373291016,50.59000015258789,49.79999923706055,50.29999923706055,21928600,42.70425796508789
2021-02-12,50.56999969482422,50.849998474121094,50.38999938964844,50.689998626708984,13137100,43.03536605834961
2021-02-16,50.619998931884766,50.720001220703125,50.15999984741211,50.27000045776367,15093400,42.678794860839844
2021-02-17,50.0,50.4900016784668,49.88999938964844,50.130001068115234,12794300,42.55992889404297
2021-02-18,50.15999984741211,50.849998474121094,50.029998779296875,50.77000045776367,12747100,43.10328674316406
2021-02-19,50.790000915527344,50.83000183105469,49.970001220703125,50.11000061035156,15968800,42.54295349121094
2021-02-22,49.849998474121094,50.880001068115234,49.66999816894531,50.630001068115234,14370900,42.98442840576172
2021-02-23,51.0,51.5099983215332,50.41999816894531,50.540000915527344,16222300,42.90800476074219
2021-02-24,50.38999938964844,50.900001525878906,50.130001068115234,50.709999084472656,14442000,43.05234909057617
2021-02-25,50.470001220703125,50.75,49.97999954223633,50.16999816894531,14211100,42.5938835144043
2021-02-26,50.20000076293945,50.209999084472656,48.970001220703125,48.9900016784668,23638400,41.59208297729492
2021-03-01,49.439998626708984,50.439998626708984,49.400001525878906,49.900001525878906,13901200,42.36466979980469
2021-03-02,49.84000015258789,50.560001373291016,49.70000076293945,50.099998474121094,11755100,42.534461975097656
2021-03-03,49.720001220703125,50.560001373291016,49.709999084472656,49.97999954223633,15410700,42.43258285522461
2021-03-04,50.310001373291016,51.09000015258789,49.619998931884766,49.939998626708984,22036400,42.39862060546875
2021-03-05,50.04999923706055,50.95000076293945,49.900001525878906,50.790000915527344,21310800,43.12026596069336
2021-03-08,51.470001220703125,52.4900016784668,51.15999984741211,51.63999938964844,25084900,43.8419075012207
2021-03-09,51.720001220703125,51.880001068115234,50.81999969482422,50.86000061035156,23082700,43.1796989440918
2021-03-10,51.18000030517578,51.630001068115234,50.720001220703125,51.439998626708984,21331600,43.67210388183594
2021-03-11,51.40999984741211,51.43000030517578,50.810001373291016,50.880001068115234,17417700,43.19668197631836
2021-03-12,50.59000015258789,50.68000030517578,50.20000076293945,50.36000061035156,17598600,43.11106491088867
2021-03-15,50.5,51.119998931884766,50.470001220703125,51.029998779296875,13411900,43.684627532958984
2021-03-16,51.20000076293945,51.52000045776367,51.040000915527344,51.220001220703125,14214200,43.8472785949707
2021-03-17,51.25,51.619998931884766,51.150001525878906,51.2400016784668,17502700,43.86439514160156
2021-03-18,51.060001373291016,51.189998626708984,50.4900016784668,50.56999969482422,18007300,43.29084777832031
2021-03-19,50.459999084472656,51.08000183105469,50.16999816894531,50.810001373291016,67845700,43.49629211425781
2021-03-22,50.31999969482422,51.08000183105469,50.31999969482422,51.0,17911400,43.658939361572266
2021-03-23,50.9900016784668,51.650001525878906,50.83000183105469,51.38999938964844,16936700,43.9928092956543
2021-03-24,51.16999816894531,51.88999938964844,51.150001525878906,51.52000045776367,14997400,44.104095458984375
2021-03-25,51.70000076293945,52.060001373291016,51.16999816894531,52.02000045776367,17091900,44.532127380371094
2021-03-26,52.13999938964844,53.11000061035156,51.7599983215332,53.040000915527344,17126700,45.40530776977539
2021-03-29,52.72999954223633,53.939998626708984,52.709999084472656,53.849998474121094,17514100,46.09870910644531
2021-03-30,53.75,53.790000915527344,52.93000030517578,53.150001525878906,14871800,45.49946975708008
2021-03-31,53.029998779296875,53.16999816894531,52.5,52.709999084472656,15826500,45.122806549072266
2021-04-01,52.959999084472656,53.150001525878906,52.459999084472656,52.5099983215332,15834700,44.95158386230469
2021-04-05,52.349998474121094,53.220001220703125,52.290000915527344,52.810001373291016,16368700,45.20841598510742
2021-04-06,53.040000915527344,53.650001525878906,52.900001525878906,53.189998626708984,15614300,45.533714294433594
2021-04-07,53.279998779296875,53.5,53.119998931884766,53.279998779296875,10062700,45.61076354980469
2021-04-08,53.16999816894531,53.380001068115234,52.970001220703125,53.119998931884766,9695600,45.473785400390625
2021-04-09,53.16999816894531,53.279998779296875,52.810001373291016,53.18000030517578,10828200,45.525146484375
2021-04-12,53.33000183105469,53.54999923706055,53.099998474121094,53.349998474121094,8565300,45.67068099975586
2021-04-13,53.040000915527344,53.290000915527344,52.810001373291016,53.09000015258789,11071700,45.44811248779297
2021-04-14,52.97999954223633,53.189998626708984,52.650001525878906,53.08000183105469,9787600,45.43954086303711
2021-04-15,53.130001068115234,53.65999984741211,53.119998931884766,53.33000183105469,13078100,45.653568267822266
2021-04-16,53.7400016784668,53.79999923706055,53.380001068115234,53.68000030517578,17974100,45.953182220458984
2021-04-19,54.0,54.36000061035156,53.29999923706055,54.0,19352900,46.22711944580078
2021-04-20,53.84000015258789,54.59000015258789,53.810001373291016,54.16999816894531,14419200,46.37264633178711
2021-04-21,54.2400016784668,54.7400016784668,54.2400016784668,54.61000061035156,13866500,46.74932098388672
2021-04-22,54.470001220703125,54.869998931884766,54.31999969482422,54.439998626708984,12558900,46.603782653808594
2021-04-23,54.400001525878906,54.59000015258789,54.16999816894531,54.470001220703125,9020500,46.62947082519531
2021-04-26,54.470001220703125,54.5099983215332,53.58000183105469,53.65999984741211,11684600,45.93606948852539
2021-04-27,53.560001373291016,53.70000076293945,53.31999969482422,53.58000183105469,9852400,45.86757278442383
2021-04-28,53.97999954223633,54.04999923706055,53.439998626708984,53.59000015258789,10868100,45.876129150390625
2021-04-29,53.540000915527344,54.36000061035156,53.43000030517578,54.2599983215332,15391000,46.44969177246094
2021-04-30,54.25,54.27000045776367,53.689998626708984,53.97999954223633,14912600,46.21000289916992
2021-05-03,54.27000045776367,54.79999923706055,54.15999984741211,54.47999954223633,10417900,46.63801956176758
2021-05-04,54.56999969482422,54.619998931884766,53.939998626708984,54.13999938964844,14151000,46.346961975097656
2021-05-05,54.13999938964844,54.2400016784668,53.709999084472656,54.0,9665900,46.22711944580078
2021-05-06,54.119998931884766,54.61000061035156,54.04999923706055,54.540000915527344,11572700,46.68939208984375
2021-05-07,54.439998626708984,54.77000045776367,54.15999984741211,54.5099983215332,10637500,46.66371154785156
2021-05-10,54.880001068115234,55.5,54.83000183105469,54.90999984741211,15545800,47.00613784790039
2021-05-11,55.029998779296875,55.13999938964844,54.04999923706055,54.31999969482422,12986700,46.50106430053711
2021-05-12,54.36000061035156,54.560001373291016,53.880001068115234,54.040000915527344,15836500,46.261356353759766
2021-05-13,53.970001220703125,54.779998779296875,53.83000183105469,54.5099983215332,15475800,46.66371154785156
2021-05-14,54.900001525878906,55.099998474121094,54.689998626708984,54.72999954223633,11725300,46.8520393371582
2021-05-17,54.84000015258789,55.02000045776367,54.5,54.63999938964844,12119800,46.77499771118164
2021-05-18,54.38999938964844,54.560001373291016,54.099998474121094,54.34000015258789,13232500,46.51818084716797
2021-05-19,54.119998931884766,54.18000030517578,53.61000061035156,54.16999816894531,15126100,46.37264633178711
2021-05-20,54.119998931884766,54.79999923706055,54.119998931884766,54.650001525878906,10948400,46.7835578918457
2021-05-21,54.79999923706055,55.119998931884766,54.220001220703125,54.619998931884766,16033200,46.75786590576172
2021-05-24,54.630001068115234,54.93000030517578,54.4900016784668,54.79999923706055,10326100,46.91197204589844
2021-05-25,54.81999969482422,54.81999969482422,54.349998474121094,54.790000915527344,11916500,46.903404235839844
2021-05-26,54.97999954223633,55.04999923706055,54.59000015258789,55.029998779296875,16064300,47.108848571777344
2021-05-27,55.209999084472656,55.56999969482422,54.779998779296875,55.4900016784668,59109600,47.50264358520508
2021-05-28,55.349998474121094,55.709999084472656,55.20000076293945,55.290000915527344,17011600,47.33142852783203
2021-06-01,55.34000015258789,55.650001525878906,55.099998474121094,55.279998779296875,13304000,47.32286834716797
2021-06-02,55.5,55.560001373291016,55.2599983215332,55.5,11328500,47.51121139526367
2021-06-03,55.18000030517578,55.7400016784668,55.099998474121094,55.63999938964844,17364300,47.631046295166016
2021-06-04,55.900001525878906,56.47999954223633,55.779998779296875,56.2400016784668,18935100,48.144691467285156
2021-06-07,56.310001373291016,56.34000015258789,55.810001373291016,56.040000915527344,14010800,47.97346878051758
2021-06-08,56.25,56.25,55.54999923706055,55.650001525878906,10968300,47.63961410522461
2021-06-09,55.75,55.91999816894531,55.47999954223633,55.47999954223633,9838800,47.49408721923828
2021-06-10,55.90999984741211,56.119998931884766,55.7599983215332,55.90999984741211,12444400,47.86219024658203
2021-06-11,55.9900016784668,56.209999084472656,55.65999984741211,56.15999984741211,11825800,48.076210021972656
2021-06-14,55.689998626708984,55.709999084472656,55.20000076293945,55.54999923706055,9710800,47.91232681274414
2021-06-15,55.779998779296875,55.790000915527344,55.189998626708984,55.40999984741211,11154200,47.79157638549805
2021-06-16,55.439998626708984,55.459999084472656,54.63999938964844,54.66999816894531,15211700,47.153324127197266
2021-06-17,54.66999816894531,55.150001525878906,54.650001525878906,54.95000076293945,10658400,47.39482498168945
2021-06-18,54.5099983215332,54.619998931884766,53.720001220703125,53.77000045776367,31445600,46.377071380615234
2021-06-21,54.220001220703125,54.43000030517578,54.0,54.36000061035156,14404300,46.885948181152344
2021-06-22,54.34000015258789,54.849998474121094,54.2599983215332,54.560001373291016,13072800,47.058448791503906
2021-06-23,54.560001373291016,54.599998474121094,54.11000061035156,54.119998931884766,12339200,46.67894744873047
2021-06-24,54.2599983215332,54.41999816894531,54.0,54.38999938964844,11488400,46.91182327270508
2021-06-25,54.2400016784668,54.470001220703125,54.0099983215332,54.31999969482422,18880300,46.8514404296875
2021-06-28,54.25,54.369998931884766,54.0,54.2599983215332,10556900,46.79969024658203
2021-06-29,54.130001068115234,54.34000015258789,53.720001220703125,53.86000061035156,12300900,46.454689025878906
2021-06-30,53.79999923706055,54.18000030517578,53.75,54.11000061035156,14614200,46.670318603515625
2021-07-01,54.34000015258789,54.47999954223633,53.86000061035156,53.959999084472656,13214700,46.54093933105469
2021-07-02,54.0,54.45000076293945,54.0,54.18000030517578,10604600,46.73069381713867
2021-07-06,53.9900016784668,54.09000015258789,53.54999923706055,53.880001068115234,15278200,46.4719352722168
2021-07-07,53.720001220703125,54.380001068115234,53.720001220703125,54.31999969482422,14377700,46.8514404296875
2021-07-08,54.0099983215332,54.16999816894531,53.7400016784668,54.130001068115234,11943900,46.68756103515625
2021-07-09,54.25,54.52000045776367,54.18000030517578,54.459999084472656,10847000,46.97219467163086
2021-07-12,54.31999969482422,54.599998474121094,54.27000045776367,54.47999954223633,15107600,46.989437103271484
2021-07-13,54.95000076293945,55.29999923706055,54.75,55.02000045776367,15170800,47.4552001953125
2021-07-14,55.02000045776367,56.349998474121094,54.959999084472656,56.2599983215332,22002700,48.52470397949219
2021-07-15,56.2400016784668,56.470001220703125,55.90999984741211,56.439998626708984,15068200,48.679962158203125
2021-07-16,56.459999084472656,56.68000030517578,56.2599983215332,56.400001525878906,14860500,48.645469665527344
2021-07-19,56.08000183105469,56.349998474121094,55.15999984741211,55.72999954223633,19527000,48.06757736206055
2021-07-20,55.72999954223633,56.33000183105469,55.52000045776367,55.83000183105469,16257900,48.153831481933594
2021-07-21,57.33000183105469,57.560001373291016,56.43000030517578,56.54999923706055,20918200,48.77484130859375
2021-07-22,56.619998931884766,56.7400016784668,56.04999923706055,56.470001220703125,13402700,48.705833435058594
2021-07-23,56.59000015258789,57.33000183105469,56.45000076293945,57.0099983215332,12144000,49.171592712402344
2021-07-26,56.88999938964844,57.119998931884766,56.560001373291016,57.060001373291016,8681100,49.2147102355957
2021-07-27,57.11000061035156,57.540000915527344,56.91999816894531,57.2599983215332,12794400,49.3872184753418
2021-07-28,56.9900016784668,57.15999984741211,56.630001068115234,56.7400016784668,9858000,48.93871307373047
2021-07-29,57.06999969482422,57.25,56.86000061035156,57.04999923706055,9599100,49.20608901977539
2021-07-30,57.150001525878906,57.25,56.900001525878906,57.029998779296875,11727000,49.188846588134766
2021-08-02,57.20000076293945,57.2400016784668,56.709999084472656,56.880001068115234,9778000,49.05946350097656
2021-08-03,57.0,57.0,56.75,56.91999816894531,8825500,49.09396743774414
2021-08-04,56.75,56.95000076293945,56.0099983215332,56.099998474121094,11888400,48.38671112060547
2021-08-05,56.439998626708984,56.59000015258789,56.290000915527344,56.5,9806800,48.73170471191406
2021-08-06,56.599998474121094,56.7400016784668,56.439998626708984,56.63999938964844,10409300,48.85246276855469
2021-08-09,56.79999923706055,56.880001068115234,56.43000030517578,56.650001525878906,8859900,48.86109161376953
2021-08-10,56.84000015258789,57.16999816894531,56.65999984741211,56.79999923706055,10906900,48.99045944213867
2021-08-11,56.88999938964844,57.18000030517578,56.709999084472656,56.72999954223633,8370700,48.930084228515625
2021-08-12,56.72999954223633,56.97999954223633,56.72999954223633,56.84000015258789,6169200,49.024967193603516
2021-08-13,56.810001373291016,57.29999923706055,56.77000045776367,57.22999954223633,7714200,49.3613395690918
2021-08-16,57.20000076293945,57.4900016784668,57.029998779296875,57.47999954223633,7972000,49.57696533203125
2021-08-17,57.459999084472656,57.560001373291016,57.0099983215332,57.279998779296875,10346400,49.40446853637695
2021-08-18,57.189998626708984,57.22999954223633,56.41999816894531,56.5,13873700,48.73170471191406
2021-08-19,56.060001373291016,56.97999954223633,55.95000076293945,56.86000061035156,9223700,49.042213439941406
2021-08-20,56.84000015258789,57.029998779296875,56.58000183105469,56.63999938964844,10543600,48.85246276855469
2021-08-23,56.66999816894531,56.75,56.380001068115234,56.439998626708984,8912800,48.679962158203125
2021-08-24,56.63999938964844,56.63999938964844,55.900001525878906,56.0099983215332,12067200,48.309078216552734
2021-08-25,56.060001373291016,56.16999816894531,55.72999954223633,56.06999969482422,11270700,48.36083221435547
2021-08-26,55.95000076293945,55.97999954223633,55.5099983215332,55.540000915527344,10331500,47.90370559692383
2021-08-27,55.65999984741211,55.790000915527344,55.45000076293945,55.650001525878906,8844100,47.99858093261719
2021-08-30,55.689998626708984,56.20000076293945,55.63999938964844,56.18000030517578,10034700,48.45570373535156
2021-08-31,56.15999984741211,56.52000045776367,56.0,56.310001373291016,14185700,48.567840576171875
2021-09-01,56.380001068115234,56.79999923706055,56.279998779296875,56.689998626708984,9518900,48.89558792114258
2021-09-02,56.77000045776367,57.029998779296875,56.40999984741211,56.77000045776367,11653200,48.9645881652832
2021-09-03,56.459999084472656,56.77000045776367,56.25,56.72999954223633,13220400,48.930084228515625
2021-09-07,56.599998474121094,56.689998626708984,55.5099983215332,55.66999816894531,20035300,48.01583480834961
2021-09-08,55.61000061035156,56.47999954223633,55.61000061035156,56.41999816894531,12040100,48.66271209716797
2021-09-09,56.18000030517578,56.41999816894531,55.79999923706055,55.86000061035156,12545400,48.17970657348633
2021-09-10,56.0099983215332,56.130001068115234,55.52000045776367,55.61000061035156,10573700,47.964073181152344
2021-09-13,55.7400016784668,56.400001525878906,55.7400016784668,56.06999969482422,20274300,48.36083221435547
2021-09-14,55.91999816894531,55.97999954223633,55.54999923706055,55.689998626708984,13918900,48.39559555053711
2021-09-15,55.68000030517578,56.0,55.41999816894531,55.880001068115234,15746000,48.560699462890625
2021-09-16,55.720001220703125,55.9900016784668,54.81999969482422,55.349998474121094,17430400,48.10013198852539
2021-09-17,55.02000045776367,55.189998626708984,54.369998931884766,54.439998626708984,33370200,47.309329986572266
2021-09-20,54.11000061035156,54.400001525878906,53.72999954223633,54.060001373291016,27542500,46.97909164428711
2021-09-21,54.38999938964844,54.81999969482422,53.939998626708984,54.04999923706055,16418200,46.970401763916016
2021-09-22,54.5099983215332,54.560001373291016,54.060001373291016,54.130001068115234,12719700,47.039920806884766
2021-09-23,54.2599983215332,54.619998931884766,54.0,54.040000915527344,13836200,46.96171188354492
2021-09-24,54.0,54.2400016784668,53.86000061035156,53.88999938964844,9682200,46.831356048583984
2021-09-27,53.849998474121094,54.25,53.56999969482422,53.61000061035156,12429500,46.58803939819336
2021-09-28,53.459999084472656,53.459999084472656,52.43000030517578,52.63999938964844,19926100,45.74509048461914
2021-09-29,52.63999938964844,53.15999984741211,52.560001373291016,52.959999084472656,13941500,46.02317810058594
2021-09-30,53.16999816894531,53.33000183105469,52.43000030517578,52.470001220703125,17672000,45.59736251831055
2021-10-01,52.779998779296875,53.20000076293945,52.56999969482422,53.02000045776367,16277400,46.075321197509766
2021-10-04,53.060001373291016,53.529998779296875,52.400001525878906,52.9900016784668,18973400,46.049251556396484
2021-10-05,53.02000045776367,53.470001220703125,52.93000030517578,53.08000183105469,17173100,46.12746047973633
2021-10-06,52.77000045776367,53.77000045776367,52.5099983215332,53.709999084472656,21284500,46.674930572509766
2021-10-07,53.9900016784668,54.279998779296875,53.810001373291016,53.880001068115234,13774400,46.822669982910156
2021-10-08,54.0,54.38999938964844,53.900001525878906,54.119998931884766,13786800,47.0312385559082
2021-10-11,54.209999084472656,54.38999938964844,54.0099983215332,54.22999954223633,12378500,47.126827239990234
2021-10-12,54.41999816894531,54.83000183105469,54.220001220703125,54.22999954223633,19474400,47.126827239990234
2021-10-13,54.16999816894531,54.43000030517578,53.790000915527344,54.2400016784668,12143300,47.13551712036133
2021-10-14,54.38999938964844,54.810001373291016,54.310001373291016,54.61000061035156,13704000,47.45705032348633
2021-10-15,54.63999938964844,54.880001068115234,54.290000915527344,54.47999954223633,17867000,47.344078063964844
2021-10-18,54.349998474121094,54.38999938964844,53.86000061035156,53.939998626708984,15861800,46.87481689453125
2021-10-19,54.040000915527344,54.20000076293945,53.77000045776367,54.150001525878906,11068500,47.057308197021484
2021-10-20,54.18000030517578,54.7599983215332,54.11000061035156,54.630001068115234,12474800,47.47443771362305
2021-10-21,54.599998474121094,54.66999816894531,54.209999084472656,54.349998474121094,14388300,47.231109619140625
2021-10-22,54.38999938964844,54.529998779296875,54.06999969482422,54.45000076293945,12828600,47.31801223754883
2021-10-25,54.380001068115234,54.470001220703125,54.02000045776367,54.22999954223633,11855000,47.126827239990234
2021-10-26,54.31999969482422,54.58000183105469,54.22999954223633,54.470001220703125,12086700,47.33539581298828
2021-10-27,55.970001220703125,56.08000183105469,55.27000045776367,55.52000045776367,24019800,48.24785614013672
2021-10-28,55.75,56.11000061035156,55.619998931884766,56.040000915527344,15928000,48.69975280761719
2021-10-29,55.869998931884766,56.470001220703125,55.779998779296875,56.369998931884766,24463700,48.98652267456055
2021-11-01,56.38999938964844,56.400001525878906,55.900001525878906,56.16999816894531,11651100,48.812721252441406
2021-11-02,56.470001220703125,56.5,55.970001220703125,56.099998474121094,11498900,48.75188446044922
2021-11-03,56.0,56.33000183105469,55.779998779296875,56.290000915527344,10788300,48.9170036315918
2021-11-04,56.11000061035156,56.630001068115234,56.029998779296875,56.599998474121094,10820200,49.186397552490234
2021-11-05,56.84000015258789,57.15999984741211,56.59000015258789,56.84000015258789,12886700,49.394962310791016
2021-11-08,56.75,56.88999938964844,56.130001068115234,56.33000183105469,12828000,48.95176696777344
2021-11-09,56.40999984741211,56.52000045776367,56.09000015258789,56.4900016784668,10155800,49.0908088684082
2021-11-10,56.540000915527344,56.91999816894531,56.290000915527344,56.720001220703125,8813600,49.290679931640625
2021-11-11,56.83000183105469,56.880001068115234,56.56999969482422,56.7400016784668,7257700,49.30806350708008
2021-11-12,56.75,56.9900016784668,56.54999923706055,56.61000061035156,10162500,49.195091247558594
2021-11-15,56.529998779296875,56.68000030517578,56.27000045776367,56.619998931884766,10289200,49.20378494262695
2021-11-16,56.619998931884766,56.939998626708984,56.189998626708984,56.220001220703125,13756500,48.856163024902344
2021-11-17,56.040000915527344,56.04999923706055,55.650001525878906,55.90999984741211,13288700,48.5867805480957
2021-11-18,55.83000183105469,55.93000030517578,55.13999938964844,55.40999984741211,15380100,48.15227127075195
2021-11-19,55.439998626708984,55.4900016784668,54.900001525878906,55.130001068115234,15813700,47.9089469909668
2021-11-22,55.099998474121094,56.02000045776367,55.08000183105469,55.470001220703125,16905600,48.20441436767578
2021-11-23,55.65999984741211,56.11000061035156,55.5,55.880001068115234,13835900,48.560699462890625
2021-11-24,55.709999084472656,55.84000015258789,55.029998779296875,55.43000030517578,12598900,48.16965866088867
2021-11-26,54.59000015258789,54.75,53.58000183105469,53.72999954223633,14754300,46.69232177734375
2021-11-29,54.04999923706055,54.72999954223633,53.93000030517578,54.58000183105469,22712500,47.43098449707031
2021-11-30,53.599998474121094,53.630001068115234,52.439998626708984,52.45000076293945,30485200,45.93343734741211
2021-12-01,52.97999954223633,53.52000045776367,52.279998779296875,52.29999923706055,18719600,45.80207061767578
2021-12-02,52.599998474121094,53.34000015258789,52.5099983215332,53.06999969482422,17074200,46.476409912109375
2021-12-03,53.33000183105469,53.61000061035156,52.97999954223633,53.540000915527344,21064400,46.88801956176758
2021-12-06,54.310001373291016,55.25,54.13999938964844,54.90999984741211,26624100,48.08780288696289
2021-12-07,55.02000045776367,55.41999816894531,54.849998474121094,55.209999084472656,23832700,48.35053253173828
2021-12-08,55.119998931884766,55.349998474121094,54.36000061035156,55.0,18026300,48.16661834716797
2021-12-09,54.75,55.130001068115234,54.59000015258789,54.86000061035156,13846400,48.04401779174805
2021-12-10,55.25,56.31999969482422,55.06999969482422,56.279998779296875,23153600,49.287593841552734
2021-12-13,56.97999954223633,57.93000030517578,56.959999084472656,57.7599983215332,31362800,50.583702087402344
2021-12-14,57.400001525878906,58.16999816894531,57.400001525878906,57.79999923706055,24806600,50.61874008178711
2021-12-15,57.93000030517578,58.25,57.650001525878906,58.060001373291016,24923800,50.846435546875
2021-12-16,57.97999954223633,58.880001068115234,57.900001525878906,58.650001525878906,24696900,51.363136291503906
2021-12-17,58.4900016784668,58.91999816894531,57.70000076293945,57.72999954223633,51874400,50.55743408203125
2021-12-20,57.20000076293945,57.779998779296875,57.0,57.540000915527344,20879500,50.39104461669922
2021-12-21,57.61000061035156,57.970001220703125,57.529998779296875,57.77000045776367,15864900,50.592464447021484
2021-12-22,57.709999084472656,58.189998626708984,57.4900016784668,58.18000030517578,12447400,50.951534271240234
2021-12-23,58.52000045776367,58.61000061035156,57.939998626708984,58.220001220703125,11027300,50.9865608215332
2021-12-27,58.0,58.689998626708984,58.0,58.650001525878906,9860000,51.363136291503906
2021-12-28,58.400001525878906,58.939998626708984,58.29999923706055,58.880001068115234,8979900,51.564552307128906
2021-12-29,58.95000076293945,59.099998474121094,58.65999984741211,58.95000076293945,9996000,51.62586212158203
2021-12-30,59.060001373291016,59.22999954223633,58.7599983215332,58.779998779296875,7703900,51.47698211669922
2021-12-31,58.75,59.349998474121094,58.70000076293945,59.209999084472656,10021300,51.853553771972656
2022-01-03,58.81999969482422,59.310001373291016,58.380001068115234,59.29999923706055,20187300,51.932373046875
2022-01-04,59.72999954223633,60.540000915527344,59.59000015258789,60.290000915527344,26141600,52.79936981201172
2022-01-05,60.09000015258789,61.20000076293945,60.04999923706055,60.790000915527344,22507300,53.23725128173828
2022-01-06,60.470001220703125,61.119998931884766,60.439998626708984,60.470001220703125,17902300,52.95701599121094
2022-01-07,60.279998779296875,60.720001220703125,60.060001373291016,60.33000183105469,12307900,52.83440399169922
2022-01-10,60.54999923706055,60.81999969482422,60.18000030517578,60.43000030517578,20954300,52.92197799682617
2022-01-11,60.43000030517578,60.4900016784668,59.84000015258789,60.45000076293945,19369600,52.939491271972656
2022-01-12,60.529998779296875,60.689998626708984,60.189998626708984,60.540000915527344,15753800,53.018310546875
2022-01-13,60.540000915527344,61.040000915527344,60.38999938964844,60.900001525878906,14318000,53.333587646484375
2022-01-14,60.939998626708984,61.45000076293945,60.36000061035156,61.38999938964844,19729600,53.7627067565918
2022-01-18,61.060001373291016,61.189998626708984,60.45000076293945,60.900001525878906,21976700,53.333587646484375
2022-01-19,60.65999984741211,61.18000030517578,60.560001373291016,61.0,18654700,53.42115783691406
2022-01-20,61.0,61.439998626708984,60.720001220703125,60.75,23002400,53.20221710205078
2022-01-21,61.08000183105469,61.29999923706055,60.400001525878906,60.45000076293945,26643200,52.939491271972656
2022-01-24,59.900001525878906,60.349998474121094,58.56999969482422,59.959999084472656,30185100,52.510372161865234
2022-01-25,59.36000061035156,60.04999923706055,58.689998626708984,59.81999969482422,19027100,52.38777160644531
2022-01-26,59.790000915527344,60.349998474121094,59.209999084472656,59.599998474121094,19190200,52.19510269165039
2022-01-27,59.880001068115234,60.93000030517578,59.5,59.650001525878906,18893800,52.2388916015625
2022-01-28,59.38999938964844,60.88999938964844,58.939998626708984,60.84000015258789,19101500,53.281044006347656
2022-01-31,60.29999923706055,61.13999938964844,60.150001525878906,61.0099983215332,22045300,53.429908752441406
2022-02-01,60.90999984741211,61.13999938964844,60.15999984741211,60.560001373291016,20841700,53.035831451416016
2022-02-02,60.619998931884766,61.27000045776367,60.560001373291016,61.18000030517578,20225600,53.578792572021484
2022-02-03,60.939998626708984,61.779998779296875,60.59000015258789,61.61000061035156,19440500,53.95537185668945
2022-02-04,61.4900016784668,61.68000030517578,60.56999969482422,60.959999084472656,17403700,53.38612747192383
2022-02-07,61.380001068115234,61.720001220703125,60.86000061035156,61.599998474121094,17846400,53.94661331176758
2022-02-08,61.83000183105469,62.33000183105469,61.7400016784668,62.0,18771700,54.296913146972656
2022-02-09,62.16999816894531,62.31999969482422,60.900001525878906,61.040000915527344,23595600,53.4561882019043
2022-02-10,60.36000061035156,62.29999923706055,60.20000076293945,61.380001068115234,23561500,53.75394821166992
2022-02-11,61.77000045776367,61.97999954223633,60.150001525878906,60.290000915527344,22781400,52.79936981201172
2022-02-14,60.15999984741211,60.790000915527344,59.279998779296875,60.68000030517578,23641300,53.14091491699219
2022-02-15,60.959999084472656,61.779998779296875,60.630001068115234,60.90999984741211,13408700,53.34234619140625
2022-02-16,60.86000061035156,61.400001525878906,60.560001373291016,60.900001525878906,15484700,53.333587646484375
2022-02-17,60.54999923706055,62.279998779296875,60.40999984741211,62.119998931884766,21468700,54.402008056640625
2022-02-18,62.119998931884766,62.81999969482422,61.9900016784668,62.540000915527344,21975000,54.76981735229492
2022-02-22,62.43000030517578,62.63999938964844,61.720001220703125,62.279998779296875,21731400,54.54213333129883
2022-02-23,62.2400016784668,62.33000183105469,61.34000015258789,61.59000015258789,19248500,53.93785095214844
2022-02-24,59.970001220703125,60.619998931884766,59.220001220703125,60.5099983215332,27207400,52.992042541503906
2022-02-25,60.939998626708984,62.900001525878906,60.91999816894531,62.849998474121094,21487800,55.04130935668945
2022-02-28,61.650001525878906,62.34000015258789,61.40999984741211,62.2400016784668,25879100,54.50709533691406
2022-03-01,62.13999938964844,62.75,61.5099983215332,61.970001220703125,15871100,54.27065658569336
2022-03-02,62.22999954223633,62.880001068115234,61.779998779296875,62.43000030517578,17319100,54.673492431640625
2022-03-03,62.61000061035156,63.02000045776367,62.290000915527344,62.470001220703125,21262800,54.708526611328125
2022-03-04,61.459999084472656,62.59000015258789,61.20000076293945,62.56999969482422,17163000,54.796104431152344
2022-03-07,62.0099983215332,62.06999969482422,60.720001220703125,61.08000183105469,29151400,53.49121856689453
2022-03-08,61.45000076293945,61.540000915527344,58.59000015258789,58.65999984741211,30242100,51.37189483642578
2022-03-09,59.81999969482422,59.84000015258789,58.65999984741211,58.959999084472656,23022700,51.634613037109375
2022-03-10,58.47999954223633,58.65999984741211,57.5,57.880001068115234,20887300,50.68879699707031
2022-03-11,57.959999084472656,58.849998474121094,57.86000061035156,57.91999816894531,19855600,50.72382736206055
2022-03-14,57.970001220703125,59.040000915527344,57.970001220703125,58.540000915527344,17799400,51.65923309326172
2022-03-15,59.08000183105469,59.88999938964844,58.97999954223633,59.619998931884766,18607200,52.6122932434082
2022-03-16,59.779998779296875,59.939998626708984,58.61000061035156,59.459999084472656,17347300,52.47109603881836
2022-03-17,59.459999084472656,60.13999938964844,59.22999954223633,60.09000015258789,15586200,53.02705001831055
2022-03-18,60.29999923706055,60.29999923706055,59.709999084472656,60.099998474121094,30197800,53.03587341308594
2022-03-21,60.5,61.099998474121094,60.25,60.58000183105469,17440100,53.4594612121582
2022-03-22,60.93000030517578,60.95000076293945,60.060001373291016,60.79999923706055,17559500,53.65360641479492
2022-03-23,60.75,60.97999954223633,60.0,60.400001525878906,15529200,53.30061340332031
2022-03-24,60.63999938964844,61.02000045776367,60.459999084472656,60.97999954223633,13151300,53.81243896484375
2022-03-25,61.119998931884766,61.61000061035156,61.04999923706055,61.529998779296875,12259800,54.29779052734375
2022-03-28,61.529998779296875,61.939998626708984,61.209999084472656,61.91999816894531,11485200,54.64196014404297
2022-03-29,62.209999084472656,62.529998779296875,61.7400016784668,62.15999984741211,14720600,54.85375213623047
2022-03-30,62.0099983215332,62.209999084472656,61.560001373291016,62.209999084472656,13641000,54.89786148071289
2022-03-31,62.220001220703125,62.63999938964844,62.0,62.0,16822900,54.71255111694336
2022-04-01,62.33000183105469,62.95000076293945,62.09000015258789,62.869998931884766,12644900,55.48028564453125
2022-04-04,62.599998474121094,62.790000915527344,61.720001220703125,62.540000915527344,11505800,55.1890754699707
2022-04-05,62.400001525878906,63.2400016784668,62.369998931884766,62.470001220703125,15721200,55.127296447753906
2022-04-06,62.77000045776367,63.2599983215332,62.29999923706055,63.099998474121094,19267400,55.683258056640625
2022-04-07,63.130001068115234,63.66999816894531,62.709999084472656,63.439998626708984,13960800,55.98329162597656
2022-04-08,63.47999954223633,64.04000091552734,63.15999984741211,63.83000183105469,12703500,56.327457427978516
2022-04-11,63.90999984741211,64.30000305175781,63.63999938964844,63.810001373291016,12720100,56.30980682373047
2022-04-12,64.37999725341797,64.80999755859375,63.88999938964844,64.55999755859375,18089900,56.971641540527344
2022-04-13,64.44000244140625,64.87000274658203,64.2300033569336,64.7300033569336,11883000,57.12167739868164
2022-04-14,64.95999908447266,65.56999969482422,64.81999969482422,65.0199966430664,16388400,57.3775749206543
2022-04-18,64.7699966430664,65.18000030517578,64.18000030517578,64.44000244140625,11679400,56.86574935913086
2022-04-19,64.5,65.25,64.44000244140625,65.06999969482422,11993800,57.42170715332031
2022-04-20,65.44000244140625,66.23999786376953,65.4000015258789,65.95999908447266,14827100,58.207096099853516
2022-04-21,65.9800033569336,67.0,65.72000122070312,66.20999908447266,15120400,58.42770767211914
2022-04-22,66.08000183105469,66.33999633789062,65.18000030517578,65.25,14902200,57.58053970336914
2022-04-25,67.0,67.19999694824219,64.77999877929688,65.94000244140625,25082000,58.18944549560547
2022-04-26,65.5199966430664,66.37000274658203,65.04000091552734,65.05000305175781,21982600,57.404056549072266
2022-04-27,65.0,66.27999877929688,65.0,65.55999755859375,16971000,57.85409927368164
2022-04-28,64.66000366210938,66.27999877929688,64.5,66.19000244140625,22010600,58.41006851196289
2022-04-29,65.87000274658203,66.02999877929688,64.48999786376953,64.61000061035156,20137100,57.015777587890625
2022-05-02,65.27999877929688,65.30999755859375,62.58000183105469,63.439998626708984,24970300,55.98329162597656
2022-05-03,63.720001220703125,63.939998626708984,62.66999816894531,63.08000183105469,21686300,55.66560745239258
2022-05-04,63.0,65.12000274658203,62.939998626708984,65.02999877929688,19780200,57.38639450073242
2022-05-05,64.69000244140625,65.02999877929688,64.01000213623047,64.51000213623047,20155200,56.92753219604492
2022-05-06,64.19999694824219,65.30999755859375,64.06999969482422,64.73999786376953,18984000,57.130489349365234
2022-05-09,64.47000122070312,65.36000061035156,64.04000091552734,64.61000061035156,20055300,57.015777587890625
2022-05-10,64.5,65.31999969482422,63.849998474121094,64.01000213623047,21322200,56.486297607421875
2022-05-11,64.33000183105469,65.19999694824219,63.959999084472656,64.30999755859375,19648400,56.75102996826172
2022-05-12,64.16000366210938,64.52999877929688,63.209999084472656,64.51000213623047,22574700,56.92753219604492
2022-05-13,64.80999755859375,65.80000305175781,64.12000274658203,65.72000122070312,16167000,57.99531173706055
2022-05-16,65.44000244140625,66.37999725341797,65.44000244140625,65.95999908447266,13223200,58.207096099853516
2022-05-17,66.0999984741211,66.0999984741211,65.01000213623047,65.77999877929688,21300600,58.04825210571289
2022-05-18,65.41999816894531,65.5199966430664,60.959999084472656,61.20000076293945,31437300,54.0065803527832
2022-05-19,60.959999084472656,60.959999084472656,59.65999984741211,60.0,31493900,52.94763946533203
2022-05-20,60.4900016784668,61.2400016784668,59.65999984741211,60.97999954223633,29133800,53.81243896484375
2022-05-23,61.650001525878906,63.099998474121094,61.59000015258789,62.86000061035156,19406900,55.471466064453125
2022-05-24,62.880001068115234,64.19000244140625,62.75,64.0199966430664,16154200,56.4951171875
2022-05-25,64.0,64.47000122070312,63.599998474121094,64.06999969482422,15360500,56.539249420166016
2022-05-26,64.06999969482422,65.0999984741211,63.959999084472656,64.30000305175781,16159800,56.742210388183594
2022-05-27,64.26000213623047,64.83000183105469,64.13999938964844,64.68000030517578,17709000,57.07754135131836
2022-05-31,64.08000183105469,64.31999969482422,63.04999923706055,63.380001068115234,43159000,55.93035125732422
2022-06-01,63.41999816894531,63.68000030517578,62.130001068115234,63.06999969482422,15408300,55.656776428222656
2022-06-02,63.18000030517578,63.7400016784668,62.11000061035156,63.72999954223633,14586000,56.23920822143555
2022-06-03,63.56999969482422,63.630001068115234,62.810001373291016,62.970001220703125,13539900,55.568538665771484
2022-06-06,63.33000183105469,63.77000045776367,62.65999984741211,62.869998931884766,15112800,55.48028564453125
2022-06-07,62.380001068115234,63.369998931884766,62.220001220703125,63.25,17886300,55.815616607666016
2022-06-08,62.9900016784668,63.209999084472656,62.560001373291016,62.88999938964844,10211500,55.497947692871094
2022-06-09,62.869998931884766,63.349998474121094,61.779998779296875,61.79999923706055,13382200,54.53605270385742
2022-06-10,61.0099983215332,61.88999938964844,60.459999084472656,61.40999984741211,14967600,54.19189453125
2022-06-13,60.75,62.290000915527344,60.66999816894531,61.34000015258789,23064200,54.13014221191406
2022-06-14,60.72999954223633,60.88999938964844,58.65999984741211,59.22999954223633,24620000,52.64576721191406
2022-06-15,60.0,60.63999938964844,58.970001220703125,59.66999816894531,19684700,53.03685760498047
2022-06-16,58.63999938964844,59.52000045776367,58.25,59.06999969482422,15053800,52.5035514831543
2022-06-17,59.70000076293945,60.130001068115234,59.130001068115234,59.43000030517578,34781900,52.82353591918945
2022-06-21,59.4900016784668,60.880001068115234,59.0099983215332,60.70000076293945,17705000,53.952354431152344
2022-06-22,60.599998474121094,61.45000076293945,60.31999969482422,61.150001525878906,15207100,54.352333068847656
2022-06-23,61.29999923706055,61.90999984741211,61.22999954223633,61.880001068115234,17190900,55.001190185546875
2022-06-24,62.11000061035156,63.060001373291016,62.11000061035156,63.040000915527344,18147100,56.03224563598633
2022-06-27,62.97999954223633,63.290000915527344,62.630001068115234,62.90999984741211,12142100,55.91669464111328
2022-06-28,63.08000183105469,63.7599983215332,62.11000061035156,62.279998779296875,13150100,55.356719970703125
2022-06-29,62.540000915527344,63.11000061035156,62.43000030517578,62.72999954223633,11795500,55.75669479370117
2022-06-30,62.31999969482422,63.11000061035156,62.15999984741211,62.90999984741211,15514200,55.91669464111328
2022-07-01,63.119998931884766,64.44999694824219,62.81999969482422,64.37999725341797,15143200,57.223270416259766
2022-07-05,64.18000030517578,64.18000030517578,62.41999816894531,63.279998779296875,15921200,56.24555206298828
2022-07-06,63.599998474121094,64.08999633789062,63.189998626708984,63.40999984741211,13450500,56.361106872558594
2022-07-07,63.2599983215332,63.58000183105469,62.70000076293945,62.90999984741211,14828400,55.91669464111328
2022-07-08,63.029998779296875,63.41999816894531,62.880001068115234,63.13999938964844,11311500,56.121116638183594
2022-07-11,62.9900016784668,63.459999084472656,62.59000015258789,62.939998626708984,12702100,55.9433479309082
2022-07-12,63.0,63.45000076293945,62.470001220703125,62.66999816894531,14731100,55.70336151123047
2022-07-13,62.33000183105469,63.0,61.97999954223633,62.380001068115234,13145300,55.44560623168945
2022-07-14,61.33000183105469,62.25,61.29999923706055,62.18000030517578,14433000,55.26783752441406
2022-07-15,62.75,62.970001220703125,62.06999969482422,62.5,21968400,55.55226516723633
2022-07-18,62.52000045776367,62.560001373291016,61.5099983215332,61.650001525878906,10780800,54.796756744384766
2022-07-19,62.09000015258789,62.650001525878906,61.93000030517578,62.529998779296875,10998200,55.57892608642578
2022-07-20,62.400001525878906,62.58000183105469,61.150001525878906,61.5,11010500,54.663429260253906
2022-07-21,61.2599983215332,61.880001068115234,60.790000915527344,61.36000061035156,11959600,54.53899383544922
2022-07-22,61.380001068115234,61.869998931884766,61.31999969482422,61.59000015258789,11644700,54.74342346191406
2022-07-25,61.54999923706055,62.29999923706055,61.310001373291016,62.189998626708984,14941700,55.2767219543457
2022-07-26,62.75,63.79999923706055,62.529998779296875,63.209999084472656,20118000,56.18334197998047
2022-07-27,62.880001068115234,63.189998626708984,61.790000915527344,63.0099983215332,12142900,56.00556564331055
2022-07-28,62.91999816894531,64.25,62.88999938964844,64.05999755859375,10837000,56.938846588134766
2022-07-29,63.709999084472656,64.29000091552734,63.630001068115234,64.16999816894531,13734200,57.03662109375
2022-08-01,64.08999633789062,65.04000091552734,64.02999877929688,64.5199966430664,12831500,57.34770965576172
2022-08-02,64.58999633789062,64.5999984741211,63.43000030517578,63.63999938964844,15241900,56.5655403137207
2022-08-03,63.54999923706055,64.0999984741211,63.310001373291016,63.91999816894531,11317000,56.81441116333008
2022-08-04,63.63999938964844,63.72999954223633,62.91999816894531,63.66999816894531,11795600,56.592201232910156
2022-08-05,63.630001068115234,63.630001068115234,62.66999816894531,63.380001068115234,10445400,56.33444595336914
2022-08-08,63.5,63.810001373291016,62.75,62.970001220703125,9165200,55.97001647949219
2022-08-09,63.18000030517578,63.310001373291016,62.849998474121094,63.04999923706055,7910900,56.04113006591797
2022-08-10,63.630001068115234,63.790000915527344,63.099998474121094,63.650001525878906,8857300,56.57443618774414
2022-08-11,63.689998626708984,63.9900016784668,63.08000183105469,63.220001220703125,8507800,56.192222595214844
2022-08-12,63.43000030517578,63.7599983215332,63.09000015258789,63.70000076293945,9489300,56.618873596191406
2022-08-15,63.63999938964844,64.69000244140625,63.56999969482422,64.5,9863300,57.32994079589844
2022-08-16,64.56999969482422,65.2300033569336,64.33000183105469,65.02999877929688,9569600,57.8010139465332
2022-08-17,64.83000183105469,65.22000122070312,64.76000213623047,64.87999725341797,8144000,57.667694091796875
2022-08-18,64.95999908447266,65.3499984741211,64.70999908447266,65.22000122070312,6532000,57.969905853271484
2022-08-19,65.20999908447266,65.47000122070312,64.95999908447266,65.16999816894531,8921100,57.92546463012695
2022-08-22,64.83999633789062,64.91999816894531,63.9900016784668,64.19999694824219,9087900,57.06328582763672
2022-08-23,63.81999969482422,64.37000274658203,63.68000030517578,64.2699966430664,8443800,57.12549591064453
2022-08-24,64.23999786376953,64.58000183105469,64.05000305175781,64.36000061035156,6844700,57.205501556396484
2022-08-25,64.36000061035156,64.70999908447266,63.900001525878906,64.66999816894531,7913900,57.48102951049805
2022-08-26,64.7300033569336,64.80000305175781,62.97999954223633,63.11000061035156,10089500,56.09444808959961
2022-08-29,62.689998626708984,63.029998779296875,62.40999984741211,62.72999954223633,9115900,55.75669479370117
2022-08-30,62.90999984741211,62.90999984741211,61.9900016784668,62.150001525878906,8456800,55.24117660522461
2022-08-31,62.380001068115234,62.529998779296875,61.70000076293945,61.709999084472656,14633600,54.85008239746094
2022-09-01,61.58000183105469,62.040000915527344,61.290000915527344,62.0,14939700,55.107845306396484
2022-09-02,62.38999938964844,62.77000045776367,60.900001525878906,61.150001525878906,11809800,54.352333068847656
2022-09-06,61.290000915527344,61.970001220703125,60.9900016784668,61.18000030517578,12181800,54.37900161743164
2022-09-07,61.31999969482422,62.4900016784668,61.31999969482422,62.310001373291016,13290700,55.383384704589844
2022-09-08,62.08000183105469,62.29999923706055,61.34000015258789,62.119998931884766,17193500,55.214500427246094
2022-09-09,62.16999816894531,62.880001068115234,61.86000061035156,62.31999969482422,11855900,55.39227294921875
2022-09-12,62.43000030517578,62.810001373291016,62.27000045776367,62.5,13026900,55.55226516723633
2022-09-13,62.20000076293945,62.220001220703125,60.279998779296875,60.470001220703125,18532800,53.747928619384766
2022-09-14,60.63999938964844,61.08000183105469,60.439998626708984,60.790000915527344,12881600,54.032352447509766
2022-09-15,60.400001525878906,60.400001525878906,59.36000061035156,59.529998779296875,11451900,53.298187255859375
2022-09-16,59.65999984741211,59.79999923706055,59.11000061035156,59.540000915527344,20493500,53.307151794433594
2022-09-19,59.38999938964844,60.099998474121094,59.22999954223633,59.9900016784668,12596200,53.71004104614258
2022-09-20,59.68000030517578,60.029998779296875,59.31999969482422,59.900001525878906,11984600,53.62946319580078
2022-09-21,60.13999938964844,60.70000076293945,59.38999938964844,59.400001525878906,14165300,53.18180847167969
2022-09-22,59.54999923706055,59.72999954223633,59.20000076293945,59.2599983215332,11657600,53.056461334228516
2022-09-23,58.959999084472656,59.099998474121094,58.0,58.599998474121094,14824000,52.46554946899414
2022-09-26,58.4900016784668,58.56999969482422,57.689998626708984,57.869998931884766,18670100,51.811973571777344
2022-09-27,58.08000183105469,58.369998931884766,56.310001373291016,56.380001068115234,23829300,50.47795104980469
2022-09-28,56.65999984741211,57.25,55.90999984741211,56.97999954223633,21480100,51.01513671875
2022-09-29,57.09000015258789,57.290000915527344,56.0,56.56999969482422,14570700,50.64805221557617
2022-09-30,56.869998931884766,57.130001068115234,56.0,56.02000045776367,16124600,50.15563201904297
2022-10-03,56.36000061035156,56.849998474121094,56.060001373291016,56.650001525878906,16277600,50.71967697143555
2022-10-04,56.95000076293945,57.810001373291016,56.459999084472656,56.779998779296875,18861400,50.8360710144043
2022-10-05,56.5,56.650001525878906,55.5099983215332,56.2400016784668,14324900,50.352596282958984
2022-10-06,56.0,56.099998474121094,54.869998931884766,55.029998779296875,17192800,49.26926803588867
2022-10-07,54.9900016784668,55.09000015258789,54.25,54.5099983215332,11479800,48.8036994934082
2022-10-10,54.599998474121094,54.959999084472656,54.02000045776367,54.38999938964844,10239100,48.69626998901367
2022-10-11,54.459999084472656,55.220001220703125,54.2400016784668,54.47999954223633,14303900,48.77684783935547
2022-10-12,55.22999954223633,56.040000915527344,55.040000915527344,55.13999938964844,18377400,49.36776351928711
2022-10-13,54.47999954223633,56.08000183105469,54.2599983215332,55.869998931884766,16220700,50.02133560180664
2022-10-14,56.290000915527344,56.470001220703125,54.939998626708984,54.97999954223633,15997900,49.2244987487793
2022-10-17,55.630001068115234,56.220001220703125,55.56999969482422,55.689998626708984,13721400,49.86017990112305
2022-10-18,56.310001373291016,56.779998779296875,56.099998474121094,56.439998626708984,11823100,50.53166580200195
2022-10-19,56.310001373291016,56.540000915527344,55.72999954223633,55.959999084472656,10182300,50.101905822753906
2022-10-20,55.77000045776367,55.91999816894531,54.959999084472656,55.08000183105469,16905100,49.31404113769531
2022-10-21,55.0,56.11000061035156,54.9900016784668,55.959999084472656,15034100,50.101905822753906
2022-10-24,56.63999938964844,57.72999954223633,56.56999969482422,57.56999969482422,17416700,51.543373107910156
2022-10-25,59.040000915527344,59.11000061035156,57.75,58.95000076293945,28829900,52.778907775878906
2022-10-26,59.0099983215332,59.779998779296875,58.86000061035156,59.38999938964844,15831400,53.172855377197266
2022-10-27,59.77000045776367,59.84000015258789,59.380001068115234,59.529998779296875,16026100,53.298187255859375
2022-10-28,59.56999969482422,60.90999984741211,59.470001220703125,60.7599983215332,12888900,54.399436950683594
2022-10-31,60.5099983215332,60.56999969482422,59.66999816894531,59.849998474121094,14016400,53.584693908691406
2022-11-01,60.029998779296875,60.290000915527344,59.369998931884766,59.63999938964844,10659500,53.39667892456055
2022-11-02,59.63999938964844,60.22999954223633,58.77000045776367,58.810001373291016,14549200,52.653560638427734
2022-11-03,58.11000061035156,59.0,58.099998474121094,58.779998779296875,9194000,52.626712799072266
2022-11-04,59.29999923706055,59.59000015258789,58.560001373291016,59.2599983215332,9725900,53.056461334228516
2022-11-07,59.2599983215332,59.77000045776367,59.2400016784668,59.4900016784668,8849700,53.262386322021484
2022-11-08,59.75,59.790000915527344,58.939998626708984,59.599998474121094,10081600,53.36085891723633
2022-11-09,59.59000015258789,59.63999938964844,58.75,58.77000045776367,10115200,52.61775207519531
2022-11-10,60.25,61.040000915527344,59.68000030517578,60.880001068115234,16804800,54.50688171386719
2022-11-11,61.369998931884766,61.45000076293945,60.209999084472656,61.31999969482422,18972100,54.900814056396484
2022-11-14,61.31999969482422,61.720001220703125,60.709999084472656,60.72999954223633,16361000,54.37257766723633
2022-11-15,61.130001068115234,61.45000076293945,60.0,60.630001068115234,13295800,54.283050537109375
2022-11-16,60.790000915527344,61.029998779296875,60.290000915527344,60.52000045776367,14199500,54.1845588684082
2022-11-17,60.189998626708984,60.7400016784668,60.130001068115234,60.709999084472656,11212600,54.35466766357422
2022-11-18,60.9900016784668,61.369998931884766,60.79999923706055,61.13999938964844,10415600,54.739654541015625
2022-11-21,61.40999984741211,62.209999084472656,61.20000076293945,62.08000183105469,15399400,55.58125305175781
2022-11-22,62.470001220703125,62.5,62.04999923706055,62.349998474121094,12319600,55.82299041748047
2022-11-23,62.4900016784668,62.790000915527344,62.29999923706055,62.630001068115234,8990400,56.073673248291016
2022-11-25,62.72999954223633,62.810001373291016,62.380001068115234,62.689998626708984,5165500,56.12738800048828
2022-11-28,62.689998626708984,63.099998474121094,62.560001373291016,62.70000076293945,12267500,56.136348724365234
2022-11-29,62.52000045776367,62.56999969482422,61.97999954223633,62.47999954223633,10969600,55.93937683105469
2022-11-30,62.0099983215332,63.68000030517578,61.75,63.61000061035156,30433900,57.3549919128418
2022-12-01,63.61000061035156,64.11000061035156,63.43000030517578,63.790000915527344,12001400,57.51728820800781
2022-12-02,63.61000061035156,64.5199966430664,63.400001525878906,64.3499984741211,13643500,58.02222442626953
2022-12-05,63.40999984741211,63.79999923706055,63.2599983215332,63.470001220703125,9185100,57.228763580322266
2022-12-06,63.52000045776367,63.880001068115234,63.22999954223633,63.439998626708984,10099500,57.20171356201172
2022-12-07,63.45000076293945,63.720001220703125,63.25,63.540000915527344,12307600,57.29187774658203
2022-12-08,63.599998474121094,63.849998474121094,63.349998474121094,63.810001373291016,9946200,57.53532409667969
2022-12-09,63.61000061035156,63.84000015258789,63.09000015258789,63.13999938964844,13914900,56.93120193481445
2022-12-12,63.29999923706055,64.01000213623047,63.0099983215332,63.970001220703125,11647900,57.679595947265625
2022-12-13,64.58999633789062,64.69999694824219,63.79999923706055,63.9900016784668,17521600,57.697628021240234
2022-12-14,64.19000244140625,64.6500015258789,63.56999969482422,63.9900016784668,12826700,57.697628021240234
2022-12-15,63.59000015258789,63.88999938964844,62.4900016784668,63.11000061035156,12212300,56.9041633605957
2022-12-16,62.75,63.13999938964844,62.33000183105469,62.75,33631500,56.579551696777344
2022-12-19,62.83000183105469,63.40999984741211,62.470001220703125,62.84000015258789,10919700,56.660709381103516
2022-12-20,62.81999969482422,63.150001525878906,62.75,62.790000915527344,10286500,56.615631103515625
2022-12-21,63.06999969482422,64.05000305175781,63.06999969482422,63.79999923706055,10411300,57.52631378173828
2022-12-22,63.41999816894531,63.59000015258789,62.650001525878906,63.34000015258789,9666700,57.11154556274414
2022-12-23,63.5,63.869998931884766,63.20000076293945,63.81999969482422,6463300,57.54434585571289
2022-12-27,63.93000030517578,64.29000091552734,63.709999084472656,64.20999908447266,7320700,57.895992279052734
2022-12-28,64.45999908447266,64.6500015258789,63.4900016784668,63.56999969482422,7159400,57.31892776489258
2022-12-29,63.79999923706055,64.1500015258789,63.70000076293945,63.95000076293945,7169300,57.66155242919922
2022-12-30,63.91999816894531,63.91999816894531,63.16999816894531,63.61000061035156,7650200,57.3549919128418
2023-01-03,63.560001373291016,63.560001373291016,62.18000030517578,62.95000076293945,12180500,56.75989532470703
2023-01-04,63.150001525878906,63.33000183105469,62.5099983215332,62.91999816894531,13387900,56.732845306396484
2023-01-05,62.599998474121094,62.79999923706055,62.08000183105469,62.20000076293945,9814700,56.08364486694336
2023-01-06,62.90999984741211,63.66999816894531,62.58000183105469,63.400001525878906,9990000,57.1656379699707
2023-01-09,63.29999923706055,63.720001220703125,62.58000183105469,62.61000061035156,9442600,56.45332717895508
2023-01-10,62.599998474121094,62.72999954223633,61.91999816894531,62.130001068115234,10134600,56.020530700683594
2023-01-11,62.380001068115234,62.560001373291016,61.40999984741211,62.0099983215332,10823000,55.91232681274414
2023-01-12,62.11000061035156,62.18000030517578,60.970001220703125,61.209999084472656,13907300,55.19099426269531
2023-01-13,60.70000076293945,61.459999084472656,60.59000015258789,61.43000030517578,13986400,55.38935470581055
2023-01-17,61.72999954223633,62.380001068115234,61.560001373291016,61.68000030517578,18327800,55.614784240722656
2023-01-18,61.5099983215332,61.59000015258789,59.68000030517578,59.810001373291016,19679400,53.92865753173828
2023-01-19,59.72999954223633,60.63999938964844,59.709999084472656,59.720001220703125,14894500,53.84751510620117
2023-01-20,59.720001220703125,60.09000015258789,59.400001525878906,60.08000183105469,14237700,54.17211151123047
2023-01-23,60.279998779296875,60.56999969482422,60.04999923706055,60.22999954223633,12613400,54.30735778808594
2023-01-24,60.08000183105469,61.849998474121094,59.79999923706055,60.54999923706055,10103300,54.59589385986328
2023-01-25,60.20000076293945,60.939998626708984,59.88999938964844,60.93000030517578,11265800,54.93852233886719
2023-01-26,60.810001373291016,61.099998474121094,60.56999969482422,60.810001373291016,11884800,54.8303337097168
2023-01-27,60.84000015258789,60.959999084472656,60.369998931884766,60.4900016784668,14087000,54.54179382324219
2023-01-30,60.540000915527344,61.16999816894531,60.459999084472656,60.63999938964844,15632000,54.67703628540039
2023-01-31,60.97999954223633,61.34000015258789,60.5099983215332,61.31999969482422,14344400,55.29018020629883
2023-02-01,61.13999938964844,61.58000183105469,60.619998931884766,61.33000183105469,12535400,55.299198150634766
2023-02-02,60.79999923706055,61.02000045776367,59.90999984741211,60.279998779296875,16947200,54.352439880371094
2023-02-03,60.349998474121094,60.41999816894531,59.22999954223633,59.83000183105469,15404400,53.946693420410156
2023-02-06,59.790000915527344,60.34000015258789,59.720001220703125,60.16999816894531,11330900,54.253257751464844
2023-02-07,59.66999816894531,60.2400016784668,59.540000915527344,60.06999969482422,14922700,54.1630973815918
2023-02-08,59.91999816894531,59.91999816894531,59.59000015258789,59.720001220703125,11012000,53.84751510620117
2023-02-09,60.150001525878906,60.31999969482422,59.599998474121094,59.619998931884766,12515300,53.757347106933594
2023-02-10,59.720001220703125,59.900001525878906,58.880001068115234,59.619998931884766,14420700,53.757347106933594
2023-02-13,59.900001525878906,60.7599983215332,59.72999954223633,60.599998474121094,16191800,54.6409797668457
2023-02-14,60.209999084472656,60.900001525878906,59.560001373291016,59.59000015258789,20505700,53.730289459228516
2023-02-15,59.900001525878906,59.93000030517578,59.22999954223633,59.59000015258789,13171400,53.730289459228516
2023-02-16,59.22999954223633,59.81999969482422,58.95000076293945,59.220001220703125,16538300,53.39667892456055
2023-02-17,59.5,60.22999954223633,59.380001068115234,60.119998931884766,16814700,54.20817565917969
2023-02-21,59.9900016784668,60.22999954223633,59.720001220703125,59.79999923706055,14278300,53.91964340209961
2023-02-22,59.849998474121094,60.36000061035156,59.75,59.97999954223633,12409600,54.08194351196289
2023-02-23,60.0099983215332,60.41999816894531,59.810001373291016,60.09000015258789,12222800,54.181129455566406
2023-02-24,59.68000030517578,59.90999984741211,59.38999938964844,59.84000015258789,9736200,53.95570373535156
2023-02-27,60.18000030517578,60.29999923706055,59.7400016784668,59.81999969482422,8849800,53.937679290771484
2023-02-28,59.70000076293945,59.70000076293945,59.13999938964844,59.5099983215332,16082200,53.65816116333008
2023-03-01,59.130001068115234,59.18000030517578,58.369998931884766,58.86000061035156,13275800,53.072078704833984
2023-03-02,58.84000015258789,59.779998779296875,58.79999923706055,59.720001220703125,11758300,53.84751510620117
2023-03-03,59.54999923706055,59.68000030517578,59.209999084472656,59.439998626708984,13101800,53.59504318237305
2023-03-06,59.2599983215332,60.380001068115234,59.220001220703125,60.36000061035156,16282700,54.424583435058594
2023-03-07,60.4900016784668,60.56999969482422,59.75,60.0099983215332,13961200,54.1089973449707
2023-03-08,60.040000915527344,60.33000183105469,59.72999954223633,60.040000915527344,10851600,54.13604736328125
2023-03-09,60.540000915527344,60.540000915527344,59.279998779296875,59.459999084472656,13900900,53.613075256347656
2023-03-10,59.70000076293945,60.13999938964844,58.9900016784668,59.209999084472656,13745800,53.387657165527344
2023-03-13,59.290000915527344,60.869998931884766,59.25,59.810001373291016,21956000,53.92865753173828
2023-03-14,60.0,60.459999084472656,59.349998474121094,60.029998779296875,19496900,54.12702941894531
2023-03-15,59.43000030517578,60.47999954223633,59.2400016784668,60.43000030517578,21089900,54.48768997192383
2023-03-16,60.09000015258789,60.34000015258789,59.70000076293945,60.29999923706055,15658300,54.78752517700195
2023-03-17,60.310001373291016,60.349998474121094,59.63999938964844,60.02000045776367,27351200,54.533119201660156
2023-03-20,60.15999984741211,60.599998474121094,59.970001220703125,60.599998474121094,12904100,55.06010055541992
2023-03-21,60.56999969482422,60.75,59.880001068115234,60.31999969482422,13716500,54.80569839477539
2023-03-22,60.400001525878906,60.869998931884766,60.029998779296875,60.04999923706055,10494200,54.56037521362305
2023-03-23,60.09000015258789,60.38999938964844,59.720001220703125,59.91999816894531,15479000,54.442264556884766
2023-03-24,60.25,61.02000045776367,59.90999984741211,60.900001525878906,12975600,55.332679748535156
2023-03-27,61.13999938964844,61.47999954223633,60.95000076293945,61.349998474121094,12777400,55.74153518676758
2023-03-28,61.38999938964844,61.7400016784668,61.27000045776367,61.41999816894531,10925700,55.80514144897461
2023-03-29,61.720001220703125,61.95000076293945,61.59000015258789,61.86000061035156,9441000,56.20492172241211
2023-03-30,61.880001068115234,62.09000015258789,61.65999984741211,61.849998474121094,9870700,56.195831298828125
2023-03-31,62.060001373291016,62.25,61.869998931884766,62.029998779296875,14440900,56.359375
2023-04-03,62.29999923706055,62.52000045776367,61.86000061035156,62.400001525878906,12300700,56.695556640625
2023-04-04,62.38999938964844,62.7400016784668,62.08000183105469,62.209999084472656,11433400,56.522918701171875
2023-04-05,62.529998779296875,63.02000045776367,62.5,62.79999923706055,12789600,57.05897903442383
2023-04-06,62.86000061035156,63.040000915527344,62.380001068115234,62.84000015258789,9644200,57.0953254699707
2023-04-10,62.4900016784668,62.689998626708984,62.02000045776367,62.689998626708984,7952600,56.95903015136719
2023-04-11,62.650001525878906,62.709999084472656,62.400001525878906,62.58000183105469,9913000,56.859100341796875
2023-04-12,62.47999954223633,63.029998779296875,62.310001373291016,62.689998626708984,9593700,56.95903015136719
2023-04-13,62.7599983215332,63.15999984741211,62.47999954223633,63.150001525878906,9871400,57.37697982788086
2023-04-14,63.04999923706055,63.150001525878906,62.779998779296875,63.04999923706055,8946000,57.2861328125
2023-04-17,63.31999969482422,63.529998779296875,63.13999938964844,63.459999084472656,9452400,57.65864944458008
2023-04-18,63.5099983215332,63.599998474121094,63.189998626708984,63.560001373291016,9035700,57.74950408935547
2023-04-19,63.72999954223633,63.83000183105469,63.43000030517578,63.68000030517578,9769500,57.85853576660156
2023-04-20,63.630001068115234,64.0,63.439998626708984,63.959999084472656,10706400,58.11294174194336
2023-04-21,64.0,64.2699966430664,63.79999923706055,64.05000305175781,12931100,58.1947135925293
2023-04-24,64.75,64.98999786376953,63.619998931884766,63.95000076293945,15532300,58.103851318359375
2023-04-25,64.16999816894531,64.16999816894531,63.630001068115234,63.849998474121094,12818900,58.012996673583984
2023-04-26,63.560001373291016,63.77000045776367,63.38999938964844,63.54999923706055,13179600,57.740421295166016
2023-04-27,63.529998779296875,63.7599983215332,63.11000061035156,63.68000030517578,13795800,57.85853576660156
2023-04-28,63.61000061035156,64.16000366210938,63.47999954223633,64.1500015258789,13687600,58.28557586669922
2023-05-01,64.1500015258789,64.69000244140625,64.05999755859375,64.30000305175781,9091500,58.42185974121094
2023-05-02,64.13999938964844,64.13999938964844,63.27000045776367,64.01000213623047,10948400,58.15836715698242
2023-05-03,64.0199966430664,64.18000030517578,63.58000183105469,63.650001525878906,11084600,57.831275939941406
2023-05-04,63.7400016784668,63.93000030517578,63.5099983215332,63.720001220703125,11938300,57.8948860168457
2023-05-05,63.63999938964844,64.20999908447266,63.630001068115234,64.0199966430664,9039000,58.167449951171875
2023-05-08,63.810001373291016,64.05999755859375,63.61000061035156,63.91999816894531,7240700,58.07658767700195
2023-05-09,63.63999938964844,63.75,63.279998779296875,63.38999938964844,9067700,57.59503936767578
2023-05-10,63.31999969482422,63.63999938964844,62.9900016784668,63.5,10134000,57.69498825073242
2023-05-11,63.58000183105469,63.93000030517578,63.0099983215332,63.86000061035156,9581500,58.02207946777344
2023-05-12,63.86000061035156,64.19000244140625,63.70000076293945,64.11000061035156,8740800,58.249229431152344
2023-05-15,64.22000122070312,64.25,63.709999084472656,63.939998626708984,8150000,58.09476852416992
2023-05-16,63.900001525878906,63.900001525878906,63.15999984741211,63.220001220703125,9129600,57.44058609008789
2023-05-17,63.400001525878906,63.41999816894531,62.72999954223633,63.150001525878906,11583000,57.37697982788086
2023-05-18,63.0099983215332,63.040000915527344,62.56999969482422,62.79999923706055,13595100,57.05897903442383
2023-05-19,63.040000915527344,63.099998474121094,62.61000061035156,62.83000183105469,14251400,57.086246490478516
2023-05-22,62.790000915527344,62.869998931884766,61.439998626708984,61.5099983215332,15055400,55.88690948486328
2023-05-23,61.5099983215332,61.66999816894531,61.16999816894531,61.400001525878906,13932700,55.78696823120117
2023-05-24,61.380001068115234,61.43000030517578,60.720001220703125,60.880001068115234,11090100,55.314510345458984
2023-05-25,60.470001220703125,60.72999954223633,60.150001525878906,60.40999984741211,14463600,54.88747024536133
2023-05-26,60.45000076293945,60.63999938964844,60.11000061035156,60.2599983215332,12570300,54.75117874145508
2023-05-30,60.09000015258789,60.20000076293945,59.52000045776367,59.779998779296875,15634200,54.315059661865234
2023-05-31,59.91999816894531,60.279998779296875,59.369998931884766,59.65999984741211,59432200,54.20602798461914
2023-06-01,59.939998626708984,60.16999816894531,59.77000045776367,60.0,13402700,54.51495361328125
2023-06-02,60.27000045776367,61.31999969482422,60.08000183105469,61.15999984741211,15259800,55.56891632080078
2023-06-05,61.0,61.439998626708984,60.54999923706055,60.75,12915600,55.196388244628906
2023-06-06,60.95000076293945,60.9900016784668,60.119998931884766,60.310001373291016,10943500,54.79661178588867
2023-06-07,60.0099983215332,60.36000061035156,59.81999969482422,60.220001220703125,16817900,54.714839935302734
2023-06-08,60.130001068115234,60.40999984741211,59.97999954223633,60.369998931884766,15585900,54.85112380981445
2023-06-09,60.27000045776367,60.66999816894531,60.16999816894531,60.470001220703125,12581500,54.941986083984375
2023-06-12,60.59000015258789,60.650001525878906,60.02000045776367,60.209999084472656,14208900,54.705753326416016
2023-06-13,60.209999084472656,60.66999816894531,60.040000915527344,60.45000076293945,13397800,54.9238166809082
2023-06-14,60.72999954223633,61.08000183105469,60.599998474121094,60.86000061035156,14099700,55.29633712768555
2023-06-15,60.61000061035156,61.29999923706055,60.34000015258789,61.22999954223633,15271400,56.05620574951172
2023-06-16,61.599998474121094,62.16999816894531,61.47999954223633,61.66999816894531,26738000,56.459022521972656
2023-06-20,61.59000015258789,61.959999084472656,61.2400016784668,61.2599983215332,13971800,56.08366012573242
2023-06-21,61.310001373291016,61.720001220703125,60.97999954223633,61.43000030517578,13948700,56.23929977416992
2023-06-22,61.810001373291016,62.099998474121094,61.59000015258789,61.849998474121094,15193400,56.62381362915039
2023-06-23,61.939998626708984,61.970001220703125,61.18000030517578,61.20000076293945,25112100,56.02873992919922
2023-06-26,61.209999084472656,61.290000915527344,60.38999938964844,61.220001220703125,12856100,56.04704284667969
2023-06-27,61.220001220703125,61.36000061035156,60.97999954223633,61.09000015258789,9068500,55.92803192138672
2023-06-28,60.880001068115234,61.040000915527344,60.400001525878906,60.52000045776367,11173200,55.40619659423828
2023-06-29,60.220001220703125,60.349998474121094,59.77000045776367,60.02000045776367,17142300,54.94843673706055
2023-06-30,60.0,60.349998474121094,59.869998931884766,60.220001220703125,19739200,55.13154602050781
2023-07-03,60.20000076293945,60.630001068115234,60.029998779296875,60.58000183105469,9694500,55.46112823486328
2023-07-05,60.279998779296875,61.099998474121094,60.15999984741211,61.029998779296875,14716600,55.87310028076172
2023-07-06,60.72999954223633,61.02000045776367,60.5,60.560001373291016,12603900,55.44282150268555
2023-07-07,60.310001373291016,60.5,59.72999954223633,59.7599983215332,14574000,54.71040344238281
2023-07-10,59.970001220703125,60.150001525878906,59.13999938964844,59.310001373291016,15480600,54.298431396484375
2023-07-11,59.459999084472656,59.560001373291016,58.84000015258789,59.52000045776367,15967700,54.490684509277344
2023-07-12,59.75,60.04999923706055,59.45000076293945,59.84000015258789,14241300,54.78364944458008
2023-07-13,60.119998931884766,60.459999084472656,59.97999954223633,60.349998474121094,11269800,55.25055694580078
2023-07-14,60.13999938964844,61.040000915527344,60.09000015258789,60.900001525878906,11634200,55.754085540771484
2023-07-17,60.7599983215332,61.099998474121094,60.4900016784668,60.810001373291016,10014300,55.67169189453125
2023-07-18,60.959999084472656,61.25,60.40999984741211,60.56999969482422,11152900,55.451969146728516
2023-07-19,60.77000045776367,61.790000915527344,60.68000030517578,61.63999938964844,12936000,56.43155288696289
2023-07-20,61.68000030517578,62.40999984741211,61.66999816894531,62.38999938964844,11563000,57.11817932128906
2023-07-21,62.459999084472656,62.68000030517578,62.2400016784668,62.439998626708984,12815100,57.16395568847656
2023-07-24,62.41999816894531,62.810001373291016,62.400001525878906,62.459999084472656,10251100,57.1822624206543
2023-07-25,62.29999923706055,62.38999938964844,62.04999923706055,62.25,13422700,56.990020751953125
2023-07-26,61.86000061035156,63.16999816894531,61.38999938964844,63.04999923706055,17145500,57.72241973876953
2023-07-27,63.04999923706055,63.27000045776367,62.380001068115234,62.439998626708984,11517100,57.16395568847656
2023-07-28,62.59000015258789,62.77000045776367,62.220001220703125,62.47999954223633,9721800,57.20057678222656
2023-07-31,62.45000076293945,62.45000076293945,61.72999954223633,61.93000030517578,15577900,56.69704818725586
2023-08-01,62.09000015258789,62.36000061035156,61.619998931884766,61.77000045776367,9281600,56.550567626953125
2023-08-02,61.560001373291016,62.59000015258789,61.560001373291016,61.959999084472656,11059400,56.724517822265625
2023-08-03,61.869998931884766,62.119998931884766,61.529998779296875,61.63999938964844,8037400,56.43155288696289
2023-08-04,61.68000030517578,61.88999938964844,60.619998931884766,60.709999084472656,9359300,55.58013916015625
2023-08-07,60.790000915527344,61.33000183105469,60.7400016784668,61.189998626708984,6982600,56.01957702636719
2023-08-08,61.189998626708984,61.349998474121094,60.619998931884766,60.91999816894531,7956100,55.77239227294922
2023-08-09,60.90999984741211,61.630001068115234,60.75,61.060001373291016,7904100,55.90056610107422
2023-08-10,61.349998474121094,61.72999954223633,60.790000915527344,60.91999816894531,7870300,55.77239227294922
2023-08-11,60.84000015258789,61.20000076293945,60.689998626708984,61.16999816894531,8483900,56.00126647949219
2023-08-14,61.31999969482422,61.47999954223633,60.75,60.880001068115234,7176300,55.73577880859375
2023-08-15,60.689998626708984,60.900001525878906,60.369998931884766,60.470001220703125,7187400,55.36042022705078
2023-08-16,60.540000915527344,60.81999969482422,60.400001525878906,60.47999954223633,8372300,55.36957931518555
2023-08-17,60.58000183105469,61.02000045776367,60.45000076293945,60.61000061035156,12873500,55.48858642578125
2023-08-18,60.540000915527344,61.09000015258789,60.369998931884766,60.95000076293945,11083800,55.79985809326172
2023-08-21,60.86000061035156,60.93000030517578,60.31999969482422,60.43000030517578,8648500,55.32379913330078
2023-08-22,60.34000015258789,60.58000183105469,59.97999954223633,60.060001373291016,9411500,54.98506546020508
2023-08-23,60.20000076293945,60.439998626708984,60.15999984741211,60.27000045776367,7749500,55.17731857299805
2023-08-24,60.27000045776367,60.880001068115234,60.09000015258789,60.11000061035156,8955100,55.03083038330078
2023-08-25,60.40999984741211,60.56999969482422,60.0099983215332,60.38999938964844,7629200,55.28717803955078
2023-08-28,60.54999923706055,60.72999954223633,60.369998931884766,60.560001373291016,6254300,55.44282150268555
2023-08-29,60.560001373291016,60.630001068115234,60.150001525878906,60.5,8189600,55.38787841796875
2023-08-30,60.63999938964844,60.7400016784668,60.290000915527344,60.470001220703125,9447900,55.36042022705078
2023-08-31,60.29999923706055,60.470001220703125,59.810001373291016,59.83000183105469,14663500,54.77449417114258
2023-09-01,60.0,60.130001068115234,59.119998931884766,59.310001373291016,11262300,54.298431396484375
2023-09-05,59.25,59.31999969482422,58.66999816894531,58.81999969482422,12474600,53.8498420715332
2023-09-06,58.619998931884766,58.83000183105469,58.41999816894531,58.779998779296875,13923500,53.81321334838867
2023-09-07,58.95000076293945,59.15999984741211,58.29999923706055,58.33000183105469,17628600,53.401248931884766
2023-09-08,58.29999923706055,58.40999984741211,58.0099983215332,58.33000183105469,14312300,53.401248931884766
2023-09-11,58.400001525878906,58.9900016784668,58.22999954223633,58.880001068115234,14767400,53.90476989746094
2023-09-12,58.9900016784668,59.0,58.189998626708984,58.29999923706055,12292700,53.373783111572266
2023-09-13,58.400001525878906,58.68000030517578,58.34000015258789,58.439998626708984,12641400,53.50194549560547
2023-09-14,58.2400016784668,58.59000015258789,58.189998626708984,58.459999084472656,12311600,53.94486618041992
2023-09-15,58.40999984741211,58.63999938964844,57.75,57.939998626708984,55727500,53.46503448486328
2023-09-18,57.97999954223633,58.349998474121094,57.630001068115234,58.29999923706055,13617400,53.797237396240234
2023-09-19,58.2599983215332,58.38999938964844,57.91999816894531,58.18000030517578,11998900,53.68650436401367
2023-09-20,58.29999923706055,58.83000183105469,58.08000183105469,58.439998626708984,14766600,53.926422119140625
2023-09-21,58.369998931884766,58.41999816894531,57.41999816894531,57.540000915527344,15941800,53.09593200683594
2023-09-22,57.849998474121094,57.970001220703125,57.5,57.599998474121094,14644100,53.15129852294922
2023-09-25,57.400001525878906,57.4900016784668,56.7400016784668,57.0,12358800,52.5976448059082
2023-09-26,56.72999954223633,56.900001525878906,56.400001525878906,56.529998779296875,11194700,52.163936614990234
2023-09-27,56.41999816894531,56.529998779296875,55.68000030517578,55.95000076293945,13766300,51.62874221801758
2023-09-28,56.22999954223633,56.31999969482422,55.70000076293945,55.810001373291016,12484800,51.499549865722656
2023-09-29,56.13999938964844,56.27000045776367,55.619998931884766,55.97999954223633,12271600,51.65641784667969
2023-10-02,55.90999984741211,56.0099983215332,55.08000183105469,55.47999954223633,11792500,51.19503402709961
2023-10-03,55.15999984741211,55.43000030517578,54.779998779296875,54.880001068115234,13604200,50.64137268066406
2023-10-04,54.88999938964844,55.279998779296875,54.709999084472656,55.040000915527344,12100500,50.789024353027344
2023-10-05,54.7400016784668,54.95000076293945,52.2400016784668,52.380001068115234,29878100,48.3344612121582
2023-10-06,52.040000915527344,53.290000915527344,51.54999923706055,53.13999938964844,30298900,49.035762786865234
2023-10-09,52.959999084472656,53.150001525878906,52.11000061035156,52.880001068115234,15704700,48.79584503173828
2023-10-10,54.130001068115234,54.33000183105469,53.560001373291016,54.029998779296875,20909700,49.857017517089844
2023-10-11,54.220001220703125,54.279998779296875,53.02000045776367,53.709999084472656,21138900,49.56174087524414
2023-10-12,53.7599983215332,53.83000183105469,52.43000030517578,52.810001373291016,19330400,48.73125076293945
2023-10-13,52.7400016784668,53.41999816894531,52.63999938964844,52.88999938964844,14494600,48.80507278442383
2023-10-16,53.02000045776367,53.560001373291016,52.84000015258789,53.43000030517578,12816800,49.303367614746094
2023-10-17,53.310001373291016,54.099998474121094,53.209999084472656,54.06999969482422,16457200,49.89393997192383
2023-10-18,54.099998474121094,54.529998779296875,53.91999816894531,54.04999923706055,12809500,49.8754768371582
2023-10-19,54.15999984741211,54.7599983215332,53.86000061035156,54.349998474121094,16202200,50.152313232421875
2023-10-20,54.529998779296875,55.02000045776367,54.439998626708984,54.56999969482422,15686400,50.355323791503906
2023-10-23,54.380001068115234,54.88999938964844,54.04999923706055,54.08000183105469,21212700,49.90317153930664
2023-10-24,55.650001525878906,56.16999816894531,55.29999923706055,55.63999938964844,25290800,51.34267807006836
2023-10-25,55.7599983215332,56.220001220703125,55.560001373291016,56.119998931884766,16701000,51.78561019897461
2023-10-26,56.369998931884766,56.630001068115234,55.720001220703125,55.779998779296875,16228400,51.471866607666016
2023-10-27,55.54999923706055,56.13999938964844,55.099998474121094,55.2400016784668,13626500,50.97357177734375
2023-10-30,55.43000030517578,56.279998779296875,55.41999816894531,56.150001525878906,15014300,51.813289642333984
2023-10-31,56.56999969482422,56.720001220703125,56.150001525878906,56.4900016784668,16639400,52.12703323364258
2023-11-01,56.79999923706055,56.880001068115234,56.2599983215332,56.439998626708984,14110800,52.08089065551758
2023-11-02,56.5,57.150001525878906,56.36000061035156,57.09000015258789,13087200,52.680694580078125
2023-11-03,57.400001525878906,57.59000015258789,56.70000076293945,56.7400016784668,13958700,52.357723236083984
2023-11-06,56.779998779296875,57.279998779296875,56.7400016784668,56.970001220703125,12673200,52.56995391845703
2023-11-07,56.91999816894531,57.400001525878906,56.72999954223633,57.18000030517578,10449300,52.763736724853516
2023-11-08,57.31999969482422,57.470001220703125,56.91999816894531,57.09000015258789,13744000,52.680694580078125
2023-11-09,57.029998779296875,57.13999938964844,56.369998931884766,56.65999984741211,12021100,52.28390121459961
2023-11-10,56.869998931884766,56.93000030517578,56.060001373291016,56.720001220703125,11678900,52.33926010131836
2023-11-13,56.619998931884766,57.099998474121094,56.599998474121094,56.93000030517578,12798200,52.53304672241211
2023-11-14,57.02000045776367,57.2400016784668,56.810001373291016,57.099998474121094,12697100,52.68991470336914
2023-11-15,57.29999923706055,57.34000015258789,56.75,57.209999084472656,10201900,52.791419982910156
2023-11-16,57.25,57.529998779296875,56.810001373291016,57.150001525878906,16010400,52.736053466796875
2023-11-17,57.189998626708984,57.34000015258789,56.70000076293945,57.2599983215332,14475800,52.83755111694336
2023-11-20,57.04999923706055,57.58000183105469,56.959999084472656,57.400001525878906,13051000,52.96674346923828
2023-11-21,57.459999084472656,58.040000915527344,57.33000183105469,58.029998779296875,13891600,53.548091888427734
2023-11-22,58.2599983215332,58.540000915527344,58.130001068115234,58.41999816894531,11320600,53.9079704284668
2023-11-24,58.459999084472656,58.75,58.34000015258789,58.56999969482422,4816000,54.046382904052734
2023-11-27,58.540000915527344,58.689998626708984,58.27000045776367,58.459999084472656,16246500,53.94486618041992
2023-11-28,58.400001525878906,58.83000183105469,58.36000061035156,58.58000183105469,13739600,54.05561447143555
2023-11-29,58.58000183105469,58.66999816894531,58.099998474121094,58.22999954223633,11263600,53.73263931274414
2023-11-30,57.959999084472656,58.459999084472656,57.599998474121094,58.439998626708984,22727500,54.35581970214844
2023-12-01,58.27000045776367,58.689998626708984,58.2400016784668,58.63999938964844,15371200,54.541831970214844
2023-12-04,58.59000015258789,58.959999084472656,58.439998626708984,58.56999969482422,14942200,54.47673416137695
2023-12-05,58.54999923706055,58.83000183105469,58.41999816894531,58.65999984741211,11891500,54.5604362487793
2023-12-06,58.560001373291016,58.72999954223633,58.209999084472656,58.599998474121094,14868500,54.504634857177734
2023-12-07,58.66999816894531,58.88999938964844,58.38999938964844,58.7400016784668,11587900,54.634849548339844
2023-12-08,58.7400016784668,58.75,58.369998931884766,58.61000061035156,11178700,54.51393127441406
2023-12-11,58.83000183105469,59.09000015258789,58.5,59.040000915527344,14524800,54.913883209228516
2023-12-12,59.20000076293945,59.41999816894531,58.900001525878906,59.41999816894531,12899000,55.26732635498047
2023-12-13,59.45000076293945,60.02000045776367,59.2599983215332,59.93000030517578,16196800,55.74169158935547
2023-12-14,59.970001220703125,60.040000915527344,58.77000045776367,59.040000915527344,22478300,54.913883209228516
2023-12-15,58.83000183105469,59.16999816894531,57.79999923706055,58.599998474121094,65177400,54.504634857177734
2023-12-18,58.79999923706055,59.4900016784668,58.619998931884766,59.02000045776367,16717700,54.895286560058594
2023-12-19,59.0,59.20000076293945,58.63999938964844,58.83000183105469,14612200,54.718563079833984
2023-12-20,58.5,58.66999816894531,57.56999969482422,57.61000061035156,17701000,53.58382797241211
2023-12-21,57.849998474121094,58.06999969482422,57.470001220703125,57.9900016784668,11725100,53.9372673034668
2023-12-22,58.119998931884766,58.459999084472656,58.02000045776367,58.31999969482422,9029400,54.244205474853516
2023-12-26,58.060001373291016,58.709999084472656,58.060001373291016,58.560001373291016,6422500,54.46743392944336
2023-12-27,58.63999938964844,58.77000045776367,58.400001525878906,58.709999084472656,8560100,54.6069450378418
2023-12-28,58.650001525878906,58.869998931884766,58.529998779296875,58.75,8400100,54.64414978027344
2023-12-29,58.7400016784668,58.97999954223633,58.630001068115234,58.93000030517578,9244300,54.81157684326172
2024-01-02,58.79999923706055,59.880001068115234,58.66999816894531,59.81999969482422,16322600,55.639373779296875
2024-01-03,59.93000030517578,60.20000076293945,59.7599983215332,59.959999084472656,14830600,55.769588470458984
2024-01-04,60.04999923706055,60.2599983215332,59.65999984741211,59.7599983215332,12912900,55.583560943603516
2024-01-05,59.79999923706055,59.95000076293945,59.09000015258789,59.66999816894531,10412800,55.49985885620117
2024-01-08,59.68000030517578,60.18000030517578,59.41999816894531,60.11000061035156,11554600,55.90909957885742
2024-01-09,59.9900016784668,60.13999938964844,59.619998931884766,60.0,10493700,55.806793212890625
2024-01-10,60.220001220703125,60.40999984741211,59.97999954223633,60.20000076293945,12258000,55.99281692504883
2024-01-11,60.25,60.2599983215332,59.689998626708984,59.810001373291016,13754200,55.63007354736328
2024-01-12,60.08000183105469,60.459999084472656,59.869998931884766,60.38999938964844,13218000,56.16953659057617
2024-01-16,60.38999938964844,60.43000030517578,59.849998474121094,59.9900016784668,11826900,55.79749298095703
2024-01-17,59.86000061035156,60.209999084472656,59.81999969482422,59.9900016784668,8982100,55.79749298095703
2024-01-18,59.689998626708984,60.22999954223633,59.529998779296875,60.15999984741211,10397700,55.95560836791992
2024-01-19,60.2599983215332,60.279998779296875,59.63999938964844,59.83000183105469,14392600,55.64867401123047
2024-01-22,59.7599983215332,60.06999969482422,59.439998626708984,59.56999969482422,14314300,55.40684127807617
2024-01-23,59.529998779296875,60.0,59.459999084472656,59.849998474121094,14481600,55.667274475097656
2024-01-24,59.79999923706055,59.810001373291016,58.88999938964844,58.90999984741211,16370500,54.792972564697266
2024-01-25,59.0099983215332,59.16999816894531,58.65999984741211,59.15999984741211,14899700,55.02549362182617
2024-01-26,59.25,59.4900016784668,59.130001068115234,59.369998931884766,13025100,55.220821380615234
2024-01-29,59.34000015258789,59.790000915527344,59.16999816894531,59.72999954223633,14547100,55.5556640625
2024-01-30,59.849998474121094,60.02000045776367,59.45000076293945,59.900001525878906,22061500,55.713783264160156
2024-01-31,60.099998474121094,60.45000076293945,59.290000915527344,59.4900016784668,22837000,55.332435607910156
2024-02-01,59.56999969482422,61.0099983215332,59.36000061035156,60.97999954223633,15870900,56.71830749511719
2024-02-02,60.81999969482422,60.869998931884766,60.22999954223633,60.540000915527344,17544900,56.30905532836914
2024-02-05,60.380001068115234,60.380001068115234,59.880001068115234,60.040000915527344,12759600,55.843997955322266
2024-02-06,59.959999084472656,60.04999923706055,59.68000030517578,59.939998626708984,12775200,55.75098419189453
2024-02-07,60.06999969482422,60.209999084472656,59.939998626708984,59.9900016784668,10259900,55.79749298095703
2024-02-08,59.88999938964844,59.970001220703125,59.40999984741211,59.83000183105469,12874800,55.64867401123047
2024-02-09,59.470001220703125,59.58000183105469,59.029998779296875,59.560001373291016,15235300,55.397544860839844
2024-02-12,59.65999984741211,59.7599983215332,58.959999084472656,59.70000076293945,13516800,55.52775573730469
2024-02-13,59.5,60.65999984741211,58.790000915527344,59.349998474121094,24195700,55.20222091674805
2024-02-14,59.16999816894531,59.59000015258789,59.040000915527344,59.290000915527344,15872500,55.14640808105469
2024-02-15,59.41999816894531,59.59000015258789,59.130001068115234,59.400001525878906,13695800,55.24872589111328
2024-02-16,59.349998474121094,59.619998931884766,58.959999084472656,59.38999938964844,13947100,55.23942184448242
2024-02-20,59.599998474121094,60.84000015258789,59.5099983215332,60.70000076293945,18339300,56.4578742980957
2024-02-21,60.9900016784668,61.279998779296875,60.83000183105469,61.2400016784668,14373000,56.96013259887695
2024-02-22,60.9900016784668,61.25,60.5,61.150001525878906,12982800,56.87642288208008
2024-02-23,61.09000015258789,61.619998931884766,61.0,61.20000076293945,13612900,56.922935485839844
2024-02-26,61.2400016784668,61.27000045776367,60.65999984741211,60.709999084472656,10336100,56.46717071533203
2024-02-27,60.540000915527344,60.779998779296875,60.119998931884766,60.34000015258789,9931100,56.12303161621094
2024-02-28,60.369998931884766,60.4900016784668,60.060001373291016,60.400001525878906,8076500,56.17884063720703
2024-02-29,60.349998474121094,60.63999938964844,59.900001525878906,60.02000045776367,18152700,55.82538986206055
2024-03-01,59.900001525878906,59.900001525878906,59.34000015258789,59.529998779296875,10927600,55.3696403503418
2024-03-04,59.22999954223633,59.95000076293945,59.220001220703125,59.810001373291016,10150200,55.63007354736328
2024-03-05,59.90999984741211,60.11000061035156,59.41999816894531,59.52000045776367,12310000,55.36033630371094
2024-03-06,59.52000045776367,60.0,59.380001068115234,59.54999923706055,12378800,55.388240814208984
2024-03-07,59.689998626708984,59.77000045776367,59.2400016784668,59.439998626708984,13686900,55.28592300415039
2024-03-08,59.29999923706055,59.790000915527344,58.970001220703125,59.52000045776367,13239000,55.36033630371094
2024-03-11,59.779998779296875,60.290000915527344,59.58000183105469,60.2400016784668,14114300,56.0300178527832
2024-03-12,60.31999969482422,60.75,60.209999084472656,60.5,12684600,56.2718505859375
2024-03-13,60.880001068115234,61.209999084472656,60.79999923706055,61.119998931884766,13909500,56.84851837158203
2024-03-14,60.58000183105469,60.79999923706055,60.400001525878906,60.5,13996600,56.72195053100586
2024-03-15,60.02000045776367,60.45000076293945,59.63999938964844,59.880001068115234,36849900,56.14067077636719
2024-03-18,59.88999938964844,60.400001525878906,59.79999923706055,60.130001068115234,15856700,56.375057220458984
2024-03-19,60.2400016784668,60.349998474121094,60.060001373291016,60.22999954223633,15030600,56.468814849853516
2024-03-20,60.18000030517578,60.810001373291016,60.15999984741211,60.75,15258800,56.956336975097656
2024-03-21,60.560001373291016,60.9900016784668,60.31999969482422,60.470001220703125,13067100,56.69382858276367
2024-03-22,60.52000045776367,60.790000915527344,60.43000030517578,60.4900016784668,11502800,56.71257781982422
2024-03-25,60.47999954223633,60.709999084472656,60.119998931884766,60.400001525878906,13144700,56.628196716308594
2024-03-26,60.5,60.709999084472656,60.380001068115234,60.540000915527344,13277400,56.75945281982422
2024-03-27,60.790000915527344,61.43000030517578,60.70000076293945,61.029998779296875,12551200,57.21885299682617
2024-03-28,61.13999938964844,61.2599983215332,61.0,61.18000030517578,13683500,57.35948944091797
2024-04-01,61.18000030517578,61.29999923706055,60.630001068115234,60.68000030517578,11668700,56.890708923339844
2024-04-02,60.45000076293945,60.72999954223633,60.11000061035156,60.150001525878906,13017300,56.3938102722168
2024-04-03,60.04999923706055,60.38999938964844,59.779998779296875,59.83000183105469,13672900,56.09379196166992
2024-04-04,60.09000015258789,60.150001525878906,59.16999816894531,59.29999923706055,14320700,55.596885681152344
2024-04-05,59.25,59.68000030517578,58.90999984741211,59.5099983215332,10157800,55.79377365112305
2024-04-08,59.400001525878906,59.470001220703125,59.06999969482422,59.27000045776367,10284500,55.56875991821289
2024-04-09,59.47999954223633,59.7400016784668,59.130001068115234,59.720001220703125,10779100,55.990657806396484
2024-04-10,59.31999969482422,59.38999938964844,58.689998626708984,58.91999816894531,11861900,55.2406120300293
2024-04-11,59.150001525878906,59.369998931884766,58.790000915527344,59.04999923706055,11109000,55.36249923706055
2024-04-12,58.95000076293945,59.0099983215332,58.130001068115234,58.279998779296875,12250900,54.64057922363281
2024-04-15,58.61000061035156,58.810001373291016,58.040000915527344,58.13999938964844,12425000,54.50931930541992
2024-04-16,58.25,58.380001068115234,57.93000030517578,58.060001373291016,11236800,54.434326171875
2024-04-17,58.279998779296875,58.560001373291016,58.099998474121094,58.5099983215332,13805100,54.85622024536133
2024-04-18,58.619998931884766,58.97999954223633,58.540000915527344,58.90999984741211,11125900,55.23124313354492
2024-04-19,59.099998474121094,60.36000061035156,59.0,60.16999816894531,21207900,56.41255569458008
2024-04-22,60.13999938964844,60.630001068115234,59.720001220703125,60.54999923706055,15624500,56.768829345703125
2024-04-23,60.529998779296875,60.68000030517578,60.130001068115234,60.63999938964844,13689100,56.853206634521484
2024-04-24,60.31999969482422,61.650001525878906,59.84000015258789,61.54999923706055,19548300,57.70637893676758
2024-04-25,61.869998931884766,62.59000015258789,61.369998931884766,61.7400016784668,19048500,57.88451385498047
2024-04-26,61.54999923706055,61.93000030517578,61.349998474121094,61.7400016784668,10994300,57.88451385498047
2024-04-29,61.91999816894531,62.04999923706055,61.529998779296875,62.040000915527344,13409300,58.16578674316406
2024-04-30,62.13999938964844,62.83000183105469,61.470001220703125,61.77000045776367,19349200,57.91264343261719
2024-05-01,61.79999923706055,62.56999969482422,61.209999084472656,61.93000030517578,16729800,58.06265640258789
2024-05-02,62.18000030517578,62.400001525878906,61.720001220703125,61.9900016784668,10991300,58.11890411376953
2024-05-03,61.9900016784668,62.33000183105469,61.63999938964844,62.16999816894531,11628700,58.28765869140625
2024-05-06,62.29999923706055,62.380001068115234,61.900001525878906,62.349998474121094,9310700,58.4564208984375
2024-05-07,62.7599983215332,62.81999969482422,62.25,62.619998931884766,9807000,58.709564208984375
2024-05-08,62.849998474121094,62.970001220703125,62.47999954223633,62.849998474121094,10484400,58.925201416015625
2024-05-09,62.810001373291016,63.150001525878906,62.75,62.880001068115234,9113700,58.95332717895508
2024-05-10,62.91999816894531,63.36000061035156,62.790000915527344,63.2599983215332,8371700,59.309593200683594
2024-05-13,63.2400016784668,63.619998931884766,63.18000030517578,63.58000183105469,10137600,59.60961151123047
2024-05-14,63.58000183105469,63.7599983215332,62.79999923706055,63.099998474121094,10852200,59.15958786010742
2024-05-15,63.060001373291016,63.38999938964844,63.0,63.130001068115234,9838900,59.187713623046875
2024-05-16,63.2400016784668,63.72999954223633,63.06999969482422,63.31999969482422,10228000,59.3658447265625
2024-05-17,63.34000015258789,63.369998931884766,62.939998626708984,63.029998779296875,11539000,59.09395980834961
2024-05-20,62.93000030517578,63.0099983215332,62.459999084472656,62.56999969482422,11000900,58.66268539428711
2024-05-21,62.81999969482422,62.97999954223633,62.439998626708984,62.90999984741211,9796200,58.9814567565918
2024-05-22,62.709999084472656,63.02000045776367,62.65999984741211,63.0,7419400,59.06583023071289
2024-05-23,62.4900016784668,62.880001068115234,62.04999923706055,62.09000015258789,9834300,58.2126579284668
2024-05-24,62.220001220703125,62.41999816894531,61.970001220703125,62.0,8203100,58.12828063964844
2024-05-28,61.790000915527344,62.130001068115234,61.400001525878906,61.81999969482422,12347000,57.95951843261719
2024-05-29,61.470001220703125,61.880001068115234,61.06999969482422,61.70000076293945,11861800,57.84701156616211
2024-05-30,61.849998474121094,62.08000183105469,61.599998474121094,61.970001220703125,9433800,58.100162506103516
2024-05-31,61.9900016784668,63.029998779296875,61.689998626708984,62.93000030517578,19816600,59.000205993652344
2024-06-03,62.709999084472656,63.09000015258789,62.45000076293945,62.93000030517578,9369000,59.000205993652344
2024-06-04,63.20000076293945,63.970001220703125,62.939998626708984,63.939998626708984,11895600,59.94713592529297
2024-06-05,63.9900016784668,64.06999969482422,63.349998474121094,63.91999816894531,9632500,59.92837905883789
2024-06-06,63.91999816894531,64.36000061035156,63.84000015258789,64.1500015258789,8658500,60.14402770996094
2024-06-07,64.08999633789062,64.22000122070312,63.810001373291016,63.90999984741211,9523100,59.91900634765625
2024-06-10,63.939998626708984,63.9900016784668,63.369998931884766,63.59000015258789,15685300,59.61899185180664
2024-06-11,63.59000015258789,63.650001525878906,63.06999969482422,63.54999923706055,8396000,59.58148956298828
2024-06-12,63.689998626708984,63.689998626708984,62.689998626708984,62.880001068115234,9569600,58.95332717895508
2024-06-13,62.86000061035156,63.040000915527344,62.45000076293945,62.9900016784668,9668900,59.05645751953125
2024-06-14,62.380001068115234,62.689998626708984,62.09000015258789,62.54999923706055,8179200,59.09897232055664
2024-06-17,62.369998931884766,62.900001525878906,62.18000030517578,62.619998931884766,10532700,59.16511154174805
2024-06-18,62.529998779296875,62.81999969482422,62.439998626708984,62.630001068115234,10651700,59.174560546875
2024-06-20,62.400001525878906,62.7400016784668,61.95000076293945,62.18000030517578,13306300,58.7493896484375
2024-06-21,62.18000030517578,63.099998474121094,62.18000030517578,62.77000045776367,28278100,59.30683517456055
2024-06-24,62.9900016784668,64.05999755859375,62.90999984741211,63.970001220703125,13212500,60.44063186645508
2024-06-25,63.939998626708984,64.06999969482422,63.5099983215332,63.84000015258789,10235300,60.31780242919922
2024-06-26,63.400001525878906,64.11000061035156,63.22999954223633,64.05000305175781,9402500,60.51622009277344
2024-06-27,64.05000305175781,64.2699966430664,63.619998931884766,63.90999984741211,8494100,60.38393783569336
2024-06-28,63.900001525878906,64.05999755859375,63.52000045776367,63.650001525878906,17358800,60.13827896118164
2024-07-01,64.02999877929688,64.30000305175781,63.119998931884766,63.279998779296875,10033400,59.7886962890625
2024-07-02,63.2599983215332,63.380001068115234,62.86000061035156,63.150001525878906,8878200,59.66586685180664
2024-07-03,63.189998626708984,63.66999816894531,62.93000030517578,63.33000183105469,9154200,59.835941314697266
2024-07-05,63.33000183105469,63.790000915527344,63.0,63.7599983215332,11735500,60.24221420288086
2024-07-08,63.59000015258789,63.59000015258789,62.84000015258789,62.959999084472656,11235100,59.486351013183594
2024-07-09,63.060001373291016,63.22999954223633,62.59000015258789,62.689998626708984,11657500,59.23124313354492
2024-07-10,62.720001220703125,62.86000061035156,62.290000915527344,62.83000183105469,11930400,59.363529205322266
2024-07-11,62.63999938964844,63.459999084472656,62.400001525878906,63.099998474121094,11431600,59.618629455566406
2024-07-12,63.459999084472656,64.11000061035156,63.38999938964844,63.70000076293945,9201500,60.18553161621094
2024-07-15,63.790000915527344,63.939998626708984,63.349998474121094,63.40999984741211,8207500,59.91152572631836
2024-07-16,63.43000030517578,64.30999755859375,63.38999938964844,64.2699966430664,9025100,60.72406768798828
2024-07-17,64.47000122070312,65.38999938964844,64.41000366210938,65.20999908447266,12508200,61.612220764160156
2024-07-18,64.80000305175781,65.80999755859375,64.72000122070312,65.19000244140625,11128200,61.59332275390625
2024-07-19,65.63999938964844,65.63999938964844,64.81999969482422,65.29000091552734,13775700,61.68780517578125
2024-07-22,65.25,65.29000091552734,64.31999969482422,64.7699966430664,11794200,61.19648361206055
2024-07-23,65.43000030517578,66.04000091552734,64.8499984741211,64.95999908447266,11810300,61.37600326538086
2024-07-24,65.08999633789062,65.97000122070312,64.83000183105469,65.80999755859375,13244600,62.17911148071289
2024-07-25,66.04000091552734,66.88999938964844,65.86000061035156,66.06999969482422,16328600,62.42477035522461
2024-07-26,66.06999969482422,67.11000061035156,66.01000213623047,67.05000305175781,13530100,63.3507080078125
2024-07-29,66.87999725341797,67.02999877929688,66.38999938964844,66.83000183105469,12140200,63.14283752441406
2024-07-30,66.4800033569336,67.83000183105469,66.36000061035156,67.68000030517578,13258000,63.94594955444336
2024-07-31,67.5,67.61000061035156,66.61000061035156,66.73999786376953,15576800,63.05780029296875
2024-08-01,67.0,68.11000061035156,66.69999694824219,67.95999908447266,16495900,64.21048736572266
2024-08-02,68.52999877929688,69.66999816894531,67.69000244140625,69.33000183105469,22514800,65.50489807128906
2024-08-05,68.98999786376953,69.55000305175781,67.7300033569336,68.0999984741211,25484300,64.34276580810547
2024-08-06,68.1500015258789,68.83999633789062,67.7699966430664,68.05000305175781,12969100,64.2955322265625
2024-08-07,68.05000305175781,69.18000030517578,67.83000183105469,68.45999908447266,13365300,64.68290710449219
2024-08-08,68.0,68.86000061035156,67.8499984741211,68.7300033569336,15240900,64.93800354003906
2024-08-09,68.69999694824219,68.79000091552734,68.25,68.68000030517578,12080400,64.89077758789062
2024-08-12,68.44999694824219,68.54000091552734,67.83000183105469,68.16999816894531,11012300,64.40889739990234
2024-08-13,68.08000183105469,68.61000061035156,68.01000213623047,68.45999908447266,9877600,64.68290710449219
2024-08-14,68.2300033569336,68.88999938964844,68.12999725341797,68.58000183105469,14328000,64.7962875366211
2024-08-15,68.62000274658203,68.91999816894531,68.5,68.6500015258789,11285100,64.8624267578125
2024-08-16,68.83999633789062,69.30000305175781,68.63999938964844,69.18000030517578,12651200,65.36317443847656
2024-08-19,69.3499984741211,69.41999816894531,68.8499984741211,68.9800033569336,9843900,65.1742172241211
2024-08-20,68.98999786376953,69.38999938964844,68.7699966430664,69.37999725341797,11957400,65.55215454101562
2024-08-21,69.4800033569336,70.12999725341797,69.33000183105469,69.56999969482422,8792400,65.73167419433594
2024-08-22,69.91999816894531,69.91999816894531,68.79000091552734,69.33000183105469,12509200,65.50489807128906
2024-08-23,69.4000015258789,69.8499984741211,68.94000244140625,69.79000091552734,11834700,65.93953704833984
2024-08-26,69.83000183105469,70.91999816894531,69.7300033569336,70.83999633789062,12912200,66.93158721923828
2024-08-27,71.31999969482422,71.52999877929688,71.05000305175781,71.5,16988400,67.55518341064453
2024-08-28,71.61000061035156,71.80999755859375,71.30000305175781,71.75,13272600,67.7913818359375
2024-08-29,71.9000015258789,72.22000122070312,71.2300033569336,72.05000305175781,17201700,68.07483673095703
2024-08-30,72.19999694824219,72.56999969482422,71.77999877929688,72.47000122070312,18624200,68.4716567993164
2024-09-03,72.44000244140625,73.29000091552734,72.25,73.01000213623047,14755800,68.98188018798828
2024-09-04,73.30000305175781,73.52999877929688,71.91000366210938,72.55999755859375,18140800,68.55670166015625
2024-09-05,72.62000274658203,72.68000030517578,70.9800033569336,71.16999816894531,23866100,67.2433853149414
2024-09-06,70.98999786376953,71.66999816894531,70.88999938964844,71.13999938964844,17485700,67.21504974365234
2024-09-09,71.2300033569336,72.30999755859375,70.9800033569336,71.8499984741211,12939300,67.88587951660156
2024-09-10,71.97000122070312,72.41999816894531,71.5199966430664,71.55000305175781,10277600,67.60243225097656
2024-09-11,71.36000061035156,71.37000274658203,70.56999969482422,71.08000183105469,11418200,67.1583480834961
2024-09-12,71.0,71.37999725341797,70.66000366210938,71.2300033569336,12337800,67.30006408691406
2024-09-13,70.83999633789062,71.47000122070312,70.4800033569336,71.41000366210938,11073800,67.93270874023438
2024-09-16,71.7699966430664,72.23999786376953,71.62000274658203,72.0999984741211,10786500,68.58909606933594
2024-09-17,71.9000015258789,72.3499984741211,71.72000122070312,71.80000305175781,12974400,68.30370330810547
2024-09-18,71.88999938964844,72.37999725341797,71.2699966430664,71.75,10719700,68.25614166259766
2024-09-19,71.55999755859375,71.94000244140625,70.5999984741211,70.62000274658203,13635600,67.1811752319336
2024-09-20,70.41000366210938,71.80000305175781,70.37999725341797,71.63999938964844,48578500,68.1514892578125
2024-09-23,71.55000305175781,72.19999694824219,71.18000030517578,71.7300033569336,11613000,68.23710632324219
2024-09-24,71.22000122070312,71.81999969482422,70.5999984741211,71.33000183105469,13330600,67.85659790039062
2024-09-25,71.70999908447266,71.91999816894531,71.30999755859375,71.44999694824219,12329100,67.97074890136719
2024-09-26,70.86000061035156,71.61000061035156,70.83999633789062,71.4000015258789,10815200,67.92318725585938
2024-09-27,71.54000091552734,72.19999694824219,71.45999908447266,71.79000091552734,11175700,68.294189453125
2024-09-30,72.0,72.19999694824219,71.69000244140625,71.86000061035156,18015300,68.36079406738281
2024-10-01,72.0999984741211,72.75,71.62999725341797,71.70999908447266,13294500,68.21807861328125
2024-10-02,71.38999938964844,71.43000030517578,70.41000366210938,71.01000213623047,11155500,67.55217742919922
2024-10-03,70.86000061035156,70.98999786376953,70.19999694824219,70.5199966430664,9374800,67.08602905273438
2024-10-04,69.95999908447266,70.27999877929688,69.72000122070312,70.16999816894531,12684800,66.75308227539062
2024-10-07,70.05000305175781,70.0999984741211,68.87000274658203,69.01000213623047,14512000,65.64956665039062
2024-10-08,69.04000091552734,69.44000244140625,68.86000061035156,69.18000030517578,13549700,65.81129455566406
2024-10-09,69.19000244140625,69.73999786376953,69.06999969482422,69.56999969482422,9037700,66.18229675292969
2024-10-10,69.83000183105469,69.91000366210938,68.98999786376953,69.25,8635200,65.87787628173828
2024-10-11,69.45999908447266,69.58999633789062,69.0,69.56999969482422,8786300,66.18229675292969
2024-10-14,69.56999969482422,70.47000122070312,69.47000122070312,70.33999633789062,7659300,66.914794921875
2024-10-15,70.45999908447266,71.20999908447266,70.16000366210938,70.33999633789062,10358700,66.914794921875
2024-10-16,70.08999633789062,70.69999694824219,69.97000122070312,70.56999969482422,7937300,67.13359832763672
2024-10-17,70.62999725341797,70.69000244140625,69.58000183105469,69.9000015258789,14674600,66.49622344970703
2024-10-18,69.87000274658203,70.55000305175781,69.61000061035156,70.44000244140625,15087500,67.00994110107422
2024-10-21,70.0,70.33000183105469,69.30999755859375,69.44999694824219,11981200,66.0681381225586
2024-10-22,69.0,69.75,68.68000030517578,69.44999694824219,18603300,66.0681381225586
2024-10-23,66.98999786376953,68.69999694824219,66.58000183105469,68.01000213623047,24655200,64.6982650756836
2024-10-24,67.6500015258789,68.04000091552734,66.94999694824219,67.30000305175781,17568800,64.02283477783203
2024-10-25,67.06999969482422,67.69999694824219,66.79000091552734,66.91999816894531,11138100,63.661346435546875
2024-10-28,66.95999908447266,67.4000015258789,66.5999984741211,66.66999816894531,10761400,63.42351531982422
2024-10-29,66.29000091552734,66.33999633789062,65.5199966430664,65.55999755859375,16525900,62.367557525634766
2024-10-30,65.51000213623047,66.54000091552734,65.31999969482422,65.91999816894531,14177800,62.71003723144531
2024-10-31,65.80999755859375,65.98999786376953,65.26000213623047,65.30999755859375,13383700,62.12972640991211
2024-11-01,65.47000122070312,65.66000366210938,64.88999938964844,65.01000213623047,12163100,61.84434509277344
2024-11-04,65.08000183105469,65.41999816894531,64.6500015258789,65.11000061035156,10984500,61.93947219848633
2024-11-05,64.63999938964844,65.47000122070312,64.63999938964844,65.37000274658203,8780200,62.186824798583984
2024-11-06,64.41999816894531,64.86000061035156,63.18000030517578,63.70000076293945,22899300,60.59813690185547
2024-11-07,64.29000091552734,64.38999938964844,63.599998474121094,63.65999984741211,14856100,60.560081481933594
2024-11-08,63.90999984741211,64.23999786376953,63.7400016784668,63.91999816894531,14719300,60.80741882324219
2024-11-11,63.9900016784668,64.12000274658203,63.25,63.36000061035156,13980900,60.27469253540039
2024-11-12,63.68000030517578,63.75,63.119998931884766,63.20000076293945,15021000,60.12247848510742
2024-11-13,63.04999923706055,63.2599983215332,62.4900016784668,63.0,13177600,59.932220458984375
2024-11-14,63.11000061035156,63.11000061035156,62.43000030517578,62.54999923706055,15910800,59.50413131713867
2024-11-15,62.4900016784668,62.630001068115234,61.38999938964844,61.7400016784668,26284300,58.73357391357422
2024-11-18,61.849998474121094,62.13999938964844,61.560001373291016,61.86000061035156,16062100,58.84773254394531
2024-11-19,61.900001525878906,62.619998931884766,61.630001068115234,62.59000015258789,16254800,59.54218673706055
2024-11-20,62.70000076293945,63.0099983215332,62.02000045776367,62.9900016784668,18904900,59.92271041870117
2024-11-21,63.150001525878906,63.810001373291016,62.95000076293945,63.7599983215332,17292300,60.655208587646484
2024-11-22,64.23999786376953,64.4800033569336,63.650001525878906,63.91999816894531,19562200,60.80741882324219
2024-11-25,64.31999969482422,64.70999908447266,63.84000015258789,64.37999725341797,36805300,61.24501419067383
2024-11-26,64.30999755859375,64.63999938964844,64.05999755859375,64.55000305175781,14473300,61.406742095947266
2024-11-27,64.95999908447266,65.0999984741211,64.25,64.43000030517578,13263400,61.29258728027344
2024-11-29,64.0199966430664,64.25,63.77000045776367,64.08000183105469,10648400,61.42198944091797
2024-12-02,64.05000305175781,64.19000244140625,63.349998474121094,63.650001525878906,16500100,61.009822845458984
2024-12-03,63.720001220703125,64.08000183105469,63.029998779296875,63.52000045776367,24874500,60.88521957397461
2024-12-04,63.279998779296875,63.349998474121094,61.900001525878906,62.209999084472656,28137700,59.629554748535156
2024-12-05,62.470001220703125,63.119998931884766,62.099998474121094,62.91999816894531,21040400,60.31010055541992
2024-12-06,62.83000183105469,63.36000061035156,62.5099983215332,62.529998779296875,15581100,59.936283111572266
2024-12-09,62.689998626708984,62.93000030517578,61.900001525878906,62.599998474121094,22348300,60.003379821777344
2024-12-10,62.70000076293945,63.040000915527344,61.790000915527344,62.90999984741211,14949400,60.300514221191406
2024-12-11,63.0,63.630001068115234,62.400001525878906,62.63999938964844,32819000,60.04172134399414
2024-12-12,63.54999923706055,63.91999816894531,63.220001220703125,63.84000015258789,17542100,61.19194030761719
2024-12-13,63.56999969482422,63.84000015258789,63.11000061035156,63.119998931884766,13429000,60.50180435180664
2024-12-16,63.22999954223633,63.86000061035156,62.349998474121094,62.54999923706055,24559700,59.955448150634766
2024-12-17,62.45000076293945,63.54999923706055,62.31999969482422,63.400001525878906,21902400,60.77019500732422
2024-12-18,62.810001373291016,63.63999938964844,62.790000915527344,62.849998474121094,20946100,60.24300765991211
2024-12-19,62.70000076293945,63.16999816894531,62.400001525878906,62.45000076293945,21300600,59.85960006713867
2024-12-20,62.470001220703125,63.060001373291016,62.279998779296875,62.54999923706055,42458100,59.955448150634766
2024-12-23,62.5,62.7599983215332,61.529998779296875,62.380001068115234,13010800,59.792503356933594
2024-12-24,62.20000076293945,62.84000015258789,62.0099983215332,62.84000015258789,5019100,60.233421325683594
2024-12-26,62.619998931884766,62.7400016784668,62.400001525878906,62.56999969482422,7943800,59.9746208190918
2024-12-27,62.45000076293945,62.95000076293945,62.209999084472656,62.45000076293945,8542800,59.85960006713867
2024-12-30,62.34000015258789,62.34000015258789,61.68000030517578,62.029998779296875,8972200,59.4570198059082
2024-12-31,62.02000045776367,62.43000030517578,61.79999923706055,62.2599983215332,9256700,59.6774787902832
2025-01-02,62.349998474121094,62.75,61.619998931884766,61.84000015258789,12991000,59.274898529052734
2025-01-03,61.900001525878906,62.08000183105469,61.619998931884766,61.75,10403200,59.188636779785156
2025-01-06,61.5,61.56999969482422,60.65999984741211,60.810001373291016,17924200,58.287628173828125
2025-01-07,61.11000061035156,61.720001220703125,60.619998931884766,60.84000015258789,17799600,58.316383361816406
2025-01-08,60.9900016784668,61.77000045776367,60.93000030517578,61.709999084472656,14412400,59.15029525756836
2025-01-10,61.58000183105469,61.650001525878906,60.72999954223633,61.06999969482422,22425000,58.53683853149414
2025-01-13,61.130001068115234,61.849998474121094,60.709999084472656,61.650001525878906,18016200,59.0927848815918
2025-01-14,61.65999984741211,62.06999969482422,61.29999923706055,62.040000915527344,16658300,59.46660614013672
2025-01-15,62.33000183105469,62.619998931884766,61.68000030517578,61.77000045776367,16187200,59.207801818847656
2025-01-16,61.41999816894531,62.29999923706055,61.31999969482422,62.25,12585500,59.66789245605469
2025-01-17,62.310001373291016,62.77000045776367,62.16999816894531,62.709999084472656,17948900,60.10881423950195
2025-01-21,62.900001525878906,63.22999954223633,62.29999923706055,62.41999816894531,19817100,59.83084487915039
2025-01-22,62.119998931884766,62.290000915527344,61.65999984741211,61.779998779296875,18191900,59.21738815307617
2025-01-23,61.79999923706055,61.97999954223633,61.369998931884766,61.529998779296875,16528400,58.97775650024414
2025-01-24,61.720001220703125,62.0099983215332,61.439998626708984,61.91999816894531,19244600,59.35158157348633
2025-01-27,62.869998931884766,64.18000030517578,62.470001220703125,63.869998931884766,20742900,61.22069549560547
2025-01-28,63.5099983215332,64.04000091552734,62.279998779296875,62.36000061035156,14956000,59.77333068847656
2025-01-29,62.560001373291016,63.36000061035156,62.54999923706055,62.83000183105469,11325600,60.223838806152344
2025-01-30,63.849998474121094,64.29000091552734,63.22999954223633,64.05000305175781,13201000,61.39323043823242
2025-01-31,63.70000076293945,63.93000030517578,63.38999938964844,63.47999954223633,12096800,60.84687423706055
2025-02-03,63.18000030517578,63.630001068115234,62.43000030517578,63.349998474121094,12067900,60.72226333618164
2025-02-04,63.61000061035156,63.630001068115234,62.349998474121094,62.66999816894531,15678000,60.07046890258789
2025-02-05,62.720001220703125,63.290000915527344,62.59000015258789,63.119998931884766,10686800,60.50180435180664
2025-02-06,63.619998931884766,63.7400016784668,62.90999984741211,63.36000061035156,13423400,60.731849670410156
2025-02-07,63.43000030517578,63.91999816894531,63.27000045776367,63.84000015258789,13184700,61.19194030761719
2025-02-10,64.0999984741211,64.6500015258789,63.65999984741211,64.55000305175781,16154300,61.872493743896484
2025-02-11,67.5,67.66999816894531,66.41000366210938,67.5999984741211,30589100,64.79597473144531
2025-02-12,66.87000274658203,68.81999969482422,66.87000274658203,68.70999908447266,26033800,65.85993194580078
2025-02-13,69.0,69.61000061035156,68.76000213623047,69.5,24393100,66.6171646118164
2025-02-14,69.36000061035156,70.02999877929688,68.76000213623047,68.87000274658203,20779100,66.0133056640625
2025-02-18,68.55000305175781,69.37000274658203,68.41999816894531,69.05000305175781,15569100,66.18582916259766
2025-02-19,69.20999908447266,70.12999725341797,69.16999816894531,70.06999969482422,16032300,67.16352081298828
2025-02-20,69.70999908447266,70.06999969482422,69.41999816894531,70.04000091552734,13398000,67.13475799560547
2025-02-21,70.31999969482422,71.5999984741211,70.12999725341797,71.3499984741211,21662300,68.39042663574219
2025-02-24,70.83999633789062,71.7300033569336,70.33000183105469,70.58999633789062,21418400,67.66194915771484
2025-02-25,70.86000061035156,71.7699966430664,70.7300033569336,71.48999786376953,21555600,68.52462768554688
2025-02-26,71.2699966430664,71.27999877929688,70.52999877929688,70.80000305175781,14531200,67.86325073242188
2025-02-27,70.72000122070312,71.54000091552734,70.41999816894531,70.87000274658203,16789500,67.93034362792969
2025-02-28,71.44999694824219,71.56999969482422,70.55999755859375,71.20999908447266,22167400,68.25624084472656
2025-03-03,70.23999786376953,72.36000061035156,69.7300033569336,72.31999969482422,21717600,69.32019805908203
2025-03-04,72.06999969482422,72.6500015258789,69.87999725341797,70.19000244140625,25411900,67.2785415649414
2025-03-05,69.9000015258789,70.73999786376953,69.83999633789062,70.08000183105469,23933600,67.17311096191406
2025-03-06,70.41000366210938,70.52999877929688,69.44999694824219,70.45999908447266,21694000,67.537353515625
2025-03-07,69.6500015258789,71.81999969482422,69.6500015258789,71.43000030517578,28393300,68.46710968017578
2025-03-10,71.95999908447266,73.22000122070312,71.31999969482422,71.44999694824219,25251200,68.48628234863281
2025-03-11,71.87999725341797,72.04000091552734,70.61000061035156,71.04000091552734,28076400,68.09329223632812
2025-03-12,70.37000274658203,70.7300033569336,69.73999786376953,69.94000244140625,18923300,67.03892517089844
2025-03-13,70.25,70.25,69.27999877929688,69.62000274658203,15746600,66.73218536376953
2025-03-14,68.51000213623047,69.26000213623047,68.37999725341797,69.16000366210938,14205100,66.78047180175781
2025-03-17,69.23999786376953,70.16999816894531,69.08000183105469,70.12000274658203,15634800,67.70744323730469
2025-03-18,70.11000061035156,70.19000244140625,69.30000305175781,69.37999725341797,12657600,66.9928970336914
2025-03-19,68.55000305175781,69.37999725341797,68.54000091552734,69.27999877929688,14780000,66.89633178710938
2025-03-20,69.30999755859375,69.80999755859375,69.08999633789062,69.70999908447266,16295300,67.3115463256836
2025-03-21,69.70999908447266,69.97000122070312,68.18000030517578,68.66999816894531,47479500,66.30733489990234
2025-03-24,68.80000305175781,69.08000183105469,68.33000183105469,68.94999694824219,12575400,66.57769012451172
2025-03-25,68.94999694824219,69.08000183105469,68.5999984741211,68.80999755859375,12513900,66.4425048828125
2025-03-26,68.91999816894531,70.3499984741211,68.9000015258789,70.0199966430664,14478200,67.61087799072266
2025-03-27,70.18000030517578,70.98999786376953,70.06999969482422,70.73999786376953,11663400,68.30610656738281
2025-03-28,70.80999755859375,71.31999969482422,69.52999877929688,70.37000274658203,17412900,67.94884490966797
2025-03-31,70.7300033569336,71.94000244140625,70.48999786376953,71.62000274658203,24016900,69.15583801269531
2025-04-01,71.68000030517578,71.91000366210938,71.19000244140625,71.87000274658203,15309100,69.39722442626953
2025-04-02,71.95999908447266,72.36000061035156,71.05000305175781,71.33000183105469,14606500,68.87580871582031
2025-04-03,72.4800033569336,73.94999694824219,72.31999969482422,73.18000030517578,24959600,70.66215515136719
2025-04-04,72.41999816894531,73.01000213623047,69.79000091552734,69.93000030517578,26517300,67.52397155761719
2025-04-07,66.2300033569336,69.37999725341797,66.05000305175781,68.37000274658203,34258400,66.01765441894531
2025-04-08,68.95999908447266,69.9800033569336,67.76000213623047,68.41999816894531,22774400,66.06593322753906
2025-04-09,67.91999816894531,70.47000122070312,67.27999877929688,69.94999694824219,27918700,67.54328918457031
2025-04-10,70.19000244140625,71.20999908447266,68.9800033569336,70.76000213623047,22450200,68.3254165649414
2025-04-11,70.91000366210938,71.8499984741211,70.54000091552734,71.43000030517578,19988200,68.97236633300781
2025-04-14,71.30000305175781,72.66000366210938,70.93000030517578,72.44999694824219,13930200,69.95726013183594
2025-04-15,72.62000274658203,72.62999725341797,71.72000122070312,71.86000061035156,14965500,69.3875732421875
2025-04-16,72.36000061035156,72.66999816894531,71.38999938964844,71.68000030517578,15276200,69.21376037597656
2025-04-17,71.9000015258789,73.43000030517578,71.72000122070312,73.0,20754500,70.48834228515625
2025-04-21,73.37999725341797,73.47000122070312,71.81999969482422,72.7699966430664,16037200,70.26625061035156
2025-04-22,73.0,74.37999725341797,72.91999816894531,73.9000015258789,15613500,71.35738372802734
2025-04-23,73.29000091552734,73.94999694824219,72.37999725341797,73.30000305175781,16353900,70.77802276611328
2025-04-24,73.0199966430664,73.43000030517578,72.30000305175781,72.5199966430664,16893900,70.02486419677734
2025-04-25,72.6500015258789,72.91999816894531,71.12999725341797,71.91000366210938,16316000,69.43585968017578
2025-04-28,72.08000183105469,72.26000213623047,71.30999755859375,71.79000091552734,15997500,69.31998443603516
2025-04-29,71.19000244140625,72.70999908447266,70.27999877929688,72.3499984741211,16244100,69.86071014404297
2025-04-30,73.3499984741211,73.4800033569336,71.69000244140625,72.55000305175781,21074700,70.05384063720703
2025-05-01,72.0,72.04000091552734,71.2300033569336,71.29000091552734,18034200,68.83717346191406
2025-05-02,71.5,71.81999969482422,71.0999984741211,71.6500015258789,12629600,69.18479919433594
2025-05-05,71.66999816894531,71.80000305175781,71.01000213623047,71.69999694824219,11932700,69.23307800292969
2025-05-06,71.68000030517578,71.9000015258789,71.16000366210938,71.72000122070312,12705500,69.25238800048828
2025-05-07,71.72000122070312,72.69000244140625,71.66999816894531,72.4000015258789,15018200,69.90899658203125
2025-05-08,72.19999694824219,72.47000122070312,71.12999725341797,71.16999816894531,14371100,68.72130584716797
2025-05-09,70.98999786376953,71.1500015258789,70.45999908447266,70.5199966430664,11228900,68.09366607666016
2025-05-12,70.1500015258789,70.33000183105469,68.69999694824219,69.52999877929688,21539000,67.13774108886719
2025-05-13,69.58999633789062,69.69000244140625,68.87000274658203,68.95999908447266,14389100,66.58735656738281
2025-05-14,68.87999725341797,69.33999633789062,68.58000183105469,69.16000366210938,16286800,66.78047180175781
2025-05-15,69.69999694824219,71.7300033569336,69.5999984741211,71.61000061035156,19817100,69.14617156982422
2025-05-16,71.86000061035156,72.26000213623047,71.43000030517578,72.0,18441200,69.52275848388672
2025-05-19,72.02999877929688,72.16999816894531,71.63999938964844,71.93000030517578,13282800,69.45515441894531
2025-05-20,71.80000305175781,72.12999725341797,71.43000030517578,71.69000244140625,12137800,69.22342681884766
2025-05-21,71.69000244140625,72.08000183105469,71.58000183105469,71.8499984741211,12094400,69.37791442871094
2025-05-22,71.83999633789062,71.98999786376953,70.95999908447266,71.13999938964844,11101800,68.69235229492188
2025-05-23,71.54000091552734,71.9800033569336,70.69000244140625,71.7699966430664,12822100,69.30066680908203
2025-05-27,71.73999786376953,72.22000122070312,71.55999755859375,71.77999877929688,10666100,69.3103256225586
2025-05-28,71.69999694824219,71.9000015258789,71.05000305175781,71.1500015258789,8710900,68.7020034790039
2025-05-29,71.0,71.66000366210938,70.45999908447266,71.48999786376953,10291100,69.03031158447266
2025-05-30,71.61000061035156,72.47000122070312,71.61000061035156,72.0999984741211,28019500,69.61930847167969
2025-06-02,72.02999877929688,72.04000091552734,71.36000061035156,72.0,10202700,69.52275848388672
2025-06-03,71.70999908447266,71.77999877929688,70.47000122070312,71.16000366210938,20139800,68.71165466308594
2025-06-04,71.26000213623047,71.8499984741211,70.68000030517578,71.37000274658203,13565900,68.91443634033203
2025-06-05,71.37999725341797,71.45999908447266,70.83000183105469,70.91000366210938,13531400,68.47026824951172
2025-06-06,71.08000183105469,71.4800033569336,70.94000244140625,71.3499984741211,9524000,68.8951187133789
2025-06-09,71.3499984741211,71.83000183105469,71.08999633789062,71.7699966430664,12281300,69.30066680908203
2025-06-10,71.9000015258789,72.69000244140625,71.76000213623047,72.3499984741211,12265000,69.86071014404297
2025-06-11,72.2699966430664,72.36000061035156,71.76000213623047,72.06999969482422,12718500,69.59034729003906
2025-06-12,72.25,72.4000015258789,71.5999984741211,72.23999786376953,12806900,69.7544937133789
2025-06-13,71.7699966430664,71.87999725341797,70.7300033569336,71.0199966430664,17467200,69.06404876708984
2025-06-16,71.19999694824219,71.62000274658203,70.23999786376953,70.5199966430664,15045900,68.57781982421875
2025-06-17,70.37999725341797,70.45999908447266,69.58000183105469,69.62000274658203,15437000,67.70260620117188
2025-06-18,70.0,70.0,69.08999633789062,69.20999908447266,16227600,67.30390167236328
2025-06-20,69.08999633789062,69.55999755859375,68.77999877929688,68.83999633789062,40859400,66.944091796875
2025-06-23,69.13999938964844,69.80999755859375,68.97000122070312,69.73999786376953,21822800,67.81929779052734
2025-06-24,69.94000244140625,70.3499984741211,69.69000244140625,70.20999908447266,15216100,68.2763671875
2025-06-25,69.93000030517578,70.0199966430664,69.43000030517578,69.62999725341797,12540400,67.71233367919922
2025-06-26,69.69999694824219,69.91999816894531,69.1500015258789,69.47000122070312,14454100,67.5567398071289
2025-06-27,69.58999633789062,70.55999755859375,69.47000122070312,70.33000183105469,23470700,68.39305114746094
2025-06-30,70.12999725341797,70.79000091552734,70.08999633789062,70.75,15429000,68.8014907836914
2025-07-01,70.98999786376953,72.44999694824219,70.9000015258789,71.66999816894531,21729300,69.69615173339844
2025-07-02,71.69000244140625,71.83000183105469,70.73999786376953,70.91000366210938,13050200,68.95708465576172
2025-07-03,71.04000091552734,71.4000015258789,70.44999694824219,71.3499984741211,9440500,69.38496398925781
2025-07-07,71.37000274658203,71.37000274658203,70.80000305175781,71.01000213623047,16984700,69.05432891845703
2025-07-08,70.68000030517578,70.68000030517578,69.87999725341797,70.23999786376953,17115500,68.30552673339844
2025-07-09,70.16000366210938,70.25,68.97000122070312,69.4800033569336,33704100,67.56646728515625
2025-07-10,69.29000091552734,69.8499984741211,69.16000366210938,69.7699966430664,14608400,67.84848022460938
2025-07-11,69.56999969482422,70.16000366210938,69.25,69.87000274658203,12916700,67.94573211669922
2025-07-14,69.80000305175781,70.08000183105469,69.2699966430664,69.47000122070312,13983200,67.5567398071289
2025-07-15,69.51000213623047,69.55000305175781,69.1500015258789,69.36000061035156,12639800,67.44976806640625
2025-07-16,69.3499984741211,69.5,68.79000091552734,69.2699966430664,13178300,67.36224365234375
2025-07-17,69.80999755859375,70.69000244140625,69.51000213623047,70.58999633789062,20464700,68.64588928222656
2025-07-18,70.44000244140625,70.69999694824219,69.83000183105469,69.8499984741211,14928000,67.92627716064453
2025-07-21,70.19000244140625,70.62000274658203,69.93000030517578,70.06999969482422,17811700,68.14022064208984
2025-07-22,69.44999694824219,70.26000213623047,68.69000244140625,69.66000366210938,22339900,67.74151611328125
2025-07-23,69.66000366210938,69.73999786376953,68.5999984741211,69.16000366210938,21030000,67.25527954101562
2025-07-24,69.26000213623047,69.55000305175781,68.98999786376953,69.0999984741211,12511400,67.19692993164062
2025-07-25,69.12999725341797,69.2300033569336,68.75,69.16999816894531,12574800,67.26499938964844
2025-07-28,68.73999786376953,68.9000015258789,68.05999755859375,68.08999633789062,13668800,66.2147445678711
2025-07-29,68.33999633789062,69.41999816894531,68.1500015258789,69.37999725341797,16223400,67.46922302246094
2025-07-30,69.11000061035156,69.33000183105469,68.52999877929688,68.75,10448200,66.85657501220703
2025-07-31,68.1500015258789,68.6500015258789,67.73999786376953,67.88999938964844,17193400,66.02025604248047
2025-08-01,68.5999984741211,69.04000091552734,68.2699966430664,68.86000061035156,16107500,66.96353912353516
2025-08-04,68.72000122070312,69.08000183105469,68.30999755859375,68.95999908447266,10701500,67.060791015625
2025-08-05,68.9000015258789,69.48999786376953,68.75,69.05000305175781,11993400,67.1483154296875
2025-08-06,69.12000274658203,69.80000305175781,68.62999725341797,69.51000213623047,10783000,67.59564208984375
2025-08-07,69.45999908447266,70.72000122070312,69.33000183105469,70.43000030517578,15790800,68.49030303955078
2025-08-08,70.36000061035156,70.87000274658203,70.08000183105469,70.33999633789062,9232700,68.40277862548828
2025-08-11,70.30000305175781,70.86000061035156,69.95999908447266,70.75,10909400,68.8014907836914
2025-08-12,70.81999969482422,71.05999755859375,70.22000122070312,70.70999908447266,11061100,68.76258850097656
2025-08-13,70.69000244140625,70.7699966430664,70.2300033569336,70.45999908447266,10356500,68.51947021484375
2025-08-14,70.37999725341797,70.45999908447266,69.38999938964844,69.55000305175781,10722400,67.63453674316406
2025-08-15,69.73999786376953,70.38999938964844,69.56999969482422,69.91999816894531,12381100,67.99434661865234
2025-08-18,69.9800033569336,70.05000305175781,69.05000305175781,69.12999725341797,14094900,67.2260971069336
2025-08-19,69.30000305175781,70.22000122070312,69.23999786376953,70.12999725341797,13862200,68.19856262207031
2025-08-20,70.73999786376953,71.70999908447266,70.41000366210938,70.69999694824219,17530800,68.75286102294922
2025-08-21,70.5999984741211,70.91000366210938,70.33000183105469,70.66000366210938,8840400,68.7139663696289
2025-08-22,70.95999908447266,71.0199966430664,69.91999816894531,70.12999725341797,12999600,68.19856262207031
2025-08-25,70.11000061035156,70.2300033569336,68.72000122070312,68.93000030517578,13634600,67.0316162109375
2025-08-26,69.04000091552734,69.08000183105469,68.58000183105469,68.7300033569336,17964200,66.83712005615234
2025-08-27,68.81999969482422,68.87000274658203,68.47000122070312,68.83000183105469,11562700,66.93436431884766
2025-08-28,68.87999725341797,68.9000015258789,68.27999877929688,68.36000061035156,16209900,66.47731018066406
2025-08-29,68.66999816894531,69.13999938964844,68.43000030517578,68.98999786376953,14601100,67.08995056152344
2025-09-02,68.95999908447266,69.33999633789062,68.26000213623047,69.05999755859375,24770100,67.15802764892578
2025-09-03,68.66000366210938,69.0999984741211,67.37000274658203,68.98999786376953,33581500,67.08995056152344
2025-09-04,69.11000061035156,69.45999908447266,68.11000061035156,68.25,16736000,66.37034606933594
2025-09-05,68.01000213623047,68.58000183105469,67.87000274658203,67.95999908447266,23978000,66.08832550048828
2025-09-08,67.86000061035156,67.87999725341797,67.16000366210938,67.43000030517578,21671700,65.57292175292969
2025-09-09,67.27999877929688,68.11000061035156,67.27999877929688,67.86000061035156,14120600,65.99108123779297
2025-09-10,67.79000091552734,68.08999633789062,67.20999908447266,67.81999969482422,16041900,65.95218658447266
2025-09-11,67.91999816894531,68.16999816894531,67.58000183105469,67.62000274658203,15128700,65.75769805908203
2025-09-12,67.5999984741211,67.72000122070312,66.94000244140625,67.01000213623047,18712400,65.16448974609375
2025-09-15,66.68000030517578,66.77999877929688,66.0999984741211,66.20999908447266,15986100,64.88031768798828
2025-09-16,66.3499984741211,66.51000213623047,66.05999755859375,66.23999786376953,18555900,64.90971374511719
2025-09-17,66.41000366210938,67.12999725341797,66.41000366210938,67.04000091552734,17372300,65.69364166259766
2025-09-18,66.80000305175781,67.04000091552734,66.3499984741211,66.45999908447266,17722900,65.12528991699219
2025-09-19,66.48999786376953,66.7300033569336,66.05000305175781,66.43000030517578,31192900,65.09589385986328
2025-09-22,66.16000366210938,66.58999633789062,66.08000183105469,66.20999908447266,13298700,64.88031768798828
2025-09-23,66.3499984741211,66.76000213623047,65.9000015258789,66.70999908447266,15072800,65.37027740478516
2025-09-24,66.41000366210938,66.77999877929688,65.95999908447266,66.44999694824219,14759300,65.11549377441406
2025-09-25,66.75,66.91999816894531,65.94999694824219,65.9800033569336,14395000,64.65493774414062
2025-09-26,66.06999969482422,66.33000183105469,65.5,65.66999816894531,17821600,64.35115051269531
2025-09-29,65.66999816894531,66.0999984741211,65.3499984741211,66.04000091552734,14818500,64.71372985839844
2025-09-30,66.06999969482422,66.63999938964844,65.95999908447266,66.31999969482422,13815000,64.98809814453125
2025-10-01,66.51000213623047,66.83000183105469,66.29000091552734,66.77999877929688,14877500,65.43887329101562
2025-10-02,66.52999877929688,66.6500015258789,65.86000061035156,66.0999984741211,14350700,64.77252197265625
2025-10-03,66.0999984741211,66.98999786376953,66.04000091552734,66.6500015258789,12249200,65.31147766113281
2025-10-06,66.48999786376953,66.5,65.83999633789062,66.0999984741211,14333300,64.77252197265625
2025-10-07,66.22000122070312,67.26000213623047,65.87000274658203,66.79000091552734,13328300,65.44866943359375
2025-10-08,66.66999816894531,66.87000274658203,66.05999755859375,66.12000274658203,12606700,64.79212188720703
2025-10-09,66.29000091552734,66.80000305175781,66.12000274658203,66.37000274658203,12705200,65.03710174560547
2025-10-10,66.5199966430664,67.4000015258789,66.37999725341797,67.04000091552734,17991700,65.69364166259766
2025-10-13,66.2300033569336,66.80000305175781,66.0,66.80000305175781,13690000,65.45846557617188
2025-10-14,66.87000274658203,67.56999969482422,66.75,67.51000213623047,14245600,66.15421295166016
2025-10-15,67.2699966430664,67.72000122070312,66.91999816894531,67.08000183105469,11193700,65.73284149169922
2025-10-16,67.18000030517578,68.11000061035156,67.16000366210938,67.58999633789062,15707200,66.23259735107422
2025-10-17,68.0,68.5,67.80000305175781,68.44000244140625,15541800,67.0655288696289
2025-10-20,68.43000030517578,68.63999938964844,67.91999816894531,68.44000244140625,17786800,67.0655288696289
2025-10-21,70.56999969482422,71.38999938964844,70.2300033569336,71.22000122070312,33651300,69.7896957397461
2025-10-22,71.36000061035156,71.62000274658203,70.51000213623047,70.80999755859375,18293000,69.38792419433594
2025-10-23,70.80999755859375,70.93000030517578,69.72000122070312,69.94000244140625,13989400,68.53541564941406
2025-10-24,69.91000366210938,70.05000305175781,69.6500015258789,69.70999908447266,15688200,68.31002044677734
2025-10-27,69.77999877929688,70.12000274658203,69.25,70.05999755859375,13800000,68.65299224853516
2025-10-28,70.05000305175781,70.9000015258789,69.94999694824219,70.16000366210938,12730500,68.75099182128906
2025-10-29,69.91999816894531,70.02999877929688,68.16000366210938,68.3499984741211,19789600,66.97733306884766
2025-10-30,68.44999694824219,69.29000091552734,68.38999938964844,68.9800033569336,14751700,67.59468841552734
2025-10-31,68.55000305175781,69.06999969482422,67.9000015258789,68.9000015258789,16742700,67.51628875732422
2025-11-03,68.80000305175781,68.88999938964844,67.66000366210938,67.97000122070312,15660400,66.60497283935547
2025-11-04,68.47000122070312,68.7300033569336,68.16000366210938,68.66000366210938,12743800,67.28112030029297
2025-11-05,68.66000366210938,68.83000183105469,68.18000030517578,68.51000213623047,12850100,67.13412475585938
2025-11-06,68.30000305175781,69.13999938964844,67.91999816894531,69.05999755859375,15906700,67.6730728149414
2025-11-07,69.80999755859375,70.87000274658203,69.41000366210938,70.55000305175781,25108300,69.13316345214844
2025-11-10,70.01000213623047,70.66000366210938,69.44000244140625,70.5199966430664,15318000,69.10375213623047
2025-11-11,70.9800033569336,71.75,70.66000366210938,71.61000061035156,16160200,70.17186737060547
2025-11-12,71.48999786376953,71.88999938964844,71.33999633789062,71.51000213623047,13612600,70.0738754272461
2025-11-13,71.41999816894531,71.66999816894531,71.0,71.06999969482422,14002800,69.64270782470703
2025-11-14,71.41000366210938,71.63999938964844,70.5999984741211,71.16000366210938,13172000,69.73090362548828
2025-11-17,71.19999694824219,71.52999877929688,70.62000274658203,70.68000030517578,14772300,69.26054382324219
2025-11-18,70.98999786376953,71.33999633789062,70.56999969482422,71.22000122070312,12838900,69.7896957397461
2025-11-19,71.19999694824219,71.44999694824219,70.80999755859375,71.11000061035156,12401500,69.6819076538086
2025-11-20,70.94999694824219,71.4800033569336,70.61000061035156,71.20999908447266,15396500,69.77989959716797
2025-11-21,71.68000030517578,73.19000244140625,71.48999786376953,72.94999694824219,26492500,71.48495483398438
2025-11-24,73.16000366210938,73.16000366210938,71.56999969482422,72.58999633789062,39818600,71.1321792602539
2025-11-25,72.80000305175781,72.93000030517578,72.13999938964844,72.61000061035156,17451200,71.15178680419922
2025-11-26,72.5999984741211,73.08999633789062,72.38999938964844,72.87999725341797,11795100,71.41636657714844
2025-11-28,73.0,73.2300033569336,72.76000213623047,73.12000274658203,7423000,71.65154266357422
2025-12-01,72.5999984741211,72.91000366210938,71.93000030517578,71.94999694824219,14388100,71.00025177001953
2025-12-02,71.80000305175781,71.80000305175781,70.43000030517578,70.66999816894531,19871300,69.73715209960938
2025-12-03,70.87999725341797,71.4000015258789,70.61000061035156,70.80999755859375,17001700,69.87529754638672
2025-12-04,70.83000183105469,71.33999633789062,70.37000274658203,70.44999694824219,17710000,69.52005004882812
2025-12-05,70.31999969482422,70.70999908447266,69.87000274658203,70.0,13978200,69.07598876953125
2025-12-08,69.83999633789062,70.37999725341797,69.48999786376953,70.25,17775100,69.32269287109375
2025-12-09,70.37000274658203,70.62999725341797,69.83000183105469,70.08999633789062,13010600,69.16480255126953
2025-12-10,70.38999938964844,70.52999877929688,69.77999877929688,70.20999908447266,29789400,69.28321838378906
2025-12-11,70.55000305175781,70.69000244140625,68.79000091552734,69.11000061035156,23124200,68.19773864746094
2025-12-12,69.11000061035156,70.62000274658203,69.04000091552734,70.5199966430664,18444500,69.58912658691406
2025-12-15,70.43000030517578,71.31999969482422,70.31999969482422,70.97000122070312,18660100,70.03318786621094
2025-12-16,71.30000305175781,71.30000305175781,70.31999969482422,70.37000274658203,17370000,69.44110870361328
2025-12-17,70.56999969482422,70.91999816894531,70.30999755859375,70.66999816894531,13672700,69.73715209960938
2025-12-18,70.2699966430664,70.80000305175781,70.16999816894531,70.36000061035156,15524800,69.43123626708984
2025-12-19,70.05999755859375,70.7699966430664,70.02999877929688,70.05999755859375,36911100,69.13520050048828
2025-12-22,69.93000030517578,70.22000122070312,69.66000366210938,70.20999908447266,12828500,69.28321838378906
2025-12-23,70.19999694824219,70.26000213623047,69.69000244140625,69.87000274658203,9471000,68.94771575927734
2025-12-24,69.9000015258789,70.16000366210938,69.75,70.11000061035156,4515300,69.18453979492188
2025-12-26,69.94999694824219,70.16000366210938,69.7300033569336,69.87000274658203,5711400,68.94771575927734
2025-12-29,70.0,70.41999816894531,69.8499984741211,70.16000366210938,9686900,69.23387908935547
2025-12-30,70.0,70.23999786376953,69.80000305175781,70.06999969482422,8610900,69.14507293701172
2025-12-31,70.06999969482422,70.16000366210938,69.87999725341797,69.91000366210938,8127800,68.9871826171875
2026-01-02,69.8499984741211,69.87000274658203,68.9800033569336,69.12000274658203,12151300,68.20761108398438
2026-01-05,68.91999816894531,68.91999816894531,67.91999816894531,67.94000244140625,21186600,67.04318237304688
2026-01-06,68.01000213623047,68.25,67.58999633789062,67.83999633789062,21019900,66.94450378417969
2026-01-07,67.98999786376953,68.06999969482422,67.2699966430664,67.54000091552734,20223400,66.6484603881836
2026-01-08,67.54000091552734,69.45999908447266,67.44999694824219,69.37000274658203,19237000,68.45430755615234
2026-01-09,69.43000030517578,70.66000366210938,69.12000274658203,70.51000213623047,19638600,69.57926177978516
2026-01-12,70.9000015258789,70.97000122070312,70.23999786376953,70.5,20582500,69.56939697265625
2026-01-13,70.41999816894531,71.23999786376953,70.2699966430664,71.23999786376953,18324800,70.29962921142578
2026-01-14,71.16999816894531,71.70999908447266,70.80999755859375,71.44000244140625,16739100,70.49699401855469
2026-01-15,71.58999633789062,71.5999984741211,70.37000274658203,70.4800033569336,15464100,69.5496597290039
2026-01-16,70.29000091552734,70.73999786376953,70.04000091552734,70.44000244140625,20027500,69.51019287109375
2026-01-20,70.0,71.77999877929688,69.79000091552734,71.75,22152200,70.80289459228516
2026-01-21,71.9800033569336,72.23999786376953,70.83000183105469,72.01000213623047,21660600,71.05946350097656
2026-01-22,71.83000183105469,72.04000091552734,71.44000244140625,71.87000274658203,13962800,70.92131042480469
2026-01-23,72.0199966430664,73.05999755859375,71.77999877929688,72.87999725341797,18307100,71.91797637939453
2026-01-26,72.86000061035156,73.30000305175781,72.54000091552734,72.55999755859375,14017400,71.6021957397461
2026-01-27,72.44000244140625,73.55999755859375,72.2699966430664,73.55000305175781,13239200,72.57913970947266
2026-01-28,73.20999908447266,73.62000274658203,72.56999969482422,73.05999755859375,14633700,72.09559631347656
2026-01-29,73.18000030517578,74.08999633789062,73.13999938964844,73.43000030517578,20862100,72.4607162475586
2026-01-30,73.70999908447266,74.9000015258789,73.54000091552734,74.80999755859375,26420500,73.82249450683594
2026-02-02,75.01000213623047,75.69999694824219,74.4000015258789,75.33000183105469,19301500,74.33563995361328
2026-02-03,75.2699966430664,77.5,75.12999725341797,76.88999938964844,27007100,75.87503814697266
2026-02-04,77.2699966430664,78.11000061035156,77.08000183105469,77.3499984741211,28607300,76.32896423339844
2026-02-05,77.81999969482422,78.86000061035156,77.58999633789062,78.51000213623047,21633500,77.47366333007812
2026-02-06,78.5,79.19999694824219,78.26000213623047,79.02999877929688,18512400,77.9867935180664
2026-02-09,78.66999816894531,79.11000061035156,77.54000091552734,77.97000122070312,23415600,76.9407958984375
2026-02-10,76.62999725341797,77.51000213623047,76.01000213623047,76.80999755859375,28848200,75.79609680175781
2026-02-11,76.87999725341797,79.05000305175781,76.58000183105469,78.5999984741211,22649700,77.56246948242188
2026-02-12,78.9800033569336,80.41000366210938,78.79000091552734,79.0,26043500,77.95719146728516
2026-02-13,78.44999694824219,79.4000015258789,78.12999725341797,78.68000030517578,16711900,77.64141845703125
2026-02-17,78.98999786376953,79.63999938964844,78.73999786376953,79.55999755859375,16260200,78.50979614257812
2026-02-18,79.5,79.83999633789062,78.91999816894531,79.48999786376953,16304900,78.44071960449219
2026-02-19,79.45999908447266,79.66999816894531,78.58999633789062,78.91000366210938,14924700,77.8683853149414
2026-02-20,79.33000183105469,79.83999633789062,78.88999938964844,79.83999633789062,17175100,78.78610229492188
2026-02-23,79.5199966430664,80.8499984741211,79.5,80.55999755859375,17157700,79.49659729003906
2026-02-24,80.54000091552734,81.08999633789062,79.8499984741211,80.72000122070312,16448500,79.65448760986328
2026-02-25,80.4000015258789,80.69000244140625,79.55999755859375,80.47000122070312,18086900,79.40779113769531
2026-02-26,80.75,80.88999938964844,80.0199966430664,80.5,12843200,79.43739318847656
2026-02-27,80.94000244140625,82.0,80.81999969482422,81.55999755859375,28483500,80.4833984375
2026-03-02,81.25,81.4000015258789,80.1500015258789,80.22000122070312,18137200,79.16109466552734
2026-03-03,79.86000061035156,80.08000183105469,78.55999755859375,79.33999633789062,20549300,78.2927017211914
2026-03-04,79.29000091552734,79.47000122070312,77.75,78.0999984741211,21011800,77.0690689086914
2026-03-05,77.68000030517578,77.72000122070312,76.5,77.02999877929688,23165700,76.01319885253906
2026-03-06,76.80000305175781,77.19000244140625,76.3499984741211,77.04000091552734,15516000,76.02306365966797
2026-03-09,76.62000274658203,78.06999969482422,76.52999877929688,77.80000305175781,18554100,76.77304077148438
2026-03-10,77.4800033569336,78.41000366210938,77.0999984741211,77.87999725341797,17243900,76.85197448730469
2026-03-11,77.70999908447266,77.70999908447266,76.5999984741211,77.62999725341797,11546800,76.60527038574219
2026-03-12,77.41999816894531,78.16000366210938,76.9000015258789,77.61000061035156,16842200,76.58554077148438
2026-03-13,77.47000122070312,78.05000305175781,77.19000244140625,77.33999633789062,11974500,76.8438720703125
2026-03-16,78.0,78.43000030517578,77.73999786376953,77.81999969482422,11761200,77.32079315185547
2026-03-17,78.0,78.30000305175781,77.44999694824219,77.58000183105469,14900100,77.08233642578125
2026-03-18,77.08000183105469,77.12999725341797,75.8499984741211,75.97000122070312,13134600,75.48265838623047
2026-03-19,76.0,76.44999694824219,75.52999877929688,75.55000305175781,13023300,75.06536102294922
2026-03-20,75.56999969482422,76.05000305175781,74.38999938964844,74.75,33298700,74.2704849243164
2026-03-23,75.33999633789062,75.44999694824219,74.55000305175781,75.11000061035156,15054900,74.62818145751953
2026-03-24,74.86000061035156,75.69000244140625,74.62999725341797,74.66999816894531,15653700,74.19100189208984
2026-03-25,74.58999633789062,75.6500015258789,74.06999969482422,75.25,14787900,74.76728057861328
2026-03-26,75.19000244140625,75.75,74.6500015258789,74.69000244140625,11202100,74.21087646484375
2026-03-27,74.81999969482422,76.05000305175781,74.69999694824219,75.70999908447266,17461000,75.22432708740234
2026-03-30,75.93000030517578,77.0,75.72000122070312,76.2699966430664,18502800,75.78073120117188
2026-03-31,76.52999877929688,77.0199966430664,75.51000213623047,76.05000305175781,18301800,75.56214904785156
2026-04-01,76.1500015258789,76.36000061035156,75.26000213623047,76.08000183105469,15834300,75.59195709228516
2026-04-02,76.58000183105469,76.95999908447266,76.12000274658203,76.72000122070312,14573400,76.22785186767578
2026-04-06,76.63999938964844,77.27999877929688,76.22000122070312,77.22000122070312,8259900,76.72463989257812
2026-04-07,77.19999694824219,77.5999984741211,75.62999725341797,75.91000366210938,12769200,75.42304992675781
2026-04-08,75.80999755859375,77.37000274658203,75.31999969482422,77.29000091552734,12331300,76.79419708251953
2026-04-09,76.6500015258789,78.29000091552734,76.37000274658203,78.18000030517578,14311000,77.67848205566406
2026-04-10,77.9800033569336,78.16999816894531,77.30999755859375,77.47000122070312,11081400,76.97303771972656
2026-04-13,77.31999969482422,77.44999694824219,75.83000183105469,76.41000366210938,12696200,75.91984558105469
2026-04-14,75.97000122070312,76.62000274658203,75.80000305175781,75.9000015258789,12397600,75.4131088256836
2026-04-15,75.73999786376953,75.73999786376953,74.72000122070312,75.30999755859375,16212100,74.82688903808594
2026-04-16,75.02999877929688,75.83999633789062,74.9000015258789,75.18000030517578,11501900,74.6977310180664
2026-04-17,74.94999694824219,76.05999755859375,74.80000305175781,75.73999786376953,15033900,75.25413513183594
2026-04-20,75.81999969482422,76.22000122070312,75.36000061035156,75.4800033569336,10141800,74.99580383300781
2026-04-21,75.4800033569336,75.52999877929688,74.62000274658203,74.69999694824219,11806900,74.2208023071289
2026-04-22,74.9000015258789,75.37999725341797,74.55000305175781,74.62999725341797,9352300,74.15125274658203
2026-04-23,75.44000244140625,76.66000366210938,75.16000366210938,76.27999877929688,12060300,75.7906723022461
2026-04-24,76.70999908447266,77.01000213623047,76.16999816894531,76.62999725341797,12008700,76.138427734375
2026-04-27,76.70999908447266,76.70999908447266,75.4000015258789,75.44000244140625,15812200,74.95606231689453
2026-04-28,79.5199966430664,80.31999969482422,78.08000183105469,78.3499984741211,30710700,77.8473892211914
2026-04-29,78.37000274658203,79.27999877929688,78.19000244140625,78.87000274658203,18294700,78.36405944824219
2026-04-30,78.80000305175781,79.12000274658203,78.33000183105469,78.76000213623047,15142200,78.25476837158203
2026-05-01,79.29000091552734,79.63999938964844,78.04000091552734,78.58000183105469,12610400,78.07592010498047
2026-05-04,78.05999755859375,78.7699966430664,77.7300033569336,78.19000244140625,12672400,77.68842315673828
2026-05-05,78.19000244140625,78.77999877929688,77.73999786376953,78.4800033569336,11637500,77.9765625
2026-05-06,78.77999877929688,79.33000183105469,78.56999969482422,79.2300033569336,14060300,78.72174835205078
2026-05-07,78.79000091552734,79.1500015258789,78.0999984741211,78.43000030517578,16531400,77.9268798828125
2026-05-08,78.56999969482422,79.19999694824219,78.12000274658203,78.41999816894531,12447200,77.91693878173828
2026-05-11,78.16000366210938,78.7300033569336,77.83999633789062,78.66000366210938,10967900,78.15541076660156
2026-05-12,79.0,80.31999969482422,78.27999877929688,80.02999877929688,19883100,79.51661682128906
2026-05-13,79.87000274658203,81.02999877929688,79.83999633789062,80.26000213623047,12357000,79.7451400756836
2026-05-14,80.7300033569336,80.91999816894531,79.91000366210938,80.44999694824219,10642000,79.93392181396484
2026-05-15,81.36000061035156,81.36000061035156,80.44999694824219,80.81999969482422,17527200,80.30155181884766
2026-05-18,80.87000274658203,81.38999938964844,80.38999938964844,81.19999694824219,12375500,80.67910766601562
2026-05-19,81.41000366210938,82.66000366210938,81.26000213623047,81.91999816894531,16595200,81.39449310302734
2026-05-20,82.16999816894531,82.4000015258789,81.5199966430664,81.55000305175781,16999700,81.02687072753906
2026-05-21,81.79000091552734,81.80000305175781,80.72000122070312,81.16999816894531,15708400,80.64929962158203
2026-05-22,81.18000030517578,81.68000030517578,80.91999816894531,81.4800033569336,8240200,80.95732116699219
2026-05-26,80.83999633789062,81.5999984741211,80.23999786376953,80.45999908447266,13004200,79.94385528564453
2026-05-27,81.0999984741211,82.51000213623047,80.80000305175781,81.62000274658203,13209600,81.09642028808594
2026-05-28,81.31999969482422,81.76000213623047,80.33999633789062,80.41000366210938,14691400,79.89418029785156
2026-05-29,80.04000091552734,80.33000183105469,78.91000366210938,79.01000213623047,32477000,78.50315856933594
2026-06-01,78.58000183105469,79.19999694824219,78.43000030517578,78.63999938964844,12776300,78.13553619384766
2026-06-02,78.87999725341797,79.19999694824219,78.25,78.41000366210938,12533200,77.90701293945312
2026-06-03,78.29000091552734,79.02999877929688,78.11000061035156,78.76000213623047,14964300,78.25476837158203
2026-06-04,79.77999877929688,80.04000091552734,76.80999755859375,76.81999969482422,19361600,76.32720947265625
2026-06-05,77.51000213623047,80.73999786376953,77.4800033569336,79.4800033569336,25708100,78.97014617919922
2026-06-08,79.30999755859375,79.93000030517578,79.0999984741211,79.54000091552734,12828900,79.0297622680664
2026-06-09,79.55000305175781,81.76000213623047,79.37999725341797,81.33999633789062,20591600,80.81820678710938
2026-06-10,82.68000030517578,83.8499984741211,82.12000274658203,83.58999633789062,20880500,83.05377197265625
2026-06-11,83.91999816894531,84.04000091552734,82.48999786376953,82.52999877929688,14264500,82.00057983398438
2026-06-12,82.70999908447266,82.88999938964844,81.87000274658203,82.62000274658203,11757700,82.09000396728516
2026-06-15,81.08000183105469,81.19999694824219,80.25,80.91000366210938,20055200,80.91000366210938
2026-06-16,81.1500015258789,81.38999938964844,79.83999633789062,80.27999877929688,17565100,80.27999877929688
2026-06-17,79.94999694824219,80.33000183105469,78.98999786376953,79.93000030517578,17055400,79.93000030517578
2026-06-18,79.87000274658203,80.01000213623047,78.73999786376953,79.38999938964844,46857900,79.38999938964844
2026-06-22,79.25,80.05999755859375,79.05999755859375,79.52999877929688,21205900,79.52999877929688
2026-06-23,81.33000183105469,81.33000183105469,79.83000183105469,80.30999755859375,16854000,80.30999755859375
2026-06-24,80.88999938964844,81.58000183105469,80.55999755859375,80.5999984741211,20632600,80.5999984741211
2026-06-25,80.52999877929688,81.37999725341797,79.97000122070312,80.41999816894531,16021400,80.41999816894531
2026-06-26,80.95999908447266,82.80999755859375,80.69999694824219,82.62999725341797,53357500,82.62999725341797
2026-06-29,82.83000183105469,83.62000274658203,82.20999908447266,82.6500015258789,15015800,82.6500015258789
2026-06-30,82.5,82.54000091552734,81.01000213623047,81.2699966430664,16422100,81.2699966430664
2026-07-01,81.69999694824219,81.9800033569336,80.95999908447266,81.29000091552734,21734800,81.29000091552734
2026-07-02,81.62999725341797,84.13999938964844,81.4000015258789,84.13999938964844,18308400,84.13999938964844
2026-07-06,84.0999984741211,84.55999755859375,82.31999969482422,82.95999908447266,18987700,82.95999908447266
