Date,Open,High,Low,Close,Volume,Adj Close
2011-04-01,25.530000686645508,25.530000686645508,25.309999465942383,25.479999542236328,63114200,19.466917037963867
2011-04-04,25.450000762939453,25.65999984741211,25.40999984741211,25.549999237060547,35433700,19.520402908325195
2011-04-05,25.81999969482422,26.18000030517578,25.739999771118164,25.780000686645508,73651100,19.69612693786621
2011-04-06,25.979999542236328,26.309999465942383,25.86000061035156,26.149999618530277,65581400,19.97881126403809
2011-04-07,26.190000534057617,26.26000022888184,25.96999931335449,26.200000762939453,46134700,20.01700592041016
2011-04-08,26.170000076293945,26.280000686645508,25.959999084472656,26.06999969482422,39887600,19.917688369750977
2011-04-11,26.190000534057617,26.25,25.799999237060547,25.979999542236328,34286300,19.84893035888672
2011-04-12,25.82999992370605,25.850000381469727,25.549999237060547,25.63999938964844,36920400,19.58916282653809
2011-04-13,25.649999618530277,25.8700008392334,25.559999465942383,25.6299991607666,38144700,19.581525802612305
2011-04-14,25.420000076293945,25.440000534057617,25.09000015258789,25.420000076293945,55239900,19.42108154296875
2011-04-15,25.459999084472656,25.559999465942383,25.18000030517578,25.3700008392334,65080400,19.38288307189941
2011-04-18,25.100000381469727,25.280000686645508,24.71999931335449,25.07999992370605,58045100,19.161319732666016
2011-04-19,25.0,25.170000076293945,24.8700008392334,25.149999618530277,38892400,19.21480178833008
2011-04-20,25.540000915527344,26.0,25.51000022888184,25.76000022888184,61608600,19.68084144592285
2011-04-21,25.790000915527344,25.88999938964844,25.36000061035156,25.520000457763672,46892300,19.497486114501957
2011-04-25,25.559999465942383,25.6200008392334,25.34000015258789,25.61000061035156,33525100,19.566242218017575
2011-04-26,25.739999771118164,26.440000534057617,25.670000076293945,26.190000534057617,69200000,20.00936889648437
2011-04-27,26.299999237060547,26.38999938964844,26.1299991607666,26.3799991607666,52689000,20.15453338623047
2011-04-28,26.459999084472656,26.8700008392334,26.399999618530277,26.709999084472656,80200000,20.406652450561523
2011-04-29,26.549999237060547,26.63999938964844,25.36000061035156,25.920000076293945,319317900,19.80308723449707
2011-05-02,25.940000534057617,26.0,25.479999542236328,25.65999984741211,89825600,19.60444450378418
2011-05-03,25.600000381469727,25.850000381469727,25.489999771118164,25.809999465942383,71892900,19.719051361083984
2011-05-04,25.850000381469727,26.25,25.790000915527344,26.059999465942383,73292300,19.910045623779297
2011-05-05,26.049999237060547,26.07999992370605,25.68000030517578,25.790000915527344,55600000,19.70376968383789
2011-05-06,26.06999969482422,26.21999931335449,25.75,25.8700008392334,55993000,19.764890670776367
2011-05-09,25.799999237060547,25.959999084472656,25.670000076293945,25.82999992370605,38696400,19.734323501586918
2011-05-10,25.3799991607666,25.850000381469727,25.25,25.670000076293945,120798700,19.61208152770996
2011-05-11,25.649999618530277,25.65999984741211,25.209999084472656,25.36000061035156,78600000,19.375247955322266
2011-05-12,25.350000381469727,25.38999938964844,25.100000381469727,25.31999969482422,77400000,19.34467887878418
2011-05-13,25.280000686645508,25.31999969482422,24.950000762939453,25.030000686645508,66812300,19.123119354248047
2011-05-16,24.959999084472656,25.06999969482422,24.5,24.56999969482422,91350900,18.771677017211918
2011-05-17,24.399999618530277,24.700000762939453,24.270000457763672,24.520000457763672,82882100,18.856264114379883
2011-05-18,24.530000686645508,24.739999771118164,24.25,24.690000534057617,53931100,18.986989974975582
2011-05-19,24.850000381469727,24.8799991607666,24.5,24.71999931335449,37783600,19.010059356689453
2011-05-20,24.71999931335449,24.8700008392334,24.440000534057617,24.489999771118164,45451500,18.83319664001465
2011-05-23,24.209999084472656,24.25,24.030000686645508,24.170000076293945,52692500,18.58711051940918
2011-05-24,24.200000762939453,24.290000915527344,24.040000915527344,24.149999618530277,47691800,18.571733474731445
2011-05-25,24.170000076293945,24.309999465942383,24.15999984741211,24.190000534057617,34904200,18.60249900817871
2011-05-26,24.350000381469727,25.030000686645508,24.31999969482422,24.670000076293945,78016600,18.97161865234375
2011-05-27,24.68000030517578,24.899999618530277,24.649999618530277,24.76000022888184,50251000,19.04082679748535
2011-05-31,24.959999084472656,25.059999465942383,24.700000762939453,25.01000022888184,60196300,19.233083724975582
2011-06-01,24.989999771118164,25.100000381469727,24.3700008392334,24.43000030517578,74033500,18.787057876586918
2011-06-02,24.489999771118164,24.649999618530277,24.18000030517578,24.21999931335449,51487800,18.62555885314941
2011-06-03,24.049999237060547,24.13999938964844,23.84000015258789,23.90999984741211,60697700,18.387170791625977
2011-06-06,23.88999938964844,24.25,23.770000457763672,24.01000022888184,54778700,18.464075088500977
2011-06-07,24.09000015258789,24.170000076293945,23.899999618530277,24.059999465942383,41112600,18.502517700195312
2011-06-08,23.899999618530277,24.020000457763672,23.86000061035156,23.940000534057617,42205000,18.410240173339844
2011-06-09,24.01000022888184,24.040000915527344,23.81999969482422,23.959999084472656,42878700,18.425615310668945
2011-06-10,24.020000457763672,24.020000457763672,23.690000534057617,23.709999084472656,49327200,18.23336410522461
2011-06-13,23.790000915527344,24.190000534057617,23.700000762939453,24.040000915527344,47572500,18.48714256286621
2011-06-14,24.299999237060547,24.450000762939453,24.190000534057617,24.21999931335449,42894500,18.62555885314941
2011-06-15,24.0,24.01000022888184,23.670000076293945,23.739999771118164,49410200,18.25642967224121
2011-06-16,23.75,24.100000381469727,23.649999618530277,24.0,57184100,18.456378936767575
2011-06-17,24.21999931335449,24.299999237060547,23.979999542236328,24.26000022888184,83320400,18.656326293945312
2011-06-20,24.170000076293945,24.65999984741211,24.15999984741211,24.46999931335449,54338400,18.817819595336918
2011-06-21,24.520000457763672,24.86000061035156,24.399999618530277,24.76000022888184,49708700,19.04082679748535
2011-06-22,24.600000381469727,24.809999465942383,24.59000015258789,24.649999618530277,44287300,18.95623207092285
2011-06-23,24.440000534057617,24.649999618530277,24.200000762939453,24.6299991607666,59470400,18.94086265563965
2011-06-24,24.51000022888184,24.540000915527344,24.190000534057617,24.299999237060547,101387200,18.687089920043945
2011-06-27,24.229999542236328,25.459999084472656,24.229999542236328,25.200000762939453,92044200,19.37919807434082
2011-06-28,25.299999237060547,25.920000076293945,25.15999984741211,25.799999237060547,81032100,19.84060859680176
2011-06-29,25.709999084472656,25.709999084472656,25.36000061035156,25.6200008392334,66051000,19.70218849182129
2011-06-30,25.739999771118164,26.0,25.65999984741211,26.0,52535400,19.99441146850586
2011-07-01,25.93000030517578,26.170000076293945,25.84000015258789,26.020000457763672,52906200,20.00978660583496
2011-07-05,26.100000381469727,26.149999618530277,25.899999618530277,26.030000686645508,37805300,20.017484664916992
2011-07-06,25.96999931335449,26.3700008392334,25.959999084472656,26.32999992370605,48744200,20.24818420410156
2011-07-07,26.489999771118164,26.8799991607666,26.36000061035156,26.770000457763672,51946500,20.58656120300293
2011-07-08,26.540000915527344,26.979999542236328,26.51000022888184,26.920000076293945,58320700,20.701902389526367
2011-07-11,26.6200008392334,26.799999237060547,26.489999771118164,26.6299991607666,43999800,20.47888565063477
2011-07-12,26.549999237060547,26.790000915527344,26.34000015258789,26.540000915527344,47319300,20.4096736907959
2011-07-13,26.600000381469727,26.959999084472656,26.51000022888184,26.6299991607666,40861800,20.47888565063477
2011-07-14,26.6200008392334,27.01000022888184,26.36000061035156,26.46999931335449,46382300,20.355852127075195
2011-07-15,26.46999931335449,26.93000030517578,26.46999931335449,26.780000686645508,49132400,20.5942440032959
2011-07-18,26.6299991607666,26.899999618530277,26.26000022888184,26.59000015258789,44501900,20.44812774658203
2011-07-19,26.809999465942383,27.63999938964844,26.780000686645508,27.540000915527344,86730600,21.17869758605957
2011-07-20,27.280000686645508,27.350000381469727,26.979999542236328,27.059999465942383,49795400,20.809572219848636
2011-07-21,27.040000915527344,27.309999465942383,26.649999618530277,27.100000381469727,81737400,20.84033203125
2011-07-22,26.86000061035156,27.549999237060547,26.68000030517578,27.530000686645508,76380600,21.171009063720703
2011-07-25,27.26000022888184,28.09000015258789,27.190000534057617,27.90999984741211,108482400,21.463224411010746
2011-07-26,27.81999969482422,28.149999618530277,27.780000686645508,28.07999992370605,74636500,21.593963623046875
2011-07-27,27.8799991607666,27.989999771118164,27.200000762939453,27.32999992370605,71488700,21.0172061920166
2011-07-28,27.290000915527344,28.06999969482422,27.209999084472656,27.71999931335449,83761400,21.31711769104004
2011-07-29,27.520000457763672,27.709999084472656,27.26000022888184,27.399999618530277,104394800,21.07103157043457
2011-08-01,27.51000022888184,27.690000534057617,26.75,27.270000457763672,61838400,20.97106170654297
2011-08-02,26.979999542236328,27.450000762939453,26.76000022888184,26.799999237060547,63883100,20.609621047973636
2011-08-03,26.82999992370605,27.0,26.479999542236328,26.920000076293945,64581200,20.701902389526367
2011-08-04,26.530000686645508,26.8700008392334,25.93000030517578,25.940000534057617,92949500,19.948266983032227
2011-08-05,25.96999931335449,26.100000381469727,25.229999542236328,25.68000030517578,112071700,19.748334884643555
2011-08-08,25.020000457763672,25.600000381469727,24.38999938964844,24.479999542236328,134257200,18.82551002502441
2011-08-09,24.709999084472656,25.6200008392334,24.030000686645508,25.57999992370605,126268900,19.67141914367676
2011-08-10,24.950000762939453,25.09000015258789,24.100000381469727,24.200000762939453,127819900,18.61018943786621
2011-08-11,24.5,25.3799991607666,24.399999618530277,25.190000534057617,90690100,19.37150764465332
2011-08-12,25.1299991607666,25.34000015258789,24.649999618530277,25.100000381469727,64787100,19.30229949951172
2011-08-15,25.239999771118164,25.57999992370605,25.149999618530277,25.51000022888184,56529400,19.617589950561523
2011-08-16,25.21999931335449,25.59000015258789,25.049999237060547,25.350000381469727,54251500,19.617595672607425
2011-08-17,25.25,25.700000762939453,24.93000030517578,25.25,50923700,19.540206909179688
2011-08-18,24.56999969482422,25.09000015258789,24.030000686645508,24.670000076293945,105714200,19.09136199951172
2011-08-19,24.40999984741211,24.6200008392334,23.90999984741211,24.049999237060547,77397900,18.61156463623047
2011-08-22,24.420000076293945,24.489999771118164,23.790000915527344,23.979999542236328,54721000,18.557392120361328
2011-08-23,24.030000686645508,24.75,24.030000686645508,24.71999931335449,59670600,19.13004493713379
2011-08-24,24.649999618530277,24.93000030517578,24.420000076293945,24.899999618530277,45329700,19.269350051879883
2011-08-25,25.07999992370605,25.15999984741211,24.5,24.56999969482422,48192000,19.01397705078125
2011-08-26,24.51000022888184,25.34000015258789,24.420000076293945,25.25,71957000,19.540206909179688
2011-08-29,25.530000686645508,25.86000061035156,25.3700008392334,25.84000015258789,38863200,19.99679183959961
2011-08-30,25.729999542236328,26.43000030517578,25.700000762939453,26.229999542236328,57341400,20.29860496520996
2011-08-31,26.290000915527344,26.709999084472656,26.26000022888184,26.600000381469727,59300800,20.584936141967773
2011-09-01,26.459999084472656,26.86000061035156,26.209999084472656,26.209999084472656,60510800,20.283117294311523
2011-09-02,25.780000686645508,26.0,25.65999984741211,25.799999237060547,43894400,19.96583747863769
2011-09-06,25.200000762939453,25.59000015258789,25.11000061035156,25.51000022888184,54929300,19.74140930175781
2011-09-07,25.690000534057617,26.0,25.56999969482422,26.0,41961000,20.120607376098636
2011-09-08,26.0,26.65999984741211,25.950000762939453,26.21999931335449,65811900,20.290861129760746
2011-09-09,26.0,26.18000030517578,25.5,25.739999771118164,64529200,19.91939353942871
2011-09-12,25.440000534057617,25.93000030517578,25.270000457763672,25.88999938964844,55046100,20.035484313964844
2011-09-13,25.920000076293945,26.190000534057617,25.809999465942383,26.040000915527344,48792300,20.15156364440918
2011-09-14,26.170000076293945,26.799999237060547,25.88999938964844,26.5,66739200,20.507545471191406
2011-09-15,26.729999542236328,27.030000686645508,26.309999465942383,26.989999771118164,67808300,20.88673973083496
2011-09-16,27.049999237060547,27.270000457763672,26.82999992370605,27.1200008392334,89681500,20.987335205078125
2011-09-19,26.799999237060547,27.309999465942383,26.600000381469727,27.209999084472656,52324900,21.056995391845703
2011-09-20,27.309999465942383,27.5,26.93000030517578,26.979999542236328,49211900,20.87900161743164
2011-09-21,27.049999237060547,27.059999465942383,25.96999931335449,25.989999771118164,72750700,20.11287498474121
2011-09-22,25.299999237060547,25.649999618530277,24.600000381469727,25.059999465942383,96278300,19.39317321777344
2011-09-23,24.899999618530277,25.149999618530277,24.690000534057617,25.059999465942383,64768100,19.39317321777344
2011-09-26,25.190000534057617,25.520000457763672,24.729999542236328,25.440000534057617,51057600,19.68724632263184
2011-09-27,25.65999984741211,25.920000076293945,25.450000762939453,25.670000076293945,55620700,19.8652400970459
2011-09-28,25.93000030517578,26.3700008392334,25.51000022888184,25.57999992370605,60736200,19.795581817626957
2011-09-29,25.979999542236328,26.170000076293945,25.09000015258789,25.450000762939453,63407300,19.694974899291992
2011-09-30,25.200000762939453,25.5,24.8799991607666,24.88999938964844,54060500,19.26161003112793
2011-10-03,24.71999931335449,25.34000015258789,24.520000457763672,24.530000686645508,64592500,18.98302459716797
2011-10-04,24.299999237060547,25.38999938964844,24.26000022888184,25.34000015258789,83485400,19.60985946655273
2011-10-05,25.420000076293945,26.15999984741211,25.15999984741211,25.88999938964844,94061300,20.035484313964844
2011-10-06,25.899999618530277,26.399999618530277,25.700000762939453,26.34000015258789,55111400,20.383724212646484
2011-10-07,26.34000015258789,26.51000022888184,26.200000762939453,26.25,52741600,20.314077377319336
2011-10-10,26.57999992370605,26.96999931335449,26.46999931335449,26.940000534057617,41815300,20.848041534423828
2011-10-11,26.86000061035156,27.06999969482422,26.71999931335449,27.0,38826200,20.894479751586918
2011-10-12,27.18000030517578,27.309999465942383,26.899999618530277,26.959999084472656,52489800,20.863525390625
2011-10-13,26.76000022888184,27.200000762939453,26.6200008392334,27.18000030517578,43823500,21.03377914428711
2011-10-14,27.309999465942383,27.5,27.020000457763672,27.270000457763672,50947700,21.10342025756836
2011-10-17,27.11000061035156,27.420000076293945,26.850000381469727,26.979999542236328,39453300,20.87900161743164
2011-10-18,26.940000534057617,27.399999618530277,26.799999237060547,27.309999465942383,52487900,21.134376525878903
2011-10-19,27.3700008392334,27.46999931335449,27.01000022888184,27.1299991607666,42880000,20.995080947875977
2011-10-20,27.26000022888184,27.34000015258789,26.399999618530277,27.040000915527344,76300200,20.925434112548828
2011-10-21,27.149999618530277,27.190000534057617,26.799999237060547,27.15999984741211,76620600,21.01830101013184
2011-10-24,27.059999465942383,27.399999618530277,27.040000915527344,27.190000534057617,56897800,21.04151725769043
2011-10-25,27.07999992370605,27.229999542236328,26.71999931335449,26.809999465942383,53554600,20.7474422454834
2011-10-26,27.030000686645508,27.059999465942383,26.100000381469727,26.59000015258789,63029900,20.57719039916992
2011-10-27,27.1299991607666,27.399999618530277,26.649999618530277,27.25,74512400,21.08794593811035
2011-10-28,27.13999938964844,27.190000534057617,26.790000915527344,26.979999542236328,57712100,20.87900161743164
2011-10-31,26.76000022888184,27.0,26.6200008392334,26.6299991607666,46799000,20.608139038085938
2011-11-01,26.190000534057617,26.31999969482422,25.86000061035156,25.989999771118164,61182600,20.11287498474121
2011-11-02,26.100000381469727,26.200000762939453,25.700000762939453,26.01000022888184,53533100,20.12834930419922
2011-11-03,26.239999771118164,26.59000015258789,25.979999542236328,26.530000686645508,65836100,20.5307559967041
2011-11-04,26.3799991607666,26.399999618530277,26.0,26.25,36549200,20.314077377319336
2011-11-07,26.209999084472656,26.81999969482422,26.1299991607666,26.799999237060547,42589700,20.73969841003418
2011-11-08,27.01000022888184,27.200000762939453,26.690000534057617,27.15999984741211,47822500,21.01830101013184
2011-11-09,26.59000015258789,26.75,26.059999465942383,26.200000762939453,62950900,20.27538681030273
2011-11-10,26.46999931335449,26.5,26.1200008392334,26.280000686645508,32514400,20.33729362487793
2011-11-11,26.57999992370605,27.07999992370605,26.56999969482422,26.90999984741211,37903000,20.824827194213867
2011-11-14,26.8799991607666,27.0,26.649999618530277,26.76000022888184,34199200,20.708749771118164
2011-11-15,26.559999465942383,26.940000534057617,26.399999618530277,26.739999771118164,43874200,20.849092483520508
2011-11-16,26.46999931335449,26.51000022888184,26.040000915527344,26.06999969482422,53262800,20.32670211791992
2011-11-17,26.01000022888184,26.040000915527344,25.440000534057617,25.540000915527344,70977500,19.913463592529297
2011-11-18,25.479999542236328,25.5,25.149999618530277,25.299999237060547,47626200,19.72633171081543
2011-11-21,25.239999771118164,25.25,24.899999618530277,25.0,61882500,19.492420196533203
2011-11-22,24.88999938964844,24.959999084472656,24.649999618530277,24.790000915527344,49204500,19.328689575195312
2011-11-23,24.61000061035156,24.790000915527344,24.46999931335449,24.46999931335449,49099700,19.079179763793945
2011-11-25,24.3799991607666,24.670000076293945,24.299999237060547,24.299999237060547,26164600,18.94663619995117
2011-11-28,24.940000534057617,24.96999931335449,24.690000534057617,24.8700008392334,46766700,19.39106559753418
2011-11-29,24.81999969482422,25.040000915527344,24.75,24.84000015258789,40917100,19.36767578125
2011-11-30,25.3700008392334,25.59000015258789,25.13999938964844,25.57999992370605,81350900,19.94464874267578
2011-12-01,25.559999465942383,25.6299991607666,25.200000762939453,25.280000686645508,48545400,19.71074104309082
2011-12-02,25.59000015258789,25.6200008392334,25.15999984741211,25.21999931335449,52293800,19.663957595825195
2011-12-05,25.780000686645508,25.799999237060547,25.5,25.700000762939453,56818400,20.03821182250977
2011-12-06,25.809999465942383,25.8700008392334,25.61000061035156,25.65999984741211,46175300,20.007022857666016
2011-12-07,25.670000076293945,25.76000022888184,25.34000015258789,25.600000381469727,62667000,19.960243225097656
2011-12-08,25.479999542236328,25.71999931335449,25.3700008392334,25.399999618530277,60522200,19.80430603027344
2011-12-09,25.520000457763672,25.8700008392334,25.5,25.700000762939453,53788500,20.03821182250977
2011-12-12,25.40999984741211,25.56999969482422,25.290000915527344,25.51000022888184,38945900,19.89006996154785
2011-12-13,25.75,26.100000381469727,25.649999618530277,25.76000022888184,54581100,20.08499336242676
2011-12-14,25.71999931335449,25.86000061035156,25.56999969482422,25.59000015258789,47926400,19.95244407653809
2011-12-15,25.71999931335449,25.8799991607666,25.540000915527344,25.559999465942383,46213900,19.929054260253903
2011-12-16,25.670000076293945,26.170000076293945,25.6299991607666,26.0,101408100,20.272117614746094
2011-12-19,26.020000457763672,26.1200008392334,25.459999084472656,25.530000686645508,52258300,19.905662536621094
2011-12-20,25.86000061035156,26.100000381469727,25.809999465942383,26.030000686645508,60767600,20.29551124572754
2011-12-21,26.01000022888184,26.190000534057617,25.440000534057617,25.76000022888184,64132500,20.08499336242676
2011-12-22,25.81999969482422,25.86000061035156,25.479999542236328,25.809999465942383,35794100,20.12397003173828
2011-12-23,25.90999984741211,26.040000915527344,25.729999542236328,26.030000686645508,23205800,20.29551124572754
2011-12-27,25.959999084472656,26.13999938964844,25.93000030517578,26.040000915527344,21287200,20.30330848693848
2011-12-28,26.11000061035156,26.149999618530277,25.76000022888184,25.81999969482422,29822500,20.13177490234375
2011-12-29,25.950000762939453,26.049999237060547,25.86000061035156,26.020000457763672,22616900,20.287710189819336
2011-12-30,26.0,26.1200008392334,25.90999984741211,25.959999084472656,27395700,20.24093246459961
2012-01-03,26.549999237060547,26.959999084472656,26.38999938964844,26.770000457763672,64731500,20.872488021850582
2012-01-04,26.81999969482422,27.46999931335449,26.780000686645508,27.399999618530277,80516100,21.363697052001957
2012-01-05,27.3799991607666,27.729999542236328,27.290000915527344,27.68000030517578,56081400,21.58201026916504
2012-01-06,27.530000686645508,28.190000534057617,27.530000686645508,28.11000061035156,99455500,21.917280197143555
2012-01-09,28.049999237060547,28.100000381469727,27.71999931335449,27.739999771118164,59706800,21.62879180908203
2012-01-10,27.93000030517578,28.149999618530277,27.75,27.84000015258789,60014400,21.706764221191406
2012-01-11,27.43000030517578,27.979999542236328,27.3700008392334,27.71999931335449,65582400,21.613191604614254
2012-01-12,27.8700008392334,28.020000457763672,27.649999618530277,28.0,49370800,21.83150291442871
2012-01-13,27.93000030517578,28.25,27.790000915527344,28.25,60196100,22.02643394470215
2012-01-17,28.399999618530277,28.649999618530277,28.170000076293945,28.26000022888184,72395300,22.03423309326172
2012-01-18,28.309999465942383,28.399999618530277,27.96999931335449,28.229999542236328,64860600,22.01084327697754
2012-01-19,28.15999984741211,28.440000534057617,28.030000686645508,28.1200008392334,74053500,21.925067901611328
2012-01-20,28.81999969482422,29.739999771118164,28.75,29.709999084472656,165902900,23.16478157043457
2012-01-23,29.549999237060547,29.950000762939453,29.350000381469727,29.729999542236328,76078100,23.18038558959961
2012-01-24,29.46999931335449,29.56999969482422,29.18000030517578,29.34000015258789,51703300,22.876304626464844
2012-01-25,29.06999969482422,29.649999618530277,29.06999969482422,29.559999465942383,59231700,23.04783821105957
2012-01-26,29.61000061035156,29.700000762939453,29.399999618530277,29.5,49102800,23.00106239318848
2012-01-27,29.450000762939453,29.530000686645508,29.170000076293945,29.229999542236328,44187700,22.79054450988769
2012-01-30,28.96999931335449,29.6200008392334,28.82999992370605,29.61000061035156,51114800,23.086822509765625
2012-01-31,29.65999984741211,29.700000762939453,29.229999542236328,29.530000686645508,50572400,23.02445602416992
2012-02-01,29.790000915527344,30.049999237060547,29.76000022888184,29.88999938964844,67409900,23.305145263671875
2012-02-02,29.899999618530277,30.170000076293945,29.709999084472656,29.950000762939453,52223300,23.351924896240234
2012-02-03,30.13999938964844,30.399999618530277,30.09000015258789,30.239999771118164,41838500,23.578035354614254
2012-02-06,30.040000915527344,30.21999931335449,29.96999931335449,30.200000762939453,28039700,23.546850204467773
2012-02-07,30.149999618530277,30.489999771118164,30.049999237060547,30.350000381469727,39242400,23.663801193237305
2012-02-08,30.26000022888184,30.670000076293945,30.21999931335449,30.65999984741211,49659100,23.9055118560791
2012-02-09,30.68000030517578,30.799999237060547,30.479999542236328,30.770000457763672,50481600,23.991273880004883
2012-02-10,30.63999938964844,30.799999237060547,30.36000061035156,30.5,44605300,23.7807559967041
2012-02-13,30.6299991607666,30.770000457763672,30.43000030517578,30.57999992370605,33319800,23.84312057495117
2012-02-14,30.32999992370605,30.459999084472656,29.850000381469727,30.25,59644000,23.74110412597656
2012-02-15,30.32999992370605,30.38999938964844,30.030000686645508,30.049999237060547,43311300,23.58413314819336
2012-02-16,30.309999465942383,31.549999237060547,30.299999237060547,31.290000915527344,94705100,24.55731964111328
2012-02-17,31.200000762939453,31.31999969482422,30.950000762939453,31.25,70036500,24.525928497314453
2012-02-21,31.18000030517578,31.61000061035156,31.149999618530277,31.440000534057617,50829900,24.6750545501709
2012-02-22,31.450000762939453,31.68000030517578,31.18000030517578,31.270000457763672,49253200,24.541627883911133
2012-02-23,31.200000762939453,31.59000015258789,31.0,31.3700008392334,35034700,24.62011337280273
2012-02-24,31.479999542236328,31.5,31.239999771118164,31.479999542236328,35575400,24.706439971923828
2012-02-27,31.239999771118164,31.5,31.100000381469727,31.350000381469727,34568400,24.604419708251957
2012-02-28,31.40999984741211,31.93000030517578,31.3799991607666,31.8700008392334,45230600,25.012527465820312
2012-02-29,31.88999938964844,32.0,31.61000061035156,31.739999771118164,59323600,24.910497665405277
2012-03-01,31.93000030517578,32.38999938964844,31.850000381469727,32.290000915527344,77344100,25.342161178588867
2012-03-02,32.310001373291016,32.439998626708984,32.0,32.08000183105469,47314200,25.17734718322754
2012-03-05,32.0099983215332,32.04999923706055,31.6200008392334,31.799999237060547,45240000,24.95758438110352
2012-03-06,31.540000915527344,31.979999542236328,31.489999771118164,31.559999465942383,51932900,24.769227981567383
2012-03-07,31.670000076293945,31.920000076293945,31.530000686645508,31.84000015258789,34340400,24.98898696899414
2012-03-08,32.040000915527344,32.209999084472656,31.899999618530277,32.0099983215332,36747400,25.12240219116211
2012-03-09,32.099998474121094,32.15999984741211,31.920000076293945,31.989999771118164,34628400,25.106704711914062
2012-03-12,31.96999931335449,32.20000076293945,31.81999969482422,32.040000915527344,34073600,25.14594841003418
2012-03-13,32.2400016784668,32.689998626708984,32.150001525878906,32.66999816894531,48951700,25.640396118164062
2012-03-14,32.529998779296875,32.880001068115234,32.4900016784668,32.77000045776367,41986900,25.7188720703125
2012-03-15,32.790000915527344,32.939998626708984,32.58000183105469,32.849998474121094,49068300,25.781658172607425
2012-03-16,32.90999984741211,32.95000076293945,32.5,32.599998474121094,65626400,25.5854549407959
2012-03-19,32.540000915527344,32.61000061035156,32.150001525878906,32.20000076293945,44789200,25.27152633666992
2012-03-20,32.099998474121094,32.150001525878906,31.739999771118164,31.989999771118164,41566800,25.106704711914062
2012-03-21,31.959999084472656,32.150001525878906,31.81999969482422,31.90999984741211,37928600,25.04392433166504
2012-03-22,31.809999465942383,32.09000015258789,31.790000915527344,32.0,31749500,25.11455726623535
2012-03-23,32.099998474121094,32.11000061035156,31.71999931335449,32.0099983215332,35912200,25.12240219116211
2012-03-26,32.189998626708984,32.61000061035156,32.150001525878906,32.59000015258789,36758300,25.577600479125977
2012-03-27,32.650001525878906,32.70000076293945,32.400001525878906,32.52000045776367,36274900,25.52266502380371
2012-03-28,32.52000045776367,32.70000076293945,32.040000915527344,32.189998626708984,41344800,25.263669967651367
2012-03-29,32.060001373291016,32.189998626708984,31.809999465942383,32.119998931884766,37038500,25.2087345123291
2012-03-30,32.400001525878906,32.40999984741211,32.040000915527344,32.2599983215332,31749400,25.3186092376709
2012-04-02,32.220001220703125,32.459999084472656,31.950000762939453,32.290000915527344,35853600,25.342161178588867
2012-04-03,32.15999984741211,32.189998626708984,31.65999984741211,31.940000534057617,42752100,25.067466735839844
2012-04-04,31.65999984741211,31.690000534057617,31.049999237060547,31.209999084472656,49455900,24.494539260864254
2012-04-05,31.149999618530277,31.6299991607666,31.049999237060547,31.520000457763672,50368600,24.73783302307129
2012-04-09,31.21999931335449,31.399999618530277,30.96999931335449,31.100000381469727,31056400,24.4082088470459
2012-04-10,31.059999465942383,31.190000534057617,30.299999237060547,30.46999931335449,54131300,23.913768768310547
2012-04-11,30.43000030517578,30.530000686645508,30.229999542236328,30.350000381469727,43014000,23.819583892822266
2012-04-12,30.479999542236328,31.040000915527344,30.420000076293945,30.979999542236328,38304000,24.31402587890625
2012-04-13,30.88999938964844,31.15999984741211,30.71999931335449,30.809999465942383,39749200,24.180606842041016
2012-04-16,30.989999771118164,31.190000534057617,30.770000457763672,31.07999992370605,38124800,24.39251136779785
2012-04-17,31.270000457763672,31.61000061035156,31.200000762939453,31.440000534057617,34361500,24.6750545501709
2012-04-18,31.280000686645508,31.309999465942383,31.040000915527344,31.13999938964844,40552900,24.43959617614746
2012-04-19,31.1299991607666,31.68000030517578,30.940000534057617,31.01000022888184,54781200,24.33757781982422
2012-04-20,32.150001525878906,32.88999938964844,32.04999923706055,32.41999816894531,106045000,25.44418716430664
2012-04-23,32.310001373291016,32.5,32.029998779296875,32.119998931884766,61398200,25.2087345123291
2012-04-24,32.209999084472656,32.52000045776367,31.82999992370605,31.920000076293945,40871100,25.05176544189453
2012-04-25,31.920000076293945,32.31999969482422,31.8700008392334,32.20000076293945,62495500,25.27152633666992
2012-04-26,32.119998931884766,32.22999954223633,31.920000076293945,32.11000061035156,40308100,25.20088768005371
2012-04-27,32.119998931884766,32.220001220703125,31.8799991607666,31.979999542236328,41419100,25.09886360168457
2012-04-30,31.979999542236328,32.11000061035156,31.920000076293945,32.02000045776367,35697200,25.1302547454834
2012-05-01,32.04999923706055,32.34000015258789,31.950000762939453,32.0099983215332,43832300,25.12240219116211
2012-05-02,31.850000381469727,31.93000030517578,31.63999938964844,31.799999237060547,37385300,24.95758438110352
2012-05-03,31.8799991607666,31.899999618530277,31.61000061035156,31.76000022888184,31501300,24.926198959350582
2012-05-04,31.450000762939453,31.56999969482422,30.920000076293945,30.979999542236328,57927200,24.31402587890625
2012-05-07,30.700000762939453,30.86000061035156,30.56999969482422,30.649999618530277,48641400,24.055030822753903
2012-05-08,30.479999542236328,30.780000686645508,30.170000076293945,30.5,46328300,23.93731117248535
2012-05-09,30.190000534057617,30.82999992370605,30.100000381469727,30.76000022888184,50309300,24.141372680664062
2012-05-10,30.86000061035156,31.020000457763672,30.450000762939453,30.739999771118164,43839200,24.12567138671875
2012-05-11,30.690000534057617,31.540000915527344,30.690000534057617,31.15999984741211,43459300,24.455299377441406
2012-05-14,30.81999969482422,31.040000915527344,30.63999938964844,30.68000030517578,40528900,24.078575134277344
2012-05-15,30.63999938964844,30.799999237060547,30.149999618530277,30.209999084472656,61822800,23.86528968811035
2012-05-16,30.309999465942383,30.31999969482422,29.739999771118164,29.899999618530277,60083700,23.620391845703125
2012-05-17,29.989999771118164,30.209999084472656,29.709999084472656,29.71999931335449,48484000,23.47819328308105
2012-05-18,29.790000915527344,29.809999465942383,29.170000076293945,29.270000457763672,56205300,23.122709274291992
2012-05-21,29.100000381469727,29.790000915527344,29.059999465942383,29.75,38787900,23.501895904541016
2012-05-22,29.690000534057617,29.8799991607666,29.5,29.76000022888184,39504900,23.50979804992676
2012-05-23,29.350000381469727,29.399999618530277,28.63999938964844,29.11000061035156,65171000,22.99630546569824
2012-05-24,29.15999984741211,29.299999237060547,28.76000022888184,29.06999969482422,52575000,22.964710235595703
2012-05-25,29.200000762939453,29.36000061035156,29.01000022888184,29.059999465942383,29507200,22.95681381225586
2012-05-29,29.3799991607666,29.71999931335449,29.21999931335449,29.559999465942383,37758800,23.3518009185791
2012-05-30,29.350000381469727,29.479999542236328,29.1200008392334,29.34000015258789,41585500,23.17800521850586
2012-05-31,29.299999237060547,29.420000076293945,28.940000534057617,29.190000534057617,39134000,23.059505462646484
2012-06-01,28.76000022888184,28.959999084472656,28.440000534057617,28.450000762939453,56634300,22.474916458129883
2012-06-04,28.6200008392334,28.780000686645508,28.31999969482422,28.549999237060547,47926300,22.553918838500977
2012-06-05,28.51000022888184,28.75,28.38999938964844,28.51000022888184,45715400,22.52231788635254
2012-06-06,28.8799991607666,29.3700008392334,28.809999465942383,29.350000381469727,46860500,23.18590545654297
2012-06-07,29.63999938964844,29.700000762939453,29.170000076293945,29.229999542236328,37792800,23.09110641479492
2012-06-08,29.209999084472656,29.68000030517578,29.049999237060547,29.649999618530277,42551100,23.42289161682129
2012-06-11,29.729999542236328,29.809999465942383,28.81999969482422,28.899999618530277,46361900,22.830411911010746
2012-06-12,29.100000381469727,29.299999237060547,28.84000015258789,29.290000915527344,35337900,23.13850212097168
2012-06-13,29.21999931335449,29.440000534057617,29.049999237060547,29.1299991607666,32984600,23.012102127075195
2012-06-14,29.32999992370605,29.459999084472656,28.8799991607666,29.34000015258789,39458900,23.17800521850586
2012-06-15,29.59000015258789,30.07999992370605,29.489999771118164,30.020000457763672,62314400,23.715192794799805
2012-06-18,29.989999771118164,30.030000686645508,29.709999084472656,29.84000015258789,58679900,23.57299041748047
2012-06-19,30.190000534057617,31.11000061035156,30.049999237060547,30.700000762939453,75725800,24.25238037109375
2012-06-20,30.93000030517578,31.049999237060547,30.63999938964844,30.93000030517578,36257100,24.43406867980957
2012-06-21,30.959999084472656,31.13999938964844,30.059999465942383,30.13999938964844,48456600,23.80998420715332
2012-06-22,30.299999237060547,30.729999542236328,30.030000686645508,30.700000762939453,45098100,24.25238037109375
2012-06-25,30.299999237060547,30.31999969482422,29.6200008392334,29.8700008392334,42217200,23.5966911315918
2012-06-26,30.0,30.270000457763672,29.940000534057617,30.020000457763672,38421300,23.715192794799805
2012-06-27,30.190000534057617,30.5,30.030000686645508,30.170000076293945,33781700,23.833690643310547
2012-06-28,29.979999542236328,30.049999237060547,29.420000076293945,29.90999984741211,45328400,23.6282901763916
2012-06-29,30.450000762939453,30.690000534057617,30.13999938964844,30.59000015258789,55227200,24.165483474731445
2012-07-02,30.6200008392334,30.6200008392334,30.209999084472656,30.559999465942383,30589100,24.14177703857422
2012-07-03,30.229999542236328,30.76000022888184,30.170000076293945,30.76000022888184,20938100,24.29977798461914
2012-07-05,30.59000015258789,30.780000686645508,30.3799991607666,30.700000762939453,28801900,24.25238037109375
2012-07-06,30.61000061035156,30.700000762939453,29.950000762939453,30.190000534057617,38294800,23.849485397338867
2012-07-09,30.1200008392334,30.229999542236328,29.780000686645508,30.0,30680800,23.699390411376957
2012-07-10,30.07999992370605,30.21999931335449,29.51000022888184,29.739999771118164,37534100,23.493993759155277
2012-07-11,29.709999084472656,29.739999771118164,29.11000061035156,29.299999237060547,39184900,23.146404266357425
2012-07-12,29.149999618530277,29.18000030517578,28.540000915527344,28.6299991607666,63523600,22.61712074279785
2012-07-13,28.76000022888184,29.479999542236328,28.71999931335449,29.38999938964844,39085000,23.217498779296875
2012-07-16,29.479999542236328,29.530000686645508,29.040000915527344,29.440000534057617,27900600,23.25699806213379
2012-07-17,29.63999938964844,29.86000061035156,29.200000762939453,29.65999984741211,33771300,23.43079376220703
2012-07-18,29.600000381469727,30.450000762939453,29.459999084472656,30.450000762939453,41090400,24.054882049560547
2012-07-19,30.51000022888184,30.799999237060547,30.3799991607666,30.670000076293945,46663200,24.22867202758789
2012-07-20,31.0,31.049999237060547,30.049999237060547,30.1200008392334,64021700,23.79418563842773
2012-07-23,29.56999969482422,29.57999992370605,29.01000022888184,29.280000686645508,55151900,23.13060188293457
2012-07-24,29.239999771118164,29.36000061035156,28.899999618530277,29.149999618530277,47723300,23.02790641784668
2012-07-25,29.239999771118164,29.32999992370605,28.780000686645508,28.82999992370605,45579500,22.775108337402344
2012-07-26,29.229999542236328,29.5,29.09000015258789,29.15999984741211,45301400,23.035812377929688
2012-07-27,29.479999542236328,29.850000381469727,29.18000030517578,29.76000022888184,44242600,23.50979804992676
2012-07-30,29.75,29.81999969482422,29.459999084472656,29.63999938964844,28905000,23.41499900817871
2012-07-31,29.479999542236328,29.709999084472656,29.32999992370605,29.46999931335449,37620900,23.280702590942383
2012-08-01,29.59000015258789,29.649999618530277,29.209999084472656,29.40999984741211,31721800,23.23329734802246
2012-08-02,29.209999084472656,29.530000686645508,28.96999931335449,29.190000534057617,39520500,23.059505462646484
2012-08-03,29.530000686645508,29.940000534057617,29.479999542236328,29.75,35859400,23.501895904541016
2012-08-06,30.0,30.11000061035156,29.809999465942383,29.950000762939453,27471800,23.659894943237305
2012-08-07,30.06999969482422,30.350000381469727,29.8700008392334,30.26000022888184,28002900,23.9047794342041
2012-08-08,30.209999084472656,30.46999931335449,30.11000061035156,30.32999992370605,26257600,23.960079193115234
2012-08-09,30.38999938964844,30.649999618530277,30.299999237060547,30.5,24920800,24.09437561035156
2012-08-10,30.5,30.6200008392334,30.25,30.420000076293945,27810300,24.03118324279785
2012-08-13,30.350000381469727,30.459999084472656,30.15999984741211,30.38999938964844,23049100,24.007476806640625
2012-08-14,30.299999237060547,30.38999938964844,30.01000022888184,30.1299991607666,34551400,23.959774017333984
2012-08-15,30.11000061035156,30.280000686645508,30.020000457763672,30.200000762939453,24351000,24.01543426513672
2012-08-16,30.36000061035156,30.940000534057617,30.26000022888184,30.780000686645508,35787200,24.476655960083008
2012-08-17,30.920000076293945,30.920000076293945,30.59000015258789,30.899999618530277,32589900,24.57208251953125
2012-08-20,30.81999969482422,30.850000381469727,30.57999992370605,30.739999771118164,23737700,24.44485092163086
2012-08-21,30.76000022888184,30.959999084472656,30.61000061035156,30.799999237060547,28822700,24.4925594329834
2012-08-22,30.59000015258789,30.76000022888184,30.46999931335449,30.540000915527344,33437400,24.285802841186523
2012-08-23,30.38999938964844,30.399999618530277,30.07999992370605,30.26000022888184,28355600,24.063138961791992
2012-08-24,30.25,30.6299991607666,30.18000030517578,30.559999465942383,22943300,24.301706314086918
2012-08-27,30.93000030517578,30.959999084472656,30.59000015258789,30.690000534057617,34691100,24.40509605407715
2012-08-28,30.700000762939453,30.799999237060547,30.520000457763672,30.6299991607666,23947900,24.35737609863281
2012-08-29,30.649999618530277,30.75,30.440000534057617,30.649999618530277,23346800,24.37328147888184
2012-08-30,30.530000686645508,30.61000061035156,30.21999931335449,30.31999969482422,23982100,24.11085700988769
2012-08-31,30.600000381469727,30.959999084472656,30.3799991607666,30.81999969482422,36590100,24.508464813232425
2012-09-04,30.450000762939453,30.65999984741211,30.149999618530277,30.38999938964844,48556700,24.16652488708496
2012-09-05,30.21999931335449,30.530000686645508,30.209999084472656,30.38999938964844,33650000,24.16652488708496
2012-09-06,30.5,31.36000061035156,30.459999084472656,31.350000381469727,48371700,24.9299259185791
2012-09-07,31.040000915527344,31.06999969482422,30.729999542236328,30.950000762939453,42649100,24.611841201782227
2012-09-10,30.82999992370605,30.899999618530277,30.51000022888184,30.71999931335449,40524000,24.42894554138184
2012-09-11,30.690000534057617,30.90999984741211,30.61000061035156,30.790000915527344,25191800,24.48460578918457
2012-09-12,30.940000534057617,31.18000030517578,30.729999542236328,30.780000686645508,32775800,24.476655960083008
2012-09-13,30.88999938964844,31.18000030517578,30.399999618530277,30.940000534057617,45047300,24.603893280029297
2012-09-14,31.01000022888184,31.25,30.809999465942383,31.209999084472656,51422800,24.818605422973636
2012-09-17,31.190000534057617,31.26000022888184,31.040000915527344,31.209999084472656,36488500,24.818605422973636
2012-09-18,31.100000381469727,31.209999084472656,31.030000686645508,31.18000030517578,34542700,24.79473876953125
2012-09-19,31.09000015258789,31.190000534057617,31.040000915527344,31.049999237060547,48871900,24.691368103027344
2012-09-20,30.950000762939453,31.479999542236328,30.90999984741211,31.450000762939453,45543000,25.00945854187012
2012-09-21,31.43000030517578,31.61000061035156,31.09000015258789,31.190000534057617,102348900,24.802690505981445
2012-09-24,31.0,31.06999969482422,30.63999938964844,30.780000686645508,46825900,24.476655960083008
2012-09-25,30.950000762939453,31.0,30.36000061035156,30.38999938964844,54266400,24.16652488708496
2012-09-26,30.280000686645508,30.600000381469727,30.040000915527344,30.170000076293945,54672000,23.9915771484375
2012-09-27,30.170000076293945,30.399999618530277,29.88999938964844,30.15999984741211,47129900,23.98362922668457
2012-09-28,30.18000030517578,30.26000022888184,29.739999771118164,29.76000022888184,54229300,23.66554450988769
2012-10-01,29.809999465942383,29.979999542236328,29.420000076293945,29.489999771118164,54042700,23.450836181640625
2012-10-02,29.68000030517578,29.88999938964844,29.5,29.65999984741211,43338900,23.586015701293945
2012-10-03,29.75,29.989999771118164,29.670000076293945,29.86000061035156,46655900,23.74506378173828
2012-10-04,29.96999931335449,30.030000686645508,29.56999969482422,30.030000686645508,43634900,23.880247116088867
2012-10-05,30.229999542236328,30.25,29.739999771118164,29.850000381469727,41133900,23.737106323242188
2012-10-08,29.63999938964844,29.920000076293945,29.549999237060547,29.780000686645508,29752000,23.68144989013672
2012-10-09,29.68000030517578,29.739999771118164,29.18000030517578,29.280000686645508,45121100,23.283842086791992
2012-10-10,29.149999618530277,29.309999465942383,28.950000762939453,28.979999542236328,47227100,23.045276641845703
2012-10-11,29.21999931335449,29.25,28.8700008392334,28.950000762939453,41488500,23.021425247192383
2012-10-12,28.96999931335449,29.31999969482422,28.799999237060547,29.200000762939453,46464700,23.220224380493164
2012-10-15,29.3700008392334,29.71999931335449,29.25,29.51000022888184,42440200,23.46673393249512
2012-10-16,29.450000762939453,29.739999771118164,29.31999969482422,29.489999771118164,47739400,23.450836181640625
2012-10-17,29.299999237060547,29.63999938964844,29.09000015258789,29.59000015258789,44206100,23.530353546142575
2012-10-18,29.649999618530277,29.729999542236328,29.26000022888184,29.5,59238500,23.458786010742188
2012-10-19,29.049999237060547,29.07999992370605,28.5,28.63999938964844,90470800,22.774906158447266
2012-10-22,28.729999542236328,28.82999992370605,27.82999992370605,28.0,83374000,22.26596450805664
2012-10-23,27.770000457763672,28.200000762939453,27.76000022888184,28.049999237060547,64414800,22.30571937561035
2012-10-24,28.15999984741211,28.200000762939453,27.8700008392334,27.899999618530277,53320400,22.186447143554688
2012-10-25,28.190000534057617,28.200000762939453,27.86000061035156,27.8799991607666,54084300,22.170534133911133
2012-10-26,27.86000061035156,28.34000015258789,27.84000015258789,28.209999084472656,57790000,22.43296241760254
2012-10-31,28.549999237060547,28.8799991607666,28.5,28.540000915527344,69464100,22.69538116455078
2012-11-01,28.84000015258789,29.559999465942383,28.81999969482422,29.520000457763672,72047900,23.474687576293945
2012-11-02,29.59000015258789,29.770000457763672,29.32999992370605,29.5,57131600,23.458786010742188
2012-11-05,29.6200008392334,29.739999771118164,29.32999992370605,29.6299991607666,38070800,23.562162399291992
2012-11-06,29.81999969482422,30.200000762939453,29.61000061035156,29.86000061035156,43401500,23.74506378173828
2012-11-07,29.530000686645508,29.82999992370605,29.049999237060547,29.07999992370605,57871800,23.12478828430176
2012-11-08,29.1200008392334,29.3700008392334,28.799999237060547,28.809999465942383,49841800,22.910091400146484
2012-11-09,28.8799991607666,29.190000534057617,28.809999465942383,28.82999992370605,43291200,22.925987243652344
2012-11-12,28.940000534057617,29.01000022888184,28.209999084472656,28.21999931335449,61112300,22.440916061401367
2012-11-13,27.020000457763672,27.299999237060547,26.75,27.09000015258789,131689200,21.719337463378903
2012-11-14,27.239999771118164,27.290000915527344,26.799999237060547,26.84000015258789,76086100,21.51890182495117
2012-11-15,26.8799991607666,26.96999931335449,26.6299991607666,26.65999984741211,50955600,21.374591827392575
2012-11-16,26.670000076293945,26.700000762939453,26.34000015258789,26.520000457763672,64083300,21.26234245300293
2012-11-19,26.799999237060547,26.799999237060547,26.46999931335449,26.729999542236328,57179300,21.43070411682129
2012-11-20,26.76000022888184,26.799999237060547,26.459999084472656,26.709999084472656,47070400,21.4146785736084
2012-11-21,26.709999084472656,27.170000076293945,26.670000076293945,26.950000762939453,66360300,21.60709953308105
2012-11-23,27.229999542236328,27.770000457763672,27.200000762939453,27.700000762939453,57845700,22.208404541015625
2012-11-26,27.540000915527344,27.57999992370605,27.170000076293945,27.38999938964844,85198700,21.959869384765625
2012-11-27,27.36000061035156,27.3799991607666,27.040000915527344,27.07999992370605,45018600,21.71132469177246
2012-11-28,27.01000022888184,27.38999938964844,26.770000457763672,27.36000061035156,53018400,21.93580818176269
2012-11-29,27.11000061035156,27.36000061035156,26.86000061035156,26.950000762939453,69551400,21.60709953308105
2012-11-30,27.049999237060547,27.1299991607666,26.489999771118164,26.6200008392334,83690200,21.342512130737305
2012-12-03,26.780000686645508,26.81999969482422,26.399999618530277,26.43000030517578,53173800,21.19019317626953
2012-12-04,26.5,26.6299991607666,26.34000015258789,26.3700008392334,49777500,21.14208221435547
2012-12-05,26.3799991607666,26.93000030517578,26.26000022888184,26.670000076293945,68283800,21.382612228393555
2012-12-06,26.809999465942383,26.979999542236328,26.61000061035156,26.729999542236328,39182300,21.43070411682129
2012-12-07,26.81999969482422,26.81999969482422,26.3700008392334,26.459999084472656,46162100,21.21423721313477
2012-12-10,26.559999465942383,26.96999931335449,26.520000457763672,26.940000534057617,47031100,21.59907341003418
2012-12-11,27.049999237060547,27.489999771118164,27.049999237060547,27.31999969482422,52282800,21.90373420715332
2012-12-12,27.530000686645508,27.6200008392334,27.07999992370605,27.239999771118164,43966300,21.839603424072266
2012-12-13,27.31999969482422,27.520000457763672,26.950000762939453,27.11000061035156,45080100,21.735366821289062
2012-12-14,27.11000061035156,27.1299991607666,26.700000762939453,26.809999465942383,42077500,21.49484634399414
2012-12-17,26.790000915527344,27.21999931335449,26.68000030517578,27.100000381469727,42046100,21.72734832763672
2012-12-18,27.25,27.6299991607666,27.13999938964844,27.559999465942383,50486900,22.09615707397461
2012-12-19,27.690000534057617,27.729999542236328,27.25,27.309999465942383,53519900,21.895723342895508
2012-12-20,27.36000061035156,27.68000030517578,27.149999618530277,27.68000030517578,52607300,22.19236946105957
2012-12-21,27.450000762939453,27.489999771118164,27.0,27.450000762939453,98776500,22.007965087890625
2012-12-24,27.200000762939453,27.25,27.0,27.059999465942383,20842400,21.69528579711914
2012-12-26,27.030000686645508,27.200000762939453,26.700000762939453,26.86000061035156,31631100,21.534936904907227
2012-12-27,26.88999938964844,27.09000015258789,26.56999969482422,26.959999084472656,39394000,21.615110397338867
2012-12-28,26.709999084472656,26.899999618530277,26.549999237060547,26.549999237060547,28239900,21.286392211914062
2012-12-31,26.59000015258789,26.770000457763672,26.3700008392334,26.709999084472656,42749500,21.4146785736084
2013-01-02,27.25,27.729999542236328,27.149999618530277,27.6200008392334,52899300,22.144262313842773
2013-01-03,27.6299991607666,27.649999618530277,27.15999984741211,27.25,48294400,21.84762954711914
2013-01-04,27.270000457763672,27.34000015258789,26.729999542236328,26.739999771118164,52521100,21.4387264251709
2013-01-07,26.770000457763672,26.8799991607666,26.63999938964844,26.690000534057617,37110400,21.398645401000977
2013-01-08,26.75,26.790000915527344,26.459999084472656,26.549999237060547,44703100,21.286392211914062
2013-01-09,26.71999931335449,26.75,26.559999465942383,26.700000762939453,49047900,21.406667709350582
2013-01-10,26.649999618530277,26.979999542236328,26.290000915527344,26.459999084472656,71431300,21.21423721313477
2013-01-11,26.489999771118164,26.93000030517578,26.280000686645508,26.82999992370605,55512100,21.510889053344727
2013-01-14,26.899999618530277,27.07999992370605,26.76000022888184,26.88999938964844,48324400,21.55898666381836
2013-01-15,26.82999992370605,27.290000915527344,26.82999992370605,27.209999084472656,48244500,21.815549850463867
2013-01-16,27.149999618530277,27.229999542236328,27.01000022888184,27.040000915527344,41077400,21.679258346557617
2013-01-17,27.190000534057617,27.46999931335449,27.059999465942383,27.25,51685900,21.84762954711914
2013-01-18,27.100000381469727,27.290000915527344,27.040000915527344,27.25,52167700,21.84762954711914
2013-01-22,27.299999237060547,27.450000762939453,27.0,27.149999618530277,58650600,21.767438888549805
2013-01-23,27.200000762939453,27.63999938964844,27.200000762939453,27.61000061035156,50387700,22.136249542236328
2013-01-24,27.700000762939453,28.06999969482422,27.46999931335449,27.6299991607666,101739300,22.15228271484375
2013-01-25,27.57999992370605,28.229999542236328,27.38999938964844,27.8799991607666,81847700,22.35271644592285
2013-01-28,28.01000022888184,28.229999542236328,27.76000022888184,27.90999984741211,56056500,22.376766204833984
2013-01-29,27.81999969482422,28.1299991607666,27.600000381469727,28.01000022888184,49242600,22.45695304870605
2013-01-30,28.01000022888184,28.190000534057617,27.76000022888184,27.850000381469727,43580500,22.32866859436035
2013-01-31,27.790000915527344,27.96999931335449,27.399999618530277,27.450000762939453,50530000,22.007965087890625
2013-02-01,27.670000076293945,28.049999237060547,27.549999237060547,27.93000030517578,55565900,22.392803192138672
2013-02-04,27.8700008392334,28.020000457763672,27.420000076293945,27.440000534057617,50540000,21.99995422363281
2013-02-05,27.6200008392334,27.65999984741211,27.36000061035156,27.5,35410400,22.04805564880371
2013-02-06,27.3799991607666,27.540000915527344,27.25,27.34000015258789,41889600,21.91977310180664
2013-02-07,27.350000381469727,27.38999938964844,27.100000381469727,27.280000686645508,38028300,21.871675491333008
2013-02-08,27.350000381469727,27.709999084472656,27.309999465942383,27.549999237060547,33318500,22.0881462097168
2013-02-11,27.649999618530277,27.920000076293945,27.5,27.86000061035156,32247700,22.3366813659668
2013-02-12,27.8799991607666,28.0,27.75,27.8799991607666,35990900,22.35271644592285
2013-02-13,27.93000030517578,28.11000061035156,27.8799991607666,28.030000686645508,41715600,22.47298812866211
2013-02-14,27.920000076293945,28.059999465942383,27.8700008392334,28.040000915527344,32663200,22.48099708557129
2013-02-15,28.040000915527344,28.15999984741211,27.8799991607666,28.01000022888184,49650900,22.45695304870605
2013-02-19,27.8799991607666,28.09000015258789,27.799999237060547,28.049999237060547,38781400,22.67521858215332
2013-02-20,28.1299991607666,28.200000762939453,27.82999992370605,27.8700008392334,44110200,22.52969741821289
2013-02-21,27.739999771118164,27.739999771118164,27.229999542236328,27.489999771118164,49078500,22.222517013549805
2013-02-22,27.68000030517578,27.76000022888184,27.479999542236328,27.76000022888184,31425900,22.44078254699707
2013-02-25,27.96999931335449,28.049999237060547,27.3700008392334,27.3700008392334,48011800,22.12550926208496
2013-02-26,27.3799991607666,27.600000381469727,27.34000015258789,27.3700008392334,49923300,22.12550926208496
2013-02-27,27.420000076293945,28.0,27.32999992370605,27.809999465942383,36394700,22.48119735717773
2013-02-28,27.8799991607666,27.96999931335449,27.739999771118164,27.799999237060547,35840200,22.47311782836914
2013-03-01,27.71999931335449,27.979999542236328,27.520000457763672,27.950000762939453,34849700,22.594371795654297
2013-03-04,27.850000381469727,28.149999618530277,27.700000762939453,28.149999618530277,38157500,22.756052017211918
2013-03-05,28.290000915527344,28.540000915527344,28.15999984741211,28.350000381469727,41432200,22.917722702026367
2013-03-06,28.209999084472656,28.229999542236328,27.780000686645508,28.09000015258789,51448500,22.70754623413086
2013-03-07,28.11000061035156,28.280000686645508,28.01000022888184,28.13999938964844,29196700,22.74795913696289
2013-03-08,28.25,28.32999992370605,27.959999084472656,28.0,37667800,22.634784698486328
2013-03-11,27.940000534057617,27.96999931335449,27.670000076293945,27.8700008392334,36627500,22.52969741821289
2013-03-12,27.84000015258789,27.950000762939453,27.63999938964844,27.90999984741211,39255200,22.562047958374023
2013-03-13,27.8700008392334,28.020000457763672,27.75,27.920000076293945,29093400,22.57011985778809
2013-03-14,28.0,28.15999984741211,27.93000030517578,28.13999938964844,55914800,22.74795913696289
2013-03-15,28.030000686645508,28.15999984741211,27.979999542236328,28.040000915527344,92710300,22.667123794555664
2013-03-18,27.8799991607666,28.280000686645508,27.809999465942383,28.100000381469727,44809400,22.71562957763672
2013-03-19,28.1200008392334,28.21999931335449,28.030000686645508,28.18000030517578,51901600,22.78030014038086
2013-03-20,28.34000015258789,28.489999771118164,28.18000030517578,28.31999969482422,35447800,22.89347648620605
2013-03-21,28.11000061035156,28.36000061035156,28.049999237060547,28.11000061035156,34233200,22.72371482849121
2013-03-22,28.190000534057617,28.34000015258789,28.100000381469727,28.25,28720900,22.836883544921875
2013-03-25,28.299999237060547,28.350000381469727,27.959999084472656,28.15999984741211,44154000,22.764135360717773
2013-03-26,28.239999771118164,28.34000015258789,28.11000061035156,28.15999984741211,27824300,22.764135360717773
2013-03-27,28.13999938964844,28.450000762939453,28.07999992370605,28.3700008392334,36047400,22.93389320373535
2013-03-28,28.31999969482422,28.65999984741211,28.26000022888184,28.61000061035156,55453800,23.12790298461914
2013-04-01,28.63999938964844,28.65999984741211,28.36000061035156,28.61000061035156,29201100,23.12790298461914
2013-04-02,28.59000015258789,28.850000381469727,28.520000457763672,28.799999237060547,28456500,23.281496047973636
2013-04-03,28.75,28.950000762939453,28.540000915527344,28.559999465942383,35062800,23.087491989135746
2013-04-04,28.38999938964844,28.61000061035156,28.270000457763672,28.600000381469727,45263200,23.11981773376465
2013-04-05,28.21999931335449,28.780000686645508,28.11000061035156,28.700000762939453,50927300,23.20066261291504
2013-04-08,28.729999542236328,28.729999542236328,28.46999931335449,28.59000015258789,34759500,23.111745834350582
2013-04-09,28.729999542236328,29.81999969482422,28.68000030517578,29.61000061035156,77733800,23.9362907409668
2013-04-10,29.56999969482422,30.31999969482422,29.520000457763672,30.280000686645508,71116700,24.47790908813477
2013-04-11,29.100000381469727,29.200000762939453,28.729999542236328,28.940000534057617,130923200,23.39466857910156
2013-04-12,28.850000381469727,29.020000457763672,28.65999984741211,28.790000915527344,62886300,23.273412704467773
2013-04-15,28.649999618530277,28.979999542236328,28.51000022888184,28.690000534057617,56332900,23.19258117675781
2013-04-16,28.899999618530277,29.13999938964844,28.700000762939453,28.96999931335449,52797300,23.418922424316406
2013-04-17,28.850000381469727,29.040000915527344,28.600000381469727,28.82999992370605,52840700,23.305753707885746
2013-04-18,28.950000762939453,28.979999542236328,28.5,28.790000915527344,56906600,23.273412704467773
2013-04-19,29.6200008392334,30.239999771118164,29.61000061035156,29.770000457763672,99790700,24.065629959106445
2013-04-22,30.299999237060547,31.18000030517578,30.270000457763672,30.82999992370605,137904000,24.92252922058105
2013-04-23,30.700000762939453,30.899999618530277,30.3799991607666,30.600000381469727,59126900,24.73659324645996
2013-04-24,30.6200008392334,31.920000076293945,30.600000381469727,31.76000022888184,90946600,25.6743221282959
2013-04-25,31.709999084472656,32.84000015258789,31.540000915527344,31.940000534057617,110700200,25.81983184814453
2013-04-26,31.899999618530277,31.979999542236328,31.450000762939453,31.790000915527344,47799300,25.69857215881348
2013-04-29,31.799999237060547,32.68000030517578,31.770000457763672,32.61000061035156,59116400,26.361452102661133
2013-04-30,32.560001373291016,33.11000061035156,32.279998779296875,33.099998474121094,75165200,26.75756454467773
2013-05-01,32.93000030517578,33.08000183105469,32.599998474121094,32.720001220703125,54330900,26.450374603271484
2013-05-02,32.630001068115234,33.16999816894531,32.38999938964844,33.15999984741211,46059500,26.806058883666992
2013-05-03,33.22999954223633,33.52000045776367,33.08000183105469,33.4900016784668,46784600,27.07283592224121
2013-05-06,33.41999816894531,33.90999984741211,33.25,33.75,40978300,27.283004760742188
2013-05-07,33.650001525878906,33.790000915527344,33.2400016784668,33.310001373291016,43078300,26.92732048034668
2013-05-08,33.06999969482422,33.2400016784668,32.650001525878906,32.9900016784668,51595700,26.668636322021484
2013-05-09,32.849998474121094,33.0,32.59000015258789,32.65999984741211,46417800,26.40187263488769
2013-05-10,32.66999816894531,32.720001220703125,32.31999969482422,32.689998626708984,36394900,26.426118850708008
2013-05-13,32.61000061035156,33.06999969482422,32.54999923706055,33.029998779296875,36027600,26.70096778869629
2013-05-14,32.86000061035156,33.529998779296875,32.79999923706055,33.529998779296875,56870100,27.295228958129883
2013-05-15,33.45000076293945,33.900001525878906,33.43000030517578,33.849998474121094,46303900,27.555723190307617
2013-05-16,33.63999938964844,34.150001525878906,33.54999923706055,34.08000183105469,59382900,27.742963790893555
2013-05-17,34.130001068115234,34.869998931884766,34.099998474121094,34.869998931884766,60666700,28.386064529418945
2013-05-20,34.72999954223633,35.099998474121094,34.68000030517578,35.08000183105469,54020800,28.55701446533203
2013-05-21,35.099998474121094,35.27000045776367,34.720001220703125,34.849998474121094,48702400,28.369775772094727
2013-05-22,34.790000915527344,34.84000015258789,34.36000061035156,34.61000061035156,66047500,28.174409866333008
2013-05-23,34.22999954223633,34.54999923706055,33.900001525878906,34.150001525878906,51102700,27.799945831298828
2013-05-24,33.91999816894531,34.279998779296875,33.900001525878906,34.27000045776367,33174400,27.89764404296875
2013-05-28,34.41999816894531,35.18000030517578,34.40999984741211,35.02000045776367,48212100,28.508167266845703
2013-05-29,34.7400016784668,35.02000045776367,34.56999969482422,34.880001068115234,38412200,28.39420890808105
2013-05-30,34.849998474121094,35.25,34.810001373291016,35.029998779296875,51131000,28.516307830810547
2013-05-31,34.81999969482422,35.279998779296875,34.790000915527344,34.900001525878906,56165700,28.410493850708008
2013-06-03,34.91999816894531,35.630001068115234,34.83000183105469,35.59000015258789,51252600,28.97217559814453
2013-06-04,35.619998931884766,35.7400016784668,34.77000045776367,34.9900016784668,65529500,28.48374557495117
2013-06-05,34.599998474121094,34.88999938964844,34.43000030517578,34.779998779296875,46025100,28.31278610229492
2013-06-06,34.84000015258789,35.11000061035156,34.4900016784668,34.959999084472656,37618500,28.45932388305664
2013-06-07,35.25,35.779998779296875,35.060001373291016,35.66999816894531,40757300,29.037309646606445
2013-06-10,35.5099983215332,35.650001525878906,35.13999938964844,35.470001220703125,35994500,28.874500274658203
2013-06-11,35.04999923706055,35.18000030517578,34.68000030517578,34.84000015258789,39435900,28.36163711547852
2013-06-12,35.13999938964844,35.27000045776367,34.849998474121094,35.0,37372700,28.49189758300781
2013-06-13,34.9900016784668,35.02000045776367,34.59000015258789,34.720001220703125,45654900,28.263952255249023
2013-06-14,34.54999923706055,34.689998626708984,34.25,34.400001525878906,53192600,28.00345802307129
2013-06-17,34.689998626708984,35.15999984741211,34.630001068115234,35.0,49670100,28.49189758300781
2013-06-18,34.970001220703125,35.16999816894531,34.900001525878906,34.97999954223633,28616500,28.47561264038086
2013-06-19,34.959999084472656,35.09000015258789,34.59000015258789,34.59000015258789,30816200,28.15812492370605
2013-06-20,34.2599983215332,34.33000183105469,33.369998931884766,33.4900016784668,54493700,27.262680053710938
2013-06-21,33.65999984741211,33.72999954223633,33.04999923706055,33.27000045776367,85338500,27.08357810974121
2013-06-24,32.939998626708984,34.20000076293945,32.56999969482422,33.720001220703125,56109000,27.44989776611328
2013-06-25,34.08000183105469,34.380001068115234,33.459999084472656,33.66999816894531,44073400,27.409204483032227
2013-06-26,34.119998931884766,34.47999954223633,33.88999938964844,34.349998474121094,48665900,27.962757110595703
2013-06-27,34.52000045776367,34.779998779296875,34.5,34.619998931884766,28993100,28.182552337646484
2013-06-28,34.380001068115234,34.790000915527344,34.34000015258789,34.540000915527344,65545500,28.1174259185791
2013-07-01,34.75,34.9900016784668,34.33000183105469,34.36000061035156,31055400,27.97089385986328
2013-07-02,34.40999984741211,34.439998626708984,33.630001068115234,33.939998626708984,37630000,27.628990173339844
2013-07-03,33.65999984741211,34.369998931884766,33.599998474121094,34.0099983215332,15994400,27.68597412109375
2013-07-05,34.09000015258789,34.2400016784668,33.58000183105469,34.209999084472656,26085900,27.848787307739254
2013-07-08,34.349998474121094,34.59000015258789,33.97999954223633,34.33000183105469,32396900,27.94647979736328
2013-07-09,34.58000183105469,34.599998474121094,34.13999938964844,34.349998474121094,25318500,27.962757110595703
2013-07-10,34.34000015258789,34.810001373291016,34.31999969482422,34.70000076293945,29658800,28.24767303466797
2013-07-11,35.0,35.77000045776367,34.900001525878906,35.689998626708984,53638300,29.05358123779297
2013-07-12,35.58000183105469,35.72999954223633,35.279998779296875,35.66999816894531,35501200,29.037309646606445
2013-07-15,35.65999984741211,36.220001220703125,35.58000183105469,36.16999816894531,34142600,29.44432830810547
2013-07-16,36.0099983215332,36.43000030517578,35.959999084472656,36.27000045776367,36378500,29.525747299194336
2013-07-17,36.34000015258789,36.38999938964844,35.4900016784668,35.7400016784668,37285100,29.094284057617188
2013-07-18,35.720001220703125,35.88999938964844,35.220001220703125,35.439998626708984,49547100,28.850072860717773
2013-07-19,32.400001525878906,32.66999816894531,31.020000457763672,31.399999618530277,248428500,25.561298370361328
2013-07-22,31.700000762939453,32.0099983215332,31.600000381469727,32.0099983215332,79040700,26.0578670501709
2013-07-23,31.90999984741211,32.040000915527344,31.709999084472656,31.81999969482422,65810400,25.90320205688477
2013-07-24,32.040000915527344,32.189998626708984,31.88999938964844,31.959999084472656,52803100,26.01716423034668
2013-07-25,31.6200008392334,31.649999618530277,31.25,31.38999938964844,63213000,25.55315399169922
2013-07-26,31.26000022888184,31.6200008392334,31.209999084472656,31.6200008392334,38633600,25.740385055541992
2013-07-29,31.46999931335449,31.600000381469727,31.399999618530277,31.540000915527344,28870700,25.675268173217773
2013-07-30,31.780000686645508,32.119998931884766,31.549999237060547,31.850000381469727,45799500,25.9276180267334
2013-07-31,31.96999931335449,32.04999923706055,31.709999084472656,31.84000015258789,43898400,25.91948509216309
2013-08-01,32.060001373291016,32.09000015258789,31.600000381469727,31.670000076293945,42557900,25.78109359741211
2013-08-02,31.690000534057617,31.899999618530277,31.56999969482422,31.88999938964844,29199900,25.96018409729004
2013-08-05,31.899999618530277,32.0,31.63999938964844,31.700000762939453,30984000,25.805517196655277
2013-08-06,31.549999237060547,31.670000076293945,31.3799991607666,31.57999992370605,36331500,25.70783042907715
2013-08-07,31.540000915527344,32.099998474121094,31.25,32.060001373291016,38078600,26.09856986999512
2013-08-08,32.2400016784668,33.06999969482422,32.04999923706055,32.88999938964844,59034400,26.77423477172852
2013-08-09,32.77000045776367,32.900001525878906,32.470001220703125,32.70000076293945,26800700,26.619569778442383
2013-08-12,32.459999084472656,32.970001220703125,32.459999084472656,32.869998931884766,25493700,26.757953643798828
2013-08-13,32.5099983215332,32.54999923706055,32.209999084472656,32.22999954223633,39464100,26.421838760375977
2013-08-14,32.13999938964844,33.36000061035156,31.700000762939453,32.349998474121094,48519600,26.520214080810547
2013-08-15,32.0,32.18000030517578,30.84000015258789,31.790000915527344,33338000,26.061132431030277
2013-08-16,31.790000915527344,31.989999771118164,31.65999984741211,31.799999237060547,32866300,26.06932830810547
2013-08-19,31.76000022888184,31.96999931335449,31.3799991607666,31.38999938964844,27902500,25.73321914672852
2013-08-20,31.440000534057617,31.899999618530277,31.3700008392334,31.6200008392334,22979600,25.921770095825195
2013-08-21,31.61000061035156,32.0099983215332,31.540000915527344,31.61000061035156,37409100,25.91356468200684
2013-08-22,32.189998626708984,32.4900016784668,32.099998474121094,32.38999938964844,31169900,26.55301284790039
2013-08-23,35.16999816894531,35.20000076293945,34.0,34.75,225493800,28.487720489501957
2013-08-26,34.400001525878906,34.66999816894531,34.029998779296875,34.150001525878906,72786800,27.99584007263184
2013-08-27,33.52000045776367,34.099998474121094,33.150001525878906,33.2599983215332,58522300,27.26622200012207
2013-08-28,33.38999938964844,33.599998474121094,33.0,33.02000045776367,44257400,27.069482803344727
2013-08-29,32.93000030517578,33.599998474121094,32.79999923706055,33.54999923706055,45284700,27.50395965576172
2013-08-30,33.369998931884766,33.47999954223633,33.09000015258789,33.400001525878906,42790200,27.380998611450195
2013-09-03,31.75,32.06999969482422,31.290000915527344,31.8799991607666,154507000,26.134920120239254
2013-09-04,31.38999938964844,31.46999931335449,31.11000061035156,31.200000762939453,142320600,25.57745742797852
2013-09-05,31.100000381469727,31.440000534057617,30.950000762939453,31.229999542236328,71644900,25.6020450592041
2013-09-06,31.309999465942383,31.38999938964844,31.1299991607666,31.149999618530277,75434900,25.53646850585937
2013-09-09,31.21999931335449,31.790000915527344,31.200000762939453,31.65999984741211,49628500,25.95456314086914
2013-09-10,31.899999618530277,32.400001525878906,31.790000915527344,32.38999938964844,56881200,26.55301284790039
2013-09-11,32.56999969482422,32.93000030517578,32.529998779296875,32.7400016784668,39087500,26.839937210083008
2013-09-12,32.720001220703125,32.779998779296875,32.59000015258789,32.689998626708984,32860200,26.7989444732666
2013-09-13,32.77000045776367,33.06999969482422,32.5099983215332,33.029998779296875,40899000,27.07767868041992
2013-09-16,33.380001068115234,33.5,32.72999954223633,32.79999923706055,52839700,26.88911437988281
2013-09-17,33.41999816894531,33.470001220703125,32.900001525878906,32.93000030517578,84716500,26.99568748474121
2013-09-18,32.9900016784668,33.400001525878906,32.83000183105469,33.31999969482422,64099900,27.31542015075684
2013-09-19,33.47999954223633,33.68000030517578,33.31999969482422,33.63999938964844,42026600,27.57774353027344
2013-09-20,33.40999984741211,33.47999954223633,32.689998626708984,32.790000915527344,102904900,26.880922317504883
2013-09-23,32.540000915527344,32.970001220703125,32.5,32.7400016784668,39826100,26.839937210083008
2013-09-24,32.869998931884766,32.869998931884766,32.150001525878906,32.45000076293945,40685000,26.602195739746094
2013-09-25,32.4900016784668,32.79999923706055,32.400001525878906,32.5099983215332,28907500,26.65138435363769
2013-09-26,32.63999938964844,33.0,32.59000015258789,32.77000045776367,28504000,26.864524841308597
2013-09-27,32.880001068115234,33.75,32.869998931884766,33.27000045776367,55348000,27.27442169189453
2013-09-30,33.0,33.310001373291016,32.70000076293945,33.279998779296875,39839500,27.282621383666992
2013-10-01,33.349998474121094,33.61000061035156,33.29999923706055,33.58000183105469,36718700,27.52856063842773
2013-10-02,33.36000061035156,34.029998779296875,33.290000915527344,33.91999816894531,46946800,27.80729103088379
2013-10-03,33.880001068115234,34.0,33.41999816894531,33.86000061035156,38703800,27.758094787597656
2013-10-04,33.689998626708984,33.9900016784668,33.619998931884766,33.880001068115234,33008100,27.774490356445312
2013-10-07,33.599998474121094,33.709999084472656,33.20000076293945,33.29999923706055,35069300,27.299015045166016
2013-10-08,33.310001373291016,33.33000183105469,32.79999923706055,33.0099983215332,41017600,27.06127548217773
2013-10-09,33.06999969482422,33.349998474121094,32.959999084472656,33.06999969482422,35878600,27.1104679107666
2013-10-10,33.310001373291016,33.88999938964844,33.2599983215332,33.7599983215332,42875100,27.676122665405277
2013-10-11,33.68000030517578,34.13999938964844,33.68000030517578,34.130001068115234,30033300,27.97943878173828
2013-10-14,33.900001525878906,34.5,33.779998779296875,34.45000076293945,27757900,28.24178123474121
2013-10-15,34.66999816894531,34.9900016784668,34.470001220703125,34.4900016784668,47097800,28.27457427978516
2013-10-16,34.599998474121094,34.900001525878906,34.560001373291016,34.63999938964844,35111600,28.397539138793945
2013-10-17,34.45000076293945,34.9900016784668,34.369998931884766,34.91999816894531,31359200,28.62708282470703
2013-10-18,34.81999969482422,34.9900016784668,34.33000183105469,34.959999084472656,41811700,28.65986442565918
2013-10-21,34.97999954223633,35.20000076293945,34.90999984741211,34.9900016784668,27433500,28.684457778930664
2013-10-22,35.02000045776367,35.099998474121094,34.52000045776367,34.58000183105469,40438500,28.348350524902344
2013-10-23,34.349998474121094,34.4900016784668,33.66999816894531,33.7599983215332,58600500,27.676122665405277
2013-10-24,33.81999969482422,34.099998474121094,33.56999969482422,33.720001220703125,53209700,27.643325805664062
2013-10-25,35.880001068115234,36.290000915527344,35.470001220703125,35.72999954223633,113494000,29.29111862182617
2013-10-28,35.61000061035156,35.72999954223633,35.27000045776367,35.56999969482422,38383600,29.15993309020996
2013-10-29,35.630001068115234,35.720001220703125,35.2599983215332,35.52000045776367,31702200,29.11894416809082
2013-10-30,35.529998779296875,35.790000915527344,35.43000030517578,35.540000915527344,36997700,29.13536071777344
2013-10-31,35.65999984741211,35.689998626708984,35.34000015258789,35.40999984741211,41682300,29.02877426147461
2013-11-01,35.66999816894531,35.689998626708984,35.38999938964844,35.529998779296875,40264600,29.127159118652344
2013-11-04,35.59000015258789,35.97999954223633,35.54999923706055,35.939998626708984,28060700,29.4632568359375
2013-11-05,35.790000915527344,36.709999084472656,35.77000045776367,36.63999938964844,51681900,30.037118911743164
2013-11-06,37.2400016784668,38.220001220703125,37.060001373291016,38.18000030517578,88948800,31.29959487915039
2013-11-07,37.959999084472656,38.0099983215332,37.43000030517578,37.5,60437400,30.74214744567871
2013-11-08,37.66999816894531,37.77999877929688,37.34000015258789,37.77999877929688,36737800,30.971683502197266
2013-11-11,37.68999862670898,37.77999877929688,37.34999847412109,37.59000015258789,26872500,30.815919876098636
2013-11-12,37.380001068115234,37.59999847412109,37.20000076293945,37.36000061035156,31651600,30.62736320495605
2013-11-13,36.97999954223633,38.15999984741211,36.900001525878906,38.15999984741211,44957600,31.283205032348636
2013-11-14,37.869998931884766,38.130001068115234,37.720001220703125,38.02000045776367,46183700,31.16841506958008
2013-11-15,37.95000076293945,38.02000045776367,37.720001220703125,37.84000015258789,50601300,31.020870208740234
2013-11-18,37.34999847412109,37.58000183105469,37.06999969482422,37.20000076293945,53277500,30.496198654174805
2013-11-19,36.84999847412109,37.22999954223633,36.66999816894531,36.7400016784668,44275000,30.3475284576416
2013-11-20,36.91999816894531,37.40999984741211,36.86000061035156,37.08000183105469,32229900,30.62836456298828
2013-11-21,37.27000045776367,37.52999877929688,37.2599983215332,37.400001525878906,23064700,30.892696380615234
2013-11-22,37.52999877929688,37.68000030517578,37.33000183105469,37.56999969482422,27982000,31.033103942871094
2013-11-25,37.93000030517578,37.95000076293945,37.56999969482422,37.63999938964844,30646800,31.090932846069336
2013-11-26,37.56999969482422,37.650001525878906,37.34999847412109,37.34999847412109,34465300,30.851375579833984
2013-11-27,37.56999969482422,37.7599983215332,37.4900016784668,37.59999847412109,26002100,31.0578727722168
2013-11-29,37.81999969482422,38.290000915527344,37.81999969482422,38.130001068115234,22090400,31.49567031860352
2013-12-02,38.09000015258789,38.77999877929688,38.060001373291016,38.45000076293945,42950400,31.75999641418457
2013-12-03,38.13999938964844,38.4900016784668,38.08000183105469,38.310001373291016,52109800,31.64435386657715
2013-12-04,38.209999084472656,38.97999954223633,38.119998931884766,38.93999862670898,51983600,32.16473388671875
2013-12-05,38.84999847412109,38.880001068115234,37.18000030517578,38.0,116305000,31.388277053833008
2013-12-06,38.41999816894531,38.54999923706055,37.9900016784668,38.36000061035156,36457300,31.685651779174805
2013-12-09,38.560001373291016,38.869998931884766,38.369998931884766,38.709999084472656,30286000,31.974748611450195
2013-12-10,38.61000061035156,38.900001525878906,38.02000045776367,38.11000061035156,37828600,31.47916030883789
2013-12-11,38.060001373291016,38.29999923706055,37.38999938964844,37.61000061035156,39853400,31.06614875793457
2013-12-12,37.63999938964844,37.63999938964844,37.18000030517578,37.220001220703125,36012800,30.744007110595703
2013-12-13,37.41999816894531,37.45000076293945,36.619998931884766,36.68999862670898,40066100,30.30622100830078
2013-12-16,36.72999954223633,37.0,36.540000915527344,36.88999938964844,31734200,30.471412658691406
2013-12-17,36.93999862670898,37.11000061035156,36.33000183105469,36.52000045776367,45687700,30.165809631347656
2013-12-18,36.36000061035156,36.59999847412109,35.529998779296875,36.58000183105469,63192100,30.215351104736328
2013-12-19,36.5099983215332,36.54999923706055,36.08000183105469,36.25,34160100,29.942781448364254
2013-12-20,36.20000076293945,36.93000030517578,36.18999862670898,36.79999923706055,62649100,30.397077560424805
2013-12-23,36.810001373291016,36.88999938964844,36.54999923706055,36.619998931884766,25128700,30.24840545654297
2013-12-24,36.720001220703125,37.16999816894531,36.63999938964844,37.08000183105469,14243000,30.62836456298828
2013-12-26,37.20000076293945,37.4900016784668,37.16999816894531,37.43999862670898,17612800,30.925731658935547
2013-12-27,37.58000183105469,37.619998931884766,37.16999816894531,37.290000915527344,14563000,30.80181884765625
2013-12-30,37.220001220703125,37.380001068115234,36.900001525878906,37.290000915527344,16290500,30.80181884765625
2013-12-31,37.400001525878906,37.58000183105469,37.220001220703125,37.40999984741211,17503500,30.900938034057617
2014-01-02,37.34999847412109,37.400001525878906,37.09999847412109,37.15999984741211,30632200,30.69443702697754
2014-01-03,37.20000076293945,37.220001220703125,36.59999847412109,36.90999984741211,31134800,30.48793029785156
2014-01-06,36.84999847412109,36.88999938964844,36.11000061035156,36.130001068115234,43603700,29.843645095825195
2014-01-07,36.33000183105469,36.4900016784668,36.209999084472656,36.40999984741211,35802800,30.07493782043457
2014-01-08,36.0,36.13999938964844,35.58000183105469,35.7599983215332,59971700,29.538026809692383
2014-01-09,35.880001068115234,35.90999984741211,35.400001525878906,35.529998779296875,36516300,29.348051071166992
2014-01-10,35.900001525878906,36.150001525878906,35.75,36.040000915527344,40548800,29.76931571960449
2014-01-13,35.9900016784668,36.02000045776367,34.83000183105469,34.97999954223633,45901900,28.893760681152344
2014-01-14,34.72999954223633,35.880001068115234,34.630001068115234,35.779998779296875,41623300,29.55454635620117
2014-01-15,35.900001525878906,36.790000915527344,35.849998474121094,36.7599983215332,44812600,30.36404037475586
2014-01-16,36.68999862670898,37.0,36.310001373291016,36.88999938964844,38018700,30.471412658691406
2014-01-17,36.83000183105469,36.83000183105469,36.150001525878906,36.380001068115234,46267500,30.05015563964844
2014-01-21,36.81999969482422,36.81999969482422,36.060001373291016,36.16999816894531,31567300,29.87670135498047
2014-01-22,36.2599983215332,36.31999969482422,35.75,35.93000030517578,21904300,29.678451538085938
2014-01-23,36.09000015258789,36.130001068115234,35.52000045776367,36.060001373291016,43954000,29.785831451416016
2014-01-24,37.45000076293945,37.54999923706055,36.52999877929688,36.810001373291016,76395500,30.40533828735352
2014-01-27,36.869998931884766,36.88999938964844,35.97999954223633,36.02999877929688,44420800,29.76105117797852
2014-01-28,36.119998931884766,36.38999938964844,35.75,36.27000045776367,36205500,29.959300994873047
2014-01-29,35.97999954223633,36.880001068115234,35.900001525878906,36.65999984741211,52745900,30.28143310546875
2014-01-30,36.790000915527344,36.880001068115234,36.22999954223633,36.86000061035156,35036300,30.446645736694336
2014-01-31,36.95000076293945,37.88999938964844,36.560001373291016,37.84000015258789,93162300,31.256118774414062
2014-02-03,37.7400016784668,37.9900016784668,36.43000030517578,36.47999954223633,64063100,30.13275909423828
2014-02-04,36.970001220703125,37.18999862670898,36.25,36.34999847412109,54697900,30.025371551513672
2014-02-05,36.290000915527344,36.470001220703125,35.79999923706055,35.81999969482422,55814400,29.587589263916016
2014-02-06,35.79999923706055,36.25,35.689998626708984,36.18000030517578,35351800,29.88495635986328
2014-02-07,36.31999969482422,36.59000015258789,36.0099983215332,36.560001373291016,33260500,30.198841094970703
2014-02-10,36.630001068115234,36.79999923706055,36.290000915527344,36.79999923706055,26767000,30.397077560424805
2014-02-11,36.880001068115234,37.2599983215332,36.86000061035156,37.16999816894531,32141400,30.70269012451172
2014-02-12,37.34999847412109,37.59999847412109,37.29999923706055,37.470001220703125,27051800,30.950511932373047
2014-02-13,37.33000183105469,37.86000061035156,37.33000183105469,37.61000061035156,37635500,31.06614875793457
2014-02-14,37.38999938964844,37.77999877929688,37.33000183105469,37.619998931884766,31407500,31.07440185546875
2014-02-18,37.630001068115234,37.77999877929688,37.40999984741211,37.41999816894531,32834000,31.14097595214844
2014-02-19,37.220001220703125,37.75,37.209999084472656,37.5099983215332,29750400,31.215877532958984
2014-02-20,37.56999969482422,37.869998931884766,37.400001525878906,37.75,27526100,31.415605545043945
2014-02-21,37.93999862670898,38.34999847412109,37.86000061035156,37.97999954223633,38021300,31.60701560974121
2014-02-24,37.68999862670898,37.97999954223633,37.540000915527344,37.68999862670898,32085100,31.36567497253418
2014-02-25,37.61000061035156,37.84999847412109,37.34999847412109,37.540000915527344,30736500,31.24085235595703
2014-02-26,37.58000183105469,37.7400016784668,37.18999862670898,37.470001220703125,41041800,31.182592391967773
2014-02-27,37.45000076293945,37.88999938964844,37.22999954223633,37.86000061035156,33903400,31.50714492797852
2014-02-28,37.97999954223633,38.459999084472656,37.81999969482422,38.310001373291016,41215000,31.881641387939453
2014-03-03,37.91999816894531,38.130001068115234,37.4900016784668,37.77999877929688,29717500,31.440570831298828
2014-03-04,38.20000076293945,38.47999954223633,38.06999969482422,38.40999984741211,26802400,31.96485710144043
2014-03-05,38.25,38.27000045776367,37.93000030517578,38.11000061035156,20520100,31.715185165405277
2014-03-06,38.13999938964844,38.2400016784668,37.88999938964844,38.150001525878906,23582200,31.74848937988281
2014-03-07,38.27999877929688,38.36000061035156,37.68999862670898,37.900001525878906,26591600,31.540437698364254
2014-03-10,37.9900016784668,38.0099983215332,37.720001220703125,37.81999969482422,19006600,31.473859786987305
2014-03-11,37.869998931884766,38.22999954223633,37.720001220703125,38.02000045776367,25216400,31.64030647277832
2014-03-12,37.79999923706055,38.43000030517578,37.790000915527344,38.27000045776367,30494100,31.84835433959961
2014-03-13,38.41999816894531,38.45000076293945,37.63999938964844,37.88999938964844,32169700,31.532114028930664
2014-03-14,37.650001525878906,38.13999938964844,37.5099983215332,37.70000076293945,27195600,31.37399101257324
2014-03-17,37.900001525878906,38.40999984741211,37.790000915527344,38.04999923706055,20479600,31.66526222229004
2014-03-18,38.2599983215332,39.900001525878906,38.220001220703125,39.54999923706055,64063900,32.913570404052734
2014-03-19,39.470001220703125,39.54999923706055,38.90999984741211,39.27000045776367,35597200,32.68056106567383
2014-03-20,39.25,40.650001525878906,39.2400016784668,40.33000183105469,59269800,33.56269073486328
2014-03-21,40.720001220703125,40.93999862670898,40.0099983215332,40.15999984741211,80721800,33.42121124267578
2014-03-24,40.34000015258789,40.63999938964844,39.86000061035156,40.5,46098400,33.704158782958984
2014-03-25,40.65999984741211,40.9900016784668,39.959999084472656,40.34000015258789,43193100,33.57101058959961
2014-03-26,40.47999954223633,40.709999084472656,39.59999847412109,39.790000915527344,41977500,33.113304138183594
2014-03-27,39.7400016784668,39.970001220703125,39.34000015258789,39.36000061035156,35369200,32.75543975830078
2014-03-28,39.790000915527344,40.63999938964844,39.68000030517578,40.29999923706055,43472700,33.5377197265625
2014-03-31,40.43000030517578,41.5,40.400001525878906,40.9900016784668,46886300,34.11193084716797
2014-04-01,41.150001525878906,41.59000015258789,41.06999969482422,41.41999816894531,32605000,34.46979522705078
2014-04-02,41.43999862670898,41.65999984741211,41.16999816894531,41.34999847412109,28666700,34.41153335571289
2014-04-03,41.290000915527344,41.290000915527344,40.709999084472656,41.0099983215332,30139600,34.12857437133789
2014-04-04,41.25,41.38999938964844,39.63999938964844,39.869998931884766,51409600,33.17987823486328
2014-04-07,39.959999084472656,40.27000045776367,39.7400016784668,39.79999923706055,37559600,33.12161636352539
2014-04-08,39.75,39.93000030517578,39.20000076293945,39.81999969482422,35918600,33.13825607299805
2014-04-09,39.93000030517578,40.54999923706055,39.880001068115234,40.470001220703125,27398700,33.67919158935547
2014-04-10,40.43999862670898,40.68999862670898,39.09000015258789,39.36000061035156,45960800,32.75543975830078
2014-04-11,39.0,39.790000915527344,39.0,39.209999084472656,34330200,32.63063049316406
2014-04-14,39.11000061035156,39.40999984741211,38.900001525878906,39.18000030517578,32006600,32.605655670166016
2014-04-15,39.34000015258789,39.959999084472656,39.04999923706055,39.75,33968700,33.08000564575195
2014-04-16,40.060001373291016,40.41999816894531,39.90999984741211,40.400001525878906,30615800,33.62093734741211
2014-04-17,40.0099983215332,40.20000076293945,39.5099983215332,40.0099983215332,36688400,33.29637145996094
2014-04-21,40.130001068115234,40.150001525878906,39.790000915527344,39.93999862670898,22221200,33.238121032714844
2014-04-22,39.959999084472656,40.13999938964844,39.83000183105469,39.9900016784668,27056700,33.27974319458008
2014-04-23,39.9900016784668,39.9900016784668,39.470001220703125,39.68999862670898,24602800,33.030067443847656
2014-04-24,39.7400016784668,39.970001220703125,39.29999923706055,39.86000061035156,42381600,33.17155075073242
2014-04-25,40.290000915527344,40.68000030517578,39.75,39.90999984741211,56876800,33.21315002441406
2014-04-28,40.13999938964844,41.290000915527344,40.09000015258789,40.869998931884766,50610200,34.0120735168457
2014-04-29,41.09999847412109,41.18999862670898,40.38999938964844,40.5099983215332,29636200,33.71247482299805
2014-04-30,40.400001525878906,40.5,40.16999816894531,40.400001525878906,35458700,33.62093734741211
2014-05-01,40.2400016784668,40.36000061035156,39.95000076293945,40.0,28787400,33.28805160522461
2014-05-02,40.310001373291016,40.34000015258789,39.65999984741211,39.68999862670898,43416600,33.030067443847656
2014-05-05,39.52000045776367,39.63999938964844,39.29999923706055,39.43000030517578,22460900,32.81370162963867
2014-05-06,39.290000915527344,39.34999847412109,38.95000076293945,39.060001373291016,27112400,32.50578689575195
2014-05-07,39.220001220703125,39.5099983215332,38.5099983215332,39.41999816894531,41744500,32.805381774902344
2014-05-08,39.34000015258789,39.900001525878906,38.970001220703125,39.63999938964844,32120400,32.98845672607422
2014-05-09,39.540000915527344,39.84999847412109,39.369998931884766,39.540000915527344,29647600,32.90524673461914
2014-05-12,39.7400016784668,40.02000045776367,39.650001525878906,39.970001220703125,22782600,33.263092041015625
2014-05-13,39.91999816894531,40.5,39.84999847412109,40.41999816894531,27004800,33.874881744384766
2014-05-14,40.29999923706055,40.45000076293945,40.04999923706055,40.2400016784668,18818700,33.72403717041016
2014-05-15,40.09000015258789,40.400001525878906,39.5099983215332,39.59999847412109,37793200,33.18766021728516
2014-05-16,39.66999816894531,39.84000015258789,39.27000045776367,39.83000183105469,29867100,33.38042449951172
2014-05-19,39.61000061035156,39.81999969482422,39.459999084472656,39.75,24537400,33.31337356567383
2014-05-20,39.68000030517578,39.93999862670898,39.459999084472656,39.68000030517578,21320900,33.254730224609375
2014-05-21,39.79999923706055,40.34999847412109,39.7400016784668,40.34999847412109,22398700,33.81622314453125
2014-05-22,40.290000915527344,40.34999847412109,39.84999847412109,40.09999847412109,20201800,33.606693267822266
2014-05-23,40.369998931884766,40.369998931884766,40.0,40.119998931884766,18020000,33.62345886230469
2014-05-27,40.2599983215332,40.2599983215332,39.810001373291016,40.18999862670898,26160600,33.68212890625
2014-05-28,40.13999938964844,40.18999862670898,39.81999969482422,40.0099983215332,25711500,33.53126525878906
2014-05-29,40.150001525878906,40.34999847412109,39.90999984741211,40.34000015258789,19888200,33.80784606933594
2014-05-30,40.45000076293945,40.970001220703125,40.25,40.93999862670898,34567600,34.310691833496094
2014-06-02,40.95000076293945,41.09000015258789,40.68000030517578,40.790000915527344,18504300,34.18497848510742
2014-06-03,40.59999847412109,40.68000030517578,40.25,40.290000915527344,18068900,33.76593780517578
2014-06-04,40.209999084472656,40.369998931884766,39.86000061035156,40.31999969482422,23209000,33.791072845458984
2014-06-05,40.59000015258789,41.25,40.400001525878906,41.209999084472656,31865200,34.53696060180664
2014-06-06,41.47999954223633,41.65999984741211,41.2400016784668,41.47999954223633,24060500,34.76323699951172
2014-06-09,41.38999938964844,41.47999954223633,41.02000045776367,41.27000045776367,15019200,34.587249755859375
2014-06-10,41.02999877929688,41.15999984741211,40.86000061035156,41.11000061035156,15117700,34.453155517578125
2014-06-11,40.93000030517578,41.06999969482422,40.77000045776367,40.86000061035156,18040000,34.24363708496094
2014-06-12,40.810001373291016,40.880001068115234,40.290000915527344,40.58000183105469,29818900,34.008975982666016
2014-06-13,41.09999847412109,41.56999969482422,40.86000061035156,41.22999954223633,26310000,34.5537223815918
2014-06-16,41.040000915527344,41.61000061035156,41.040000915527344,41.5,24205300,34.78000259399414
2014-06-17,41.290000915527344,41.90999984741211,40.34000015258789,41.68000030517578,22518600,34.93086242675781
2014-06-18,41.61000061035156,41.7400016784668,41.18000030517578,41.650001525878906,27097000,34.90571975708008
2014-06-19,41.56999969482422,41.77000045776367,41.33000183105469,41.5099983215332,19828200,34.78839492797852
2014-06-20,41.45000076293945,41.83000183105469,41.380001068115234,41.68000030517578,47764900,34.93086242675781
2014-06-23,41.72999954223633,42.0,41.68999862670898,41.9900016784668,18743900,35.19066619873047
2014-06-24,41.83000183105469,41.93999862670898,41.560001373291016,41.75,26509100,34.98950958251953
2014-06-25,41.70000076293945,42.04999923706055,41.459999084472656,42.02999877929688,20049100,35.224178314208984
2014-06-26,41.93000030517578,41.93999862670898,41.43000030517578,41.720001220703125,23604400,34.96438217163086
2014-06-27,41.61000061035156,42.290000915527344,41.5099983215332,42.25,74640000,35.408565521240234
2014-06-30,42.16999816894531,42.209999084472656,41.70000076293945,41.70000076293945,30793100,34.947628021240234
2014-07-01,41.86000061035156,42.150001525878906,41.68999862670898,41.869998931884766,26917000,35.090087890625
2014-07-02,41.72999954223633,41.900001525878906,41.52999877929688,41.900001525878906,20208100,35.115238189697266
2014-07-03,41.90999984741211,41.9900016784668,41.560001373291016,41.79999923706055,15969300,35.031429290771484
2014-07-07,41.75,42.119998931884766,41.709999084472656,41.9900016784668,21952400,35.19066619873047
2014-07-08,41.869998931884766,42.0,41.61000061035156,41.77999877929688,31218200,35.0146484375
2014-07-09,41.97999954223633,41.9900016784668,41.52999877929688,41.66999816894531,18445900,34.9224853515625
2014-07-10,41.369998931884766,42.0,41.04999923706055,41.68999862670898,21854700,34.93924331665039
2014-07-11,41.70000076293945,42.09000015258789,41.47999954223633,42.09000015258789,24083000,35.27446365356445
2014-07-14,42.220001220703125,42.45000076293945,42.040000915527344,42.13999938964844,21881100,35.316375732421875
2014-07-15,42.33000183105469,42.470001220703125,42.02999877929688,42.45000076293945,28748700,35.57617950439453
2014-07-16,42.5099983215332,44.310001373291016,42.47999954223633,44.08000183105469,63318000,36.94223785400391
2014-07-17,45.45000076293945,45.709999084472656,44.25,44.52999877929688,82180300,37.319366455078125
2014-07-18,44.650001525878906,44.84000015258789,44.25,44.68999862670898,43407500,37.45344924926758
2014-07-21,44.560001373291016,45.15999984741211,44.220001220703125,44.84000015258789,37604400,37.57916641235352
2014-07-22,45.0,45.150001525878906,44.59000015258789,44.83000183105469,43095800,37.57079315185547
2014-07-23,45.45000076293945,45.45000076293945,44.619998931884766,44.869998931884766,52362900,37.604305267333984
2014-07-24,44.93000030517578,45.0,44.31999969482422,44.400001525878906,30725300,37.21041870117188
2014-07-25,44.29999923706055,44.65999984741211,44.29999923706055,44.5,26737700,37.29422378540039
2014-07-28,44.36000061035156,44.5099983215332,43.93000030517578,43.970001220703125,29684200,36.85005569458008
2014-07-29,43.90999984741211,44.09000015258789,43.63999938964844,43.88999938964844,27763100,36.782989501953125
2014-07-30,44.06999969482422,44.09999847412109,43.290000915527344,43.58000183105469,31921400,36.523193359375
2014-07-31,43.380001068115234,43.68999862670898,43.08000183105469,43.15999984741211,31537500,36.17122650146485
2014-08-01,43.209999084472656,43.25,42.59999847412109,42.86000061035156,31170300,35.919776916503906
2014-08-04,42.970001220703125,43.470001220703125,42.810001373291016,43.369998931884766,34277400,36.34719467163086
2014-08-05,43.310001373291016,43.459999084472656,42.83000183105469,43.08000183105469,26266400,36.10417938232422
2014-08-06,42.7400016784668,43.16999816894531,42.209999084472656,42.7400016784668,24634000,35.81922149658203
2014-08-07,42.84000015258789,43.45000076293945,42.650001525878906,43.22999954223633,30314900,36.2298698425293
2014-08-08,43.22999954223633,43.31999969482422,42.90999984741211,43.20000076293945,28942700,36.20473098754883
2014-08-11,43.2599983215332,43.45000076293945,43.02000045776367,43.20000076293945,20351600,36.20473098754883
2014-08-12,43.040000915527344,43.59000015258789,43.0,43.52000045776367,21431100,36.4729118347168
2014-08-13,43.68000030517578,44.18000030517578,43.52000045776367,44.08000183105469,22889500,36.94223785400391
2014-08-14,44.08000183105469,44.41999816894531,44.0099983215332,44.27000045776367,19313200,37.10145950317383
2014-08-15,44.58000183105469,44.900001525878906,44.400001525878906,44.790000915527344,41611300,37.537254333496094
2014-08-18,44.93999862670898,45.11000061035156,44.68000030517578,45.11000061035156,26891100,37.805442810058594
2014-08-19,44.970001220703125,45.34000015258789,44.83000183105469,45.33000183105469,28139500,38.22711563110352
2014-08-20,45.34000015258789,45.400001525878906,44.900001525878906,44.95000076293945,24770500,37.90665054321289
2014-08-21,44.84000015258789,45.25,44.83000183105469,45.220001220703125,22285500,38.13433456420898
2014-08-22,45.34999847412109,45.470001220703125,45.06999969482422,45.150001525878906,18294500,38.07529830932617
2014-08-25,45.400001525878906,45.43999862670898,45.040000915527344,45.16999816894531,16910000,38.0921745300293
2014-08-26,45.310001373291016,45.400001525878906,44.93999862670898,45.0099983215332,14873100,37.95724105834961
2014-08-27,44.900001525878906,45.0,44.7599983215332,44.869998931884766,21287900,37.83917617797852
2014-08-28,44.75,44.97999954223633,44.61000061035156,44.880001068115234,17657600,37.84761428833008
2014-08-29,45.09000015258789,45.43999862670898,44.86000061035156,45.43000030517578,21607600,38.311431884765625
2014-09-02,45.43000030517578,45.459999084472656,44.84999847412109,45.09000015258789,22976800,38.024696350097656
2014-09-03,44.52999877929688,45.11000061035156,44.52999877929688,44.959999084472656,33684500,37.91508102416992
2014-09-04,44.7400016784668,45.27000045776367,44.720001220703125,45.2599983215332,26475500,38.16807174682617
2014-09-05,45.11000061035156,45.93000030517578,45.11000061035156,45.90999984741211,36939400,38.716217041015625
2014-09-08,46.02000045776367,46.79999923706055,45.9900016784668,46.470001220703125,45736700,39.18845748901367
2014-09-09,46.470001220703125,46.970001220703125,46.41999816894531,46.7599983215332,40302400,39.43302536010742
2014-09-10,46.81999969482422,46.93999862670898,46.27999877929688,46.84000015258789,27302400,39.50049591064453
2014-09-11,46.7400016784668,47.0,46.470001220703125,47.0,29216400,39.63542938232422
2014-09-12,46.90999984741211,47.02000045776367,46.59999847412109,46.70000076293945,38244700,39.38243103027344
2014-09-15,46.540000915527344,46.709999084472656,46.09999847412109,46.2400016784668,37667600,38.994510650634766
2014-09-16,46.38999938964844,46.84999847412109,46.290000915527344,46.7599983215332,27910600,39.43302536010742
2014-09-17,46.2599983215332,46.68999862670898,46.22999954223633,46.52000045776367,38311900,39.23063659667969
2014-09-18,46.59000015258789,46.83000183105469,46.459999084472656,46.68000030517578,35556600,39.36557388305664
2014-09-19,46.810001373291016,47.56999969482422,46.59999847412109,47.52000045776367,202522400,40.07394790649414
2014-09-22,47.29999923706055,47.380001068115234,46.97999954223633,47.060001373291016,38686100,39.68602752685547
2014-09-23,46.84999847412109,46.97999954223633,46.470001220703125,46.560001373291016,33430300,39.26435852050781
2014-09-24,46.630001068115234,47.11000061035156,46.34000015258789,47.08000183105469,26582700,39.702880859375
2014-09-25,46.880001068115234,47.09000015258789,46.02999877929688,46.040000915527344,33077400,38.82585525512695
2014-09-26,45.93000030517578,46.619998931884766,45.7599983215332,46.40999984741211,27078800,39.13785552978516
2014-09-29,45.97999954223633,46.560001373291016,45.7599983215332,46.43999862670898,26091000,39.16317367553711
2014-09-30,46.369998931884766,46.47999954223633,46.0099983215332,46.36000061035156,33033100,39.095703125
2014-10-01,46.27000045776367,46.52999877929688,45.84999847412109,45.900001525878906,38088400,38.70777893066406
2014-10-02,45.83000183105469,46.09999847412109,45.63999938964844,45.7599983215332,25119400,38.5897216796875
2014-10-03,45.97999954223633,46.29999923706055,45.61000061035156,46.09000015258789,32453200,38.86801528930664
2014-10-06,46.119998931884766,46.29999923706055,45.91999816894531,46.09000015258789,20604000,38.86801528930664
2014-10-07,45.86000061035156,45.93000030517578,45.41999816894531,45.52999877929688,25723700,38.39577102661133
2014-10-08,45.47999954223633,46.88999938964844,45.34000015258789,46.77999877929688,33031000,39.44989013671875
2014-10-09,46.5,46.79999923706055,45.7400016784668,45.84999847412109,34422800,38.66561508178711
2014-10-10,45.59999847412109,46.119998931884766,43.95000076293945,44.02999877929688,51978100,37.13080596923828
2014-10-13,43.81999969482422,44.560001373291016,43.4900016784668,43.650001525878906,37100200,36.81033706665039
2014-10-14,43.869998931884766,44.380001068115234,43.560001373291016,43.72999954223633,38115700,36.87781524658203
2014-10-15,43.0,43.38999938964844,42.09999847412109,43.220001220703125,60218700,36.44772338867188
2014-10-16,42.52999877929688,43.08000183105469,42.220001220703125,42.7400016784668,49040400,36.042945861816406
2014-10-17,43.20000076293945,43.93999862670898,42.790000915527344,43.630001068115234,40683300,36.793487548828125
2014-10-20,43.060001373291016,44.13999938964844,42.810001373291016,44.08000183105469,34527900,37.17296600341797
2014-10-21,44.36000061035156,44.97999954223633,44.18999862670898,44.880001068115234,36433800,37.84761428833008
2014-10-22,45.0,45.06999969482422,44.22999954223633,44.380001068115234,33570900,37.425968170166016
2014-10-23,44.619998931884766,45.45000076293945,44.52999877929688,45.02000045776367,45451900,37.96567916870117
2014-10-24,46.83000183105469,46.900001525878906,45.18000030517578,46.130001068115234,61076700,38.90174102783203
2014-10-27,45.709999084472656,46.09999847412109,45.709999084472656,45.90999984741211,30371300,38.716217041015625
2014-10-28,45.86000061035156,46.5,45.77000045776367,46.4900016784668,29049800,39.205345153808594
2014-10-29,46.43999862670898,46.70000076293945,46.34000015258789,46.619998931884766,30276100,39.31496810913086
2014-10-30,46.31999969482422,46.31999969482422,45.77000045776367,46.04999923706055,30073900,38.83427429199219
2014-10-31,46.93999862670898,46.970001220703125,46.47999954223633,46.95000076293945,35849700,39.59324645996094
2014-11-03,46.88999938964844,47.459999084472656,46.72999954223633,47.43999862670898,23130400,40.0064811706543
2014-11-04,47.29999923706055,47.72999954223633,47.25,47.56999969482422,21530800,40.11610412597656
2014-11-05,47.79999923706055,47.900001525878906,47.2599983215332,47.86000061035156,22449600,40.36066436767578
2014-11-06,47.86000061035156,48.86000061035156,47.790000915527344,48.70000076293945,33037800,41.06905746459961
2014-11-07,48.91999816894531,48.91999816894531,48.290000915527344,48.68000030517578,28000600,41.05218505859375
2014-11-10,48.650001525878906,49.150001525878906,48.54999923706055,48.88999938964844,36370100,41.22926330566406
2014-11-11,48.84999847412109,48.95000076293945,48.650001525878906,48.869998931884766,23445200,41.21240615844727
2014-11-12,48.560001373291016,48.91999816894531,48.52000045776367,48.77999877929688,22722100,41.136512756347656
2014-11-13,48.810001373291016,49.650001525878906,48.709999084472656,49.61000061035156,26210400,41.83645248413086
2014-11-14,49.7400016784668,50.04999923706055,49.38999938964844,49.58000183105469,29081700,41.811161041259766
2014-11-17,49.40999984741211,49.709999084472656,49.13999938964844,49.459999084472656,30318600,41.7099494934082
2014-11-18,49.130001068115234,49.33000183105469,48.70000076293945,48.7400016784668,23995500,41.36202239990234
2014-11-19,48.65999984741211,48.75,47.93000030517578,48.220001220703125,26177500,40.92073440551758
2014-11-20,48.0,48.70000076293945,47.869998931884766,48.70000076293945,21510600,41.328086853027344
2014-11-21,49.02000045776367,49.04999923706055,47.56999969482422,47.97999954223633,42884800,40.717063903808594
2014-11-24,47.9900016784668,48.0,47.38999938964844,47.59000015258789,35434200,40.38609313964844
2014-11-25,47.65999984741211,47.970001220703125,47.45000076293945,47.470001220703125,28008000,40.28426742553711
2014-11-26,47.4900016784668,47.9900016784668,47.27999877929688,47.75,27163600,40.52187347412109
2014-11-28,47.95000076293945,48.20000076293945,47.61000061035156,47.810001373291016,21534400,40.57280349731445
2014-12-01,47.880001068115234,48.77999877929688,47.709999084472656,48.619998931884766,31191600,41.26018142700195
2014-12-02,48.84000015258789,49.04999923706055,48.20000076293945,48.459999084472656,25773500,41.12441253662109
2014-12-03,48.43999862670898,48.5,47.810001373291016,48.08000183105469,23534800,40.80193710327149
2014-12-04,48.38999938964844,49.060001373291016,48.20000076293945,48.84000015258789,30320400,41.4468879699707
2014-12-05,48.81999969482422,48.970001220703125,48.380001068115234,48.41999816894531,27313400,41.090457916259766
2014-12-08,48.2599983215332,48.34999847412109,47.45000076293945,47.70000076293945,26663100,40.479454040527344
2014-12-09,47.11000061035156,47.91999816894531,47.04999923706055,47.59000015258789,24330500,40.38609313964844
2014-12-10,47.58000183105469,47.65999984741211,46.70000076293945,46.900001525878906,30431800,39.8005485534668
2014-12-11,47.08000183105469,47.7400016784668,46.68000030517578,47.16999816894531,29060400,40.02967834472656
2014-12-12,46.77999877929688,47.72999954223633,46.66999816894531,46.95000076293945,34248400,39.84297943115234
2014-12-15,47.20000076293945,47.66999816894531,46.54999923706055,46.66999816894531,29247800,39.60536575317383
2014-12-16,45.900001525878906,46.34000015258789,45.130001068115234,45.15999984741211,47801400,38.32394790649414
2014-12-17,45.04999923706055,45.95000076293945,44.900001525878906,45.7400016784668,34970900,38.81614303588867
2014-12-18,46.58000183105469,47.52000045776367,46.34000015258789,47.52000045776367,40105600,40.326690673828125
2014-12-19,47.630001068115234,48.09999847412109,47.16999816894531,47.65999984741211,64551200,40.44550323486328
2014-12-22,47.77999877929688,48.119998931884766,47.709999084472656,47.97999954223633,26566000,40.717063903808594
2014-12-23,48.369998931884766,48.79999923706055,48.130001068115234,48.45000076293945,23648100,41.11592864990234
2014-12-24,48.63999938964844,48.63999938964844,48.08000183105469,48.13999938964844,11437800,40.85284423828125
2014-12-26,48.40999984741211,48.40999984741211,47.81999969482422,47.880001068115234,13197800,40.632205963134766
2014-12-29,47.70000076293945,47.77999877929688,47.2599983215332,47.45000076293945,14439500,40.26729583740234
2014-12-30,47.43999862670898,47.619998931884766,46.84000015258789,47.02000045776367,16384700,39.90238571166992
2014-12-31,46.72999954223633,47.43999862670898,46.45000076293945,46.45000076293945,21552500,39.41867065429688
2015-01-02,46.65999984741211,47.41999816894531,46.540000915527344,46.7599983215332,27913900,39.681739807128906
2015-01-05,46.369998931884766,46.72999954223633,46.25,46.33000183105469,39673900,39.31685256958008
2015-01-06,46.380001068115234,46.75,45.540000915527344,45.650001525878906,36447900,38.73976516723633
2015-01-07,45.97999954223633,46.459999084472656,45.4900016784668,46.22999954223633,29114100,39.231971740722656
2015-01-08,46.75,47.75,46.720001220703125,47.59000015258789,29645200,40.38609313964844
2015-01-09,47.61000061035156,47.81999969482422,46.900001525878906,47.18999862670898,23944200,40.04664611816406
2015-01-12,47.41999816894531,47.540000915527344,46.36000061035156,46.59999847412109,23651900,39.54596328735352
2015-01-13,46.970001220703125,47.90999984741211,46.060001373291016,46.36000061035156,35270600,39.34229278564453
2015-01-14,45.959999084472656,46.2400016784668,45.619998931884766,45.959999084472656,29719600,39.00283432006836
2015-01-15,46.220001220703125,46.380001068115234,45.40999984741211,45.47999954223633,32750800,38.59550857543945
2015-01-16,45.310001373291016,46.27999877929688,45.16999816894531,46.2400016784668,35695300,39.24045944213867
2015-01-20,46.29999923706055,46.650001525878906,45.56999969482422,46.38999938964844,36161900,39.36775207519531
2015-01-21,45.93999862670898,46.13999938964844,45.47999954223633,45.91999816894531,39081100,38.96889114379883
2015-01-22,46.380001068115234,47.13999938964844,46.08000183105469,47.130001068115234,35898000,39.9957389831543
2015-01-23,47.36000061035156,47.38999938964844,46.79999923706055,47.18000030517578,26211600,40.038177490234375
2015-01-26,47.0,47.130001068115234,46.2400016784668,47.0099983215332,42525500,39.89389801025391
2015-01-27,42.95000076293945,43.20000076293945,42.11000061035156,42.65999984741211,169164000,36.20238876342773
2015-01-28,42.7400016784668,42.790000915527344,41.15999984741211,41.18999862670898,84507100,34.95490264892578
2015-01-29,40.93000030517578,42.119998931884766,40.790000915527344,42.0099983215332,63585300,35.6507682800293
2015-01-30,41.54999923706055,41.58000183105469,40.34999847412109,40.400001525878906,78004900,34.28448486328125
2015-02-02,40.59000015258789,41.369998931884766,40.22999954223633,41.27999877929688,50352500,35.03126907348633
2015-02-03,41.630001068115234,41.93000030517578,41.04999923706055,41.59999847412109,52082400,35.30283737182617
2015-02-04,41.93999862670898,42.209999084472656,41.36000061035156,41.84000015258789,41614800,35.50650787353516
2015-02-05,42.220001220703125,42.63999938964844,41.86000061035156,42.45000076293945,36548200,36.024166107177734
2015-02-06,42.68000030517578,42.790000915527344,42.150001525878906,42.40999984741211,34616600,35.99021911621094
2015-02-09,42.2400016784668,42.7400016784668,42.209999084472656,42.36000061035156,31381100,35.94779586791992
2015-02-10,42.7400016784668,42.77000045776367,42.18000030517578,42.59999847412109,29670700,36.151458740234375
2015-02-11,42.650001525878906,42.650001525878906,42.209999084472656,42.380001068115234,38262500,35.96476364135742
2015-02-12,42.65999984741211,43.09000015258789,42.5099983215332,43.09000015258789,33268800,36.56728744506836
2015-02-13,43.380001068115234,43.869998931884766,43.150001525878906,43.869998931884766,40264900,37.22920989990234
2015-02-17,43.970001220703125,44.0,43.18999862670898,43.58000183105469,33695700,37.24630737304688
2015-02-18,43.630001068115234,43.70000076293945,43.38999938964844,43.52999877929688,27111700,37.20356369018555
2015-02-19,43.18000030517578,43.52999877929688,43.04999923706055,43.5,27603400,37.17792510986328
2015-02-20,43.5099983215332,43.880001068115234,43.290000915527344,43.86000061035156,29721100,37.48560333251953
2015-02-23,43.70000076293945,44.18999862670898,43.650001525878906,44.150001525878906,32518800,37.73345565795898
2015-02-24,44.150001525878906,44.29999923706055,43.91999816894531,44.09000015258789,25271700,37.68218231201172
2015-02-25,43.95000076293945,44.09000015258789,43.79999923706055,43.9900016784668,29759800,37.59672546386719
2015-02-26,43.9900016784668,44.22999954223633,43.88999938964844,44.060001373291016,28957300,37.656551361083984
2015-02-27,44.130001068115234,44.20000076293945,43.65999984741211,43.84999847412109,33807700,37.47706985473633
2015-03-02,43.66999816894531,44.18999862670898,43.54999923706055,43.880001068115234,31924000,37.502716064453125
2015-03-03,43.560001373291016,43.83000183105469,43.09000015258789,43.27999877929688,31748600,36.98991394042969
2015-03-04,43.0099983215332,43.209999084472656,42.880001068115234,43.060001373291016,25748700,36.8018684387207
2015-03-05,43.06999969482422,43.2400016784668,42.81999969482422,43.11000061035156,23193500,36.84460067749024
2015-03-06,43.0,43.11000061035156,42.150001525878906,42.36000061035156,36248800,36.20361709594727
2015-03-09,42.18999862670898,43.130001068115234,42.18999862670898,42.84999847412109,32108000,36.622406005859375
2015-03-10,42.34999847412109,42.709999084472656,42.02999877929688,42.02999877929688,39159700,35.921566009521484
2015-03-11,42.310001373291016,42.369998931884766,41.84000015258789,41.97999954223633,32215300,35.878841400146484
2015-03-12,41.33000183105469,41.650001525878906,40.86000061035156,41.02000045776367,59992500,35.058353424072266
2015-03-13,40.70000076293945,41.470001220703125,40.61000061035156,41.380001068115234,58007700,35.36603927612305
2015-03-16,41.470001220703125,41.63999938964844,41.27999877929688,41.560001373291016,35273500,35.519874572753906
2015-03-17,41.369998931884766,41.83000183105469,41.150001525878906,41.70000076293945,31673400,35.6395378112793
2015-03-18,41.43000030517578,42.83000183105469,41.33000183105469,42.5,44194800,36.32327651977539
2015-03-19,42.2599983215332,42.59000015258789,42.220001220703125,42.290000915527344,33879100,36.143798828125
2015-03-20,42.560001373291016,42.97999954223633,42.4900016784668,42.880001068115234,71904500,36.64803314208984
2015-03-23,42.880001068115234,43.130001068115234,42.77999877929688,42.86000061035156,26246100,36.63093185424805
2015-03-24,42.77999877929688,43.16999816894531,42.75,42.900001525878906,25513300,36.66514205932617
2015-03-25,42.91999816894531,42.93000030517578,41.43999862670898,41.459999084472656,43469900,35.434417724609375
2015-03-26,41.220001220703125,41.61000061035156,40.91999816894531,41.209999084472656,37495600,35.220741271972656
2015-03-27,41.119998931884766,41.43000030517578,40.83000183105469,40.970001220703125,34401400,35.015628814697266
2015-03-30,41.09999847412109,41.540000915527344,40.90999984741211,40.959999084472656,35049700,35.00708770751953
2015-03-31,40.77999877929688,41.02999877929688,40.540000915527344,40.65999984741211,34887200,34.75068664550781
2015-04-01,40.59999847412109,40.7599983215332,40.310001373291016,40.720001220703125,36865300,34.801963806152344
2015-04-02,40.65999984741211,40.7400016784668,40.119998931884766,40.290000915527344,37487500,34.43446731567383
2015-04-06,40.34000015258789,41.77999877929688,40.18000030517578,41.54999923706055,39223700,35.51132583618164
2015-04-07,41.61000061035156,41.90999984741211,41.310001373291016,41.52999877929688,28809400,35.4942512512207
2015-04-08,41.459999084472656,41.68999862670898,41.040000915527344,41.41999816894531,24753400,35.400238037109375
2015-04-09,41.25,41.619998931884766,41.25,41.47999954223633,25723900,35.45150375366211
2015-04-10,41.630001068115234,41.95000076293945,41.40999984741211,41.720001220703125,28022000,35.65663146972656
2015-04-13,41.400001525878906,42.060001373291016,41.38999938964844,41.7599983215332,30276700,35.69082260131836
2015-04-14,41.79999923706055,42.02999877929688,41.38999938964844,41.650001525878906,24244400,35.59681701660156
2015-04-15,41.7599983215332,42.459999084472656,41.68000030517578,42.2599983215332,27343600,36.118141174316406
2015-04-16,41.95000076293945,42.34000015258789,41.81999969482422,42.15999984741211,22509700,36.03267288208008
2015-04-17,41.66999816894531,41.7400016784668,41.15999984741211,41.619998931884766,42387600,35.5711555480957
2015-04-20,41.72999954223633,43.16999816894531,41.68000030517578,42.90999984741211,46057700,36.67367935180664
2015-04-21,43.0,43.150001525878906,42.52999877929688,42.63999938964844,26013800,36.44292068481445
2015-04-22,42.66999816894531,43.130001068115234,42.54999923706055,42.9900016784668,25064300,36.74205017089844
2015-04-23,42.88999938964844,43.61000061035156,42.79999923706055,43.34000015258789,46309500,37.04119110107422
2015-04-24,45.65999984741211,48.13999938964844,45.650001525878906,47.869998931884766,130933700,40.91281127929688
2015-04-27,47.22999954223633,48.130001068115234,47.220001220703125,48.02999877929688,59248200,41.04955673217773
2015-04-28,47.77999877929688,49.209999084472656,47.70000076293945,49.15999984741211,60730800,42.01533126831055
2015-04-29,48.720001220703125,49.310001373291016,48.5,49.060001373291016,47804600,41.92985916137695
2015-04-30,48.70000076293945,49.540000915527344,48.59999847412109,48.63999938964844,64725500,41.57091522216797
2015-05-01,48.58000183105469,48.880001068115234,48.400001525878906,48.65999984741211,38937300,41.58799743652344
2015-05-04,48.369998931884766,48.869998931884766,48.18000030517578,48.2400016784668,34039500,41.22904586791992
2015-05-05,47.81999969482422,48.15999984741211,47.310001373291016,47.59999847412109,50369200,40.68205261230469
2015-05-06,47.56999969482422,47.77000045776367,46.02000045776367,46.27999877929688,52433000,39.55388641357422
2015-05-07,46.27000045776367,47.09000015258789,46.15999984741211,46.70000076293945,32971700,39.9128532409668
2015-05-08,47.54999923706055,47.97999954223633,47.52000045776367,47.75,35364900,40.81024932861328
2015-05-11,47.54999923706055,47.90999984741211,47.369998931884766,47.369998931884766,24609400,40.48550033569336
2015-05-12,46.84999847412109,47.68000030517578,46.41999816894531,47.34999847412109,29928300,40.4683952331543
2015-05-13,48.18999862670898,48.31999969482422,47.56999969482422,47.630001068115234,34184600,40.70769882202149
2015-05-14,48.02999877929688,48.81999969482422,48.02999877929688,48.720001220703125,32980900,41.6392822265625
2015-05-15,48.869998931884766,48.90999984741211,48.04999923706055,48.29999923706055,28642700,41.28031921386719
2015-05-18,47.97999954223633,48.220001220703125,47.61000061035156,48.0099983215332,24136500,41.03247833251953
2015-05-19,47.560001373291016,47.810001373291016,47.18000030517578,47.58000183105469,28574800,40.92924880981445
2015-05-20,47.38999938964844,47.93000030517578,47.27000045776367,47.58000183105469,25047900,40.92924880981445
2015-05-21,47.27999877929688,47.59999847412109,47.0099983215332,47.41999816894531,22410700,40.79161071777344
2015-05-22,47.29999923706055,47.34999847412109,46.81999969482422,46.900001525878906,25720600,40.34429931640625
2015-05-26,46.83000183105469,46.880001068115234,46.18999862670898,46.59000015258789,29581900,40.07761764526367
2015-05-27,46.81999969482422,47.77000045776367,46.619998931884766,47.61000061035156,27335600,40.955055236816406
2015-05-28,47.5,48.02000045776367,47.38999938964844,47.45000076293945,19283700,40.81740951538086
2015-05-29,47.43000030517578,47.56999969482422,46.59000015258789,46.86000061035156,36519600,40.30988693237305
2015-06-01,47.060001373291016,47.77000045776367,46.619998931884766,47.22999954223633,28837300,40.62816619873047
2015-06-02,46.93000030517578,47.34999847412109,46.619998931884766,46.91999816894531,21498300,40.36150741577149
2015-06-03,47.369998931884766,47.7400016784668,46.81999969482422,46.84999847412109,28002200,40.30128860473633
2015-06-04,46.790000915527344,47.15999984741211,46.20000076293945,46.36000061035156,27745500,39.87977981567383
2015-06-05,46.310001373291016,46.52000045776367,45.84000015258789,46.13999938964844,25438100,39.690528869628906
2015-06-08,46.29999923706055,46.43000030517578,45.66999816894531,45.72999954223633,22121600,39.33784103393555
2015-06-09,45.7599983215332,45.93999862670898,45.459999084472656,45.650001525878906,24406100,39.26902389526367
2015-06-10,45.790000915527344,46.83000183105469,45.68999862670898,46.61000061035156,28417400,40.09484100341797
2015-06-11,46.65999984741211,46.91999816894531,46.130001068115234,46.43999862670898,27347800,39.94859313964844
2015-06-12,46.220001220703125,46.470001220703125,45.900001525878906,45.970001220703125,23931000,39.54428482055664
2015-06-15,45.45000076293945,45.650001525878906,45.02000045776367,45.47999954223633,33254500,39.122779846191406
2015-06-16,45.34999847412109,46.2400016784668,45.29999923706055,45.83000183105469,27070300,39.4238510131836
2015-06-17,45.72999954223633,46.06999969482422,45.36000061035156,45.970001220703125,28704100,39.54428482055664
2015-06-18,46.220001220703125,46.79999923706055,46.16999816894531,46.720001220703125,32658300,40.189449310302734
2015-06-19,46.790000915527344,46.83000183105469,45.9900016784668,46.09999847412109,63837000,39.65610122680664
2015-06-22,46.33000183105469,46.720001220703125,46.15999984741211,46.22999954223633,20318100,39.7679557800293
2015-06-23,46.130001068115234,46.27999877929688,45.619998931884766,45.90999984741211,25896500,39.492671966552734
2015-06-24,45.66999816894531,46.25,45.54999923706055,45.63999938964844,34890900,39.26041793823242
2015-06-25,46.02999877929688,46.060001373291016,45.5,45.650001525878906,20616000,39.26902389526367
2015-06-26,45.650001525878906,46.27999877929688,45.02999877929688,45.2599983215332,49835300,38.93352890014648
2015-06-29,45.040000915527344,45.22999954223633,44.36000061035156,44.369998931884766,34081700,38.16793823242188
2015-06-30,44.709999084472656,44.720001220703125,43.93999862670898,44.150001525878906,35945400,37.97869110107422
2015-07-01,44.459999084472656,45.22999954223633,44.09999847412109,44.45000076293945,28343900,38.23675155639648
2015-07-02,44.47999954223633,44.75,44.060001373291016,44.400001525878906,21752000,38.193756103515625
2015-07-06,43.959999084472656,44.47999954223633,43.95000076293945,44.38999938964844,23034000,38.18513107299805
2015-07-07,44.34000015258789,44.4900016784668,43.31999969482422,44.29999923706055,36435800,38.10772705078125
2015-07-08,44.43999862670898,44.900001525878906,44.02999877929688,44.2400016784668,39785900,38.056114196777344
2015-07-09,44.75,45.220001220703125,44.5,44.52000045776367,32424700,38.296974182128906
2015-07-10,45.0099983215332,45.13999938964844,44.56999969482422,44.61000061035156,25465800,38.37440490722656
2015-07-13,44.97999954223633,45.619998931884766,44.95000076293945,45.540000915527344,28178300,39.174407958984375
2015-07-14,45.45000076293945,45.959999084472656,45.310001373291016,45.619998931884766,22880300,39.24319839477539
2015-07-15,45.68000030517578,45.88999938964844,45.43000030517578,45.7599983215332,26629600,39.36364364624024
2015-07-16,46.0099983215332,46.68999862670898,45.970001220703125,46.65999984741211,26271700,40.13784408569336
2015-07-17,46.54999923706055,46.77999877929688,46.2599983215332,46.619998931884766,29467100,40.10342788696289
2015-07-20,46.650001525878906,47.130001068115234,46.43999862670898,46.91999816894531,30631900,40.36150741577149
2015-07-21,46.77999877929688,47.33000183105469,46.47999954223633,47.27999877929688,42781900,40.67119216918945
2015-07-22,45.43999862670898,46.93000030517578,45.20000076293945,45.540000915527344,59152400,39.174407958984375
2015-07-23,45.27000045776367,46.22999954223633,45.09999847412109,46.11000061035156,33934000,39.66471481323242
2015-07-24,45.90999984741211,46.31999969482422,45.79999923706055,45.93999862670898,32333200,39.51848983764648
2015-07-27,45.93999862670898,46.0099983215332,45.25,45.34999847412109,39701400,39.01094436645508
2015-07-28,45.58000183105469,45.63999938964844,44.790000915527344,45.34000015258789,34328900,39.00233840942383
2015-07-29,45.400001525878906,46.77999877929688,45.2599983215332,46.290000915527344,40945900,39.81956100463867
2015-07-30,46.2599983215332,47.400001525878906,45.93000030517578,46.880001068115234,39777900,40.32709884643555
2015-07-31,47.290000915527344,47.369998931884766,46.5,46.70000076293945,31201500,40.1722412109375
2015-08-03,46.97999954223633,47.0,46.45000076293945,46.810001373291016,24125900,40.26687240600586
2015-08-04,46.75,47.709999084472656,46.68000030517578,47.540000915527344,33403900,40.89484024047852
2015-08-05,47.97999954223633,48.40999984741211,47.540000915527344,47.58000183105469,26959700,40.92924880981445
2015-08-06,47.709999084472656,47.77000045776367,46.33000183105469,46.619998931884766,27368000,40.10342788696289
2015-08-07,46.38999938964844,46.77999877929688,46.2599983215332,46.7400016784668,19163000,40.206661224365234
2015-08-10,46.95000076293945,47.4900016784668,46.84000015258789,47.33000183105469,23079900,40.71418762207031
2015-08-11,46.81999969482422,46.93999862670898,45.900001525878906,46.40999984741211,29237400,39.92277908325195
2015-08-12,46.18999862670898,46.900001525878906,45.709999084472656,46.7400016784668,30181400,40.206661224365234
2015-08-13,47.060001373291016,47.09999847412109,46.4900016784668,46.72999954223633,22627200,40.19806671142578
2015-08-14,46.52999877929688,47.09999847412109,46.52000045776367,47.0,21473400,40.43031692504883
2015-08-17,46.810001373291016,47.45000076293945,46.56999969482422,47.31999969482422,21099700,40.70559310913086
2015-08-18,46.84000015258789,47.43000030517578,46.70000076293945,47.27000045776367,23574100,40.93071746826172
2015-08-19,46.77999877929688,47.08000183105469,46.29999923706055,46.61000061035156,31485500,40.35923767089844
2015-08-20,46.06999969482422,46.470001220703125,45.65999984741211,45.65999984741211,36238200,39.53664016723633
2015-08-21,45.29999923706055,45.47999954223633,43.06999969482422,43.06999969482422,70053100,37.29396057128906
2015-08-24,40.45000076293945,42.68999862670898,39.720001220703125,41.68000030517578,88753700,36.09038543701172
2015-08-25,42.56999969482422,43.2400016784668,40.38999938964844,40.470001220703125,70616600,35.04266357421875
2015-08-26,42.0099983215332,42.84000015258789,41.060001373291016,42.709999084472656,63408000,36.98225784301758
2015-08-27,43.22999954223633,43.95000076293945,42.93000030517578,43.900001525878906,50943200,38.012672424316406
2015-08-28,43.400001525878906,44.150001525878906,43.38999938964844,43.93000030517578,28246700,38.03863906860352
2015-08-31,43.560001373291016,43.93000030517578,43.09999847412109,43.52000045776367,34441700,37.683631896972656
2015-09-01,42.16999816894531,42.59000015258789,41.65999984741211,41.81999969482422,49688900,36.21160888671875
2015-09-02,42.36000061035156,43.380001068115234,41.880001068115234,43.36000061035156,37671500,37.54508972167969
2015-09-03,43.40999984741211,43.97999954223633,43.27999877929688,43.5,28285200,37.66630935668945
2015-09-04,42.810001373291016,43.040000915527344,42.20000076293945,42.61000061035156,37138800,36.89566802978516
2015-09-08,43.29999923706055,44.0,43.20000076293945,43.88999938964844,32469800,38.00400924682617
2015-09-09,44.209999084472656,44.400001525878906,42.90999984741211,43.06999969482422,33469500,37.29396057128906
2015-09-10,43.119998931884766,43.790000915527344,42.75,43.290000915527344,31366600,37.484474182128906
2015-09-11,43.13999938964844,43.59000015258789,42.93999862670898,43.47999954223633,27132500,37.64899063110352
2015-09-14,43.43000030517578,43.43999862670898,42.86000061035156,43.040000915527344,23656000,37.26799774169922
2015-09-15,43.18999862670898,44.290000915527344,43.08000183105469,43.97999954223633,28882200,38.08192825317383
2015-09-16,43.970001220703125,44.380001068115234,43.84000015258789,44.29999923706055,23372200,38.3590202331543
2015-09-17,44.290000915527344,45.0,44.08000183105469,44.25,32768200,38.31572723388672
2015-09-18,43.5,43.9900016784668,43.33000183105469,43.47999954223633,63143700,37.64899063110352
2015-09-21,43.619998931884766,44.470001220703125,43.59999847412109,44.11000061035156,26177200,38.19449615478516
2015-09-22,43.380001068115234,44.04999923706055,43.310001373291016,43.900001525878906,28085900,38.012672424316406
2015-09-23,43.93000030517578,44.16999816894531,43.5099983215332,43.869998931884766,17145200,37.9866828918457
2015-09-24,43.45000076293945,44.130001068115234,43.27000045776367,43.90999984741211,27905600,38.02132797241211
2015-09-25,44.47999954223633,44.72999954223633,43.7599983215332,43.93999862670898,29384600,38.04729461669922
2015-09-28,43.83000183105469,44.09000015258789,43.209999084472656,43.290000915527344,27613800,37.484474182128906
2015-09-29,43.369998931884766,43.56999969482422,43.04999923706055,43.43999862670898,32763600,37.61434555053711
2015-09-30,43.880001068115234,44.29999923706055,43.65999984741211,44.2599983215332,34958900,38.32438278198242
2015-10-01,44.75,44.75,43.75,44.61000061035156,28657900,38.62745666503906
2015-10-02,44.27000045776367,45.56999969482422,43.91999816894531,45.56999969482422,41839000,39.45870208740234
2015-10-05,45.75,46.88999938964844,45.70000076293945,46.630001068115234,34369300,40.37654113769531
2015-10-06,46.33000183105469,47.18000030517578,46.220001220703125,46.75,27017200,40.480464935302734
2015-10-07,47.09999847412109,47.34999847412109,45.95000076293945,46.79999923706055,27711500,40.52375030517578
2015-10-08,46.560001373291016,47.52000045776367,46.5,47.45000076293945,33772700,41.08657455444336
2015-10-09,47.45000076293945,47.540000915527344,46.91999816894531,47.11000061035156,28600600,40.79217147827149
2015-10-12,46.97999954223633,47.06999969482422,46.5,47.0,19769100,40.696922302246094
2015-10-13,46.560001373291016,47.130001068115234,46.560001373291016,46.88999938964844,19987800,40.601661682128906
2015-10-14,46.650001525878906,47.09999847412109,46.52999877929688,46.68000030517578,24697800,40.41984558105469
2015-10-15,47.0099983215332,47.02999877929688,46.52999877929688,47.0099983215332,27189400,40.7055892944336
2015-10-16,47.02000045776367,47.540000915527344,46.900001525878906,47.5099983215332,26450300,41.13852691650391
2015-10-19,47.41999816894531,47.880001068115234,47.02000045776367,47.619998931884766,29387600,41.23378372192383
2015-10-20,47.43999862670898,47.810001373291016,47.02000045776367,47.77000045776367,30802200,41.36368942260742
2015-10-21,47.91999816894531,47.9900016784668,47.11000061035156,47.20000076293945,25144300,40.870113372802734
2015-10-22,47.52999877929688,48.95000076293945,47.09000015258789,48.02999877929688,56637100,41.58880233764648
2015-10-23,52.29999923706055,54.06999969482422,52.25,52.869998931884766,135227100,45.77972030639648
2015-10-26,52.52999877929688,54.31999969482422,52.5,54.25,64633300,46.974647521972656
2015-10-27,53.9900016784668,54.369998931884766,53.58000183105469,53.68999862670898,50999900,46.48976135253906
2015-10-28,53.540000915527344,53.97999954223633,52.86000061035156,53.97999954223633,47000800,46.74085235595703
2015-10-29,53.540000915527344,53.83000183105469,53.220001220703125,53.36000061035156,30202100,46.20399856567383
2015-10-30,53.31999969482422,53.9900016784668,52.619998931884766,52.63999938964844,46619800,45.58057022094727
2015-11-02,52.84999847412109,53.36000061035156,52.619998931884766,53.2400016784668,30285000,46.10009002685547
2015-11-03,52.93000030517578,54.38999938964844,52.900001525878906,54.150001525878906,36596900,46.88805770874024
2015-11-04,54.18000030517578,54.880001068115234,54.060001373291016,54.400001525878906,37087800,47.104530334472656
2015-11-05,54.4900016784668,54.70000076293945,54.0,54.380001068115234,31468500,47.08720397949219
2015-11-06,54.09000015258789,54.97999954223633,53.959999084472656,54.91999816894531,32851200,47.55480194091797
2015-11-09,54.54999923706055,54.869998931884766,53.560001373291016,54.15999984741211,32513100,46.89672088623047
2015-11-10,54.06999969482422,54.130001068115234,53.27000045776367,53.5099983215332,55283700,46.33388137817383
2015-11-11,53.70000076293945,54.20000076293945,53.459999084472656,53.650001525878906,36516300,46.455108642578125
2015-11-12,53.47999954223633,53.97999954223633,53.18999862670898,53.31999969482422,35361100,46.16936492919922
2015-11-13,53.06999969482422,53.290000915527344,52.52999877929688,52.84000015258789,36848200,45.75373840332031
2015-11-16,53.08000183105469,53.88999938964844,52.84999847412109,53.77000045776367,32165200,46.55901718139648
2015-11-17,53.16999816894531,53.52999877929688,52.84999847412109,52.970001220703125,31551300,46.17546463012695
2015-11-18,53.0,53.97999954223633,52.97999954223633,53.84999847412109,29710000,46.94258117675781
2015-11-19,53.9900016784668,54.65999984741211,53.77999877929688,53.93999862670898,28149200,47.02103805541992
2015-11-20,54.25,54.29999923706055,53.27000045776367,54.18999862670898,37147600,47.238956451416016
2015-11-23,54.25,54.459999084472656,53.75,54.18999862670898,28235900,47.238956451416016
2015-11-24,53.91999816894531,54.43999862670898,53.58000183105469,54.25,24600000,47.2912712097168
2015-11-25,54.09000015258789,54.22999954223633,53.68999862670898,53.68999862670898,21005100,46.8031005859375
2015-11-27,53.79999923706055,54.08000183105469,53.790000915527344,53.93000030517578,9009100,47.012332916259766
2015-11-30,54.540000915527344,54.959999084472656,54.0,54.34999847412109,56241400,47.37844467163086
2015-12-01,54.40999984741211,55.22999954223633,54.29999923706055,55.220001220703125,39952800,48.13684844970703
2015-12-02,55.31999969482422,55.959999084472656,55.060001373291016,55.209999084472656,47274900,48.12813186645508
2015-12-03,55.4900016784668,55.77000045776367,53.93000030517578,54.20000076293945,38627800,47.24769973754883
2015-12-04,54.119998931884766,56.22999954223633,54.09999847412109,55.90999984741211,43963700,48.73834228515625
2015-12-07,55.790000915527344,55.970001220703125,55.290000915527344,55.810001373291016,30709800,48.65117645263672
2015-12-08,55.470001220703125,56.09999847412109,54.9900016784668,55.790000915527344,32878000,48.63373565673828
2015-12-09,55.369998931884766,55.869998931884766,54.5099983215332,54.97999954223633,36373200,47.92761993408203
2015-12-10,55.38999938964844,55.65999984741211,55.0099983215332,55.27000045776367,31775800,48.18043899536133
2015-12-11,54.709999084472656,55.09999847412109,54.0099983215332,54.060001373291016,39549500,47.12564849853516
2015-12-14,54.33000183105469,55.209999084472656,53.68000030517578,55.13999938964844,46768900,48.06709671020508
2015-12-15,55.65999984741211,55.900001525878906,55.09000015258789,55.20000076293945,39843000,48.11941146850586
2015-12-16,55.540000915527344,56.25,54.7599983215332,56.130001068115234,37503300,48.93013381958008
2015-12-17,56.36000061035156,56.790000915527344,55.52999877929688,55.70000076293945,41280900,48.555267333984375
2015-12-18,55.77000045776367,56.0,54.02999877929688,54.130001068115234,84684200,47.186668395996094
2015-12-21,54.880001068115234,55.34999847412109,54.22999954223633,54.83000183105469,37246300,47.79687881469727
2015-12-22,54.9900016784668,55.47999954223633,54.5,55.34999847412109,28322200,48.25017166137695
2015-12-23,55.70000076293945,55.880001068115234,55.43999862670898,55.81999969482422,27279800,48.65988540649414
2015-12-24,55.86000061035156,55.959999084472656,55.43000030517578,55.66999816894531,9558500,48.52912521362305
2015-12-28,55.34999847412109,55.95000076293945,54.97999954223633,55.95000076293945,22458300,48.773216247558594
2015-12-29,56.290000915527344,56.84999847412109,56.060001373291016,56.54999923706055,27731400,49.29623794555664
2015-12-30,56.470001220703125,56.77999877929688,56.290000915527344,56.310001373291016,21704500,49.0870246887207
2015-12-31,56.040000915527344,56.18999862670898,55.41999816894531,55.47999954223633,27334100,48.36351013183594
2016-01-04,54.31999969482422,54.79999923706055,53.38999938964844,54.79999923706055,53778000,47.77071380615234
2016-01-05,54.93000030517578,55.38999938964844,54.540000915527344,55.04999923706055,34079700,47.98864364624024
2016-01-06,54.31999969482422,54.400001525878906,53.63999938964844,54.04999923706055,39518900,47.11693572998047
2016-01-07,52.70000076293945,53.4900016784668,52.06999969482422,52.16999816894531,56564900,45.47808456420898
2016-01-08,52.369998931884766,53.27999877929688,52.150001525878906,52.33000183105469,48754000,45.617557525634766
2016-01-11,52.5099983215332,52.84999847412109,51.459999084472656,52.29999923706055,36943800,45.59140396118164
2016-01-12,52.7599983215332,53.09999847412109,52.060001373291016,52.77999877929688,36095500,46.00982666015625
2016-01-13,53.79999923706055,54.06999969482422,51.29999923706055,51.63999938964844,66883600,45.01605987548828
2016-01-14,52.0,53.41999816894531,51.56999969482422,53.11000061035156,52381900,46.297508239746094
2016-01-15,51.310001373291016,51.970001220703125,50.34000015258789,50.9900016784668,71820700,44.449440002441406
2016-01-19,51.47999954223633,51.68000030517578,50.060001373291016,50.560001373291016,43564500,44.0745964050293
2016-01-20,49.97999954223633,51.380001068115234,49.09999847412109,50.790000915527344,63273000,44.27509307861328
2016-01-21,51.0,51.58000183105469,50.29999923706055,50.47999954223633,40191200,44.00485610961914
2016-01-22,51.40999984741211,52.33000183105469,51.2599983215332,52.290000915527344,37555800,45.58269119262695
2016-01-25,51.93999862670898,52.650001525878906,51.650001525878906,51.790000915527344,34707700,45.146820068359375
2016-01-26,51.790000915527344,52.43999862670898,51.54999923706055,52.16999816894531,28900800,45.47808456420898
2016-01-27,52.0099983215332,52.20000076293945,51.02000045776367,51.220001220703125,36775200,44.64993667602539
2016-01-28,51.86000061035156,52.209999084472656,51.25,52.060001373291016,62513800,45.382171630859375
2016-01-29,54.72999954223633,55.09000015258789,54.0,55.09000015258789,83611700,48.02353286743164
2016-02-01,54.880001068115234,55.09000015258789,54.5,54.709999084472656,44208500,47.69227981567383
2016-02-02,54.16999816894531,54.2599983215332,52.650001525878906,53.0,56313800,46.20161437988281
2016-02-03,53.25,53.38999938964844,51.2599983215332,52.15999984741211,57559800,45.46935272216797
2016-02-04,52.09999847412109,52.810001373291016,51.369998931884766,52.0,46987100,45.329891204833984
2016-02-05,51.93999862670898,52.0,49.560001373291016,50.15999984741211,62009000,43.72589874267578
2016-02-08,49.54999923706055,49.56999969482422,48.18999862670898,49.40999984741211,59290500,43.07210922241211
2016-02-09,49.02000045776367,50.2400016784668,48.66999816894531,49.27999877929688,46740500,42.95879364013672
2016-02-10,49.88999938964844,50.38999938964844,49.52000045776367,49.709999084472656,38237000,43.33363342285156
2016-02-11,48.68000030517578,50.11000061035156,48.5099983215332,49.68999862670898,48878600,43.31618118286133
2016-02-12,50.25,50.68000030517578,49.75,50.5,34243300,44.02229690551758
2016-02-16,50.900001525878906,51.09000015258789,50.130001068115234,51.09000015258789,37291200,44.85638046264648
2016-02-17,51.4900016784668,52.77000045776367,51.45000076293945,52.41999816894531,40789000,46.02409362792969
2016-02-18,52.33000183105469,52.95000076293945,52.09999847412109,52.18999862670898,27176000,45.82216262817383
2016-02-19,51.970001220703125,52.27999877929688,51.52999877929688,51.81999969482422,33559100,45.4973030090332
2016-02-22,52.27999877929688,53.0,52.27999877929688,52.650001525878906,25008300,46.22604370117188
2016-02-23,52.34000015258789,52.369998931884766,50.97999954223633,51.18000030517578,28895300,44.93539810180664
2016-02-24,50.68999862670898,51.5,50.20000076293945,51.36000061035156,33014500,45.09344100952149
2016-02-25,51.72999954223633,52.09999847412109,50.61000061035156,52.09999847412109,26939500,45.743141174316406
2016-02-26,52.59999847412109,52.68000030517578,51.09999847412109,51.29999923706055,35975900,45.04073333740234
2016-02-29,51.34999847412109,51.650001525878906,50.65999984741211,50.880001068115234,31654000,44.6719970703125
2016-03-01,50.970001220703125,52.59000015258789,50.91999816894531,52.58000183105469,33024500,46.16459274291992
2016-03-02,52.40999984741211,52.959999084472656,52.15999984741211,52.95000076293945,29289900,46.489444732666016
2016-03-03,52.970001220703125,52.970001220703125,51.77999877929688,52.34999847412109,24427800,45.962646484375
2016-03-04,52.400001525878906,52.45000076293945,51.709999084472656,52.02999877929688,33034200,45.68169403076172
2016-03-07,51.560001373291016,51.79999923706055,50.58000183105469,51.02999877929688,38407800,44.8036994934082
2016-03-08,50.79999923706055,52.130001068115234,50.59999847412109,51.650001525878906,33835100,45.34805679321289
2016-03-09,51.88999938964844,52.84999847412109,51.86000061035156,52.84000015258789,28251600,46.392860412597656
2016-03-10,52.93000030517578,52.93999862670898,51.15999984741211,52.04999923706055,38387800,45.699249267578125
2016-03-11,53.0,53.06999969482422,52.380001068115234,53.06999969482422,32275700,46.59479904174805
2016-03-14,52.709999084472656,53.59000015258789,52.630001068115234,53.16999816894531,24083600,46.68259811401367
2016-03-15,52.75,53.59000015258789,52.7400016784668,53.59000015258789,21104800,47.05134963989258
2016-03-16,53.45000076293945,54.59999847412109,53.400001525878906,54.34999847412109,31691700,47.71862030029297
2016-03-17,54.209999084472656,55.0,54.0,54.65999984741211,28223900,47.99079132080078
2016-03-18,54.91999816894531,54.970001220703125,53.45000076293945,53.4900016784668,67625500,46.96354675292969
2016-03-21,53.25,53.93000030517578,52.93000030517578,53.86000061035156,23925700,47.28839492797852
2016-03-22,53.61000061035156,54.25,53.459999084472656,54.06999969482422,23124100,47.47278594970703
2016-03-23,54.11000061035156,54.2400016784668,53.7400016784668,53.970001220703125,20129000,47.384986877441406
2016-03-24,53.84000015258789,54.33000183105469,53.72999954223633,54.209999084472656,19950000,47.5957145690918
2016-03-28,54.209999084472656,54.290000915527344,53.33000183105469,53.540000915527344,17025100,47.0074348449707
2016-03-29,53.65999984741211,54.86000061035156,53.45000076293945,54.709999084472656,23924300,48.034698486328125
2016-03-30,54.93000030517578,55.63999938964844,54.900001525878906,55.04999923706055,23008300,48.33320999145508
2016-03-31,54.95000076293945,55.59000015258789,54.86000061035156,55.22999954223633,26360500,48.491249084472656
2016-04-01,55.04999923706055,55.61000061035156,54.56999969482422,55.56999969482422,24399200,48.78976821899414
2016-04-04,55.43000030517578,55.65999984741211,55.0,55.43000030517578,18928800,48.66683578491211
2016-04-05,55.18999862670898,55.29999923706055,54.459999084472656,54.560001373291016,19272300,47.90299987792969
2016-04-06,54.36000061035156,55.20000076293945,54.209999084472656,55.119998931884766,21188700,48.3946647644043
2016-04-07,54.869998931884766,54.90999984741211,54.22999954223633,54.459999084472656,19225100,47.815185546875
2016-04-08,54.66999816894531,55.27999877929688,54.31999969482422,54.41999816894531,22167200,47.780067443847656
2016-04-11,54.4900016784668,55.150001525878906,54.29999923706055,54.310001373291016,21414200,47.683502197265625
2016-04-12,54.369998931884766,54.77999877929688,53.7599983215332,54.650001525878906,24944300,47.98200988769531
2016-04-13,55.119998931884766,55.43999862670898,54.88999938964844,55.34999847412109,20818000,48.59659957885742
2016-04-14,55.220001220703125,55.58000183105469,55.06999969482422,55.36000061035156,20877100,48.60538482666016
2016-04-15,55.29999923706055,55.91999816894531,55.11000061035156,55.650001525878906,28793800,48.86001205444336
2016-04-18,55.4900016784668,56.59000015258789,55.209999084472656,56.459999084472656,23786000,49.57116317749024
2016-04-19,56.630001068115234,56.77000045776367,55.68000030517578,56.38999938964844,29596800,49.50971221923828
2016-04-20,56.290000915527344,56.5,55.4900016784668,55.59000015258789,36195700,48.80730819702149
2016-04-21,55.79999923706055,56.22999954223633,55.41999816894531,55.77999877929688,38909100,48.9741325378418
2016-04-22,51.90999984741211,52.43000030517578,50.77000045776367,51.77999877929688,126834100,45.462181091308594
2016-04-25,51.77999877929688,52.130001068115234,51.630001068115234,52.11000061035156,33226900,45.75192642211914
2016-04-26,52.2599983215332,52.34999847412109,51.09000015258789,51.43999862670898,33532600,45.163665771484375
2016-04-27,51.47999954223633,51.5,50.54999923706055,50.93999862670898,43369300,44.72467422485352
2016-04-28,50.619998931884766,50.77000045776367,49.560001373291016,49.900001525878906,43134800,43.81157302856445
2016-04-29,49.34999847412109,50.25,49.34999847412109,49.869998931884766,48411700,43.78523635864258
2016-05-02,50.0,50.75,49.77999877929688,50.61000061035156,33114500,44.4349365234375
2016-05-03,50.34000015258789,50.40999984741211,49.59999847412109,49.77999877929688,26460200,43.70620346069336
2016-05-04,49.84000015258789,50.060001373291016,49.459999084472656,49.869998931884766,24257600,43.78523635864258
2016-05-05,49.869998931884766,50.29999923706055,49.72999954223633,49.93999862670898,25390700,43.84668350219727
2016-05-06,49.91999816894531,50.38999938964844,49.65999984741211,50.38999938964844,24787300,44.24178695678711
2016-05-09,50.4900016784668,50.59000015258789,50.0,50.06999969482422,17951600,43.96083068847656
2016-05-10,50.33000183105469,51.09999847412109,50.18999862670898,51.02000045776367,22891000,44.794921875
2016-05-11,51.130001068115234,51.77999877929688,51.0,51.04999923706055,24039100,44.82125854492188
2016-05-12,51.20000076293945,51.810001373291016,50.91999816894531,51.5099983215332,24102800,45.225128173828125
2016-05-13,51.43999862670898,51.900001525878906,51.040000915527344,51.08000183105469,22592300,44.84760665893555
2016-05-16,50.79999923706055,51.959999084472656,50.75,51.83000183105469,20032000,45.506080627441406
2016-05-17,51.720001220703125,51.72999954223633,50.36000061035156,50.5099983215332,27803500,44.65732192993164
2016-05-18,50.47999954223633,51.13999938964844,50.29999923706055,50.810001373291016,24907500,44.92256546020508
2016-05-19,50.470001220703125,50.619998931884766,49.81999969482422,50.31999969482422,23842400,44.489349365234375
2016-05-20,50.47999954223633,51.220001220703125,50.400001525878906,50.619998931884766,23905800,44.75458908081055
2016-05-23,50.59999847412109,50.68000030517578,49.97999954223633,50.02999877929688,26118700,44.23293685913086
2016-05-24,50.70000076293945,51.709999084472656,50.400001525878906,51.59000015258789,34757900,45.61217880249024
2016-05-25,51.91999816894531,52.4900016784668,51.790000915527344,52.119998931884766,24040200,46.08077621459961
2016-05-26,51.93000030517578,51.97999954223633,51.36000061035156,51.88999938964844,24335200,45.877418518066406
2016-05-27,51.91999816894531,52.31999969482422,51.77000045776367,52.31999969482422,17721400,46.257591247558594
2016-05-31,52.2599983215332,53.0,52.08000183105469,53.0,37653100,46.85880661010742
2016-06-01,52.43999862670898,52.95000076293945,52.43999862670898,52.84999847412109,25324800,46.72618103027344
2016-06-02,52.63999938964844,52.7400016784668,51.84000015258789,52.47999954223633,22840800,46.3990592956543
2016-06-03,52.380001068115234,52.41999816894531,51.59999847412109,51.790000915527344,23368300,45.78900909423828
2016-06-06,51.9900016784668,52.34999847412109,51.88999938964844,52.130001068115234,18243300,46.089622497558594
2016-06-07,52.2400016784668,52.72999954223633,52.09999847412109,52.09999847412109,20866800,46.063087463378906
2016-06-08,52.02000045776367,52.43999862670898,51.869998931884766,52.040000915527344,21149400,46.01003646850586
2016-06-09,52.0,52.0,51.4900016784668,51.619998931884766,20305700,45.63869857788086
2016-06-10,51.04999923706055,52.04999923706055,51.040000915527344,51.47999954223633,25833200,45.514930725097656
2016-06-13,49.58000183105469,50.720001220703125,49.060001373291016,50.13999938964844,83217800,44.3302001953125
2016-06-14,49.900001525878906,50.09999847412109,49.56999969482422,49.83000183105469,42577100,44.05612564086914
2016-06-15,49.77999877929688,50.119998931884766,49.68999862670898,49.68999862670898,33757600,43.93233108520508
2016-06-16,49.52000045776367,50.470001220703125,49.5099983215332,50.38999938964844,31188600,44.551231384277344
2016-06-17,50.40999984741211,50.43000030517578,49.81999969482422,50.130001068115234,45710500,44.32136535644531
2016-06-20,50.63999938964844,50.83000183105469,50.02999877929688,50.06999969482422,35607900,44.268310546875
2016-06-21,50.20000076293945,51.43000030517578,50.15999984741211,51.18999862670898,34097800,45.25852966308594
2016-06-22,51.08000183105469,51.459999084472656,50.95000076293945,50.9900016784668,28816800,45.08170700073242
2016-06-23,51.27999877929688,52.060001373291016,51.150001525878906,51.90999984741211,29028800,45.89509963989258
2016-06-24,49.810001373291016,50.93999862670898,49.52000045776367,49.83000183105469,133503000,44.05612564086914
2016-06-27,49.09999847412109,49.150001525878906,48.040000915527344,48.43000030517578,50216300,42.81833267211914
2016-06-28,48.91999816894531,49.470001220703125,48.66999816894531,49.43999862670898,38140700,43.71131134033203
2016-06-29,49.90999984741211,50.720001220703125,49.79999923706055,50.540000915527344,31304000,44.683841705322266
2016-06-30,50.720001220703125,51.29999923706055,50.5,51.16999816894531,28527800,45.24085998535156
2016-07-01,51.130001068115234,51.720001220703125,51.06999969482422,51.15999984741211,21400400,45.23202133178711
2016-07-05,50.83000183105469,51.27999877929688,50.7400016784668,51.16999816894531,24806400,45.24085998535156
2016-07-06,50.77999877929688,51.540000915527344,50.38999938964844,51.380001068115234,28167500,45.42652893066406
2016-07-07,51.41999816894531,51.61000061035156,51.06999969482422,51.380001068115234,19585200,45.42652893066406
2016-07-08,51.72999954223633,52.36000061035156,51.54999923706055,52.29999923706055,28391000,46.23991394042969
2016-07-11,52.5,52.83000183105469,52.470001220703125,52.59000015258789,22269200,46.49631118774414
2016-07-12,52.93999862670898,53.400001525878906,52.790000915527344,53.209999084472656,27317600,47.04447555541992
2016-07-13,53.560001373291016,53.86000061035156,53.18000030517578,53.5099983215332,25356800,47.30970764160156
2016-07-14,53.84000015258789,53.9900016784668,53.58000183105469,53.7400016784668,24545500,47.51305770874024
2016-07-15,53.95000076293945,54.0,53.209999084472656,53.70000076293945,32024400,47.477684020996094
2016-07-18,53.70000076293945,54.34000015258789,53.54999923706055,53.959999084472656,31433900,47.70756912231445
2016-07-19,53.709999084472656,53.900001525878906,52.93000030517578,53.09000015258789,53336500,46.9383659362793
2016-07-20,56.150001525878906,56.84000015258789,55.52999877929688,55.90999984741211,89893300,49.431617736816406
2016-07-21,55.97999954223633,56.22999954223633,55.7599983215332,55.79999923706055,32776700,49.334354400634766
2016-07-22,56.08000183105469,56.630001068115234,55.77999877929688,56.56999969482422,32157200,50.01514434814453
2016-07-25,56.470001220703125,56.7400016784668,56.2599983215332,56.72999954223633,25610600,50.15659713745117
2016-07-26,56.52000045776367,57.290000915527344,56.5099983215332,56.7599983215332,28079000,50.183135986328125
2016-07-27,56.61000061035156,56.79999923706055,56.11000061035156,56.18999862670898,32327500,49.67917251586914
2016-07-28,56.0,56.369998931884766,55.720001220703125,56.209999084472656,37550400,49.69684982299805
2016-07-29,56.2599983215332,56.7599983215332,56.04999923706055,56.68000030517578,30558700,50.11240005493164
2016-08-01,56.59999847412109,56.75,56.13999938964844,56.58000183105469,26003400,50.02399063110352
2016-08-02,56.84999847412109,56.900001525878906,56.310001373291016,56.58000183105469,35122000,50.02399063110352
2016-08-03,56.68000030517578,57.11000061035156,56.4900016784668,56.970001220703125,22075600,50.36880493164063
2016-08-04,56.79999923706055,57.52000045776367,56.66999816894531,57.38999938964844,26587700,50.74012756347656
2016-08-05,57.650001525878906,58.209999084472656,57.45000076293945,57.959999084472656,29335200,51.24408721923828
2016-08-08,58.060001373291016,58.09000015258789,57.77999877929688,58.060001373291016,19473500,51.33249282836914
2016-08-09,58.16999816894531,58.5,58.02000045776367,58.20000076293945,16920700,51.45627975463867
2016-08-10,58.15999984741211,58.31999969482422,57.81999969482422,58.02000045776367,15756900,51.2971305847168
2016-08-11,58.02999877929688,58.45000076293945,58.02999877929688,58.29999923706055,18162300,51.544681549072266
2016-08-12,58.02999877929688,58.18999862670898,57.619998931884766,57.93999862670898,21655200,51.22640228271485
2016-08-15,58.0099983215332,58.5,57.959999084472656,58.119998931884766,19283900,51.38554000854492
2016-08-16,57.61000061035156,57.619998931884766,57.27000045776367,57.43999862670898,20523500,51.100852966308594
2016-08-17,57.540000915527344,57.68000030517578,57.22999954223633,57.560001373291016,18856400,51.20760345458984
2016-08-18,57.41999816894531,57.70000076293945,57.27000045776367,57.59999847412109,14214300,51.24319839477539
2016-08-19,57.43000030517578,57.72999954223633,57.20000076293945,57.619998931884766,17271000,51.260986328125
2016-08-22,57.59999847412109,57.75,57.2599983215332,57.66999816894531,15221900,51.30546951293945
2016-08-23,57.900001525878906,58.18000030517578,57.84999847412109,57.88999938964844,18732400,51.501197814941406
2016-08-24,57.79999923706055,58.040000915527344,57.720001220703125,57.95000076293945,18151500,51.55457305908203
2016-08-25,57.880001068115234,58.290000915527344,57.77999877929688,58.16999816894531,18552600,51.75028991699219
2016-08-26,58.27999877929688,58.70000076293945,57.68999862670898,58.02999877929688,20971200,51.62574005126953
2016-08-29,58.18000030517578,58.59999847412109,58.09999847412109,58.09999847412109,16417200,51.688018798828125
2016-08-30,57.97999954223633,58.18999862670898,57.61000061035156,57.88999938964844,16930200,51.501197814941406
2016-08-31,57.650001525878906,57.79999923706055,57.29999923706055,57.459999084472656,20860300,51.118648529052734
2016-09-01,57.0099983215332,57.81999969482422,57.0099983215332,57.59000015258789,26075400,51.23429870605469
2016-09-02,57.66999816894531,58.18999862670898,57.41999816894531,57.66999816894531,18900500,51.30546951293945
2016-09-06,57.77999877929688,57.79999923706055,57.209999084472656,57.61000061035156,16278400,51.25210189819336
2016-09-07,57.470001220703125,57.84000015258789,57.40999984741211,57.65999984741211,17493400,51.29657745361328
2016-09-08,57.630001068115234,57.790000915527344,57.18000030517578,57.43000030517578,20146100,51.09195709228516
2016-09-09,56.790000915527344,57.52000045776367,56.209999084472656,56.209999084472656,35113900,50.006591796875
2016-09-12,56.0,57.209999084472656,55.61000061035156,57.04999923706055,29303000,50.75389862060547
2016-09-13,56.5,56.650001525878906,56.04999923706055,56.52999877929688,30130200,50.291290283203125
2016-09-14,56.38999938964844,56.630001068115234,56.02999877929688,56.2599983215332,24062500,50.05107879638672
2016-09-15,56.150001525878906,57.34999847412109,55.97999954223633,57.18999862670898,26847000,50.878456115722656
2016-09-16,57.630001068115234,57.630001068115234,56.75,57.25,44607000,50.93183135986328
2016-09-19,57.27000045776367,57.75,56.84999847412109,56.93000030517578,20937100,50.64715194702149
2016-09-20,57.34999847412109,57.34999847412109,56.75,56.810001373291016,17384000,50.54038238525391
2016-09-21,57.5099983215332,57.84999847412109,57.08000183105469,57.7599983215332,33707300,51.38553237915039
2016-09-22,57.91999816894531,58.0,57.630001068115234,57.81999969482422,19822200,51.43891906738281
2016-09-23,57.869998931884766,57.90999984741211,57.380001068115234,57.43000030517578,19955300,51.09195709228516
2016-09-26,57.08000183105469,57.13999938964844,56.83000183105469,56.900001525878906,21688700,50.62044906616211
2016-09-27,56.93000030517578,58.060001373291016,56.68000030517578,57.95000076293945,28065100,51.55457305908203
2016-09-28,57.880001068115234,58.060001373291016,57.66999816894531,58.02999877929688,20536400,51.62574005126953
2016-09-29,57.810001373291016,58.16999816894531,57.209999084472656,57.400001525878906,25463500,51.06528091430664
2016-09-30,57.56999969482422,57.77000045776367,57.34000015258789,57.59999847412109,29910800,51.24319839477539
2016-10-03,57.40999984741211,57.54999923706055,57.060001373291016,57.41999816894531,19189500,51.08306503295898
2016-10-04,57.27000045776367,57.59999847412109,56.970001220703125,57.2400016784668,20085900,50.92293548583984
2016-10-05,57.290000915527344,57.959999084472656,57.2599983215332,57.63999938964844,16726400,51.27878952026367
2016-10-06,57.7400016784668,57.86000061035156,57.27999877929688,57.7400016784668,16212600,51.36775588989258
2016-10-07,57.84999847412109,57.97999954223633,57.41999816894531,57.79999923706055,20089000,51.4211311340332
2016-10-10,57.90999984741211,58.38999938964844,57.869998931884766,58.040000915527344,18196500,51.6346435546875
2016-10-11,57.88999938964844,58.02000045776367,56.88999938964844,57.18999862670898,26497400,50.878456115722656
2016-10-12,57.11000061035156,57.27000045776367,56.400001525878906,57.11000061035156,22177500,50.80728530883789
2016-10-13,56.70000076293945,57.29999923706055,56.31999969482422,56.91999816894531,25313700,50.63824844360352
2016-10-14,57.119998931884766,57.7400016784668,57.119998931884766,57.41999816894531,27402500,51.08306503295898
2016-10-17,57.36000061035156,57.459999084472656,56.869998931884766,57.220001220703125,23830000,50.90513229370117
2016-10-18,57.52999877929688,57.95000076293945,57.40999984741211,57.65999984741211,19149500,51.29657745361328
2016-10-19,57.470001220703125,57.84000015258789,57.400001525878906,57.52999877929688,22878400,51.1809196472168
2016-10-20,57.5,57.52000045776367,56.65999984741211,57.25,49455600,50.93183135986328
2016-10-21,60.27999877929688,60.45000076293945,59.4900016784668,59.65999984741211,80032200,53.07585144042969
2016-10-24,59.93999862670898,61.0,59.93000030517578,61.0,54067000,54.267974853515625
2016-10-25,60.84999847412109,61.369998931884766,60.79999923706055,60.9900016784668,35137200,54.259071350097656
2016-10-26,60.810001373291016,61.20000076293945,60.470001220703125,60.630001068115234,29911600,53.93880844116211
2016-10-27,60.61000061035156,60.83000183105469,60.09000015258789,60.09999847412109,28479900,53.4672966003418
2016-10-28,60.0099983215332,60.52000045776367,59.58000183105469,59.869998931884766,33574700,53.26267623901367
2016-10-31,60.15999984741211,60.41999816894531,59.91999816894531,59.91999816894531,26434700,53.30715560913086
2016-11-01,59.970001220703125,60.02000045776367,59.25,59.79999923706055,24533000,53.20039367675781
2016-11-02,59.81999969482422,59.93000030517578,59.29999923706055,59.43000030517578,22147000,52.87124633789063
2016-11-03,59.52999877929688,59.63999938964844,59.11000061035156,59.209999084472656,21600400,52.675514221191406
2016-11-04,58.650001525878906,59.27999877929688,58.52000045776367,58.709999084472656,28697000,52.2307014465332
2016-11-07,59.77999877929688,60.52000045776367,59.77999877929688,60.41999816894531,31664800,53.751983642578125
2016-11-08,60.54999923706055,60.77999877929688,60.150001525878906,60.470001220703125,22935400,53.79645919799805
2016-11-09,60.0,60.59000015258789,59.20000076293945,60.16999816894531,49632500,53.52956008911133
2016-11-10,60.47999954223633,60.4900016784668,57.630001068115234,58.70000076293945,57822400,52.2218132019043
2016-11-11,58.22999954223633,59.119998931884766,58.0099983215332,59.02000045776367,38767800,52.506492614746094
2016-11-14,59.02000045776367,59.08000183105469,57.27999877929688,58.119998931884766,41328400,51.70580673217773
2016-11-15,58.33000183105469,59.4900016784668,58.31999969482422,58.869998931884766,35904100,52.72685241699219
2016-11-16,58.93999862670898,59.65999984741211,58.810001373291016,59.650001525878906,27332500,53.42546844482422
2016-11-17,60.40999984741211,60.95000076293945,59.970001220703125,60.63999938964844,32132700,54.3121452331543
2016-11-18,60.77999877929688,61.13999938964844,60.29999923706055,60.34999847412109,27686300,54.05240631103516
2016-11-21,60.5,60.970001220703125,60.41999816894531,60.86000061035156,19652600,54.50919342041016
2016-11-22,60.97999954223633,61.2599983215332,60.810001373291016,61.119998931884766,23206700,54.74205780029297
2016-11-23,61.0099983215332,61.09999847412109,60.25,60.400001525878906,21848900,54.0971908569336
2016-11-25,60.29999923706055,60.52999877929688,60.130001068115234,60.52999877929688,8409600,54.213626861572266
2016-11-28,60.34000015258789,61.02000045776367,60.209999084472656,60.61000061035156,20732600,54.285282135009766
2016-11-29,60.650001525878906,61.40999984741211,60.52000045776367,61.09000015258789,22366700,54.71519088745117
2016-11-30,60.86000061035156,61.18000030517578,60.220001220703125,60.2599983215332,34655400,53.9718017578125
2016-12-01,60.11000061035156,60.150001525878906,58.93999862670898,59.20000076293945,34542100,53.02241134643555
2016-12-02,59.08000183105469,59.470001220703125,58.79999923706055,59.25,25515700,53.067195892333984
2016-12-05,59.70000076293945,60.59000015258789,59.560001373291016,60.220001220703125,23552700,53.93597030639648
2016-12-06,60.43000030517578,60.459999084472656,59.79999923706055,59.95000076293945,19907000,53.69416427612305
2016-12-07,60.0099983215332,61.380001068115234,59.79999923706055,61.369998931884766,30809000,54.96596145629883
2016-12-08,61.29999923706055,61.58000183105469,60.84000015258789,61.0099983215332,21220800,54.6435432434082
2016-12-09,61.18000030517578,61.9900016784668,61.130001068115234,61.970001220703125,27349400,55.50336837768555
2016-12-12,61.81999969482422,62.29999923706055,61.720001220703125,62.16999816894531,20198100,55.68247222900391
2016-12-13,62.5,63.41999816894531,62.2400016784668,62.97999954223633,35718900,56.40797805786133
2016-12-14,63.0,63.45000076293945,62.52999877929688,62.68000030517578,30352700,56.13927459716797
2016-12-15,62.70000076293945,63.150001525878906,62.29999923706055,62.58000183105469,27669900,56.04970550537109
2016-12-16,62.95000076293945,62.95000076293945,62.119998931884766,62.29999923706055,42453100,55.798919677734375
2016-12-19,62.560001373291016,63.77000045776367,62.41999816894531,63.619998931884766,34338200,56.98118591308594
2016-12-20,63.68999862670898,63.79999923706055,63.02999877929688,63.540000915527344,26028400,56.90953063964844
2016-12-21,63.43000030517578,63.70000076293945,63.119998931884766,63.540000915527344,17096300,56.90953063964844
2016-12-22,63.84000015258789,64.0999984741211,63.40999984741211,63.54999923706055,22176600,56.9184799194336
2016-12-23,63.45000076293945,63.540000915527344,62.79999923706055,63.2400016784668,12403800,56.64084243774414
2016-12-27,63.209999084472656,64.06999969482422,63.209999084472656,63.27999877929688,11763200,56.67665863037109
2016-12-28,63.400001525878906,63.400001525878906,62.83000183105469,62.9900016784668,14653300,56.41693115234375
2016-12-29,62.86000061035156,63.20000076293945,62.72999954223633,62.900001525878906,10250600,56.33632278442383
2016-12-30,62.959999084472656,62.9900016784668,62.02999877929688,62.13999938964844,25579900,55.6556282043457
2017-01-03,62.790000915527344,62.84000015258789,62.130001068115234,62.58000183105469,20694100,56.04970550537109
2017-01-04,62.47999954223633,62.75,62.119998931884766,62.29999923706055,21340000,55.798919677734375
2017-01-05,62.18999862670898,62.65999984741211,62.02999877929688,62.29999923706055,24876000,55.798919677734375
2017-01-06,62.29999923706055,63.150001525878906,62.040000915527344,62.84000015258789,19922900,56.28257751464844
2017-01-09,62.7599983215332,63.08000183105469,62.540000915527344,62.63999938964844,20382700,56.10345077514648
2017-01-10,62.72999954223633,63.06999969482422,62.27999877929688,62.619998931884766,18593000,56.08553695678711
2017-01-11,62.61000061035156,63.22999954223633,62.43000030517578,63.18999862670898,21517300,56.59604263305664
2017-01-12,63.060001373291016,63.400001525878906,61.95000076293945,62.61000061035156,20968200,56.07658004760742
2017-01-13,62.619998931884766,62.869998931884766,62.34999847412109,62.70000076293945,19422300,56.15717315673828
2017-01-17,62.68000030517578,62.70000076293945,62.02999877929688,62.52999877929688,20664000,56.00492477416992
2017-01-18,62.66999816894531,62.70000076293945,62.119998931884766,62.5,19670100,55.978057861328125
2017-01-19,62.2400016784668,62.97999954223633,62.20000076293945,62.29999923706055,18451700,55.798919677734375
2017-01-20,62.66999816894531,62.81999969482422,62.369998931884766,62.7400016784668,30213500,56.19303131103516
2017-01-23,62.70000076293945,63.119998931884766,62.56999969482422,62.959999084472656,23097600,56.39004898071289
2017-01-24,63.20000076293945,63.7400016784668,62.93999862670898,63.52000045776367,24672900,56.8916130065918
2017-01-25,63.95000076293945,64.0999984741211,63.45000076293945,63.68000030517578,23672700,57.034915924072266
2017-01-26,64.12000274658203,64.54000091552734,63.54999923706055,64.2699966430664,43554600,57.56335067749024
2017-01-27,65.38999938964844,65.91000366210938,64.88999938964844,65.77999877929688,44818000,58.915775299072266
2017-01-30,65.69000244140625,65.79000091552734,64.80000305175781,65.12999725341797,31651400,58.333614349365234
2017-01-31,64.86000061035156,65.1500015258789,64.26000213623047,64.6500015258789,25270500,57.90369415283203
2017-02-01,64.36000061035156,64.62000274658203,63.470001220703125,63.58000183105469,39671500,56.94535827636719
2017-02-02,63.25,63.40999984741211,62.75,63.16999816894531,45827000,56.57814025878906
2017-02-03,63.5,63.70000076293945,63.06999969482422,63.68000030517578,30301800,57.034915924072266
2017-02-06,63.5,63.650001525878906,63.13999938964844,63.63999938964844,19796400,56.99910354614258
2017-02-07,63.7400016784668,63.77999877929688,63.22999954223633,63.43000030517578,20277200,56.8110237121582
2017-02-08,63.56999969482422,63.810001373291016,63.220001220703125,63.34000015258789,18096400,56.73040390014648
2017-02-09,63.52000045776367,64.44000244140625,63.31999969482422,64.05999755859375,22644400,57.37526321411133
2017-02-10,64.25,64.30000305175781,63.97999954223633,64.0,18170700,57.32154083251953
2017-02-13,64.23999786376953,64.86000061035156,64.12999725341797,64.72000122070312,22920100,57.9664192199707
2017-02-14,64.41000366210938,64.72000122070312,64.0199966430664,64.56999969482422,23108400,58.18266296386719
2017-02-15,64.5,64.56999969482422,64.16000366210938,64.52999877929688,17005200,58.1466178894043
2017-02-16,64.73999786376953,65.23999786376953,64.44000244140625,64.5199966430664,20546300,58.13759231567383
2017-02-17,64.47000122070312,64.69000244140625,64.30000305175781,64.62000274658203,21248800,58.22770690917969
2017-02-21,64.61000061035156,64.94999694824219,64.44999694824219,64.48999786376953,20655900,58.11056900024414
2017-02-22,64.33000183105469,64.38999938964844,64.05000305175781,64.36000061035156,19292700,57.99342346191406
2017-02-23,64.41999816894531,64.7300033569336,64.19000244140625,64.62000274658203,20273100,58.22770690917969
2017-02-24,64.52999877929688,64.80000305175781,64.13999938964844,64.62000274658203,21796800,58.22770690917969
2017-02-27,64.54000091552734,64.54000091552734,64.05000305175781,64.2300033569336,15871500,57.87628936767578
2017-02-28,64.08000183105469,64.19999694824219,63.7599983215332,63.97999954223633,23239800,57.651023864746094
2017-03-01,64.12999725341797,64.98999786376953,64.0199966430664,64.94000244140625,26937500,58.51604080200195
2017-03-02,64.69000244140625,64.75,63.880001068115234,64.01000213623047,24539600,57.678070068359375
2017-03-03,63.9900016784668,64.27999877929688,63.619998931884766,64.25,18135900,57.89431381225586
2017-03-06,63.970001220703125,64.55999755859375,63.810001373291016,64.2699966430664,18750300,57.91233825683594
2017-03-07,64.19000244140625,64.77999877929688,64.19000244140625,64.4000015258789,18521000,58.02947616577149
2017-03-08,64.26000213623047,65.08000183105469,64.25,64.98999786376953,21510900,58.56111145019531
2017-03-09,65.19000244140625,65.19999694824219,64.4800033569336,64.7300033569336,19846800,58.32683563232422
2017-03-10,65.11000061035156,65.26000213623047,64.75,64.93000030517578,19538200,58.50703430175781
2017-03-13,65.01000213623047,65.19000244140625,64.56999969482422,64.70999908447266,20100000,58.30880737304688
2017-03-14,64.52999877929688,64.55000305175781,64.1500015258789,64.41000366210938,14280200,58.03849411010742
2017-03-15,64.55000305175781,64.91999816894531,64.25,64.75,24833800,58.344852447509766
2017-03-16,64.75,64.76000213623047,64.30000305175781,64.63999938964844,20674300,58.245731353759766
2017-03-17,64.91000366210938,65.23999786376953,64.68000030517578,64.87000274658203,49219700,58.452972412109375
2017-03-20,64.91000366210938,65.18000030517578,64.72000122070312,64.93000030517578,14598100,58.50703430175781
2017-03-21,65.19000244140625,65.5,64.12999725341797,64.20999908447266,26640500,57.85825729370117
2017-03-22,64.12000274658203,65.13999938964844,64.12000274658203,65.02999877929688,20680000,58.59714889526367
2017-03-23,64.94000244140625,65.23999786376953,64.7699966430664,64.87000274658203,19269200,58.452972412109375
2017-03-24,65.36000061035156,65.44999694824219,64.76000213623047,64.9800033569336,22617100,58.55210113525391
2017-03-27,64.62999725341797,65.22000122070312,64.3499984741211,65.0999984741211,18614700,58.66022491455078
2017-03-28,64.95999908447266,65.47000122070312,64.6500015258789,65.29000091552734,20080400,58.83142852783203
2017-03-29,65.12000274658203,65.5,64.94999694824219,65.47000122070312,13618400,58.99363708496094
2017-03-30,65.41999816894531,65.9800033569336,65.36000061035156,65.70999908447266,15122800,59.20989227294922
2017-03-31,65.6500015258789,66.19000244140625,65.44999694824219,65.86000061035156,21040300,59.34505844116211
2017-04-03,65.80999755859375,65.94000244140625,65.19000244140625,65.55000305175781,20400900,59.06571960449219
2017-04-04,65.38999938964844,65.80999755859375,65.27999877929688,65.7300033569336,12997400,59.22791290283203
2017-04-05,66.30000305175781,66.3499984741211,65.44000244140625,65.55999755859375,21448600,59.07472229003906
2017-04-06,65.5999984741211,66.05999755859375,65.4800033569336,65.7300033569336,18103500,59.22791290283203
2017-04-07,65.8499984741211,65.95999908447266,65.44000244140625,65.68000030517578,14108500,59.182861328125
2017-04-10,65.61000061035156,65.81999969482422,65.36000061035156,65.52999877929688,17952700,59.04767990112305
2017-04-11,65.5999984741211,65.61000061035156,64.8499984741211,65.4800033569336,18791500,59.00263214111328
2017-04-12,65.41999816894531,65.51000213623047,65.11000061035156,65.2300033569336,17108500,58.77737045288086
2017-04-13,65.29000091552734,65.86000061035156,64.94999694824219,64.94999694824219,17896500,58.52505874633789
2017-04-17,65.04000091552734,65.48999786376953,65.01000213623047,65.4800033569336,16689300,59.00263214111328
2017-04-18,65.33000183105469,65.70999908447266,65.16000366210938,65.38999938964844,15155600,58.92153549194336
2017-04-19,65.6500015258789,65.75,64.88999938964844,65.04000091552734,26992800,58.60615921020508
2017-04-20,65.45999908447266,65.75,65.13999938964844,65.5,22299500,59.02066040039063
2017-04-21,65.66999816894531,66.69999694824219,65.44999694824219,66.4000015258789,32522600,59.831642150878906
2017-04-24,67.4800033569336,67.66000366210938,67.0999984741211,67.52999877929688,29770000,60.849853515625
2017-04-25,67.9000015258789,68.04000091552734,67.5999984741211,67.91999816894531,30242700,61.20125579833984
2017-04-26,68.08000183105469,68.30999755859375,67.62000274658203,67.83000183105469,26190800,61.12017822265625
2017-04-27,68.1500015258789,68.37999725341797,67.58000183105469,68.2699966430664,34971000,61.51665496826172
2017-04-28,68.91000366210938,69.13999938964844,67.69000244140625,68.45999908447266,39548800,61.68786239624024
2017-05-01,68.68000030517578,69.55000305175781,68.5,69.41000366210938,31954400,62.54386520385742
2017-05-02,69.70999908447266,69.70999908447266,69.12999725341797,69.30000305175781,23906100,62.44474792480469
2017-05-03,69.37999725341797,69.37999725341797,68.70999908447266,69.08000183105469,28928000,62.24654006958008
2017-05-04,69.02999877929688,69.08000183105469,68.63999938964844,68.80999755859375,21749400,62.00322723388672
2017-05-05,68.9000015258789,69.02999877929688,68.48999786376953,69.0,19128800,62.174442291259766
2017-05-08,68.97000122070312,69.05000305175781,68.41999816894531,68.94000244140625,18566100,62.120365142822266
2017-05-09,68.86000061035156,69.27999877929688,68.68000030517578,69.04000091552734,22858400,62.21048355102539
2017-05-10,68.98999786376953,69.55999755859375,68.91999816894531,69.30999755859375,17977800,62.45377349853516
2017-05-11,68.36000061035156,68.7300033569336,68.12000274658203,68.45999908447266,28789400,61.68786239624024
2017-05-12,68.61000061035156,68.61000061035156,68.04000091552734,68.37999725341797,18714100,61.61577224731445
2017-05-15,68.13999938964844,68.4800033569336,67.56999969482422,68.43000030517578,31530300,61.66082000732422
2017-05-16,68.2300033569336,69.44000244140625,68.16000366210938,69.41000366210938,34956000,62.90236282348633
2017-05-17,68.88999938964844,69.0999984741211,67.43000030517578,67.4800033569336,30548800,61.1533317565918
2017-05-18,67.4000015258789,68.12999725341797,67.13999938964844,67.70999908447266,25201300,61.361759185791016
2017-05-19,67.5,68.0999984741211,67.43000030517578,67.69000244140625,26961100,61.343631744384766
2017-05-22,67.88999938964844,68.5,67.5,68.44999694824219,16237600,62.03238296508789
2017-05-23,68.72000122070312,68.75,68.37999725341797,68.68000030517578,15425800,62.240814208984375
2017-05-24,68.87000274658203,68.87999725341797,68.44999694824219,68.7699966430664,14593900,62.3223876953125
2017-05-25,68.97000122070312,69.87999725341797,68.91000366210938,69.62000274658203,21854100,63.09270095825195
2017-05-26,69.80000305175781,70.22000122070312,69.5199966430664,69.95999908447266,19827900,63.40079498291016
2017-05-30,69.79000091552734,70.41000366210938,69.7699966430664,70.41000366210938,17072800,63.80862045288086
2017-05-31,70.52999877929688,70.73999786376953,69.80999755859375,69.83999633789062,30436400,63.29204177856445
2017-06-01,70.23999786376953,70.61000061035156,69.44999694824219,70.0999984741211,21603600,63.52768325805664
2017-06-02,70.44000244140625,71.86000061035156,70.23999786376953,71.76000213623047,34770300,65.03205108642578
2017-06-05,71.97000122070312,72.88999938964844,71.80999755859375,72.27999877929688,33316800,65.50328826904297
2017-06-06,72.30000305175781,72.62000274658203,72.2699966430664,72.5199966430664,31511100,65.72077178955078
2017-06-07,72.63999938964844,72.7699966430664,71.94999694824219,72.38999938964844,22301800,65.6030044555664
2017-06-08,72.51000213623047,72.5199966430664,71.5,71.94999694824219,24588300,65.2042007446289
2017-06-09,72.04000091552734,72.08000183105469,68.58999633789062,70.31999969482422,49187400,63.72705459594727
2017-06-12,69.25,69.94000244140625,68.12999725341797,69.77999877929688,47761700,63.23766708374024
2017-06-13,70.0199966430664,70.81999969482422,69.95999908447266,70.6500015258789,25258600,64.026123046875
2017-06-14,70.91000366210938,71.0999984741211,69.43000030517578,70.2699966430664,25510700,63.68173599243164
2017-06-15,69.2699966430664,70.20999908447266,68.80000305175781,69.9000015258789,26068700,63.346435546875
2017-06-16,69.7300033569336,70.02999877929688,69.22000122070312,70.0,48345100,63.43707275390625
2017-06-19,70.5,70.94000244140625,70.3499984741211,70.87000274658203,23798300,64.22547912597656
2017-06-20,70.81999969482422,70.87000274658203,69.87000274658203,69.91000366210938,21512200,63.35549545288086
2017-06-21,70.20999908447266,70.62000274658203,69.94000244140625,70.2699966430664,19891100,63.68173599243164
2017-06-22,70.54000091552734,70.58999633789062,69.70999908447266,70.26000213623047,22965700,63.67267608642578
2017-06-23,70.08999633789062,71.25,69.91999816894531,71.20999908447266,27617300,64.53361511230469
2017-06-26,71.4000015258789,71.70999908447266,70.44000244140625,70.52999877929688,19607000,63.91737747192383
2017-06-27,70.11000061035156,70.18000030517578,69.18000030517578,69.20999908447266,25215100,62.72116088867188
2017-06-28,69.20999908447266,69.83999633789062,68.79000091552734,69.80000305175781,25806200,63.25582885742188
2017-06-29,69.37999725341797,69.48999786376953,68.08999633789062,68.48999786376953,28918700,62.068626403808594
2017-06-30,68.77999877929688,69.37999725341797,68.73999786376953,68.93000030517578,24161100,62.46738815307617
2017-07-03,69.33000183105469,69.5999984741211,68.0199966430664,68.16999816894531,16165500,61.77863311767578
2017-07-05,68.26000213623047,69.44000244140625,68.22000122070312,69.08000183105469,21176300,62.60333251953125
2017-07-06,68.2699966430664,68.77999877929688,68.12000274658203,68.56999969482422,21117600,62.14113235473633
2017-07-07,68.69999694824219,69.83999633789062,68.69999694824219,69.45999908447266,16878300,62.94770050048828
2017-07-10,69.45999908447266,70.25,69.19999694824219,69.9800033569336,15014500,63.41891860961914
2017-07-11,70.0,70.68000030517578,69.75,69.98999786376953,17460000,63.42799377441406
2017-07-12,70.69000244140625,71.27999877929688,70.55000305175781,71.1500015258789,17750900,64.47924041748047
2017-07-13,71.5,72.04000091552734,71.30999755859375,71.7699966430664,20269800,65.04109191894531
2017-07-14,72.23999786376953,73.2699966430664,71.95999908447266,72.77999877929688,25868100,65.95642852783203
2017-07-17,72.80000305175781,73.44999694824219,72.72000122070312,73.3499984741211,21803900,66.47296905517578
2017-07-18,73.08999633789062,73.38999938964844,72.66000366210938,73.30000305175781,26435300,66.42766571044922
2017-07-19,73.5,74.04000091552734,73.44999694824219,73.86000061035156,22416200,66.93516540527344
2017-07-20,74.18000030517578,74.30000305175781,73.27999877929688,74.22000122070312,42361000,67.26138305664062
2017-07-21,73.44999694824219,74.29000091552734,73.16999816894531,73.79000091552734,46717100,66.8717269897461
2017-07-24,73.52999877929688,73.75,73.12999725341797,73.5999984741211,21394800,66.69950866699219
2017-07-25,73.80000305175781,74.30999755859375,73.5,74.19000244140625,22018700,67.23422241210938
2017-07-26,74.33999633789062,74.37999725341797,73.80999755859375,74.05000305175781,16252200,67.10733032226562
2017-07-27,73.76000213623047,74.41999816894531,72.31999969482422,73.16000366210938,36844200,66.30077362060547
2017-07-28,72.66999816894531,73.30999755859375,72.54000091552734,73.04000091552734,18306700,66.19206237792969
2017-07-31,73.30000305175781,73.44000244140625,72.41000366210938,72.69999694824219,23600100,65.88392639160156
2017-08-01,73.0999984741211,73.41999816894531,72.48999786376953,72.58000183105469,22132300,65.77517700195312
2017-08-02,72.55000305175781,72.55999755859375,71.44000244140625,72.26000213623047,26499200,65.48514556884766
2017-08-03,72.19000244140625,72.44000244140625,71.8499984741211,72.1500015258789,18214400,65.38550567626953
2017-08-04,72.4000015258789,73.04000091552734,72.23999786376953,72.68000030517578,22579000,65.86581420898438
2017-08-07,72.80000305175781,72.9000015258789,72.26000213623047,72.4000015258789,18705700,65.61204528808594
2017-08-08,72.08999633789062,73.12999725341797,71.75,72.79000091552734,22044600,65.96549987792969
2017-08-09,72.25,72.51000213623047,72.05000305175781,72.47000122070312,22213400,65.67550659179688
2017-08-10,71.9000015258789,72.19000244140625,71.3499984741211,71.41000366210938,24734500,64.71483612060547
2017-08-11,71.61000061035156,72.69999694824219,71.27999877929688,72.5,21443700,65.7026596069336
2017-08-14,73.05999755859375,73.72000122070312,72.94999694824219,73.58999633789062,20096600,66.69048309326172
2017-08-15,73.58999633789062,73.58999633789062,73.04000091552734,73.22000122070312,19181400,66.7087173461914
2017-08-16,73.33999633789062,74.0999984741211,73.16999816894531,73.6500015258789,18150400,67.10045623779297
2017-08-17,73.58000183105469,73.87000274658203,72.4000015258789,72.4000015258789,22977500,65.96162414550781
2017-08-18,72.2699966430664,72.83999633789062,71.93000030517578,72.48999786376953,18761500,66.0436019897461
2017-08-21,72.47000122070312,72.4800033569336,71.69999694824219,72.1500015258789,17734800,65.73385620117188
2017-08-22,72.3499984741211,73.23999786376953,72.3499984741211,73.16000366210938,14343700,66.6540298461914
2017-08-23,72.95999908447266,73.1500015258789,72.52999877929688,72.72000122070312,13766500,66.25315856933594
2017-08-24,72.73999786376953,72.86000061035156,72.06999969482422,72.69000244140625,17098300,66.225830078125
2017-08-25,72.86000061035156,73.3499984741211,72.4800033569336,72.81999969482422,12794300,66.3442611694336
2017-08-28,73.05999755859375,73.08999633789062,72.55000305175781,72.83000183105469,14569700,66.3533706665039
2017-08-29,72.25,73.16000366210938,72.05000305175781,73.05000305175781,11478400,66.5538101196289
2017-08-30,73.01000213623047,74.20999908447266,72.83000183105469,74.01000213623047,16897800,67.4284439086914
2017-08-31,74.02999877929688,74.95999908447266,73.80000305175781,74.7699966430664,27652800,68.12088012695312
2017-09-01,74.70999908447266,74.73999786376953,73.63999938964844,73.94000244140625,21736200,67.36467742919922
2017-09-05,73.33999633789062,73.88999938964844,72.9800033569336,73.61000061035156,21556000,67.06401062011719
2017-09-06,73.73999786376953,74.04000091552734,73.3499984741211,73.4000015258789,16535800,66.87269592285156
2017-09-07,73.68000030517578,74.5999984741211,73.5999984741211,74.33999633789062,17471200,67.72911071777344
2017-09-08,74.33000183105469,74.44000244140625,73.83999633789062,73.9800033569336,14703800,67.4011001586914
2017-09-11,74.30999755859375,74.94000244140625,74.30999755859375,74.76000213623047,17910400,68.11175537109375
2017-09-12,74.76000213623047,75.23999786376953,74.37000274658203,74.68000030517578,14394900,68.03888702392578
2017-09-13,74.93000030517578,75.2300033569336,74.55000305175781,75.20999908447266,13380800,68.521728515625
2017-09-14,75.0,75.48999786376953,74.5199966430664,74.7699966430664,15733900,68.12088012695312
2017-09-15,74.83000183105469,75.38999938964844,74.06999969482422,75.30999755859375,38578400,68.61284637451172
2017-09-18,75.2300033569336,75.97000122070312,75.04000091552734,75.16000366210938,23307000,68.47615051269531
2017-09-19,75.20999908447266,75.70999908447266,75.01000213623047,75.44000244140625,16093300,68.73129272460938
2017-09-20,75.3499984741211,75.55000305175781,74.30999755859375,74.94000244140625,21587900,68.27572631835938
2017-09-21,75.11000061035156,75.23999786376953,74.11000061035156,74.20999908447266,19186100,67.61064910888672
2017-09-22,73.98999786376953,74.51000213623047,73.8499984741211,74.41000366210938,14111400,67.79290008544922
2017-09-25,74.08999633789062,74.25,72.91999816894531,73.26000213623047,24149200,66.74513244628906
2017-09-26,73.66999816894531,73.80999755859375,72.98999786376953,73.26000213623047,18019600,66.74513244628906
2017-09-27,73.55000305175781,74.16999816894531,73.16999816894531,73.8499984741211,19565100,67.28266906738281
2017-09-28,73.54000091552734,73.97000122070312,73.30999755859375,73.87000274658203,10883800,67.30087280273438
2017-09-29,73.94000244140625,74.54000091552734,73.87999725341797,74.48999786376953,17079100,67.86576843261719
2017-10-02,74.70999908447266,75.01000213623047,74.30000305175781,74.61000061035156,15304800,67.97506713867188
2017-10-03,74.66999816894531,74.87999725341797,74.19000244140625,74.26000213623047,12190400,67.65621185302734
2017-10-04,74.08999633789062,74.72000122070312,73.70999908447266,74.69000244140625,13317700,68.0479736328125
2017-10-05,75.22000122070312,76.12000274658203,74.95999908447266,75.97000122070312,21195300,69.21414947509766
2017-10-06,75.66999816894531,76.02999877929688,75.54000091552734,76.0,13959800,69.24148559570312
2017-10-09,75.97000122070312,76.55000305175781,75.86000061035156,76.29000091552734,11386500,69.50567626953125
2017-10-10,76.33000183105469,76.62999725341797,76.13999938964844,76.29000091552734,13944500,69.50567626953125
2017-10-11,76.36000061035156,76.45999908447266,75.94999694824219,76.41999816894531,15388900,69.6241226196289
2017-10-12,76.48999786376953,77.29000091552734,76.37000274658203,77.12000274658203,16876500,70.26188659667969
2017-10-13,77.58999633789062,77.87000274658203,77.29000091552734,77.48999786376953,15335700,70.59896850585938
2017-10-16,77.41999816894531,77.80999755859375,77.3499984741211,77.6500015258789,12380100,70.74475860595703
2017-10-17,77.47000122070312,77.62000274658203,77.25,77.58999633789062,16824000,70.69007873535156
2017-10-18,77.66999816894531,77.8499984741211,77.37000274658203,77.61000061035156,13300700,70.70831298828125
2017-10-19,77.56999969482422,77.93000030517578,77.3499984741211,77.91000366210938,15092800,70.98163604736328
2017-10-20,78.31999969482422,78.97000122070312,78.22000122070312,78.80999755859375,22866400,71.80157470703125
2017-10-23,78.98999786376953,79.33999633789062,78.76000213623047,78.83000183105469,20627200,71.81981658935547
2017-10-24,78.9000015258789,79.19999694824219,78.45999908447266,78.86000061035156,17517200,71.84715270996094
2017-10-25,78.58000183105469,79.0999984741211,78.01000213623047,78.62999725341797,20410800,71.6375961303711
2017-10-26,79.19999694824219,79.41999816894531,78.75,78.76000213623047,32120700,71.75602722167969
2017-10-27,84.37000274658203,86.19999694824219,83.61000061035156,83.80999755859375,71066700,76.3569564819336
2017-10-30,83.69999694824219,84.33000183105469,83.11000061035156,83.88999938964844,31756700,76.42984008789062
2017-10-31,84.36000061035156,84.36000061035156,83.11000061035156,83.18000030517578,27086600,75.78299713134766
2017-11-01,83.68000030517578,83.76000213623047,82.87999725341797,83.18000030517578,22307400,75.78299713134766
2017-11-02,83.3499984741211,84.45999908447266,83.12000274658203,84.05000305175781,23992900,76.57560729980469
2017-11-03,84.08000183105469,84.54000091552734,83.4000015258789,84.13999938964844,17633500,76.65760040283203
2017-11-06,84.19999694824219,84.69999694824219,84.08000183105469,84.47000122070312,19860900,76.958251953125
2017-11-07,84.7699966430664,84.9000015258789,83.93000030517578,84.2699966430664,17939700,76.77605438232422
2017-11-08,84.13999938964844,84.61000061035156,83.83000183105469,84.55999755859375,18034200,77.04023742675781
2017-11-09,84.11000061035156,84.2699966430664,82.9000015258789,84.08999633789062,21178400,76.6120376586914
2017-11-10,83.79000091552734,84.0999984741211,83.2300033569336,83.87000274658203,19397800,76.41163635253906
2017-11-13,83.66000366210938,83.94000244140625,83.45999908447266,83.93000030517578,14196900,76.46629333496094
2017-11-14,83.5,84.0999984741211,82.9800033569336,84.05000305175781,18801300,76.57560729980469
2017-11-15,83.47000122070312,83.69000244140625,82.69000244140625,82.9800033569336,19383100,75.9804458618164
2017-11-16,83.0999984741211,83.41999816894531,82.94000244140625,83.19999694824219,20962800,76.18187713623047
2017-11-17,83.12000274658203,83.12000274658203,82.23999786376953,82.4000015258789,22079000,75.4493637084961
2017-11-20,82.4000015258789,82.58999633789062,82.25,82.52999877929688,16315000,75.56838989257812
2017-11-21,82.73999786376953,83.83999633789062,82.73999786376953,83.72000122070312,21237500,76.65799713134766
2017-11-22,83.83000183105469,83.9000015258789,83.04000091552734,83.11000061035156,20553100,76.0994644165039
2017-11-24,83.01000213623047,83.43000030517578,82.77999877929688,83.26000213623047,7425600,76.23683166503906
2017-11-27,83.30999755859375,83.9800033569336,83.30000305175781,83.87000274658203,18265200,76.79539489746094
2017-11-28,84.06999969482422,85.05999755859375,84.0199966430664,84.87999725341797,21926000,77.72017669677734
2017-11-29,84.70999908447266,84.91999816894531,83.18000030517578,83.33999633789062,27381100,76.3100814819336
2017-11-30,83.51000213623047,84.5199966430664,83.33999633789062,84.16999816894531,33054600,77.07005310058594
2017-12-01,83.5999984741211,84.80999755859375,83.22000122070312,84.26000213623047,29532100,77.15247344970703
2017-12-04,84.41999816894531,84.43000030517578,80.69999694824219,81.08000183105469,39094900,74.24072265625
2017-12-05,81.33999633789062,82.68000030517578,80.9800033569336,81.58999633789062,26152300,74.70768737792969
2017-12-06,81.55000305175781,83.13999938964844,81.43000030517578,82.77999877929688,26162100,75.79730224609375
2017-12-07,82.54000091552734,82.80000305175781,82.0,82.48999786376953,23184500,75.53175354003906
2017-12-08,83.62999725341797,84.58000183105469,83.33000183105469,84.16000366210938,24489100,77.06090545654297
2017-12-11,84.29000091552734,85.37000274658203,84.12000274658203,85.2300033569336,22857900,78.04065704345703
2017-12-12,85.30999755859375,86.05000305175781,85.08000183105469,85.58000183105469,23924100,78.36112213134766
2017-12-13,85.73999786376953,86.0,85.16999816894531,85.3499984741211,22062700,78.15052032470703
2017-12-14,85.43000030517578,85.87000274658203,84.52999877929688,84.69000244140625,19306000,77.54619598388672
2017-12-15,85.26000213623047,87.08999633789062,84.87999725341797,86.8499984741211,53936700,79.52396392822266
2017-12-18,87.12000274658203,87.5,86.2300033569336,86.37999725341797,22283800,79.0936279296875
2017-12-19,86.3499984741211,86.3499984741211,85.2699966430664,85.83000183105469,23524800,78.59003448486328
2017-12-20,86.19999694824219,86.30000305175781,84.70999908447266,85.5199966430664,23674900,78.30618286132812
2017-12-21,86.05000305175781,86.0999984741211,85.4000015258789,85.5,17990700,78.28784942626953
2017-12-22,85.4000015258789,85.62999725341797,84.91999816894531,85.51000213623047,14145800,78.2970199584961
2017-12-26,85.30999755859375,85.52999877929688,85.02999877929688,85.4000015258789,9891200,78.19630432128906
2017-12-27,85.6500015258789,85.9800033569336,85.22000122070312,85.70999908447266,14678000,78.48013305664062
2017-12-28,85.9000015258789,85.93000030517578,85.55000305175781,85.72000122070312,10594300,78.48929595947266
2017-12-29,85.62999725341797,86.05000305175781,85.5,85.54000091552734,18717400,78.32447814941406
2018-01-02,86.12999725341797,86.30999755859375,85.5,85.94999694824219,22483800,78.69989013671875
2018-01-03,86.05999755859375,86.51000213623047,85.97000122070312,86.3499984741211,26061400,79.06615447998047
2018-01-04,86.58999633789062,87.66000366210938,86.56999969482422,87.11000061035156,21912000,79.76204681396484
2018-01-05,87.66000366210938,88.41000366210938,87.43000030517578,88.19000244140625,23407100,80.75094604492188
2018-01-08,88.19999694824219,88.58000183105469,87.5999984741211,88.27999877929688,22113000,80.83334350585938
2018-01-09,88.6500015258789,88.7300033569336,87.86000061035156,88.22000122070312,19484300,80.77843475341797
2018-01-10,87.86000061035156,88.19000244140625,87.41000366210938,87.81999969482422,18652200,80.41219329833984
2018-01-11,88.12999725341797,88.12999725341797,87.23999786376953,88.08000183105469,17808900,80.65023803710938
2018-01-12,88.66999816894531,89.77999877929688,88.44999694824219,89.5999984741211,24271500,82.04202270507812
2018-01-16,90.0999984741211,90.79000091552734,88.01000213623047,88.3499984741211,36599700,80.89746856689453
2018-01-17,89.08000183105469,90.27999877929688,88.75,90.13999938964844,25621200,82.53646850585938
2018-01-18,89.80000305175781,90.66999816894533,89.66000366210938,90.0999984741211,24159700,82.4998550415039
2018-01-19,90.13999938964844,90.61000061035156,89.66000366210938,90.0,36875000,82.4083023071289
2018-01-22,90.0,91.62000274658205,89.73999786376953,91.61000061035156,23601600,83.88247680664062
2018-01-23,91.9000015258789,92.3000030517578,91.54000091552734,91.9000015258789,23412800,84.14801788330078
2018-01-24,92.5500030517578,93.43000030517578,91.58000183105467,91.81999969482422,33277500,84.07476043701172
2018-01-25,92.47000122070312,93.23999786376952,91.93000030517578,92.33000183105467,26383200,84.541748046875
2018-01-26,93.12000274658205,94.05999755859376,92.58000183105467,94.05999755859376,29172200,86.12580108642578
2018-01-29,95.13999938964844,95.4499969482422,93.72000122070312,93.91999816894533,31569900,85.99761962890625
2018-01-30,93.3000030517578,93.66000366210938,92.0999984741211,92.73999786376952,38635100,84.91716003417969
2018-01-31,93.75,95.4000015258789,93.51000213623048,95.01000213623048,48756300,86.99566650390625
2018-02-01,94.79000091552734,96.06999969482422,93.58000183105467,94.26000213623048,47227900,86.3089599609375
2018-02-02,93.63999938964844,93.97000122070312,91.5,91.77999877929688,47867800,84.03811645507812
2018-02-05,90.55999755859376,93.23999786376952,88.0,88.0,51031500,80.5770034790039
2018-02-06,86.88999938964844,91.4800033569336,85.25,91.33000183105467,67998600,83.62609100341797
2018-02-07,90.48999786376952,91.7699966430664,89.19999694824219,89.61000061035156,41107600,82.05118560791016
2018-02-08,89.70999908447266,89.87999725341797,84.76000213623047,85.01000213623047,55628700,77.83921813964844
2018-02-09,86.30000305175781,88.93000030517578,83.83000183105469,88.18000030517578,63499100,80.74181365966797
2018-02-12,88.73999786376953,89.77999877929688,87.93000030517578,89.12999725341797,35720300,81.61166381835938
2018-02-13,88.93000030517578,90.0,87.80000305175781,89.83000183105469,26407700,82.25260925292969
2018-02-14,88.51000213623047,90.98999786376952,88.41000366210938,90.80999755859376,34960900,83.54057312011719
2018-02-15,91.20999908447266,92.72000122070312,90.62000274658205,92.66000366210938,27823900,85.24246978759766
2018-02-16,92.4499969482422,93.5,91.8000030517578,92.0,30596900,84.63528442382812
2018-02-20,91.4800033569336,93.05999755859376,91.01000213623048,92.72000122070312,30911700,85.29764556884766
2018-02-21,92.9800033569336,93.36000061035156,91.48999786376952,91.48999786376952,26922500,84.1661376953125
2018-02-22,92.0500030517578,92.7300033569336,91.36000061035156,91.7300033569336,24392800,84.38690185546875
2018-02-23,93.5999984741211,94.06999969482422,92.36000061035156,94.05999755859376,26329200,86.5303726196289
2018-02-26,94.4000015258789,95.4499969482422,94.25,95.41999816894533,30199800,87.781494140625
2018-02-27,95.73999786376952,95.83999633789062,94.1999969482422,94.1999969482422,25869100,86.65917205810547
2018-02-28,94.83999633789062,95.70999908447266,93.62999725341795,93.7699966430664,31167300,86.26358795166016
2018-03-01,93.98999786376952,94.56999969482422,91.83999633789062,92.8499984741211,37135600,85.41724395751953
2018-03-02,91.58000183105467,93.1500015258789,90.86000061035156,93.0500030517578,32830400,85.60124969482422
2018-03-05,92.33999633789062,94.2699966430664,92.26000213623048,93.63999938964844,23901600,86.14400482177734
2018-03-06,94.33999633789062,94.48999786376952,92.94000244140624,93.31999969482422,22175800,85.849609375
2018-03-07,93.16000366210938,93.94000244140624,92.43000030517578,93.86000061035156,26716100,86.34639739990234
2018-03-08,94.2699966430664,95.0999984741211,93.7699966430664,94.43000030517578,25887800,86.87078094482422
2018-03-09,95.29000091552734,96.54000091552734,95.0,96.54000091552734,36937300,88.81184387207031
2018-03-12,96.5,97.20999908447266,96.04000091552734,96.7699966430664,26073700,89.0234375
2018-03-13,97.0,97.23999786376952,93.97000122070312,94.41000366210938,35387800,86.85234832763672
2018-03-14,95.12000274658205,95.41000366210938,93.5,93.8499984741211,32132000,86.33721160888672
2018-03-15,93.52999877929688,94.58000183105467,92.83000183105467,94.18000030517578,27611000,86.64076232910156
2018-03-16,94.68000030517578,95.37999725341795,93.91999816894533,94.5999984741211,49081300,87.02716064453125
2018-03-19,93.73999786376952,93.9000015258789,92.11000061035156,92.88999938964844,33344100,85.45402526855469
2018-03-20,93.0500030517578,93.7699966430664,93.0,93.12999725341795,23075200,85.67484283447266
2018-03-21,92.93000030517578,94.0500030517578,92.20999908447266,92.4800033569336,24457100,85.07684326171875
2018-03-22,91.2699966430664,91.75,89.66000366210938,89.79000091552734,38604700,82.6021957397461
2018-03-23,89.5,90.45999908447266,87.08000183105469,87.18000030517578,44068900,80.20114135742188
2018-03-26,90.61000061035156,94.0,90.4000015258789,93.77999877929688,56396800,86.27278137207031
2018-03-27,94.94000244140624,95.13999938964844,88.51000213623047,89.47000122070312,56569000,82.30781555175781
2018-03-28,89.81999969482422,91.2300033569336,88.87000274658203,89.38999938964844,52501100,82.23422241210938
2018-03-29,90.18000030517578,92.29000091552734,88.4000015258789,91.2699966430664,45867500,83.96373748779297
2018-04-02,90.47000122070312,90.87999725341795,87.51000213623047,88.5199966430664,48515400,81.43387603759766
2018-04-03,89.58000183105469,90.05000305175781,87.88999938964844,89.70999908447266,37213800,82.52859497070312
2018-04-04,87.8499984741211,92.76000213623048,87.7300033569336,92.33000183105467,35560000,84.93887329101562
2018-04-05,92.44000244140624,93.06999969482422,91.4000015258789,92.37999725341795,29771900,84.98486328125
2018-04-06,91.48999786376952,92.45999908447266,89.4800033569336,90.2300033569336,38026000,83.00698852539062
2018-04-09,91.04000091552734,93.16999816894533,90.62000274658205,90.7699966430664,31533900,83.50373840332031
2018-04-10,92.38999938964844,93.27999877929688,91.63999938964844,92.87999725341795,26812000,85.44483184814453
2018-04-11,92.01000213623048,93.29000091552734,91.4800033569336,91.86000061035156,24872100,84.5064926147461
2018-04-12,92.43000030517578,94.16000366210938,92.43000030517578,93.58000183105467,26758900,86.08882141113281
2018-04-13,94.0500030517578,94.18000030517578,92.44000244140624,93.08000183105467,23346100,85.62881469726562
2018-04-16,94.06999969482422,94.66000366210938,93.41999816894533,94.16999816894533,20288100,86.63158416748047
2018-04-17,95.0,96.54000091552734,94.87999725341795,96.06999969482422,26771000,88.37947082519531
2018-04-18,96.22000122070312,96.72000122070312,95.5199966430664,96.44000244140624,21043300,88.71986389160156
2018-04-19,96.44000244140624,97.06999969482422,95.33999633789062,96.11000061035156,23552500,88.4162826538086
2018-04-20,95.91000366210938,96.11000061035156,94.0500030517578,95.0,31154400,87.39510345458984
2018-04-23,95.73999786376952,96.29000091552734,94.62999725341795,95.3499984741211,22331800,87.71711730957031
2018-04-24,96.23999786376952,96.47000122070312,92.41000366210938,93.12000274658205,34524800,85.66561889648438
2018-04-25,93.3000030517578,93.3000030517578,90.27999877929688,92.30999755859376,33729300,84.92047119140625
2018-04-26,93.5500030517578,95.1500015258789,93.0999984741211,94.26000213623048,42529000,86.7143783569336
2018-04-27,97.5999984741211,97.9000015258789,93.91000366210938,95.81999969482422,48272800,88.14949798583984
2018-04-30,96.33000183105467,96.4000015258789,93.1500015258789,93.5199966430664,41523600,86.0335922241211
2018-05-01,93.20999908447266,95.29000091552734,92.79000091552734,95.0,31408900,87.39510345458984
2018-05-02,94.98999786376952,95.16999816894533,93.19000244140624,93.51000213623048,27471000,86.02442169189453
2018-05-03,92.95999908447266,94.93000030517578,92.4499969482422,94.06999969482422,31142500,86.53958892822266
2018-05-04,93.31999969482422,95.37000274658205,92.91999816894533,95.16000366210938,22531300,87.54232788085938
2018-05-07,95.16999816894533,96.70999908447266,95.0999984741211,96.22000122070312,24242000,88.51747131347656
2018-05-08,95.8499984741211,96.16000366210938,95.05999755859376,95.80999755859376,23484600,88.14028930664062
2018-05-09,96.01000213623048,96.97000122070312,95.0500030517578,96.94000244140624,27327400,89.17986297607422
2018-05-10,97.45999908447266,97.9499969482422,97.0500030517578,97.91000366210938,22388100,90.07217407226562
2018-05-11,97.8000030517578,97.87000274658205,97.04000091552734,97.6999969482422,16778300,89.87899017333984
2018-05-14,97.91999816894533,98.69000244140624,97.30999755859376,98.02999877929688,19454100,90.1825714111328
2018-05-15,97.23999786376952,97.8499984741211,96.33999633789062,97.31999969482422,24594000,89.52941131591797
2018-05-16,97.36000061035156,97.4000015258789,96.62000274658205,97.1500015258789,17384700,89.7603759765625
2018-05-17,96.76000213623048,97.54000091552734,95.83000183105467,96.18000030517578,17246700,88.86417388916016
2018-05-18,96.01000213623048,96.93000030517578,96.01000213623048,96.36000061035156,17865800,89.03047180175781
2018-05-21,97.0,98.01000213623048,96.8000030517578,97.5999984741211,19422500,90.17616271972656
2018-05-22,97.68000030517578,98.16999816894533,97.1999969482422,97.5,15441200,90.0837860107422
2018-05-23,96.70999908447266,98.7300033569336,96.31999969482422,98.66000366210938,21251200,91.15553283691406
2018-05-24,98.7300033569336,98.94000244140624,96.80999755859376,98.30999755859376,26649300,90.8321762084961
2018-05-25,98.3000030517578,98.9800033569336,97.86000061035156,98.36000061035156,18363900,90.87835693359376
2018-05-29,97.83999633789062,98.87999725341795,97.2300033569336,98.01000213623048,28671000,90.55496978759766
2018-05-30,98.30999755859376,99.25,97.91000366210938,98.9499969482422,22158500,91.42350006103516
2018-05-31,99.29000091552734,99.98999786376952,98.61000061035156,98.83999633789062,34140900,91.32185363769533
2018-06-01,99.27999877929688,100.86000061035156,99.16999816894533,100.79000091552734,28655600,93.1235122680664
2018-06-04,101.26000213623048,101.86000061035156,100.8499984741211,101.66999816894533,27281600,93.93658447265624
2018-06-05,102.0,102.33000183105467,101.52999877929688,102.19000244140624,23514400,94.4170379638672
2018-06-06,102.4800033569336,102.5999984741211,101.9000015258789,102.48999786376952,21122900,94.69422149658205
2018-06-07,102.6500015258789,102.69000244140624,100.37999725341795,100.87999725341795,28232200,93.20667266845705
2018-06-08,101.08999633789062,101.9499969482422,100.54000091552734,101.62999725341795,22165100,93.89965057373048
2018-06-11,101.01000213623048,101.58999633789062,100.66999816894533,101.0500030517578,23490900,93.36376190185548
2018-06-12,101.0999984741211,101.4499969482422,100.75,101.30999755859376,18325200,93.60396575927734
2018-06-13,101.72000122070312,102.01000213623048,100.55999755859376,100.8499984741211,29492900,93.1789779663086
2018-06-14,101.6500015258789,102.02999877929688,101.0,101.41999816894533,25691800,93.7056121826172
2018-06-15,101.51000213623048,101.52999877929688,100.06999969482422,100.12999725341795,65738600,92.51374053955078
2018-06-18,100.01000213623048,101.11000061035156,99.41999816894533,100.86000061035156,23586000,93.1882095336914
2018-06-19,99.6500015258789,101.0,99.5,100.86000061035156,28653100,93.1882095336914
2018-06-20,101.37000274658205,102.5199966430664,101.12000274658205,101.87000274658205,26180800,94.12139129638672
2018-06-21,102.08000183105467,102.45999908447266,100.87999725341795,101.13999938964844,23198200,93.44690704345705
2018-06-22,100.41000366210938,100.7699966430664,99.62999725341795,100.41000366210938,38923100,92.77243041992188
2018-06-25,100.0,100.11000061035156,97.3000030517578,98.38999938964844,35433300,90.90608978271484
2018-06-26,98.81999969482422,100.08000183105467,98.75,99.08000183105467,26897200,91.5436019897461
2018-06-27,99.58000183105467,100.0199966430664,97.4000015258789,97.54000091552734,31298400,90.1207275390625
2018-06-28,97.37999725341795,99.11000061035156,97.26000213623048,98.62999725341795,26650700,91.1278305053711
2018-06-29,98.93000030517578,99.91000366210938,98.33000183105467,98.61000061035156,28053200,91.10935974121094
2018-07-02,98.0999984741211,100.05999755859376,98.0,100.01000213623048,19564500,92.40287017822266
2018-07-03,100.4800033569336,100.62999725341795,98.94000244140624,99.0500030517578,14670300,91.51587677001952
2018-07-05,99.5,99.91999816894533,99.02999877929688,99.76000213623048,18977400,92.17188262939452
2018-07-06,99.88999938964844,101.43000030517578,99.66999816894533,101.16000366210938,19234600,93.46540832519533
2018-07-09,101.6500015258789,102.25,101.25,101.8499984741211,18212000,94.10289764404295
2018-07-10,102.0,102.51000213623048,101.86000061035156,102.12000274658205,19293100,94.35233306884766
2018-07-11,101.1500015258789,102.33999633789062,101.0999984741211,101.9800033569336,19644600,94.22303009033205
2018-07-12,102.7699966430664,104.41000366210938,102.7300033569336,104.19000244140624,24335900,96.26490783691406
2018-07-13,104.37000274658205,105.5999984741211,104.08999633789062,105.43000030517578,24635200,97.41059112548828
2018-07-16,105.4000015258789,105.81999969482422,104.5199966430664,104.91000366210938,21786900,96.9301528930664
2018-07-17,104.61000061035156,106.5,104.31999969482422,105.9499969482422,25901700,97.89102172851562
2018-07-18,105.94000244140624,106.0500030517578,104.72000122070312,105.12000274658205,29493900,97.12417602539062
2018-07-19,104.93000030517578,105.30999755859376,103.88999938964844,104.4000015258789,40171600,96.45895385742188
2018-07-20,108.08000183105467,108.1999969482422,106.08000183105467,106.2699966430664,56004000,98.18667602539062
2018-07-23,106.3000030517578,108.13999938964844,106.12999725341795,107.97000122070312,29707000,99.75739288330078
2018-07-24,108.56999969482422,108.81999969482422,107.26000213623048,107.66000366210938,26316600,99.47097778320312
2018-07-25,107.95999908447266,111.1500015258789,107.5999984741211,110.83000183105467,30702100,102.39984893798828
2018-07-26,110.73999786376952,111.0,109.5,109.62000274658205,31372100,101.28186798095705
2018-07-27,110.18000030517578,110.18000030517578,106.13999938964844,107.68000030517578,37005300,99.48944091796876
2018-07-30,107.19000244140624,107.52999877929688,104.76000213623048,105.37000274658205,34668300,97.35517120361328
2018-07-31,106.48999786376952,106.72000122070312,105.37999725341795,106.08000183105467,27655200,98.01114654541016
2018-08-01,106.02999877929688,106.4499969482422,105.41999816894533,106.27999877929688,23628700,98.1959457397461
2018-08-02,105.4000015258789,108.08999633789062,104.83999633789062,107.56999969482422,26104300,99.38782501220705
2018-08-03,107.8000030517578,108.0500030517578,106.81999969482422,108.04000091552734,18659600,99.82205963134766
2018-08-06,108.12000274658205,108.41999816894533,107.55999755859376,108.12999725341795,20265900,99.90522003173828
2018-08-07,108.55999755859376,109.0999984741211,108.16999816894533,108.87999725341795,16080200,100.59815979003906
2018-08-08,109.33000183105467,109.75,108.76000213623048,109.48999786376952,15487500,101.1617660522461
2018-08-09,109.70999908447266,110.16000366210938,109.5999984741211,109.66999816894533,13677200,101.32808685302734
2018-08-10,109.41999816894533,109.69000244140624,108.37999725341795,109.0,18183700,100.70904541015624
2018-08-13,109.23999786376952,109.58000183105467,108.0999984741211,108.20999908447266,18472500,99.97913360595705
2018-08-14,108.55999755859376,109.75,108.04000091552734,109.55999755859376,16788300,101.2264404296875
2018-08-15,108.48999786376952,108.98999786376952,106.81999969482422,107.66000366210938,29982800,99.853759765625
2018-08-16,108.3000030517578,108.86000061035156,107.3000030517578,107.63999938964844,21384300,99.835205078125
2018-08-17,107.36000061035156,107.9000015258789,106.69000244140624,107.58000183105467,18061500,99.779541015625
2018-08-20,107.51000213623048,107.9000015258789,106.4800033569336,106.87000274658205,17914200,99.12104034423828
2018-08-21,106.91999816894533,107.3499984741211,105.8499984741211,105.9800033569336,22881900,98.29557800292967
2018-08-22,105.8499984741211,107.33999633789062,105.77999877929688,107.05999755859376,18000600,99.29725646972656
2018-08-23,107.1500015258789,108.18000030517578,106.87000274658205,107.55999755859376,18167700,99.76100158691406
2018-08-24,107.66999816894533,108.55999755859376,107.55999755859376,108.4000015258789,17234000,100.54010772705078
2018-08-27,109.2699966430664,109.63999938964844,108.51000213623048,109.5999984741211,19662300,101.65309143066406
2018-08-28,109.94000244140624,110.5,109.79000091552734,110.26000213623048,19151500,102.2652587890625
2018-08-29,110.4499969482422,112.02999877929688,110.2699966430664,112.0199966430664,20818000,103.89762878417967
2018-08-30,111.66999816894533,112.61000061035156,111.44000244140624,111.9499969482422,22798700,103.83271026611328
2018-08-31,111.69000244140624,112.77999877929688,111.5199966430664,112.33000183105467,23222700,104.18516540527344
2018-09-04,110.8499984741211,111.95999908447266,110.22000122070312,111.70999908447266,22634600,103.61011505126952
2018-09-05,111.01000213623048,111.41999816894533,108.0999984741211,108.48999786376952,32872400,100.6235809326172
2018-09-06,108.25,108.98999786376952,107.51000213623048,108.73999786376952,23477600,100.85543823242188
2018-09-07,108.2300033569336,108.72000122070312,107.2300033569336,108.20999908447266,22498600,100.36387634277344
2018-09-10,108.83999633789062,109.63999938964844,108.36000061035156,109.37999725341795,20727900,101.44904327392578
2018-09-11,108.9000015258789,111.58999633789062,108.88999938964844,111.23999786376952,24301800,103.17415618896484
2018-09-12,111.43000030517578,111.8499984741211,110.51000213623048,111.70999908447266,18891100,103.61011505126952
2018-09-13,112.12000274658205,113.7300033569336,112.12000274658205,112.91000366210938,26055600,104.72308349609376
2018-09-14,113.36000061035156,113.7300033569336,112.44000244140624,113.37000274658205,19122300,105.14972686767578
2018-09-17,113.69000244140624,113.6999969482422,111.86000061035156,112.13999938964844,20736500,104.00891876220705
2018-09-18,112.19000244140624,113.6999969482422,111.72000122070312,113.20999908447266,22170900,105.00132751464844
2018-09-19,113.0500030517578,113.31999969482422,111.04000091552734,111.6999969482422,21728400,103.60082244873048
2018-09-20,112.27999877929688,113.8000030517578,111.93000030517578,113.56999969482422,23714500,105.33524322509766
2018-09-21,114.0,115.29000091552734,113.51000213623048,114.26000213623048,71229700,105.97521209716795
2018-09-24,113.02999877929688,114.9000015258789,112.22000122070312,114.66999816894533,27334500,106.35545349121094
2018-09-25,114.8000030517578,115.0999984741211,113.75,114.4499969482422,22668000,106.15143585205078
2018-09-26,114.47000122070312,115.05999755859376,113.73999786376952,113.9800033569336,19352000,105.71551513671876
2018-09-27,114.77999877929688,114.91000366210938,114.1999969482422,114.41000366210938,19091300,106.11433410644533
2018-09-28,114.19000244140624,114.56999969482422,113.68000030517578,114.37000274658205,21647800,106.07723236083984
2018-10-01,114.75,115.68000030517578,114.7300033569336,115.61000061035156,18883100,107.2273406982422
2018-10-02,115.3000030517578,115.83999633789062,114.44000244140624,115.1500015258789,20787200,106.80068969726562
2018-10-03,115.41999816894533,116.18000030517578,114.93000030517578,115.16999816894533,16648000,106.8192367553711
2018-10-04,114.61000061035156,114.76000213623048,111.62999725341795,112.79000091552734,34821700,104.6117935180664
2018-10-05,112.62999725341795,113.16999816894533,110.63999938964844,112.12999725341795,29068900,103.99964904785156
2018-10-08,111.66000366210938,112.02999877929688,109.33999633789062,110.8499984741211,29640600,102.81246948242188
2018-10-09,111.13999938964844,113.08000183105467,110.8000030517578,112.26000213623048,26198600,104.1202163696289
2018-10-10,111.23999786376952,111.5,105.79000091552734,106.16000366210938,61376300,98.4625473022461
2018-10-11,105.3499984741211,108.93000030517578,104.1999969482422,105.91000366210938,63904300,98.23063659667967
2018-10-12,109.01000213623048,111.23999786376952,107.12000274658205,109.56999969482422,47742100,101.62525939941406
2018-10-15,108.91000366210938,109.4800033569336,106.9499969482422,107.5999984741211,32068100,99.7981185913086
2018-10-16,109.54000091552734,111.41000366210938,108.9499969482422,111.0,31610200,102.95160675048828
2018-10-17,111.68000030517578,111.80999755859376,109.5500030517578,110.70999908447266,26548200,102.68257904052734
2018-10-18,110.0999984741211,110.52999877929688,107.83000183105467,108.5,32506200,100.63284301757812
2018-10-19,108.93000030517578,110.86000061035156,108.20999908447266,108.66000366210938,32785500,100.78126525878906
2018-10-22,109.31999969482422,110.54000091552734,108.23999786376952,109.62999725341795,26545600,101.68092346191406
2018-10-23,107.7699966430664,108.97000122070312,105.11000061035156,108.0999984741211,43770400,100.26184844970705
2018-10-24,108.41000366210938,108.48999786376952,101.58999633789062,102.31999969482422,63897800,94.90097045898438
2018-10-25,106.5500030517578,109.2699966430664,106.1500015258789,108.3000030517578,61646800,100.44738006591795
2018-10-26,105.69000244140624,108.75,104.76000213623048,106.95999908447266,55523100,99.20453643798828
2018-10-29,108.11000061035156,108.6999969482422,101.62999725341795,103.8499984741211,55162000,96.32001495361328
2018-10-30,103.66000366210938,104.37999725341795,100.11000061035156,103.7300033569336,65350900,96.20870971679688
2018-10-31,105.44000244140624,108.13999938964844,105.38999938964844,106.80999755859376,51062400,99.06539916992188
2018-11-01,107.0500030517578,107.31999969482422,105.52999877929688,105.91999816894533,33384200,98.23993682861328
2018-11-02,106.4800033569336,107.31999969482422,104.9800033569336,106.16000366210938,37680200,98.4625473022461
2018-11-05,106.37000274658205,107.73999786376952,105.9000015258789,107.51000213623048,27922100,99.71465301513672
2018-11-06,107.37999725341795,108.83999633789062,106.27999877929688,107.72000122070312,24340200,99.90938568115234
2018-11-07,109.44000244140624,112.23999786376952,109.4000015258789,111.95999908447266,37901700,103.84197998046876
2018-11-08,111.8000030517578,112.20999908447266,110.91000366210938,111.75,25644100,103.64718627929688
2018-11-09,110.8499984741211,111.4499969482422,108.76000213623048,109.56999969482422,32039200,101.62525939941406
2018-11-12,109.41999816894533,109.95999908447266,106.0999984741211,106.87000274658205,33621800,99.12104034423828
2018-11-13,107.5500030517578,108.73999786376952,106.63999938964844,106.94000244140624,35374600,99.1859359741211
2018-11-14,108.0999984741211,108.26000213623048,104.47000122070312,104.97000122070312,39495100,97.7793960571289
2018-11-15,104.98999786376952,107.8000030517578,103.91000366210938,107.27999877929688,38505200,99.93115997314452
2018-11-16,107.08000183105467,108.87999725341795,106.8000030517578,108.29000091552734,33502100,100.87198638916016
2018-11-19,108.2699966430664,108.55999755859376,103.5500030517578,104.62000274658205,44773900,97.4533920288086
2018-11-20,101.8000030517578,102.97000122070312,99.3499984741211,101.70999908447266,64052500,94.7426986694336
2018-11-21,103.5999984741211,104.43000030517578,102.23999786376952,103.11000061035156,28130600,96.04680633544922
2018-11-23,102.16999816894533,103.80999755859376,102.0,103.06999969482422,13823100,96.00957489013672
2018-11-26,104.79000091552734,106.62999725341795,104.58000183105467,106.47000122070312,32336200,99.1766586303711
2018-11-27,106.2699966430664,107.33000183105467,105.36000061035156,107.13999938964844,29124500,99.80075073242188
2018-11-28,107.88999938964844,111.33000183105467,107.86000061035156,111.12000274658205,46788500,103.50812530517578
2018-11-29,110.33000183105467,111.12000274658205,109.02999877929688,110.19000244140624,28123200,102.64183807373048
2018-11-30,110.6999969482422,110.97000122070312,109.36000061035156,110.88999938964844,33665600,103.29387664794922
2018-12-03,113.0,113.41999816894533,110.7300033569336,112.08999633789062,34732800,104.4116668701172
2018-12-04,111.94000244140624,112.63999938964844,108.20999908447266,108.5199966430664,45197000,101.08621978759766
2018-12-06,105.81999969482422,109.23999786376952,105.0,109.19000244140624,49107400,101.71034240722656
2018-12-07,108.37999725341795,109.4499969482422,104.3000030517578,104.81999969482422,45044900,97.63968658447266
2018-12-10,104.8000030517578,107.9800033569336,103.88999938964844,107.58999633789062,40801500,100.2199249267578
2018-12-11,109.8000030517578,110.9499969482422,107.44000244140624,108.58999633789062,42381900,101.15142059326172
2018-12-12,110.88999938964844,111.2699966430664,109.04000091552734,109.08000183105467,36183000,101.60787963867188
2018-12-13,109.58000183105467,110.87000274658205,108.62999725341795,109.4499969482422,31333400,101.9525146484375
2018-12-14,108.25,109.26000213623048,105.5,106.02999877929688,47043100,98.76678466796876
2018-12-17,105.41000366210938,105.8000030517578,101.70999908447266,102.88999938964844,56957300,95.84187316894533
2018-12-18,103.75,104.51000213623048,102.5199966430664,103.97000122070312,49319200,96.84790802001952
2018-12-19,103.6500015258789,106.87999725341795,101.3499984741211,103.69000244140624,68198200,96.58708953857422
2018-12-20,103.0500030517578,104.30999755859376,98.77999877929688,101.51000213623048,70334200,94.55643463134766
2018-12-21,101.62999725341795,103.0,97.45999908447266,98.2300033569336,111242100,91.50110626220705
2018-12-24,97.68000030517578,97.97000122070312,93.9800033569336,94.12999725341795,43935200,87.68195343017578
2018-12-26,95.13999938964844,100.69000244140624,93.95999908447266,100.55999755859376,51634800,93.67149353027344
2018-12-27,99.3000030517578,101.19000244140624,96.4000015258789,101.18000030517578,49498500,94.24901580810548
2018-12-28,102.08999633789062,102.41000366210938,99.5199966430664,100.38999938964844,38196300,93.51315307617188
2018-12-31,101.29000091552734,102.4000015258789,100.44000244140624,101.56999969482422,33173800,94.61231231689452
2019-01-02,99.5500030517578,101.75,98.94000244140624,101.12000274658205,35329300,94.19314575195312
2019-01-03,100.0999984741211,100.19000244140624,97.1999969482422,97.4000015258789,42579100,90.72797393798828
2019-01-04,99.72000122070312,102.51000213623048,98.93000030517578,101.93000030517578,44060600,94.94763946533205
2019-01-07,101.63999938964844,103.2699966430664,100.9800033569336,102.05999755859376,35656100,95.06874084472656
2019-01-08,103.04000091552734,103.97000122070312,101.70999908447266,102.8000030517578,31514400,95.75804901123048
2019-01-09,103.86000061035156,104.87999725341795,103.23999786376952,104.2699966430664,32280800,97.12735748291016
2019-01-10,103.22000122070312,103.75,102.37999725341795,103.5999984741211,30067600,96.50324249267578
2019-01-11,103.19000244140624,103.44000244140624,101.63999938964844,102.8000030517578,28314200,95.75804901123048
2019-01-14,101.9000015258789,102.87000274658205,101.26000213623048,102.0500030517578,28437100,95.0594482421875
2019-01-15,102.51000213623048,105.0500030517578,101.87999725341795,105.01000213623048,31587600,97.81665802001952
2019-01-16,105.26000213623048,106.26000213623048,104.95999908447266,105.37999725341795,29853900,98.16130828857422
2019-01-17,105.0,106.62999725341795,104.76000213623048,106.12000274658205,28393000,98.85065460205078
2019-01-18,107.45999908447266,107.9000015258789,105.91000366210938,107.70999908447266,37427600,100.33171081542967
2019-01-22,106.75,107.0999984741211,104.86000061035156,105.68000030517578,32371300,98.4407730102539
2019-01-23,106.12000274658205,107.04000091552734,105.33999633789062,106.70999908447266,25874300,99.40020751953124
2019-01-24,106.86000061035156,107.0,105.33999633789062,106.1999969482422,23164800,98.92513275146484
2019-01-25,107.23999786376952,107.87999725341795,106.1999969482422,107.16999816894533,31225600,99.82870483398438
2019-01-28,106.26000213623048,106.4800033569336,104.66000366210938,105.08000183105467,29476700,97.88188934326172
2019-01-29,104.87999725341795,104.97000122070312,102.16999816894533,102.94000244140624,31490500,95.88846588134766
2019-01-30,104.62000274658205,106.37999725341795,104.33000183105467,106.37999725341795,49471900,99.09282684326172
2019-01-31,103.8000030517578,105.22000122070312,103.18000030517578,104.43000030517578,55636400,97.27639770507812
2019-02-01,103.77999877929688,104.0999984741211,102.3499984741211,102.77999877929688,35535700,95.73942565917967
2019-02-04,102.87000274658205,105.8000030517578,102.7699966430664,105.73999786376952,31315100,98.49665832519533
2019-02-05,106.05999755859376,107.2699966430664,105.95999908447266,107.22000122070312,27325400,99.87525939941406
2019-02-06,107.0,107.0,105.52999877929688,106.02999877929688,20609800,98.76678466796876
2019-02-07,105.19000244140624,105.58999633789062,104.29000091552734,105.2699966430664,29760700,98.05885314941406
2019-02-08,104.38999938964844,105.77999877929688,104.26000213623048,105.66999816894533,21461100,98.43144989013672
2019-02-11,106.1999969482422,106.58000183105467,104.97000122070312,105.25,18914100,98.04021453857422
2019-02-12,106.13999938964844,107.13999938964844,105.4800033569336,106.88999938964844,25056600,99.56786346435548
2019-02-13,107.5,107.77999877929688,106.70999908447266,106.80999755859376,18394900,99.49339294433594
2019-02-14,106.30999755859376,107.29000091552734,105.66000366210938,106.9000015258789,21784700,99.57723236083984
2019-02-15,107.91000366210938,108.3000030517578,107.36000061035156,108.22000122070312,26606900,100.80677032470705
2019-02-19,107.79000091552734,108.66000366210938,107.77999877929688,108.16999816894533,18038500,100.7602310180664
2019-02-20,107.86000061035156,107.94000244140624,106.29000091552734,107.1500015258789,21607700,100.23634338378906
2019-02-21,106.9000015258789,109.4800033569336,106.87000274658205,109.41000366210938,29063200,102.35052490234376
2019-02-22,110.0500030517578,111.1999969482422,109.81999969482422,110.97000122070312,27763200,103.8098602294922
2019-02-25,111.76000213623048,112.18000030517578,111.26000213623048,111.58999633789062,23750600,104.38982391357422
2019-02-26,111.26000213623048,113.23999786376952,111.16999816894533,112.36000061035156,21536700,105.11017608642578
2019-02-27,111.69000244140624,112.36000061035156,110.87999725341795,112.16999816894533,21487100,104.9324188232422
2019-02-28,112.04000091552734,112.87999725341795,111.7300033569336,112.02999877929688,29083900,104.80147552490234
2019-03-01,112.88999938964844,113.0199966430664,111.66999816894533,112.52999877929688,23501200,105.26920318603516
2019-03-04,113.0199966430664,113.25,110.8000030517578,112.26000213623048,26608000,105.0166244506836
2019-03-05,112.25,112.38999938964844,111.2300033569336,111.6999969482422,19538300,104.49273681640624
2019-03-06,111.87000274658205,112.66000366210938,111.43000030517578,111.75,17687000,104.5395278930664
2019-03-07,111.4000015258789,111.5500030517578,109.87000274658205,110.38999938964844,25339000,103.26727294921876
2019-03-08,109.16000366210938,110.70999908447266,108.8000030517578,110.51000213623048,22818400,103.37952423095705
2019-03-11,110.98999786376952,112.9499969482422,110.9800033569336,112.83000183105467,26491600,105.54983520507812
2019-03-12,112.81999969482422,113.98999786376952,112.6500015258789,113.62000274658205,26132700,106.28887176513672
2019-03-13,114.12999725341795,115.0,113.77999877929688,114.5,35513800,107.11209869384766
2019-03-14,114.54000091552734,115.1999969482422,114.33000183105467,114.58999633789062,30763400,107.19628143310548
2019-03-15,115.33999633789062,117.25,114.58999633789062,115.91000366210938,54681100,108.4311065673828
2019-03-18,116.16999816894533,117.61000061035156,116.0500030517578,117.56999969482422,31207600,109.98399353027344
2019-03-19,118.08999633789062,118.44000244140624,116.98999786376952,117.6500015258789,37588700,110.05884552001952
2019-03-20,117.38999938964844,118.75,116.70999908447266,117.5199966430664,28113300,109.93724060058594
2019-03-21,117.13999938964844,120.81999969482422,117.08999633789062,120.22000122070312,29854400,112.4630355834961
2019-03-22,119.5,119.58999633789062,117.04000091552734,117.0500030517578,33624500,109.49755859375
2019-03-25,116.55999755859376,118.01000213623048,116.31999969482422,117.66000366210938,27067100,110.06819915771484
2019-03-26,118.62000274658205,118.70999908447266,116.8499984741211,117.91000366210938,26097700,110.30206298828124
2019-03-27,117.87999725341795,118.20999908447266,115.5199966430664,116.7699966430664,22733400,109.2356185913086
2019-03-28,117.44000244140624,117.58000183105467,116.12999725341795,116.93000030517578,18334800,109.38528442382812
2019-03-29,118.06999969482422,118.31999969482422,116.95999908447266,117.94000244140624,25399800,110.33013916015624
2019-04-01,118.9499969482422,119.11000061035156,118.0999984741211,119.0199966430664,22789100,111.3404312133789
2019-04-02,119.05999755859376,119.4800033569336,118.5199966430664,119.19000244140624,18142300,111.49948120117188
2019-04-03,119.86000061035156,120.43000030517578,119.1500015258789,119.97000122070312,22860700,112.22914123535156
2019-04-04,120.0999984741211,120.2300033569336,118.37999725341795,119.36000061035156,20112800,111.6584930419922
2019-04-05,119.38999938964844,120.2300033569336,119.37000274658205,119.88999938964844,15826200,112.15430450439452
2019-04-08,119.80999755859376,120.0199966430664,118.63999938964844,119.93000030517578,15116200,112.19173431396484
2019-04-09,118.62999725341795,119.54000091552734,118.58000183105467,119.27999877929688,17612000,111.58366394042967
2019-04-10,119.76000213623048,120.3499984741211,119.54000091552734,120.19000244140624,16477200,112.43492889404295
2019-04-11,120.54000091552734,120.8499984741211,119.91999816894533,120.33000183105467,14209100,112.5659408569336
2019-04-12,120.63999938964844,120.9800033569336,120.37000274658205,120.9499969482422,19745100,113.14591979980467
2019-04-15,120.94000244140624,121.58000183105467,120.56999969482422,121.0500030517578,15792600,113.23944854736328
2019-04-16,121.63999938964844,121.6500015258789,120.0999984741211,120.7699966430664,14071800,112.97753143310548
2019-04-17,121.23999786376952,121.8499984741211,120.54000091552734,121.7699966430664,19300900,113.91297912597656
2019-04-18,122.19000244140624,123.5199966430664,121.3000030517578,123.37000274658205,27991000,115.4097671508789
2019-04-22,122.62000274658205,124.0,122.56999969482422,123.76000213623048,15648700,115.7746124267578
2019-04-23,124.0999984741211,125.58000183105467,123.83000183105467,125.44000244140624,24025500,117.34620666503906
2019-04-24,125.79000091552734,125.8499984741211,124.5199966430664,125.01000213623048,31257000,116.94393920898438
2019-04-25,130.05999755859375,131.3699951171875,128.8300018310547,129.14999389648438,38033900,120.81681060791016
2019-04-26,129.6999969482422,130.52000427246094,129.02000427246094,129.88999938964844,23654900,121.50910186767578
2019-04-29,129.89999389648438,130.17999267578125,129.35000610351562,129.77000427246094,16324200,121.39681243896484
2019-04-30,129.80999755859375,130.6999969482422,129.38999938964844,130.60000610351562,24166500,122.17328643798828
2019-05-01,130.52999877929688,130.64999389648438,127.6999969482422,127.87999725341795,26821700,119.62876892089844
2019-05-02,127.9800033569336,128.0,125.5199966430664,126.20999908447266,27350200,118.0665283203125
2019-05-03,127.36000061035156,129.42999267578125,127.25,128.89999389648438,24911100,120.5829620361328
2019-05-06,126.38999938964844,128.55999755859375,126.11000061035156,128.14999389648438,24239800,119.88134765625
2019-05-07,126.45999908447266,127.18000030517578,124.22000122070312,125.5199966430664,36017700,117.4210433959961
2019-05-08,125.44000244140624,126.37000274658205,124.75,125.51000213623048,28419000,117.41168975830078
2019-05-09,124.29000091552734,125.79000091552734,123.56999969482422,125.5,27235800,117.40235137939452
2019-05-10,124.91000366210938,127.93000030517578,123.81999969482422,127.12999725341795,30915100,118.92716217041016
2019-05-13,124.11000061035156,125.5500030517578,123.04000091552734,123.3499984741211,33944900,115.39105224609376
2019-05-14,123.87000274658205,125.87999725341795,123.6999969482422,124.7300033569336,25266300,116.68204498291016
2019-05-15,124.26000213623048,126.70999908447266,123.6999969482422,126.0199966430664,24722700,118.32516479492188
2019-05-16,126.75,129.3800048828125,126.45999908447266,128.92999267578125,30112200,121.0574951171875
2019-05-17,128.30999755859375,130.4600067138672,127.91999816894533,128.07000732421875,25770500,120.24999237060548
2019-05-20,126.5199966430664,127.58999633789062,125.76000213623048,126.22000122070312,23706900,118.51294708251952
2019-05-21,127.43000030517578,127.52999877929688,126.58000183105467,126.9000015258789,15293300,119.15142822265624
2019-05-22,126.62000274658205,128.24000549316406,126.5199966430664,127.66999816894533,15396500,119.87443542480467
2019-05-23,126.1999969482422,126.29000091552734,124.73999786376952,126.18000030517578,23603800,118.4753875732422
2019-05-24,126.91000366210938,127.41999816894533,125.97000122070312,126.23999786376952,14123400,118.5317153930664
2019-05-28,126.9800033569336,128.0,126.0500030517578,126.16000366210938,23128400,118.45661926269533
2019-05-29,125.37999725341795,125.38999938964844,124.04000091552734,124.94000244140624,22763100,117.31111145019533
2019-05-30,125.26000213623048,125.76000213623048,124.77999877929688,125.7300033569336,16829600,118.05287170410156
2019-05-31,124.2300033569336,124.62000274658205,123.31999969482422,123.68000030517578,26646800,116.1280517578125
2019-06-03,123.8499984741211,124.37000274658205,119.01000213623048,119.83999633789062,37983600,112.52249908447266
2019-06-04,121.27999877929688,123.27999877929688,120.6500015258789,123.16000366210938,29382600,115.63980102539062
2019-06-05,124.9499969482422,125.87000274658205,124.20999908447266,125.83000183105467,24926100,118.14676666259766
2019-06-06,126.44000244140624,127.97000122070312,125.5999984741211,127.81999969482422,21459000,120.0152587890625
2019-06-07,129.19000244140625,132.25,128.25999450683594,131.39999389648438,33885600,123.37667083740234
2019-06-10,132.39999389648438,134.0800018310547,132.0,132.60000610351562,26477100,124.50340270996094
2019-06-11,133.8800048828125,134.24000549316406,131.27999877929688,132.10000610351562,23913700,124.03392791748048
2019-06-12,131.39999389648438,131.97000122070312,130.7100067138672,131.49000549316406,17092500,123.46114349365234
2019-06-13,131.97999572753906,133.0,131.55999755859375,132.32000732421875,17200800,124.2405014038086
2019-06-14,132.25999450683594,133.7899932861328,131.63999938964844,132.4499969482422,17821700,124.36253356933594
2019-06-17,132.6300048828125,133.72999572753906,132.52999877929688,132.85000610351562,14517800,124.73812866210938
2019-06-18,134.19000244140625,135.24000549316406,133.57000732421875,135.16000366210938,25934500,126.90705108642578
2019-06-19,135.0,135.92999267578125,133.80999755859375,135.69000244140625,23744400,127.40474700927734
2019-06-20,137.4499969482422,137.66000366210938,135.72000122070312,136.9499969482422,33042600,128.58778381347656
2019-06-21,136.5800018310547,137.72999572753906,136.4600067138672,136.97000122070312,36727900,128.60659790039062
2019-06-24,137.0,138.39999389648438,137.0,137.77999877929688,20628800,129.36708068847656
2019-06-25,137.25,137.58999633789062,132.72999572753906,133.42999267578125,33327400,125.28267669677734
2019-06-26,134.35000610351562,135.74000549316406,133.60000610351562,133.92999267578125,23657700,125.75214385986328
2019-06-27,134.13999938964844,134.7100067138672,133.50999450683594,134.14999389648438,16557500,125.95872497558594
2019-06-28,134.57000732421875,134.60000610351562,133.16000366210938,133.9600067138672,30043000,125.78034973144533
2019-07-01,136.6300048828125,136.6999969482422,134.97000122070312,135.67999267578125,22613500,127.39525604248048
2019-07-02,136.1199951171875,136.58999633789062,135.33999633789062,136.5800018310547,15237800,128.24034118652344
2019-07-03,136.8000030517578,137.74000549316406,136.2899932861328,137.4600067138672,13629300,129.06666564941406
2019-07-05,135.94000244140625,137.3300018310547,135.72000122070312,137.05999755859375,18141100,128.6910400390625
2019-07-08,136.39999389648438,137.10000610351562,135.3699951171875,136.9600067138672,16779700,128.59713745117188
2019-07-09,136.0,136.97000122070312,135.8000030517578,136.4600067138672,19953100,128.12770080566406
2019-07-10,137.1300048828125,138.5800018310547,137.02000427246094,137.85000610351562,24204400,129.4328155517578
2019-07-11,138.1999969482422,139.22000122070312,137.8699951171875,138.39999389648438,22327900,129.9492645263672
2019-07-12,138.85000610351562,139.1300048828125,138.00999450683594,138.89999389648438,18936800,130.418701171875
2019-07-15,139.44000244140625,139.5399932861328,138.4600067138672,138.89999389648438,16651500,130.418701171875
2019-07-16,138.9600067138672,139.0500030517578,136.52000427246094,137.0800018310547,22726100,128.70985412597656
2019-07-17,137.6999969482422,137.92999267578125,136.22000122070312,136.27000427246094,20211000,127.94930267333984
2019-07-18,135.5500030517578,136.6199951171875,134.6699981689453,136.4199981689453,30381800,128.0901641845703
2019-07-19,140.22000122070312,140.6699981689453,136.4499969482422,136.6199951171875,48992400,128.27789306640625
2019-07-22,137.41000366210938,139.19000244140625,137.3300018310547,138.42999267578125,25074900,129.9774169921875
2019-07-23,139.75999450683594,139.99000549316406,138.02999877929688,139.2899932861328,18034600,130.7848663330078
2019-07-24,138.89999389648438,140.74000549316406,138.85000610351562,140.72000122070312,20738300,132.1276092529297
2019-07-25,140.42999267578125,140.61000061035156,139.32000732421875,140.19000244140625,18356900,131.62991333007812
2019-07-26,140.3699951171875,141.67999267578125,140.3000030517578,141.33999633789062,19037600,132.70968627929688
2019-07-29,141.5,141.50999450683594,139.3699951171875,141.02999877929688,16605900,132.41864013671875
2019-07-30,140.13999938964844,141.22000122070312,139.8000030517578,140.35000610351562,16846500,131.78018188476562
2019-07-31,140.3300018310547,140.49000549316406,135.0800018310547,136.27000427246094,38598800,127.94930267333984
2019-08-01,137.0,140.94000244140625,136.92999267578125,138.05999755859375,40557500,129.62997436523438
2019-08-02,138.08999633789062,138.32000732421875,135.25999450683594,136.89999389648438,30791600,128.54080200195312
2019-08-05,133.3000030517578,133.92999267578125,130.77999877929688,132.2100067138672,42749600,124.13721466064452
2019-08-06,133.8000030517578,135.67999267578125,133.2100067138672,134.69000244140625,32696700,126.46578216552734
2019-08-07,133.7899932861328,135.64999389648438,131.8300018310547,135.27999877929688,33414500,127.01973724365234
2019-08-08,136.60000610351562,138.99000549316406,135.92999267578125,138.88999938964844,27496500,130.4093017578125
2019-08-09,138.61000061035156,139.3800048828125,136.4600067138672,137.7100067138672,23466700,129.30136108398438
2019-08-12,137.07000732421875,137.86000061035156,135.24000549316406,135.7899932861328,20484300,127.4985809326172
2019-08-13,136.0500030517578,138.8000030517578,135.0,138.60000610351562,25154600,130.1370391845703
2019-08-14,136.36000061035156,136.9199981689453,133.6699981689453,133.97999572753906,32527300,126.2180404663086
2019-08-15,134.38999938964844,134.5800018310547,132.25,133.67999267578125,28074400,125.93539428710938
2019-08-16,134.8800048828125,136.4600067138672,134.72000122070312,136.1300048828125,24449100,128.24346923828125
2019-08-19,137.85000610351562,138.5500030517578,136.88999938964844,138.41000366210938,24355700,130.39138793945312
2019-08-20,138.2100067138672,138.7100067138672,137.24000549316406,137.25999450683594,21170800,129.30799865722656
2019-08-21,138.5500030517578,139.49000549316406,138.0,138.7899932861328,14970300,130.74937438964844
2019-08-22,138.66000366210938,139.1999969482422,136.2899932861328,137.77999877929688,18697000,129.79788208007812
2019-08-23,137.19000244140625,138.35000610351562,132.8000030517578,133.38999938964844,38508600,125.66217041015624
2019-08-26,134.99000549316406,135.55999755859375,133.89999389648438,135.4499969482422,20312600,127.60285186767578
2019-08-27,136.38999938964844,136.72000122070312,134.66000366210938,135.74000549316406,23102100,127.87609100341795
2019-08-28,134.8800048828125,135.75999450683594,133.5500030517578,135.55999755859375,17393300,127.70648193359376
2019-08-29,137.25,138.44000244140625,136.91000366210938,138.1199951171875,20168700,130.1181640625
2019-08-30,139.14999389648438,139.17999267578125,136.27000427246094,137.86000061035156,23940100,129.8732147216797
2019-09-03,136.61000061035156,137.1999969482422,135.6999969482422,136.0399932861328,18869300,128.15867614746094
2019-09-04,137.3000030517578,137.69000244140625,136.47999572753906,137.6300048828125,17995900,129.6565704345703
2019-09-05,139.11000061035156,140.3800048828125,138.75999450683594,140.0500030517578,26101800,131.9363250732422
2019-09-06,140.02999877929688,140.17999267578125,138.1999969482422,139.10000610351562,20824500,131.04144287109375
2019-09-09,139.58999633789062,139.75,136.4600067138672,137.52000427246094,25773900,129.5529327392578
2019-09-10,136.8000030517578,136.88999938964844,134.50999450683594,136.0800018310547,28903400,128.1963348388672
2019-09-11,135.91000366210938,136.27000427246094,135.08999633789062,136.1199951171875,24726100,128.23406982421875
2019-09-12,137.85000610351562,138.4199981689453,136.8699951171875,137.52000427246094,27010000,129.5529327392578
2019-09-13,137.77999877929688,138.05999755859375,136.57000732421875,137.32000732421875,23363100,129.36453247070312
2019-09-16,135.8300018310547,136.6999969482422,135.66000366210938,136.3300018310547,16731400,128.43185424804688
2019-09-17,136.9600067138672,137.52000427246094,136.42999267578125,137.38999938964844,17814200,129.43043518066406
2019-09-18,137.36000061035156,138.6699981689453,136.52999877929688,138.52000427246094,23982100,130.49497985839844
2019-09-19,140.3000030517578,142.3699951171875,140.07000732421875,141.07000732421875,35772100,132.8972625732422
2019-09-20,141.00999450683594,141.64999389648438,138.25,139.44000244140625,39167300,131.3617401123047
2019-09-23,139.22999572753906,139.6300048828125,138.44000244140625,139.13999938964844,17139300,131.07907104492188
2019-09-24,140.36000061035156,140.69000244140625,136.8800048828125,137.3800048828125,29773200,129.42105102539062
2019-09-25,137.5,139.9600067138672,136.02999877929688,139.36000061035156,21382000,131.28634643554688
2019-09-26,139.44000244140625,140.17999267578125,138.44000244140625,139.5399932861328,17456600,131.45591735839844
2019-09-27,140.14999389648438,140.36000061035156,136.64999389648438,137.72999572753906,22477700,129.75079345703125
2019-09-30,138.0500030517578,139.22000122070312,137.77999877929688,139.02999877929688,17280900,130.97544860839844
2019-10-01,139.66000366210938,140.25,137.0,137.07000732421875,21466600,129.12899780273438
2019-10-02,136.25,136.3699951171875,133.5800018310547,134.64999389648438,30521700,126.84920501708984
2019-10-03,134.9499969482422,136.75,133.22000122070312,136.27999877929688,24132900,128.38475036621094
2019-10-04,136.75,138.25,136.4199981689453,138.1199951171875,22897700,130.1181640625
2019-10-07,137.13999938964844,138.17999267578125,137.02000427246094,137.1199951171875,15303700,129.17613220214844
2019-10-08,137.0800018310547,137.75999450683594,135.6199951171875,135.6699981689453,25550500,127.81008911132812
2019-10-09,137.4600067138672,138.6999969482422,136.97000122070312,138.24000549316406,19749900,130.23123168945312
2019-10-10,138.49000549316406,139.6699981689453,138.25,139.10000610351562,17654600,131.04144287109375
2019-10-11,140.1199951171875,141.02999877929688,139.5,139.67999267578125,25446000,131.58778381347656
2019-10-14,139.69000244140625,140.2899932861328,139.52000427246094,139.5500030517578,13304300,131.46536254882812
2019-10-15,140.05999755859375,141.7899932861328,139.80999755859375,141.57000732421875,19695700,133.36830139160156
2019-10-16,140.7899932861328,140.99000549316406,139.52999877929688,140.41000366210938,20751600,132.27549743652344
2019-10-17,140.9499969482422,141.4199981689453,139.02000427246094,139.69000244140625,21460600,131.5972137451172
2019-10-18,139.75999450683594,140.0,136.55999755859375,137.41000366210938,32273500,129.4493408203125
2019-10-21,138.4499969482422,138.5,137.00999450683594,138.42999267578125,20078200,130.4102325439453
2019-10-22,138.97000122070312,140.00999450683594,136.25999450683594,136.3699951171875,27431000,128.4695281982422
2019-10-23,136.8800048828125,137.4499969482422,135.61000061035156,137.24000549316406,29844600,129.28921508789062
2019-10-24,139.38999938964844,140.4199981689453,138.6699981689453,139.94000244140625,37029300,131.83273315429688
2019-10-25,139.33999633789062,141.13999938964844,139.1999969482422,140.72999572753906,25959700,132.5769805908203
2019-10-28,144.39999389648438,145.6699981689453,143.50999450683594,144.19000244140625,35280100,135.83651733398438
2019-10-29,144.0800018310547,144.5,142.64999389648438,142.8300018310547,20589500,134.5552978515625
2019-10-30,143.52000427246094,145.0,142.7899932861328,144.61000061035156,18496600,136.2321319580078
2019-10-31,144.89999389648438,144.92999267578125,142.99000549316406,143.3699951171875,24605100,135.0640106201172
2019-11-01,144.25999450683594,144.4199981689453,142.97000122070312,143.72000122070312,33128400,135.39376831054688
2019-11-04,144.8300018310547,145.0,144.16000366210938,144.5500030517578,16912000,136.17564392089844
2019-11-05,144.97000122070312,145.02000427246094,143.91000366210938,144.4600067138672,18250200,136.09091186523438
2019-11-06,144.3699951171875,144.52000427246094,143.1999969482422,144.05999755859375,16575800,135.7140655517578
2019-11-07,143.83999633789062,144.8800048828125,143.77000427246094,144.25999450683594,17786700,135.9024658203125
2019-11-08,143.97999572753906,145.99000549316406,143.75999450683594,145.9600067138672,16732700,137.5039825439453
2019-11-11,145.33999633789062,146.4199981689453,144.72999572753906,146.11000061035156,14362600,137.64527893066406
2019-11-12,146.27999877929688,147.57000732421875,146.05999755859375,147.07000732421875,18641600,138.54969787597656
2019-11-13,146.74000549316406,147.4600067138672,146.27999877929688,147.30999755859375,16919200,138.7758026123047
2019-11-14,147.02000427246094,148.41000366210938,147.0,148.05999755859375,19729800,139.48233032226562
2019-11-15,148.92999267578125,149.99000549316406,148.27000427246094,149.97000122070312,23485700,141.28167724609375
2019-11-18,150.07000732421875,150.5500030517578,148.97999572753906,150.33999633789062,21534000,141.63021850585938
2019-11-19,150.8800048828125,151.3300018310547,150.1999969482422,150.38999938964844,23935700,141.6773223876953
2019-11-20,150.30999755859375,150.83999633789062,148.4600067138672,149.6199951171875,25696800,141.4315643310547
2019-11-21,149.39999389648438,149.8000030517578,148.5,149.47999572753906,18576100,141.29920959472656
2019-11-22,150.07000732421875,150.3000030517578,148.82000732421875,149.58999633789062,15901800,141.40322875976562
2019-11-25,150.0,151.35000610351562,149.9199981689453,151.22999572753906,22420900,142.95346069335938
2019-11-26,151.36000061035156,152.4199981689453,151.32000732421875,152.02999877929688,24620100,143.70970153808594
2019-11-27,152.3300018310547,152.5,151.52000427246094,152.32000732421875,15184400,143.9838104248047
2019-11-29,152.10000610351562,152.3000030517578,151.27999877929688,151.3800048828125,11977300,143.09524536132812
2019-12-02,151.80999755859375,151.8300018310547,148.32000732421875,149.5500030517578,27418400,141.3654022216797
2019-12-03,147.49000549316406,149.42999267578125,146.64999389648438,149.30999755859375,24066000,141.13848876953125
2019-12-04,150.13999938964844,150.17999267578125,149.1999969482422,149.85000610351562,17574700,141.6490020751953
2019-12-05,150.0500030517578,150.32000732421875,149.47999572753906,149.92999267578125,17869100,141.72459411621094
2019-12-06,150.99000549316406,151.8699951171875,150.27000427246094,151.75,16403500,143.44497680664062
2019-12-09,151.07000732421875,152.2100067138672,150.91000366210938,151.36000061035156,16687400,143.0763397216797
2019-12-10,151.2899932861328,151.88999938964844,150.75999450683594,151.1300048828125,16476100,142.85891723632812
2019-12-11,151.5399932861328,151.8699951171875,150.3300018310547,151.6999969482422,18856600,143.39768981933594
2019-12-12,151.64999389648438,153.44000244140625,151.02000427246094,153.24000549316406,24612100,144.85348510742188
2019-12-13,153.0,154.88999938964844,152.8300018310547,154.52999877929688,23845400,146.07281494140625
2019-12-16,155.11000061035156,155.89999389648438,154.82000732421875,155.52999877929688,24144200,147.01808166503906
2019-12-17,155.4499969482422,155.7100067138672,154.4499969482422,154.69000244140625,25425600,146.22409057617188
2019-12-18,154.3000030517578,155.47999572753906,154.17999267578125,154.3699951171875,24129200,145.92156982421875
2019-12-19,154.0,155.77000427246094,153.75,155.7100067138672,24958900,147.18826293945312
2019-12-20,157.35000610351562,158.49000549316406,156.2899932861328,157.41000366210938,53477500,148.7952117919922
2019-12-23,158.1199951171875,158.1199951171875,157.27000427246094,157.41000366210938,17718200,148.7952117919922
2019-12-24,157.47999572753906,157.7100067138672,157.1199951171875,157.3800048828125,8989200,148.76687622070312
2019-12-26,157.55999755859375,158.72999572753906,157.39999389648438,158.6699981689453,14520600,149.98626708984375
2019-12-27,159.4499969482422,159.5500030517578,158.22000122070312,158.9600067138672,18412800,150.26043701171875
2019-12-30,158.99000549316406,159.02000427246094,156.72999572753906,157.58999633789062,16348400,148.9653778076172
2019-12-31,156.77000427246094,157.77000427246094,156.4499969482422,157.6999969482422,18369400,149.06936645507812
2020-01-02,158.77999877929688,160.72999572753906,158.3300018310547,160.6199951171875,22622100,151.82957458496094
2020-01-03,158.32000732421875,159.9499969482422,158.05999755859375,158.6199951171875,21116200,149.93899536132812
2020-01-06,157.0800018310547,159.10000610351562,156.50999450683594,159.02999877929688,20813700,150.3265838623047
2020-01-07,159.32000732421875,159.6699981689453,157.32000732421875,157.5800018310547,21634100,148.95594787597656
2020-01-08,158.92999267578125,160.8000030517578,157.9499969482422,160.08999633789062,27746500,151.3285369873047
2020-01-09,161.83999633789062,162.22000122070312,161.02999877929688,162.08999633789062,21385000,153.2190704345703
2020-01-10,162.82000732421875,163.22000122070312,161.17999267578125,161.33999633789062,20725900,152.51016235351562
2020-01-13,161.75999450683594,163.30999755859375,161.25999450683594,163.27999877929688,21626500,154.34393310546875
2020-01-14,163.38999938964844,163.60000610351562,161.72000122070312,162.1300048828125,23477400,153.25686645507812
2020-01-15,162.6199951171875,163.94000244140625,162.57000732421875,163.17999267578125,21417900,154.24940490722656
2020-01-16,164.35000610351562,166.24000549316406,164.02999877929688,166.1699981689453,23865400,157.0758056640625
2020-01-17,167.4199981689453,167.47000122070312,165.42999267578125,167.10000610351562,34371700,157.95494079589844
2020-01-21,166.67999267578125,168.19000244140625,166.42999267578125,166.5,29517200,157.38778686523438
2020-01-22,167.39999389648438,167.49000549316406,165.67999267578125,165.6999969482422,24138800,156.63153076171875
2020-01-23,166.19000244140625,166.8000030517578,165.27000427246094,166.72000122070312,19680800,157.595703125
2020-01-24,167.50999450683594,167.52999877929688,164.4499969482422,165.0399932861328,24918100,156.00767517089844
2020-01-27,161.14999389648438,163.3800048828125,160.1999969482422,162.27999877929688,32078100,153.39871215820312
2020-01-28,163.77999877929688,165.75999450683594,163.07000732421875,165.4600067138672,24899900,156.40467834472656
2020-01-29,167.83999633789062,168.75,165.69000244140625,168.0399932861328,34754500,158.84347534179688
2020-01-30,174.0500030517578,174.0500030517578,170.7899932861328,172.77999877929688,51597500,163.32403564453125
2020-01-31,172.2100067138672,172.39999389648438,169.5800018310547,170.22999572753906,36142700,160.91363525390625
2020-02-03,170.42999267578125,174.5,170.39999389648438,174.3800048828125,30107000,164.8364715576172
2020-02-04,177.13999938964844,180.63999938964844,176.30999755859375,180.1199951171875,36433300,170.2623291015625
2020-02-05,184.02999877929688,184.1999969482422,178.41000366210938,179.89999389648438,39186300,170.05433654785156
2020-02-06,180.97000122070312,183.82000732421875,180.05999755859375,183.6300048828125,27751400,173.5802459716797
2020-02-07,182.8500061035156,185.6300048828125,182.47999572753903,183.88999938964844,33529100,173.82601928710938
2020-02-10,183.5800018310547,188.83999633789065,183.25,188.6999969482422,35844300,178.37278747558594
2020-02-11,190.6499938964844,190.6999969482422,183.5,184.44000244140625,53159900,174.34593200683594
2020-02-12,185.5800018310547,185.8500061035156,181.8500061035156,184.7100067138672,47062900,174.60116577148438
2020-02-13,183.0800018310547,186.22999572753903,182.8699951171875,183.7100067138672,35295800,173.65589904785156
2020-02-14,183.25,185.41000366210935,182.6499938964844,185.3500061035156,23149500,175.20614624023438
2020-02-18,185.6100006103516,187.6999969482422,185.5,187.22999572753903,27792200,176.98324584960938
2020-02-19,188.05999755859372,188.17999267578125,186.47000122070312,187.27999877929688,29997500,177.51400756835938
2020-02-20,186.9499969482422,187.25,181.1000061035156,184.4199981689453,36862400,174.80316162109375
2020-02-21,183.1699981689453,183.5,177.25,178.58999633789062,48572600,169.27716064453125
2020-02-24,167.77000427246094,174.5500030517578,163.22999572753906,170.88999938964844,68311100,161.97869873046875
2020-02-25,174.1999969482422,174.83999633789062,167.64999389648438,168.07000732421875,68073300,159.30575561523438
2020-02-26,169.7100067138672,173.25999450683594,168.2100067138672,170.1699981689453,56206100,161.29624938964844
2020-02-27,163.32000732421875,167.02999877929688,157.97999572753906,158.17999267578125,93174900,149.9314727783203
2020-02-28,152.41000366210938,163.7100067138672,152.0,162.00999450683594,97012700,153.56178283691406
2020-03-02,165.30999755859375,172.9199981689453,162.30999755859375,172.7899932861328,71030800,163.77964782714844
2020-03-03,173.8000030517578,175.0,162.25999450683594,164.50999450683594,71677000,155.931396484375
2020-03-04,168.49000549316406,170.6999969482422,165.6199951171875,170.5500030517578,49814400,161.65643310546875
2020-03-05,166.0500030517578,170.8699951171875,165.69000244140625,166.27000427246094,47817300,157.59962463378906
2020-03-06,162.61000061035156,163.11000061035156,156.0,161.57000732421875,72821100,153.14471435546875
2020-03-09,151.0,157.75,150.0,150.6199951171875,70419300,142.7657012939453
2020-03-10,158.16000366210938,161.02999877929688,152.5800018310547,160.9199981689453,65354400,152.5286102294922
2020-03-11,157.1300048828125,157.6999969482422,151.14999389648438,153.6300048828125,56371600,145.61874389648438
2020-03-12,145.3000030517578,153.47000122070312,138.5800018310547,139.05999755859375,93226400,131.8085174560547
2020-03-13,147.5,161.91000366210938,140.72999572753906,158.8300018310547,92727400,150.54762268066406
2020-03-16,140.0,149.35000610351562,135.0,135.4199981689453,87905900,128.35833740234375
2020-03-17,140.0,147.5,135.0,146.57000732421875,81059800,138.92697143554688
2020-03-18,138.0,146.0,135.02000427246094,140.39999389648438,81593200,133.07864379882812
2020-03-19,142.77000427246094,150.14999389648438,139.0,142.7100067138672,85922700,135.2681884765625
2020-03-20,146.0,147.10000610351562,135.86000061035156,137.35000610351562,84866200,130.18771362304688
2020-03-23,137.00999450683594,140.57000732421875,132.52000427246094,135.97999572753906,78975200,128.88914489746094
2020-03-24,143.75,149.60000610351562,141.27000427246094,148.33999633789062,82516700,140.60458374023438
2020-03-25,148.91000366210938,154.3300018310547,144.44000244140625,146.9199981689453,75638200,139.25865173339844
2020-03-26,148.39999389648438,156.66000366210938,148.3699951171875,156.11000061035156,64568100,147.9694366455078
2020-03-27,151.75,154.88999938964844,149.1999969482422,149.6999969482422,57042300,141.8936767578125
2020-03-30,152.44000244140625,160.60000610351562,150.00999450683594,160.22999572753906,63420300,151.87460327148438
2020-03-31,159.39999389648438,164.77999877929688,156.55999755859375,157.7100067138672,77927200,149.48597717285156
2020-04-01,153.0,157.75,150.82000732421875,152.11000061035156,57969900,144.17803955078125
2020-04-02,151.86000061035156,155.47999572753906,150.36000061035156,155.25999450683594,49630700,147.1637420654297
2020-04-03,155.10000610351562,157.3800048828125,152.19000244140625,153.8300018310547,41243300,145.80831909179688
2020-04-06,160.32000732421875,166.5,157.5800018310547,165.27000427246094,67111700,156.65179443359375
2020-04-07,169.58999633789062,170.0,163.25999450683594,163.49000549316406,62769000,154.96456909179688
2020-04-08,165.6699981689453,166.6699981689453,163.5,165.1300048828125,48318200,156.51905822753906
2020-04-09,166.36000061035156,167.3699951171875,163.3300018310547,165.13999938964844,51385100,156.52853393554688
2020-04-13,164.35000610351562,165.57000732421875,162.3000030517578,165.50999450683594,41905300,156.87925720214844
2020-04-14,169.0,173.75,168.0,173.6999969482422,52874300,164.64222717285156
2020-04-15,171.1999969482422,173.57000732421875,169.24000549316406,171.8800048828125,40940800,162.91709899902344
2020-04-16,174.3000030517578,177.27999877929688,172.89999389648438,177.0399932861328,50479600,167.80801391601562
2020-04-17,179.5,180.0,175.8699951171875,178.60000610351562,52765600,169.2866973876953
2020-04-20,176.6300048828125,178.75,174.99000549316406,175.05999755859375,36669600,165.9312744140625
2020-04-21,173.5,173.6699981689453,166.11000061035156,167.82000732421875,56203700,159.06884765625
2020-04-22,171.38999938964844,174.0,170.82000732421875,173.52000427246094,34620200,164.4715576171875
2020-04-23,174.11000061035156,175.05999755859375,170.91000366210938,171.4199981689453,32790800,162.4810791015625
2020-04-24,172.05999755859375,174.55999755859375,170.7100067138672,174.5500030517578,34277600,165.44781494140625
2020-04-27,176.58999633789062,176.89999389648438,173.3000030517578,174.0500030517578,33194400,164.97390747070312
2020-04-28,175.58999633789062,175.6699981689453,169.38999938964844,169.80999755859375,34392700,160.95501708984375
2020-04-29,173.22000122070312,177.67999267578125,171.8800048828125,177.42999267578125,51286600,168.1776580810547
2020-04-30,180.0,180.3999938964844,176.22999572753906,179.2100067138672,53875900,169.86485290527344
2020-05-01,175.8000030517578,178.63999938964844,174.00999450683594,174.57000732421875,39370500,165.46682739257812
2020-05-04,174.49000549316406,179.0,173.8000030517578,178.83999633789062,30372900,169.5141143798828
2020-05-05,180.6199951171875,183.6499938964844,179.89999389648438,180.75999450683597,36839200,171.3340301513672
2020-05-06,182.0800018310547,184.1999969482422,181.6300048828125,182.5399932861328,32139300,173.02120971679688
2020-05-07,184.1699981689453,184.5500030517578,182.5800018310547,183.6000061035156,28316000,174.0259552001953
2020-05-08,184.97999572753903,185.0,183.3600006103516,184.67999267578125,30877800,175.04962158203125
2020-05-11,183.1499938964844,187.50999450683597,182.8500061035156,186.7400054931641,30892700,177.0021514892578
2020-05-12,186.8000030517578,187.0399932861328,182.3000030517578,182.50999450683597,32038200,172.9927520751953
2020-05-13,182.5500030517578,184.0500030517578,176.5399932861328,179.75,44711500,170.37669372558594
2020-05-14,177.5399932861328,180.69000244140625,175.67999267578125,180.52999877929688,41873900,171.1160125732422
2020-05-15,179.05999755859375,187.05999755859372,177.0,183.16000366210935,46610400,173.60887145996094
2020-05-18,185.75,186.1999969482422,183.9600067138672,184.91000366210935,35264500,175.2676239013672
2020-05-19,185.02999877929688,186.6000061035156,183.4900054931641,183.6300048828125,26799100,174.05435180664062
2020-05-20,184.80999755859372,185.8500061035156,183.94000244140625,185.66000366210935,31261300,176.4686279296875
2020-05-21,185.3999938964844,186.6699981689453,183.2899932861328,183.42999267578125,29119500,174.34896850585938
2020-05-22,183.19000244140625,184.4600067138672,182.5399932861328,183.50999450683597,20826900,174.42506408691406
2020-05-26,186.33999633789065,186.5,181.1000061035156,181.57000732421875,36073600,172.58108520507812
2020-05-27,180.1999969482422,181.9900054931641,176.60000610351562,181.80999755859372,39517100,172.8092041015625
2020-05-28,180.7400054931641,184.1499938964844,180.3800048828125,181.3999938964844,33810200,172.41952514648438
2020-05-29,182.72999572753903,184.2700042724609,180.41000366210935,183.25,42130400,174.17796325683594
2020-06-01,182.5399932861328,183.0,181.4600067138672,182.8300018310547,22622400,173.77870178222656
2020-06-02,184.25,185.0,181.3500061035156,184.91000366210935,30794600,175.75576782226562
2020-06-03,184.82000732421875,185.94000244140625,183.5800018310547,185.3600006103516,27311000,176.18344116210938
2020-06-04,184.3000030517578,185.83999633789065,182.3000030517578,182.9199981689453,28761800,173.8642578125
2020-06-05,182.6199951171875,187.72999572753903,182.00999450683597,187.1999969482422,39893600,177.932373046875
2020-06-08,185.94000244140625,188.5500030517578,184.44000244140625,188.3600006103516,33211600,179.03494262695312
2020-06-09,188.0,190.6999969482422,187.25999450683597,189.8000030517578,29783900,180.40367126464844
2020-06-10,191.1300048828125,198.5200042724609,191.00999450683597,196.83999633789065,43872300,187.09515380859372
2020-06-11,193.1300048828125,195.75999450683597,186.07000732421875,186.2700042724609,52854700,177.04843139648438
2020-06-12,190.5399932861328,191.72000122070312,185.17999267578125,187.7400054931641,43373600,178.44569396972656
2020-06-15,184.5800018310547,190.82000732421875,184.00999450683597,188.94000244140625,32770200,179.58621215820312
2020-06-16,192.88999938964844,195.5800018310547,191.4600067138672,193.57000732421875,42556700,183.98704528808597
2020-06-17,195.02999877929688,196.32000732421875,193.69000244140625,194.2400054931641,25687800,184.62384033203125
2020-06-18,194.0,196.4900054931641,194.0,196.32000732421875,23061600,186.60086059570312
2020-06-19,198.58999633789065,199.2899932861328,194.3699951171875,195.1499938964844,44441100,185.48878479003903
2020-06-22,195.7899932861328,200.75999450683597,195.22999572753903,200.57000732421875,32818900,190.6405029296875
2020-06-23,202.08999633789065,203.9499969482422,201.42999267578125,201.91000366210935,30917400,191.9141387939453
2020-06-24,201.6000061035156,203.25,196.55999755859372,197.83999633789065,36740600,188.04562377929688
2020-06-25,197.8000030517578,200.6100006103516,195.47000122070312,200.33999633789065,27803900,190.4218597412109
2020-06-26,199.72999572753903,199.88999938964844,194.8800048828125,196.3300018310547,54675800,186.61038208007807
2020-06-29,195.77999877929688,198.52999877929688,193.5500030517578,198.44000244140625,26701600,188.615966796875
2020-06-30,197.8800048828125,204.3999938964844,197.7400054931641,203.50999450683597,34310300,193.43492126464844
2020-07-01,203.13999938964844,206.3500061035156,201.7700042724609,204.6999969482422,32061200,194.56602478027344
2020-07-02,205.67999267578125,208.0200042724609,205.0,206.25999450683597,29315800,196.0487823486328
2020-07-06,208.8300018310547,211.1300048828125,208.08999633789065,210.6999969482422,31897600,200.2689971923828
2020-07-07,210.4499969482422,214.6699981689453,207.9900054931641,208.25,33600700,197.9402618408203
2020-07-08,210.07000732421875,213.25999450683597,208.69000244140625,212.8300018310547,33600000,202.2935485839844
2020-07-09,216.3300018310547,216.3800048828125,211.47000122070312,214.32000732421875,33121700,203.70977783203125
2020-07-10,213.6199951171875,214.0800018310547,211.0800018310547,213.6699981689453,26177600,203.0919647216797
2020-07-13,214.47999572753903,215.8000030517578,206.5,207.07000732421875,38135600,196.81871032714844
2020-07-14,206.1300048828125,208.8500061035156,202.02999877929688,208.3500061035156,37591800,198.03530883789065
2020-07-15,209.55999755859372,211.3300018310547,205.02999877929688,208.0399932861328,32179400,197.74066162109372
2020-07-16,205.3999938964844,205.6999969482422,202.30999755859372,203.9199981689453,29940700,193.8246154785156
2020-07-17,204.47000122070312,205.0399932861328,201.38999938964844,202.8800048828125,31635300,192.8361358642578
2020-07-20,205.0,212.3000030517578,203.00999450683597,211.6000061035156,36884800,201.1244201660156
2020-07-21,213.66000366210935,213.94000244140625,208.02999877929688,208.75,37990400,198.41549682617188
2020-07-22,209.1999969482422,212.3000030517578,208.38999938964844,211.75,49605700,201.2670135498047
2020-07-23,207.19000244140625,210.9199981689453,202.1499938964844,202.5399932861328,67457000,192.51296997070312
2020-07-24,200.4199981689453,202.8600006103516,197.50999450683597,201.3000030517578,39827000,191.33436584472656
2020-07-27,201.47000122070312,203.97000122070312,200.8600006103516,203.8500061035156,30160900,193.7581024169922
2020-07-28,203.6100006103516,204.6999969482422,201.7400054931641,202.0200042724609,23251400,192.01870727539065
2020-07-29,202.5,204.6499938964844,202.00999450683597,204.05999755859372,19632600,193.95773315429688
2020-07-30,201.0,204.4600067138672,199.57000732421875,203.8999938964844,25079600,193.80563354492188
2020-07-31,204.3999938964844,205.1000061035156,199.00999450683597,205.00999450683597,51044000,194.86068725585935
2020-08-03,211.5200042724609,217.63999938964844,210.44000244140625,216.5399932861328,78983000,205.8198699951172
2020-08-04,214.1699981689453,214.7700042724609,210.30999755859372,213.2899932861328,49280100,202.7307586669922
2020-08-05,214.8999938964844,215.0,211.57000732421875,212.94000244140625,28806400,202.39805603027344
2020-08-06,212.33999633789065,216.3699951171875,211.5500030517578,216.3500061035156,32656800,205.6392822265625
2020-08-07,214.8500061035156,215.6999969482422,210.92999267578125,212.47999572753903,27820400,201.96083068847656
2020-08-10,211.6699981689453,211.8800048828125,206.3500061035156,208.25,36716500,197.9402618408203
2020-08-11,207.16000366210935,207.6499938964844,203.13999938964844,203.3800048828125,36446500,193.3113555908203
2020-08-12,205.2899932861328,210.27999877929688,204.75,209.19000244140625,28013100,198.833740234375
2020-08-13,209.44000244140625,211.3500061035156,208.1499938964844,208.6999969482422,22588900,198.36801147460935
2020-08-14,208.75999450683597,209.58999633789065,207.50999450683597,208.8999938964844,17958900,198.55810546875
2020-08-17,209.6000061035156,211.19000244140625,208.9199981689453,210.27999877929688,20184800,199.86978149414065
2020-08-18,210.52999877929688,212.3600006103516,209.2100067138672,211.4900054931641,21336200,201.01988220214844
2020-08-19,211.4900054931641,212.1000061035156,209.25,209.6999969482422,27627600,199.80029296875
2020-08-20,209.5399932861328,215.0,208.91000366210935,214.5800018310547,26981500,204.4499053955078
2020-08-21,213.8600006103516,216.25,212.8500061035156,213.0200042724609,36249300,202.96356201171875
2020-08-24,214.7899932861328,215.5200042724609,212.42999267578125,213.69000244140625,25460100,203.60194396972656
2020-08-25,213.1000061035156,216.6100006103516,213.1000061035156,216.47000122070312,23043700,206.25071716308597
2020-08-26,217.8800048828125,222.08999633789065,217.3600006103516,221.1499938964844,39600800,210.709716796875
2020-08-27,222.88999938964844,231.1499938964844,219.3999938964844,226.5800018310547,57602200,215.8834228515625
2020-08-28,228.17999267578125,230.63999938964844,226.5800018310547,228.91000366210935,26292900,218.10340881347656
2020-08-31,227.0,228.6999969482422,224.30999755859372,225.52999877929688,28774200,214.8829803466797
2020-09-01,225.50999450683597,227.4499969482422,224.42999267578125,227.2700042724609,25725500,216.54083251953125
2020-09-02,227.97000122070312,232.8600006103516,227.3500061035156,231.6499938964844,34080800,220.7140350341797
2020-09-03,229.2700042724609,229.30999755859372,214.9600067138672,217.3000030517578,58400300,207.04147338867188
2020-09-04,215.1000061035156,218.3600006103516,205.19000244140625,214.25,59664100,204.13546752929688
2020-09-08,206.5,210.02999877929688,202.1999969482422,202.66000366210935,52924300,193.0926513671875
2020-09-09,207.6000061035156,214.83999633789065,206.6999969482422,211.2899932861328,45679000,201.3152618408203
2020-09-10,213.3999938964844,214.7400054931641,204.1100006103516,205.3699951171875,35461500,195.67469787597656
2020-09-11,207.1999969482422,208.6300048828125,201.2400054931641,204.02999877929688,33620100,194.39794921875
2020-09-14,204.2400054931641,209.1999969482422,204.02999877929688,205.41000366210935,30375800,195.71282958984372
2020-09-15,208.4199981689453,209.77999877929688,206.92999267578125,208.77999877929688,21823900,198.9237518310547
2020-09-16,210.6199951171875,210.6499938964844,204.63999938964844,205.0500030517578,26328100,195.36985778808597
2020-09-17,200.0500030517578,204.3300018310547,199.9600067138672,202.91000366210935,34011300,193.33087158203125
2020-09-18,202.8000030517578,203.6499938964844,196.25,200.38999938964844,55225300,190.9298248291016
2020-09-21,197.19000244140625,202.7100067138672,196.3800048828125,202.5399932861328,39839700,192.97833251953125
2020-09-22,205.05999755859372,208.1000061035156,202.0800018310547,207.4199981689453,33517100,197.62794494628903
2020-09-23,207.8999938964844,208.1000061035156,200.02999877929688,200.58999633789065,30803800,191.1203765869141
2020-09-24,199.8500061035156,205.57000732421875,199.1999969482422,203.19000244140625,31202500,193.59767150878903
2020-09-25,203.5500030517578,209.0399932861328,202.5399932861328,207.82000732421875,29437300,198.0090789794922
2020-09-28,210.8800048828125,212.57000732421875,208.05999755859372,209.44000244140625,32004900,199.5525665283203
2020-09-29,209.3500061035156,210.07000732421875,206.80999755859372,207.25999450683597,24221900,197.47547912597656
2020-09-30,207.72999572753903,211.97999572753903,206.5399932861328,210.3300018310547,33829100,200.40061950683597
2020-10-01,213.4900054931641,213.9900054931641,211.32000732421875,212.4600067138672,27158400,202.4300537109375
2020-10-02,208.0,210.9900054931641,205.5399932861328,206.19000244140625,33154800,196.4560394287109
2020-10-05,207.22000122070312,210.41000366210935,206.97999572753903,210.3800048828125,21331600,200.4482269287109
2020-10-06,208.82000732421875,210.17999267578125,204.82000732421875,205.91000366210935,28554300,196.1892242431641
2020-10-07,207.05999755859372,210.1100006103516,206.72000122070312,209.8300018310547,25681100,199.92417907714844
2020-10-08,210.50999450683597,211.19000244140625,208.32000732421875,210.5800018310547,19925800,200.63873291015625
2020-10-09,211.22999572753903,215.8600006103516,211.22999572753903,215.80999755859372,26458000,205.6218414306641
2020-10-12,218.7899932861328,223.8600006103516,216.80999755859372,221.3999938964844,40461400,210.94793701171875
2020-10-13,222.72000122070312,225.2100067138672,220.42999267578125,222.8600006103516,28950800,212.33909606933597
2020-10-14,223.0,224.22000122070312,219.1300048828125,220.8600006103516,23421700,210.43344116210935
2020-10-15,217.1000061035156,220.3600006103516,216.00999450683597,219.66000366210935,22733100,209.2901306152344
2020-10-16,220.1499938964844,222.2899932861328,219.32000732421875,219.66000366210935,26057900,209.2901306152344
2020-10-19,220.4199981689453,222.3000030517578,213.72000122070312,214.22000122070312,27625800,204.1069183349609
2020-10-20,215.8000030517578,217.3699951171875,213.08999633789065,214.6499938964844,22753500,204.51661682128903
2020-10-21,213.1199951171875,216.9199981689453,213.1199951171875,214.8000030517578,22724900,204.6595458984375
2020-10-22,213.92999267578125,216.05999755859372,211.6999969482422,214.88999938964844,22351500,204.74526977539065
2020-10-23,215.02999877929688,216.27999877929688,213.16000366210935,216.22999572753903,18879600,206.0220184326172
2020-10-26,213.8500061035156,216.33999633789065,208.1000061035156,210.0800018310547,37111600,200.1623687744141
2020-10-27,211.58999633789065,214.6699981689453,210.3300018310547,213.25,36700300,203.1827087402344
2020-10-28,207.6699981689453,208.83999633789065,202.1000061035156,202.67999267578125,51195600,193.11170959472656
2020-10-29,204.07000732421875,207.3600006103516,203.3699951171875,204.72000122070312,31432600,195.05540466308597
2020-10-30,203.5,204.2899932861328,199.6199951171875,202.47000122070312,36953700,192.91162109375
2020-11-02,204.2899932861328,205.27999877929688,200.1199951171875,202.3300018310547,30842200,192.7782287597656
2020-11-03,203.88999938964844,208.1199951171875,203.1199951171875,206.42999267578125,27512000,196.68467712402344
2020-11-04,214.0200042724609,218.32000732421875,212.4199981689453,216.38999938964844,42311800,206.17449951171875
2020-11-05,222.0399932861328,224.1199951171875,221.1499938964844,223.2899932861328,36080100,212.74871826171875
2020-11-06,222.25999450683597,224.3600006103516,218.02999877929688,223.72000122070312,25231900,213.15843200683597
2020-11-09,224.44000244140625,228.1199951171875,217.8800048828125,218.38999938964844,44395000,208.0801239013672
2020-11-10,214.5,216.5,209.72000122070312,211.00999450683597,44045100,201.04844665527344
2020-11-11,212.38999938964844,218.0399932861328,212.1999969482422,216.5500030517578,29440800,206.3269195556641
2020-11-12,217.2100067138672,219.1100006103516,214.4600067138672,215.44000244140625,21593900,205.26931762695312
2020-11-13,216.3600006103516,217.4199981689453,214.16000366210935,216.50999450683597,18621100,206.2887725830078
2020-11-16,214.8699951171875,217.7400054931641,214.5200042724609,217.22999572753903,24953300,206.97483825683597
2020-11-17,216.1000061035156,217.67999267578125,214.0800018310547,214.4600067138672,24154100,204.33560180664065
2020-11-18,213.6499938964844,215.1699981689453,210.92999267578125,211.0800018310547,28372800,201.6416931152344
2020-11-19,211.3800048828125,213.02999877929688,209.92999267578125,212.4199981689453,24792700,202.9217987060547
2020-11-20,212.1999969482422,213.2899932861328,210.0,210.38999938964844,22843100,200.98257446289065
2020-11-23,210.9499969482422,212.2899932861328,208.16000366210935,210.1100006103516,25683500,200.71502685546875
2020-11-24,209.58999633789065,214.25,208.8600006103516,213.8600006103516,33979700,204.29737854003903
2020-11-25,215.1100006103516,215.2899932861328,212.4600067138672,213.8699951171875,21012900,204.30691528320312
2020-11-27,214.8500061035156,216.2700042724609,214.0399932861328,215.22999572753903,14512200,205.6060791015625
2020-11-30,214.1000061035156,214.75999450683597,210.83999633789065,214.07000732421875,33064800,204.4980010986328
2020-12-01,214.50999450683597,217.32000732421875,213.3500061035156,216.2100067138672,30904500,206.54232788085935
2020-12-02,214.8800048828125,215.47000122070312,212.8000030517578,215.3699951171875,23724500,205.7398834228516
2020-12-03,214.6100006103516,216.3800048828125,213.6499938964844,214.2400054931641,25120900,204.660400390625
2020-12-04,214.22000122070312,215.3800048828125,213.17999267578125,214.3600006103516,24666000,204.77500915527344
2020-12-07,214.3699951171875,215.5399932861328,212.9900054931641,214.2899932861328,24620000,204.7081298828125
2020-12-08,213.97000122070312,216.9499969482422,212.88999938964844,216.00999450683597,23284100,206.3512115478516
2020-12-09,215.16000366210935,215.22999572753903,211.2100067138672,211.8000030517578,32440600,202.3295135498047
2020-12-10,211.7700042724609,213.0800018310547,210.3600006103516,210.5200042724609,26733300,201.1067352294922
2020-12-11,210.0500030517578,213.32000732421875,209.1100006103516,213.25999450683597,30979400,203.72418212890625
2020-12-14,213.1000061035156,216.2100067138672,212.8800048828125,214.1999969482422,28798400,204.62217712402344
2020-12-15,215.1699981689453,215.4199981689453,212.2400054931641,214.1300048828125,27000600,204.5552978515625
2020-12-16,214.75,220.1100006103516,214.72000122070312,219.27999877929688,35023300,209.4750061035156
2020-12-17,219.8699951171875,220.88999938964844,217.9199981689453,219.4199981689453,32515800,209.60874938964844
2020-12-18,218.58999633789065,219.69000244140625,216.0200042724609,218.58999633789065,63354900,208.8158721923828
2020-12-21,217.5500030517578,224.0,217.27999877929688,222.58999633789065,37181900,212.6370086669922
2020-12-22,222.69000244140625,225.6300048828125,221.8500061035156,223.94000244140625,22612200,213.9266662597656
2020-12-23,223.1100006103516,223.55999755859372,220.8000030517578,221.0200042724609,18699600,211.13722229003903
2020-12-24,221.4199981689453,223.6100006103516,221.1999969482422,222.75,10550600,212.7898712158203
2020-12-28,224.4499969482422,226.02999877929688,223.0200042724609,224.9600067138672,17933500,214.90109252929688
2020-12-29,226.30999755859372,227.17999267578125,223.5800018310547,224.1499938964844,17403200,214.12722778320312
2020-12-30,225.22999572753903,225.6300048828125,221.47000122070312,221.67999267578125,20272300,211.76768493652344
2020-12-31,221.6999969482422,223.0,219.67999267578125,222.4199981689453,20942100,212.47462463378903
2021-01-04,222.52999877929688,223.0,214.80999755859372,217.69000244140625,37130100,207.95611572265625
2021-01-05,217.25999450683597,218.5200042724609,215.6999969482422,217.8999938964844,23823000,208.15670776367188
2021-01-06,212.1699981689453,216.4900054931641,211.94000244140625,212.25,35930700,202.75938415527344
2021-01-07,214.0399932861328,219.33999633789065,213.7100067138672,218.2899932861328,27694500,208.529296875
2021-01-08,218.67999267578125,220.5800018310547,217.02999877929688,219.6199951171875,22956200,209.7998504638672
2021-01-11,218.47000122070312,218.91000366210935,216.72999572753903,217.4900054931641,23031300,207.76507568359372
2021-01-12,216.5,217.1000061035156,213.32000732421875,214.92999267578125,23249300,205.31951904296875
2021-01-13,214.0200042724609,216.75999450683597,213.92999267578125,216.33999633789065,20087100,206.66644287109372
2021-01-14,215.91000366210935,217.4600067138672,212.7400054931641,213.0200042724609,29480800,203.4949493408203
2021-01-15,213.5200042724609,214.50999450683597,212.02999877929688,212.6499938964844,31746500,203.14144897460935
2021-01-19,213.75,216.97999572753903,212.6300048828125,216.44000244140625,30480900,206.7620086669922
2021-01-20,217.6999969482422,225.7899932861328,217.2899932861328,224.33999633789065,37777300,214.3087615966797
2021-01-21,224.6999969482422,226.3000030517578,222.4199981689453,224.97000122070312,30709400,214.91058349609372
2021-01-22,227.0800018310547,230.07000732421875,225.8000030517578,225.9499969482422,30172700,215.8467712402344
2021-01-25,229.1199951171875,229.77999877929688,224.22000122070312,229.52999877929688,33152100,219.26670837402344
2021-01-26,231.8600006103516,234.17999267578125,230.0800018310547,232.3300018310547,49169600,221.94151306152344
2021-01-27,238.0,240.44000244140625,230.13999938964844,232.8999938964844,69870600,222.4860382080078
2021-01-28,235.6100006103516,242.63999938964844,235.08999633789065,238.92999267578125,49111200,228.24636840820312
2021-01-29,235.9900054931641,238.0200042724609,231.3500061035156,231.9600067138672,42503100,221.58804321289065
2021-02-01,235.05999755859372,242.5,232.42999267578125,239.6499938964844,33314200,228.93418884277344
2021-02-02,241.3000030517578,242.30999755859372,238.69000244140625,239.50999450683597,25916300,228.80047607421875
2021-02-03,239.57000732421875,245.08999633789065,239.25999450683597,243.0,27158100,232.13438415527344
2021-02-04,242.66000366210935,243.2400054931641,240.3699951171875,242.00999450683597,25296100,231.18869018554688
2021-02-05,242.22999572753903,243.27999877929688,240.4199981689453,242.1999969482422,18054800,231.37014770507807
2021-02-08,243.1499938964844,243.67999267578125,240.80999755859372,242.47000122070312,22211900,231.62808227539065
2021-02-09,241.8699951171875,244.75999450683597,241.3800048828125,243.7700042724609,23565000,232.86996459960935
2021-02-10,245.0,245.9199981689453,240.88999938964844,242.82000732421875,22186700,231.9624786376953
2021-02-11,244.77999877929688,245.1499938964844,242.1499938964844,244.4900054931641,15751100,233.55776977539065
2021-02-12,243.92999267578125,245.3000030517578,242.72999572753903,244.9900054931641,16561100,234.03543090820312
2021-02-16,245.02999877929688,246.1300048828125,242.9199981689453,243.6999969482422,26728500,232.80308532714844
2021-02-17,241.32000732421875,244.30999755859372,240.94000244140625,244.1999969482422,21653500,233.81805419921875
2021-02-18,241.8000030517578,243.92999267578125,240.8600006103516,243.7899932861328,16925600,233.4254913330078
2021-02-19,243.75,243.8600006103516,240.17999267578125,240.97000122070312,25262600,230.725341796875
2021-02-22,237.4199981689453,237.92999267578125,232.3999938964844,234.50999450683597,36446900,224.53997802734372
2021-02-23,230.3300018310547,234.8300018310547,228.72999572753903,233.2700042724609,30228700,223.35272216796875
2021-02-24,230.00999450683597,235.1999969482422,229.0,234.5500030517578,26339700,224.5782928466797
2021-02-25,232.0800018310547,234.58999633789065,227.8800048828125,228.9900054931641,39542200,219.2546844482422
2021-02-26,231.52999877929688,235.3699951171875,229.5399932861328,232.3800048828125,37819200,222.50054931640625
2021-03-01,235.8999938964844,237.47000122070312,233.1499938964844,236.94000244140625,25324000,226.8666839599609
2021-03-02,237.00999450683597,237.3000030517578,233.4499969482422,233.8699951171875,22812500,223.9271545410156
2021-03-03,232.16000366210935,233.5800018310547,227.25999450683597,227.55999755859372,34029500,217.8854522705078
2021-03-04,226.7400054931641,232.4900054931641,224.25999450683597,226.72999572753903,44727800,217.09071350097656
2021-03-05,229.5200042724609,233.2700042724609,226.4600067138672,231.6000061035156,41872800,221.75369262695312
2021-03-08,231.3699951171875,233.3699951171875,227.1300048828125,227.38999938964844,35267400,217.72268676757807
2021-03-09,232.8800048828125,235.3800048828125,231.6699981689453,233.77999877929688,33080500,223.84104919433597
2021-03-10,237.0,237.0,232.0399932861328,232.4199981689453,29746800,222.53887939453125
2021-03-11,234.9600067138672,239.1699981689453,234.30999755859372,237.1300048828125,29907600,227.0486297607422
2021-03-12,234.00999450683597,235.82000732421875,233.22999572753903,235.75,22653700,225.72723388671875
2021-03-15,234.9600067138672,235.19000244140625,231.80999755859372,234.80999755859372,26034900,224.8272399902344
2021-03-16,236.27999877929688,240.05999755859372,235.94000244140625,237.7100067138672,28092200,227.6039276123047
2021-03-17,236.1499938964844,238.5500030517578,233.22999572753903,237.0399932861328,29562100,226.9624481201172
2021-03-18,232.55999755859372,234.19000244140625,230.3300018310547,230.72000122070312,34833000,220.9111175537109
2021-03-19,231.0200042724609,232.47000122070312,229.3500061035156,230.3500061035156,46430700,220.55686950683597
2021-03-22,230.2700042724609,236.8999938964844,230.13999938964844,235.9900054931641,30127000,225.9570770263672
2021-03-23,237.4900054931641,241.0500030517578,237.07000732421875,237.5800018310547,31638400,227.47946166992188
2021-03-24,237.8500061035156,238.0,235.32000732421875,235.4600067138672,25620100,225.4496154785156
2021-03-25,235.3000030517578,236.94000244140625,231.57000732421875,232.33999633789065,34061900,222.4622344970703
2021-03-26,231.5500030517578,236.7100067138672,231.5500030517578,236.47999572753903,25479900,226.4262542724609
2021-03-29,236.58999633789065,236.8000030517578,231.8800048828125,235.2400054931641,25227500,225.23895263671875
2021-03-30,233.52999877929688,233.8500061035156,231.1000061035156,231.8500061035156,24792000,221.99310302734372
2021-03-31,232.91000366210935,239.1000061035156,232.38999938964844,235.7700042724609,43623500,225.74642944335935
2021-04-01,238.47000122070312,242.83999633789065,238.0500030517578,242.3500061035156,30338000,232.04669189453125
2021-04-05,242.75999450683597,249.9600067138672,242.6999969482422,249.07000732421875,36910600,238.48101806640625
2021-04-06,247.6100006103516,249.3999938964844,246.8800048828125,247.8600006103516,22931900,237.3224334716797
2021-04-07,247.80999755859372,250.92999267578125,247.19000244140625,249.8999938964844,22719800,239.2757110595703
2021-04-08,252.7700042724609,254.13999938964844,252.0,253.25,23625200,242.4832763671875
2021-04-09,252.8699951171875,255.9900054931641,252.44000244140625,255.8500061035156,24326800,244.97276306152344
2021-04-12,254.7100067138672,257.6700134277344,254.6199951171875,255.91000366210935,27148700,245.0301513671875
2021-04-13,257.260009765625,259.19000244140625,256.8299865722656,258.489990234375,23837500,247.5004730224609
2021-04-14,257.4800109863281,258.8299865722656,255.16000366210935,255.58999633789065,23070900,244.7238006591797
2021-04-15,257.92999267578125,259.92999267578125,257.7300109863281,259.5,25627500,248.4675445556641
2021-04-16,259.4700012207031,261.0,257.6000061035156,260.739990234375,24878600,249.6548309326172
2021-04-19,260.19000244140625,261.4800109863281,257.82000732421875,258.739990234375,23209300,247.7398681640625
2021-04-20,257.82000732421875,260.20001220703125,256.8399963378906,258.260009765625,19722900,247.28028869628903
2021-04-21,258.94000244140625,260.67999267578125,257.25,260.5799865722656,24030400,249.5016021728516
2021-04-22,260.2099914550781,261.7799987792969,255.63999938964844,257.1700134277344,25606200,246.23663330078125
2021-04-23,257.8800048828125,261.510009765625,257.2699890136719,261.1499938964844,21462600,250.04739379882807
2021-04-26,261.6600036621094,262.44000244140625,260.1700134277344,261.54998779296875,19763300,250.4304351806641
2021-04-27,261.5799865722656,263.19000244140625,260.1199951171875,261.9700012207031,31014200,250.8325042724609
2021-04-28,256.0799865722656,256.5400085449219,252.9499969482422,254.55999755859372,46903100,243.737548828125
2021-04-29,255.4600067138672,256.1000061035156,249.0,252.50999450683597,40589000,241.7747344970703
2021-04-30,249.7400054931641,253.0800018310547,249.6000061035156,252.17999267578125,30945100,241.4587860107422
2021-05-03,253.3999938964844,254.3500061035156,251.1199951171875,251.8600006103516,19626600,241.15237426757807
2021-05-04,250.97000122070312,251.2100067138672,245.75999450683597,247.7899932861328,32756100,237.25538635253903
2021-05-05,249.05999755859372,249.5,245.82000732421875,246.47000122070312,21901300,235.9915313720703
2021-05-06,246.4499969482422,249.8600006103516,244.69000244140625,249.72999572753903,26491100,239.1129150390625
2021-05-07,252.1499938964844,254.3000030517578,251.1699981689453,252.4600067138672,27032900,241.7268524169922
2021-05-10,250.8699951171875,251.72999572753903,247.1199951171875,247.17999267578125,29299900,236.6713409423828
2021-05-11,244.5500030517578,246.6000061035156,242.57000732421875,246.22999572753903,33641600,235.76173400878903
2021-05-12,242.1699981689453,244.3800048828125,238.07000732421875,239.0,36684400,228.839111328125
2021-05-13,241.8000030517578,245.6000061035156,241.4199981689453,243.02999877929688,29624300,232.69778442382807
2021-05-14,245.5800018310547,249.17999267578125,245.4900054931641,248.1499938964844,23901100,237.60012817382807
2021-05-17,246.5500030517578,246.58999633789065,243.5200042724609,245.17999267578125,24970200,234.75636291503903
2021-05-18,246.2700042724609,246.41000366210935,242.8999938964844,243.0800018310547,20168000,232.7456512451172
2021-05-19,239.30999755859372,243.22999572753903,238.6000061035156,243.1199951171875,25739800,233.32147216796875
2021-05-20,243.9600067138672,247.9499969482422,243.8600006103516,246.47999572753903,21800700,236.5460205078125
2021-05-21,247.57000732421875,248.3300018310547,244.7400054931641,245.1699981689453,21863100,235.28884887695312
2021-05-24,247.7899932861328,251.16000366210935,247.50999450683597,250.77999877929688,21411500,240.6727294921875
2021-05-25,251.7700042724609,252.75,250.82000732421875,251.72000122070312,17704300,241.57485961914065
2021-05-26,251.42999267578125,252.94000244140625,250.75,251.4900054931641,17771600,241.35415649414065
2021-05-27,251.1699981689453,251.47999572753903,249.25,249.30999755859372,24426200,239.26199340820312
2021-05-28,251.0,252.0800018310547,249.55999755859372,249.67999267578125,18270200,239.6170959472656
2021-06-01,251.22999572753903,251.2899932861328,246.9600067138672,247.3999938964844,23213300,237.4289703369141
2021-06-02,248.1300048828125,249.2700042724609,245.83999633789065,247.3000030517578,19406700,237.3330078125
2021-06-03,245.22000122070312,246.33999633789065,243.0,245.7100067138672,25307700,235.80712890625
2021-06-04,247.75999450683597,251.6499938964844,247.50999450683597,250.7899932861328,25281100,240.6823272705078
2021-06-07,249.97999572753903,254.08999633789065,249.80999755859372,253.80999755859372,23079200,243.5806121826172
2021-06-08,255.16000366210935,256.010009765625,252.50999450683597,252.57000732421875,22455000,242.3906097412109
2021-06-09,253.80999755859372,255.52999877929688,253.2100067138672,253.58999633789065,17937600,243.36949157714844
2021-06-10,254.2899932861328,257.4599914550781,253.6699981689453,257.239990234375,24563600,246.8723602294922
2021-06-11,257.989990234375,258.489990234375,256.6099853515625,257.8900146484375,18999700,247.4962158203125
2021-06-14,257.8999938964844,259.95001220703125,256.79998779296875,259.8900146484375,19150500,249.4155731201172
2021-06-15,259.7699890136719,259.989990234375,257.67999267578125,258.3599853515625,18038900,247.9472198486328
2021-06-16,259.3999938964844,260.5799865722656,254.4199981689453,257.3800048828125,27220000,247.00680541992188
2021-06-17,256.07000732421875,261.75,256.010009765625,260.8999938964844,27565500,250.38487243652344
2021-06-18,259.6300048828125,262.29998779296875,258.75,259.42999267578125,37202200,248.97415161132807
2021-06-21,259.82000732421875,263.5199890136719,257.9200134277344,262.6300048828125,26696100,252.0451202392578
2021-06-22,262.7200012207031,265.7900085449219,262.3999938964844,265.510009765625,24694100,254.8091278076172
2021-06-23,265.989990234375,266.8299865722656,264.42999267578125,265.2699890136719,19518700,254.5787048339844
2021-06-24,266.1600036621094,267.8500061035156,265.4700012207031,266.69000244140625,21446900,255.9414825439453
2021-06-25,266.2300109863281,267.25,264.760009765625,265.0199890136719,25611100,254.33876037597656
2021-06-28,266.19000244140625,268.8999938964844,265.9100036621094,268.7200012207031,19590000,257.8897399902344
2021-06-29,268.8699951171875,271.6499938964844,267.9800109863281,271.3999938964844,19937800,260.461669921875
2021-06-30,270.69000244140625,271.3599853515625,269.6000061035156,270.8999938964844,21656500,259.9818420410156
2021-07-01,269.6099853515625,271.8399963378906,269.6000061035156,271.6000061035156,16725300,260.65362548828125
2021-07-02,272.82000732421875,278.0,272.5,277.6499938964844,26458000,266.4597473144531
2021-07-06,278.0299987792969,279.3699951171875,274.29998779296875,277.6600036621094,31565600,266.4693908691406
2021-07-07,279.3999938964844,280.69000244140625,277.1499938964844,279.92999267578125,23260000,268.6479187011719
2021-07-08,276.8999938964844,278.7300109863281,274.8699951171875,277.4200134277344,24618600,266.2391052246094
2021-07-09,275.7200012207031,278.04998779296875,275.32000732421875,277.94000244140625,23916700,266.73809814453125
2021-07-12,279.1600036621094,279.7699890136719,276.5799865722656,277.32000732421875,18931700,266.1430969238281
2021-07-13,277.5199890136719,282.8500061035156,277.3900146484375,280.9800109863281,26120100,269.6556091308594
2021-07-14,282.3500061035156,283.6600036621094,280.54998779296875,282.510009765625,23113700,271.1239013671875
2021-07-15,282.0,282.510009765625,279.8299865722656,281.0299987792969,22604200,269.7035522460937
2021-07-16,282.07000732421875,284.1000061035156,279.4599914550781,280.75,26186800,269.4349365234375
2021-07-19,278.92999267578125,280.3699951171875,274.45001220703125,277.010009765625,32935600,265.8456115722656
2021-07-20,278.0299987792969,280.9700012207031,276.260009765625,279.32000732421875,26259700,268.0624694824219
2021-07-21,278.8999938964844,281.5199890136719,277.2900085449219,281.3999938964844,24364300,270.0586242675781
2021-07-22,283.8399963378906,286.4200134277344,283.4200134277344,286.1400146484375,23384100,274.6076354980469
2021-07-23,287.3699951171875,289.989990234375,286.5,289.6700134277344,22768100,277.995361328125
2021-07-26,289.0,289.69000244140625,286.6400146484375,289.04998779296875,23176100,277.4003601074219
2021-07-27,289.42999267578125,289.5799865722656,282.95001220703125,286.5400085449219,33604100,274.9914855957031
2021-07-28,288.989990234375,290.1499938964844,283.8299865722656,286.2200012207031,33566900,274.6844177246094
2021-07-29,286.239990234375,288.6199951171875,286.0799865722656,286.5,18168300,274.9531555175781
2021-07-30,285.1700134277344,286.6600036621094,283.9100036621094,284.9100036621094,20944800,273.4271240234375
2021-08-02,286.3599853515625,286.7699890136719,283.739990234375,284.82000732421875,16267400,273.3408203125
2021-08-03,285.4200134277344,287.2300109863281,284.0,287.1199951171875,17879000,275.54815673828125
2021-08-04,286.2200012207031,287.5899963378906,284.6499938964844,286.510009765625,16191300,274.9627380371094
2021-08-05,286.8800048828125,289.6300048828125,286.1000061035156,289.5199890136719,13900200,277.8514099121094
2021-08-06,288.510009765625,289.5,287.6199951171875,289.4599914550781,16589300,277.7937927246094
2021-08-09,289.75,291.54998779296875,287.8099975585937,288.3299865722656,16117600,276.7093811035156
2021-08-10,288.79998779296875,289.25,285.20001220703125,286.44000244140625,18616600,274.8955993652344
2021-08-11,287.2099914550781,288.6600036621094,285.8599853515625,286.95001220703125,13955900,275.3850402832031
2021-08-12,286.6300048828125,289.9700012207031,286.3399963378906,289.8099975585937,14561300,278.1296691894531
2021-08-13,289.4800109863281,292.8999938964844,289.29998779296875,292.8500061035156,18249000,281.0471496582031
2021-08-16,293.19000244140625,294.82000732421875,290.0199890136719,294.6000061035156,22507600,282.7266540527344
2021-08-17,292.3900146484375,293.42999267578125,291.0799865722656,293.0799865722656,20075300,281.2679138183594
2021-08-18,292.0400085449219,294.82000732421875,290.2699890136719,290.7300109863281,21813000,279.5467834472656
2021-08-19,288.69000244140625,297.4700012207031,288.6400146484375,296.7699890136719,29850500,285.3544006347656
2021-08-20,299.7200012207031,305.8399963378906,298.0599975585937,304.3599853515625,40817600,292.65240478515625
2021-08-23,303.25,305.3999938964844,301.8500061035156,304.6499938964844,22830200,292.9313049316406
2021-08-24,305.0199890136719,305.6499938964844,302.0,302.6199951171875,18175800,290.9794921875
2021-08-25,304.29998779296875,304.5899963378906,300.4200134277344,302.010009765625,20006100,290.39288330078125
2021-08-26,300.989990234375,302.42999267578125,298.95001220703125,299.0899963378906,17666100,287.585205078125
2021-08-27,298.989990234375,300.8699951171875,296.8299865722656,299.7200012207031,22605700,288.19097900390625
2021-08-30,301.1199951171875,304.2200012207031,301.0599975585937,303.5899963378906,16348100,291.9120178222656
2021-08-31,304.4200134277344,304.5,301.5,301.8800048828125,26285300,290.2679748535156
2021-09-01,302.8699951171875,305.19000244140625,301.489990234375,301.8299865722656,18983800,290.21978759765625
2021-09-02,302.20001220703125,303.3599853515625,300.17999267578125,301.1499938964844,16285600,289.5659484863281
2021-09-03,300.989990234375,302.6000061035156,300.260009765625,301.1400146484375,14747900,289.5563049316406
2021-09-07,301.010009765625,301.0899963378906,298.20001220703125,300.17999267578125,17180400,288.6332397460937
2021-09-08,299.7799987792969,300.6099853515625,297.4700012207031,300.2099914550781,15046800,288.6620788574219
2021-09-09,300.82000732421875,302.1400146484375,297.0,297.25,19927000,285.81597900390625
2021-09-10,298.4200134277344,299.9200134277344,295.3800048828125,295.7099914550781,19633400,284.3351745605469
2021-09-13,297.54998779296875,298.5400085449219,294.0799865722656,296.989990234375,23652900,285.56591796875
2021-09-14,299.5599975585937,301.3900146484375,298.1000061035156,299.7900085449219,21853400,288.25830078125
2021-09-15,303.260009765625,305.32000732421875,301.82000732421875,304.82000732421875,28356300,293.0948486328125
2021-09-16,303.760009765625,305.3099975585937,300.760009765625,305.2200012207031,19550800,293.4794006347656
2021-09-17,304.1700134277344,304.5,299.5299987792969,299.8699951171875,41372500,288.3351745605469
2021-09-20,296.3299865722656,298.7200012207031,289.5199890136719,294.29998779296875,38278700,282.9794311523437
2021-09-21,295.69000244140625,297.5400085449219,294.07000732421875,294.79998779296875,22364100,283.4601745605469
2021-09-22,296.7300109863281,300.2200012207031,294.510009765625,298.5799865722656,26626300,287.09478759765625
2021-09-23,298.8500061035156,300.8999938964844,297.5299987792969,299.5599975585937,18604600,288.0371398925781
2021-09-24,298.2300109863281,299.79998779296875,296.92999267578125,299.3500061035156,14999000,287.8352355957031
2021-09-27,296.1400146484375,296.4700012207031,292.94000244140625,294.1700134277344,23571700,282.8544616699219
2021-09-28,289.79998779296875,290.7799987792969,282.75,283.5199890136719,43186200,272.6141052246094
2021-09-29,285.1000061035156,286.7699890136719,283.010009765625,284.0,26353700,273.07568359375
2021-09-30,285.7099914550781,287.8299865722656,281.6199951171875,281.9200134277344,32343600,271.0756530761719
2021-10-01,282.1199951171875,289.9800109863281,281.2900085449219,289.1000061035156,30086300,277.9794616699219
2021-10-04,287.3999938964844,287.75,280.25,283.1099853515625,31350700,272.2198791503906
2021-10-05,284.04998779296875,290.3999938964844,284.04998779296875,288.760009765625,24993000,277.65252685546875
2021-10-06,285.7799987792969,293.6300048828125,285.510009765625,293.1099853515625,28002600,281.8352355957031
2021-10-07,295.17999267578125,296.6400146484375,293.9200134277344,294.8500061035156,20430500,283.50836181640625
2021-10-08,296.2200012207031,296.6400146484375,293.760009765625,294.8500061035156,17685700,283.50836181640625
2021-10-11,292.9200134277344,297.9700012207031,292.75,294.2300109863281,19298600,282.91217041015625
2021-10-12,295.3399963378906,295.44000244140625,292.3500061035156,292.8800048828125,17974100,281.61407470703125
2021-10-13,294.9100036621094,297.2799987792969,293.489990234375,296.3099975585937,23416300,284.9121398925781
2021-10-14,299.2099914550781,303.2699890136719,297.8299865722656,302.75,27262900,291.1043395996094
2021-10-15,302.3399963378906,304.45001220703125,300.5199890136719,304.2099914550781,25384800,292.5082092285156
2021-10-18,303.57000732421875,308.2099914550781,302.69000244140625,307.2900085449219,22729300,295.4698181152344
2021-10-19,308.3500061035156,309.29998779296875,307.2200012207031,308.2300109863281,17682100,296.37359619140625
2021-10-20,309.2099914550781,309.70001220703125,306.1099853515625,307.4100036621094,16537100,295.5851745605469
2021-10-21,307.1700134277344,311.0199890136719,306.3599853515625,310.760009765625,16918100,298.8063049316406
2021-10-22,310.3999938964844,311.0899963378906,307.79998779296875,309.1600036621094,17449300,297.26776123046875
2021-10-25,309.3599853515625,309.3999938964844,306.4599914550781,308.1300048828125,17554500,296.2774658203125
2021-10-26,311.0,312.3999938964844,308.6000061035156,310.1099853515625,28107300,298.1812744140625
2021-10-27,316.0,326.1000061035156,316.0,323.1700134277344,52588700,310.73895263671875
2021-10-28,324.3299865722656,324.8699951171875,321.3599853515625,324.3500061035156,26297900,311.8734741210937
2021-10-29,324.1300048828125,332.0,323.8999938964844,331.6199951171875,34766000,318.8639221191406
2021-11-01,331.3599853515625,331.489990234375,326.3699951171875,329.3699951171875,27073200,316.70050048828125
2021-11-02,330.3099975585937,333.45001220703125,330.0,333.1300048828125,26487100,320.3157653808594
2021-11-03,333.8999938964844,334.8999938964844,330.6499938964844,334.0,21500100,321.1523742675781
2021-11-04,332.8900146484375,336.5400085449219,329.510009765625,336.44000244140625,23992200,323.4984741210937
2021-11-05,338.510009765625,338.7900085449219,334.4200134277344,336.0599975585937,22570100,323.1330871582031
2021-11-08,337.29998779296875,337.6499938964844,334.44000244140625,336.989990234375,20897000,324.02734375
2021-11-09,337.1099853515625,338.7200012207031,334.5299987792969,335.95001220703125,21307400,323.02734375
2021-11-10,334.57000732421875,334.6300048828125,329.9200134277344,330.79998779296875,25500900,318.075439453125
2021-11-11,331.25,333.7699890136719,330.510009765625,332.42999267578125,16849800,319.64276123046875
2021-11-12,333.9200134277344,337.2300109863281,333.7900085449219,336.7200012207031,23831000,323.7677307128906
2021-11-15,337.5400085449219,337.8800048828125,334.0299987792969,336.07000732421875,16723000,323.1427001953125
2021-11-16,335.67999267578125,340.6700134277344,335.510009765625,339.510009765625,20886800,326.450439453125
2021-11-17,338.94000244140625,342.19000244140625,338.0,339.1199951171875,19053400,326.6719055175781
2021-11-18,338.17999267578125,342.45001220703125,337.1199951171875,341.2699890136719,22463500,328.7430419921875
2021-11-19,342.6400146484375,345.1000061035156,342.20001220703125,343.1099853515625,21963400,330.5154724121094
2021-11-22,344.6199951171875,349.6700134277344,339.54998779296875,339.8299865722656,31031100,327.3558654785156
2021-11-23,337.04998779296875,339.45001220703125,333.5599975585937,337.67999267578125,30427600,325.2848205566406
2021-11-24,336.2799987792969,338.1600036621094,333.9100036621094,337.9100036621094,21661300,325.5063171386719
2021-11-26,334.3500061035156,337.92999267578125,328.1199951171875,329.67999267578125,24217200,317.5784912109375
2021-11-29,334.94000244140625,339.0299987792969,334.739990234375,336.6300048828125,28563500,324.2733764648437
2021-11-30,335.32000732421875,337.7799987792969,328.989990234375,330.5899963378906,42885600,318.455078125
2021-12-01,335.1300048828125,339.2799987792969,329.3900146484375,330.0799865722656,33337600,317.9637451171875
2021-12-02,330.29998779296875,333.489990234375,327.79998779296875,329.489990234375,30766000,317.3954162597656
2021-12-03,331.989990234375,332.70001220703125,318.0299987792969,323.010009765625,41779300,311.1533508300781
2021-12-06,323.95001220703125,327.45001220703125,319.2300109863281,326.19000244140625,30032600,314.216552734375
2021-12-07,331.6400146484375,335.79998779296875,330.1000061035156,334.9200134277344,31021900,322.62615966796875
2021-12-08,335.3099975585937,335.5,330.79998779296875,334.9700012207031,24761000,322.67431640625
2021-12-09,334.4100036621094,336.489990234375,332.1199951171875,333.1000061035156,22214200,320.8729858398437
2021-12-10,334.9800109863281,343.0,334.7900085449219,342.5400085449219,38095700,329.9664611816406
2021-12-13,340.67999267578125,343.7900085449219,339.0799865722656,339.3999938964844,28899400,326.9417419433594
2021-12-14,333.2200012207031,334.6400146484375,324.1099853515625,328.3399963378906,44438700,316.28765869140625
2021-12-15,328.6099853515625,335.19000244140625,324.5,334.6499938964844,35381100,322.3659973144531
2021-12-16,335.7099914550781,336.760009765625,323.0199890136719,324.8999938964844,35034800,312.97393798828125
2021-12-17,320.8800048828125,324.9200134277344,317.25,323.79998779296875,47750300,311.9143371582031
2021-12-20,320.04998779296875,322.79998779296875,317.57000732421875,319.9100036621094,28326500,308.1670837402344
2021-12-21,323.2900085449219,327.7300109863281,319.79998779296875,327.2900085449219,24740600,315.2762451171875
2021-12-22,328.29998779296875,333.6099853515625,325.75,333.20001220703125,24831500,320.96923828125
2021-12-23,332.75,336.3900146484375,332.7300109863281,334.69000244140625,19617800,322.4045715332031
2021-12-27,335.4599914550781,342.4800109863281,335.42999267578125,342.45001220703125,19947000,329.8797302246094
2021-12-28,343.1499938964844,343.8099975585937,340.32000732421875,341.25,15661500,328.7237854003906
2021-12-29,341.29998779296875,344.29998779296875,339.67999267578125,341.95001220703125,15042000,329.3980407714844
2021-12-30,341.9100036621094,343.1300048828125,338.82000732421875,339.32000732421875,15994500,326.8646240234375
2021-12-31,338.510009765625,339.3599853515625,335.8500061035156,336.32000732421875,18000800,323.9747314453125
2022-01-03,335.3500061035156,338.0,329.7799987792969,334.75,28865100,322.4624328613281
2022-01-04,334.8299865722656,335.20001220703125,326.1199951171875,329.010009765625,32674300,316.9330139160156
2022-01-05,325.8599853515625,326.07000732421875,315.9800109863281,316.3800048828125,40054300,304.76678466796875
2022-01-06,313.1499938964844,318.70001220703125,311.489990234375,313.8800048828125,39646100,302.3583984375
2022-01-07,314.1499938964844,316.5,310.0899963378906,314.0400085449219,32720000,302.5125732421875
2022-01-10,309.489990234375,314.7200012207031,304.69000244140625,314.2699890136719,44289500,302.7341003417969
2022-01-11,313.3800048828125,316.6099853515625,309.8900146484375,314.9800109863281,29386800,303.4181213378906
2022-01-12,319.6700134277344,323.4100036621094,317.0799865722656,318.2699890136719,34372200,306.58721923828125
2022-01-13,320.4700012207031,320.8800048828125,304.0,304.79998779296875,45366000,293.6116638183594
2022-01-14,304.25,310.82000732421875,303.75,310.20001220703125,39846400,298.8135986328125
2022-01-18,304.07000732421875,309.79998779296875,301.739990234375,302.6499938964844,42333200,291.5406188964844
2022-01-19,306.2900085449219,313.9100036621094,302.70001220703125,303.3299865722656,45933900,292.19561767578125
2022-01-20,309.07000732421875,311.6499938964844,301.1400146484375,301.6000061035156,35380700,290.5292053222656
2022-01-21,302.69000244140625,304.1099853515625,295.6099853515625,296.0299987792969,57984400,285.1636657714844
2022-01-24,292.20001220703125,297.1099853515625,276.04998779296875,296.3699951171875,85731500,285.4910888671875
2022-01-25,291.5199890136719,294.989990234375,285.1700134277344,288.489990234375,72848600,277.90045166015625
2022-01-26,307.989990234375,308.5,293.0299987792969,296.7099914550781,90428900,285.8186950683594
2022-01-27,302.6600036621094,307.29998779296875,297.92999267578125,299.8399963378906,53481300,288.8338623046875
2022-01-28,300.2300109863281,308.4800109863281,294.45001220703125,308.260009765625,49743700,296.9447937011719
2022-01-31,308.95001220703125,312.3800048828125,306.3699951171875,310.9800109863281,46444500,299.5648803710937
2022-02-01,310.4100036621094,310.6300048828125,305.1300048828125,308.760009765625,40950400,297.4263610839844
2022-02-02,309.6300048828125,315.1199951171875,308.8800048828125,313.4599914550781,36636000,301.9538269042969
2022-02-03,309.489990234375,311.2300109863281,299.9599914550781,301.25,43730000,290.1920166015625
2022-02-04,300.2099914550781,308.79998779296875,299.9700012207031,305.94000244140625,35096500,294.7099304199219
2022-02-07,306.1700134277344,307.8399963378906,299.8999938964844,300.95001220703125,28533300,289.9029541015625
2022-02-08,301.25,305.5599975585937,299.95001220703125,304.5599975585937,32421200,293.3805236816406
2022-02-09,309.8699951171875,311.92999267578125,307.3900146484375,311.2099914550781,31284700,299.78643798828125
2022-02-10,304.0400085449219,309.1199951171875,300.70001220703125,302.3800048828125,45386200,291.28057861328125
2022-02-11,303.19000244140625,304.2900085449219,294.2200012207031,295.0400085449219,39175600,284.2099914550781
2022-02-14,293.7699890136719,296.760009765625,291.3500061035156,295.0,36359500,284.1714782714844
2022-02-15,300.010009765625,300.79998779296875,297.0199890136719,300.4700012207031,27058300,289.4406433105469
2022-02-16,298.3699951171875,300.8699951171875,293.67999267578125,299.5,29982100,289.1028747558594
2022-02-17,296.3599853515625,296.79998779296875,290.0,290.7300109863281,32461600,280.6373291015625
2022-02-18,293.04998779296875,293.8599853515625,286.3099975585937,287.92999267578125,34264000,277.9345092773437
2022-02-22,285.0,291.5400085449219,284.5,287.7200012207031,41736100,277.73175048828125
2022-02-23,290.17999267578125,291.70001220703125,280.1000061035156,280.2699890136719,37811200,270.54034423828125
2022-02-24,272.510009765625,295.1600036621094,271.5199890136719,294.5899963378906,56989700,284.36328125
2022-02-25,295.1400146484375,297.6300048828125,291.6499938964844,297.3099975585937,32546700,286.9888916015625
2022-02-28,294.3099975585937,299.1400146484375,293.0,298.7900085449219,34627500,288.4174194335937
2022-03-01,296.3999938964844,299.9700012207031,292.1499938964844,294.95001220703125,31217800,284.71075439453125
2022-03-02,295.3599853515625,301.4700012207031,293.70001220703125,300.19000244140625,31873000,289.76885986328125
2022-03-03,302.8900146484375,303.1300048828125,294.04998779296875,295.9200134277344,27314500,285.6471252441406
2022-03-04,294.2900085449219,295.6600036621094,287.1700134277344,289.8599853515625,32356500,279.7974548339844
2022-03-07,288.5299987792969,289.69000244140625,278.5299987792969,278.9100036621094,43157200,269.2276611328125
2022-03-08,277.79998779296875,283.9599914550781,270.0,275.8500061035156,48159500,266.2738342285156
2022-03-09,283.44000244140625,289.6000061035156,280.7799987792969,288.5,35204500,278.4847106933594
2022-03-10,283.0199890136719,286.6000061035156,280.5799865722656,285.5899963378906,30628000,275.6757202148437
2022-03-11,287.9599914550781,289.510009765625,279.42999267578125,280.07000732421875,27209300,270.34735107421875
2022-03-14,280.3399963378906,285.3999938964844,275.82000732421875,276.44000244140625,30660700,266.8432922363281
2022-03-15,280.3500061035156,287.82000732421875,278.7300109863281,287.1499938964844,34245100,277.1815490722656
2022-03-16,289.1099853515625,294.57000732421875,283.20001220703125,294.3900146484375,37826300,284.1701965332031
2022-03-17,293.2900085449219,295.6099853515625,289.3699951171875,295.2200012207031,30816600,284.9714660644531
2022-03-18,295.3699951171875,301.0,292.7300109863281,300.42999267578125,43390600,290.00054931640625
2022-03-21,298.8900146484375,300.1400146484375,294.8999938964844,299.1600036621094,28351200,288.774658203125
2022-03-22,299.79998779296875,305.0,298.7699890136719,304.0599975585937,27599700,293.5045471191406
2022-03-23,300.510009765625,303.2300109863281,297.7200012207031,299.489990234375,25715400,289.0931396484375
2022-03-24,299.1400146484375,304.20001220703125,298.32000732421875,304.1000061035156,24484500,293.5431823730469
2022-03-25,305.2300109863281,305.5,299.2900085449219,303.67999267578125,22566500,293.1377258300781
2022-03-28,304.3299865722656,310.79998779296875,304.3299865722656,310.70001220703125,29578200,299.9139709472656
2022-03-29,313.9100036621094,315.82000732421875,309.04998779296875,315.4100036621094,30393400,304.46051025390625
2022-03-30,313.760009765625,315.95001220703125,311.5799865722656,313.8599853515625,28163600,302.9642944335937
2022-03-31,313.8999938964844,315.1400146484375,307.8900146484375,308.3099975585937,33422100,297.60699462890625
2022-04-01,309.3699951171875,310.1300048828125,305.5400085449219,309.4200134277344,27110500,298.678466796875
2022-04-04,310.0899963378906,315.1099853515625,309.7099914550781,314.9700012207031,24289600,304.0357971191406
2022-04-05,313.2699890136719,314.8699951171875,309.8699951171875,310.8800048828125,23156700,300.0877990722656
2022-04-06,305.19000244140625,307.0,296.7099914550781,299.5,40110400,289.1028747558594
2022-04-07,296.6600036621094,303.6499938964844,296.3500061035156,301.3699951171875,31411200,290.9079284667969
2022-04-08,300.44000244140625,301.1199951171875,296.2799987792969,296.9700012207031,24361900,286.6606140136719
2022-04-11,291.7900085449219,292.6099853515625,285.0,285.260009765625,34569300,275.3572692871094
2022-04-12,289.239990234375,290.739990234375,280.489990234375,282.0599975585937,30966700,272.2682800292969
2022-04-13,282.7300109863281,288.5799865722656,281.29998779296875,287.6199951171875,21907200,277.63525390625
2022-04-14,288.0899963378906,288.3099975585937,279.32000732421875,279.8299865722656,28221600,270.1156921386719
2022-04-18,278.9100036621094,282.4599914550781,278.3399963378906,280.5199890136719,20778000,270.7816772460937
2022-04-19,279.3800048828125,286.1700134277344,278.4100036621094,285.29998779296875,22297700,275.39581298828125
2022-04-20,289.3999938964844,289.70001220703125,285.3699951171875,286.3599853515625,22906700,276.41900634765625
2022-04-21,288.5799865722656,293.29998779296875,280.0599975585937,280.8099975585937,29454600,271.0616760253906
2022-04-22,281.67999267578125,283.20001220703125,273.3800048828125,274.0299987792969,29405800,264.51708984375
2022-04-25,273.2900085449219,281.1099853515625,270.7699890136719,280.7200012207031,35678900,270.97479248046875
2022-04-26,277.5,278.3599853515625,270.0,270.2200012207031,46518400,260.8392639160156
2022-04-27,282.1000061035156,290.9700012207031,279.1600036621094,283.2200012207031,63477700,273.38800048828125
2022-04-28,285.19000244140625,290.9800109863281,281.4599914550781,289.6300048828125,33646600,279.57550048828125
2022-04-29,288.6099853515625,289.8800048828125,276.5,277.5199890136719,37073900,267.8858947753906
2022-05-02,277.7099914550781,284.94000244140625,276.2200012207031,284.4700012207031,35151100,274.5946044921875
2022-05-03,283.9599914550781,284.1300048828125,280.1499938964844,281.7799987792969,25978600,271.9980163574219
2022-05-04,282.5899963378906,290.8800048828125,276.7300109863281,289.9800109863281,33599300,279.913330078125
2022-05-05,285.5400085449219,286.3500061035156,274.3399963378906,277.3500061035156,43260400,267.72186279296875
2022-05-06,274.8099975585937,279.25,271.2699890136719,274.7300109863281,37780300,265.1927490234375
2022-05-09,270.0599975585937,272.3599853515625,263.32000732421875,264.5799865722656,47726000,255.39505004882807
2022-05-10,271.69000244140625,273.75,265.07000732421875,269.5,39336400,260.1442565917969
2022-05-11,265.67999267578125,271.3599853515625,259.29998779296875,260.54998779296875,48975900,251.50494384765625
2022-05-12,257.69000244140625,259.8800048828125,250.0200042724609,255.3500061035156,51033800,246.48550415039065
2022-05-13,257.3500061035156,263.0400085449219,255.3500061035156,261.1199951171875,34925100,252.05520629882807
2022-05-16,259.9599914550781,265.82000732421875,255.77999877929688,261.5,32550900,252.42202758789065
2022-05-17,266.1099853515625,268.3299865722656,262.4599914550781,266.82000732421875,28828800,257.5573425292969
2022-05-18,263.0,263.6000061035156,252.7700042724609,254.0800018310547,31356000,245.8308258056641
2022-05-19,253.8999938964844,257.6700134277344,251.8800048828125,253.13999938964844,32692300,244.9213714599609
2022-05-20,257.239990234375,258.5400085449219,246.44000244140625,252.55999755859372,39199300,244.3601837158203
2022-05-23,255.4900054931641,261.5,253.42999267578125,260.6499938964844,33175400,252.18751525878903
2022-05-24,257.8900146484375,261.3299865722656,253.5,259.6199951171875,29043900,251.19097900390625
2022-05-25,258.1400146484375,264.5799865722656,257.1300048828125,262.5199890136719,28547900,253.99676513671875
2022-05-26,262.2699890136719,267.1099853515625,261.42999267578125,265.8999938964844,25002100,257.2671203613281
2022-05-27,268.4800109863281,273.3399963378906,267.5599975585937,273.239990234375,26910800,264.3687744140625
2022-05-31,272.5299987792969,274.7699890136719,268.92999267578125,271.8699951171875,37827700,263.0432434082031
2022-06-01,275.20001220703125,277.69000244140625,270.0400085449219,272.4200134277344,25292200,263.57537841796875
2022-06-02,264.45001220703125,274.6499938964844,261.6000061035156,274.5799865722656,44008200,265.6652526855469
2022-06-03,270.3099975585937,273.45001220703125,268.4100036621094,270.0199890136719,28059000,261.2533264160156
2022-06-06,272.0599975585937,274.17999267578125,267.2200012207031,268.75,22400300,260.02459716796875
2022-06-07,266.6400146484375,273.1300048828125,265.94000244140625,272.5,22860700,263.65283203125
2022-06-08,271.7099914550781,273.0,269.6099853515625,270.4100036621094,17372300,261.6306457519531
2022-06-09,267.7799987792969,272.7099914550781,264.6300048828125,264.7900085449219,26439700,256.193115234375
2022-06-10,260.5799865722656,260.5799865722656,252.52999877929688,252.9900054931641,31422800,244.7762451171875
2022-06-13,245.1100006103516,249.0200042724609,241.52999877929688,242.25999450683597,46135800,234.39456176757807
2022-06-14,243.8600006103516,245.7400054931641,241.50999450683597,244.4900054931641,28651500,236.5521697998047
2022-06-15,248.30999755859372,255.3000030517578,246.4199981689453,251.75999450683597,33111700,243.58615112304688
2022-06-16,245.97999572753903,247.4199981689453,243.0200042724609,244.97000122070312,33169200,237.0165863037109
2022-06-17,244.6999969482422,250.5,244.02999877929688,247.6499938964844,43084800,239.60958862304688
2022-06-21,250.25999450683597,254.75,249.50999450683597,253.7400054931641,29928300,245.5018615722656
2022-06-22,251.88999938964844,257.1700134277344,250.3699951171875,253.1300048828125,25939900,244.9116668701172
2022-06-23,255.57000732421875,259.3699951171875,253.6300048828125,258.8599853515625,25861400,250.4556579589844
2022-06-24,261.8099975585937,267.9800109863281,261.7200012207031,267.70001220703125,33923200,259.0086364746094
2022-06-27,268.2099914550781,268.29998779296875,263.2799987792969,264.8900146484375,24615100,256.28985595703125
2022-06-28,263.9800109863281,266.9100036621094,256.32000732421875,256.4800109863281,27295500,248.1528778076172
2022-06-29,257.5899963378906,261.9700012207031,255.75999450683597,260.260009765625,20069800,251.81016540527344
2022-06-30,257.04998779296875,259.5299987792969,252.8999938964844,256.8299865722656,31730900,248.49154663085935
2022-07-01,256.3900146484375,259.7699890136719,254.6100006103516,259.5799865722656,22837700,251.1522216796875
2022-07-05,256.1600036621094,262.9800109863281,254.7400054931641,262.8500061035156,22941000,254.31613159179688
2022-07-06,263.75,267.989990234375,262.3999938964844,266.2099914550781,23824400,257.5670166015625
2022-07-07,265.1199951171875,269.0599975585937,265.0199890136719,268.3999938964844,20859900,259.6858825683594
2022-07-08,264.7900085449219,268.1000061035156,263.2900085449219,267.6600036621094,19658800,258.9699401855469
2022-07-11,265.6499938964844,266.5299987792969,262.17999267578125,264.510009765625,19455200,255.9222412109375
2022-07-12,265.8800048828125,265.94000244140625,252.0399932861328,253.6699981689453,35868500,245.4341278076172
2022-07-13,250.19000244140625,253.5500030517578,248.1100006103516,252.72000122070312,29497400,244.51502990722656
2022-07-14,250.57000732421875,255.13999938964844,245.94000244140625,254.0800018310547,25102800,245.8308258056641
2022-07-15,255.72000122070312,260.3699951171875,254.7700042724609,256.7200012207031,29774100,248.3851318359375
2022-07-18,259.75,260.8399963378906,253.3000030517578,254.25,20975000,245.9953155517578
2022-07-19,257.5799865722656,259.7200012207031,253.67999267578125,259.5299987792969,25012600,251.10386657714844
2022-07-20,259.8999938964844,264.8699951171875,258.9100036621094,262.2699890136719,22788300,253.75489807128903
2022-07-21,259.7900085449219,264.8900146484375,257.0299987792969,264.8399963378906,22404700,256.2414245605469
2022-07-22,265.239990234375,265.3299865722656,259.07000732421875,260.3599853515625,21881300,251.90695190429688
2022-07-25,261.0,261.5,256.8099975585937,258.8299865722656,21056000,250.4265899658203
2022-07-26,259.8599853515625,259.8800048828125,249.57000732421875,251.8999938964844,39348000,243.7216033935547
2022-07-27,261.1600036621094,270.04998779296875,258.8500061035156,268.739990234375,45994000,260.01483154296875
2022-07-28,269.75,277.8399963378906,267.8699951171875,276.4100036621094,33459300,267.43585205078125
2022-07-29,277.70001220703125,282.0,276.6300048828125,280.739990234375,32152800,271.6252746582031
2022-08-01,277.82000732421875,281.2799987792969,275.8399963378906,278.010009765625,21539600,268.98394775390625
2022-08-02,276.0,277.8900146484375,272.3800048828125,274.82000732421875,22754200,265.89752197265625
2022-08-03,276.760009765625,283.5,276.6099853515625,282.4700012207031,23518900,273.2991027832031
2022-08-04,281.79998779296875,283.79998779296875,280.1700134277344,283.6499938964844,18098700,274.4407958984375
2022-08-05,279.1499938964844,283.6499938964844,278.67999267578125,282.9100036621094,16774600,273.7248229980469
2022-08-08,284.04998779296875,285.9200134277344,279.32000732421875,280.32000732421875,18739200,271.2189025878906
2022-08-09,279.6400146484375,283.0799865722656,277.6099853515625,282.29998779296875,23405200,273.1346435546875
2022-08-10,288.1700134277344,289.8099975585937,286.94000244140625,289.1600036621094,24687800,279.7719421386719
2022-08-11,290.8500061035156,291.2099914550781,286.510009765625,287.0199890136719,20065900,277.70135498046875
2022-08-12,288.4800109863281,291.9100036621094,286.94000244140625,291.9100036621094,22619700,282.4326477050781
2022-08-15,291.0,294.17999267578125,290.1099853515625,293.4700012207031,18085700,283.9419860839844
2022-08-16,291.989990234375,294.0400085449219,290.4200134277344,292.7099914550781,18102900,283.20660400390625
2022-08-17,289.739990234375,293.3500061035156,289.4700012207031,291.32000732421875,18253400,282.46002197265625
2022-08-18,290.19000244140625,291.9100036621094,289.0799865722656,290.1700134277344,17186200,281.34503173828125
2022-08-19,288.8999938964844,289.25,285.5599975585937,286.1499938964844,20570000,277.4473571777344
2022-08-22,282.0799865722656,282.4599914550781,277.2200012207031,277.75,25061100,269.30279541015625
2022-08-23,276.44000244140625,278.8599853515625,275.3999938964844,276.44000244140625,17527400,268.03253173828125
2022-08-24,275.4100036621094,277.2300109863281,275.1099853515625,275.7900085449219,18137000,267.40234375
2022-08-25,277.3299865722656,279.0199890136719,274.5199890136719,278.8500061035156,16583400,270.36932373046875
2022-08-26,279.0799865722656,280.3399963378906,267.9800109863281,268.0899963378906,27549300,259.9365234375
2022-08-29,265.8500061035156,267.3999938964844,263.8500061035156,265.2300109863281,20338500,257.1634826660156
2022-08-30,266.6700134277344,267.04998779296875,260.6600036621094,262.9700012207031,22767100,254.9722137451172
2022-08-31,265.3900146484375,267.1099853515625,261.3299865722656,261.4700012207031,24791800,253.51792907714844
2022-09-01,258.8699951171875,260.8900146484375,255.41000366210935,260.3999938964844,23263400,252.48040771484372
2022-09-02,261.70001220703125,264.739990234375,254.47000122070312,256.0599975585937,22855400,248.2724151611328
2022-09-06,256.20001220703125,257.8299865722656,251.94000244140625,253.25,21328200,245.54788208007807
2022-09-07,254.6999969482422,258.8299865722656,253.22000122070312,258.0899963378906,24126700,250.2406768798828
2022-09-08,257.510009765625,260.42999267578125,254.7899932861328,258.5199890136719,20319900,250.6575927734375
2022-09-09,260.5,265.2300109863281,260.2900085449219,264.4599914550781,22084700,256.4169616699219
2022-09-12,265.7799987792969,267.45001220703125,265.1600036621094,266.6499938964844,18747700,258.5403137207031
2022-09-13,258.8399963378906,260.3999938964844,251.58999633789065,251.9900054931641,33353300,244.3262176513672
2022-09-14,253.52999877929688,254.22999572753903,249.8600006103516,252.22000122070312,23913000,244.54920959472656
2022-09-15,249.7700042724609,251.3999938964844,244.0200042724609,245.3800048828125,31530900,237.9171905517578
2022-09-16,244.25999450683597,245.3000030517578,242.05999755859372,244.7400054931641,39791800,237.2967071533203
2022-09-19,242.47000122070312,245.13999938964844,240.8500061035156,244.5200042724609,26826900,237.0833740234375
2022-09-20,242.07000732421875,243.50999450683597,239.63999938964844,242.4499969482422,26660300,235.0763397216797
2022-09-21,244.2700042724609,247.66000366210935,238.8999938964844,238.9499969482422,28625600,231.6827545166016
2022-09-22,237.8699951171875,243.8600006103516,237.57000732421875,240.97999572753903,31061200,233.65103149414065
2022-09-23,239.5399932861328,241.1300048828125,235.1999969482422,237.9199981689453,34176000,230.68414306640625
2022-09-26,237.0500030517578,241.4499969482422,236.8999938964844,237.4499969482422,27694200,230.22840881347656
2022-09-27,239.97999572753903,241.8000030517578,234.5,236.41000366210935,27018700,229.22006225585935
2022-09-28,236.80999755859372,242.3300018310547,234.72999572753903,241.07000732421875,29029700,233.7383270263672
2022-09-29,238.88999938964844,239.9499969482422,234.41000366210935,237.5,27484200,230.27687072753903
2022-09-30,238.2899932861328,240.5399932861328,232.72999572753903,232.8999938964844,35694800,225.81675720214844
2022-10-03,235.41000366210935,241.6100006103516,234.66000366210935,240.7400054931641,28880400,233.4183349609375
2022-10-04,245.08999633789065,250.3600006103516,244.97999572753903,248.8800048828125,34888400,241.31077575683597
2022-10-05,245.9900054931641,250.5800018310547,244.1000061035156,249.1999969482422,20347100,241.62106323242188
2022-10-06,247.92999267578125,250.33999633789065,246.0800018310547,246.7899932861328,20239900,239.28433227539065
2022-10-07,240.8999938964844,241.32000732421875,233.1699981689453,234.2400054931641,37769600,227.1160430908203
2022-10-10,233.0500030517578,234.55999755859372,226.72999572753903,229.25,29743600,222.27777099609372
2022-10-11,227.6199951171875,229.05999755859372,224.1100006103516,225.41000366210935,30474000,218.55458068847656
2022-10-12,225.3999938964844,227.8600006103516,223.9600067138672,225.75,21903900,218.8842315673828
2022-10-13,219.8500061035156,236.1000061035156,219.1300048828125,234.2400054931641,42551800,227.1160430908203
2022-10-14,235.5399932861328,237.2400054931641,228.33999633789065,228.55999755859372,30198600,221.60877990722656
2022-10-17,235.82000732421875,238.9600067138672,235.13999938964844,237.52999877929688,28142300,230.30596923828125
2022-10-18,243.2400054931641,243.92999267578125,235.3699951171875,238.5,26329600,231.2464599609375
2022-10-19,237.0399932861328,239.6100006103516,234.2899932861328,236.47999572753903,19985700,229.28790283203125
2022-10-20,235.7700042724609,241.30999755859372,234.8699951171875,236.1499938964844,21811000,228.96795654296875
2022-10-21,234.7400054931641,243.0,234.5,242.1199951171875,26299700,234.75637817382807
2022-10-24,243.75999450683597,247.83999633789065,241.3000030517578,247.25,24911200,239.7303466796875
2022-10-25,247.25999450683597,251.0399932861328,245.8300018310547,250.66000366210935,34775500,243.0366668701172
2022-10-26,231.1699981689453,238.3000030517578,230.05999755859372,231.32000732421875,82543200,224.28482055664065
2022-10-27,231.0399932861328,233.69000244140625,225.77999877929688,226.75,40424600,219.85382080078125
2022-10-28,226.2400054931641,236.6000061035156,226.0500030517578,235.8699951171875,40647700,228.69644165039065
2022-10-31,233.75999450683597,234.9199981689453,231.1499938964844,232.1300048828125,28357300,225.0702209472656
2022-11-01,234.6000061035156,235.7400054931641,227.3300018310547,228.1699981689453,30592300,221.23062133789065
2022-11-02,229.4600067138672,231.3000030517578,220.0399932861328,220.1000061035156,38407000,213.4060821533203
2022-11-03,220.08999633789065,220.41000366210935,213.97999572753903,214.25,36633900,207.73399353027344
2022-11-04,217.5500030517578,221.58999633789065,213.42999267578125,221.38999938964844,36789100,214.6568145751953
2022-11-07,221.9900054931641,228.41000366210935,221.27999877929688,227.8699951171875,33498000,220.9397430419922
2022-11-08,228.6999969482422,231.6499938964844,225.83999633789065,228.8699951171875,28192500,221.90936279296875
2022-11-09,227.3699951171875,228.6300048828125,224.3300018310547,224.50999450683597,27852900,217.6819305419922
2022-11-10,235.42999267578125,243.3300018310547,235.0,242.97999572753903,46268000,235.59019470214844
2022-11-11,242.9900054931641,247.9900054931641,241.92999267578125,247.1100006103516,34620200,239.5946044921875
2022-11-14,241.9900054931641,243.91000366210935,239.2100067138672,241.5500030517578,31123300,234.2036895751953
2022-11-15,245.66000366210935,247.0,240.02999877929688,241.97000122070312,31390100,234.61094665527344
2022-11-16,242.7899932861328,243.8000030517578,240.4199981689453,241.72999572753903,24093300,235.03875732421875
2022-11-17,237.77999877929688,243.25,237.6300048828125,241.67999267578125,23123500,234.9901123046875
2022-11-18,243.50999450683597,243.7400054931641,239.02999877929688,241.22000122070312,27613500,234.5428771972656
2022-11-21,241.42999267578125,244.6699981689453,241.19000244140625,242.0500030517578,26394700,235.34991455078125
2022-11-22,243.58999633789065,245.30999755859372,240.7100067138672,245.02999877929688,19665700,238.2473907470703
2022-11-23,245.1100006103516,248.27999877929688,244.2700042724609,247.5800018310547,19508500,240.72683715820312
2022-11-25,247.30999755859372,248.6999969482422,246.72999572753903,247.4900054931641,9200800,240.6392822265625
2022-11-28,246.0800018310547,246.6499938964844,240.8000030517578,241.75999450683597,24778200,235.0679473876953
2022-11-29,241.3999938964844,242.7899932861328,238.2100067138672,240.3300018310547,17956300,233.677490234375
2022-11-30,240.57000732421875,255.3300018310547,239.8600006103516,255.13999938964844,47594200,248.0775451660156
2022-12-01,253.8699951171875,256.1199951171875,250.9199981689453,254.69000244140625,26041500,247.63998413085935
2022-12-02,249.82000732421875,256.0599975585937,249.69000244140625,255.0200042724609,21528500,247.96090698242188
2022-12-05,252.00999450683597,253.82000732421875,248.05999755859372,250.1999969482422,23435300,243.27427673339844
2022-12-06,250.82000732421875,251.8600006103516,243.77999877929688,245.1199951171875,22463700,238.33493041992188
2022-12-07,244.8300018310547,246.16000366210935,242.2100067138672,244.3699951171875,20481500,237.6056671142578
2022-12-08,244.83999633789065,248.7400054931641,243.05999755859372,247.3999938964844,22611800,240.55178833007807
2022-12-09,244.6999969482422,248.30999755859372,244.16000366210935,245.4199981689453,20609700,238.6266021728516
2022-12-12,247.4499969482422,252.5399932861328,247.1699981689453,252.50999450683597,30665100,245.52035522460935
2022-12-13,261.69000244140625,263.9200134277344,253.07000732421875,256.9200134277344,42196900,249.80825805664065
2022-12-14,257.1300048828125,262.5899963378906,254.30999755859372,257.2200012207031,35410900,250.09999084472656
2022-12-15,253.72000122070312,254.1999969482422,247.33999633789065,249.00999450683597,35560400,242.11721801757807
2022-12-16,248.5500030517578,249.83999633789065,243.50999450683597,244.69000244140625,86102000,237.9167938232422
2022-12-19,244.8600006103516,245.2100067138672,238.7100067138672,240.4499969482422,29696400,233.7942047119141
2022-12-20,239.3999938964844,242.91000366210935,238.4199981689453,241.8000030517578,25150800,235.1068115234375
2022-12-21,241.69000244140625,245.6199951171875,240.1100006103516,244.42999267578125,23690600,237.66400146484372
2022-12-22,241.25999450683597,241.9900054931641,233.8699951171875,238.19000244140625,28651700,231.5967559814453
2022-12-23,236.1100006103516,238.8699951171875,233.94000244140625,238.72999572753903,21207000,232.12176513671875
2022-12-27,238.6999969482422,238.92999267578125,235.8300018310547,236.9600067138672,16688600,230.4008026123047
2022-12-28,236.88999938964844,239.72000122070312,234.1699981689453,234.52999877929688,17457100,228.03805541992188
2022-12-29,235.6499938964844,241.9199981689453,235.6499938964844,241.00999450683597,19770700,234.33868408203125
2022-12-30,238.2100067138672,239.9600067138672,236.66000366210935,239.82000732421875,21938500,233.181640625
2023-01-03,243.0800018310547,245.75,237.3999938964844,239.5800018310547,25740000,232.94825744628903
2023-01-04,232.27999877929688,232.8699951171875,225.9600067138672,229.1000061035156,50623400,222.7583465576172
2023-01-05,227.1999969482422,227.5500030517578,221.75999450683597,222.30999755859372,39585600,216.15628051757807
2023-01-06,223.0,225.75999450683597,219.3500061035156,224.92999267578125,43613600,218.7037506103516
2023-01-09,226.4499969482422,231.2400054931641,226.41000366210935,227.1199951171875,27369800,220.8331298828125
2023-01-10,227.75999450683597,231.30999755859372,227.3300018310547,228.8500061035156,27033900,222.5152740478516
2023-01-11,231.2899932861328,235.9499969482422,231.1100006103516,235.7700042724609,28669300,229.24371337890625
2023-01-12,235.25999450683597,239.8999938964844,233.55999755859372,238.50999450683597,27269500,231.9078826904297
2023-01-13,237.0,239.3699951171875,234.9199981689453,239.22999572753903,21333300,232.6079559326172
2023-01-17,237.97000122070312,240.91000366210935,237.08999633789065,240.3500061035156,29831300,233.69696044921875
2023-01-18,241.57000732421875,242.3800048828125,235.5200042724609,235.80999755859372,30028700,229.2826232910156
2023-01-19,233.77999877929688,235.5200042724609,230.67999267578125,231.92999267578125,28623000,225.510009765625
2023-01-20,234.8600006103516,240.7400054931641,234.50999450683597,240.22000122070312,35389800,233.570556640625
2023-01-23,241.1000061035156,245.1699981689453,239.6499938964844,242.5800018310547,31934000,235.86524963378903
2023-01-24,242.5,243.9499969482422,240.44000244140625,242.0399932861328,40234400,235.3401641845703
2023-01-25,234.47999572753903,243.3000030517578,230.8999938964844,240.6100006103516,66526600,233.94973754882807
2023-01-26,243.6499938964844,248.30999755859372,242.0,248.0,33454500,241.1351776123047
2023-01-27,248.9900054931641,249.8300018310547,246.8300018310547,248.16000366210935,26498900,241.29075622558597
2023-01-30,244.50999450683597,245.6000061035156,242.1999969482422,242.7100067138672,25867400,235.9916076660156
2023-01-31,243.4499969482422,247.9499969482422,242.9499969482422,247.80999755859372,26541100,240.950439453125
2023-02-01,248.0,255.17999267578125,245.47000122070312,252.75,31259900,245.75372314453125
2023-02-02,258.82000732421875,264.69000244140625,257.25,264.6000061035156,39940400,257.2756652832031
2023-02-03,259.5400085449219,264.20001220703125,257.1000061035156,258.3500061035156,29077300,251.19869995117188
2023-02-06,257.44000244140625,258.29998779296875,254.77999877929688,256.7699890136719,22518000,249.6624298095703
2023-02-07,260.5299987792969,268.7699890136719,260.0799865722656,267.5599975585937,50841400,260.1537170410156
2023-02-08,273.20001220703125,276.760009765625,266.2099914550781,266.7300109863281,54686000,259.3467712402344
2023-02-09,273.79998779296875,273.9800109863281,262.79998779296875,263.6199951171875,42375100,256.32275390625
2023-02-10,261.5299987792969,264.0899963378906,260.6600036621094,263.1000061035156,25818500,255.81716918945312
2023-02-13,267.6400146484375,274.6000061035156,267.1499938964844,271.32000732421875,44630900,263.8096618652344
2023-02-14,272.6700134277344,274.9700012207031,269.2799987792969,272.1700134277344,37047900,264.6361389160156
2023-02-15,268.32000732421875,270.7300109863281,266.17999267578125,269.32000732421875,28922400,262.5209045410156
2023-02-16,264.0199890136719,266.739990234375,261.8999938964844,262.1499938964844,29603600,255.53192138671875
2023-02-17,259.3900146484375,260.0899963378906,256.0,258.0599975585937,30000100,251.5452117919922
2023-02-21,254.47999572753903,255.4900054931641,251.58999633789065,252.6699981689453,28397400,246.291259765625
2023-02-22,254.08999633789065,254.33999633789065,250.33999633789065,251.50999450683597,22491100,245.1605682373047
2023-02-23,255.55999755859372,256.8399963378906,250.47999572753903,254.7700042724609,29219100,248.3382568359375
2023-02-24,249.9600067138672,251.0,248.1000061035156,249.22000122070312,24990900,242.9283447265625
2023-02-27,252.4600067138672,252.82000732421875,249.38999938964844,250.16000366210935,21190000,243.8446350097656
2023-02-28,249.07000732421875,251.4900054931641,248.72999572753903,249.4199981689453,22491000,243.1233062744141
2023-03-01,250.75999450683597,250.92999267578125,245.7899932861328,246.2700042724609,27565300,240.0528564453125
2023-03-02,246.5500030517578,251.3999938964844,245.6100006103516,251.1100006103516,24808200,244.77069091796875
2023-03-03,252.19000244140625,255.6199951171875,251.38999938964844,255.2899932861328,30760100,248.8451385498047
2023-03-06,256.42999267578125,260.1199951171875,255.97999572753903,256.8699951171875,24109800,250.3852081298828
2023-03-07,256.29998779296875,257.69000244140625,253.38999938964844,254.1499938964844,21473200,247.73391723632807
2023-03-08,254.0399932861328,254.5399932861328,250.80999755859372,253.6999969482422,17340200,247.2952423095703
2023-03-09,255.82000732421875,259.5599975585937,251.5800018310547,252.32000732421875,26653400,245.95013427734372
2023-03-10,251.0800018310547,252.7899932861328,247.6000061035156,248.58999633789065,28333900,242.31427001953125
2023-03-13,247.3999938964844,257.9100036621094,245.72999572753903,253.9199981689453,33339700,247.5097198486328
2023-03-14,256.75,261.07000732421875,255.8600006103516,260.7900085449219,33620300,254.20632934570312
2023-03-15,259.9800109863281,266.4800109863281,259.2099914550781,265.44000244140625,46028000,258.7388610839844
2023-03-16,265.2099914550781,276.5599975585937,263.2799987792969,276.20001220703125,54768800,269.22723388671875
2023-03-17,278.260009765625,283.3299865722656,276.32000732421875,279.42999267578125,69527400,272.375732421875
2023-03-20,276.9800109863281,277.4800109863281,269.8500061035156,272.2300109863281,43466600,265.35748291015625
2023-03-21,274.8800048828125,275.0,269.5199890136719,273.7799987792969,34558700,266.8682861328125
2023-03-22,273.3999938964844,281.0400085449219,272.17999267578125,272.2900085449219,34873300,265.4159545898437
2023-03-23,277.94000244140625,281.0599975585937,275.20001220703125,277.6600036621094,36610900,270.650390625
2023-03-24,277.239990234375,280.6300048828125,275.2799987792969,280.57000732421875,28172000,273.48687744140625
2023-03-27,280.5,281.4599914550781,275.5199890136719,276.3800048828125,26840200,269.4027709960937
2023-03-28,275.7900085449219,276.1400146484375,272.04998779296875,275.2300109863281,21878600,268.2817077636719
2023-03-29,278.9599914550781,281.1400146484375,278.4100036621094,280.510009765625,25087000,273.42840576171875
2023-03-30,284.2300109863281,284.4599914550781,281.4800109863281,284.04998779296875,25053400,276.8790283203125
2023-03-31,283.7300109863281,289.2699890136719,283.0,288.29998779296875,32766000,281.0217590332031
2023-04-03,286.5199890136719,288.2699890136719,283.95001220703125,287.2300109863281,24883300,279.97882080078125
2023-04-04,287.2300109863281,290.45001220703125,285.6700134277344,287.17999267578125,25824300,279.9300537109375
2023-04-05,285.8500061035156,287.1499938964844,282.9200134277344,284.3399963378906,22064800,277.1617431640625
2023-04-06,283.2099914550781,292.0799865722656,282.0299987792969,291.6000061035156,29770300,284.23846435546875
2023-04-10,289.2099914550781,289.6000061035156,284.7099914550781,289.3900146484375,23103000,282.08428955078125
2023-04-11,285.75,285.9800109863281,281.6400146484375,282.8299865722656,27276600,275.6898498535156
2023-04-12,284.7900085449219,287.010009765625,281.9599914550781,283.489990234375,27403400,276.3332214355469
2023-04-13,283.5899963378906,289.8999938964844,283.1700134277344,289.8399963378906,24222700,282.5228271484375
2023-04-14,287.0,288.4800109863281,283.69000244140625,286.1400146484375,20987900,278.9163513183594
2023-04-17,289.92999267578125,291.6000061035156,286.1600036621094,288.79998779296875,23836200,281.5091552734375
2023-04-18,291.57000732421875,291.760009765625,287.010009765625,288.3699951171875,20161800,281.0900573730469
2023-04-19,285.989990234375,289.04998779296875,284.5400085449219,288.45001220703125,17150300,281.1679992675781
2023-04-20,285.25,289.0299987792969,285.0799865722656,286.1099853515625,23244400,278.8870849609375
2023-04-21,285.010009765625,286.2699890136719,283.0599975585937,285.760009765625,21676400,278.5458374023437
2023-04-24,282.0899963378906,284.95001220703125,278.7200012207031,281.7699890136719,26611000,274.6566467285156
2023-04-25,279.510009765625,281.6000061035156,275.3699951171875,275.4200134277344,45772200,268.46697998046875
2023-04-26,296.70001220703125,299.57000732421875,292.7300109863281,295.3699951171875,64599200,287.9132080078125
2023-04-27,295.9700012207031,305.20001220703125,295.25,304.8299865722656,46462600,297.1343994140625
2023-04-28,304.010009765625,308.92999267578125,303.3099975585937,307.260009765625,36469600,299.503173828125
2023-05-01,306.9700012207031,308.6000061035156,305.1499938964844,305.5599975585937,21294100,297.8460388183594
2023-05-02,307.760009765625,309.17999267578125,303.9100036621094,305.4100036621094,26404400,297.6998596191406
2023-05-03,306.6199951171875,308.6099853515625,304.0899963378906,304.3999938964844,22360800,296.7153015136719
2023-05-04,306.239990234375,307.760009765625,303.3999938964844,305.4100036621094,22519900,297.6998596191406
2023-05-05,305.7200012207031,311.9700012207031,304.2699890136719,310.6499938964844,28197100,302.8074951171875
2023-05-08,310.1300048828125,310.20001220703125,306.0899963378906,308.6499938964844,21318600,300.8580017089844
2023-05-09,308.0,310.0400085449219,306.3099975585937,307.0,21340800,299.249755859375
2023-05-10,308.6199951171875,313.0,307.6700134277344,312.3099975585937,30078000,304.42559814453125
2023-05-11,310.1000061035156,311.1199951171875,306.260009765625,310.1099853515625,31680200,302.2811889648437
2023-05-12,310.54998779296875,310.6499938964844,306.6000061035156,308.9700012207031,19774700,301.1699523925781
2023-05-15,309.1000061035156,309.8999938964844,307.5899963378906,309.4599914550781,16336500,301.64764404296875
2023-05-16,309.8299865722656,313.7099914550781,309.8299865722656,311.739990234375,26730300,303.8699951171875
2023-05-17,312.2900085449219,314.42999267578125,310.739990234375,314.0,24315000,306.7420959472656
2023-05-18,314.5299987792969,319.0400085449219,313.7200012207031,318.5199890136719,27276000,311.1576538085937
2023-05-19,316.739990234375,318.75,316.3699951171875,318.3399963378906,27546700,310.98175048828125
2023-05-22,318.6000061035156,322.5899963378906,318.010009765625,321.17999267578125,24115700,313.7561340332031
2023-05-23,320.0299987792969,322.7200012207031,315.25,315.260009765625,30797200,307.9730224609375
2023-05-24,314.7300109863281,316.5,312.6099853515625,313.8500061035156,23384900,306.5955505371094
2023-05-25,323.239990234375,326.8999938964844,320.0,325.9200134277344,43301700,318.38653564453125
2023-05-26,324.0199890136719,333.3999938964844,323.8800048828125,332.8900146484375,36630600,325.1954345703125
2023-05-30,335.2300109863281,335.739990234375,330.5199890136719,331.2099914550781,29503100,323.55426025390625
2023-05-31,332.2900085449219,335.94000244140625,327.3299865722656,328.3900146484375,45950600,320.7994689941406
2023-06-01,325.92999267578125,333.5299987792969,324.7200012207031,332.5799865722656,26773900,324.8926086425781
2023-06-02,334.25,337.5,332.54998779296875,335.3999938964844,25873800,327.6474304199219
2023-06-05,335.2200012207031,338.5599975585937,334.6600036621094,335.94000244140625,21307100,328.1749572753906
2023-06-06,335.3299865722656,335.3699951171875,332.1700134277344,333.67999267578125,20396200,325.9671630859375
2023-06-07,331.6499938964844,334.489990234375,322.5,323.3800048828125,40717100,315.9052429199219
2023-06-08,323.94000244140625,326.6400146484375,323.3500061035156,325.260009765625,23277700,317.7417907714844
2023-06-09,324.989990234375,329.989990234375,324.4100036621094,326.7900085449219,22529000,319.2364501953125
2023-06-12,328.5799865722656,332.1000061035156,325.1600036621094,331.8500061035156,24260300,324.179443359375
2023-06-13,334.4700012207031,336.9800109863281,330.3900146484375,334.2900085449219,22951300,326.5631103515625
2023-06-14,334.3399963378906,339.0400085449219,332.8099975585937,337.3399963378906,26003800,329.54254150390625
2023-06-15,337.4800109863281,349.8399963378906,337.20001220703125,348.1000061035156,38899100,340.0538330078125
2023-06-16,351.32000732421875,351.4700012207031,341.95001220703125,342.3299865722656,46552000,334.41717529296875
2023-06-20,339.3099975585937,342.0799865722656,335.8599853515625,338.04998779296875,26375400,330.236083984375
2023-06-21,336.3699951171875,337.7300109863281,332.07000732421875,333.5599975585937,25117800,325.8499450683594
2023-06-22,334.1199951171875,340.1199951171875,333.3399963378906,339.7099914550781,23556800,331.8577880859375
2023-06-23,334.3599853515625,337.9599914550781,333.45001220703125,335.0199890136719,23146900,327.2762451171875
2023-06-26,333.7200012207031,336.1099853515625,328.489990234375,328.6000061035156,21520600,321.004638671875
2023-06-27,331.8599853515625,336.1499938964844,329.29998779296875,334.57000732421875,24354100,326.83660888671875
2023-06-28,334.6600036621094,337.9800109863281,333.8099975585937,335.8500061035156,20259500,328.08697509765625
2023-06-29,334.7099914550781,336.1099853515625,332.6199951171875,335.04998779296875,16997000,327.30548095703125
2023-06-30,337.75,342.7300109863281,337.20001220703125,340.5400085449219,26832800,332.6685791015625
2023-07-03,339.19000244140625,340.8999938964844,336.57000732421875,337.989990234375,12508700,330.17755126953125
2023-07-05,335.0899963378906,341.6499938964844,334.7300109863281,338.1499938964844,18172400,330.3338317871094
2023-07-06,337.29998779296875,342.989990234375,335.5,341.2699890136719,28161200,333.3817443847656
2023-07-07,339.32000732421875,341.7900085449219,337.0,337.2200012207031,21214800,329.42535400390625
2023-07-10,334.6000061035156,335.2300109863281,327.5899963378906,331.8299865722656,32791400,324.159912109375
2023-07-11,331.0599975585937,332.8599853515625,327.0,332.4700012207031,26698200,324.7850952148437
2023-07-12,336.6000061035156,341.6499938964844,335.6700134277344,337.20001220703125,29995300,329.40582275390625
2023-07-13,339.5599975585937,343.739990234375,339.0199890136719,342.6600036621094,20567200,334.7395935058594
2023-07-14,347.5899963378906,351.42999267578125,344.3099975585937,345.239990234375,28352700,337.2599792480469
2023-07-17,345.67999267578125,346.989990234375,342.20001220703125,345.7300109863281,20363900,337.7386474609375
2023-07-18,345.8299865722656,366.7799987792969,342.1700134277344,359.489990234375,64738600,351.1805114746094
2023-07-19,361.75,362.4599914550781,352.44000244140625,355.0799865722656,39732900,346.8724975585937
2023-07-20,353.57000732421875,357.9700012207031,345.3699951171875,346.8699951171875,33778400,338.85223388671875
2023-07-21,349.1499938964844,350.29998779296875,339.8299865722656,343.7699890136719,69405400,335.823974609375
2023-07-24,345.8500061035156,346.9200134277344,342.3099975585937,345.1099853515625,26678100,337.1330261230469
2023-07-25,347.1099853515625,351.8900146484375,345.07000732421875,350.9800109863281,41637700,342.8672790527344
2023-07-26,341.44000244140625,344.6700134277344,333.1099853515625,337.7699890136719,58383700,329.96258544921875
2023-07-27,340.4800109863281,341.3299865722656,329.04998779296875,330.7200012207031,39635300,323.0755615234375
2023-07-28,333.6700134277344,340.010009765625,333.1700134277344,338.3699951171875,28484900,330.5487060546875
2023-07-31,336.9200134277344,337.70001220703125,333.3599853515625,335.9200134277344,25446000,328.1554260253906
2023-08-01,335.19000244140625,338.5400085449219,333.70001220703125,336.3399963378906,18311900,328.5657043457031
2023-08-02,333.6300048828125,333.6300048828125,326.3599853515625,327.5,27761300,319.92999267578125
2023-08-03,326.0,329.8800048828125,325.95001220703125,326.6600036621094,18253700,319.10943603515625
2023-08-04,331.8800048828125,335.1400146484375,327.239990234375,327.7799987792969,23741500,320.2035522460937
2023-08-07,328.3699951171875,331.1099853515625,327.5199890136719,330.1099853515625,17741500,322.4796447753906
2023-08-08,326.9599914550781,328.75,323.0,326.04998779296875,22327600,318.5135192871094
2023-08-09,326.4700012207031,327.1099853515625,321.04998779296875,322.2300109863281,22373300,314.7818603515625
2023-08-10,326.0199890136719,328.260009765625,321.17999267578125,322.92999267578125,20113700,315.4656982421875
2023-08-11,320.260009765625,322.4100036621094,319.2099914550781,321.010009765625,24355500,313.59002685546875
2023-08-14,321.3900146484375,324.0599975585937,320.0799865722656,324.0400085449219,18836100,316.5499572753906
2023-08-15,323.0,325.0899963378906,320.8999938964844,321.8599853515625,16966300,314.4203491210937
2023-08-16,320.79998779296875,324.4200134277344,319.79998779296875,320.3999938964844,20698900,313.65679931640625
2023-08-17,320.5400085449219,321.8699951171875,316.2099914550781,316.8800048828125,21257200,310.2109069824219
2023-08-18,314.489990234375,318.3800048828125,311.54998779296875,316.4800109863281,24755000,309.81939697265625
2023-08-21,317.92999267578125,322.7699890136719,317.0400085449219,321.8800048828125,24040000,315.105712890625
2023-08-22,325.5,326.0799865722656,321.4599914550781,322.4599914550781,16084600,315.67340087890625
2023-08-23,323.82000732421875,329.20001220703125,323.4599914550781,327.0,21166400,320.1178894042969
2023-08-24,332.8500061035156,332.9800109863281,319.9599914550781,319.9700012207031,23281400,313.2358703613281
2023-08-25,321.4700012207031,325.3599853515625,318.79998779296875,322.9800109863281,21684100,316.1824951171875
2023-08-28,325.6600036621094,326.1499938964844,321.7200012207031,323.70001220703125,14808500,316.88739013671875
2023-08-29,321.8800048828125,328.9800109863281,321.8800048828125,328.4100036621094,19284600,321.49822998046875
2023-08-30,328.6700134277344,329.8099975585937,326.45001220703125,328.7900085449219,15222100,321.8702087402344
2023-08-31,329.20001220703125,330.9100036621094,326.7799987792969,327.760009765625,26411000,320.8619079589844
2023-09-01,331.3099975585937,331.989990234375,326.7799987792969,328.6600036621094,14942000,321.7430114746094
2023-09-05,329.0,334.8500061035156,328.6600036621094,333.54998779296875,18553900,326.5300598144531
2023-09-06,333.3800048828125,334.4599914550781,330.17999267578125,332.8800048828125,17535800,325.8741455078125
2023-09-07,331.2900085449219,333.0799865722656,329.0299987792969,329.9100036621094,18381000,322.9666442871094
2023-09-08,330.0899963378906,336.1600036621094,329.4599914550781,334.2699890136719,19530100,327.23492431640625
2023-09-11,337.239990234375,338.4200134277344,335.42999267578125,337.94000244140625,16583300,330.8276672363281
2023-09-12,335.82000732421875,336.7900085449219,331.4800109863281,331.7699890136719,17565500,324.7875366210937
2023-09-13,331.3099975585937,336.8500061035156,331.1700134277344,336.0599975585937,16544400,328.9872741699219
2023-09-14,339.1499938964844,340.8599853515625,336.57000732421875,338.70001220703125,20267000,331.5717163085937
2023-09-15,336.9200134277344,337.3999938964844,329.6499938964844,330.2200012207031,37679800,323.2701416015625
2023-09-18,327.79998779296875,330.3999938964844,326.3599853515625,329.0599975585937,16834200,322.134521484375
2023-09-19,326.1700134277344,329.3900146484375,324.510009765625,328.6499938964844,16505900,321.7331848144531
2023-09-20,329.510009765625,329.5899963378906,320.510009765625,320.7699890136719,21436500,314.0190124511719
2023-09-21,319.260009765625,325.3500061035156,315.0,319.5299987792969,35560400,312.8050842285156
2023-09-22,321.32000732421875,321.45001220703125,316.1499938964844,317.010009765625,21447900,310.3381652832031
2023-09-25,316.5899963378906,317.6700134277344,315.0,317.5400085449219,17836000,310.8570556640625
2023-09-26,315.1300048828125,315.8800048828125,310.0199890136719,312.1400146484375,26297600,305.5707092285156
2023-09-27,312.29998779296875,314.29998779296875,309.69000244140625,312.7900085449219,19410100,306.2069396972656
2023-09-28,310.989990234375,315.4800109863281,309.45001220703125,313.6400146484375,19683600,307.0390625
2023-09-29,317.75,319.4700012207031,314.9800109863281,315.75,24147300,309.1046142578125
2023-10-02,316.2799987792969,321.8900146484375,315.17999267578125,321.79998779296875,20570000,315.02734375
2023-10-03,320.8299865722656,321.3900146484375,311.2099914550781,313.3900146484375,21033500,306.7942810058594
2023-10-04,314.0299987792969,320.0400085449219,314.0,318.9599914550781,20720100,312.2470703125
2023-10-05,319.0899963378906,319.9800109863281,314.8999938964844,319.3599853515625,16965600,312.6386413574219
2023-10-06,316.54998779296875,329.19000244140625,316.29998779296875,327.260009765625,25673600,320.3724060058594
2023-10-09,324.75,330.29998779296875,323.17999267578125,329.82000732421875,19891200,322.8785705566406
2023-10-10,330.9599914550781,331.1000061035156,327.6700134277344,328.3900146484375,20557100,321.4786682128906
2023-10-11,331.2099914550781,332.82000732421875,329.1400146484375,332.4200134277344,20063200,325.423828125
2023-10-12,330.57000732421875,333.6300048828125,328.7200012207031,331.1600036621094,19313100,324.1903686523437
2023-10-13,332.3800048828125,333.8299865722656,326.3599853515625,327.7300109863281,21072400,320.8325500488281
2023-10-16,331.04998779296875,336.1400146484375,330.6000061035156,332.6400146484375,22158000,325.6391906738281
2023-10-17,329.5899963378906,333.4599914550781,327.4100036621094,332.0599975585937,18338500,325.0713806152344
2023-10-18,332.489990234375,335.5899963378906,328.29998779296875,330.1099853515625,23153600,323.16241455078125
2023-10-19,332.1499938964844,336.8800048828125,330.9100036621094,331.32000732421875,25052100,324.3470153808594
2023-10-20,331.7200012207031,331.9200134277344,325.45001220703125,326.6700134277344,25027700,319.7948608398437
2023-10-23,325.4700012207031,332.7300109863281,324.3900146484375,329.32000732421875,24374700,322.3890686035156
2023-10-24,331.29998779296875,331.8399963378906,327.6000061035156,330.5299987792969,31153600,323.5736694335937
2023-10-25,345.0199890136719,346.20001220703125,337.6199951171875,340.6700134277344,55053800,333.500244140625
2023-10-26,340.5400085449219,341.6300048828125,326.94000244140625,327.8900146484375,37828500,320.9891967773437
2023-10-27,330.42999267578125,336.7200012207031,328.3999938964844,329.8099975585937,29856500,322.8687438964844
2023-10-30,333.4100036621094,339.45001220703125,331.8299865722656,337.3099975585937,22828100,330.2109069824219
2023-10-31,338.8500061035156,339.0,334.69000244140625,338.1099853515625,20265300,330.9940490722656
2023-11-01,339.7900085449219,347.4200134277344,339.6499938964844,346.07000732421875,28158800,338.7865600585937
2023-11-02,347.239990234375,348.8299865722656,344.7699890136719,348.32000732421875,24348100,340.9891967773437
2023-11-03,349.6300048828125,354.3900146484375,347.3299865722656,352.79998779296875,23637700,345.3748474121094
2023-11-06,353.45001220703125,357.5400085449219,353.3500061035156,356.5299987792969,23828300,349.02642822265625
2023-11-07,359.3999938964844,362.4599914550781,357.6300048828125,360.5299987792969,25833900,352.9422607421875
2023-11-08,361.6799926757813,363.8699951171875,360.5499877929688,363.2000122070313,26767800,355.5559997558594
2023-11-09,362.2999877929688,364.7900085449219,360.3599853515625,360.6900024414063,24847300,353.09881591796875
2023-11-10,361.489990234375,370.1000061035156,361.0700073242188,369.6700134277344,28042100,361.8898620605469
2023-11-13,368.2200012207031,368.4700012207031,365.8999938964844,366.6799926757813,19986500,358.9627685546875
2023-11-14,371.010009765625,371.9500122070313,367.3500061035156,370.2699890136719,27683900,362.4772033691406
2023-11-15,371.2799987792969,373.1300048828125,367.1099853515625,369.6700134277344,26860100,362.6243591308594
2023-11-16,370.9599914550781,376.3500061035156,370.1799926757813,376.1700134277344,27182300,369.0005187988281
2023-11-17,373.6099853515625,374.3699951171875,367.0,369.8500061035156,40157000,362.8009338378906
2023-11-20,371.2200012207031,378.8699951171875,371.0,377.4400024414063,52465100,370.2463073730469
2023-11-21,375.6700134277344,376.2200012207031,371.1199951171875,373.0700073242188,28423100,365.9595642089844
2023-11-22,378.0,379.7900085449219,374.9700012207031,377.8500061035156,23345300,370.6484680175781
2023-11-24,377.3299865722656,377.9700012207031,375.1400146484375,377.4299926757813,10176600,370.2364807128906
2023-11-27,376.7799987792969,380.6400146484375,376.2000122070313,378.6099853515625,22179200,371.3940124511719
2023-11-28,378.3500061035156,383.0,378.1600036621094,382.7000122070313,20453100,375.4060668945313
2023-11-29,383.760009765625,384.2999877929688,377.4400024414063,378.8500061035156,28963400,371.6294250488281
2023-11-30,378.489990234375,380.0899963378906,375.4700012207031,378.9100036621094,30554400,371.6882629394531
2023-12-01,376.760009765625,378.1600036621094,371.30999755859375,374.510009765625,33040500,367.3722229003906
2023-12-04,369.1000061035156,369.5199890136719,362.8999938964844,369.1400146484375,32063300,362.1044616699219
2023-12-05,366.4500122070313,373.0799865722656,365.6199951171875,372.5199890136719,23065000,365.4200744628906
2023-12-06,373.5400085449219,374.1799926757813,368.0299987792969,368.7999877929688,21182100,361.77093505859375
2023-12-07,368.2300109863281,371.4500122070313,366.3200073242188,370.9500122070313,23118900,363.8800354003906
2023-12-08,369.2000122070313,374.4599914550781,368.2300109863281,374.2300109863281,20154400,367.0974731445313
2023-12-11,368.4800109863281,371.6000061035156,366.1000061035156,371.2999877929688,27708800,364.2232971191406
2023-12-12,370.8500061035156,374.4200134277344,370.4599914550781,374.3800048828125,24838300,367.2445983886719
2023-12-13,376.0199890136719,377.6400146484375,370.7699890136719,374.3699951171875,30955500,367.2347717285156
2023-12-14,373.30999755859375,373.760009765625,364.1300048828125,365.9299926757813,43277500,358.9556579589844
2023-12-15,366.8500061035156,372.3999938964844,366.2799987792969,370.7300109863281,78502300,363.6641845703125
2023-12-18,369.4500122070313,373.0,368.6799926757813,372.6499938964844,21802900,365.547607421875
2023-12-19,371.489990234375,373.260009765625,369.8399963378906,373.260009765625,20603700,366.1459655761719
2023-12-20,375.0,376.0299987792969,370.5299987792969,370.6199951171875,26316700,363.5562438964844
2023-12-21,372.55999755859375,374.4100036621094,370.0400085449219,373.5400085449219,17708000,366.4206237792969
2023-12-22,373.6799926757813,375.1799926757813,372.7099914550781,374.5799865722656,17107500,367.4408264160156
2023-12-26,375.0,376.9400024414063,373.5,374.6600036621094,12673100,367.5193481445313
2023-12-27,373.6900024414063,375.05999755859375,372.80999755859375,374.0700073242188,14905400,366.9405212402344
2023-12-28,375.3699951171875,376.4599914550781,374.1600036621094,375.2799987792969,14327000,368.12744140625
2023-12-29,376.0,377.1600036621094,373.4800109863281,376.0400085449219,18730800,368.8729553222656
2024-01-02,373.8599853515625,375.8999938964844,366.7699890136719,370.8699951171875,25258600,363.8015441894531
2024-01-03,369.010009765625,373.260009765625,368.510009765625,370.6000061035156,23083500,363.5366516113281
2024-01-04,370.6700134277344,373.1000061035156,367.1700134277344,367.9400024414063,20901500,360.9273376464844
2024-01-05,368.9700012207031,372.05999755859375,366.5,367.75,21004600,360.7409362792969
2024-01-08,369.2999877929688,375.2000122070313,369.010009765625,374.6900024414063,23134000,367.5487060546875
2024-01-09,372.010009765625,375.989990234375,371.1900024414063,375.7900085449219,20830000,368.627685546875
2024-01-10,376.3699951171875,384.1700134277344,376.3200073242188,382.7699890136719,25514200,375.4747314453125
2024-01-11,386.0,390.6799926757813,380.3800048828125,384.6300048828125,27850800,377.2992248535156
2024-01-12,385.489990234375,388.6799926757813,384.6499938964844,388.4700012207031,21661200,381.0660705566406
2024-01-16,393.6600036621094,394.0299987792969,387.6199951171875,390.2699890136719,27202300,382.8317260742188
2024-01-17,387.9800109863281,390.1099853515625,384.80999755859375,389.4700012207031,22234100,382.0469970703125
2024-01-18,391.7200012207031,393.989990234375,390.1199951171875,393.8699951171875,23392100,386.3631286621094
2024-01-19,395.760009765625,398.6700134277344,393.5,398.6700134277344,29331100,391.0716857910156
2024-01-22,400.0199890136719,400.6199951171875,393.5899963378906,396.510009765625,27016900,388.9528198242188
2024-01-23,395.75,399.3800048828125,393.9299926757813,398.8999938964844,20525900,391.29730224609375
2024-01-24,401.5400085449219,405.6300048828125,400.4500122070313,402.55999755859375,24867000,394.8875122070313
2024-01-25,404.3200073242188,407.010009765625,402.5299987792969,404.8699951171875,21021200,397.1534423828125
2024-01-26,404.3699951171875,406.1700134277344,402.4299926757813,403.9299926757813,17803300,396.23138427734375
2024-01-29,406.05999755859375,409.9800109863281,404.3299865722656,409.7200012207031,24510200,401.91107177734375
2024-01-30,412.260009765625,413.0499877929688,406.4500122070313,408.5899963378906,33477600,400.8026428222656
2024-01-31,406.9599914550781,415.3200073242188,397.2099914550781,397.5799865722656,47871100,390.00244140625
2024-02-01,401.8299865722656,408.0,401.7999877929688,403.7799987792969,30657700,396.0842590332031
2024-02-02,403.80999755859375,412.6499938964844,403.55999755859375,411.2200012207031,28256700,403.3823852539063
2024-02-05,409.8999938964844,411.1600036621094,403.989990234375,405.6499938964844,25352300,397.9186401367188
2024-02-06,405.8800048828125,407.9700012207031,402.9100036621094,405.489990234375,18382600,397.7616882324219
2024-02-07,407.4400024414063,414.2999877929688,407.3999938964844,414.0499877929688,22340500,406.1585083007813
2024-02-08,414.0499877929688,415.55999755859375,412.5299987792969,414.1099853515625,21225300,406.2173767089844
2024-02-09,415.25,420.8200073242188,415.0899963378906,420.5499877929688,22032800,412.5345764160156
2024-02-12,420.55999755859375,420.739990234375,414.75,415.260009765625,21202900,407.3454895019531
2024-02-13,404.9400024414063,410.0700073242188,403.3900146484375,406.3200073242188,27824900,398.5758056640625
2024-02-14,408.0700073242188,409.8399963378906,404.5700073242188,409.489990234375,20401200,402.4282531738281
2024-02-15,408.1400146484375,409.1300048828125,404.2900085449219,406.55999755859375,21825500,399.5487976074219
2024-02-16,407.9599914550781,408.2900085449219,403.4400024414063,404.05999755859375,22296500,397.0919189453125
2024-02-20,403.239990234375,404.489990234375,398.010009765625,402.7900085449219,24307900,395.84375
2024-02-21,400.1700134277344,402.2900085449219,397.2200012207031,402.1799926757813,18518900,395.2442932128906
2024-02-22,410.1900024414063,412.8299865722656,408.5700073242188,411.6499938964844,27009900,404.5509948730469
2024-02-23,415.6700134277344,415.8599853515625,408.9700012207031,410.3399963378906,16295900,403.2635803222656
2024-02-26,411.4599914550781,412.1600036621094,407.3599853515625,407.5400085449219,16193500,400.5119323730469
2024-02-27,407.989990234375,408.3200073242188,403.8500061035156,407.4800109863281,14835800,400.4529113769531
2024-02-28,408.1799926757813,409.2999877929688,405.3200073242188,407.7200012207031,13183100,400.6888427734375
2024-02-29,408.6400146484375,414.2000122070313,405.9200134277344,413.6400146484375,31947300,406.5066833496094
2024-03-01,411.2699890136719,415.8699951171875,410.8800048828125,415.5,17823400,408.3346252441406
2024-03-04,413.4400024414063,417.3500061035156,412.3200073242188,414.9200134277344,17596000,407.7646179199219
2024-03-05,413.9599914550781,414.25,400.6400146484375,402.6499938964844,26919200,395.7062377929688
2024-03-06,402.9700012207031,405.1600036621094,398.3900146484375,402.0899963378906,22344100,395.1559143066406
2024-03-07,406.1199951171875,409.7799987792969,402.239990234375,409.1400146484375,18718500,402.0843505859375
2024-03-08,407.9599914550781,410.4200134277344,404.3299865722656,406.2200012207031,18002200,399.2146301269531
2024-03-11,403.760009765625,405.6799926757813,401.260009765625,404.5199890136719,16120800,397.5439147949219
2024-03-12,407.6199951171875,415.5700073242188,406.7900085449219,415.2799987792969,22457000,408.1183776855469
2024-03-13,418.1000061035156,418.1799926757813,411.4500122070313,415.1000061035156,17115900,407.9414978027344
2024-03-14,420.239990234375,427.8200073242188,417.989990234375,425.2200012207031,34157300,417.8869934082031
2024-03-15,419.2900085449219,422.6000061035156,412.7900085449219,416.4200134277344,45079900,409.23876953125
2024-03-18,414.25,420.7300109863281,413.7799987792969,417.3200073242188,20106000,410.1231994628906
2024-03-19,417.8299865722656,421.6700134277344,415.5499877929688,421.4100036621094,19837900,414.1427001953125
2024-03-20,422.0,425.9599914550781,420.6600036621094,425.2300109863281,17860100,417.8968200683594
2024-03-21,429.8299865722656,430.8200073242188,427.1600036621094,429.3699951171875,21296200,421.9653930664063
2024-03-22,429.7000122070313,429.8599853515625,426.0700073242188,428.739990234375,17648500,421.3462829589844
2024-03-25,425.239990234375,427.4100036621094,421.6099853515625,422.8599853515625,18060500,415.5676879882813
2024-03-26,425.6099853515625,425.989990234375,421.3500061035156,421.6499938964844,16725600,414.3785400390625
2024-03-27,424.4400024414063,424.4500122070313,419.010009765625,421.4299926757813,16705000,414.1623840332031
2024-03-28,420.9599914550781,421.8699951171875,419.1199951171875,420.7200012207031,21871200,413.464599609375
2024-04-01,423.9500122070313,427.8900146484375,422.2200012207031,424.5700073242188,16316000,417.2481994628906
2024-04-02,420.1099853515625,422.3800048828125,417.8399963378906,421.4400024414063,17912000,414.1721801757813
2024-04-03,419.7300109863281,423.260009765625,419.0899963378906,420.4500122070313,16502300,413.1992492675781
2024-04-04,424.989990234375,428.6700134277344,417.5700073242188,417.8800048828125,19370900,410.673583984375
2024-04-05,420.010009765625,426.510009765625,418.3200073242188,425.5199890136719,16554800,418.1818542480469
2024-04-08,425.1700134277344,427.2799987792969,423.2999877929688,424.5899963378906,14272400,417.2678527832031
2024-04-09,426.4400024414063,427.739990234375,421.6199951171875,426.2799987792969,12496900,418.9286804199219
2024-04-10,422.1900024414063,424.0299987792969,419.7000122070313,423.260009765625,16216600,415.9607849121094
2024-04-11,425.8200073242188,429.3699951171875,422.3599853515625,427.9299926757813,17966400,420.55023193359375
2024-04-12,424.0499877929688,425.1799926757813,419.7699890136719,421.8999938964844,19253800,414.6242065429688
2024-04-15,426.6000061035156,426.8200073242188,413.4299926757813,413.6400146484375,20273500,406.5066833496094
2024-04-16,414.5700073242188,418.3999938964844,413.7300109863281,414.5799865722656,16765600,407.4304504394531
2024-04-17,417.25,418.8800048828125,410.3299865722656,411.8399963378906,15855500,404.7377624511719
2024-04-18,410.6300048828125,411.8900146484375,403.9500122070313,404.2699890136719,21029900,397.29827880859375
2024-04-19,404.0299987792969,405.4800109863281,397.7699890136719,399.1199951171875,30565800,392.2371215820313
2024-04-22,400.0799865722656,402.8500061035156,395.75,400.9599914550781,20286900,394.0453186035156
2024-04-23,404.239990234375,408.2000122070313,403.05999755859375,407.5700073242188,15734500,400.5414123535156
2024-04-24,409.55999755859375,412.4700012207031,406.7799987792969,409.05999755859375,15065300,402.0056762695313
2024-04-25,394.0299987792969,399.8900146484375,388.0299987792969,399.0400085449219,40586500,392.1585083007813
2024-04-26,412.1700134277344,413.0,405.760009765625,406.3200073242188,29694700,399.31292724609375
2024-04-29,405.25,406.3200073242188,399.1900024414063,402.25,19582100,395.3131103515625
2024-04-30,401.489990234375,402.1600036621094,389.1700134277344,389.3299865722656,28781400,382.6158752441406
2024-05-01,392.6099853515625,401.7200012207031,390.30999755859375,394.9400024414063,23562500,388.129150390625
2024-05-02,397.6600036621094,399.9299926757813,394.6499938964844,397.8399963378906,17709400,390.9791259765625
2024-05-03,402.2799987792969,407.1499938964844,401.8599853515625,406.6600036621094,17446700,399.6470947265625
2024-05-06,408.760009765625,413.9299926757813,406.3699951171875,413.5400085449219,16996600,406.4083862304688
2024-05-07,414.6600036621094,414.6700134277344,409.0899963378906,409.3399963378906,20018200,402.2808227539063
2024-05-08,408.1700134277344,412.2300109863281,406.7099914550781,410.5400085449219,11792300,403.460205078125
2024-05-09,410.5700073242188,412.7200012207031,409.1000061035156,412.3200073242188,14689700,405.20947265625
2024-05-10,412.9400024414063,415.3800048828125,411.7999877929688,414.739990234375,13402300,407.5877685546875
2024-05-13,418.010009765625,418.3500061035156,410.8200073242188,413.7200012207031,15440200,406.5853271484375
2024-05-14,412.0199890136719,417.489990234375,411.5499877929688,416.55999755859375,15109300,409.3763732910156
2024-05-15,417.8999938964844,423.80999755859375,417.2699890136719,423.0799865722656,22239500,416.5338439941406
2024-05-16,421.7999877929688,425.4200134277344,420.3500061035156,420.989990234375,17530100,414.4761657714844
2024-05-17,422.5400085449219,422.9200134277344,418.0299987792969,420.2099914550781,15352200,413.708251953125
2024-05-20,420.2099914550781,426.7699890136719,419.989990234375,425.3399963378906,16272100,418.7588806152344
2024-05-21,426.8299865722656,432.9700012207031,424.8500061035156,429.0400085449219,21453300,422.401611328125
2024-05-22,430.0899963378906,432.4100036621094,427.1300048828125,430.5199890136719,18073700,423.8587341308594
2024-05-23,432.9700012207031,433.6000061035156,425.4200134277344,427.0,17211700,420.3931884765625
2024-05-24,427.1900024414063,431.05999755859375,424.4100036621094,430.1600036621094,11855300,423.50433349609375
2024-05-28,429.6300048828125,430.8200073242188,426.6000061035156,430.3200073242188,15718000,423.6617736816406
2024-05-29,425.6900024414063,430.9400024414063,425.6900024414063,429.1700134277344,15517100,422.5296630859375
2024-05-30,424.2999877929688,424.2999877929688,414.239990234375,414.6700134277344,28394500,408.2539978027344
2024-05-31,416.75,416.75,404.510009765625,415.1300048828125,47995300,408.7068481445313
2024-06-03,415.5299987792969,416.4299926757813,408.9200134277344,413.5199890136719,17484700,407.1217956542969
2024-06-04,412.4299926757813,416.4400024414063,409.6799926757813,416.0700073242188,14348900,409.63232421875
2024-06-05,417.80999755859375,424.0799865722656,416.2999877929688,424.010009765625,16988000,417.449462890625
2024-06-06,424.010009765625,425.30999755859375,420.5799865722656,424.5199890136719,14861300,417.9515686035156
2024-06-07,426.2000122070313,426.2799987792969,423.0,423.8500061035156,13621700,417.2919616699219
2024-06-10,424.7000122070313,428.0799865722656,423.8900146484375,427.8699951171875,13982900,421.2496948242188
2024-06-11,425.4800109863281,432.8200073242188,425.25,432.6799926757813,14551100,425.98529052734375
2024-06-12,435.3200073242188,443.3999938964844,433.25,441.05999755859375,22366200,434.2356567382813
2024-06-13,440.8500061035156,443.3900146484375,439.3699951171875,441.5799865722656,15960600,434.74755859375
2024-06-14,438.2799987792969,443.1400146484375,436.7200012207031,442.5700073242188,13582000,435.7222900390625
2024-06-17,442.5899963378906,450.9400024414063,440.7200012207031,448.3699951171875,20790000,441.4324951171875
2024-06-18,449.7099914550781,450.1400146484375,444.8900146484375,446.3399963378906,17112500,439.4339904785156
2024-06-20,446.2999877929688,446.5299987792969,441.2699890136719,445.7000122070313,19877400,438.8038635253906
2024-06-21,447.3800048828125,450.5799865722656,446.510009765625,449.7799987792969,34187100,442.8207702636719
2024-06-24,449.7999877929688,452.75,446.4100036621094,447.6700134277344,15913700,440.7433776855469
2024-06-25,448.25,451.4200134277344,446.75,450.9500122070313,16413400,443.9726257324219
2024-06-26,449.0,453.6000061035156,448.1900024414063,452.1600036621094,16507000,445.1639099121094
2024-06-27,452.1799926757813,456.1700134277344,451.7699890136719,452.8500061035156,14806300,445.84326171875
2024-06-28,453.0700073242188,455.3800048828125,446.4100036621094,446.9500122070313,28362300,440.0345458984375
2024-07-01,448.6600036621094,457.3699951171875,445.6600036621094,456.7300109863281,17662800,449.66314697265625
2024-07-02,453.2000122070313,459.5899963378906,453.1099853515625,459.2799987792969,13979800,452.1737365722656
2024-07-03,458.1900024414063,461.0199890136719,457.8800048828125,460.7699890136719,9932800,453.6406555175781
2024-07-05,459.6099853515625,468.3500061035156,458.9700012207031,467.55999755859375,16000300,460.32562255859375
2024-07-08,466.5499877929688,467.7000122070313,464.4599914550781,466.239990234375,12962300,459.0260620117188
2024-07-09,467.0,467.3299865722656,458.0,459.5400085449219,17207200,452.42974853515625
2024-07-10,461.2200012207031,466.4599914550781,458.8599853515625,466.25,18196100,459.0359191894531
2024-07-11,462.9800109863281,464.7799987792969,451.5499877929688,454.7000122070313,23111200,447.6646423339844
2024-07-12,454.3299865722656,456.3599853515625,450.6499938964844,453.5499877929688,16324300,446.5323486328125
2024-07-15,453.2999877929688,457.260009765625,451.4299926757813,453.9599914550781,14429400,446.9360656738281
2024-07-16,454.2200012207031,454.2999877929688,446.6600036621094,449.5199890136719,17175700,442.5647583007813
2024-07-17,442.5899963378906,444.8500061035156,439.1799926757813,443.5199890136719,21778000,436.6575927734375
2024-07-18,444.3399963378906,444.6499938964844,434.3999938964844,440.3699951171875,20794800,433.5563354492188
2024-07-19,433.1000061035156,441.1400146484375,432.0,437.1099853515625,20940400,430.34674072265625
2024-07-22,441.7900085449219,444.6000061035156,438.9100036621094,442.9400024414063,15808800,436.0865478515625
2024-07-23,443.8999938964844,448.3900146484375,443.1000061035156,444.8500061035156,13107100,437.967041015625
2024-07-24,440.4500122070313,441.4800109863281,427.5899963378906,428.8999938964844,26805800,422.2638244628906
2024-07-25,428.7999877929688,429.7999877929688,417.510009765625,418.3999938964844,29943800,411.92626953125
2024-07-26,418.2000122070313,428.9200134277344,417.2699890136719,425.2699890136719,23583800,418.6899719238281
2024-07-29,431.5799865722656,432.1499938964844,424.7000122070313,426.7300109863281,15125800,420.12738037109375
2024-07-30,427.7200012207031,429.0499877929688,417.3599853515625,422.9200134277344,32687600,416.3763122558594
2024-07-31,420.5,421.7799987792969,412.2099914550781,418.3500061035156,42891400,411.8770446777344
2024-08-01,420.7900085449219,427.4599914550781,413.0899963378906,417.1099853515625,30296400,410.6562194824219
2024-08-02,412.489990234375,415.0,404.3399963378906,408.489990234375,29437900,402.1695861816406
2024-08-05,389.1700134277344,401.0400085449219,385.5799865722656,395.1499938964844,40709200,389.0359802246094
2024-08-06,400.0,405.6700134277344,398.5,399.6099853515625,24946500,393.427001953125
2024-08-07,408.6400146484375,410.0799865722656,397.4700012207031,398.4299926757813,20650900,392.2652893066406
2024-08-08,402.4400024414063,405.8599853515625,399.9400024414063,402.6900024414063,20203000,396.4592895507813
2024-08-09,404.0299987792969,408.0499877929688,402.260009765625,406.0199890136719,19276700,399.73779296875
2024-08-12,407.05999755859375,408.760009765625,404.239990234375,406.80999755859375,16762900,400.5155944824219
2024-08-13,409.5899963378906,414.9500122070313,409.5700073242188,414.010009765625,19414300,407.6042175292969
2024-08-14,414.7999877929688,417.7200012207031,412.4500122070313,416.8599853515625,18267000,410.4100646972656
2024-08-15,419.7999877929688,421.1099853515625,417.6600036621094,421.0299987792969,20752100,415.2626953125
2024-08-16,420.6000061035156,421.3399963378906,417.2999877929688,418.4700012207031,22775600,412.7377624511719
2024-08-19,418.9599914550781,421.75,416.4599914550781,421.5299987792969,15234000,415.755859375
2024-08-20,421.7000122070313,425.8599853515625,421.6400146484375,424.7999877929688,16387600,418.9810485839844
2024-08-21,424.0799865722656,426.3999938964844,421.7200012207031,424.1400146484375,16067300,418.33013916015625
2024-08-22,424.3599853515625,426.7900085449219,414.6099853515625,415.5499877929688,19361900,409.8577575683594
2024-08-23,416.9800109863281,419.260009765625,412.0899963378906,416.7900085449219,18493800,411.080810546875
2024-08-26,416.3699951171875,417.2799987792969,411.3399963378906,413.489990234375,13152800,407.8259582519531
2024-08-27,412.8599853515625,414.3599853515625,410.25,413.8399963378906,13492900,408.1712036132813
2024-08-28,414.8800048828125,415.0,407.30999755859375,410.6000061035156,14882700,404.9755554199219
2024-08-29,414.9400024414063,422.0499877929688,410.6000061035156,413.1199951171875,17045200,407.4610290527344
2024-08-30,415.6000061035156,417.489990234375,412.1300048828125,417.1400146484375,24308300,411.4259643554688
2024-09-03,417.9100036621094,419.8800048828125,407.0299987792969,409.4400024414063,20313600,403.8314514160156
2024-09-04,405.9100036621094,411.239990234375,404.3699951171875,408.8999938964844,15135800,403.298828125
2024-09-05,407.6199951171875,413.1000061035156,406.1300048828125,408.3900146484375,14195500,402.7958679199219
2024-09-06,409.05999755859375,410.6499938964844,400.7999877929688,401.7000122070313,19609500,396.1974487304688
2024-09-09,407.239990234375,408.6499938964844,402.1499938964844,405.7200012207031,15295100,400.1624145507813
2024-09-10,408.2000122070313,416.3299865722656,407.7000122070313,414.2000122070313,19594300,408.5262451171875
2024-09-11,415.5,423.989990234375,409.5799865722656,423.0400085449219,19266900,417.24517822265625
2024-09-12,423.30999755859375,427.3699951171875,419.75,427.0,17395700,421.1509399414063
2024-09-13,425.8299865722656,431.8299865722656,425.4599914550781,430.5899963378906,15874600,424.6917419433594
2024-09-16,430.6000061035156,433.5299987792969,428.2200012207031,431.3399963378906,13834700,425.4314575195313
2024-09-17,440.2300109863281,441.8500061035156,432.2699890136719,435.1499938964844,18874200,429.1892395019531
2024-09-18,435.0,436.0299987792969,430.4100036621094,430.80999755859375,18898000,424.9087524414063
2024-09-19,441.2300109863281,441.5,436.8999938964844,438.6900024414063,21706600,432.6808166503906
2024-09-20,437.2200012207031,439.239990234375,434.2200012207031,435.2699890136719,55167100,429.3076477050781
2024-09-23,434.2799987792969,436.4599914550781,430.3900146484375,433.510009765625,15128900,427.5717468261719
2024-09-24,433.0,433.3500061035156,426.1000061035156,429.1700134277344,17015800,423.2912292480469
2024-09-25,429.8299865722656,433.1199951171875,428.5700073242188,432.1099853515625,13396400,426.19091796875
2024-09-26,435.0899963378906,435.2999877929688,429.1300048828125,431.30999755859375,14492000,425.40185546875
2024-09-27,431.5199890136719,431.8500061035156,427.4700012207031,428.0199890136719,14896100,422.1569213867188
2024-09-30,428.2099914550781,430.4200134277344,425.3699951171875,430.2999877929688,16807300,424.40570068359375
2024-10-01,428.4500122070313,428.4800109863281,418.80999755859375,420.6900024414063,19092900,414.9273681640625
2024-10-02,422.5799865722656,422.8200073242188,416.7099914550781,417.1300048828125,16582300,411.4161682128906
2024-10-03,417.6300048828125,419.5499877929688,414.2900085449219,416.5400085449219,13686400,410.8341979980469
2024-10-04,418.239990234375,419.75,414.9700012207031,416.05999755859375,19169700,410.36077880859375
2024-10-07,416.0,417.1099853515625,409.0,409.5400085449219,20919800,403.93011474609375
2024-10-08,410.8999938964844,415.6600036621094,408.1700134277344,414.7099914550781,19229300,409.02923583984375
2024-10-09,415.8599853515625,420.3800048828125,414.2999877929688,417.4599914550781,14974300,411.7416076660156
2024-10-10,415.2300109863281,417.3500061035156,413.1499938964844,415.8399963378906,13848400,410.143798828125
2024-10-11,416.1400146484375,417.1300048828125,413.25,416.3200073242188,14144900,410.6172180175781
2024-10-14,417.7699890136719,424.0400085449219,417.5199890136719,419.1400146484375,16653100,413.3985900878906
2024-10-15,422.1799926757813,422.4800109863281,415.260009765625,418.739990234375,18900200,413.0040588378906
2024-10-16,415.1700134277344,416.3599853515625,410.4800109863281,416.1199951171875,15508900,410.41998291015625
2024-10-17,422.3599853515625,422.5,415.5899963378906,416.7200012207031,14820000,411.0117492675781
2024-10-18,417.1400146484375,419.6499938964844,416.260009765625,418.1600036621094,17145300,412.4320373535156
2024-10-21,416.1199951171875,418.9599914550781,413.75,418.7799987792969,14206100,413.0435180664063
2024-10-22,418.489990234375,430.5799865722656,418.0400085449219,427.510009765625,25482200,421.6539611816406
2024-10-23,430.8599853515625,431.0799865722656,422.5299987792969,424.6000061035156,19654400,418.7838134765625
2024-10-24,425.3299865722656,425.9800109863281,422.3999938964844,424.7300109863281,13581600,418.9119567871094
2024-10-25,426.760009765625,432.5199890136719,426.5700073242188,428.1499938964844,16899100,422.2851257324219
2024-10-28,431.6600036621094,431.9400024414063,426.2999877929688,426.5899963378906,14882400,420.7465515136719
2024-10-29,428.0,433.1700134277344,425.7999877929688,431.9500122070313,17644100,426.03314208984375
2024-10-30,437.4400024414063,438.5,432.1000061035156,432.5299987792969,29749100,426.605224609375
2024-10-31,415.3599853515625,416.1600036621094,406.2999877929688,406.3500061035156,53971000,400.7838134765625
2024-11-01,409.010009765625,415.5,407.5,410.3699951171875,24230400,404.7487182617188
2024-11-04,409.7999877929688,410.4200134277344,405.5700073242188,408.4599914550781,19672300,402.8648986816406
2024-11-05,408.3699951171875,414.8999938964844,408.0799865722656,411.4599914550781,17626000,405.8237609863281
2024-11-06,412.4200134277344,420.4500122070313,410.5199890136719,420.1799926757813,26681800,414.4243774414063
2024-11-07,421.2799987792969,426.8500061035156,419.8800048828125,425.4299926757813,19901800,419.6024169921875
2024-11-08,425.3200073242188,426.5,421.7799987792969,422.5400085449219,16891400,416.7520446777344
2024-11-11,422.5199890136719,424.80999755859375,416.0,418.010009765625,24503300,412.2840576171875
2024-11-12,418.25,424.4400024414063,417.2000122070313,423.0299987792969,19401200,417.2353210449219
2024-11-13,421.6400146484375,429.3299865722656,418.2099914550781,425.2000122070313,21502200,419.3755798339844
2024-11-14,425.0,428.1700134277344,420.0,426.8900146484375,30246900,421.0424499511719
2024-11-15,419.8200073242188,422.7999877929688,413.6400146484375,415.0,28247600,409.3152770996094
2024-11-18,414.8699951171875,418.3999938964844,412.1000061035156,415.760009765625,24727000,410.0649108886719
2024-11-19,413.1099853515625,417.9400024414063,411.5499877929688,417.7900085449219,18133500,412.0670776367188
2024-11-20,416.8699951171875,417.2900085449219,410.5799865722656,415.489990234375,19191700,409.798583984375
2024-11-21,419.5,419.7799987792969,410.2900085449219,412.8699951171875,20780200,408.0295715332031
2024-11-22,411.3699951171875,417.3999938964844,411.05999755859375,417.0,24814600,412.1111755371094
2024-11-25,418.3800048828125,421.0799865722656,414.8500061035156,418.7900085449219,27691100,413.8801574707031
2024-11-26,419.5899963378906,429.0400085449219,418.8500061035156,427.989990234375,23458900,422.9722900390625
2024-11-27,425.1099853515625,427.2300109863281,422.0199890136719,422.989990234375,18332400,418.0309448242188
2024-11-29,420.0899963378906,424.8800048828125,417.7999877929688,423.4599914550781,16271900,418.4954223632813
2024-12-02,421.5700073242188,433.0,421.30999755859375,430.9800109863281,20207200,425.9273071289063
2024-12-03,429.8399963378906,432.4700012207031,427.739990234375,431.2000122070313,18302000,426.1446838378906
2024-12-04,433.0299987792969,439.6700134277344,432.6300048828125,437.4200134277344,26009400,432.2918090820313
2024-12-05,437.9200134277344,444.6600036621094,436.1700134277344,442.6199951171875,21697800,437.4307861328125
2024-12-06,442.2999877929688,446.1000061035156,441.7699890136719,443.5700073242188,18821000,438.3696594238281
2024-12-09,442.6000061035156,448.3299865722656,440.5,446.0199890136719,19144400,440.79095458984375
2024-12-10,444.3900146484375,449.6199951171875,441.6000061035156,443.3299865722656,18469500,438.1324462890625
2024-12-11,444.0499877929688,450.3500061035156,444.0499877929688,448.989990234375,19200200,443.7261047363281
2024-12-12,449.1099853515625,456.1600036621094,449.1099853515625,449.55999755859375,20834800,444.2894287109375
2024-12-13,448.4400024414063,451.4299926757813,445.5799865722656,447.2699890136719,20177800,442.0262451171875
2024-12-16,447.2699890136719,452.1799926757813,445.2799987792969,451.5899963378906,23598800,446.2956237792969
2024-12-17,451.010009765625,455.2900085449219,449.5700073242188,454.4599914550781,22733500,449.1319885253906
2024-12-18,451.3200073242188,452.6499938964844,437.0199890136719,437.3900146484375,24444500,432.26214599609375
2024-12-19,441.6199951171875,443.1799926757813,436.3200073242188,437.0299987792969,22963700,431.90631103515625
2024-12-20,433.1099853515625,443.739990234375,428.6300048828125,436.6000061035156,64263700,431.48138427734375
2024-12-23,436.739990234375,437.6499938964844,432.8299865722656,435.25,19152500,430.1471557617188
2024-12-24,434.6499938964844,439.6000061035156,434.1900024414063,439.3299865722656,7164500,434.1793212890625
2024-12-26,439.0799865722656,440.9400024414063,436.6300048828125,438.1099853515625,8194200,432.97369384765625
2024-12-27,434.6000061035156,435.2200012207031,426.3500061035156,430.5299987792969,18117700,425.4825439453125
2024-12-30,426.05999755859375,427.5499877929688,421.8999938964844,424.8299865722656,13158700,419.8493347167969
2024-12-31,426.1000061035156,426.7300109863281,420.6600036621094,421.5,13246500,416.5584106445313
2025-01-02,425.5299987792969,426.0700073242188,414.8500061035156,418.5799865722656,16896500,413.6726379394531
2025-01-03,421.0799865722656,424.0299987792969,419.5400085449219,423.3500061035156,16662900,418.38671875
2025-01-06,428.0,434.3200073242188,425.4800109863281,427.8500061035156,20573600,422.83392333984375
2025-01-07,429.0,430.6499938964844,420.7999877929688,422.3699951171875,18139100,417.4181823730469
2025-01-08,423.4599914550781,426.9700012207031,421.5400085449219,424.55999755859375,15054600,419.58251953125
2025-01-10,424.6300048828125,424.7099914550781,415.0199890136719,418.9500122070313,20201100,414.038330078125
2025-01-13,415.239990234375,418.5,412.2900085449219,417.1900024414063,17604800,412.2989196777344
2025-01-14,417.80999755859375,419.739990234375,410.7200012207031,415.6700134277344,16935900,410.7967529296875
2025-01-15,419.1300048828125,428.1499938964844,418.2699890136719,426.30999755859375,19637800,421.31201171875
2025-01-16,428.7000122070313,429.489990234375,424.3900146484375,424.5799865722656,15300000,419.6022644042969
2025-01-17,434.0899963378906,434.4800109863281,428.1700134277344,429.0299987792969,26197500,424.0001220703125
2025-01-21,430.2000122070313,430.8999938964844,425.6000061035156,428.5,26085700,423.476318359375
2025-01-22,437.55999755859375,447.2699890136719,436.0,446.2000122070313,27803800,440.9688415527344
2025-01-23,442.0,446.75,441.5,446.7099914550781,18389300,441.4728393554688
2025-01-24,445.1600036621094,446.6499938964844,441.3999938964844,444.05999755859375,15549500,438.8538818359375
2025-01-27,424.010009765625,435.2000122070313,423.5,434.55999755859375,35647800,429.46527099609375
2025-01-28,434.6000061035156,448.3800048828125,431.3800048828125,447.2000122070313,23491700,441.9571228027344
2025-01-29,446.6900024414063,446.8800048828125,440.3999938964844,442.3299865722656,23581400,437.1441955566406
2025-01-30,418.7699890136719,422.8599853515625,413.1600036621094,414.989990234375,54586300,410.1246948242188
2025-01-31,418.9800109863281,420.6900024414063,414.9100036621094,415.05999755859375,34161900,410.1939086914063
2025-02-03,411.6000061035156,415.4100036621094,408.6600036621094,410.9200134277344,25679100,406.1024475097656
2025-02-04,412.6900024414063,413.9200134277344,409.739990234375,412.3699951171875,20532100,407.5354614257813
2025-02-05,412.3500061035156,413.8299865722656,410.3999938964844,413.2900085449219,16316700,408.4446411132813
2025-02-06,414.0,418.2000122070313,414.0,415.8200073242188,16309800,410.9449768066406
2025-02-07,416.4800109863281,418.6499938964844,408.1000061035156,409.75,22886800,404.9461669921875
2025-02-10,413.7099914550781,415.4599914550781,410.9200134277344,412.2200012207031,20817900,407.38720703125
2025-02-11,409.6400146484375,412.489990234375,409.2999877929688,411.4400024414063,18140600,406.6163330078125
2025-02-12,407.2099914550781,410.75,404.3699951171875,409.0400085449219,19121700,404.2444763183594
2025-02-13,407.0,411.0,406.3599853515625,410.5400085449219,23891700,405.7268981933594
2025-02-14,407.7900085449219,408.9100036621094,405.8800048828125,408.4299926757813,22758500,403.64166259765625
2025-02-18,408.0,410.6000061035156,406.5,409.6400146484375,21423100,404.8374938964844
2025-02-19,407.8800048828125,415.489990234375,407.6499938964844,414.7699890136719,24114200,409.9073181152344
2025-02-20,415.2900085449219,419.30999755859375,412.5400085449219,416.1300048828125,23508700,412.0759887695313
2025-02-21,417.3399963378906,418.0499877929688,407.8900146484375,408.2099914550781,27524800,404.2330932617188
2025-02-24,408.510009765625,409.3699951171875,399.3200073242188,404.0,26443700,400.0641174316406
2025-02-25,401.1000061035156,401.9200134277344,396.7000122070313,397.8999938964844,29387400,394.0235595703125
2025-02-26,398.010009765625,403.6000061035156,394.25,399.7300109863281,19619000,395.8357543945313
2025-02-27,401.2699890136719,405.739990234375,392.1700134277344,392.5299987792969,21127400,388.7059020996094
2025-02-28,392.6600036621094,397.6300048828125,386.5700073242188,396.989990234375,32845700,393.1224365234375
2025-03-03,398.8200073242188,398.8200073242188,386.1600036621094,388.489990234375,23007700,384.7052307128906
2025-03-04,383.3999938964844,392.5799865722656,381.0,388.6099853515625,29342900,384.8240661621094
2025-03-05,389.3399963378906,401.6700134277344,388.80999755859375,401.0199890136719,23433100,397.1131286621094
2025-03-06,394.2799987792969,402.1499938964844,392.6799926757813,396.8900146484375,23304600,393.0234375
2025-03-07,392.3200073242188,394.7999877929688,385.5400085449219,393.30999755859375,22034100,389.478271484375
2025-03-10,385.8399963378906,386.3999938964844,377.2200012207031,380.1600036621094,32840100,376.4564208984375
2025-03-11,379.0,386.0,376.9100036621094,380.4500122070313,30380200,376.74359130859375
2025-03-12,382.9500122070313,385.2200012207031,378.9500122070313,383.2699890136719,24253600,379.53607177734375
2025-03-13,383.1600036621094,385.3200073242188,377.4500122070313,378.7699890136719,20473000,375.0799255371094
2025-03-14,379.7799987792969,390.2300109863281,379.510009765625,388.55999755859375,19952800,384.7745666503906
2025-03-17,386.7000122070313,392.7099914550781,385.5700073242188,388.7000122070313,22474300,384.9131774902344
2025-03-18,387.0700073242188,387.3699951171875,381.1000061035156,383.5199890136719,19486900,379.7836608886719
2025-03-19,385.5299987792969,389.6799926757813,384.0,387.8200073242188,19185500,384.0417785644531
2025-03-20,385.739990234375,391.7900085449219,383.2799987792969,386.8399963378906,18470500,383.0713195800781
2025-03-21,383.2200012207031,391.739990234375,382.7999877929688,391.260009765625,39675900,387.4482727050781
2025-03-24,395.3999938964844,395.3999938964844,389.80999755859375,393.0799865722656,21004500,389.2505187988281
2025-03-25,393.9200134277344,396.3599853515625,392.6400146484375,395.1600036621094,15775000,391.3102416992188
2025-03-26,395.0,395.30999755859375,388.5700073242188,389.9700012207031,16108400,386.1708068847656
2025-03-27,390.1300048828125,392.239990234375,387.3999938964844,390.5799865722656,13766800,386.7748718261719
2025-03-28,388.0799865722656,389.1300048828125,376.9299926757813,378.7999877929688,21632000,375.1096496582031
2025-03-31,372.5400085449219,377.0700073242188,367.239990234375,375.3900146484375,35184700,371.7328796386719
2025-04-01,374.6499938964844,382.8500061035156,373.2300109863281,382.1900024414063,19689500,378.4666137695313
2025-04-02,377.9700012207031,385.0799865722656,376.6199951171875,382.1400146484375,16092600,378.4171142578125
2025-04-03,374.7900085449219,377.4800109863281,369.3500061035156,373.1099853515625,30198000,369.47503662109375
2025-04-04,364.1300048828125,374.5899963378906,359.4800109863281,359.8399963378906,49209900,356.3343200683594
2025-04-07,350.8800048828125,371.0,344.7900085449219,357.8599853515625,50425000,354.37359619140625
2025-04-08,368.260009765625,373.6499938964844,350.25,354.5599975585937,35868900,351.1058044433594
2025-04-09,353.5400085449219,393.2300109863281,353.1000061035156,390.489990234375,50199700,386.6857604980469
2025-04-10,382.05999755859375,383.8999938964844,367.7999877929688,381.3500061035156,38024400,377.6347961425781
2025-04-11,380.6400146484375,390.0499877929688,378.8900146484375,388.4500122070313,23839200,384.6656494140625
2025-04-14,393.2200012207031,394.6499938964844,384.2099914550781,387.80999755859375,19251200,384.0318908691406
2025-04-15,388.510009765625,391.8900146484375,384.1600036621094,385.7300109863281,17199900,381.97210693359375
2025-04-16,380.6700134277344,381.6099853515625,368.0,371.6099853515625,21967800,367.9896545410156
2025-04-17,373.75,374.3200073242188,366.8900146484375,367.7799987792969,21120200,364.1969909667969
2025-04-21,362.8200073242188,364.4800109863281,355.6700134277344,359.1199951171875,20807300,355.62139892578125
2025-04-22,363.3800048828125,367.7699890136719,359.8599853515625,366.8200073242188,19485000,363.2463073730469
2025-04-23,376.05999755859375,380.3900146484375,373.0199890136719,374.3900146484375,20545500,370.7426452636719
2025-04-24,375.7000122070313,388.4500122070313,375.1900024414063,387.2999877929688,22232300,383.5268249511719
2025-04-25,387.0,392.1600036621094,384.6000061035156,391.8500061035156,18973200,388.0325012207031
2025-04-28,391.9599914550781,392.739990234375,386.6400146484375,391.1600036621094,16579400,387.3492431640625
2025-04-29,391.2999877929688,395.1000061035156,390.3800048828125,394.0400085449219,14974000,390.201171875
2025-04-30,390.2999877929688,396.6600036621094,384.4400024414063,395.260009765625,36461100,391.4092712402344
2025-05-01,431.1099853515625,436.989990234375,424.8999938964844,425.3999938964844,58938100,421.2556762695313
2025-05-02,431.739990234375,439.4400024414063,429.989990234375,435.2799987792969,30757400,431.0393981933594
2025-05-05,432.8699951171875,439.5,432.1099853515625,436.1700134277344,20136100,431.9207763671875
2025-05-06,432.2000122070313,437.7300109863281,431.1700134277344,433.30999755859375,15104200,429.0885925292969
2025-05-07,433.8399963378906,438.1199951171875,431.1099853515625,433.3500061035156,23295300,429.1282348632813
2025-05-08,437.9299926757813,443.6700134277344,435.6600036621094,438.1700134277344,23491300,433.9012756347656
2025-05-09,440.0,440.739990234375,435.8800048828125,438.7300109863281,15324200,434.4558410644531
2025-05-12,445.9400024414063,449.3699951171875,439.7799987792969,449.260009765625,22821900,444.88323974609375
2025-05-13,447.7799987792969,450.6700134277344,445.3599853515625,449.1400146484375,23618800,444.764404296875
2025-05-14,448.1400146484375,453.8999938964844,448.1400146484375,452.9400024414063,19902800,448.52734375
2025-05-15,450.7699890136719,456.1900024414063,450.4299926757813,453.1300048828125,21992300,449.5392761230469
2025-05-16,452.0499877929688,454.3599853515625,448.7300109863281,454.2699890136719,23849800,450.6702270507813
2025-05-19,450.8800048828125,459.5899963378906,450.7999877929688,458.8699951171875,21336500,455.23382568359375
2025-05-20,455.5899963378906,458.3399963378906,454.3200073242188,458.1700134277344,15441800,454.5393371582031
2025-05-21,454.5700073242188,457.7799987792969,451.80999755859375,452.5700073242188,19216900,448.9837341308594
2025-05-22,454.9500122070313,460.25,453.8999938964844,454.8599853515625,18025600,451.2555847167969
2025-05-23,449.9800109863281,453.6900024414063,448.9100036621094,450.1799926757813,16883500,446.6126708984375
2025-05-27,456.4800109863281,460.9500122070313,456.1199951171875,460.6900024414063,20974300,457.0393676757813
2025-05-28,461.2200012207031,462.5199890136719,456.9299926757813,457.3599853515625,17086300,453.73577880859375
2025-05-29,461.5499877929688,461.7200012207031,455.30999755859375,458.6799926757813,13974800,455.0452880859375
2025-05-30,459.7200012207031,461.6799926757813,455.5400085449219,460.3599853515625,34770500,456.71197509765625
2025-06-02,457.1400146484375,462.1099853515625,456.8900146484375,461.9700012207031,16626500,458.3092041015625
2025-06-03,461.4700012207031,464.1400146484375,460.8599853515625,462.9700012207031,15743800,459.3013000488281
2025-06-04,464.0,465.6900024414063,463.0199890136719,463.8699951171875,14162700,460.1941528320313
2025-06-05,464.9599914550781,469.6499938964844,464.0299987792969,467.6799926757813,20131700,463.9739990234375
2025-06-06,470.0899963378906,473.3399963378906,468.7799987792969,470.3800048828125,15285600,466.6525573730469
2025-06-09,469.7000122070313,473.4299926757813,468.6199951171875,472.75,16469900,469.0038146972656
2025-06-10,471.1900024414063,472.7999877929688,466.9599914550781,470.9200134277344,15375900,467.1883239746094
2025-06-11,470.0199890136719,475.4700012207031,469.6600036621094,472.6199951171875,16399200,468.8748474121094
2025-06-12,475.0199890136719,480.4200134277344,473.5199890136719,478.8699951171875,18950600,475.0752868652344
2025-06-13,476.4100036621094,479.1799926757813,472.760009765625,474.9599914550781,16814500,471.1962890625
2025-06-16,475.2099914550781,480.6900024414063,475.0,479.1400146484375,15626100,475.3431701660156
2025-06-17,475.3999938964844,478.739990234375,474.0799865722656,478.0400085449219,15414100,474.25189208984375
2025-06-18,478.0,481.0,474.4599914550781,480.239990234375,17526500,476.4344482421875
2025-06-20,482.2300109863281,483.4599914550781,476.8699951171875,477.3999938964844,37576200,473.6169128417969
2025-06-23,478.2099914550781,487.75,472.510009765625,486.0,24864000,482.1488037109375
2025-06-24,488.9500122070313,491.8500061035156,486.7999877929688,490.1099853515625,22305600,486.2261962890625
2025-06-25,492.0400085449219,494.55999755859375,489.3900146484375,492.2699890136719,17495100,488.3691101074219
2025-06-26,492.9800109863281,498.0400085449219,492.80999755859375,497.4500122070313,21578900,493.508056640625
2025-06-27,497.5499877929688,499.2999877929688,493.0299987792969,495.9400024414063,34539200,492.010009765625
2025-06-30,497.0400085449219,500.760009765625,495.3299865722656,497.4100036621094,28369000,493.4683837890625
2025-07-01,496.4700012207031,498.0499877929688,490.9800109863281,492.0499877929688,19945400,488.1508483886719
2025-07-02,489.989990234375,493.5,488.7000122070313,491.0899963378906,16319600,487.198486328125
2025-07-03,493.80999755859375,500.1300048828125,493.4400024414063,498.8399963378906,13984800,494.8870544433594
2025-07-07,497.3800048828125,498.75,495.2300109863281,497.7200012207031,13981600,493.7759399414063
2025-07-08,497.239990234375,498.2000122070313,494.1099853515625,496.6199951171875,11846600,492.68463134765625
2025-07-09,500.2999877929688,506.7799987792969,499.739990234375,503.510009765625,18659500,499.5200500488281
2025-07-10,503.0499877929688,504.4400024414063,497.75,501.4800109863281,16492100,497.5061340332031
2025-07-11,498.4700012207031,505.0299987792969,497.7999877929688,503.3200073242188,16459500,499.33154296875
2025-07-14,501.5199890136719,503.9700012207031,501.0299987792969,503.0199890136719,12058800,499.033935546875
2025-07-15,503.0199890136719,508.2999877929688,502.7900085449219,505.8200073242188,14927200,501.811767578125
2025-07-16,505.1799926757813,506.7200012207031,501.8900146484375,505.6199951171875,15154400,501.6133117675781
2025-07-17,505.6799926757813,513.3699951171875,505.6199951171875,511.7000122070313,17503100,507.6451416015625
2025-07-18,514.47998046875,514.6400146484375,507.4299926757813,510.0499877929688,21209700,506.0082092285156
2025-07-21,506.7099914550781,512.0900268554688,505.5499877929688,510.05999755859375,14066800,506.0181274414063
2025-07-22,510.9700012207031,511.2000122070313,505.2699890136719,505.2699890136719,13868600,501.26611328125
2025-07-23,506.75,506.7900085449219,500.7000122070313,505.8699951171875,16396600,501.861328125
2025-07-24,508.7699890136719,513.6699829101562,507.2999877929688,510.8800048828125,16107000,506.8316345214844
2025-07-25,512.469970703125,518.2899780273438,510.3599853515625,513.7100219726562,19125700,509.6392517089844
2025-07-28,514.0800170898438,515.0,510.1199951171875,512.5,14308000,508.4388427734375
2025-07-29,515.530029296875,517.6199951171875,511.55999755859375,512.5700073242188,16469200,508.5082702636719
2025-07-30,515.1699829101562,515.9500122070312,509.4400024414063,513.239990234375,26380400,509.1729736328125
2025-07-31,555.22998046875,555.4500122070312,531.9000244140625,533.5,51617300,529.2723388671875
2025-08-01,535.0,535.7999877929688,520.8599853515625,524.1099853515625,28977600,519.956787109375
2025-08-04,528.27001953125,538.25,528.1300048828125,535.6400146484375,25349000,531.3954467773438
2025-08-05,537.1799926757812,537.2999877929688,527.239990234375,527.75,19171600,523.5679931640625
2025-08-06,530.9000244140625,531.7000122070312,524.030029296875,524.9400024414062,21355700,520.7802124023438
2025-08-07,526.7999877929688,528.0900268554688,517.5499877929688,520.8400268554688,16079100,516.7127075195312
2025-08-08,522.5999755859375,524.6599731445312,519.4099731445312,522.0399780273438,15531000,517.9031982421875
2025-08-11,522.2999877929688,527.5900268554688,519.719970703125,521.77001953125,20194400,517.6353759765625
2025-08-12,523.75,530.97998046875,522.7000122070312,529.239990234375,18667000,525.0462036132812
2025-08-13,532.1099853515625,532.7000122070312,519.3699951171875,520.5800170898438,19619200,516.454833984375
2025-08-14,522.5599975585938,525.9500122070312,520.1400146484375,522.47998046875,20269100,518.3396606445312
2025-08-15,522.77001953125,526.0999755859375,519.0800170898438,520.1699829101562,25213300,516.0480346679688
2025-08-18,521.5900268554688,522.8200073242188,514.02001953125,517.0999755859375,23760600,513.0023193359375
2025-08-19,515.0,515.1599731445312,508.5499877929688,509.7699890136719,21481000,505.7304382324219
2025-08-20,509.8699951171875,511.0,504.4400024414063,505.7200012207031,27723000,501.7125549316406
2025-08-21,503.6900024414063,507.6300048828125,502.7200012207031,504.239990234375,18443300,501.0666198730469
2025-08-22,504.25,510.7300109863281,502.4100036621094,507.2300109863281,24324200,504.037841796875
2025-08-25,506.6300048828125,508.1900024414063,504.1199951171875,504.260009765625,21638600,501.0865173339844
2025-08-26,504.3599853515625,504.9800109863281,498.510009765625,502.0400085449219,30835700,498.8804626464844
2025-08-27,502.0,507.2900085449219,499.8999938964844,506.739990234375,17277900,503.5509033203125
2025-08-28,507.0899963378906,511.0899963378906,505.5,509.6400146484375,18015600,506.4326477050781
2025-08-29,508.6600036621094,509.6000061035156,504.489990234375,506.6900024414063,20961600,503.501220703125
2025-09-02,500.4700012207031,506.0,496.80999755859375,505.1199951171875,18128000,501.9410705566406
2025-09-03,503.7900085449219,507.7900085449219,502.3200073242188,505.3500061035156,16345100,502.1696472167969
2025-09-04,504.2999877929688,508.1499938964844,503.1499938964844,507.9700012207031,15509500,504.7731628417969
2025-09-05,509.0700073242188,511.9700012207031,492.3699951171875,495.0,31994800,491.884765625
2025-09-08,498.1099853515625,501.2000122070313,495.0299987792969,498.2000122070313,16771000,495.0646362304688
2025-09-09,501.4299926757813,502.25,497.7000122070313,498.4100036621094,14410500,495.2732849121094
2025-09-10,502.9800109863281,503.2300109863281,496.7200012207031,500.3699951171875,21611800,497.2210083007813
2025-09-11,502.25,503.1700134277344,497.8800048828125,501.010009765625,18881600,497.8569641113281
2025-09-12,506.6499938964844,512.5499877929688,503.8500061035156,509.8999938964844,23624900,506.6910095214844
2025-09-15,508.7900085449219,515.469970703125,507.0,515.3599853515625,17143800,512.1166381835938
2025-09-16,516.8800048828125,517.22998046875,508.6000061035156,509.0400085449219,19711900,505.83642578125
2025-09-17,510.6199951171875,511.2900085449219,505.9299926757813,510.0199890136719,15816600,506.8102416992188
2025-09-18,511.489990234375,513.0700073242188,507.6600036621094,508.4500122070313,18913700,505.2501220703125
2025-09-19,510.55999755859375,519.2999877929688,510.30999755859375,517.9299926757812,52474100,514.6705322265625
2025-09-22,515.5900268554688,517.739990234375,512.5399780273438,514.4500122070312,20009300,511.21240234375
2025-09-23,513.7999877929688,514.5900268554688,507.30999755859375,509.2300109863281,19799600,506.0252380371094
2025-09-24,510.3800048828125,512.47998046875,506.9200134277344,510.1499938964844,13533700,506.9394226074219
2025-09-25,508.2999877929688,510.010009765625,505.0400085449219,507.0299987792969,15786500,503.8390808105469
2025-09-26,510.05999755859375,513.9400024414062,506.6199951171875,511.4599914550781,16213100,508.2411804199219
2025-09-29,511.5,516.8499755859375,508.8800048828125,514.5999755859375,17617800,511.3613586425781
2025-09-30,513.239990234375,518.1599731445312,509.6600036621094,517.9500122070312,19728200,514.6903686523438
2025-10-01,514.7999877929688,520.510009765625,511.6900024414063,519.7100219726562,22632300,516.4392700195312
2025-10-02,517.6400146484375,521.5999755859375,510.6799926757813,515.739990234375,21222900,512.4942626953125
2025-10-03,517.0999755859375,520.489990234375,515.0,517.3499755859375,15112300,514.0940551757812
2025-10-06,518.6099853515625,531.030029296875,518.2000122070312,528.5700073242188,21388600,525.2435302734375
2025-10-07,528.2899780273438,529.7999877929688,521.4400024414062,523.97998046875,14615200,520.6823120117188
2025-10-08,523.280029296875,526.9500122070312,523.0900268554688,524.8499755859375,13363400,521.546875
2025-10-09,522.3400268554688,524.3300170898438,517.4000244140625,522.4000244140625,18343600,519.1123657226562
2025-10-10,519.6400146484375,523.5800170898438,509.6300048828125,510.9599914550781,24133800,507.7443237304688
2025-10-13,516.4099731445312,516.4099731445312,511.6799926757813,514.0499877929688,14284200,510.81488037109375
2025-10-14,510.2300109863281,515.280029296875,506.0,513.5700073242188,14684300,510.3379211425781
2025-10-15,514.9600219726562,517.1900024414062,510.0,513.4299926757812,14694700,510.1987915039063
2025-10-16,512.5800170898438,516.8499755859375,508.1300048828125,511.6099853515625,15559600,508.3902587890625
2025-10-17,509.0400085449219,515.47998046875,507.30999755859375,513.5800170898438,19867800,510.347900390625
2025-10-20,514.6099853515625,518.7000122070312,513.4299926757812,516.7899780273438,14665600,513.5376586914062
2025-10-21,517.5,518.6900024414062,513.0399780273438,517.6599731445312,15586200,514.4021606445312
2025-10-22,521.1500244140625,525.22998046875,517.7100219726562,520.5399780273438,18962700,517.2639770507812
2025-10-23,522.4600219726562,523.9500122070312,518.6099853515625,520.5599975585938,14023500,517.283935546875
2025-10-24,522.7899780273438,525.3499755859375,520.7100219726562,523.6099853515625,15532400,520.314697265625
2025-10-27,531.780029296875,534.5800170898438,529.010009765625,531.52001953125,18734700,528.1749877929688
2025-10-28,550.0,553.719970703125,540.77001953125,542.0700073242188,29986700,538.6585693359375
2025-10-29,544.9400024414062,546.27001953125,536.72998046875,541.5499877929688,36023000,538.1417846679688
2025-10-30,530.47998046875,534.969970703125,522.1199951171875,525.760009765625,41023100,522.451171875
2025-10-31,528.8800048828125,529.3200073242188,515.0999755859375,517.8099975585938,34006400,514.5512084960938
2025-11-03,519.8099975585938,524.9600219726562,514.5900268554688,517.030029296875,22374700,513.776123046875
2025-11-04,511.760009765625,515.5499877929688,507.8399963378906,514.3300170898438,20958700,511.0931701660156
2025-11-05,513.2999877929688,514.8300170898438,506.5799865722656,507.1600036621094,23024300,503.96826171875
2025-11-06,505.6600036621094,505.7000122070313,495.80999755859375,497.1000061035156,27406500,493.9715576171875
2025-11-07,496.9500122070313,499.3800048828125,493.25,496.8200073242188,24019800,493.6933288574219
2025-11-10,500.0400085449219,506.8500061035156,498.7999877929688,506.0,26101500,502.8155517578125
2025-11-11,504.7999877929688,509.6000061035156,502.3500061035156,508.6799926757813,17980000,505.4786682128906
2025-11-12,509.3599853515625,511.6700134277344,499.1199951171875,511.1400146484375,26574900,507.9232177734375
2025-11-13,510.30999755859375,513.5,501.2900085449219,503.2900085449219,25273100,500.1226196289063
2025-11-14,498.2300109863281,511.6000061035156,497.4400024414063,510.1799926757813,28505700,506.96923828125
2025-11-17,508.4500122070313,512.1199951171875,504.9100036621094,507.489990234375,19092800,504.296142578125
2025-11-18,495.3699951171875,502.9800109863281,486.7799987792969,493.7900085449219,33815100,490.6824035644531
2025-11-19,490.1000061035156,495.1900024414063,482.8299865722656,487.1199951171875,23245300,484.0543518066406
2025-11-20,492.7099914550781,493.5700073242188,475.5,478.4299926757813,26802500,476.308837890625
2025-11-21,478.5,478.9200134277344,468.2699890136719,472.1199951171875,31769200,470.0268249511719
2025-11-24,475.0,476.8999938964844,468.0199890136719,474.0,34421000,471.89849853515625
2025-11-25,474.0700073242188,479.1499938964844,464.8900146484375,476.989990234375,28019800,474.8752136230469
2025-11-26,486.30999755859375,488.30999755859375,481.2000122070313,485.5,25709100,483.3475341796875
2025-11-28,487.6000061035156,492.6300048828125,486.6499938964844,492.010009765625,14386700,489.8286743164063
2025-12-01,488.4400024414063,489.8599853515625,484.6499938964844,486.739990234375,23964000,484.5820007324219
2025-12-02,486.7200012207031,493.5,486.3200073242188,490.0,19562700,487.82757568359375
2025-12-03,476.3200073242188,484.239990234375,475.2000122070313,477.7300109863281,34615100,475.6119689941406
2025-12-04,479.760009765625,481.3200073242188,476.489990234375,480.8399963378906,22318200,478.7081909179688
2025-12-05,482.5199890136719,483.3999938964844,478.8800048828125,483.1600036621094,22608700,481.0178833007813
2025-12-08,484.8900146484375,492.2999877929688,484.3800048828125,491.0199890136719,21965900,488.8430480957031
2025-12-09,489.1000061035156,492.1199951171875,488.5,492.0199890136719,14696100,489.8385925292969
2025-12-10,484.0299987792969,484.25,475.0799865722656,478.55999755859375,35756200,476.4382934570313
2025-12-11,476.6300048828125,486.0299987792969,475.8599853515625,483.4700012207031,24669200,481.3265075683594
2025-12-12,479.8200073242188,482.4500122070313,476.3399963378906,478.5299987792969,21248100,476.4084167480469
2025-12-15,480.1000061035156,480.7200012207031,472.5199890136719,474.8200073242188,23727700,472.7148742675781
2025-12-16,471.9100036621094,477.8900146484375,470.8800048828125,476.3900146484375,20705600,474.2779235839844
2025-12-17,476.9100036621094,480.0,475.0,476.1199951171875,24527200,474.0090942382813
2025-12-18,478.1900024414063,489.6000061035156,477.8900146484375,483.9800109863281,28573500,481.8342590332031
2025-12-19,487.3599853515625,487.8500061035156,482.489990234375,485.9200134277344,70836100,483.7656555175781
2025-12-22,486.1199951171875,488.7300109863281,482.6900024414063,484.9200134277344,16963000,482.7701110839844
2025-12-23,484.9800109863281,487.8299865722656,484.739990234375,486.8500061035156,14683600,484.6915283203125
2025-12-24,485.6799926757813,489.1600036621094,484.8299865722656,488.0199890136719,5855900,485.8563232421875
2025-12-26,486.7099914550781,488.1199951171875,485.9599914550781,487.7099914550781,8842200,485.5476989746094
2025-12-29,484.8599853515625,488.3500061035156,484.1799926757813,487.1000061035156,10893400,484.9404296875
2025-12-30,485.9299926757813,489.6799926757813,485.5,487.4800109863281,13944500,485.3187255859375
2025-12-31,487.8399963378906,488.1400146484375,483.2999877929688,483.6199951171875,15601600,481.4758605957031
2026-01-02,484.3900146484375,484.6600036621094,470.1600036621094,472.9400024414063,25571600,470.84320068359375
2026-01-05,474.05999755859375,476.0700073242188,469.5,472.8500061035156,25250300,470.7536315917969
2026-01-06,473.7999877929688,478.739990234375,469.75,478.510009765625,23037700,476.3885192871094
2026-01-07,479.760009765625,489.7000122070313,477.9500122070313,483.4700012207031,25564200,481.3265075683594
2026-01-08,481.239990234375,482.6600036621094,475.8599853515625,478.1099853515625,18162600,475.9902648925781
2026-01-09,474.05999755859375,479.8200073242188,472.2000122070313,479.2799987792969,18491000,477.1550903320313
2026-01-12,476.6700134277344,480.989990234375,475.6799926757813,477.1799926757813,23519900,475.06439208984375
2026-01-13,474.6799926757813,475.7799987792969,465.9500122070313,470.6700134277344,28545800,468.5832824707031
2026-01-14,466.4599914550781,468.2000122070313,457.1700134277344,459.3800048828125,28184300,457.3433227539063
2026-01-15,464.1199951171875,464.25,455.8999938964844,456.6600036621094,23225800,454.6353759765625
2026-01-16,457.8299865722656,463.1900024414063,456.4800109863281,459.8599853515625,34246700,457.8211669921875
2026-01-20,451.2200012207031,456.7999877929688,449.2799987792969,454.5199890136719,26130000,452.5048828125
2026-01-21,452.6000061035156,452.6900024414063,438.6799926757813,444.1099853515625,37980500,442.1410217285156
2026-01-22,447.6199951171875,452.8399963378906,444.7000122070313,451.1400146484375,25349400,449.1398620605469
2026-01-23,451.8699951171875,471.1000061035156,450.5299987792969,465.9500122070313,38000200,463.8841857910156
2026-01-26,465.30999755859375,474.25,462.0,470.2799987792969,29291200,468.1950073242188
2026-01-27,473.7000122070313,482.8699951171875,473.1600036621094,480.5799865722656,29213900,478.4493103027344
2026-01-28,483.2099914550781,483.739990234375,478.0,481.6300048828125,36875400,479.4946899414063
2026-01-29,439.989990234375,442.5,421.0199890136719,433.5,128855300,431.57806396484375
2026-01-30,439.1700134277344,439.6000061035156,426.4500122070313,430.2900085449219,58566800,428.38232421875
2026-02-02,430.239990234375,430.739990234375,422.25,423.3699951171875,42219900,421.4929809570313
2026-02-03,422.010009765625,422.0499877929688,408.55999755859375,411.2099914550781,61424100,409.3868713378906
2026-02-04,411.0,419.7999877929688,409.239990234375,414.1900024414063,45012400,412.3536682128906
2026-02-05,407.4400024414063,408.2999877929688,392.3200073242188,393.6700134277344,66289200,391.9246520996094
2026-02-06,399.1700134277344,401.7900085449219,392.9200134277344,401.1400146484375,53515300,399.3615417480469
2026-02-09,404.8500061035156,414.8900146484375,400.8699951171875,413.6000061035156,45480500,411.7662963867188
2026-02-10,419.6199951171875,423.6799926757813,412.7000122070313,413.2699890136719,44857900,411.437744140625
2026-02-11,416.1799926757813,416.4599914550781,401.010009765625,404.3699951171875,42491000,402.57720947265625
2026-02-12,405.0,406.2000122070313,398.010009765625,401.8399963378906,40802400,400.0584106445313
2026-02-13,404.4500122070313,405.5400085449219,398.0499877929688,401.3200073242188,34091600,399.5407409667969
2026-02-17,399.2200012207031,400.5199890136719,394.5299987792969,396.8599853515625,32078800,395.1004943847656
2026-02-18,398.1300048828125,402.55999755859375,396.3200073242188,399.6000061035156,23223400,397.828369140625
2026-02-19,400.6900024414063,404.4299926757813,396.6700134277344,398.4599914550781,28234000,397.5988464355469
2026-02-20,396.1099853515625,400.1199951171875,395.1600036621094,397.2300109863281,34015200,396.37152099609375
2026-02-23,395.0,395.3599853515625,383.1000061035156,384.4700012207031,43238300,383.6390686035156
2026-02-24,384.1400146484375,389.3599853515625,381.7099914550781,389.0,33884700,388.1593017578125
2026-02-25,390.5299987792969,401.4700012207031,390.1600036621094,400.6000061035156,43625500,399.7342224121094
2026-02-26,404.7099914550781,407.489990234375,398.739990234375,401.7200012207031,34405900,400.851806640625
2026-02-27,390.8800048828125,396.8200073242188,389.8800048828125,392.739990234375,51367200,391.8912048339844
2026-03-02,392.8599853515625,401.1900024414063,390.6300048828125,398.5499877929688,35474900,397.6886291503906
2026-03-03,393.1400146484375,406.7000122070313,392.6700134277344,403.9299926757813,38199200,403.0570068359375
2026-03-04,401.2699890136719,411.0299987792969,400.30999755859375,405.2000122070313,35808000,404.32427978515625
2026-03-05,404.4200134277344,411.6099853515625,404.3999938964844,410.6799926757813,39001300,409.79241943359375
2026-03-06,409.2000122070313,413.0499877929688,408.510009765625,408.9599914550781,31123900,408.0761413574219
2026-03-09,404.9200134277344,410.2099914550781,403.5,409.4100036621094,30131900,408.5251770019531
2026-03-10,410.0299987792969,410.2000122070313,402.9299926757813,405.760009765625,31706400,404.8830871582031
2026-03-11,405.5700073242188,409.010009765625,401.5899963378906,404.8800048828125,25512100,404.0049743652344
2026-03-12,404.6300048828125,406.1199951171875,401.7099914550781,401.8599853515625,27263900,400.9914855957031
2026-03-13,401.0,404.7999877929688,394.25,395.5499877929688,26848000,394.6951293945313
2026-03-16,398.0700073242188,400.6300048828125,394.7900085449219,399.9500122070313,27733700,399.0856323242188
2026-03-17,400.2699890136719,404.3999938964844,397.75,399.4100036621094,26228300,398.5467834472656
2026-03-18,397.1300048828125,398.0,391.0,391.7900085449219,25908500,390.9432678222656
2026-03-19,390.1000061035156,392.489990234375,387.05999755859375,389.0199890136719,25138800,388.1792297363281
2026-03-20,386.7900085449219,387.0,380.1199951171875,381.8699951171875,50853200,381.0447082519531
2026-03-23,383.8999938964844,387.2099914550781,381.6799926757813,383.0,29680100,382.1722717285156
2026-03-24,382.3599853515625,382.4700012207031,371.8500061035156,372.739990234375,42733600,371.9344177246094
2026-03-25,376.9200134277344,377.05999755859375,369.6300048828125,371.0400085449219,31181200,370.2381286621094
2026-03-26,370.8200073242188,374.7200012207031,365.1900024414063,365.9700012207031,36836600,365.1790771484375
2026-03-27,361.8999938964844,362.4500122070313,356.510009765625,356.7699890136719,37883400,355.9989318847656
2026-03-30,361.8999938964844,365.3599853515625,356.2799987792969,358.9599914550781,44797000,358.1842041015625
2026-03-31,364.5499877929688,372.8999938964844,363.0700073242188,370.1700134277344,45244400,369.3699951171875
2026-04-01,373.489990234375,373.989990234375,368.2000122070313,369.3699951171875,29417200,368.57171630859375
2026-04-02,367.2099914550781,373.6400146484375,364.1499938964844,373.4599914550781,24099100,372.6528625488281
2026-04-06,373.489990234375,373.7300109863281,369.5,372.8800048828125,16146600,372.0741271972656
2026-04-07,370.3399963378906,372.4500122070313,366.55999755859375,372.2900085449219,21443300,371.48541259765625
2026-04-08,384.9800109863281,385.0,371.4100036621094,374.3299865722656,33064800,373.52099609375
2026-04-09,372.5,373.5,367.0499877929688,373.0700073242188,30435300,372.26373291015625
2026-04-10,372.9800109863281,375.6400146484375,370.0299987792969,370.8699951171875,28111100,370.0684814453125
2026-04-13,373.6099853515625,384.5400085449219,371.0199890136719,384.3699951171875,35745800,383.539306640625
2026-04-14,387.9200134277344,394.6900024414063,386.5199890136719,393.1099853515625,37504500,392.2604064941406
2026-04-15,398.0,414.3699951171875,396.7300109863281,411.2200012207031,45063400,410.3312683105469
2026-04-16,419.8599853515625,420.8200073242188,412.1400146484375,420.260009765625,41642400,419.3517456054688
2026-04-17,424.8200073242188,431.5799865722656,420.6900024414063,422.7900085449219,48568200,421.8762817382813
2026-04-20,421.1499938964844,423.3299865722656,416.2999877929688,418.0700073242188,27582200,417.1664733886719
2026-04-21,420.239990234375,427.1799926757813,417.2000122070313,424.1600036621094,32048500,423.2433166503906
2026-04-22,426.1900024414063,433.7000122070313,423.6700134277344,432.9200134277344,29378200,431.984375
2026-04-23,419.8900146484375,423.6600036621094,411.4100036621094,415.75,38308000,414.8514709472656
2026-04-24,416.9700012207031,424.9500122070313,415.7999877929688,424.6199951171875,27457400,423.7023010253906
2026-04-27,422.3800048828125,427.1099853515625,417.0700073242188,424.8200073242188,30867300,423.9018859863281
2026-04-28,424.5700073242188,429.9200134277344,421.8999938964844,429.25,30438100,428.3222961425781
2026-04-29,424.5799865722656,426.8200073242188,420.2900085449219,424.4599914550781,38288300,423.5426330566406
2026-04-30,410.80999755859375,414.4200134277344,398.010009765625,407.7799987792969,70909400,406.8987121582031
2026-05-01,412.7999877929688,417.1099853515625,410.4400024414063,414.4400024414063,31372400,413.5443115234375
2026-05-04,411.5400085449219,420.7799987792969,410.7999877929688,413.6199951171875,28066500,412.72607421875
2026-05-05,415.3200073242188,416.7799987792969,408.7999877929688,411.3800048828125,25700900,410.4909362792969
2026-05-06,408.0,418.4200134277344,405.1099853515625,413.9599914550781,30285900,413.0653381347656
2026-05-07,420.1099853515625,427.9800109863281,418.760009765625,420.7699890136719,34942400,419.8606262207031
2026-05-08,417.3900146484375,418.6300048828125,414.0,415.1199951171875,33383800,414.2228393554688
2026-05-11,407.8699951171875,412.6900024414063,405.5,412.6600036621094,35657900,411.7681579589844
2026-05-12,414.4800109863281,415.5,406.6400146484375,407.7699890136719,38594200,406.8887023925781
2026-05-13,403.2000122070313,406.30999755859375,401.0299987792969,405.2099914550781,29667100,404.3342590332031
2026-05-14,404.4800109863281,411.8399963378906,400.8800048828125,409.4299926757813,27077500,408.5451354980469
2026-05-15,414.2699890136719,428.1700134277344,412.9100036621094,421.9200134277344,50771200,421.0081481933594
2026-05-18,416.6199951171875,425.1199951171875,415.6099853515625,423.5400085449219,32564100,422.6246643066406
2026-05-19,429.8999938964844,432.7000122070313,416.489990234375,417.4200134277344,33018700,416.5178833007813
2026-05-20,414.1700134277344,422.1000061035156,411.2999877929688,421.05999755859375,27864000,420.1499938964844
2026-05-21,424.75,426.3399963378906,415.7099914550781,419.0899963378906,31393500,419.0899963378906
2026-05-22,419.5400085449219,424.3999938964844,416.3299865722656,418.5700073242188,22390300,418.5700073242188
2026-05-26,416.4299926757813,419.7699890136719,413.0199890136719,416.0299987792969,30398000,416.0299987792969
2026-05-27,411.010009765625,415.9400024414063,409.5799865722656,412.6700134277344,28901500,412.6700134277344
2026-05-28,412.9800109863281,429.489990234375,412.6700134277344,426.989990234375,47250500,426.989990234375
2026-05-29,432.5499877929688,450.3299865722656,432.3599853515625,450.239990234375,79654400,450.239990234375
2026-06-01,464.8399963378906,466.3200073242188,458.2699890136719,460.5199890136719,53628900,460.5199890136719
2026-06-02,446.8800048828125,453.5,440.42999267578125,441.30999755859375,37036800,440.48077392578125
2026-06-03,438.45001220703125,440.3900146484375,424.25,427.3399963378906,39037000,426.53704833984375
2026-06-04,435.80999755859375,436.1499938964844,426.4100036621094,428.04998779296875,26899500,427.2456970214844
2026-06-05,428.3399963378906,429.4700012207031,414.3999938964844,416.6700134277344,34782200,415.8870849609375
2026-06-08,414.1400146484375,417.1600036621094,408.55999755859375,411.739990234375,32086700,410.9663391113281
2026-06-09,409.0299987792969,411.9800109863281,398.4800109863281,403.4100036621094,35317300,402.6520080566406
2026-06-10,398.54998779296875,405.0400085449219,397.1600036621094,397.3599853515625,32576000,396.61334228515625
2026-06-11,395.2099914550781,396.8500061035156,384.0,390.3399963378906,47224100,389.6065673828125
2026-06-12,391.42999267578125,391.739990234375,382.2699890136719,390.739990234375,34865800,390.00579833984375
2026-06-15,396.79998779296875,401.75,392.8500061035156,399.760009765625,32266400,399.0088806152344
2026-06-16,395.7900085449219,396.8399963378906,390.69000244140625,393.8299865722656,31506800,393.0899963378906
2026-06-17,390.25,390.3699951171875,377.32000732421875,378.9100036621094,41987800,378.1980285644531
2026-06-18,377.82000732421875,381.3699951171875,373.2799987792969,379.3999938964844,59714200,378.6871032714844
2026-06-22,375.739990234375,381.6300048828125,367.07000732421875,367.3399963378906,45171100,366.6497802734375
2026-06-23,372.3800048828125,377.2200012207031,370.6700134277344,373.94000244140625,40647600,373.23736572265625
2026-06-24,371.57000732421875,378.8800048828125,364.7799987792969,365.4599914550781,44509900,364.7733154296875
2026-06-25,362.7699890136719,364.2300109863281,349.20001220703125,352.8299865722656,66179000,352.1670227050781
2026-06-26,357.1499938964844,376.6099853515625,355.42999267578125,372.9700012207031,186201600,372.2691955566406
2026-06-29,377.5,380.5,359.8999938964844,368.57000732421875,51229900,367.8774719238281
2026-06-30,371.0299987792969,374.1499938964844,367.45001220703125,373.0199890136719,44945700,372.319091796875
2026-07-01,380.8299865722656,388.8299865722656,374.8900146484375,384.2799987792969,48065800,383.5579528808594
2026-07-02,384.4800109863281,392.20001220703125,383.70001220703125,390.489990234375,42128900,389.7562561035156
2026-07-06,387.0400085449219,389.1499938964844,381.2200012207031,386.739990234375,34224500,386.0133056640625
2026-07-07,392.489990234375,395.57000732421875,388.2200012207031,388.8399963378906,29297500,388.109375
2026-07-08,384.0299987792969,385.30999755859375,381.3299865722656,383.3399963378906,25908300,382.6197204589844
2026-07-09,374.45001220703125,384.6499938964844,373.3500061035156,384.3599853515625,31083200,383.6377868652344
2026-07-10,387.79998779296875,391.9100036621094,381.5,385.1000061035156,24644600,384.37640380859375
2026-07-13,387.75,393.6499938964844,384.1499938964844,390.989990234375,28914900,390.2553405761719
2026-07-14,382.82000732421875,388.19000244140625,378.6499938964844,384.92999267578125,27863900,384.20672607421875
2026-07-15,387.79998779296875,398.9599914550781,386.3999938964844,395.6300048828125,36253700,394.8866271972656
2026-07-16,398.30999755859375,405.989990234375,392.04998779296875,401.1000061035156,37047400,400.3463439941406
2026-07-17,394.8599853515625,398.3900146484375,389.3900146484375,393.82000732421875,33049800,393.08001708984375
2026-07-20,391.4100036621094,403.17999267578125,389.6499938964844,402.2900085449219,27915800,401.53411865234375
2026-07-21,398.80999755859375,401.4700012207031,396.32000732421875,397.75,24126600,397.00262451171875
2026-07-22,399.5799865722656,401.0,386.9599914550781,390.3399963378906,28142500,389.6065673828125
2026-07-23,389.9700012207031,391.7799987792969,377.3900146484375,381.5799865722656,30351800,380.8630065917969
2026-07-24,387.04998779296875,389.0299987792969,380.6499938964844,381.70001220703125,27659400,380.9828186035156
2026-07-27,390.0799865722656,394.20001220703125,387.989990234375,389.1000061035156,27856200,388.368896484375
2026-07-28,393.1600036621094,400.32000732421875,391.29998779296875,393.3500061035156,32367500,392.61090087890625
2026-07-29,393.3999938964844,401.25,388.739990234375,390.5400085449219,47209000,389.8061828613281
2026-07-30,437.8999938964844,458.69000244140625,432.44000244140625,451.1000061035156,110160700,450.2524108886719
2026-07-31,450.0,466.8399963378906,449.3299865722656,464.7200012207031,60846000,463.8468017578125
2026-08-03,476.1300048828125,491.6499938964844,475.0,487.6499938964844,66762100,486.73370361328125
2026-08-04,480.8999938964844,499.44000244140625,479.1700134277344,492.80999755859375,50455500,491.884033203125
2026-08-05,496.3599853515625,498.239990234375,485.67999267578125,487.4599914550781,33388900,486.5440673828125
2026-08-06,488.54998779296875,501.55999755859375,488.5199890136719,499.8599853515625,36441500,498.9207458496094
2026-08-07,499.2099914550781,505.17999267578125,498.7300109863281,499.989990234375,28846200,499.0505065917969
2026-08-10,503.44000244140625,513.72998046875,502.2699890136719,506.05999755859375,31206100,505.109130859375
2026-08-11,504.3299865722656,505.3299865722656,499.54998779296875,503.80999755859375,23049800,502.86334228515625
2026-08-12,499.989990234375,501.5,491.5199890136719,492.42999267578125,29001500,491.5047302246094
2026-08-13,493.2699890136719,501.3399963378906,493.010009765625,496.8800048828125,23039000,495.9463806152344
2026-08-14,496.3599853515625,500.010009765625,493.9200134277344,495.3999938964844,16217600,494.4691467285156
2026-08-17,490.1400146484375,492.6600036621094,478.4100036621094,480.3500061035156,29635800,479.44744873046875
2026-08-18,481.5400085449219,484.2699890136719,477.1499938964844,481.6300048828125,24087600,480.72503662109375
2026-08-19,480.07000732421875,489.29998779296875,479.3599853515625,484.30999755859375,19961900,483.3999938964844
2026-08-20,483.29998779296875,484.1600036621094,479.5,481.1499938964844,20020800,481.1499938964844
2026-08-21,479.8800048828125,486.3599853515625,478.5299987792969,483.239990234375,22510800,483.239990234375
2026-08-24,483.2099914550781,490.6099853515625,481.8599853515625,487.30999755859375,17230800,487.30999755859375
2026-08-25,485.44000244140625,492.44000244140625,484.29998779296875,491.7099914550781,19519000,491.7099914550781
2026-08-26,487.8500061035156,497.3999938964844,487.30999755859375,496.3699951171875,20758900,496.3699951171875
2026-08-27,494.8800048828125,506.4800109863281,490.0799865722656,505.05999755859375,28688800,505.05999755859375
2026-08-28,505.3299865722656,517.780029296875,504.8699951171875,513.530029296875,29178300,513.530029296875
2026-08-31,510.32501220703125,512.1900024414062,506.3999938964844,507.2900085449219,26637042,507.2900085449219
