Date,Open,High,Low,Close,Volume,Adj Close
2011-04-01,133.41000366210938,133.77000427246094,132.8300018310547,133.14999389648438,153850100,101.7610855102539
2011-04-04,133.42999267578125,133.6699981689453,132.8800048828125,133.25999450683594,100768900,101.84513092041016
2011-04-05,133.0,133.8300018310547,132.94000244140625,133.24000549316406,120791500,101.82986450195312
2011-04-06,133.8800048828125,134.0,133.1199951171875,133.66000366210938,120411600,102.15086364746094
2011-04-07,133.4199981689453,133.97999572753906,132.66000366210938,133.32000732421875,170731500,101.89099884033205
2011-04-08,133.91000366210938,133.99000549316406,132.30999755859375,132.86000061035156,147945400,101.5394515991211
2011-04-11,133.0,133.4499969482422,132.13999938964844,132.4600067138672,121385400,101.23373413085938
2011-04-12,131.72000122070312,131.97999572753906,130.99000549316406,131.47000122070312,161187400,100.47712707519533
2011-04-13,132.0800018310547,132.17999267578125,130.9600067138672,131.4600067138672,162059000,100.46949005126952
2011-04-14,130.6999969482422,131.75999450683594,130.27000427246094,131.55999755859375,161220400,100.54590606689452
2011-04-15,131.8000030517578,132.3699951171875,131.41000366210938,132.0399932861328,170006700,100.91275787353516
2011-04-18,130.58999633789062,132.02999877929688,129.50999450683594,130.55999755859375,210759300,99.78166198730467
2011-04-19,130.75999450683594,131.35000610351562,130.44000244140625,131.30999755859375,124258800,100.3548355102539
2011-04-20,132.8800048828125,133.38999938964844,132.7899932861328,133.10000610351562,156133800,101.7228775024414
2011-04-21,133.7899932861328,133.83999633789062,133.10000610351562,133.77999877929688,135935400,102.24256896972656
2011-04-25,133.67999267578125,133.86000061035156,133.1999969482422,133.63999938964844,65757100,102.13558197021484
2011-04-26,134.0500030517578,135.05999755859375,133.91000366210938,134.7899932861328,146600000,103.01446533203124
2011-04-27,135.0500030517578,135.8699951171875,134.5,135.6699981689453,143031000,103.68695831298828
2011-04-28,135.42999267578125,136.2899932861328,135.41000366210938,136.11000061035156,124791100,104.0233154296875
2011-04-29,136.16000366210938,136.57000732421875,135.97999572753906,136.42999267578125,115094100,104.26787567138672
2011-05-02,137.07000732421875,137.17999267578125,135.9499969482422,136.22000122070312,126278700,104.10735321044922
2011-05-03,135.9600067138672,136.19000244140625,135.0399932861328,135.72999572753906,138375000,103.73284149169922
2011-05-04,135.6699981689453,135.72999572753906,134.22999572753906,134.8300018310547,182678500,103.0450210571289
2011-05-05,134.0800018310547,134.9499969482422,133.02000427246094,133.61000061035156,226900000,102.11260986328124
2011-05-06,134.94000244140625,135.6300048828125,133.67999267578125,134.1999969482422,222787200,102.56354522705078
2011-05-09,134.19000244140625,135.11000061035156,133.97999572753906,134.72000122070312,114104500,102.96096801757812
2011-05-10,135.1699981689453,136.11000061035156,135.0,135.8699951171875,114806900,103.83984375
2011-05-11,135.6699981689453,135.69000244140625,133.82000732421875,134.44000244140625,193564200,102.74698638916016
2011-05-12,134.0800018310547,135.36000061035156,133.38999938964844,135.0800018310547,171550700,103.23607635498048
2011-05-13,135.14999389648438,135.33999633789062,133.55999755859375,134.0399932861328,157444900,102.44124603271484
2011-05-16,133.55999755859375,134.61000061035156,132.97000122070312,133.19000244140625,141675400,101.79167938232422
2011-05-17,132.69000244140625,133.35000610351562,132.1199951171875,133.1699981689453,192686200,101.77637481689452
2011-05-18,133.24000549316406,134.5,132.9499969482422,134.36000061035156,135217900,102.68585968017578
2011-05-19,134.8000030517578,135.02999877929688,133.94000244140625,134.67999267578125,119489500,102.93038940429688
2011-05-20,134.3300018310547,134.67999267578125,133.36000061035156,133.61000061035156,182594900,102.11260986328124
2011-05-23,131.97999572753906,132.72000122070312,131.58999633789062,132.05999755859375,168700000,100.92804718017578
2011-05-24,132.44000244140625,132.72999572753906,131.6999969482422,131.9499969482422,147199600,100.84398651123048
2011-05-25,131.4199981689453,132.94000244140625,131.3800048828125,132.38999938964844,151050100,101.18024444580078
2011-05-26,132.02999877929688,133.24000549316406,131.77999877929688,133.0,164850000,101.64643096923828
2011-05-27,133.3699951171875,133.8699951171875,132.9600067138672,133.50999450683594,120921900,102.03619384765624
2011-05-31,134.77000427246094,134.9199981689453,133.83999633789062,134.89999389648438,164731200,103.09846496582033
2011-06-01,134.50999450683594,134.9199981689453,131.75999450683594,131.8699951171875,233094300,100.78280639648438
2011-06-02,131.9600067138672,132.24000549316406,130.9600067138672,131.72999572753906,200466800,100.67583465576172
2011-06-03,130.14999389648438,131.4199981689453,130.0800018310547,130.4199981689453,234690200,99.67464447021484
2011-06-06,130.08999633789062,130.36000061035156,128.8699951171875,129.0399932861328,179951200,98.61997985839844
2011-06-07,129.6999969482422,130.07000732421875,128.85000610351562,128.9600067138672,161660500,98.55883026123048
2011-06-08,128.75999450683594,129.19000244140625,128.17999267578125,128.4199981689453,198696400,98.1461181640625
2011-06-09,128.77000427246094,129.92999267578125,128.4600067138672,129.39999389648438,160964400,98.89508056640624
2011-06-10,128.85000610351562,128.92999267578125,127.26000213623048,127.5999984741211,238629400,97.51945495605467
2011-06-13,127.88999938964844,128.24000549316406,127.0500030517578,127.6999969482422,207599800,97.59586334228516
2011-06-14,128.8699951171875,129.77000427246094,128.82000732421875,129.32000732421875,160570400,98.83395385742188
2011-06-15,128.24000549316406,129.3000030517578,126.68000030517578,127.0199966430664,300958000,97.07616424560548
2011-06-16,127.05999755859376,127.97000122070312,126.31999969482422,127.3000030517578,308032800,97.29016876220705
2011-06-17,127.93000030517578,127.94000244140624,126.62000274658205,127.0500030517578,233284900,97.58047485351562
2011-06-20,126.62000274658205,127.97000122070312,126.58000183105467,127.6999969482422,159479000,98.0797348022461
2011-06-21,128.36000061035156,129.6999969482422,127.75,129.4499969482422,193157300,99.4237823486328
2011-06-22,129.0500030517578,129.80999755859375,128.58999633789062,128.6699981689453,176703000,98.82471466064452
2011-06-23,127.16000366210938,128.63999938964844,126.19000244140624,128.3000030517578,334286500,98.54054260253906
2011-06-24,128.27000427246094,128.3699951171875,126.62000274658205,126.80999755859376,226129300,97.3961410522461
2011-06-27,126.88999938964844,128.42999267578125,126.63999938964844,127.94000244140624,168904700,98.26406860351562
2011-06-28,128.4499969482422,129.6300048828125,128.27000427246094,129.61000061035156,165556300,99.54666137695312
2011-06-29,130.1999969482422,130.92999267578125,129.6300048828125,130.72000122070312,244295500,100.39920806884766
2011-06-30,131.13999938964844,132.17999267578125,130.7100067138672,131.97000122070312,223322700,101.35930633544922
2011-07-01,132.08999633789062,134.10000610351562,131.77999877929688,133.9199981689453,202385700,102.85697174072266
2011-07-05,133.77999877929688,134.0800018310547,133.38999938964844,133.80999755859375,165936000,102.77249145507812
2011-07-06,133.49000549316406,134.13999938964844,133.11000061035156,133.97000122070312,143331600,102.89535522460938
2011-07-07,135.16000366210938,135.6999969482422,134.8800048828125,135.36000061035156,170464200,103.96295166015624
2011-07-08,133.8300018310547,135.36000061035156,133.38999938964844,134.39999389648438,194100500,103.2256317138672
2011-07-11,132.75,133.17999267578125,131.66000366210938,131.97000122070312,195918600,101.35930633544922
2011-07-12,131.69000244140625,132.77999877929688,131.36000061035156,131.39999389648438,214675700,100.92147827148438
2011-07-13,132.08999633789062,133.22000122070312,131.52000427246094,131.83999633789062,204062600,101.25941467285156
2011-07-14,132.1699981689453,132.77999877929688,130.67999267578125,130.92999267578125,226111800,100.56048583984376
2011-07-15,131.66000366210938,131.8699951171875,130.77000427246094,131.69000244140625,220012800,101.14425659179688
2011-07-18,131.0800018310547,131.27999877929688,129.6300048828125,130.61000061035156,196872100,100.31473541259766
2011-07-19,131.33999633789062,132.88999938964844,131.30999755859375,132.72999572753906,166554900,101.94298553466795
2011-07-20,133.07000732421875,133.14999389648438,132.4199981689453,132.64999389648438,137145400,101.88150024414062
2011-07-21,133.39999389648438,134.82000732421875,132.6699981689453,134.49000549316406,245246300,103.29476928710938
2011-07-22,134.52000427246094,134.72000122070312,133.75999450683594,134.5800018310547,126019400,103.36388397216795
2011-07-25,133.3000030517578,134.49000549316406,133.16000366210938,133.8300018310547,136653800,102.787841796875
2011-07-26,133.74000549316406,133.9600067138672,133.02999877929688,133.3300018310547,131278200,102.40384674072266
2011-07-27,132.58999633789062,132.6300048828125,130.42999267578125,130.60000610351562,249020100,100.30704498291016
2011-07-28,130.60000610351562,131.77000427246094,130.00999450683594,130.22000122070312,207939900,100.0151824951172
2011-07-29,128.91000366210938,130.5500030517578,127.97000122070312,129.3300018310547,307038400,99.33161163330078
2011-08-01,130.83999633789062,130.9600067138672,127.52999877929688,128.77999877929688,325790900,98.90919494628906
2011-08-02,127.80999755859376,128.5,125.48999786376952,125.48999786376952,346653800,96.38232421875
2011-08-03,125.66000366210938,126.30999755859376,123.52999877929688,126.16999816894533,370830800,96.9045867919922
2011-08-04,124.41999816894533,124.62000274658205,120.05999755859376,120.26000213623048,520721800,92.36547088623048
2011-08-05,121.76000213623048,122.06999969482422,116.86000061035156,120.08000183105467,655619200,92.22721099853516
2011-08-08,116.91000366210938,120.12000274658205,112.0199966430664,112.26000213623048,702263900,86.2210464477539
2011-08-09,114.06999969482422,117.63999938964844,110.2699966430664,117.4800033569336,717828700,90.23026275634766
2011-08-10,115.26000213623048,116.27999877929688,111.9499969482422,112.29000091552734,662607400,86.24408721923828
2011-08-11,113.26000213623048,118.91999816894533,112.31999969482422,117.33000183105467,487979700,90.11505889892578
2011-08-12,118.4000015258789,119.20999908447266,117.27999877929688,118.12000274658205,313731600,90.72181701660156
2011-08-15,119.19000244140624,120.73999786376952,119.0,120.62000274658205,258810600,92.64192962646484
2011-08-16,119.47000122070312,120.69000244140624,118.30999755859376,119.58999633789062,294095200,91.85083770751952
2011-08-17,120.25,121.1999969482422,118.72000122070312,119.66999816894533,238201100,91.91228485107422
2011-08-18,116.5,119.70999908447266,113.38999938964844,114.51000213623048,512956300,87.94914245605469
2011-08-19,112.95999908447266,115.87999725341795,112.5,112.63999938964844,428281300,86.5129165649414
2011-08-22,115.16999816894533,115.2300033569336,112.41000366210938,112.7300033569336,275090600,86.5820541381836
2011-08-23,113.1500015258789,116.56999969482422,112.58000183105467,116.44000244140624,331136600,89.4314956665039
2011-08-24,116.19000244140624,118.23999786376952,115.91999816894533,118.08000183105467,246869700,90.69110107421876
2011-08-25,118.7300033569336,119.4000015258789,115.87000274658205,116.27999877929688,312365400,89.30860137939453
2011-08-26,115.69000244140624,118.51000213623048,113.8499984741211,117.97000122070312,314495900,90.60660552978516
2011-08-29,119.55999755859376,121.43000030517578,118.05999755859376,121.36000061035156,190977200,93.21026611328124
2011-08-30,120.83000183105467,122.43000030517578,119.26000213623048,121.68000030517578,241315700,93.45608520507812
2011-08-31,122.45999908447266,123.51000213623048,121.3000030517578,122.22000122070312,301828400,93.8708038330078
2011-09-01,122.29000091552734,123.4000015258789,120.77999877929688,120.94000244140624,254585900,92.8877410888672
2011-09-02,118.41999816894533,120.87000274658205,117.43000030517578,117.8499984741211,255517200,90.51445770263672
2011-09-06,114.38999938964844,117.16000366210938,114.37999725341795,116.98999786376952,285130500,89.85394287109375
2011-09-07,118.76000213623048,120.33999633789062,118.36000061035156,120.29000091552734,209803200,92.3884506225586
2011-09-08,119.56999969482422,120.94000244140624,118.7699966430664,119.04000091552734,250568200,91.42842864990234
2011-09-09,117.68000030517578,119.05999755859376,115.27999877929688,115.91999816894533,380195100,89.03211975097656
2011-09-12,114.47000122070312,116.76000213623048,114.0500030517578,116.66999816894533,305793500,89.60814666748047
2011-09-13,117.0500030517578,118.18000030517578,116.22000122070312,117.73999786376952,272514700,90.42992401123048
2011-09-14,118.33999633789062,120.8000030517578,116.72000122070312,119.37000274658205,319389500,91.681884765625
2011-09-15,120.6500015258789,121.47000122070312,119.4000015258789,121.43000030517578,326777200,93.26405334472656
2011-09-16,121.29000091552734,121.97000122070312,120.31999969482422,121.5199966430664,284528300,93.81604766845705
2011-09-19,119.52999877929688,120.93000030517578,118.72000122070312,120.30999755859376,241517000,92.88191223144533
2011-09-20,120.81999969482422,121.98999786376952,120.01000213623048,120.16999816894533,218932200,92.77383422851562
2011-09-21,120.2300033569336,120.5999984741211,116.44000244140624,116.62999725341795,316251300,90.04082489013672
2011-09-22,113.25,114.20999908447266,111.3000030517578,112.86000061035156,513911300,87.13035583496094
2011-09-23,112.11000061035156,114.16000366210938,112.0199966430664,113.54000091552734,307242500,87.65531158447266
2011-09-26,114.61000061035156,116.4000015258789,112.9800033569336,116.23999786376952,260673700,89.73978424072266
2011-09-27,118.52999877929688,119.55999755859376,116.83999633789062,117.54000091552734,311753900,90.7433624267578
2011-09-28,117.77999877929688,118.48999786376952,114.97000122070312,115.13999938964844,286696800,88.89054107666016
2011-09-29,117.0500030517578,117.62999725341795,113.93000030517578,116.0500030517578,298108900,89.59308624267578
2011-09-30,114.4499969482422,115.4499969482422,113.06999969482422,113.1500015258789,288392300,87.35420227050781
2011-10-03,112.48999786376952,113.9499969482422,109.80999755859376,109.93000030517578,365136800,84.86831665039062
2011-10-04,108.3499984741211,112.58000183105467,107.43000030517578,112.33999633789062,459177500,86.72884368896484
2011-10-05,112.62000274658205,114.72000122070312,111.58000183105467,114.41999816894533,284108000,88.3346939086914
2011-10-06,114.36000061035156,116.66000366210938,113.51000213623048,116.48999786376952,257800800,89.93277740478516
2011-10-07,117.16999816894533,117.25,115.05999755859376,115.70999908447266,312657900,89.33059692382812
2011-10-10,117.68000030517578,119.62999725341795,117.66999816894533,119.58000183105467,230666300,92.31832885742188
2011-10-11,118.87000274658205,120.04000091552734,118.75,119.6999969482422,209088000,92.41098022460938
2011-10-12,120.5999984741211,122.13999938964844,120.33000183105467,120.75,281544900,93.22158813476562
2011-10-13,120.04000091552734,120.87000274658205,119.12000274658205,120.51000213623048,212538800,93.03631591796876
2011-10-14,121.91000366210938,122.5999984741211,121.2300033569336,122.56999969482422,211397600,94.62667083740234
2011-10-17,121.98999786376952,122.5500030517578,119.93000030517578,120.2300033569336,202311600,92.8201675415039
2011-10-18,120.13999938964844,123.5,119.1999969482422,122.58000183105467,318857900,94.63439178466795
2011-10-19,122.37999725341795,123.08000183105467,120.70999908447266,121.12999725341795,226601300,93.51496887207033
2011-10-20,121.43000030517578,122.0999984741211,119.81999969482422,121.66000366210938,262075600,93.92412567138672
2011-10-21,123.08999633789062,124.12000274658205,122.72000122070312,123.97000122070312,278999400,95.70748138427734
2011-10-24,124.16999816894533,125.8000030517578,124.05999755859376,125.48999786376952,203215600,96.88096618652344
2011-10-25,124.88999938964844,124.9499969482422,122.77999877929688,123.0500030517578,268596800,94.99723815917967
2011-10-26,124.3499984741211,124.7699966430664,122.20999908447266,124.3000030517578,289053800,95.96224975585938
2011-10-27,127.62999725341795,129.4199981689453,126.61000061035156,128.6300048828125,393220200,99.3051300048828
2011-10-28,128.0,128.85000610351562,127.8000030517578,128.60000610351562,225906500,99.28196716308594
2011-10-31,127.16000366210938,128.6199951171875,125.31999969482422,125.5,228146700,96.888671875
2011-11-01,122.02999877929688,123.51000213623048,121.5199966430664,122.0,416565800,94.18663024902344
2011-11-02,123.83000183105467,124.4000015258789,122.79000091552734,123.98999786376952,244717600,95.72293853759766
2011-11-03,125.2699966430664,126.5,123.5999984741211,126.25,291174800,97.4677276611328
2011-11-04,125.2300033569336,125.6999969482422,124.01000213623048,125.4800033569336,249401600,96.87326049804688
2011-11-07,125.38999938964844,126.38999938964844,124.1999969482422,126.26000213623048,196617200,97.4754409790039
2011-11-08,126.91999816894533,128.02000427246094,125.70999908447266,127.87999725341795,224426300,98.7260971069336
2011-11-09,124.88999938964844,125.8000030517578,122.86000061035156,123.16000366210938,337982000,95.08216857910156
2011-11-10,124.79000091552734,124.94000244140624,123.0199966430664,124.31999969482422,231866500,95.97770690917967
2011-11-11,125.83000183105467,126.98999786376952,125.79000091552734,126.66000366210938,189924400,97.7842254638672
2011-11-14,126.19000244140624,127.4499969482422,124.91999816894533,125.45999908447266,159258300,96.85780334472656
2011-11-15,125.16999816894533,126.75,124.72000122070312,126.08000183105467,184709400,97.33650207519533
2011-11-16,124.80999755859376,126.33999633789062,123.9000015258789,124.08000183105467,235782500,95.79241943359376
2011-11-17,123.8499984741211,124.16000366210938,121.2300033569336,122.11000061035156,331219600,94.2715301513672
2011-11-18,122.5,122.75,121.47000122070312,121.9800033569336,215580400,94.17115783691406
2011-11-21,120.1999969482422,120.3499984741211,118.6500015258789,119.66000366210938,229611600,92.38009643554688
2011-11-22,119.4000015258789,120.0999984741211,118.5199966430664,119.19000244140624,216494900,92.01725006103516
2011-11-23,118.06999969482422,119.19000244140624,116.55999755859376,116.55999755859376,224329100,89.9867935180664
2011-11-25,116.37999725341795,117.6999969482422,116.1999969482422,116.33999633789062,99557000,89.81695556640625
2011-11-28,119.54000091552734,120.18000030517578,118.81999969482422,119.70999908447266,210686000,92.41870880126952
2011-11-29,120.0500030517578,121.0,119.61000061035156,120.0500030517578,199241500,92.68116760253906
2011-11-30,123.48999786376952,125.22000122070312,120.0,124.98999786376952,324439500,96.49496459960938
2011-12-01,124.8499984741211,125.63999938964844,124.43000030517578,124.97000122070312,176954800,96.4795150756836
2011-12-02,126.12000274658205,126.5,124.77999877929688,124.86000061035156,221109700,96.39461517333984
2011-12-05,126.83999633789062,127.18000030517578,125.44000244140624,126.22000122070312,225263900,97.44454956054688
2011-12-06,126.20999908447266,127.11000061035156,125.76000213623048,126.26000213623048,178842100,97.4754409790039
2011-12-07,125.83999633789062,127.26000213623048,124.97000122070312,126.7300033569336,237802500,97.83827209472656
2011-12-08,125.9000015258789,126.18000030517578,123.6500015258789,123.9499969482422,240862800,95.69206237792967
2011-12-09,124.51000213623048,126.37000274658205,124.4000015258789,126.0500030517578,209111400,97.31331634521484
2011-12-12,124.9499969482422,124.97000122070312,123.16000366210938,124.20999908447266,215826100,95.89279174804688
2011-12-13,124.86000061035156,125.56999969482422,122.4499969482422,123.0500030517578,245159800,94.99723815917967
2011-12-14,122.55999755859376,123.02999877929688,121.47000122070312,121.73999786376952,238618800,93.9858856201172
2011-12-15,123.02999877929688,123.1999969482422,121.98999786376952,122.18000030517578,199109200,94.32559967041016
2011-12-16,122.2300033569336,122.9499969482422,121.3000030517578,121.58999633789062,220481400,94.46540832519533
2011-12-19,122.05999755859376,122.31999969482422,120.02999877929688,120.29000091552734,183903000,93.4554214477539
2011-12-20,122.18000030517578,124.13999938964844,120.37000274658205,123.93000030517578,225418100,96.28339385986328
2011-12-21,123.93000030517578,124.36000061035156,122.75,124.16999816894533,194230900,96.46983337402344
2011-12-22,124.62999725341795,125.4000015258789,124.2300033569336,125.2699966430664,119465400,97.3244857788086
2011-12-23,125.66999816894533,126.43000030517578,125.41000366210938,126.38999938964844,92187200,98.19463348388672
2011-12-27,126.16999816894533,126.81999969482422,126.05999755859376,126.48999786376952,86075700,98.2723388671875
2011-12-28,126.51000213623048,126.52999877929688,124.7300033569336,124.83000183105467,119107100,96.98262786865234
2011-12-29,125.23999786376952,126.25,124.86000061035156,126.12000274658205,123507200,97.98485565185548
2011-12-30,126.0199966430664,126.33000183105467,125.5,125.5,95599000,97.50315856933594
2012-01-03,127.76000213623048,128.3800048828125,127.43000030517578,127.5,193697900,99.05701446533205
2012-01-04,127.1999969482422,127.80999755859376,126.70999908447266,127.6999969482422,127186500,99.2124252319336
2012-01-05,127.01000213623048,128.22999572753906,126.43000030517578,128.0399932861328,173895000,99.47652435302734
2012-01-06,128.1999969482422,128.22000122070312,127.29000091552734,127.70999908447266,148050000,99.22016143798828
2012-01-09,128.0,128.17999267578125,127.41000366210938,128.02000427246094,99530200,99.46100616455078
2012-01-10,129.38999938964844,129.64999389648438,128.9499969482422,129.1300048828125,115282000,100.32337951660156
2012-01-11,128.72999572753906,129.3699951171875,128.52000427246094,129.1999969482422,111540700,100.37774658203124
2012-01-12,129.57000732421875,129.6999969482422,128.5399932861328,129.50999450683594,118983700,100.6186065673828
2012-01-13,128.63999938964844,129.0500030517578,127.72000122070312,128.83999633789062,179836200,100.09807586669922
2012-01-17,130.0800018310547,130.32000732421875,128.89999389648438,129.33999633789062,132209200,100.48654174804688
2012-01-18,129.30999755859375,130.83999633789062,129.0800018310547,130.77000427246094,163395200,101.59754180908205
2012-01-19,131.22000122070312,131.57000732421875,130.8000030517578,131.4600067138672,126328900,102.13360595703124
2012-01-20,131.24000549316406,131.9499969482422,130.9199981689453,131.9499969482422,138230200,102.51429748535156
2012-01-23,131.50999450683594,132.25,130.97999572753906,131.61000061035156,129295800,102.25015258789062
2012-01-24,130.8000030517578,131.5,130.60000610351562,131.4600067138672,103083300,102.13360595703124
2012-01-25,131.25999450683594,132.8699951171875,130.75,132.55999755859375,198613200,102.98819732666016
2012-01-26,133.14999389648438,133.39999389648438,131.36000061035156,131.8800048828125,184880500,102.4599609375
2012-01-27,131.24000549316406,132.0500030517578,131.14999389648438,131.82000732421875,135259100,102.41332244873048
2012-01-30,130.50999450683594,131.44000244140625,130.05999755859375,131.3699951171875,147311800,102.06365966796876
2012-01-31,132.02000427246094,132.17999267578125,130.67999267578125,131.32000732421875,157212000,102.02484893798828
2012-02-01,132.2899932861328,133.13999938964844,132.1300048828125,132.47000122070312,166234500,102.91828918457033
2012-02-02,132.72999572753906,133.02000427246094,132.2100067138672,132.67999267578125,113090400,103.0814437866211
2012-02-03,134.0,134.6199951171875,133.77000427246094,134.5399932861328,160598500,104.5265121459961
2012-02-06,133.97999572753906,134.50999450683594,133.8300018310547,134.4499969482422,107694500,104.45659637451172
2012-02-07,134.1699981689453,135.02000427246094,133.63999938964844,134.7899932861328,135528100,104.72071838378906
2012-02-08,134.86000061035156,135.22000122070312,134.30999755859375,135.19000244140625,139361400,105.03150939941406
2012-02-09,135.41000366210938,135.58999633789062,134.55999755859375,135.36000061035156,148602900,105.16358184814452
2012-02-10,134.16000366210938,134.47000122070312,133.83999633789062,134.36000061035156,167907500,104.38668823242188
2012-02-13,135.32000732421875,135.52000427246094,134.74000549316406,135.36000061035156,115841900,105.16358184814452
2012-02-14,135.0,135.27000427246094,134.25,135.19000244140625,165329500,105.03150939941406
2012-02-15,135.6300048828125,135.8300018310547,134.2899932861328,134.55999755859375,195195100,104.54203033447266
2012-02-16,134.57000732421875,136.1699981689453,134.3300018310547,136.0500030517578,186567800,105.69967651367188
2012-02-17,136.52000427246094,136.6300048828125,135.9600067138672,136.41000366210938,129869400,105.97933959960938
2012-02-21,136.72999572753906,137.0500030517578,136.0500030517578,136.47000122070312,134042300,106.0259780883789
2012-02-22,136.25999450683594,136.5500030517578,135.7899932861328,136.02999877929688,124455300,105.68412017822266
2012-02-23,135.9600067138672,136.72999572753906,135.5,136.6300048828125,137704300,106.15026092529295
2012-02-24,136.92999267578125,137.1999969482422,136.6300048828125,136.92999267578125,105539100,106.3833236694336
2012-02-27,136.02000427246094,137.52999877929688,135.8000030517578,137.16000366210938,145728900,106.5620574951172
2012-02-28,137.1999969482422,137.72000122070312,136.92999267578125,137.55999755859375,129355900,106.872802734375
2012-02-29,137.75999450683594,138.19000244140625,136.5399932861328,137.02000427246094,185934700,106.45329284667967
2012-03-01,137.30999755859375,137.99000549316406,136.92999267578125,137.72999572753906,145023500,107.0048828125
2012-03-02,137.63999938964844,137.82000732421875,137.0,137.30999755859375,120638300,106.67857360839844
2012-03-05,137.10000610351562,137.1999969482422,136.27999877929688,136.75,140765000,106.24347686767578
2012-03-06,135.35000610351562,135.42999267578125,134.36000061035156,134.75,202129900,104.6896514892578
2012-03-07,135.05999755859375,135.91000366210938,134.92999267578125,135.69000244140625,143692200,105.4199676513672
2012-03-08,136.52000427246094,137.32000732421875,136.24000549316406,137.0399932861328,116968900,106.46881103515624
2012-03-09,137.3000030517578,137.92999267578125,137.1300048828125,137.57000732421875,122836800,106.88059997558594
2012-03-12,137.5500030517578,137.75999450683594,137.08999633789062,137.5800018310547,104003500,106.88829803466795
2012-03-13,138.32000732421875,140.1300048828125,138.08999633789062,140.05999755859375,184090500,108.8150863647461
2012-03-14,140.10000610351562,140.4499969482422,139.47999572753906,139.91000366210938,145163600,108.69853973388672
2012-03-15,140.1199951171875,140.77999877929688,139.75999450683594,140.72000122070312,165118500,109.3278579711914
2012-03-16,140.36000061035156,140.47999572753906,140.0,140.3000030517578,152893500,109.47920989990234
2012-03-19,140.2100067138672,141.27999877929688,140.11000061035156,140.85000610351562,125291100,109.908447265625
2012-03-20,140.0500030517578,140.61000061035156,139.63999938964844,140.44000244140625,121729700,109.5885009765625
2012-03-21,140.52000427246094,140.64999389648438,139.9199981689453,140.2100067138672,122388400,109.40900421142578
2012-03-22,139.17999267578125,139.5500030517578,138.74000549316406,139.1999969482422,135216700,108.62092590332033
2012-03-23,139.32000732421875,139.80999755859375,138.5500030517578,139.64999389648438,120521000,108.97199249267578
2012-03-26,140.64999389648438,141.61000061035156,140.60000610351562,141.61000061035156,120164000,110.5014190673828
2012-03-27,141.74000549316406,141.8300018310547,141.0800018310547,141.1699981689453,119868500,110.15811920166016
2012-03-28,141.10000610351562,141.32000732421875,139.63999938964844,140.47000122070312,148562100,109.61194610595705
2012-03-29,139.63999938964844,140.49000549316406,139.08999633789062,140.22999572753906,164963700,109.42463684082033
2012-03-30,140.9199981689453,141.0500030517578,140.0500030517578,140.80999755859375,135486800,109.877197265625
2012-04-02,140.63999938964844,142.2100067138672,140.36000061035156,141.83999633789062,151741100,110.68096160888672
2012-04-03,141.63999938964844,141.8800048828125,140.42999267578125,141.25999450683594,155806700,110.22830963134766
2012-04-04,140.22000122070312,140.33999633789062,139.33999633789062,139.86000061035156,146896000,109.13591766357422
2012-04-05,139.3800048828125,140.1999969482422,139.25999450683594,139.7899932861328,137439400,109.08126831054688
2012-04-09,138.02999877929688,139.83999633789062,137.83999633789062,138.22000122070312,127555900,107.85617065429688
2012-04-10,137.9499969482422,138.33999633789062,135.75999450683594,135.89999389648438,235360300,106.04582977294922
2012-04-11,137.2899932861328,137.5399932861328,136.75,137.0,154133000,106.90420532226562
2012-04-12,137.1300048828125,138.89999389648438,137.02999877929688,138.7899932861328,154321500,108.30094909667967
2012-04-13,138.47000122070312,138.82000732421875,137.00999450683594,137.13999938964844,169246700,107.013427734375
2012-04-16,137.83999633789062,138.0399932861328,136.5800018310547,137.0500030517578,147825300,106.94319152832033
2012-04-17,137.83999633789062,139.36000061035156,137.6999969482422,139.0800018310547,147877600,108.52725982666016
2012-04-18,138.4600067138672,139.0800018310547,138.3800048828125,138.61000061035156,123884200,108.16051483154295
2012-04-19,138.6300048828125,139.14999389648438,137.07000732421875,137.72000122070312,198666700,107.46602630615234
2012-04-20,138.3300018310547,138.8300018310547,137.8699951171875,137.9499969482422,143199600,107.6455078125
2012-04-23,136.5399932861328,136.91000366210938,135.94000244140625,136.7899932861328,171844900,106.74031066894533
2012-04-24,136.91000366210938,137.66000366210938,136.8000030517578,137.30999755859375,137484200,107.14608764648438
2012-04-25,138.64999389648438,139.25,138.52999877929688,139.19000244140625,150252200,108.61309814453124
2012-04-26,138.88999938964844,140.32000732421875,138.80999755859375,140.16000366210938,136291600,109.37000274658205
2012-04-27,140.5800018310547,140.7899932861328,139.8000030517578,140.38999938964844,130725000,109.5494613647461
2012-04-30,140.11000061035156,140.2100067138672,139.49000549316406,139.8699951171875,115092200,109.14373016357422
2012-05-01,139.7899932861328,141.66000366210938,139.6300048828125,140.74000549316406,138832200,109.82259368896484
2012-05-02,139.9199981689453,140.4600067138672,139.4600067138672,140.32000732421875,121081000,109.494873046875
2012-05-03,140.33999633789062,140.4499969482422,138.99000549316406,139.25,143759700,108.6598892211914
2012-05-04,138.52000427246094,139.3000030517578,136.9199981689453,137.0,193927300,106.90420532226562
2012-05-07,136.50999450683594,137.55999755859375,136.4600067138672,137.10000610351562,127765900,106.98221588134766
2012-05-08,136.27999877929688,136.77000427246094,134.9199981689453,136.5500030517578,213377700,106.55303955078124
2012-05-09,135.10000610351562,136.61000061035156,134.49000549316406,135.74000549316406,220752500,105.9209976196289
2012-05-10,136.67999267578125,136.85000610351562,135.7100067138672,136.02000427246094,150600000,106.1394500732422
2012-05-11,135.1699981689453,136.8699951171875,135.11000061035156,135.61000061035156,153032400,105.81954956054688
2012-05-14,134.30999755859375,135.61000061035156,133.91000366210938,134.11000061035156,163910000,104.64903259277344
2012-05-15,134.02000427246094,134.80999755859375,133.1300048828125,133.33999633789062,207629300,104.04821014404295
2012-05-16,133.94000244140625,134.5500030517578,132.8000030517578,132.8300018310547,207265500,103.65022277832033
2012-05-17,132.86000061035156,133.02000427246094,130.7899932861328,130.86000061035156,247992900,102.11302185058594
2012-05-18,131.3699951171875,131.60000610351562,129.5500030517578,129.74000549316406,319615900,101.23908233642578
2012-05-21,130.16000366210938,132.02000427246094,129.9499969482422,131.97000122070312,177861100,102.97918701171876
2012-05-22,132.30999755859375,133.22999572753906,131.33999633789062,132.1999969482422,197531200,103.1586456298828
2012-05-23,131.25,132.4600067138672,129.99000549316406,132.27000427246094,204958400,103.21328735351562
2012-05-24,132.6300048828125,132.83999633789062,131.4199981689453,132.52999877929688,167357600,103.41616821289062
2012-05-25,132.47999572753906,132.85000610351562,131.77999877929688,132.10000610351562,135465600,103.08060455322266
2012-05-29,133.16000366210938,133.92999267578125,131.1699981689453,133.6999969482422,152883500,104.3291015625
2012-05-30,132.55999755859375,133.69000244140625,131.49000549316406,131.75999450683594,162370400,102.81529998779295
2012-05-31,131.7100067138672,132.4499969482422,130.33999633789062,131.47000122070312,196186000,102.58899688720705
2012-06-01,129.41000366210938,131.5,128.16000366210938,128.16000366210938,253240900,100.0061264038086
2012-06-04,128.38999938964844,128.74000549316406,127.13999938964844,128.10000610351562,202545800,99.95932006835938
2012-06-05,127.8499984741211,129.25999450683594,127.77999877929688,129.07000732421875,164149400,100.71623229980467
2012-06-06,129.97000122070312,132.02999877929688,129.92999267578125,131.97000122070312,184202800,102.97918701171876
2012-06-07,133.47000122070312,133.52999877929688,131.77999877929688,132.0500030517578,184772700,103.04161834716795
2012-06-08,131.7100067138672,133.1300048828125,131.2899932861328,133.10000610351562,143915400,103.86095428466795
2012-06-11,134.1699981689453,134.25,131.27999877929688,131.41000366210938,169756100,102.54216003417967
2012-06-12,131.7899932861328,133.00999450683594,131.16000366210938,132.9199981689453,181931800,103.72044372558594
2012-06-13,132.52999877929688,133.36000061035156,131.6199951171875,132.07000732421875,172223900,103.05719757080078
2012-06-14,132.33999633789062,134.0,131.97999572753906,133.47000122070312,230615500,104.14964294433594
2012-06-15,133.3800048828125,134.25999450683594,133.10000610351562,134.13999938964844,169444500,105.21480560302734
2012-06-18,133.5800018310547,134.72999572753906,133.27999877929688,134.39999389648438,131360900,105.4187240600586
2012-06-19,135.0800018310547,136.25,134.3699951171875,135.6999969482422,137382600,106.43843841552734
2012-06-20,135.7100067138672,136.10000610351562,134.27000427246094,135.47999572753906,206451800,106.265869140625
2012-06-21,135.63999938964844,135.77999877929688,132.3300018310547,132.44000244140625,205272200,103.88140869140624
2012-06-22,133.1300048828125,133.7100067138672,132.6199951171875,133.4600067138672,130029200,104.68142700195312
2012-06-25,132.0500030517578,132.10000610351562,130.85000610351562,131.32000732421875,146375700,103.00289154052734
2012-06-26,131.6999969482422,132.3800048828125,130.92999267578125,131.97999572753906,141634000,103.52057647705078
2012-06-27,132.4199981689453,133.42999267578125,131.97000122070312,133.1699981689453,108088000,104.45398712158205
2012-06-28,132.2899932861328,132.99000549316406,131.27999877929688,132.7899932861328,169242100,104.15589141845705
2012-06-29,135.1999969482422,136.27000427246094,134.85000610351562,136.10000610351562,212250900,106.75213623046876
2012-07-02,136.47999572753906,136.64999389648438,135.52000427246094,136.50999450683594,129524500,107.07376098632812
2012-07-03,136.47999572753906,137.50999450683594,136.33999633789062,137.41000366210938,80450000,107.7796859741211
2012-07-05,136.89999389648438,137.8000030517578,136.2899932861328,136.7899932861328,126177500,107.29339599609376
2012-07-06,135.47000122070312,135.77000427246094,134.85000610351562,135.49000549316406,151192100,106.27371978759766
2012-07-09,135.3800048828125,135.57000732421875,134.6999969482422,135.32000732421875,103780500,106.14041137695312
2012-07-10,136.00999450683594,136.22999572753906,133.67999267578125,134.13999938964844,167884800,105.21480560302734
2012-07-11,134.2100067138672,134.60000610351562,133.3800048828125,134.16000366210938,141733400,105.23050689697266
2012-07-12,133.3800048828125,134.22999572753906,132.60000610351562,133.50999450683594,143583200,104.72067260742188
2012-07-13,133.86000061035156,135.88999938964844,133.83999633789062,135.75,129642600,106.4776382446289
2012-07-16,135.44000244140625,135.8300018310547,134.89999389648438,135.42999267578125,97525200,106.22662353515624
2012-07-17,135.97000122070312,136.63999938964844,134.5500030517578,136.36000061035156,138860300,106.9561004638672
2012-07-18,136.0399932861328,137.63999938964844,135.9600067138672,137.3699951171875,113349700,107.74829864501952
2012-07-19,137.64999389648438,138.17999267578125,137.2100067138672,137.72999572753906,129847300,108.03069305419922
2012-07-20,136.9499969482422,137.16000366210938,136.32000732421875,136.47000122070312,142904500,107.04241943359376
2012-07-23,134.47000122070312,136.3800048828125,133.83999633789062,135.08999633789062,145210900,105.95997619628906
2012-07-24,135.19000244140625,135.25,133.02999877929688,133.92999267578125,173301200,105.05008697509766
2012-07-25,134.2100067138672,134.55999755859375,133.25,133.9600067138672,129122300,105.0736312866211
2012-07-26,135.88999938964844,136.4600067138672,135.25999450683594,136.1699981689453,156526500,106.80707550048828
2012-07-27,136.88999938964844,139.07000732421875,136.13999938964844,138.67999267578125,236768900,108.77584075927734
2012-07-30,138.52000427246094,139.33999633789062,138.27000427246094,138.67999267578125,106782000,108.77584075927734
2012-07-31,138.49000549316406,138.8699951171875,137.7100067138672,137.7100067138672,120575900,108.0149917602539
2012-08-01,138.6999969482422,138.72999572753906,137.39999389648438,137.58999633789062,138293800,107.92086791992188
2012-08-02,136.5500030517578,137.57000732421875,135.5800018310547,136.63999938964844,199556600,107.17575073242188
2012-08-03,138.55999755859375,139.63999938964844,136.67999267578125,139.35000610351562,157825000,109.30135345458984
2012-08-06,139.72000122070312,140.1699981689453,139.55999755859375,139.6199951171875,86326200,109.5131607055664
2012-08-07,140.17999267578125,140.9199981689453,140.02999877929688,140.32000732421875,109545100,110.06221771240234
2012-08-08,139.85000610351562,140.64999389648438,139.80999755859375,140.49000549316406,89754700,110.19554138183594
2012-08-09,140.2899932861328,140.88999938964844,140.14999389648438,140.61000061035156,90291700,110.28964233398438
2012-08-10,140.0399932861328,140.88999938964844,139.80999755859375,140.83999633789062,99792700,110.47008514404295
2012-08-13,140.60000610351562,140.83999633789062,140.0399932861328,140.77000427246094,79426900,110.4151382446289
2012-08-14,141.2899932861328,141.3800048828125,140.3699951171875,140.7899932861328,102379400,110.43084716796876
2012-08-15,140.63999938964844,141.19000244140625,140.5500030517578,140.9499969482422,71085900,110.55635833740234
2012-08-16,141.14999389648438,142.16000366210938,140.8000030517578,141.99000549316406,112014200,111.37208557128906
2012-08-17,142.22999572753906,142.3000030517578,141.86000061035156,142.17999267578125,90813700,111.52112579345705
2012-08-20,141.97999572753906,142.22000122070312,141.58999633789062,142.19000244140625,78255700,111.52898406982422
2012-08-21,142.5399932861328,143.08999633789062,141.4499969482422,141.75999450683594,105581100,111.191650390625
2012-08-22,141.39999389648438,142.0500030517578,141.07000732421875,141.82000732421875,133243500,111.23873138427734
2012-08-23,141.47000122070312,141.47999572753906,140.44000244140625,140.66000366210938,111466400,110.3288803100586
2012-08-24,140.30999755859375,141.8300018310547,140.22000122070312,141.50999450683594,99481200,110.99559783935548
2012-08-27,141.88999938964844,142.0800018310547,141.33999633789062,141.5399932861328,68785900,111.01911926269533
2012-08-28,141.17999267578125,141.83999633789062,140.97000122070312,141.39999389648438,75689600,110.90933227539062
2012-08-29,141.52000427246094,141.88999938964844,141.1199951171875,141.50999450683594,65421300,110.99559783935548
2012-08-30,140.89999389648438,140.94000244140625,140.19000244140625,140.49000549316406,96589900,110.19554138183594
2012-08-31,141.2899932861328,141.82000732421875,140.36000061035156,141.16000366210938,151970400,110.72106170654295
2012-09-04,141.0399932861328,141.4600067138672,140.1300048828125,141.02999877929688,120226200,110.6191177368164
2012-09-05,141.08999633789062,141.47000122070312,140.6300048828125,140.91000366210938,100660300,110.52497863769533
2012-09-06,141.75999450683594,143.77999877929688,141.75,143.77000427246094,158272500,112.76824951171876
2012-09-07,144.00999450683594,144.38999938964844,143.8800048828125,144.3300018310547,107272100,113.20750427246094
2012-09-10,144.19000244140625,144.44000244140625,143.4600067138672,143.50999450683594,86458500,112.56432342529295
2012-09-11,143.60000610351562,144.3699951171875,143.55999755859375,143.91000366210938,88760000,112.87806701660156
2012-09-12,144.38999938964844,144.5500030517578,143.89999389648438,144.38999938964844,87640900,113.25457000732422
2012-09-13,144.3699951171875,147.0399932861328,143.99000549316406,146.58999633789062,225470200,114.98013305664062
2012-09-14,146.8800048828125,148.11000061035156,146.75999450683594,147.24000549316406,169777000,115.49000549316406
2012-09-17,146.94000244140625,147.19000244140625,146.3699951171875,146.74000549316406,119427800,115.09778594970705
2012-09-18,146.49000549316406,146.80999755859375,146.25,146.6199951171875,98326600,115.00371551513672
2012-09-19,146.7899932861328,147.1699981689453,146.41000366210938,146.6999969482422,128318300,115.06639862060548
2012-09-20,146.02999877929688,146.7899932861328,145.6300048828125,146.7100067138672,154009800,115.07430267333984
2012-09-21,146.63999938964844,146.6699981689453,145.80999755859375,145.8699951171875,108737500,115.02619171142578
2012-09-24,145.14999389648438,145.97999572753906,145.0399932861328,145.64999389648438,95682000,114.85271453857422
2012-09-25,145.9600067138672,146.24000549316406,144.05999755859375,144.10000610351562,133165200,113.63044738769533
2012-09-26,144.07000732421875,144.11000061035156,142.9499969482422,143.2899932861328,146502200,112.99172973632812
2012-09-27,143.88999938964844,144.97000122070312,143.50999450683594,144.63999938964844,111830300,114.05628204345705
2012-09-28,144.08999633789062,144.55999755859375,143.4600067138672,143.97000122070312,150696100,113.52796173095705
2012-10-01,144.52000427246094,145.69000244140625,144.00999450683594,144.35000610351562,135911200,113.82764434814452
2012-10-02,144.9199981689453,145.14999389648438,143.8300018310547,144.5,113422200,113.94591522216795
2012-10-03,144.88999938964844,145.42999267578125,144.1300048828125,145.08999633789062,121283100,114.41111755371094
2012-10-04,145.63999938964844,146.33999633789062,145.44000244140625,146.1300048828125,124311600,115.23118591308594
2012-10-05,146.91000366210938,147.16000366210938,145.6999969482422,146.13999938964844,124842100,115.23909759521484
2012-10-08,145.60000610351562,146.1199951171875,145.30999755859375,145.63999938964844,78415400,114.84481811523438
2012-10-09,145.52999877929688,145.64999389648438,144.14999389648438,144.1999969482422,148872900,113.70928955078124
2012-10-10,144.17999267578125,144.32000732421875,143.08999633789062,143.27999877929688,124247500,112.98384857177734
2012-10-11,144.27999877929688,144.49000549316406,143.3300018310547,143.36000061035156,123601500,113.04694366455078
2012-10-12,143.4600067138672,143.9499969482422,142.5800018310547,142.88999938964844,124181900,112.67628479003906
2012-10-15,143.22999572753906,144.22999572753906,142.77000427246094,144.0800018310547,107689100,113.6147003173828
2012-10-16,144.75999450683594,145.63999938964844,144.66000366210938,145.5399932861328,108815500,114.76597595214844
2012-10-17,145.63999938964844,146.32000732421875,145.4199981689453,146.1999969482422,128834100,115.28643798828124
2012-10-18,145.82000732421875,146.52000427246094,145.3300018310547,145.82000732421875,148108500,114.98676300048828
2012-10-19,145.5500030517578,145.55999755859375,143.0500030517578,143.38999938964844,185645200,113.0706024169922
2012-10-22,143.14999389648438,143.6699981689453,142.27999877929688,143.41000366210938,125578600,113.08634948730467
2012-10-23,141.86000061035156,142.05999755859375,140.8300018310547,141.4199981689453,192056300,111.5171127319336
2012-10-24,141.92999267578125,142.10000610351562,140.8000030517578,141.02000427246094,120179400,111.2017059326172
2012-10-25,142.02000427246094,142.27999877929688,140.57000732421875,141.42999267578125,134457400,111.52497100830078
2012-10-26,141.3000030517578,141.83999633789062,140.38999938964844,141.35000610351562,146023500,111.4619369506836
2012-10-31,141.85000610351562,142.02999877929688,140.67999267578125,141.35000610351562,103438500,111.4619369506836
2012-11-01,141.64999389648438,143.00999450683594,141.52000427246094,142.8300018310547,100995600,112.62903594970705
2012-11-02,143.67999267578125,143.72000122070312,141.41000366210938,141.55999755859375,137702200,111.62751770019533
2012-11-05,141.35000610351562,142.1699981689453,140.92999267578125,141.85000610351562,98378500,111.856201171875
2012-11-06,142.27999877929688,143.52000427246094,142.1300048828125,142.9600067138672,107068100,112.73152160644533
2012-11-07,141.66000366210938,141.67999267578125,139.05999755859375,139.72000122070312,264304500,110.17655181884766
2012-11-08,139.6999969482422,140.41000366210938,137.92999267578125,138.0399932861328,181517300,108.8517837524414
2012-11-09,137.6199951171875,139.44000244140625,137.5500030517578,138.16000366210938,201055300,108.94645690917967
2012-11-12,138.58999633789062,138.80999755859375,137.9600067138672,138.27000427246094,97677500,109.03318786621094
2012-11-13,137.5399932861328,139.25,137.36000061035156,137.7899932861328,123018300,108.65467071533205
2012-11-14,138.2100067138672,138.42999267578125,135.6199951171875,135.92999267578125,191505000,107.18799591064452
2012-11-15,135.97999572753906,136.49000549316406,135.17999267578125,135.6999969482422,178128400,107.00659942626952
2012-11-16,135.89999389648438,136.63999938964844,134.6999969482422,136.3699951171875,239483900,107.534912109375
2012-11-19,137.89999389648438,139.14999389648438,136.41000366210938,139.1300048828125,151495800,109.71134948730467
2012-11-20,138.91000366210938,139.4199981689453,138.0800018310547,139.19000244140625,119807400,109.75865936279295
2012-11-21,139.30999755859375,139.57000732421875,139.02999877929688,139.4499969482422,81710800,109.96363067626952
2012-11-23,140.1300048828125,141.39999389648438,140.0399932861328,141.35000610351562,65409200,111.4619369506836
2012-11-26,140.64999389648438,141.36000061035156,140.19000244140625,141.0500030517578,100124400,111.22540283203124
2012-11-27,140.91000366210938,141.38999938964844,140.24000549316406,140.3300018310547,128646200,110.6575927734375
2012-11-28,139.75999450683594,141.5399932861328,139.0,141.4600067138672,177086500,111.5487060546875
2012-11-29,141.99000549316406,142.50999450683594,141.3699951171875,142.1199951171875,151085900,112.069091796875
2012-11-30,142.13999938964844,142.4199981689453,141.66000366210938,142.14999389648438,136568300,112.09276580810548
2012-12-03,142.8000030517578,142.9199981689453,141.33999633789062,141.4499969482422,124656300,111.54077911376952
2012-12-04,141.44000244140625,141.8699951171875,140.8699951171875,141.25,127512200,111.38304901123048
2012-12-05,141.3699951171875,142.16000366210938,140.3699951171875,141.5,147300500,111.58021545410156
2012-12-06,141.3699951171875,142.0399932861328,141.16000366210938,141.97999572753906,103220600,111.95872497558594
2012-12-07,142.52999877929688,142.69000244140625,141.6699981689453,142.41000366210938,108726400,112.29779052734376
2012-12-10,142.2100067138672,142.80999755859375,142.14999389648438,142.47000122070312,98840700,112.3451156616211
2012-12-11,143.05999755859375,144.11000061035156,142.99000549316406,143.44000244140625,152570400,113.11005401611328
2012-12-12,144.0,144.5500030517578,143.30999755859375,143.50999450683594,145880100,113.16519165039062
2012-12-13,143.4199981689453,143.8300018310547,142.27000427246094,142.6300048828125,135715000,112.47130584716795
2012-12-14,142.32000732421875,142.5800018310547,141.8800048828125,142.10000610351562,137701700,112.05337524414062
2012-12-17,142.47000122070312,143.85000610351562,142.42999267578125,143.77000427246094,143238200,113.37023162841795
2012-12-18,144.0,145.5,143.7899932861328,145.3699951171875,177762800,114.63189697265624
2012-12-19,145.52999877929688,145.5800018310547,144.24000549316406,144.2899932861328,150895400,113.7802505493164
2012-12-20,144.3800048828125,145.13999938964844,143.97999572753906,145.1199951171875,168487000,114.43475341796876
2012-12-21,142.1699981689453,144.08999633789062,141.94000244140625,142.7899932861328,245883800,113.39601135253906
2012-12-24,142.47999572753906,142.55999755859375,142.19000244140625,142.35000610351562,53874600,113.04666900634766
2012-12-26,142.63999938964844,142.7100067138672,141.35000610351562,141.75,106947700,112.57012176513672
2012-12-27,141.7899932861328,142.0800018310547,139.9199981689453,141.55999755859375,167920600,112.4192352294922
2012-12-28,140.63999938964844,141.4199981689453,139.8699951171875,140.02999877929688,148806700,111.20423126220705
2012-12-31,139.66000366210938,142.55999755859375,139.5399932861328,142.41000366210938,243935200,113.0942840576172
2013-01-02,145.11000061035156,146.14999389648438,144.72999572753906,146.05999755859375,192059000,115.99292755126952
2013-01-03,145.99000549316406,146.3699951171875,145.33999633789062,145.72999572753906,144761800,115.73078918457033
2013-01-04,145.97000122070312,146.61000061035156,145.6699981689453,146.3699951171875,116817700,116.2390594482422
2013-01-07,145.85000610351562,146.11000061035156,145.42999267578125,145.97000122070312,110002500,115.92138671875
2013-01-08,145.7100067138672,145.91000366210938,144.97999572753906,145.5500030517578,121265100,115.58787536621094
2013-01-09,145.8699951171875,146.32000732421875,145.63999938964844,145.9199981689453,90745600,115.88168334960938
2013-01-10,146.72999572753906,147.08999633789062,145.97000122070312,147.0800018310547,130735400,116.80292510986328
2013-01-11,147.0399932861328,147.14999389648438,146.61000061035156,147.07000732421875,113917300,116.7949676513672
2013-01-14,146.88999938964844,147.07000732421875,146.42999267578125,146.97000122070312,89567200,116.71556854248048
2013-01-15,146.2899932861328,147.2100067138672,146.1999969482422,147.07000732421875,93172600,116.7949676513672
2013-01-16,146.77000427246094,147.27999877929688,146.61000061035156,147.0500030517578,104849500,116.7790756225586
2013-01-17,147.6999969482422,148.4199981689453,147.14999389648438,148.0,133833500,117.5335464477539
2013-01-18,147.97000122070312,148.49000549316406,147.42999267578125,148.3300018310547,169906000,117.79554748535156
2013-01-22,148.3300018310547,149.1300048828125,147.97999572753906,149.1300048828125,111797300,118.43092346191406
2013-01-23,149.1300048828125,149.5,148.86000061035156,149.3699951171875,104596100,118.62155151367188
2013-01-24,149.14999389648438,150.13999938964844,149.00999450683594,149.41000366210938,146426400,118.65330505371094
2013-01-25,149.8800048828125,150.25,149.3699951171875,150.25,147211600,119.3203353881836
2013-01-28,150.2899932861328,150.3300018310547,149.50999450683594,150.07000732421875,113357700,119.17743682861328
2013-01-29,149.77000427246094,150.85000610351562,149.6699981689453,150.66000366210938,105694400,119.64591979980467
2013-01-30,150.63999938964844,150.94000244140625,149.92999267578125,150.07000732421875,137447700,119.17743682861328
2013-01-31,149.88999938964844,150.3800048828125,149.60000610351562,149.6999969482422,108975800,118.88362884521484
2013-02-01,150.64999389648438,151.4199981689453,150.38999938964844,151.24000549316406,131173000,120.10651397705078
2013-02-04,150.32000732421875,151.27000427246094,149.42999267578125,149.5399932861328,159073600,118.75650024414062
2013-02-05,150.35000610351562,151.47999572753906,150.2899932861328,151.0500030517578,113912400,119.95564270019533
2013-02-06,150.52000427246094,151.25999450683594,150.41000366210938,151.16000366210938,138762800,120.04302215576172
2013-02-07,151.2100067138672,151.35000610351562,149.86000061035156,150.9600067138672,162490000,119.8841781616211
2013-02-08,151.22000122070312,151.88999938964844,151.22000122070312,151.8000030517578,103133700,120.55127716064452
2013-02-11,151.74000549316406,151.89999389648438,151.38999938964844,151.77000427246094,73775000,120.52748107910156
2013-02-12,151.77999877929688,152.3000030517578,151.61000061035156,152.02000427246094,65392700,120.72599029541016
2013-02-13,152.3300018310547,152.61000061035156,151.72000122070312,152.14999389648438,82322600,120.82920837402344
2013-02-14,151.69000244140625,152.47000122070312,151.52000427246094,152.2899932861328,80834300,120.9404525756836
2013-02-15,152.42999267578125,152.58999633789062,151.5500030517578,152.11000061035156,215226500,120.79747009277344
2013-02-19,152.3699951171875,153.27999877929688,152.16000366210938,153.25,95105400,121.70282745361328
2013-02-20,153.13999938964844,153.19000244140625,151.25999450683594,151.33999633789062,160574800,120.1859893798828
2013-02-21,150.9600067138672,151.4199981689453,149.94000244140625,150.4199981689453,183257000,119.45535278320312
2013-02-22,151.14999389648438,151.88999938964844,150.49000549316406,151.88999938964844,106356600,120.62276458740234
2013-02-25,152.6300048828125,152.86000061035156,149.0,149.0,245824800,118.32772827148438
2013-02-26,149.72000122070312,150.1999969482422,148.72999572753906,150.02000427246094,186596200,119.1377410888672
2013-02-27,149.88999938964844,152.3300018310547,149.75999450683594,151.91000366210938,150781900,120.63865661621094
2013-02-28,151.89999389648438,152.8699951171875,151.41000366210938,151.61000061035156,126866000,120.40038299560548
2013-03-01,151.08999633789062,152.33999633789062,150.41000366210938,152.11000061035156,170634800,120.79747009277344
2013-03-04,151.75999450683594,152.9199981689453,151.52000427246094,152.9199981689453,99010200,121.44072723388672
2013-03-05,153.66000366210938,154.6999969482422,153.63999938964844,154.2899932861328,121431900,122.52869415283205
2013-03-06,154.83999633789062,154.9199981689453,154.16000366210938,154.5,94469900,122.69547271728516
2013-03-07,154.6999969482422,154.97999572753906,154.52000427246094,154.77999877929688,86101400,122.91783142089844
2013-03-08,155.4600067138672,155.64999389648438,154.66000366210938,155.44000244140625,123477800,123.4420166015625
2013-03-11,155.32000732421875,156.0399932861328,155.1300048828125,156.02999877929688,83746800,123.91053771972656
2013-03-12,155.9199981689453,156.10000610351562,155.2100067138672,155.67999267578125,105755800,123.63264465332033
2013-03-13,155.75999450683594,156.1199951171875,155.22999572753906,155.89999389648438,92550900,123.80728912353516
2013-03-14,156.30999755859375,156.8000030517578,155.91000366210938,156.72999572753906,126329900,124.46643829345705
2013-03-15,155.85000610351562,156.0399932861328,155.30999755859375,155.8300018310547,138601100,124.30207061767578
2013-03-18,154.33999633789062,155.63999938964844,154.1999969482422,154.97000122070312,126704300,123.61609649658205
2013-03-19,155.3000030517578,155.50999450683594,153.58999633789062,154.61000061035156,167567300,123.32892608642578
2013-03-20,155.52000427246094,155.9499969482422,155.25999450683594,155.69000244140625,113759300,124.19039916992188
2013-03-21,154.75999450683594,155.63999938964844,154.10000610351562,154.36000061035156,128605000,123.12948608398438
2013-03-22,154.85000610351562,155.60000610351562,154.72999572753906,155.60000610351562,111163600,124.11866760253906
2013-03-25,156.00999450683594,156.27000427246094,154.35000610351562,154.9499969482422,151322300,123.60011291503906
2013-03-26,155.58999633789062,156.22999572753906,155.4199981689453,156.19000244140625,86856600,124.58926391601562
2013-03-27,155.25999450683594,156.24000549316406,155.0,156.19000244140625,99950600,124.58926391601562
2013-03-28,156.08999633789062,156.85000610351562,155.75,156.6699981689453,102932800,124.97215270996094
2013-04-01,156.58999633789062,156.91000366210938,155.6699981689453,156.0500030517578,99194100,124.47763061523438
2013-04-02,156.61000061035156,157.2100067138672,156.3699951171875,156.82000732421875,101504300,125.0918426513672
2013-04-03,156.91000366210938,157.02999877929688,154.82000732421875,155.22999572753906,154167400,123.823486328125
2013-04-04,155.42999267578125,156.1699981689453,155.08999633789062,155.86000061035156,131885000,124.32611083984376
2013-04-05,153.9499969482422,155.35000610351562,153.77000427246094,155.16000366210938,159666000,123.7676773071289
2013-04-08,155.27000427246094,156.22000122070312,154.75,156.2100067138672,86571200,124.60523986816406
2013-04-09,156.5,157.32000732421875,155.97999572753906,156.75,101922200,125.0359878540039
2013-04-10,157.1699981689453,158.8699951171875,157.1300048828125,158.6699981689453,135711100,126.56754302978516
2013-04-11,158.6999969482422,159.7100067138672,158.5399932861328,159.19000244140625,110142500,126.98229217529295
2013-04-12,158.67999267578125,159.0399932861328,157.9199981689453,158.8000030517578,116359900,126.67121887207033
2013-04-15,158.0,158.1300048828125,155.10000610351562,155.1199951171875,217259000,123.7357940673828
2013-04-16,156.2899932861328,157.49000549316406,155.91000366210938,157.41000366210938,147507800,125.56240844726562
2013-04-17,156.2899932861328,156.32000732421875,154.27999877929688,155.11000061035156,226834800,123.7277374267578
2013-04-18,155.3699951171875,155.41000366210938,153.5500030517578,154.13999938964844,167583200,122.95401000976562
2013-04-19,154.5,155.5500030517578,154.1199951171875,155.47999572753906,149687600,124.02293395996094
2013-04-22,155.77999877929688,156.5399932861328,154.75,156.1699981689453,106553500,124.5732650756836
2013-04-23,156.9499969482422,157.92999267578125,156.1699981689453,157.77999877929688,166141300,125.85755157470705
2013-04-24,157.8300018310547,158.3000030517578,157.5399932861328,157.8800048828125,96781200,125.93738555908205
2013-04-25,158.33999633789062,159.27000427246094,158.10000610351562,158.52000427246094,131060600,126.4478759765625
2013-04-26,158.3300018310547,158.60000610351562,157.72999572753906,158.24000549316406,95918800,126.22454833984376
2013-04-29,158.6699981689453,159.64999389648438,158.4199981689453,159.3000030517578,88572800,127.07003021240234
2013-04-30,159.27000427246094,159.72000122070312,158.61000061035156,159.67999267578125,116010700,127.3731689453125
2013-05-01,159.3300018310547,159.41000366210938,158.10000610351562,158.27999877929688,138874200,126.25640869140624
2013-05-02,158.67999267578125,159.88999938964844,158.52999877929688,159.75,96407600,127.42898559570312
2013-05-03,161.13999938964844,161.8800048828125,159.77999877929688,161.3699951171875,144202300,128.72122192382812
2013-05-06,161.49000549316406,162.00999450683594,161.4199981689453,161.77999877929688,66882100,129.04837036132812
2013-05-07,162.1300048828125,162.64999389648438,161.6699981689453,162.60000610351562,90359200,129.70242309570312
2013-05-08,162.4199981689453,163.38999938964844,162.3300018310547,163.33999633789062,97419200,130.29266357421875
2013-05-09,163.27000427246094,163.6999969482422,162.47000122070312,162.8800048828125,106738600,129.92567443847656
2013-05-10,162.99000549316406,163.5500030517578,162.50999450683594,163.41000366210938,103203000,130.34848022460938
2013-05-13,163.1999969482422,163.80999755859375,162.82000732421875,163.5399932861328,81843200,130.45223999023438
2013-05-14,163.6699981689453,165.35000610351562,163.6699981689453,165.22999572753906,119000900,131.80026245117188
2013-05-15,164.9600067138672,166.4499969482422,164.91000366210938,166.1199951171875,120718500,132.5101776123047
2013-05-16,165.77999877929688,166.36000061035156,165.08999633789062,165.33999633789062,109913600,131.88795471191406
2013-05-17,165.9499969482422,167.0399932861328,165.72999572753906,166.94000244140625,129801000,133.164306640625
2013-05-20,166.77999877929688,167.5800018310547,166.61000061035156,166.92999267578125,85071200,133.15635681152344
2013-05-21,167.0800018310547,167.8000030517578,166.5,167.1699981689453,95804200,133.34774780273438
2013-05-22,167.33999633789062,169.07000732421875,165.1699981689453,165.92999267578125,244031800,132.35862731933594
2013-05-23,164.16000366210938,165.91000366210938,163.94000244140625,165.4499969482422,211064400,131.97573852539062
2013-05-24,164.47000122070312,165.3800048828125,163.97999572753906,165.30999755859375,151573900,131.86410522460938
2013-05-28,167.0399932861328,167.77999877929688,165.80999755859375,166.3000030517578,143679800,132.6537628173828
2013-05-29,165.4199981689453,165.8000030517578,164.33999633789062,165.22000122070312,160363400,131.79229736328125
2013-05-30,165.35000610351562,166.58999633789062,165.22000122070312,165.8300018310547,107793800,132.2788848876953
2013-05-31,165.3699951171875,166.30999755859375,163.1300048828125,163.4499969482422,176850100,130.38037109375
2013-06-03,163.8300018310547,164.4600067138672,162.66000366210938,164.35000610351562,168390700,131.09832763671875
2013-06-04,164.44000244140625,165.10000610351562,162.72999572753906,163.55999755859375,157631500,130.46815490722656
2013-06-05,163.08999633789062,163.4199981689453,161.1300048828125,161.27000427246094,211737800,128.64144897460938
2013-06-06,161.1999969482422,162.74000549316406,160.25,162.72999572753906,200225500,129.8061065673828
2013-06-07,163.85000610351562,164.9499969482422,163.13999938964844,164.8000030517578,188337800,131.45724487304688
2013-06-10,165.30999755859375,165.39999389648438,164.3699951171875,164.8000030517578,105667100,131.45724487304688
2013-06-11,163.3000030517578,164.5399932861328,162.74000549316406,163.10000610351562,159505400,130.10122680664062
2013-06-12,164.22000122070312,164.38999938964844,161.60000610351562,161.75,177361500,129.0243377685547
2013-06-13,161.66000366210938,164.5,161.3000030517578,164.2100067138672,163587800,130.9866485595703
2013-06-14,164.02999877929688,164.6699981689453,162.91000366210938,163.17999267578125,141197500,130.16502380371094
2013-06-17,164.2899932861328,165.22000122070312,163.22000122070312,164.44000244140625,136295600,131.17013549804688
2013-06-18,164.52999877929688,165.99000549316406,164.52000427246094,165.74000549316406,114695600,132.20709228515625
2013-06-19,165.60000610351562,165.88999938964844,163.3800048828125,163.4499969482422,206149500,130.38037109375
2013-06-20,161.86000061035156,163.47000122070312,158.97999572753906,159.39999389648438,321255900,127.14981079101562
2013-06-21,159.63999938964844,159.75999450683594,157.47000122070312,159.07000732421875,271956800,127.5579605102539
2013-06-24,157.41000366210938,158.42999267578125,155.72999572753906,157.05999755859375,222329000,125.94618225097656
2013-06-25,158.47999572753906,160.10000610351562,157.4199981689453,158.57000732421875,162262200,127.15707397460938
2013-06-26,159.8699951171875,160.5,159.25,160.13999938964844,134848000,128.4160614013672
2013-06-27,161.10000610351562,161.82000732421875,160.9499969482422,161.0800018310547,129483700,129.16983032226562
2013-06-28,160.6300048828125,161.39999389648438,159.86000061035156,160.4199981689453,160402900,128.64059448242188
2013-07-01,161.25999450683594,162.47999572753906,161.0800018310547,161.36000061035156,131954800,129.39437866210938
2013-07-02,161.1199951171875,162.3000030517578,160.5,161.2100067138672,154863700,129.2740478515625
2013-07-03,160.47999572753906,161.77000427246094,160.22000122070312,161.27999877929688,75216400,129.3302001953125
2013-07-05,162.47000122070312,163.0800018310547,161.3000030517578,163.02000427246094,122416900,130.72547912597656
2013-07-08,163.86000061035156,164.38999938964844,163.0800018310547,163.9499969482422,108092500,131.47125244140625
2013-07-09,164.97999572753906,165.3300018310547,164.27000427246094,165.1300048828125,119298000,132.41749572753906
2013-07-10,164.97000122070312,165.75,164.6300048828125,165.19000244140625,121410100,132.465576171875
2013-07-11,167.11000061035156,167.61000061035156,165.17999267578125,167.44000244140625,135592200,134.2698974609375
2013-07-12,167.38999938964844,167.92999267578125,167.1300048828125,167.50999450683594,104212700,134.32603454589844
2013-07-15,167.97000122070312,168.38999938964844,167.67999267578125,168.14999389648438,69450600,134.83920288085938
2013-07-16,168.25999450683594,168.36000061035156,167.07000732421875,167.52000427246094,88702100,134.33399963378906
2013-07-17,168.16000366210938,168.47999572753906,167.72999572753906,167.9499969482422,92873900,134.6788330078125
2013-07-18,168.30999755859375,169.27000427246094,168.1999969482422,168.8699951171875,103620100,135.41659545898438
2013-07-19,168.52000427246094,169.22999572753906,168.30999755859375,169.1699981689453,103831700,135.6571502685547
2013-07-22,169.41000366210938,169.74000549316406,169.00999450683594,169.5,79428600,135.92178344726562
2013-07-23,169.8000030517578,169.8300018310547,169.0500030517578,169.13999938964844,80829700,135.63311767578125
2013-07-24,169.7899932861328,169.86000061035156,168.17999267578125,168.52000427246094,112914000,135.1359405517578
2013-07-25,168.22000122070312,169.0800018310547,167.94000244140625,168.92999267578125,111088600,135.46469116210938
2013-07-26,168.22000122070312,169.16000366210938,167.52000427246094,169.11000061035156,107814600,135.6090545654297
2013-07-29,168.67999267578125,169.05999755859375,168.11000061035156,168.58999633789062,79695000,135.19200134277344
2013-07-30,169.10000610351562,169.27999877929688,168.19000244140625,168.58999633789062,85209600,135.19200134277344
2013-07-31,168.94000244140625,169.85000610351562,168.49000549316406,168.7100067138672,142388700,135.2882843017578
2013-08-01,169.99000549316406,170.80999755859375,169.89999389648438,170.66000366210938,110438400,136.8520050048828
2013-08-02,170.27999877929688,170.97000122070312,170.0500030517578,170.9499969482422,91116700,137.08453369140625
2013-08-05,170.57000732421875,170.9600067138672,170.35000610351562,170.6999969482422,54072700,136.88406372070312
2013-08-06,170.3699951171875,170.74000549316406,169.35000610351562,169.72999572753906,87495000,136.10617065429688
2013-08-07,169.19000244140625,169.42999267578125,168.5500030517578,169.17999267578125,84854700,135.66517639160156
2013-08-08,169.97999572753906,170.17999267578125,168.92999267578125,169.8000030517578,102181300,136.16232299804688
2013-08-09,169.5800018310547,170.10000610351562,168.72000122070312,169.30999755859375,91757700,135.7694091796875
2013-08-12,168.4600067138672,169.30999755859375,168.3800048828125,169.11000061035156,68593300,135.6090545654297
2013-08-13,169.41000366210938,169.89999389648438,168.41000366210938,169.61000061035156,80806000,136.010009765625
2013-08-14,169.52999877929688,169.8000030517578,168.6999969482422,168.74000549316406,79829200,135.31236267089844
2013-08-15,167.41000366210938,167.42999267578125,166.08999633789062,166.3800048828125,152931800,133.41990661621094
2013-08-16,166.05999755859375,166.6300048828125,165.5,165.8300018310547,130868200,132.9788360595703
2013-08-19,165.63999938964844,166.2100067138672,164.75999450683594,164.77000427246094,96437600,132.12881469726562
2013-08-20,165.0399932861328,166.1999969482422,164.86000061035156,165.5800018310547,89294400,132.77835083007812
2013-08-21,165.1199951171875,166.02999877929688,164.19000244140625,164.55999755859375,159530500,131.96043395996094
2013-08-22,164.89999389648438,166.3000030517578,164.88999938964844,166.05999755859375,101471400,133.16326904296875
2013-08-23,166.5500030517578,166.8300018310547,165.77000427246094,166.6199951171875,90888900,133.61228942871094
2013-08-26,166.7899932861328,167.3000030517578,165.88999938964844,166.0,89702100,133.11517333984375
2013-08-27,164.36000061035156,166.0,163.2100067138672,163.3300018310547,158619400,130.9740753173828
2013-08-28,163.25999450683594,164.49000549316406,163.0500030517578,163.91000366210938,108113000,131.43917846679688
2013-08-29,163.5500030517578,165.0399932861328,163.39999389648438,164.1699981689453,119200500,131.6476593017578
2013-08-30,164.50999450683594,164.52999877929688,163.1699981689453,163.64999389648438,134928900,131.23068237304688
2013-09-03,165.22999572753906,165.5800018310547,163.6999969482422,164.38999938964844,142375100,131.8240966796875
2013-09-04,164.42999267578125,166.02999877929688,164.1300048828125,165.75,97389400,132.91461181640625
2013-09-05,165.85000610351562,166.39999389648438,165.72999572753906,165.9600067138672,63090500,133.08309936523438
2013-09-06,166.50999450683594,166.97999572753906,164.47999572753906,166.0399932861328,159756500,133.1472625732422
2013-09-09,166.4499969482422,167.72999572753906,166.4499969482422,167.6300048828125,87559300,134.4222412109375
2013-09-10,168.63999938964844,168.89999389648438,168.25999450683594,168.8699951171875,105847200,135.41659545898438
2013-09-11,168.63999938964844,169.39999389648438,168.35000610351562,169.39999389648438,94545900,135.84165954589844
2013-09-12,169.33999633789062,169.55999755859375,168.72000122070312,168.9499969482422,83209000,135.48069763183594
2013-09-13,169.1300048828125,169.4600067138672,168.74000549316406,169.3300018310547,72727800,135.7854766845703
2013-09-16,171.16000366210938,171.24000549316406,170.0399932861328,170.30999755859375,106299200,136.57131958007812
2013-09-17,170.4600067138672,171.11000061035156,170.4600067138672,171.07000732421875,82523300,137.1807403564453
2013-09-18,171.00999450683594,173.52000427246094,170.5800018310547,173.0500030517578,203460600,138.7684783935547
2013-09-19,173.52000427246094,173.60000610351562,172.58999633789062,172.75999450683594,146616900,138.5359649658203
2013-09-20,172.3300018310547,172.3300018310547,170.5800018310547,170.72000122070312,132867100,137.56739807128906
2013-09-23,170.49000549316406,170.64999389648438,169.38999938964844,169.92999267578125,104616500,136.9307861328125
2013-09-24,169.89999389648438,170.52999877929688,169.2100067138672,169.52999877929688,106333100,136.60850524902344
2013-09-25,169.63999938964844,169.97999572753906,168.88999938964844,169.0399932861328,117306500,136.213623046875
2013-09-26,169.32000732421875,170.1699981689453,169.0500030517578,169.69000244140625,77146900,136.73741149902344
2013-09-27,168.83999633789062,169.13999938964844,168.47000122070312,168.91000366210938,99141800,136.10887145996094
2013-09-30,167.47999572753906,168.5399932861328,167.14999389648438,168.00999450683594,143937000,135.38363647460938
2013-10-01,168.13999938964844,169.5,167.97000122070312,169.33999633789062,127160000,136.45533752441406
2013-10-02,168.35000610351562,169.33999633789062,167.8300018310547,169.17999267578125,113350000,136.32643127441406
2013-10-03,168.7899932861328,168.94000244140625,166.83999633789062,167.6199951171875,176698000,135.06935119628906
2013-10-04,167.75,169.05999755859375,167.52999877929688,168.88999938964844,96878000,136.09274291992188
2013-10-07,167.4199981689453,168.4499969482422,167.25,167.42999267578125,96295000,134.91629028320312
2013-10-08,167.39999389648438,167.6199951171875,165.36000061035156,165.47999572753906,178015000,133.34495544433594
2013-10-09,165.8000030517578,166.1999969482422,164.52999877929688,165.60000610351562,168973000,133.44166564941406
2013-10-10,167.2899932861328,169.25999450683594,167.22999572753906,169.1699981689453,195955000,136.3184051513672
2013-10-11,168.91000366210938,170.32000732421875,168.77000427246094,170.25999450683594,105040000,137.19671630859375
2013-10-14,169.2100067138672,171.0800018310547,169.0800018310547,170.94000244140625,112106000,137.74464416503906
2013-10-15,170.50999450683594,171.14999389648438,169.47000122070312,169.6999969482422,155485000,136.74542236328125
2013-10-16,170.72000122070312,172.16000366210938,170.63999938964844,172.07000732421875,161676000,138.65524291992188
2013-10-17,171.3699951171875,173.32000732421875,171.33999633789062,173.22000122070312,129389000,139.58193969726562
2013-10-18,173.86000061035156,174.50999450683594,173.50999450683594,174.38999938964844,138316000,140.52471923828125
2013-10-21,174.4499969482422,174.75,174.00999450683594,174.39999389648438,104104000,140.53271484375
2013-10-22,174.91000366210938,175.92999267578125,174.42999267578125,175.41000366210938,126663000,141.34664916992188
2013-10-23,174.80999755859375,174.88999938964844,173.9600067138672,174.57000732421875,105484000,140.66969299316406
2013-10-24,174.9199981689453,175.3699951171875,174.50999450683594,175.14999389648438,70350000,141.13711547851562
2013-10-25,175.50999450683594,176.0,175.1699981689453,175.9499969482422,93625000,141.78173828125
2013-10-28,175.88999938964844,176.47000122070312,175.6999969482422,176.22999572753906,84979000,142.0073699951172
2013-10-29,176.6300048828125,177.24000549316406,176.3800048828125,177.1699981689453,87401000,142.7648162841797
2013-10-30,177.3800048828125,177.50999450683594,175.66000366210938,176.2899932861328,140002000,142.05572509765625
2013-10-31,176.14999389648438,176.88999938964844,175.52999877929688,175.7899932861328,133795000,141.65281677246094
2013-11-01,176.02000427246094,176.61000061035156,175.22000122070312,176.2100067138672,142805000,141.99130249023438
2013-11-04,176.69000244140625,176.89999389648438,175.97999572753906,176.8300018310547,85677000,142.49087524414062
2013-11-05,176.13999938964844,176.75,175.57000732421875,176.27000427246094,85825000,142.03958129882812
2013-11-06,177.02999877929688,177.5,176.5399932861328,177.1699981689453,87348000,142.7648162841797
2013-11-07,177.5,177.63999938964844,174.75999450683594,174.92999267578125,157000000,140.9598388671875
2013-11-08,174.8699951171875,177.30999755859375,174.85000610351562,177.2899932861328,136713000,142.861572265625
2013-11-11,177.1199951171875,177.52999877929688,176.91000366210938,177.32000732421875,62614000,142.88568115234375
2013-11-12,176.94000244140625,177.36000061035156,176.3699951171875,176.9600067138672,83990000,142.5956268310547
2013-11-13,176.08999633789062,178.42999267578125,176.08999633789062,178.3800048828125,103844000,143.73983764648438
2013-11-14,178.5399932861328,179.4199981689453,178.25,179.27000427246094,103435000,144.45706176757812
2013-11-15,179.55999755859375,180.1199951171875,179.3300018310547,180.0500030517578,102818000,145.08558654785156
2013-11-18,180.3500061035156,180.5,179.02000427246094,179.4199981689453,104796000,144.57791137695312
2013-11-19,179.3300018310547,179.8699951171875,178.72000122070312,179.02999877929688,93891000,144.26364135742188
2013-11-20,179.38999938964844,179.92999267578125,177.97999572753906,178.47000122070312,124909000,143.8124237060547
2013-11-21,178.97000122070312,180.0500030517578,178.86000061035156,179.91000366210938,92841000,144.97274780273438
2013-11-22,179.97999572753906,180.8300018310547,179.77000427246094,180.8099975585937,81296000,145.69801330566406
2013-11-25,181.1300048828125,181.1699981689453,180.3699951171875,180.6300048828125,79486000,145.55291748046875
2013-11-26,180.72000122070312,181.22000122070312,180.41000366210932,180.67999267578125,86994000,145.59317016601562
2013-11-27,180.8699951171875,181.2400054931641,180.6499938964844,181.1199951171875,58800000,145.9478302001953
2013-11-29,181.32000732421875,181.75,180.8000030517578,181.0,55870900,145.85105895996094
2013-12-02,181.08999633789065,181.42999267578125,180.25,180.52999877929688,99726000,145.47239685058594
2013-12-03,179.94000244140625,180.38999938964844,179.1699981689453,179.75,116563000,144.8438262939453
2013-12-04,179.10000610351562,180.47999572753903,178.35000610351562,179.72999572753906,123033000,144.82772827148438
2013-12-05,179.41000366210938,179.74000549316406,178.77000427246094,178.94000244140625,106934000,144.19113159179688
2013-12-06,180.6699981689453,181.1100006103516,180.1499938964844,180.94000244140625,127728000,145.80270385742188
2013-12-09,181.47000122070312,181.6699981689453,181.16000366210932,181.3999938964844,70124000,146.17344665527344
2013-12-10,180.97999572753903,181.3600006103516,180.63999938964844,180.75,80976000,145.6496124267578
2013-12-11,180.82000732421875,180.8500061035156,178.5,178.72000122070312,130591000,144.01390075683594
2013-12-12,178.63999938964844,178.86000061035156,177.75999450683594,178.1300048828125,115565000,143.53834533691406
2013-12-13,178.5,178.66000366210938,177.77000427246094,178.11000061035156,107808000,143.52230834960938
2013-12-16,178.9499969482422,179.80999755859375,178.89999389648438,179.22000122070312,96195000,144.41673278808594
2013-12-17,179.3800048828125,179.41000366210938,178.25,178.64999389648438,89886000,143.9573974609375
2013-12-18,178.9199981689453,181.72999572753903,177.32000732421875,181.6999969482422,234906000,146.41514587402344
2013-12-19,181.17999267578125,181.6999969482422,180.7100067138672,181.4900054931641,136531200,146.2458953857422
2013-12-20,180.69000244140625,181.9900054931641,180.57000732421875,181.5599975585937,197087000,147.0966033935547
2013-12-23,182.4499969482422,182.63999938964844,182.07000732421875,182.52999877929688,85598000,147.8824920654297
2013-12-24,182.5399932861328,183.009994506836,182.52999877929688,182.92999267578125,45368800,148.20663452148438
2013-12-26,183.33999633789065,183.9600067138672,183.32000732421875,183.8600006103516,63365000,148.96006774902344
2013-12-27,184.1000061035156,184.17999267578125,183.66000366210932,183.8500061035156,61814000,148.95191955566406
2013-12-30,183.8699951171875,184.0200042724609,183.5800018310547,183.82000732421875,56857000,148.92762756347656
2013-12-31,184.07000732421875,184.69000244140625,183.92999267578125,184.69000244140625,86119900,149.6324920654297
2014-01-02,183.97999572753903,184.07000732421875,182.47999572753903,182.9199981689453,119636900,148.19845581054688
2014-01-03,183.22999572753903,183.6000061035156,182.6300048828125,182.88999938964844,81390600,148.17417907714844
2014-01-06,183.4900054931641,183.5599975585937,182.0800018310547,182.3600006103516,108028200,147.74473571777344
2014-01-07,183.08999633789065,183.7899932861328,182.9499969482422,183.47999572753903,86144200,148.65220642089844
2014-01-08,183.4499969482422,183.8300018310547,182.88999938964844,183.5200042724609,96582300,148.68460083007812
2014-01-09,184.1100006103516,184.1300048828125,182.8000030517578,183.63999938964844,90683400,148.78176879882812
2014-01-10,183.9499969482422,184.22000122070312,183.009994506836,184.13999938964844,102026400,149.18692016601562
2014-01-13,183.6699981689453,184.17999267578125,181.33999633789065,181.69000244140625,149892000,147.2019500732422
2014-01-14,182.2899932861328,183.7700042724609,181.9499969482422,183.6699981689453,105016100,148.80613708496094
2014-01-15,184.1000061035156,184.94000244140625,183.7100067138672,184.66000366210932,98525800,149.6082000732422
2014-01-16,184.27999877929688,184.66000366210932,183.8300018310547,184.4199981689453,72290600,149.41371154785156
2014-01-17,184.1000061035156,184.4499969482422,183.32000732421875,183.63999938964844,107848700,148.78176879882812
2014-01-21,184.6999969482422,184.7700042724609,183.0500030517578,184.17999267578125,88621200,149.2192840576172
2014-01-22,184.4900054931641,184.57000732421875,183.91000366210932,184.3000030517578,61270900,149.31649780273438
2014-01-23,183.3699951171875,183.3999938964844,181.82000732421875,182.7899932861328,132496900,148.09323120117188
2014-01-24,181.6000061035156,181.66000366210932,178.8300018310547,178.88999938964844,208677100,144.93348693847656
2014-01-27,179.05999755859375,179.52000427246094,177.1199951171875,178.00999450683594,180843100,144.220458984375
2014-01-28,178.13999938964844,179.3000030517578,178.1199951171875,179.07000732421875,110463200,145.07925415039062
2014-01-29,177.5800018310547,178.5500030517578,176.8800048828125,177.35000610351562,216597300,143.68577575683594
2014-01-30,178.8300018310547,179.80999755859375,178.25999450683594,179.22999572753906,118938100,145.20887756347656
2014-01-31,177.00999450683594,179.2899932861328,176.9199981689453,178.17999267578125,194677900,144.35821533203125
2014-02-03,177.97000122070312,178.3699951171875,173.8300018310547,174.1699981689453,254837100,141.10940551757812
2014-02-04,174.9499969482422,175.83999633789062,174.11000061035156,175.38999938964844,165012400,142.09776306152344
2014-02-05,174.77999877929688,175.55999755859375,173.7100067138672,175.1699981689453,164230500,141.91954040527344
2014-02-06,175.5800018310547,177.47999572753906,175.22000122070312,177.47999572753906,132877600,143.79104614257812
2014-02-07,178.30999755859375,179.8699951171875,177.72999572753906,179.67999267578125,170787200,145.573486328125
2014-02-10,179.6999969482422,180.07000732421875,179.2100067138672,180.00999450683594,92218800,145.8408203125
2014-02-11,180.16000366210932,182.44000244140625,180.0399932861328,181.97999572753903,117814100,147.43690490722656
2014-02-12,182.25,182.8300018310547,181.7100067138672,182.07000732421875,94717700,147.5098876953125
2014-02-13,180.83999633789065,183.1999969482422,180.8300018310547,183.009994506836,100542200,148.2714080810547
2014-02-14,182.83999633789065,184.3600006103516,182.6699981689453,184.0200042724609,96498400,149.08969116210938
2014-02-18,184.17999267578125,184.4900054931641,183.6499938964844,184.2400054931641,80460900,149.26792907714844
2014-02-19,183.759994506836,184.9499969482422,182.8699951171875,183.0200042724609,126524300,148.27955627441406
2014-02-20,183.2700042724609,184.5200042724609,182.6000061035156,184.1000061035156,104998100,149.15451049804688
2014-02-21,184.4499969482422,184.88999938964844,183.8000030517578,183.88999938964844,118116400,148.984375
2014-02-24,184.27999877929688,186.1499938964844,184.1999969482422,184.91000366210932,114063900,149.8107452392578
2014-02-25,185.0599975585937,185.58999633789065,184.22999572753903,184.83999633789065,117085000,149.75401306152344
2014-02-26,185.1100006103516,185.6000061035156,184.3300018310547,184.8500061035156,98677200,149.76217651367188
2014-02-27,184.5800018310547,185.8699951171875,184.3699951171875,185.82000732421875,93880800,150.54803466796875
2014-02-28,185.7899932861328,187.1499938964844,185.0500030517578,186.2899932861328,150842000,150.9288330078125
2014-03-03,184.6499938964844,185.4499969482422,183.75,184.97999572753903,167748500,149.86744689941406
2014-03-04,186.7899932861328,187.97999572753903,186.75,187.5800018310547,167545900,151.97393798828125
2014-03-05,187.7400054931641,188.07000732421875,187.4499969482422,187.75,88376900,152.11166381835938
2014-03-06,188.2100067138672,188.6100006103516,187.77999877929688,188.17999267578125,82516500,152.45999145507812
2014-03-07,188.9600067138672,188.9600067138672,187.42999267578125,188.259994506836,114513500,152.52484130859375
2014-03-10,187.97000122070312,188.22999572753903,187.0800018310547,188.16000366210932,74939200,152.44383239746094
2014-03-11,188.44000244140625,188.7100067138672,186.8000030517578,187.22999572753903,99009100,151.6903839111328
2014-03-12,186.32000732421875,187.3500061035156,185.8999938964844,187.27999877929688,104824400,151.7308807373047
2014-03-13,187.83999633789065,187.9900054931641,184.66000366210932,185.17999267578125,155014300,150.0294647216797
2014-03-14,184.8500061035156,185.8000030517578,184.44000244140625,184.66000366210932,153919600,149.6082000732422
2014-03-17,185.58999633789065,186.7700042724609,185.509994506836,186.3300018310547,98359500,150.96119689941406
2014-03-18,186.7100067138672,187.91000366210932,186.509994506836,187.66000366210932,101804600,152.03875732421875
2014-03-19,187.67999267578125,187.94000244140625,185.47000122070312,186.66000366210932,176267300,151.22857666015625
2014-03-20,186.25,187.88999938964844,185.9199981689453,187.75,117241000,152.11166381835938
2014-03-21,187.7100067138672,189.0200042724609,186.02999877929688,186.1999969482422,163128000,151.5216827392578
2014-03-24,186.83999633789065,187.07000732421875,184.6199951171875,185.42999267578125,121411000,150.89503479003906
2014-03-25,186.3699951171875,186.94000244140625,185.2700042724609,186.3099975585937,103852000,151.61117553710938
2014-03-26,187.0399932861328,187.33999633789065,184.9199981689453,184.97000122070312,119843000,150.52081298828125
2014-03-27,184.75,185.33999633789065,183.8999938964844,184.5800018310547,142383000,150.203369140625
2014-03-28,185.1100006103516,186.4199981689453,185.0,185.4900054931641,101642000,150.94395446777344
2014-03-31,186.6699981689453,187.3000030517578,185.5200042724609,187.009994506836,99745000,152.18084716796875
2014-04-01,187.6199951171875,188.3600006103516,187.0,188.25,89193000,153.1898651123047
2014-04-02,188.4900054931641,189.1300048828125,188.13999938964844,188.8800048828125,78774000,153.7025604248047
2014-04-03,189.1699981689453,189.22000122070312,188.0500030517578,188.6300048828125,77435000,153.4990997314453
2014-04-04,189.66000366210932,189.6999969482422,186.1000061035156,186.3999938964844,169381000,151.68443298339844
2014-04-07,185.9499969482422,186.259994506836,183.9600067138672,184.33999633789065,140803000,150.00808715820312
2014-04-08,184.259994506836,185.3999938964844,183.58999633789065,185.1000061035156,112660000,150.6265869140625
2014-04-09,185.6000061035156,187.1499938964844,185.0599975585937,187.08999633789065,100254000,152.24598693847656
2014-04-10,187.0800018310547,187.1699981689453,182.92999267578125,183.16000366210932,172959000,149.04783630371094
2014-04-11,182.13999938964844,183.4199981689453,181.3099975585937,181.509994506836,167251000,147.7051239013672
2014-04-14,182.92999267578125,183.3699951171875,181.44000244140625,182.94000244140625,132382000,148.86875915527344
2014-04-15,183.32000732421875,184.3300018310547,181.509994506836,184.1999969482422,157093000,149.89418029785156
2014-04-16,185.47000122070312,186.13999938964844,184.6499938964844,186.1300048828125,105197000,151.46473693847656
2014-04-17,185.8800048828125,186.91000366210932,185.5599975585937,186.38999938964844,105255000,151.6763153076172
2014-04-21,186.44000244140625,187.1000061035156,186.2100067138672,187.0399932861328,68329000,152.2052459716797
2014-04-22,187.22999572753903,188.3999938964844,187.1300048828125,187.88999938964844,85790000,152.89695739746094
2014-04-23,187.82000732421875,187.9199981689453,187.3000030517578,187.4499969482422,73869000,152.5388641357422
2014-04-24,188.3699951171875,188.38999938964844,186.92999267578125,187.8300018310547,88170000,152.84812927246094
2014-04-25,187.22000122070312,187.3300018310547,185.8699951171875,186.2899932861328,100380000,151.59494018554688
2014-04-28,187.0500030517578,187.69000244140625,184.9600067138672,186.8800048828125,135121000,152.07504272460938
2014-04-29,187.47999572753903,188.0399932861328,187.0800018310547,187.75,84098000,152.7830047607422
2014-04-30,187.44000244140625,188.5,187.17999267578125,188.3099975585937,101508000,153.23866271972656
2014-05-01,188.22000122070312,188.83999633789065,187.72999572753903,188.3300018310547,93019000,153.25498962402344
2014-05-02,188.3099975585937,189.13999938964844,187.77999877929688,188.0599975585937,98122000,153.03526306152344
2014-05-05,187.13999938964844,188.5500030517578,186.6199951171875,188.4199981689453,75883000,153.32821655273438
2014-05-06,188.0,188.1300048828125,186.7400054931641,186.77999877929688,85454000,151.99366760253906
2014-05-07,187.41000366210932,187.97000122070312,186.009994506836,187.8800048828125,106500000,152.8887939453125
2014-05-08,187.7100067138672,189.0500030517578,187.0800018310547,187.67999267578125,93618000,152.72605895996094
2014-05-09,187.7100067138672,188.0399932861328,186.8300018310547,187.9600067138672,83679000,152.9539337158203
2014-05-12,188.8000030517578,189.8800048828125,188.0,189.7899932861328,86940000,154.4430694580078
2014-05-13,190.0399932861328,190.4199981689453,189.7700042724609,189.9600067138672,66454000,154.58140563964844
2014-05-14,189.7899932861328,189.8800048828125,188.7899932861328,189.0599975585937,72367000,153.84901428222656
2014-05-15,188.67999267578125,188.72000122070312,186.47999572753903,187.3999938964844,154956000,152.49819946289062
2014-05-16,187.509994506836,188.1300048828125,186.72000122070312,188.0500030517578,97458000,153.0271453857422
2014-05-19,187.69000244140625,188.88999938964844,187.5200042724609,188.7400054931641,63839000,153.58863830566406
2014-05-20,188.6499938964844,188.6699981689453,187.07000732421875,187.5500030517578,111644000,152.62025451660156
2014-05-21,188.08999633789065,189.22000122070312,188.0599975585937,189.1300048828125,89093000,153.9059600830078
2014-05-22,189.17999267578125,189.97999572753903,188.8600006103516,189.58999633789065,61549000,154.28033447265625
2014-05-23,189.759994506836,190.47999572753903,189.58999633789065,190.3500061035156,61092800,154.8988494873047
2014-05-27,191.0599975585937,191.5800018310547,190.9499969482422,191.5200042724609,72010000,155.85089111328125
2014-05-28,191.5200042724609,191.82000732421875,191.0599975585937,191.3800048828125,66723000,155.7369384765625
2014-05-29,191.82000732421875,192.3999938964844,191.3300018310547,192.3699951171875,64377000,156.54251098632812
2014-05-30,192.19000244140625,192.8000030517578,192.02999877929688,192.67999267578125,76316000,156.79483032226562
2014-06-02,192.9499969482422,192.9900054931641,191.97000122070312,192.8999938964844,64656000,156.973876953125
2014-06-03,192.42999267578125,192.8999938964844,192.25,192.8000030517578,65047000,156.8924560546875
2014-06-04,192.47000122070312,193.3000030517578,192.2700042724609,193.19000244140625,55529000,157.20985412597656
2014-06-05,193.41000366210932,194.6499938964844,192.6999969482422,194.4499969482422,92103000,158.23513793945312
2014-06-06,194.8699951171875,195.42999267578125,194.77999877929688,195.3800048828125,78696000,158.9919891357422
2014-06-09,195.3500061035156,196.0500030517578,195.1699981689453,195.5800018310547,65119000,159.1546630859375
2014-06-10,195.33999633789065,195.63999938964844,194.9199981689453,195.6000061035156,57129000,159.17098999023438
2014-06-11,194.8999938964844,195.1199951171875,194.47999572753903,194.9199981689453,68772000,158.61769104003906
2014-06-12,194.69000244140625,194.8000030517578,193.1100006103516,193.5399932861328,106350000,157.49465942382812
2014-06-13,193.9199981689453,194.32000732421875,193.3000030517578,194.1300048828125,82017000,157.97474670410156
2014-06-16,193.88999938964844,194.6999969482422,193.66000366210932,194.2899932861328,87424000,158.10496520996094
2014-06-17,194.0200042724609,194.97000122070312,193.8099975585937,194.8300018310547,84834000,158.54441833496094
2014-06-18,194.8300018310547,196.3699951171875,194.3999938964844,196.259994506836,105267000,159.70806884765625
2014-06-19,196.42999267578125,196.6000061035156,195.8000030517578,196.47999572753903,85929000,159.88705444335938
2014-06-20,196.02999877929688,196.1000061035156,195.6999969482422,195.94000244140625,100587000,160.21173095703125
2014-06-23,195.9900054931641,196.0500030517578,195.5200042724609,195.8800048828125,70611000,160.1626434326172
2014-06-24,195.52999877929688,196.5,194.47999572753903,194.6999969482422,96237000,159.19784545898438
2014-06-25,194.2899932861328,195.77999877929688,194.25,195.5800018310547,82782000,159.91732788085938
2014-06-26,195.6100006103516,195.6300048828125,194.1300048828125,195.44000244140625,84312000,159.80288696289062
2014-06-27,194.97999572753903,195.8800048828125,194.88999938964844,195.82000732421875,71445100,160.1136016845703
2014-06-30,195.6999969482422,196.1699981689453,195.52999877929688,195.72000122070312,70201200,160.0318145751953
2014-07-01,196.1999969482422,197.6300048828125,196.1300048828125,197.02999877929688,90470000,161.10293579101562
2014-07-02,197.0500030517578,197.47999572753903,196.9600067138672,197.22999572753903,52475000,161.2664794921875
2014-07-03,197.7899932861328,198.2899932861328,197.63999938964844,198.1999969482422,52938800,162.0596160888672
2014-07-07,197.82000732421875,197.97999572753903,197.22000122070312,197.509994506836,61696000,161.49542236328125
2014-07-08,197.1499938964844,197.22000122070312,195.759994506836,196.2400054931641,108143000,160.4569854736328
2014-07-09,196.72999572753903,197.3000030517578,196.3099975585937,197.1199951171875,72992000,161.17654418945312
2014-07-10,195.22000122070312,196.8600006103516,195.0599975585937,196.33999633789065,99040000,160.5387725830078
2014-07-11,196.22000122070312,196.75,195.77999877929688,196.6100006103516,64243000,160.7595672607422
2014-07-14,197.6100006103516,197.8600006103516,197.44000244140625,197.6000061035156,58658000,161.56906127929688
2014-07-15,197.72000122070312,198.1000061035156,196.3600006103516,197.22999572753903,111307000,161.2664794921875
2014-07-16,198.1100006103516,198.259994506836,197.4199981689453,197.9600067138672,79986400,161.86338806152344
2014-07-17,197.3500061035156,198.1000061035156,195.42999267578125,195.7100067138672,145398000,160.0236358642578
2014-07-18,196.3500061035156,197.91000366210932,196.2400054931641,197.7100067138672,124330000,161.65899658203125
2014-07-21,197.08999633789065,197.5,196.42999267578125,197.33999633789065,67592000,161.35638427734375
2014-07-22,198.009994506836,198.5599975585937,197.8699951171875,198.1999969482422,67678000,162.0596160888672
2014-07-23,198.5,198.8500061035156,198.1000061035156,198.63999938964844,65612000,162.4193878173828
2014-07-24,198.8300018310547,199.0599975585937,198.4499969482422,198.6499938964844,56888000,162.4275360107422
2014-07-25,198.08999633789065,198.259994506836,197.3300018310547,197.72000122070312,76837000,161.6670684814453
2014-07-28,197.759994506836,198.08999633789065,196.6199951171875,197.8000030517578,69259000,161.7325439453125
2014-07-29,198.1699981689453,198.4499969482422,196.9199981689453,196.9499969482422,80466000,161.03756713867188
2014-07-30,197.6499938964844,197.91000366210932,196.16000366210932,196.97999572753903,104222000,161.06204223632812
2014-07-31,195.6100006103516,195.77999877929688,192.97000122070312,193.08999633789065,183479000,157.88140869140625
2014-08-01,192.5599975585937,193.759994506836,191.57000732421875,192.5,189261000,157.39898681640625
2014-08-04,192.8699951171875,194.3000030517578,192.0500030517578,193.88999938964844,91340000,158.53553771972656
2014-08-05,193.1000061035156,193.6000061035156,191.3099975585937,192.009994506836,152690000,156.99830627441406
2014-08-06,191.1100006103516,192.88999938964844,191.0800018310547,192.07000732421875,94818000,157.0473175048828
2014-08-07,192.94000244140625,193.1300048828125,190.5500030517578,191.02999877929688,135733000,156.19705200195312
2014-08-08,191.4600067138672,193.3699951171875,190.9499969482422,193.2400054931641,117014000,158.00401306152344
2014-08-11,193.97000122070312,194.66000366210932,193.7100067138672,193.8000030517578,74544000,158.46189880371094
2014-08-12,193.6100006103516,194.1499938964844,192.94000244140625,193.52999877929688,73632000,158.24114990234375
2014-08-13,194.2899932861328,195.0599975585937,193.9600067138672,194.83999633789065,69047000,159.31224060058594
2014-08-14,195.16000366210932,195.759994506836,194.97999572753903,195.759994506836,57371000,160.06451416015625
2014-08-15,196.47000122070312,196.6499938964844,194.3099975585937,195.72000122070312,139951000,160.0318145751953
2014-08-18,196.8000030517578,197.4499969482422,196.69000244140625,197.3600006103516,75424000,161.37277221679688
2014-08-19,197.83999633789065,198.5399932861328,197.44000244140625,198.38999938964844,59135000,162.21499633789062
2014-08-20,198.1199951171875,199.16000366210932,198.0800018310547,198.9199981689453,72763000,162.64833068847656
2014-08-21,199.08999633789065,199.759994506836,198.92999267578125,199.5,67791000,163.12257385253906
2014-08-22,199.33999633789065,199.69000244140625,198.7400054931641,199.19000244140625,76107000,162.86911010742188
2014-08-25,200.13999938964844,200.58999633789065,199.1499938964844,200.1999969482422,63855000,163.69493103027344
2014-08-26,200.3300018310547,200.82000732421875,200.27999877929688,200.3300018310547,47298000,163.80123901367188
2014-08-27,200.42999267578125,200.57000732421875,199.94000244140625,200.25,47874000,163.7357940673828
2014-08-28,199.58999633789065,200.2700042724609,199.38999938964844,200.13999938964844,58330000,163.64585876464844
2014-08-29,200.4499969482422,200.72999572753903,199.82000732421875,200.7100067138672,65907000,164.11190795898438
2014-09-02,200.97000122070312,201.0,199.8600006103516,200.6100006103516,72426000,164.03013610839844
2014-09-03,201.3800048828125,201.41000366210932,200.22000122070312,200.5,57462000,163.94021606445312
2014-09-04,200.83999633789065,201.5800018310547,199.66000366210932,200.2100067138672,85236000,163.70306396484375
2014-09-05,200.1699981689453,201.19000244140625,199.41000366210932,201.1100006103516,102177000,164.43899536132812
2014-09-08,200.9199981689453,201.2100067138672,200.0,200.58999633789065,64146000,164.01380920410156
2014-09-09,200.41000366210932,200.5500030517578,198.91000366210932,199.32000732421875,88591000,162.97537231445312
2014-09-10,199.42999267578125,200.1999969482422,198.7700042724609,200.07000732421875,67251000,163.58871459960938
2014-09-11,199.2700042724609,200.3300018310547,199.1199951171875,200.3000030517578,66774400,163.77670288085938
2014-09-12,200.1000061035156,200.1199951171875,198.5599975585937,199.1300048828125,117409300,162.82005310058594
2014-09-15,199.16000366210932,199.32000732421875,198.3800048828125,198.97999572753903,76401000,162.69740295410156
2014-09-16,198.6100006103516,200.83999633789065,198.5,200.47999572753903,116201000,163.923828125
2014-09-17,200.7700042724609,201.67999267578125,199.75,200.75,151266000,164.14466857910156
2014-09-18,201.3600006103516,201.8500061035156,201.1000061035156,201.82000732421875,94990000,165.01951599121094
2014-09-19,201.5200042724609,201.8999938964844,200.2899932861328,200.6999969482422,121649000,164.87091064453125
2014-09-22,200.3500061035156,200.3800048828125,198.72999572753903,199.1499938964844,125553000,163.59759521484375
2014-09-23,198.42999267578125,199.259994506836,197.9499969482422,198.009994506836,111393000,162.6610107421875
2014-09-24,198.0399932861328,199.69000244140625,197.5200042724609,199.5599975585937,107276000,163.93435668945312
2014-09-25,199.0399932861328,199.0500030517578,196.2700042724609,196.33999633789065,150300000,161.2891845703125
2014-09-26,196.6999969482422,198.38999938964844,196.4199981689453,197.8999938964844,103547000,162.57069396972656
2014-09-29,196.1999969482422,197.88999938964844,196.0500030517578,197.5399932861328,95112000,162.27500915527344
2014-09-30,197.69000244140625,198.3000030517578,196.6100006103516,197.0200042724609,131302000,161.8477783203125
2014-10-01,196.6999969482422,196.7700042724609,193.91000366210932,194.3500061035156,177798000,159.65440368652344
2014-10-02,194.17999267578125,195.0599975585937,192.3500061035156,194.3800048828125,157285000,159.67909240722656
2014-10-03,195.67999267578125,196.94000244140625,195.0800018310547,196.5200042724609,121569000,161.43710327148438
2014-10-06,197.33999633789065,197.6000061035156,195.5800018310547,196.2899932861328,104778000,161.2481689453125
2014-10-07,195.27999877929688,195.72000122070312,193.22000122070312,193.259994506836,147913000,158.75901794433594
2014-10-08,193.3699951171875,196.9199981689453,192.3600006103516,196.63999938964844,186461000,161.53564453125
2014-10-09,196.3300018310547,196.6000061035156,192.5800018310547,192.7400054931641,210705000,158.3318328857422
2014-10-10,192.69000244140625,193.6499938964844,190.4900054931641,190.5399932861328,221909000,156.52455139160156
2014-10-13,190.4600067138672,191.1499938964844,187.3000030517578,187.41000366210932,230939000,153.95343017578125
2014-10-14,188.4199981689453,189.82000732421875,187.0399932861328,187.6999969482422,215847000,154.19158935546875
2014-10-15,185.16000366210932,187.69000244140625,181.9199981689453,186.42999267578125,380715000,153.1483154296875
2014-10-16,183.0599975585937,187.5800018310547,182.88999938964844,186.2700042724609,270391000,153.01686096191406
2014-10-17,188.4199981689453,189.75,187.6199951171875,188.47000122070312,214625000,154.82415771484375
2014-10-20,188.1300048828125,190.4499969482422,188.07000732421875,190.3000030517578,130011000,156.32748413085938
2014-10-21,191.67999267578125,194.1999969482422,191.47999572753903,194.07000732421875,154949000,159.42445373535156
2014-10-22,194.41000366210932,194.91000366210932,192.6100006103516,192.69000244140625,151822000,158.29080200195312
2014-10-23,194.6199951171875,196.1999969482422,194.259994506836,194.92999267578125,154944000,160.1309051513672
2014-10-24,195.25,196.4900054931641,194.4900054931641,196.42999267578125,117927000,161.36314392089844
2014-10-27,195.72999572753903,196.4499969482422,195.02999877929688,196.16000366210932,82954000,161.141357421875
2014-10-28,196.82000732421875,198.4199981689453,196.72999572753903,198.41000366210932,106736000,162.98965454101562
2014-10-29,198.5500030517578,199.1199951171875,196.8000030517578,198.1100006103516,142557000,162.74322509765625
2014-10-30,197.5800018310547,199.9499969482422,197.3999938964844,199.3800048828125,113330000,163.78652954101562
2014-10-31,201.77999877929688,201.82000732421875,200.7700042724609,201.66000366210932,146903000,165.6594696044922
2014-11-03,201.9199981689453,202.4499969482422,201.3099975585937,201.7700042724609,93600000,165.7498016357422
2014-11-04,201.22999572753903,201.6000061035156,200.0599975585937,201.07000732421875,93343000,165.1747283935547
2014-11-05,202.5399932861328,202.58999633789065,201.4499969482422,202.33999633789065,91709000,166.21804809570312
2014-11-06,202.38999938964844,203.259994506836,201.63999938964844,203.1499938964844,107089000,166.88345336914062
2014-11-07,203.1699981689453,203.6000061035156,202.6100006103516,203.33999633789065,89540000,167.03955078125
2014-11-10,203.3800048828125,204.0399932861328,203.1300048828125,203.97999572753903,66319000,167.56524658203125
2014-11-11,204.0599975585937,204.3099975585937,203.6499938964844,204.17999267578125,54499400,167.72959899902344
2014-11-12,203.3500061035156,204.2400054931641,203.3099975585937,203.9600067138672,90120300,167.54884338378906
2014-11-13,204.16000366210932,204.8300018310547,203.2100067138672,204.19000244140625,85357900,167.73780822753906
2014-11-14,204.1000061035156,204.4900054931641,203.72000122070312,204.2400054931641,80417500,167.7788848876953
2014-11-17,203.8500061035156,204.5800018310547,203.6499938964844,204.3699951171875,80441000,167.88568115234375
2014-11-18,204.44000244140625,205.9199981689453,204.44000244140625,205.5500030517578,76068100,168.85501098632812
2014-11-19,205.3099975585937,205.5500030517578,204.3000030517578,205.22000122070312,82373000,168.58392333984375
2014-11-20,204.259994506836,205.7100067138672,204.17999267578125,205.5800018310547,72840300,168.87966918945312
2014-11-21,207.63999938964844,207.83999633789065,205.97999572753903,206.67999267578125,142327300,169.7833251953125
2014-11-24,207.1699981689453,207.38999938964844,206.91000366210932,207.259994506836,65880800,170.25973510742188
2014-11-25,207.5399932861328,207.7899932861328,206.8000030517578,207.1100006103516,79108300,170.13650512695312
2014-11-26,207.2899932861328,207.759994506836,207.02999877929688,207.63999938964844,62167800,170.5719451904297
2014-11-28,207.4900054931641,207.8699951171875,206.91000366210932,207.1999969482422,57890100,170.21047973632812
2014-12-01,206.3999938964844,206.5399932861328,205.3800048828125,205.759994506836,103968400,169.02752685546875
2014-12-02,205.8099975585937,207.33999633789065,205.77999877929688,207.08999633789065,74507200,170.12008666992188
2014-12-03,207.3000030517578,208.1499938964844,207.1000061035156,207.88999938964844,68952000,170.77728271484375
2014-12-04,207.5399932861328,208.2700042724609,206.6999969482422,207.66000366210932,91316600,170.58831787109375
2014-12-05,207.8699951171875,208.47000122070312,207.5500030517578,208.0,91025500,170.86769104003906
2014-12-08,207.5200042724609,208.1199951171875,205.92999267578125,206.6100006103516,108588200,169.7257843017578
2014-12-09,204.3699951171875,206.6000061035156,203.91000366210932,206.47000122070312,125180100,169.61082458496094
2014-12-10,205.91000366210932,205.97999572753903,202.92999267578125,203.16000366210932,159856400,166.8916473388672
2014-12-11,203.8800048828125,206.19000244140625,203.7100067138672,204.19000244140625,159012800,167.73780822753906
2014-12-12,202.63999938964844,203.82000732421875,200.8500061035156,200.88999938964844,202330200,165.02696228027344
2014-12-15,201.97999572753903,202.52999877929688,198.77999877929688,199.509994506836,189965800,163.893310546875
2014-12-16,198.5800018310547,202.3999938964844,197.8600006103516,197.91000366210932,259543800,162.57891845703125
2014-12-17,198.44000244140625,202.33999633789065,198.2899932861328,201.7899932861328,253910100,165.7663116455078
2014-12-18,204.7400054931641,212.97000122070312,203.9199981689453,206.77999877929688,257633900,169.86544799804688
2014-12-19,206.42999267578125,207.3300018310547,205.6100006103516,206.5200042724609,245084600,170.5881805419922
2014-12-22,206.75,207.47000122070312,206.4600067138672,207.47000122070312,148318900,171.3729705810547
2014-12-23,208.1699981689453,208.22999572753903,207.3999938964844,207.75,122167900,171.60423278808594
2014-12-24,208.0200042724609,208.33999633789065,207.72000122070312,207.7700042724609,42963400,171.62069702148438
2014-12-26,208.3099975585937,208.8500061035156,208.25,208.44000244140625,57326700,172.1741485595703
2014-12-29,208.22000122070312,208.97000122070312,208.13999938964844,208.72000122070312,79643900,172.40538024902344
2014-12-30,208.2100067138672,208.3699951171875,207.509994506836,207.6000061035156,73540800,171.48031616210938
2014-12-31,207.9900054931641,208.19000244140625,205.38999938964844,205.5399932861328,130333800,169.77870178222656
2015-01-02,206.3800048828125,206.8800048828125,204.17999267578125,205.42999267578125,121465900,169.68783569335938
2015-01-05,204.1699981689453,204.3699951171875,201.3500061035156,201.72000122070312,169632600,166.62330627441406
2015-01-06,202.08999633789065,202.72000122070312,198.8600006103516,199.82000732421875,209151400,165.05389404296875
2015-01-07,201.4199981689453,202.72000122070312,200.8800048828125,202.3099975585937,125346700,167.11065673828125
2015-01-08,204.009994506836,206.16000366210932,203.9900054931641,205.8999938964844,147217800,170.0760040283203
2015-01-09,206.3999938964844,206.4199981689453,203.509994506836,204.25,158567300,168.71310424804688
2015-01-12,204.41000366210932,204.6000061035156,201.9199981689453,202.6499938964844,144396100,167.39157104492188
2015-01-13,204.1199951171875,205.47999572753903,200.509994506836,202.0800018310547,214553300,166.9207305908203
2015-01-14,199.6499938964844,201.1000061035156,198.57000732421875,200.8600006103516,192991100,165.9129638671875
2015-01-15,201.6300048828125,202.009994506836,198.8800048828125,199.0200042724609,176613900,164.3931121826172
2015-01-16,198.7700042724609,201.82000732421875,198.5500030517578,201.6300048828125,211879600,166.54901123046875
2015-01-20,202.3999938964844,202.72000122070312,200.1699981689453,202.0599975585937,130991100,166.9041748046875
2015-01-21,201.5,203.66000366210932,200.94000244140625,203.0800018310547,122942700,167.7467041015625
2015-01-22,203.9900054931641,206.259994506836,202.3300018310547,206.1000061035156,174356000,170.24122619628906
2015-01-23,205.7899932861328,206.1000061035156,204.8099975585937,204.97000122070312,117516800,169.30787658691406
2015-01-26,204.7100067138672,205.5599975585937,203.8500061035156,205.4499969482422,92009700,169.7043914794922
2015-01-27,202.97000122070312,204.1199951171875,201.7400054931641,202.7400054931641,134044600,167.4658660888672
2015-01-28,204.1699981689453,204.2899932861328,199.91000366210932,200.13999938964844,168514300,165.31825256347656
2015-01-29,200.3800048828125,202.3000030517578,198.67999267578125,201.9900054931641,173585400,166.84637451171875
2015-01-30,200.57000732421875,202.1699981689453,199.1300048828125,199.4499969482422,197729700,164.74830627441406
2015-02-02,200.0500030517578,202.02999877929688,197.8600006103516,201.9199981689453,163107000,166.78854370117188
2015-02-03,203.0,204.8500061035156,202.5500030517578,204.83999633789065,124212900,169.2005157470703
2015-02-04,203.9199981689453,205.3800048828125,203.509994506836,204.0599975585937,134306700,168.5561981201172
2015-02-05,204.8600006103516,206.3000030517578,204.7700042724609,206.1199951171875,97953200,170.25779724121094
2015-02-06,206.5599975585937,207.2400054931641,204.9199981689453,205.5500030517578,125672000,169.78697204589844
2015-02-09,204.7700042724609,205.63999938964844,204.13999938964844,204.6300048828125,87219000,169.02703857421875
2015-02-10,205.8800048828125,207.1199951171875,204.67999267578125,206.8099975585937,96164200,170.8277587890625
2015-02-11,206.6100006103516,207.4499969482422,205.8300018310547,206.92999267578125,91087800,170.92678833007812
2015-02-12,207.88999938964844,208.9900054931641,206.97000122070312,208.9199981689453,97545900,172.57061767578125
2015-02-13,209.07000732421875,209.83999633789065,208.759994506836,209.77999877929688,93670400,173.28097534179688
2015-02-17,209.3999938964844,210.32000732421875,209.1000061035156,210.1100006103516,76968200,173.5536651611328
2015-02-18,209.66000366210932,210.22000122070312,209.33999633789065,210.1300048828125,80652900,173.5701141357422
2015-02-19,209.41000366210932,210.4199981689453,209.2400054931641,209.97999572753903,91462500,173.44619750976562
2015-02-20,209.47999572753903,211.3300018310547,208.72999572753903,211.2400054931641,140896400,174.48699951171875
2015-02-23,210.94000244140625,211.2100067138672,210.47999572753903,211.2100067138672,74411100,174.46226501464844
2015-02-24,211.1199951171875,212.0500030517578,210.759994506836,211.8099975585937,72472300,174.95779418945312
2015-02-25,211.66000366210932,212.2400054931641,211.22000122070312,211.6300048828125,73061700,174.8091278076172
2015-02-26,211.5200042724609,211.7100067138672,210.6499938964844,211.3800048828125,72697900,174.60263061523438
2015-02-27,211.259994506836,211.5800018310547,210.6000061035156,210.66000366210932,108076000,174.00782775878906
2015-03-02,210.77999877929688,212.0599975585937,210.72000122070312,211.9900054931641,87491400,175.10647583007812
2015-03-03,211.47000122070312,212.0500030517578,210.0800018310547,211.1199951171875,110325800,174.38790893554688
2015-03-04,210.3999938964844,210.4900054931641,209.0599975585937,210.22999572753903,114497200,173.65272521972656
2015-03-05,210.6199951171875,210.8000030517578,209.8500061035156,210.4600067138672,76873000,173.84268188476562
2015-03-06,209.4199981689453,209.94000244140625,207.1000061035156,207.5,188128000,171.39772033691406
2015-03-09,207.7400054931641,208.7899932861328,207.5500030517578,208.3600006103516,89818900,172.1080322265625
2015-03-10,206.7100067138672,206.8099975585937,204.92999267578125,204.97999572753903,157121300,169.3161163330078
2015-03-11,205.2899932861328,205.5,204.3999938964844,204.5,110145700,168.91966247558594
2015-03-12,205.259994506836,207.17999267578125,205.1999969482422,207.1000061035156,93993500,171.0672607421875
2015-03-13,206.7700042724609,207.92999267578125,204.5800018310547,205.8300018310547,162410900,170.01828002929688
2015-03-16,206.7100067138672,208.69000244140625,205.8600006103516,208.5800018310547,136099200,172.28985595703125
2015-03-17,207.69000244140625,208.4199981689453,206.97999572753903,207.9600067138672,94510400,171.7776641845703
2015-03-18,207.38999938964844,211.2700042724609,206.6199951171875,210.4600067138672,228808500,173.84268188476562
2015-03-19,209.9600067138672,210.47000122070312,209.02999877929688,209.5,117917300,173.0497589111328
2015-03-20,209.7100067138672,211.0200042724609,209.4900054931641,210.41000366210932,177715100,174.57720947265625
2015-03-23,210.4199981689453,211.1100006103516,210.0,210.0,71784500,174.237060546875
2015-03-24,209.8500061035156,210.3999938964844,208.7400054931641,208.82000732421875,77805300,173.25802612304688
2015-03-25,209.07000732421875,209.3500061035156,205.7100067138672,205.759994506836,159521700,170.71908569335938
2015-03-26,204.9600067138672,206.3699951171875,204.1199951171875,205.2700042724609,153067200,170.31251525878906
2015-03-27,205.1300048828125,205.9499969482422,204.8999938964844,205.7400054931641,118939000,170.70249938964844
2015-03-30,206.97999572753903,208.6100006103516,206.9600067138672,208.25,96180400,172.7851104736328
2015-03-31,207.259994506836,208.1000061035156,206.3600006103516,206.42999267578125,126768700,171.27493286132812
2015-04-01,206.38999938964844,206.4199981689453,204.509994506836,205.6999969482422,137303600,170.66932678222656
2015-04-02,205.6199951171875,206.97999572753903,205.3999938964844,206.44000244140625,86900900,171.2833251953125
2015-04-06,205.3699951171875,208.4499969482422,205.2100067138672,207.8300018310547,114368200,172.43658447265625
2015-04-07,207.8600006103516,208.759994506836,207.2400054931641,207.27999877929688,81236300,171.980224609375
2015-04-08,207.5500030517578,208.509994506836,207.0800018310547,207.97999572753903,89351900,172.5609893798828
2015-04-09,207.77999877929688,209.17999267578125,207.19000244140625,208.8999938964844,85548900,173.3243408203125
2015-04-10,209.1999969482422,210.08999633789065,208.9600067138672,210.0399932861328,72722900,174.27023315429688
2015-04-13,209.8699951171875,210.6300048828125,209.02999877929688,209.08999633789065,74436600,173.48199462890625
2015-04-14,208.8500061035156,209.7100067138672,208.1000061035156,209.4900054931641,75099900,173.81387329101562
2015-04-15,210.0500030517578,211.0399932861328,209.9499969482422,210.42999267578125,99529300,174.59378051757812
2015-04-16,210.02999877929688,210.97999572753903,209.7899932861328,210.3699951171875,68934900,174.5440216064453
2015-04-17,208.94000244140625,209.22999572753903,207.009994506836,207.9499969482422,191113200,172.5361328125
2015-04-20,209.0599975585937,210.25,208.9600067138672,209.8500061035156,92189500,174.11260986328125
2015-04-21,210.6699981689453,210.8600006103516,209.2400054931641,209.6000061035156,72559800,173.90512084960938
2015-04-22,210.009994506836,210.8500061035156,208.8999938964844,210.6300048828125,78264600,174.75973510742188
2015-04-23,210.1499938964844,211.94000244140625,210.009994506836,211.16000366210932,102585900,175.19949340820312
2015-04-24,211.66000366210932,211.97000122070312,211.1100006103516,211.6499938964844,61327400,175.60604858398438
2015-04-27,212.3300018310547,212.47999572753903,210.5399932861328,210.7700042724609,79358100,174.8759002685547
2015-04-28,210.7400054931641,211.5,209.3300018310547,211.44000244140625,86863500,175.43177795410156
2015-04-29,210.3699951171875,211.2899932861328,209.6000061035156,210.57000732421875,125684900,174.70994567871094
2015-04-30,209.8800048828125,210.3500061035156,207.6199951171875,208.4600067138672,161304900,172.9593048095703
2015-05-01,209.3999938964844,210.7700042724609,209.27999877929688,210.72000122070312,103399700,174.8344268798828
2015-05-04,211.22999572753903,212.0200042724609,211.1000061035156,211.32000732421875,70927200,175.33224487304688
2015-05-05,211.02999877929688,211.4600067138672,208.72999572753903,208.8999938964844,113326200,173.3243408203125
2015-05-06,209.5599975585937,209.92999267578125,206.759994506836,208.0399932861328,135060200,172.61083984375
2015-05-07,207.9199981689453,209.3800048828125,207.5200042724609,208.8699951171875,88244900,173.2994384765625
2015-05-08,210.8800048828125,211.8600006103516,210.77999877929688,211.6199951171875,155877300,175.5811004638672
2015-05-11,211.57000732421875,211.88999938964844,210.5200042724609,210.6100006103516,75708100,174.74313354492188
2015-05-12,209.6100006103516,210.6300048828125,208.6199951171875,209.97999572753903,119727600,174.22044372558594
2015-05-13,210.47000122070312,211.22000122070312,209.7400054931641,210.0200042724609,94667900,174.25357055664062
2015-05-14,211.2400054931641,212.32000732421875,210.91000366210932,212.2100067138672,95934000,176.07069396972656
2015-05-15,212.44000244140625,212.6100006103516,211.8600006103516,212.44000244140625,76510100,176.26153564453125
2015-05-18,212.2400054931641,213.3999938964844,212.16000366210932,213.1000061035156,74549700,176.8091278076172
2015-05-19,213.2400054931641,213.57000732421875,212.69000244140625,213.02999877929688,72114600,176.7510528564453
2015-05-20,213.1499938964844,213.77999877929688,212.5,212.8800048828125,76857500,176.62661743164062
2015-05-21,212.7100067138672,213.75,212.509994506836,213.5,64764600,177.1409454345703
2015-05-22,213.0399932861328,213.5399932861328,212.91000366210932,212.9900054931641,57433500,176.71788024902344
2015-05-26,212.3999938964844,212.91000366210932,210.1999969482422,210.6999969482422,124308600,174.81781005859375
2015-05-27,211.25,212.97999572753903,210.759994506836,212.6999969482422,93214000,176.47720336914062
2015-05-28,212.3300018310547,212.58999633789065,211.6300048828125,212.4600067138672,74974600,176.27810668945312
2015-05-29,212.3800048828125,212.42999267578125,210.82000732421875,211.13999938964844,124919600,175.18284606933594
2015-06-01,211.94000244140625,212.33999633789065,210.6199951171875,211.57000732421875,93338800,175.5396728515625
2015-06-02,211.0200042724609,212.19000244140625,210.2700042724609,211.3600006103516,91531000,175.3654327392578
2015-06-03,212.0,212.6699981689453,211.3300018310547,211.9199981689453,87820900,175.83006286621094
2015-06-04,211.07000732421875,211.8600006103516,209.75,210.1300048828125,151882800,174.34487915039062
2015-06-05,209.9499969482422,210.5800018310547,208.97999572753903,209.7700042724609,121704700,174.04620361328125
2015-06-08,209.63999938964844,209.82000732421875,208.38999938964844,208.47999572753903,89063300,172.97586059570312
2015-06-09,208.4499969482422,209.1000061035156,207.69000244140625,208.4499969482422,105034700,172.95095825195312
2015-06-10,209.3699951171875,211.41000366210932,209.3000030517578,210.9499969482422,134551300,175.0251922607422
2015-06-11,211.47999572753903,212.08999633789065,211.1999969482422,211.6300048828125,73876400,175.5894317626953
2015-06-12,210.63999938964844,211.47999572753903,209.67999267578125,210.009994506836,135382400,174.24533081054688
2015-06-15,208.63999938964844,209.4499969482422,207.7899932861328,209.1100006103516,124384200,173.4986114501953
2015-06-16,208.92999267578125,210.3500061035156,208.72000122070312,210.25,85308200,174.44439697265625
2015-06-17,210.58999633789065,211.32000732421875,209.3600006103516,210.58999633789065,126708600,174.72657775878906
2015-06-18,211.3099975585937,213.33999633789065,210.6300048828125,212.77999877929688,165867900,176.54354858398438
2015-06-19,211.4600067138672,211.5500030517578,210.3600006103516,210.8099975585937,130478700,175.75991821289062
2015-06-22,211.91000366210932,212.58999633789065,211.63999938964844,211.88999938964844,70696000,176.66033935546875
2015-06-23,212.13999938964844,212.44000244140625,211.57000732421875,212.0399932861328,68476800,176.78536987304688
2015-06-24,211.72000122070312,212.1699981689453,210.47000122070312,210.5,92307300,175.5014190673828
2015-06-25,211.1000061035156,211.25,209.7700042724609,209.8600006103516,97107400,174.96783447265625
2015-06-26,210.2899932861328,210.5800018310547,209.16000366210932,209.82000732421875,104174800,174.9344940185547
2015-06-29,208.0500030517578,209.8300018310547,205.3300018310547,205.4199981689453,202621300,171.2659912109375
2015-06-30,207.259994506836,207.32000732421875,205.27999877929688,205.8500061035156,182925100,171.6245880126953
2015-07-01,207.72999572753903,208.02999877929688,206.5599975585937,207.5,135979900,173.00022888183594
2015-07-02,208.07000732421875,208.2700042724609,206.8099975585937,207.3099975585937,104373700,172.84176635742188
2015-07-06,205.7700042724609,207.6499938964844,205.52999877929688,206.72000122070312,117975400,172.34988403320312
2015-07-07,206.9600067138672,208.1699981689453,204.1100006103516,208.0200042724609,173820200,173.4337615966797
2015-07-08,206.4199981689453,206.759994506836,204.25,204.52999877929688,164020100,170.52406311035156
2015-07-09,207.0399932861328,207.3500061035156,204.7700042724609,204.8999938964844,144113100,170.83241271972656
2015-07-10,207.2899932861328,207.97999572753903,204.9499969482422,207.47999572753903,129456900,172.9835662841797
2015-07-13,208.9900054931641,209.8999938964844,208.94000244140625,209.7700042724609,106069400,174.89279174804688
2015-07-14,209.72000122070312,211.0500030517578,209.6499938964844,210.67999267578125,81709600,175.65150451660156
2015-07-15,210.72999572753903,211.27999877929688,210.0399932861328,210.6100006103516,97914100,175.59312438964844
2015-07-16,211.8699951171875,212.3000030517578,211.5800018310547,212.3000030517578,106683300,177.00216674804688
2015-07-17,212.2899932861328,212.5500030517578,211.8000030517578,212.47999572753903,89030000,177.15219116210938
2015-07-20,212.75,213.17999267578125,212.2100067138672,212.58999633789065,70446800,177.24391174316406
2015-07-21,212.42999267578125,212.7400054931641,211.38999938964844,211.75,77965000,176.54359436035156
2015-07-22,210.92999267578125,211.7700042724609,210.88999938964844,211.3699951171875,88667900,176.2267608642578
2015-07-23,211.52999877929688,211.6499938964844,209.75,210.17999267578125,90509100,175.23464965820312
2015-07-24,210.3000030517578,210.3699951171875,207.6000061035156,208.0,117755000,173.4170684814453
2015-07-27,206.94000244140625,207.5500030517578,206.259994506836,206.7899932861328,132361100,172.4082489013672
2015-07-28,207.7899932861328,209.5,206.8000030517578,209.3300018310547,123544800,174.5259552001953
2015-07-29,209.47999572753903,211.0399932861328,209.3099975585937,210.7700042724609,105791300,175.72654724121094
2015-07-30,210.16000366210932,211.0200042724609,209.4199981689453,210.82000732421875,91304400,175.76821899414062
2015-07-31,211.4199981689453,211.4499969482422,210.16000366210932,210.5,103266900,175.5014190673828
2015-08-03,210.4600067138672,210.52999877929688,208.6499938964844,209.7899932861328,113965700,174.90945434570312
2015-08-04,209.6999969482422,210.25,208.8000030517578,209.3800048828125,81820800,174.56761169433594
2015-08-05,210.4499969482422,211.3099975585937,209.72999572753903,210.07000732421875,85786800,175.14291381835938
2015-08-06,210.2899932861328,210.4199981689453,207.6499938964844,208.3500061035156,116030800,173.7089080810547
2015-08-07,208.16000366210932,208.33999633789065,206.8699951171875,207.9499969482422,117858000,173.37538146972656
2015-08-10,209.27999877929688,210.6699981689453,209.27999877929688,210.57000732421875,80270700,175.5597686767578
2015-08-11,208.97000122070312,209.47000122070312,207.759994506836,208.6699981689453,126081400,173.97572326660156
2015-08-12,207.1100006103516,209.13999938964844,205.3600006103516,208.9199981689453,172123700,174.1841583251953
2015-08-13,208.72999572753903,209.5500030517578,208.009994506836,208.66000366210932,89383300,173.96739196777344
2015-08-14,208.42999267578125,209.509994506836,208.259994506836,209.4199981689453,72786500,174.6009521484375
2015-08-17,208.7100067138672,210.58999633789065,208.16000366210932,210.58999633789065,79072600,175.57647705078125
2015-08-18,210.259994506836,210.67999267578125,209.6999969482422,209.97999572753903,71692700,175.06790161132812
2015-08-19,209.08999633789065,210.009994506836,207.3500061035156,208.32000732421875,172946000,173.68385314941406
2015-08-20,206.509994506836,208.2899932861328,203.8999938964844,203.97000122070312,194327900,170.05714416503906
2015-08-21,201.72999572753903,203.94000244140625,197.5200042724609,197.8300018310547,346588500,164.93795776367188
2015-08-24,187.4900054931641,197.47999572753903,182.3999938964844,189.5,507244300,157.9929962158203
2015-08-25,195.42999267578125,195.4499969482422,186.9199981689453,187.2700042724609,369833100,156.13372802734375
2015-08-26,192.0800018310547,194.7899932861328,188.3699951171875,194.4600067138672,339257000,162.12832641601562
2015-08-27,197.0200042724609,199.4199981689453,195.2100067138672,199.2700042724609,274143900,166.13856506347656
2015-08-28,198.5,199.83999633789065,197.9199981689453,199.27999877929688,160414400,166.14691162109375
2015-08-31,198.1100006103516,199.1300048828125,197.009994506836,197.6699981689453,163298800,164.8045654296875
2015-09-01,193.1199951171875,194.7700042724609,190.72999572753903,191.7700042724609,256000400,159.8855438232422
2015-09-02,194.6199951171875,195.4600067138672,192.4199981689453,195.41000366210932,160269300,162.9203643798828
2015-09-03,196.259994506836,198.0500030517578,194.9600067138672,195.5500030517578,152087800,163.03707885742188
2015-09-04,192.8500061035156,193.8600006103516,191.6100006103516,192.58999633789065,207081000,160.56915283203125
2015-09-08,195.94000244140625,197.6100006103516,195.1699981689453,197.42999267578125,116025700,164.6044921875
2015-09-09,199.32000732421875,199.47000122070312,194.3500061035156,194.7899932861328,149347700,162.40342712402344
2015-09-10,194.5599975585937,197.22000122070312,194.25,195.8500061035156,158611100,163.2871856689453
2015-09-11,195.3800048828125,196.82000732421875,194.52999877929688,196.7400054931641,119691200,164.02920532226562
2015-09-14,196.9499969482422,197.009994506836,195.42999267578125,196.009994506836,79452000,163.42056274414062
2015-09-15,196.6100006103516,198.9900054931641,195.9600067138672,198.4600067138672,113806200,165.46322631835938
2015-09-16,198.82000732421875,200.41000366210932,198.41000366210932,200.17999267578125,99581600,166.89723205566406
2015-09-17,200.0200042724609,202.88999938964844,199.27999877929688,199.72999572753903,276046600,166.5220489501953
2015-09-18,195.7100067138672,198.67999267578125,194.9600067138672,195.4499969482422,223657500,163.8009033203125
2015-09-21,196.44000244140625,197.67999267578125,195.2100067138672,196.4600067138672,105726200,164.64727783203125
2015-09-22,193.8800048828125,194.4600067138672,192.5599975585937,193.91000366210932,153890900,162.51023864746094
2015-09-23,194.1100006103516,194.6699981689453,192.91000366210932,193.6000061035156,92790600,162.25039672851562
2015-09-24,192.1499938964844,193.4499969482422,190.5599975585937,192.8999938964844,159378800,161.6637725830078
2015-09-25,194.63999938964844,195.0,191.8099975585937,192.8500061035156,155054800,161.6219024658203
2015-09-28,191.77999877929688,191.91000366210932,187.63999938964844,188.009994506836,178515900,157.5656280517578
2015-09-29,188.2700042724609,189.7400054931641,186.92999267578125,188.1199951171875,159045600,157.6578369140625
2015-09-30,190.3699951171875,191.8300018310547,189.44000244140625,191.6300048828125,163452000,160.5994110107422
2015-10-01,192.0800018310547,192.4900054931641,189.82000732421875,192.1300048828125,131079000,161.01853942871094
2015-10-02,189.7700042724609,195.02999877929688,189.1199951171875,195.0,211003300,163.42376708984375
2015-10-05,196.4600067138672,198.7400054931641,196.3300018310547,198.47000122070312,126320800,166.3318634033203
2015-10-06,198.3099975585937,198.97999572753903,197.0,197.7899932861328,110274500,165.76193237304688
2015-10-07,198.8999938964844,199.8300018310547,197.47999572753903,199.41000366210932,124307300,167.11968994140625
2015-10-08,198.9499969482422,201.5500030517578,198.58999633789065,201.2100067138672,153055200,168.62818908691406
2015-10-09,201.3800048828125,201.8999938964844,200.5800018310547,201.3300018310547,107069200,168.72872924804688
2015-10-12,201.4199981689453,201.759994506836,200.91000366210932,201.5200042724609,56395600,168.887939453125
2015-10-13,200.6499938964844,202.16000366210932,200.0500030517578,200.25,88038700,167.82362365722656
2015-10-14,200.17999267578125,200.8699951171875,198.94000244140625,199.2899932861328,99106200,167.01907348632812
2015-10-15,200.0800018310547,202.3600006103516,199.63999938964844,202.3500061035156,134142200,169.58352661132812
2015-10-16,202.8300018310547,203.2899932861328,201.9199981689453,203.2700042724609,114580100,170.35458374023438
2015-10-19,202.5,203.3699951171875,202.1300048828125,203.3699951171875,76523900,170.43836975097656
2015-10-20,202.8500061035156,203.83999633789065,202.5500030517578,203.1100006103516,78448500,170.220458984375
2015-10-21,203.6100006103516,203.7899932861328,201.6499938964844,201.8500061035156,102038000,169.16448974609375
2015-10-22,202.97999572753903,205.509994506836,201.8500061035156,205.259994506836,174911700,172.02232360839844
2015-10-23,207.25,207.9499969482422,206.3000030517578,207.509994506836,144442300,173.90798950195312
2015-10-26,207.3000030517578,207.3699951171875,206.5599975585937,207.0,69033000,173.48065185546875
2015-10-27,206.1999969482422,207.0,205.7899932861328,206.6000061035156,77905800,173.14541625976562
2015-10-28,207.0,208.97999572753903,206.2100067138672,208.9499969482422,135906700,175.11485290527344
2015-10-29,208.3500061035156,209.2700042724609,208.2100067138672,208.8300018310547,90525500,175.01426696777344
2015-10-30,209.0599975585937,209.44000244140625,207.7400054931641,207.92999267578125,131076900,174.25997924804688
2015-11-02,208.32000732421875,210.6199951171875,208.1699981689453,210.38999938964844,86270800,176.3216552734375
2015-11-03,209.97000122070312,211.66000366210932,209.6999969482422,211.0,95246100,176.83290100097656
2015-11-04,211.3500061035156,211.5,209.72000122070312,210.3600006103516,96224500,176.29653930664062
2015-11-05,210.42999267578125,210.97999572753903,209.08999633789065,210.1499938964844,78408700,176.12046813964844
2015-11-06,209.7400054931641,210.32000732421875,208.4600067138672,210.0399932861328,110471500,176.02833557128906
2015-11-09,209.3099975585937,209.4900054931641,206.9499969482422,208.0800018310547,131008700,174.38565063476562
2015-11-10,207.509994506836,208.6000061035156,207.19000244140625,208.5599975585937,75874600,174.7879180908203
2015-11-11,208.8800048828125,208.94000244140625,207.66000366210932,207.7400054931641,67846000,174.10076904296875
2015-11-12,206.5,207.0599975585937,204.82000732421875,204.83999633789065,121315200,171.67037963867188
2015-11-13,204.3500061035156,204.6699981689453,202.44000244140625,202.5399932861328,153577100,169.74282836914062
2015-11-16,202.32000732421875,205.69000244140625,202.17999267578125,205.6199951171875,117645200,172.32408142089844
2015-11-17,205.9900054931641,207.0399932861328,204.8800048828125,205.47000122070312,121123700,172.1983184814453
2015-11-18,206.0399932861328,208.8999938964844,205.9900054931641,208.72999572753903,121342500,174.93043518066406
2015-11-19,208.58999633789065,209.0500030517578,208.1999969482422,208.5500030517578,88220500,174.77957153320312
2015-11-20,209.4499969482422,210.1199951171875,208.8600006103516,209.3099975585937,94011500,175.41647338867188
2015-11-23,209.3800048828125,209.97999572753903,208.5200042724609,209.07000732421875,64931200,175.21542358398438
2015-11-24,207.8699951171875,209.8300018310547,207.41000366210932,209.3500061035156,98874400,175.45005798339844
2015-11-25,209.5,209.7400054931641,209.009994506836,209.32000732421875,51980100,175.42494201660156
2015-11-27,209.42999267578125,209.8000030517578,208.8600006103516,209.5599975585937,37317800,175.62603759765625
2015-11-30,209.75,209.88999938964844,208.5599975585937,208.69000244140625,112822700,174.8968963623047
2015-12-01,209.44000244140625,210.82000732421875,209.1100006103516,210.67999267578125,97858400,176.56466674804688
2015-12-02,210.6199951171875,211.0,208.22999572753903,208.52999877929688,108441300,174.76280212402344
2015-12-03,208.8300018310547,209.1499938964844,204.75,205.6100006103516,166224200,172.3156280517578
2015-12-04,205.6100006103516,209.97000122070312,205.6100006103516,209.6199951171875,192913900,175.67626953125
2015-12-07,209.22999572753903,209.72999572753903,207.1999969482422,208.3500061035156,102027100,174.61199951171875
2015-12-08,206.4900054931641,208.2899932861328,205.77999877929688,206.9499969482422,103372400,173.43865966796875
2015-12-09,206.19000244140625,208.67999267578125,204.17999267578125,205.33999633789065,162401500,172.08938598632812
2015-12-10,205.4199981689453,207.42999267578125,205.13999938964844,205.8699951171875,116128900,172.53355407714844
2015-12-11,203.3500061035156,204.13999938964844,201.509994506836,201.8800048828125,211173300,169.18968200683594
2015-12-14,202.07000732421875,203.0500030517578,199.9499969482422,202.8999938964844,182385200,170.0444793701172
2015-12-15,204.6999969482422,206.1100006103516,202.8699951171875,205.02999877929688,154069600,171.82952880859375
2015-12-16,206.3699951171875,208.38999938964844,204.8000030517578,208.02999877929688,197017000,174.34381103515625
2015-12-17,208.3999938964844,208.47999572753903,204.83999633789065,204.8600006103516,173092500,171.68710327148438
2015-12-18,202.7700042724609,202.92999267578125,199.8300018310547,200.0200042724609,251393500,168.62850952148438
2015-12-21,201.41000366210932,201.8800048828125,200.08999633789065,201.6699981689453,99094300,170.01953125
2015-12-22,202.72000122070312,203.8500061035156,201.5500030517578,203.5,111026200,171.5623779296875
2015-12-23,204.69000244140625,206.07000732421875,204.5800018310547,206.0200042724609,110987200,173.68685913085938
2015-12-24,205.72000122070312,206.3300018310547,205.4199981689453,205.67999267578125,48539600,173.4001922607422
2015-12-28,204.8600006103516,205.259994506836,203.94000244140625,205.2100067138672,65899900,173.0039520263672
2015-12-29,206.509994506836,207.7899932861328,206.47000122070312,207.3999938964844,92640700,174.8502197265625
2015-12-30,207.1100006103516,207.2100067138672,205.759994506836,205.92999267578125,63317700,173.61094665527344
2015-12-31,205.1300048828125,205.88999938964844,203.8699951171875,203.8699951171875,114877900,171.874267578125
2016-01-04,200.4900054931641,201.02999877929688,198.58999633789065,201.0200042724609,222353500,169.47161865234375
2016-01-05,201.3999938964844,201.8999938964844,200.0500030517578,201.3600006103516,110845800,169.75819396972656
2016-01-06,198.33999633789065,200.0599975585937,197.6000061035156,198.82000732421875,152112600,167.6168975830078
2016-01-07,195.3300018310547,197.44000244140625,193.58999633789065,194.0500030517578,213436100,163.5954132080078
2016-01-08,195.19000244140625,195.8500061035156,191.5800018310547,191.9199981689453,209817200,161.79971313476562
2016-01-11,193.009994506836,193.41000366210932,189.82000732421875,192.1100006103516,187941300,161.95989990234375
2016-01-12,193.82000732421875,194.5500030517578,191.13999938964844,193.66000366210932,172330500,163.26657104492188
2016-01-13,194.4499969482422,194.8600006103516,188.3800048828125,188.8300018310547,221168900,159.1947021484375
2016-01-14,189.5500030517578,193.259994506836,187.66000366210932,191.92999267578125,240795600,161.8081817626953
2016-01-15,186.7700042724609,188.759994506836,185.5200042724609,187.8099975585937,324846400,158.33477783203125
2016-01-19,189.9600067138672,190.1100006103516,186.1999969482422,188.0599975585937,195244400,158.54556274414062
2016-01-20,185.02999877929688,187.5,181.0200042724609,185.6499938964844,286547800,156.51373291015625
2016-01-21,186.2100067138672,188.8699951171875,184.63999938964844,186.69000244140625,195772900,157.39056396484375
2016-01-22,189.77999877929688,190.759994506836,188.8800048828125,190.5200042724609,168319600,160.6194305419922
2016-01-25,189.9199981689453,190.1499938964844,187.41000366210932,187.63999938964844,130371700,158.19142150878906
2016-01-26,188.4199981689453,190.52999877929688,188.0200042724609,190.1999969482422,141036800,160.34967041015625
2016-01-27,189.5800018310547,191.5599975585937,187.0599975585937,188.1300048828125,185681700,158.60458374023438
2016-01-28,189.9600067138672,190.1999969482422,187.16000366210932,189.1100006103516,143798800,159.4307403564453
2016-01-29,190.0200042724609,193.8800048828125,189.8800048828125,193.72000122070312,210529300,163.31719970703125
2016-02-01,192.52999877929688,194.5800018310547,191.83999633789065,193.6499938964844,136061600,163.25816345214844
2016-02-02,191.9600067138672,191.97000122070312,189.5399932861328,190.16000366210932,182564900,160.3159637451172
2016-02-03,191.41000366210932,191.77999877929688,187.1000061035156,191.3000030517578,205054900,161.27696228027344
2016-02-04,190.7100067138672,192.75,189.9600067138672,191.6000061035156,139531800,161.53001403808594
2016-02-05,190.9900054931641,191.6699981689453,187.1999969482422,187.9499969482422,180788300,158.4528045654297
2016-02-08,185.7700042724609,186.1199951171875,182.8000030517578,185.4199981689453,191526700,156.31983947753906
2016-02-09,183.3600006103516,186.94000244140625,183.1999969482422,185.42999267578125,184513100,156.32826232910156
2016-02-10,186.41000366210932,188.33999633789065,185.1199951171875,185.2700042724609,148214100,156.19337463378906
2016-02-11,182.33999633789065,184.1000061035156,181.08999633789065,182.8600006103516,219058900,154.16160583496094
2016-02-12,184.9600067138672,186.6499938964844,183.9600067138672,186.6300048828125,127632400,157.33995056152344
2016-02-16,188.7700042724609,189.8099975585937,187.6300048828125,189.77999877929688,120250700,159.9955596923828
2016-02-17,191.16000366210932,193.32000732421875,191.009994506836,192.8800048828125,136009500,162.60903930664062
2016-02-18,193.1999969482422,193.2700042724609,191.72000122070312,192.08999633789065,102343000,161.94308471679688
2016-02-19,191.1699981689453,192.17999267578125,190.4499969482422,192.0,114793000,161.8671417236328
2016-02-22,193.8699951171875,194.9499969482422,193.7899932861328,194.77999877929688,103640300,164.2108612060547
2016-02-23,194.0,194.32000732421875,192.17999267578125,192.32000732421875,111455300,162.13697814941406
2016-02-24,190.6300048828125,193.52999877929688,189.32000732421875,193.1999969482422,150812200,162.87889099121094
2016-02-25,193.72999572753903,195.5500030517578,192.8300018310547,195.5399932861328,110728300,164.8515625
2016-02-26,196.57000732421875,196.67999267578125,194.8999938964844,195.08999633789065,129833700,164.4722137451172
2016-02-29,195.1100006103516,196.22999572753903,193.3300018310547,193.5599975585937,125918100,163.18231201171875
2016-03-01,195.009994506836,198.2100067138672,194.4499969482422,198.1100006103516,141799700,167.01824951171875
2016-03-02,197.7400054931641,199.0599975585937,197.25,199.0,102415000,167.76858520507812
2016-03-03,198.7899932861328,199.8000030517578,198.1100006103516,199.77999877929688,95172200,168.42616271972656
2016-03-04,200.009994506836,201.3500061035156,199.02999877929688,200.42999267578125,129293600,168.97413635253906
2016-03-07,199.33999633789065,201.07000732421875,199.25,200.58999633789065,100219000,169.1090545654297
2016-03-08,199.32000732421875,199.9199981689453,198.2100067138672,198.3999938964844,123974900,167.26275634765625
2016-03-09,199.3600006103516,199.7899932861328,198.42999267578125,199.3800048828125,94801200,168.08895874023438
2016-03-10,199.9600067138672,201.07000732421875,197.3800048828125,199.5399932861328,156838700,168.2238006591797
2016-03-11,201.259994506836,202.8099975585937,199.5200042724609,202.759994506836,137964500,170.9384765625
2016-03-14,202.16000366210932,203.0399932861328,201.7700042724609,202.5,73612000,170.7192840576172
2016-03-15,201.3600006103516,202.52999877929688,201.0500030517578,202.1699981689453,93169100,170.4410400390625
2016-03-16,201.6000061035156,203.82000732421875,201.5500030517578,203.33999633789065,129303200,171.42747497558594
2016-03-17,203.2400054931641,205.22999572753903,202.7700042724609,204.6300048828125,134278500,172.51499938964844
2016-03-18,204.1699981689453,204.77999877929688,203.8000030517578,204.3800048828125,138372400,173.19290161132812
2016-03-21,204.07000732421875,204.94000244140625,203.8000030517578,204.6699981689453,72926700,173.4386444091797
2016-03-22,203.759994506836,205.22999572753903,203.57000732421875,204.5599975585937,97471900,173.34544372558594
2016-03-23,204.1100006103516,204.3300018310547,203.009994506836,203.2100067138672,81052500,172.20144653320312
2016-03-24,202.0,203.16000366210932,201.7400054931641,203.1199951171875,84360900,172.12518310546875
2016-03-28,203.6100006103516,203.8600006103516,202.7100067138672,203.2400054931641,62408200,172.2268829345703
2016-03-29,202.759994506836,205.25,202.3999938964844,205.1199951171875,92922900,173.8199462890625
2016-03-30,206.3000030517578,206.8699951171875,205.58999633789065,206.0200042724609,86365300,174.5826873779297
2016-03-31,205.91000366210932,206.41000366210932,205.3300018310547,205.5200042724609,94584100,174.15896606445312
2016-04-01,204.3500061035156,207.13999938964844,203.97999572753903,206.9199981689453,114423500,175.34530639648438
2016-04-04,206.8300018310547,207.07000732421875,205.88999938964844,206.25,63497000,174.77752685546875
2016-04-05,204.6699981689453,206.259994506836,203.88999938964844,204.19000244140625,99662200,173.0319061279297
2016-04-06,204.19000244140625,206.4900054931641,203.97999572753903,206.4199981689453,91839800,174.92166137695312
2016-04-07,205.13999938964844,205.5599975585937,203.08999633789065,203.9499969482422,113859000,172.82855224609375
2016-04-08,205.33999633789065,205.8500061035156,203.8699951171875,204.5,95040600,173.2946014404297
2016-04-11,205.25,206.07000732421875,203.91000366210932,204.0200042724609,83757500,172.88784790039062
2016-04-12,204.22000122070312,206.25,203.6999969482422,205.9199981689453,115350600,174.49789428710938
2016-04-13,207.0,208.1000061035156,206.83999633789065,208.0,96336400,176.26052856445312
2016-04-14,208.07000732421875,208.6000061035156,207.6000061035156,208.009994506836,65212900,176.26898193359375
2016-04-15,208.009994506836,208.1699981689453,207.3999938964844,207.77999877929688,75761600,176.07411193847656
2016-04-18,207.77999877929688,209.27999877929688,207.0,209.2400054931641,82531000,177.31129455566406
2016-04-19,209.7400054931641,210.1999969482422,208.94000244140625,209.8999938964844,88316100,177.87060546875
2016-04-20,209.9499969482422,210.9199981689453,209.38999938964844,210.1000061035156,81100300,178.04002380371094
2016-04-21,210.1199951171875,210.25,208.6499938964844,208.97000122070312,85695000,177.08245849609375
2016-04-22,208.5500030517578,209.2899932861328,207.91000366210932,208.97000122070312,99251700,177.08245849609375
2016-04-25,208.259994506836,208.66000366210932,207.5399932861328,208.6100006103516,66166500,176.77745056152344
2016-04-26,209.0399932861328,209.5200042724609,208.3600006103516,208.9199981689453,75864200,177.04017639160156
2016-04-27,208.47000122070312,209.8099975585937,208.0500030517578,209.3500061035156,77329400,177.40452575683594
2016-04-28,208.4600067138672,209.759994506836,206.9600067138672,207.4499969482422,97216200,175.79444885253906
2016-04-29,206.72000122070312,207.1300048828125,205.02999877929688,206.3300018310547,142424100,174.84535217285156
2016-05-02,206.9199981689453,208.17999267578125,206.41000366210932,207.97000122070312,62188000,176.235107421875
2016-05-03,206.5200042724609,206.8000030517578,205.27999877929688,206.16000366210932,106422100,174.70132446289062
2016-05-04,204.9900054931641,205.8500061035156,204.4199981689453,205.009994506836,92243800,173.7267608642578
2016-05-05,205.5599975585937,205.97999572753903,204.47000122070312,204.97000122070312,67619200,173.69287109375
2016-05-06,204.0599975585937,205.7700042724609,203.8800048828125,205.72000122070312,89315000,174.3284454345703
2016-05-09,205.57000732421875,206.3999938964844,205.3600006103516,205.88999938964844,74374900,174.4724884033203
2016-05-10,206.72000122070312,208.47000122070312,206.63999938964844,208.4499969482422,77472200,176.64181518554688
2016-05-11,207.91000366210932,208.5399932861328,206.5,206.5,81727000,174.98944091796875
2016-05-12,207.2899932861328,207.4900054931641,205.3699951171875,206.5599975585937,89586300,175.040283203125
2016-05-13,206.2100067138672,206.8600006103516,204.3800048828125,204.759994506836,96474600,173.5149383544922
2016-05-16,204.9600067138672,207.33999633789065,204.88999938964844,206.77999877929688,77486800,175.2267303466797
2016-05-17,206.4600067138672,206.8000030517578,204.22999572753903,204.8500061035156,114924900,173.5911865234375
2016-05-18,204.44000244140625,206.3000030517578,203.6300048828125,204.91000366210932,120062100,173.64208984375
2016-05-19,204.0599975585937,204.5399932861328,202.77999877929688,204.1999969482422,115430500,173.04039001464844
2016-05-20,204.9199981689453,206.1000061035156,204.8600006103516,205.4900054931641,104990400,174.13352966308594
2016-05-23,205.509994506836,205.83999633789065,204.9900054931641,205.2100067138672,58682600,173.89625549316406
2016-05-24,206.1699981689453,208.2400054931641,206.13999938964844,207.8699951171875,93537800,176.1503448486328
2016-05-25,208.6699981689453,209.7700042724609,207.8699951171875,209.27999877929688,76621400,177.34524536132812
2016-05-26,209.44000244140625,209.7100067138672,208.97000122070312,209.33999633789065,55280700,177.39601135253906
2016-05-27,209.52999877929688,210.25,209.47000122070312,210.2400054931641,64211200,178.15872192382812
2016-05-31,210.5599975585937,210.69000244140625,209.17999267578125,209.83999633789065,109879400,177.81976318359375
2016-06-01,209.1199951171875,210.47999572753903,208.88999938964844,210.2700042724609,69936200,178.18409729003906
2016-06-02,209.8000030517578,210.92999267578125,209.2400054931641,210.91000366210932,63044700,178.72647094726562
2016-06-03,210.25,210.69000244140625,208.8600006103516,210.27999877929688,101757100,178.1925811767578
2016-06-06,210.6999969482422,211.7700042724609,210.509994506836,211.3500061035156,64887000,179.099365234375
2016-06-07,211.52999877929688,212.33999633789065,211.5,211.67999267578125,60974800,179.37896728515625
2016-06-08,211.83999633789065,212.5200042724609,211.69000244140625,212.3699951171875,66170900,179.96368408203125
2016-06-09,211.509994506836,212.22000122070312,211.19000244140625,212.0800018310547,73786900,179.7179412841797
2016-06-10,210.4600067138672,210.8600006103516,209.42999267578125,210.07000732421875,113829200,178.01466369628906
2016-06-13,209.3600006103516,210.3699951171875,208.3500061035156,208.4499969482422,117751200,176.64181518554688
2016-06-14,208.0,208.7400054931641,206.9199981689453,208.0399932861328,125059300,176.29441833496094
2016-06-15,208.0399932861328,209.3600006103516,207.52999877929688,207.75,109124500,176.0486602783203
2016-06-16,207.75,208.57000732421875,205.58999633789065,208.3699951171875,149533100,176.5740509033203
2016-06-17,207.1699981689453,207.1999969482422,205.75,206.5200042724609,117055700,175.91650390625
2016-06-20,208.82000732421875,209.6100006103516,207.75,207.8500061035156,82789600,177.04934692382812
2016-06-21,208.3000030517578,208.9199981689453,207.77999877929688,208.44000244140625,72461700,177.55198669433594
2016-06-22,208.6499938964844,209.5,207.92999267578125,208.1000061035156,95560500,177.26235961914062
2016-06-23,209.8099975585937,210.8699951171875,209.2700042724609,210.8099975585937,102731400,179.5707550048828
2016-06-24,203.6300048828125,210.8500061035156,202.72000122070312,203.2400054931641,333444400,173.12255859375
2016-06-27,201.58999633789065,201.6000061035156,198.6499938964844,199.6000061035156,230775800,170.02197265625
2016-06-28,201.47999572753903,203.22999572753903,201.1199951171875,203.1999969482422,159382400,173.08843994140625
2016-06-29,204.83999633789065,206.92999267578125,204.72000122070312,206.66000366210932,137328600,176.0357208251953
2016-06-30,207.2100067138672,209.5399932861328,206.5599975585937,209.47999572753903,165021900,178.4377899169922
2016-07-01,209.47999572753903,210.4900054931641,209.2899932861328,209.9199981689453,106055300,178.8126678466797
2016-07-05,208.9499969482422,209.0800018310547,207.7100067138672,208.41000366210932,109803700,177.5264129638672
2016-07-06,207.8300018310547,209.8000030517578,207.0599975585937,209.66000366210932,96021500,178.59117126464844
2016-07-07,209.8699951171875,210.6499938964844,208.6300048828125,209.52999877929688,85593800,178.48043823242188
2016-07-08,211.0500030517578,212.94000244140625,210.77999877929688,212.6499938964844,133971000,181.1380920410156
2016-07-11,213.19000244140625,214.07000732421875,212.9499969482422,213.3999938964844,73633900,181.7769317626953
2016-07-12,214.52999877929688,215.3000030517578,213.42999267578125,214.9499969482422,101275600,183.09727478027344
2016-07-13,215.44000244140625,215.4499969482422,214.3500061035156,214.9199981689453,87324100,183.0716857910156
2016-07-14,216.3999938964844,216.6699981689453,215.66000366210932,216.1199951171875,91230900,184.09390258789065
2016-07-15,216.77999877929688,217.009994506836,215.3099975585937,215.8300018310547,107155400,183.8468475341797
2016-07-18,215.97000122070312,216.6000061035156,215.6699981689453,216.41000366210932,58725900,184.3409118652344
2016-07-19,215.9199981689453,216.22999572753903,215.6300048828125,216.19000244140625,54345700,184.15353393554688
2016-07-20,216.19000244140625,217.3699951171875,216.19000244140625,217.08999633789065,58159500,184.9200897216797
2016-07-21,216.9600067138672,217.22000122070312,215.75,216.2700042724609,67777300,184.2216339111328
2016-07-22,216.41000366210932,217.3000030517578,216.1000061035156,217.2400054931641,62787500,185.04795837402344
2016-07-25,217.0,217.0599975585937,215.97000122070312,216.6499938964844,55873100,184.5453338623047
2016-07-26,216.52999877929688,217.1699981689453,215.759994506836,216.75,70080500,184.63052368164065
2016-07-27,217.19000244140625,217.2700042724609,215.6199951171875,216.5200042724609,84083900,184.43463134765625
2016-07-28,216.2899932861328,217.1100006103516,215.75,216.7700042724609,65035700,184.6475372314453
2016-07-29,216.4600067138672,217.5399932861328,216.1300048828125,217.1199951171875,79519400,184.9457244873047
2016-08-01,217.19000244140625,217.6499938964844,216.41000366210932,216.94000244140625,73311400,184.79237365722656
2016-08-02,216.6499938964844,216.8300018310547,214.57000732421875,215.5500030517578,92295500,183.6083374023437
2016-08-03,215.47999572753903,216.25,215.1300048828125,216.17999267578125,53993600,184.1450042724609
2016-08-04,216.3099975585937,216.77999877929688,214.25,216.41000366210932,46585500,184.3409118652344
2016-08-05,216.41000366210932,218.22999572753903,216.41000366210932,218.17999267578125,71892200,185.84860229492188
2016-08-08,218.3999938964844,218.5200042724609,217.7400054931641,218.0500030517578,39906500,185.7378845214844
2016-08-09,218.1300048828125,218.759994506836,217.8000030517578,218.17999267578125,51251700,185.84860229492188
2016-08-10,218.3099975585937,218.3999938964844,217.22999572753903,217.63999938964844,57941100,185.3885803222656
2016-08-11,218.259994506836,218.94000244140625,217.9499969482422,218.6499938964844,72504300,186.2489776611328
2016-08-12,218.2899932861328,218.7100067138672,217.9900054931641,218.4600067138672,61313500,186.087142944336
2016-08-15,218.88999938964844,219.5,218.8800048828125,219.08999633789065,49813500,186.623779296875
2016-08-16,218.6000061035156,218.67999267578125,217.9600067138672,217.9600067138672,53213600,185.6612243652344
2016-08-17,218.0,218.52999877929688,217.0200042724609,218.3699951171875,75134300,186.0104217529297
2016-08-18,218.33999633789065,218.8999938964844,218.2100067138672,218.8600006103516,52989300,186.4278564453125
2016-08-19,218.3099975585937,218.75,217.7400054931641,218.5399932861328,75443000,186.1552734375
2016-08-22,218.259994506836,218.8000030517578,217.8300018310547,218.52999877929688,61368800,186.146713256836
2016-08-23,219.25,219.6000061035156,218.8999938964844,218.97000122070312,53399200,186.5215301513672
2016-08-24,218.8000030517578,218.91000366210932,217.3600006103516,217.8500061035156,71728900,185.5675201416016
2016-08-25,217.3999938964844,218.19000244140625,217.22000122070312,217.6999969482422,69224800,185.43972778320312
2016-08-26,217.9199981689453,219.1199951171875,216.25,217.2899932861328,122506300,185.0904541015625
2016-08-29,217.44000244140625,218.6699981689453,217.3999938964844,218.3600006103516,70502200,186.00192260742188
2016-08-30,218.259994506836,218.58999633789065,217.3500061035156,218.0,58114500,185.69528198242188
2016-08-31,217.6100006103516,217.75,216.47000122070312,217.3800048828125,85269500,185.1671295166016
2016-09-01,217.3699951171875,217.72999572753903,216.02999877929688,217.38999938964844,97844200,185.1757049560547
2016-09-02,218.38999938964844,218.8699951171875,217.6999969482422,218.3699951171875,79293900,186.0104217529297
2016-09-06,218.6999969482422,219.1199951171875,217.8600006103516,219.02999877929688,56702100,186.5726318359375
2016-09-07,218.83999633789065,219.22000122070312,218.3000030517578,219.009994506836,76554900,186.5556182861328
2016-09-08,218.6199951171875,218.94000244140625,218.1499938964844,218.509994506836,74102900,186.1297607421875
2016-09-09,216.97000122070312,217.02999877929688,213.25,213.27999877929688,221589100,181.6747283935547
2016-09-12,212.38999938964844,216.8099975585937,212.3099975585937,216.33999633789065,168110900,184.2813415527344
2016-09-13,214.83999633789065,215.1499938964844,212.5,213.22999572753903,182828800,181.6321563720703
2016-09-14,213.2899932861328,214.6999969482422,212.5,213.1499938964844,134185500,181.56398010253903
2016-09-15,212.9600067138672,215.72999572753903,212.75,215.27999877929688,134427900,183.3783416748047
2016-09-16,213.47999572753903,213.69000244140625,212.57000732421875,213.3699951171875,155236400,182.66944885253903
2016-09-19,214.1300048828125,214.8800048828125,213.02999877929688,213.41000366210932,80250500,182.7037353515625
2016-09-20,214.41000366210932,214.58999633789065,213.3800048828125,213.4199981689453,69665300,182.71226501464844
2016-09-21,214.2400054931641,216.02999877929688,213.44000244140625,215.82000732421875,110284400,184.76698303222656
2016-09-22,217.0,217.52999877929688,216.7100067138672,217.17999267578125,76678700,185.9312896728516
2016-09-23,216.72000122070312,216.8800048828125,215.8800048828125,215.9900054931641,73630900,184.91249084472656
2016-09-26,215.0200042724609,215.22999572753903,214.009994506836,214.2400054931641,89827300,183.41433715820312
2016-09-27,214.0500030517578,215.67999267578125,213.6199951171875,215.57000732421875,78494800,184.552963256836
2016-09-28,215.8300018310547,216.82000732421875,214.7100067138672,216.63999938964844,87411000,185.4689483642578
2016-09-29,216.3999938964844,216.8699951171875,214.0399932861328,214.67999267578125,128070600,183.79098510742188
2016-09-30,215.6499938964844,217.1199951171875,215.3600006103516,216.3000030517578,117202900,185.1778717041016
2016-10-03,215.82000732421875,216.0399932861328,215.0399932861328,215.77999877929688,83512100,184.73272705078125
2016-10-04,215.91000366210932,216.1699981689453,213.9900054931641,214.67999267578125,119948100,183.79098510742188
2016-10-05,215.41000366210932,216.1300048828125,215.3300018310547,215.6300048828125,72816000,184.60430908203125
2016-10-06,215.3699951171875,216.0399932861328,214.7400054931641,215.77999877929688,62927400,184.73272705078125
2016-10-07,216.1000061035156,216.3000030517578,214.19000244140625,215.0399932861328,89788300,184.0992431640625
2016-10-10,216.16000366210932,216.6999969482422,215.9900054931641,216.16000366210932,51855000,185.0580139160156
2016-10-11,215.66000366210932,215.7400054931641,212.5800018310547,213.42999267578125,130367400,182.7208709716797
2016-10-12,213.58999633789065,214.32000732421875,213.009994506836,213.7100067138672,73866100,182.9605865478516
2016-10-13,212.16000366210932,213.58999633789065,211.2100067138672,213.009994506836,101357000,182.3612365722656
2016-10-14,214.1499938964844,214.69000244140625,213.02999877929688,213.1199951171875,93346200,182.4554443359375
2016-10-17,213.08999633789065,213.38999938964844,212.1699981689453,212.3800048828125,58275700,181.8219451904297
2016-10-18,214.2400054931641,214.3099975585937,213.2700042724609,213.7100067138672,76869700,182.9605865478516
2016-10-19,214.0200042724609,214.63999938964844,213.6000061035156,214.27999877929688,66519200,183.4485626220703
2016-10-20,213.8699951171875,214.52999877929688,213.1100006103516,213.8800048828125,73639800,183.10610961914065
2016-10-21,213.8800048828125,214.0800018310547,212.759994506836,213.97999572753903,89089100,183.1916656494141
2016-10-24,215.0,215.32000732421875,214.47999572753903,214.88999938964844,60146600,183.9707794189453
2016-10-25,214.67999267578125,214.97999572753903,213.97999572753903,214.1699981689453,66542300,183.3543701171875
2016-10-26,213.2100067138672,214.4199981689453,212.92999267578125,213.7400054931641,75705500,182.9862518310547
2016-10-27,214.5800018310547,214.6199951171875,213.0800018310547,213.1699981689453,77220200,182.498275756836
2016-10-28,213.13999938964844,213.92999267578125,211.7100067138672,212.5399932861328,140623200,181.95887756347656
2016-10-31,212.92999267578125,213.19000244140625,212.3600006103516,212.5500030517578,61272500,181.9674530029297
2016-11-01,212.92999267578125,212.9900054931641,209.6000061035156,211.009994506836,122781800,180.64907836914065
2016-11-02,210.6499938964844,211.1000061035156,209.22999572753903,209.7400054931641,103330800,179.56179809570312
2016-11-03,209.9900054931641,210.2400054931641,208.4600067138672,208.77999877929688,88939300,178.7399139404297
2016-11-04,208.91000366210932,209.88999938964844,208.3800048828125,208.5500030517578,109122100,178.54298400878906
2016-11-07,208.5500030517578,213.19000244140625,208.5500030517578,213.1499938964844,109794900,182.48114013671875
2016-11-08,212.69000244140625,214.7700042724609,212.3800048828125,214.1100006103516,106772100,183.30300903320312
2016-11-09,212.3699951171875,217.1000061035156,212.33999633789065,216.3800048828125,258429000,185.24639892578125
2016-11-10,217.3000030517578,218.3099975585937,215.22000122070312,216.9199981689453,172113300,185.70870971679688
2016-11-11,216.0800018310547,216.6999969482422,215.32000732421875,216.4199981689453,100552700,185.2806396484375
2016-11-14,217.02999877929688,217.2700042724609,215.72000122070312,216.58999633789065,94580000,185.4261779785156
2016-11-15,217.0399932861328,218.27999877929688,216.8000030517578,218.27999877929688,91652600,186.8730010986328
2016-11-16,217.5599975585937,218.13999938964844,217.4199981689453,217.8699951171875,65617700,186.52198791503903
2016-11-17,218.0500030517578,219.0599975585937,217.9199981689453,218.9900054931641,69797200,187.4808959960937
2016-11-18,219.07000732421875,219.2700042724609,218.2899932861328,218.5,86265800,187.0613555908203
2016-11-21,219.1699981689453,220.17999267578125,219.0,220.1499938964844,72402600,188.4739532470703
2016-11-22,220.509994506836,220.7899932861328,219.72999572753903,220.5800018310547,67429000,188.8420562744141
2016-11-23,219.97999572753903,220.759994506836,219.75,220.6999969482422,56620200,188.94479370117188
2016-11-25,221.1000061035156,221.5599975585937,221.009994506836,221.5200042724609,37872300,189.64682006835932
2016-11-28,221.16000366210932,221.47999572753903,220.3600006103516,220.47999572753903,76572500,188.7563934326172
2016-11-29,220.5200042724609,221.44000244140625,220.1699981689453,220.91000366210932,69886700,189.1246032714844
2016-11-30,221.6300048828125,221.82000732421875,220.3099975585937,220.3800048828125,113291800,188.67086791992188
2016-12-01,220.72999572753903,220.72999572753903,219.1499938964844,219.57000732421875,79040500,187.97740173339844
2016-12-02,219.6699981689453,220.25,219.259994506836,219.67999267578125,74840300,188.07156372070312
2016-12-05,220.6499938964844,221.3999938964844,220.4199981689453,221.0,67837800,189.2016448974609
2016-12-06,221.22000122070312,221.7400054931641,220.66000366210932,221.6999969482422,59877400,189.8009033203125
2016-12-07,221.5200042724609,224.6699981689453,221.3800048828125,224.6000061035156,110738100,192.2836456298828
2016-12-08,224.57000732421875,225.6999969482422,224.259994506836,225.1499938964844,99714400,192.75454711914065
2016-12-09,225.41000366210932,226.52999877929688,225.3699951171875,226.509994506836,88005800,193.91883850097656
2016-12-12,226.3999938964844,226.9600067138672,225.759994506836,226.25,102016100,193.69625854492188
2016-12-13,227.0200042724609,228.33999633789065,227.0,227.759994506836,110477500,194.988998413086
2016-12-14,227.41000366210932,228.22999572753903,225.3699951171875,225.8800048828125,142501800,193.3794708251953
2016-12-15,226.16000366210932,227.8099975585937,225.88999938964844,226.8099975585937,124972600,194.1756896972656
2016-12-16,226.009994506836,226.0800018310547,224.6699981689453,225.0399932861328,156420200,193.79592895507807
2016-12-19,225.25,226.0200042724609,225.0800018310547,225.52999877929688,90341100,194.2178649902344
2016-12-20,226.1499938964844,226.57000732421875,225.8800048828125,226.3999938964844,89838800,194.9670867919922
2016-12-21,226.25,226.4499969482422,225.7700042724609,225.7700042724609,67909000,194.4245147705078
2016-12-22,225.6000061035156,225.7400054931641,224.9199981689453,225.3800048828125,56219100,194.08872985839844
2016-12-23,225.42999267578125,225.72000122070312,225.2100067138672,225.7100067138672,36697800,194.37290954589844
2016-12-27,226.0200042724609,226.72999572753903,226.0,226.2700042724609,42672500,194.85513305664065
2016-12-28,226.57000732421875,226.58999633789065,224.2700042724609,224.3999938964844,64095000,193.2447509765625
2016-12-29,224.47999572753903,224.88999938964844,223.83999633789065,224.3500061035156,48696100,193.2017364501953
2016-12-30,224.72999572753903,224.8300018310547,222.72999572753903,223.52999877929688,108998300,192.4955596923828
2017-01-03,225.0399932861328,225.8300018310547,223.8800048828125,225.2400054931641,91366500,193.9681396484375
2017-01-04,225.6199951171875,226.75,225.6100006103516,226.5800018310547,78744400,195.1220550537109
2017-01-05,226.2700042724609,226.5800018310547,225.47999572753903,226.3999938964844,78379000,194.9670867919922
2017-01-06,226.52999877929688,227.75,225.8999938964844,227.2100067138672,71559900,195.66465759277344
2017-01-09,226.91000366210932,227.07000732421875,226.4199981689453,226.4600067138672,46939700,195.018783569336
2017-01-10,226.47999572753903,227.4499969482422,226.009994506836,226.4600067138672,63771900,195.018783569336
2017-01-11,226.3600006103516,227.1000061035156,225.58999633789065,227.1000061035156,74650000,195.5699157714844
2017-01-12,226.5,226.75,224.9600067138672,226.52999877929688,72113200,195.07907104492188
2017-01-13,226.72999572753903,227.3999938964844,226.69000244140625,227.0500030517578,62717900,195.52688598632807
2017-01-17,226.3099975585937,226.77999877929688,225.8000030517578,226.25,61240800,194.8379364013672
2017-01-18,226.5399932861328,226.8000030517578,225.8999938964844,226.75,54793300,195.2685089111328
2017-01-19,226.83999633789065,227.0,225.41000366210932,225.91000366210932,66608800,194.54510498046875
2017-01-20,226.6999969482422,227.3099975585937,225.97000122070312,226.7400054931641,129168600,195.2598876953125
2017-01-23,226.7400054931641,226.8099975585937,225.2700042724609,226.1499938964844,75061600,194.75177001953125
2017-01-24,226.3999938964844,228.0800018310547,226.2700042724609,227.6000061035156,95555300,196.00048828125
2017-01-25,228.6999969482422,229.57000732421875,228.509994506836,229.57000732421875,84437700,197.69696044921875
2017-01-26,229.3999938964844,229.7100067138672,229.009994506836,229.3300018310547,59970700,197.4903259277344
2017-01-27,229.4199981689453,229.58999633789065,228.759994506836,228.97000122070312,59711100,197.18028259277344
2017-01-30,228.1699981689453,228.1999969482422,226.41000366210932,227.5500030517578,79737300,195.9574279785156
2017-01-31,226.97999572753903,227.6000061035156,226.32000732421875,227.52999877929688,75880800,195.94024658203125
2017-02-01,227.52999877929688,228.58999633789065,226.94000244140625,227.6199951171875,79117700,196.01768493652344
2017-02-02,227.6199951171875,228.1000061035156,226.82000732421875,227.7700042724609,69657600,196.1468811035156
2017-02-03,228.82000732421875,229.5500030517578,228.4600067138672,229.33999633789065,80563200,197.4989013671875
2017-02-06,228.8699951171875,229.3300018310547,228.5399932861328,228.92999267578125,57790100,197.14581298828125
2017-02-07,229.3800048828125,229.66000366210932,228.72000122070312,228.94000244140625,57931200,197.1544342041016
2017-02-08,228.94000244140625,229.38999938964844,228.3099975585937,229.2400054931641,51566200,197.4127960205078
2017-02-09,229.2400054931641,230.9499969482422,229.2400054931641,230.6000061035156,65955200,198.58395385742188
2017-02-10,231.0,231.7700042724609,230.6199951171875,231.509994506836,66015900,199.36764526367188
2017-02-13,232.0800018310547,233.07000732421875,232.0500030517578,232.7700042724609,55182100,200.4527587890625
2017-02-14,232.5599975585937,233.7100067138672,232.16000366210932,233.6999969482422,71109000,201.2535552978516
2017-02-15,233.4499969482422,235.13999938964844,233.38999938964844,234.9199981689453,86785800,202.3041839599609
2017-02-16,234.9499969482422,235.16000366210932,233.8500061035156,234.72000122070312,84722400,202.1319732666016
2017-02-17,233.9499969482422,235.08999633789065,233.92999267578125,235.08999633789065,77204100,202.4505920410156
2017-02-21,235.5200042724609,236.69000244140625,235.509994506836,236.4900054931641,88946100,203.65625
2017-02-22,236.0200042724609,236.5399932861328,235.8300018310547,236.27999877929688,62115200,203.4753875732422
2017-02-23,236.8800048828125,236.8999938964844,235.5599975585937,236.44000244140625,74615900,203.61314392089844
2017-02-24,235.4600067138672,236.7899932861328,235.41000366210932,236.7400054931641,82381600,203.8715209960937
2017-02-27,236.63999938964844,237.3099975585937,236.3500061035156,237.1100006103516,56515400,204.1901397705078
2017-02-28,236.6699981689453,236.9499969482422,236.0200042724609,236.47000122070312,96961900,203.6389923095703
2017-03-01,238.38999938964844,240.32000732421875,238.3699951171875,239.77999877929688,149158200,206.48947143554688
2017-03-02,239.5599975585937,239.57000732421875,238.2100067138672,238.2700042724609,70246000,205.1890563964844
2017-03-03,238.1699981689453,238.6100006103516,237.72999572753903,238.4199981689453,81974300,205.3182678222656
2017-03-06,237.5,238.1199951171875,237.009994506836,237.7100067138672,55391500,204.70684814453125
2017-03-07,237.3600006103516,237.7700042724609,236.759994506836,237.0,65103700,204.09539794921875
2017-03-08,237.33999633789065,237.63999938964844,236.3999938964844,236.5599975585937,78168800,203.71652221679688
2017-03-09,236.6999969482422,237.2400054931641,235.7400054931641,236.8600006103516,90683900,203.9748687744141
2017-03-10,237.97000122070312,238.0200042724609,236.58999633789065,237.69000244140625,81991700,204.68960571289065
2017-03-13,237.6199951171875,237.8600006103516,237.2400054931641,237.8099975585937,57256800,204.79298400878903
2017-03-14,237.17999267578125,237.2400054931641,236.19000244140625,236.8999938964844,59880800,204.00930786132807
2017-03-15,237.5599975585937,239.44000244140625,237.2899932861328,238.9499969482422,96081800,205.7747344970703
2017-03-16,239.1100006103516,239.1999969482422,238.1000061035156,238.47999572753903,78344000,205.36993408203125
2017-03-17,237.75,237.97000122070312,237.02999877929688,237.02999877929688,89002100,205.0093231201172
2017-03-20,237.02999877929688,237.3600006103516,236.32000732421875,236.7700042724609,52537000,204.784408569336
2017-03-21,237.47000122070312,237.6100006103516,233.5800018310547,233.72999572753903,131809300,202.15509033203125
2017-03-22,233.7700042724609,234.6100006103516,233.0500030517578,234.27999877929688,97569200,202.6307678222656
2017-03-23,234.27999877929688,235.33999633789065,233.6000061035156,234.02999877929688,100410300,202.4145355224609
2017-03-24,234.3800048828125,235.0399932861328,232.9600067138672,233.8600006103516,112504900,202.26747131347656
2017-03-27,231.92999267578125,233.9199981689453,231.6100006103516,233.6199951171875,87454500,202.05990600585932
2017-03-28,233.2700042724609,235.8099975585937,233.13999938964844,235.32000732421875,93483900,203.53024291992188
2017-03-29,234.9900054931641,235.8099975585937,234.72999572753903,235.5399932861328,61950400,203.72048950195312
2017-03-30,235.47000122070312,236.5200042724609,235.2700042724609,236.2899932861328,56737900,204.36920166015625
2017-03-31,235.8999938964844,236.509994506836,235.67999267578125,235.7400054931641,73733100,203.89352416992188
2017-04-03,235.8000030517578,236.02999877929688,233.91000366210932,235.3300018310547,85546500,203.53884887695312
2017-04-04,235.0,235.5800018310547,234.5599975585937,235.47999572753903,56466200,203.6686248779297
2017-04-05,236.259994506836,237.38999938964844,234.5399932861328,234.77999877929688,108800600,203.0632476806641
2017-04-06,234.94000244140625,236.0399932861328,234.42999267578125,235.44000244140625,69135800,203.6340789794922
2017-04-07,235.1499938964844,236.0,234.63999938964844,235.1999969482422,74412300,203.426498413086
2017-04-10,235.3600006103516,236.259994506836,234.72999572753903,235.33999633789065,67615300,203.547592163086
2017-04-11,234.8999938964844,235.17999267578125,233.33999633789065,235.0599975585937,88045300,203.305404663086
2017-04-12,234.7400054931641,234.9600067138672,233.7700042724609,234.02999877929688,81864400,202.4145355224609
2017-04-13,233.63999938964844,234.4900054931641,232.509994506836,232.509994506836,92880400,201.0998687744141
2017-04-17,233.1100006103516,234.57000732421875,232.8800048828125,234.57000732421875,68405400,202.88156127929688
2017-04-18,233.72000122070312,234.4900054931641,233.0800018310547,233.8699951171875,83225800,202.27615356445312
2017-04-19,234.5200042724609,234.9499969482422,233.17999267578125,233.44000244140625,68699900,201.9042510986328
2017-04-20,234.1499938964844,235.8500061035156,233.77999877929688,235.33999633789065,92572200,203.547592163086
2017-04-21,235.25,235.3099975585937,234.1300048828125,234.58999633789065,110389800,202.8989105224609
2017-04-24,237.17999267578125,237.41000366210932,234.5599975585937,237.1699981689453,119209900,205.13034057617188
2017-04-25,237.91000366210932,238.9499969482422,237.8099975585937,238.5500030517578,76698300,206.32391357421875
2017-04-26,238.509994506836,239.52999877929688,238.3500061035156,238.3999938964844,84702500,206.19418334960932
2017-04-27,238.7700042724609,238.9499969482422,237.97999572753903,238.6000061035156,57410300,206.36715698242188
2017-04-28,238.8999938964844,238.92999267578125,237.92999267578125,238.0800018310547,63532800,205.9174041748047
2017-05-01,238.67999267578125,239.1699981689453,238.1999969482422,238.67999267578125,66882500,206.4363555908203
2017-05-02,238.83999633789065,238.97999572753903,238.3000030517578,238.7700042724609,57375700,206.51419067382807
2017-05-03,238.7700042724609,238.8800048828125,237.6999969482422,238.47999572753903,73137700,206.263412475586
2017-05-04,238.8300018310547,238.9199981689453,237.77999877929688,238.759994506836,61462700,206.5055389404297
2017-05-05,239.19000244140625,239.72000122070312,238.67999267578125,239.6999969482422,62001300,207.3185577392578
2017-05-08,239.75,239.9199981689453,239.1699981689453,239.66000366210932,48385700,207.28399658203125
2017-05-09,239.9600067138672,240.19000244140625,239.0399932861328,239.44000244140625,51363200,207.09371948242188
2017-05-10,239.38999938964844,239.8699951171875,239.1499938964844,239.8699951171875,54293800,207.46551513671875
2017-05-11,239.3500061035156,239.57000732421875,238.1300048828125,239.3800048828125,62358300,207.04183959960932
2017-05-12,239.08999633789065,239.42999267578125,238.6699981689453,238.97999572753903,53912700,206.69581604003903
2017-05-15,239.47000122070312,240.44000244140625,239.4499969482422,240.3000030517578,61918900,207.8375244140625
2017-05-16,240.63999938964844,240.6699981689453,239.6300048828125,240.0800018310547,51241800,207.647216796875
2017-05-17,240.0800018310547,240.0800018310547,235.75,235.82000732421875,172174100,203.96273803710932
2017-05-18,235.72999572753903,237.75,235.42999267578125,236.7700042724609,107047700,204.784408569336
2017-05-19,237.3300018310547,239.0800018310547,237.2700042724609,238.3099975585937,115011400,206.1162872314453
2017-05-22,238.8999938964844,239.7100067138672,238.82000732421875,239.5200042724609,61010600,207.1628570556641
2017-05-23,239.9499969482422,240.2400054931641,239.509994506836,240.0500030517578,48341700,207.6213531494141
2017-05-24,240.32000732421875,240.72999572753903,239.92999267578125,240.6100006103516,46927700,208.1056365966797
2017-05-25,241.1999969482422,242.0800018310547,240.9600067138672,241.759994506836,64071700,209.1002655029297
2017-05-26,241.5399932861328,241.8999938964844,241.4499969482422,241.7100067138672,46629900,209.05702209472656
2017-05-30,241.33999633789065,241.7899932861328,241.16000366210932,241.5,35201900,208.8753662109375
2017-05-31,241.83999633789065,241.8800048828125,240.63999938964844,241.44000244140625,91796000,208.8235015869141
2017-06-01,241.97000122070312,243.3800048828125,241.63999938964844,243.3600006103516,68962000,210.484130859375
2017-06-02,243.4199981689453,244.3500061035156,243.0800018310547,244.1699981689453,88666100,211.1847076416016
2017-06-05,243.97000122070312,244.3000030517578,243.759994506836,243.9900054931641,44698800,211.02902221679688
2017-06-06,243.33999633789065,243.97999572753903,243.1199951171875,243.2100067138672,50375400,210.3544158935547
2017-06-07,243.6000061035156,243.9199981689453,242.8300018310547,243.66000366210932,54144300,210.74362182617188
2017-06-08,243.7700042724609,244.3300018310547,243.1699981689453,243.77999877929688,65950700,210.847396850586
2017-06-09,244.08999633789065,245.009994506836,241.9499969482422,243.41000366210932,132256400,210.5274353027344
2017-06-12,243.1300048828125,243.4199981689453,242.3800048828125,243.3600006103516,86108100,210.484130859375
2017-06-13,243.97999572753903,244.6100006103516,243.5800018310547,244.5500030517578,60067000,211.513412475586
2017-06-14,244.8600006103516,244.8699951171875,243.2899932861328,244.2400054931641,78602300,211.2452850341797
2017-06-15,242.67999267578125,243.91000366210932,242.3600006103516,243.7700042724609,66464900,210.83876037597656
2017-06-16,242.7700042724609,242.8300018310547,241.6300048828125,242.63999938964844,84553100,210.8848114013672
2017-06-19,243.58999633789065,244.72999572753903,243.47999572753903,244.66000366210932,65123800,212.64044189453125
2017-06-20,244.25,244.259994506836,242.9900054931641,243.009994506836,56906400,211.2064208984375
2017-06-21,243.4600067138672,243.58999633789065,242.41000366210932,242.9499969482422,55977600,211.1542205810547
2017-06-22,242.9600067138672,243.52999877929688,242.63999938964844,242.83999633789065,44148100,211.05862426757807
2017-06-23,242.91000366210932,243.509994506836,242.47000122070312,243.1300048828125,66986800,211.31072998046875
2017-06-26,243.8999938964844,244.3800048828125,243.0500030517578,243.2899932861328,56700500,211.4497528076172
2017-06-27,243.0399932861328,243.3800048828125,241.3099975585937,241.3300018310547,82247700,209.74624633789065
2017-06-28,242.5,243.72000122070312,242.22999572753903,243.4900054931641,70042600,211.6235809326172
2017-06-29,243.66000366210932,243.72000122070312,239.9600067138672,241.3500061035156,106949700,209.7636566162109
2017-06-30,242.27999877929688,242.7100067138672,241.5800018310547,241.8000030517578,86820700,210.1547241210937
2017-07-03,242.8800048828125,243.3800048828125,242.2100067138672,242.2100067138672,39153800,210.5111083984375
2017-07-05,242.6300048828125,243.009994506836,241.6999969482422,242.7700042724609,54427600,210.99783325195312
2017-07-06,241.88999938964844,242.02999877929688,240.33999633789065,240.5500030517578,65400800,209.0683441162109
2017-07-07,241.2100067138672,242.27999877929688,240.5599975585937,242.1100006103516,57972300,210.42417907714844
2017-07-10,242.1100006103516,242.8000030517578,241.759994506836,242.3699951171875,36663300,210.650131225586
2017-07-11,242.3699951171875,242.5500030517578,240.8500061035156,242.19000244140625,50354600,210.49371337890625
2017-07-12,243.3000030517578,244.1999969482422,243.3000030517578,244.009994506836,59610400,212.07550048828125
2017-07-13,244.0200042724609,244.5500030517578,243.759994506836,244.4199981689453,39471600,212.43185424804688
2017-07-14,244.4199981689453,245.97000122070312,244.3099975585937,245.5599975585937,60262700,213.4226531982422
2017-07-17,245.47000122070312,245.91000366210932,245.3300018310547,245.52999877929688,33531900,213.3965759277344
2017-07-18,245.0599975585937,245.72000122070312,244.6699981689453,245.66000366210932,42742500,213.50958251953125
2017-07-19,246.0200042724609,247.0,246.009994506836,246.9900054931641,51034300,214.66552734375
2017-07-20,247.27999877929688,247.4199981689453,246.47000122070312,247.1000061035156,47135200,214.7611083984375
2017-07-21,246.44000244140625,246.91000366210932,246.17999267578125,246.8800048828125,82340800,214.56993103027344
2017-07-24,246.7899932861328,246.97999572753903,246.27999877929688,246.82000732421875,46622300,214.5177764892578
2017-07-25,247.67999267578125,247.8000030517578,247.16000366210932,247.4199981689453,54915600,215.03927612304688
2017-07-26,247.75,247.7899932861328,247.1300048828125,247.42999267578125,47575400,215.0479278564453
2017-07-27,247.9600067138672,248.0,245.67999267578125,247.1999969482422,70766600,214.84800720214844
2017-07-28,246.6499938964844,247.0599975585937,246.1300048828125,246.91000366210932,50088400,214.5959930419922
2017-07-31,247.3699951171875,247.47999572753903,246.52999877929688,246.7700042724609,65838700,214.47430419921875
2017-08-01,247.4600067138672,247.5,246.72000122070312,247.32000732421875,55050400,214.952377319336
2017-08-02,247.47000122070312,247.6000061035156,246.3699951171875,247.44000244140625,47211200,215.0565795898437
2017-08-03,247.3099975585937,247.33999633789065,246.63999938964844,246.9600067138672,40856000,214.6394500732422
2017-08-04,247.5200042724609,247.7899932861328,246.97000122070312,247.41000366210932,60191800,215.03054809570312
2017-08-07,247.4900054931641,247.8699951171875,247.3699951171875,247.8699951171875,31995000,215.43035888671875
2017-08-08,247.509994506836,248.91000366210932,246.8300018310547,247.259994506836,61719400,214.9001922607422
2017-08-09,246.47000122070312,247.3099975585937,246.0599975585937,247.25,62632600,214.8915252685547
2017-08-10,246.2899932861328,246.44000244140625,243.6999969482422,243.759994506836,120479500,211.8582000732422
2017-08-11,244.0200042724609,244.8000030517578,243.75,244.1199951171875,74869900,212.171127319336
2017-08-14,245.58999633789065,246.7899932861328,245.5500030517578,246.5399932861328,73291900,214.2743682861328
2017-08-15,246.97999572753903,247.0,246.16000366210932,246.509994506836,55242700,214.2483062744141
2017-08-16,247.1100006103516,247.57000732421875,246.4499969482422,246.94000244140625,56715500,214.6220245361328
2017-08-17,246.2400054931641,246.6000061035156,243.08999633789065,243.08999633789065,128490400,211.27590942382807
2017-08-18,242.8999938964844,244.19000244140625,242.1999969482422,242.7100067138672,136748000,210.9456329345703
2017-08-21,242.63999938964844,243.1999969482422,241.8300018310547,242.8999938964844,65469700,211.11073303222656
2017-08-22,243.57000732421875,245.6199951171875,243.5500030517578,245.44000244140625,63140100,213.3184051513672
2017-08-23,244.3300018310547,245.0500030517578,244.16000366210932,244.5599975585937,50203800,212.5535430908203
2017-08-24,245.0,245.17999267578125,243.75,243.9900054931641,50741700,212.05813598632807
2017-08-25,244.8999938964844,245.6100006103516,244.38999938964844,244.5599975585937,64445900,212.5535430908203
2017-08-28,245.1699981689453,245.1999969482422,244.08999633789065,244.57000732421875,40565600,212.5622711181641
2017-08-29,243.0599975585937,245.1499938964844,242.92999267578125,244.8500061035156,51135700,212.8056182861328
2017-08-30,244.8300018310547,246.32000732421875,244.6199951171875,246.009994506836,62030800,213.81375122070312
2017-08-31,246.72000122070312,247.7700042724609,246.0500030517578,247.4900054931641,103803900,215.1000518798828
2017-09-01,247.9199981689453,248.3300018310547,247.6699981689453,247.83999633789065,62007000,215.404296875
2017-09-05,247.259994506836,247.5200042724609,244.9499969482422,246.0599975585937,91398800,213.85723876953125
2017-09-06,246.83999633789065,247.27999877929688,246.22999572753903,246.8999938964844,57916900,214.58729553222656
2017-09-07,247.25,247.2700042724609,246.3999938964844,246.8699951171875,58034700,214.5612335205078
2017-09-08,246.5399932861328,247.1100006103516,246.3000030517578,246.5800018310547,63832800,214.3091583251953
2017-09-11,248.0399932861328,249.3000030517578,248.0200042724609,249.2100067138672,71364800,216.59494018554688
2017-09-12,249.6300048828125,250.08999633789065,249.4199981689453,250.0500030517578,56896000,217.3250732421875
2017-09-13,249.72000122070312,250.2100067138672,249.58999633789065,250.1699981689453,59228000,217.4293365478516
2017-09-14,249.8000030517578,250.32000732421875,249.6000061035156,250.08999633789065,95446300,217.3598022460937
2017-09-15,248.69000244140625,249.2899932861328,248.57000732421875,249.19000244140625,95432400,217.6524353027344
2017-09-18,249.6100006103516,250.1199951171875,249.27999877929688,249.72000122070312,46235200,218.1153717041016
2017-09-19,250.0,250.07000732421875,249.6000061035156,249.97000122070312,47108100,218.333724975586
2017-09-20,250.07000732421875,250.19000244140625,248.9199981689453,250.0599975585937,59574100,218.4123077392578
2017-09-21,249.8800048828125,249.97999572753903,249.19000244140625,249.38999938964844,48211400,217.82711791992188
2017-09-22,249.0500030517578,249.6300048828125,249.0200042724609,249.44000244140625,51214000,217.8707427978516
2017-09-25,249.1499938964844,249.5500030517578,248.0800018310547,248.92999267578125,57064400,217.42535400390625
2017-09-26,249.4199981689453,249.6999969482422,248.8099975585937,249.0800018310547,54082000,217.556381225586
2017-09-27,249.8800048828125,250.4900054931641,248.8699951171875,250.0500030517578,81001400,218.4036102294922
2017-09-28,249.72999572753903,250.44000244140625,249.6300048828125,250.3500061035156,44778800,218.6656188964844
2017-09-29,250.33999633789065,251.32000732421875,250.1300048828125,251.22999572753903,85578000,219.43423461914065
2017-10-02,251.4900054931641,252.32000732421875,251.2899932861328,252.32000732421875,59023000,220.3862762451172
2017-10-03,252.32000732421875,252.88999938964844,252.22999572753903,252.8600006103516,66810200,220.85794067382807
2017-10-04,252.69000244140625,253.44000244140625,252.5599975585937,253.16000366210932,55953600,221.1199951171875
2017-10-05,253.5399932861328,254.67999267578125,253.1999969482422,254.66000366210932,63522800,222.4300994873047
2017-10-06,254.1499938964844,254.6999969482422,253.8500061035156,254.3699951171875,80646000,222.17678833007807
2017-10-09,254.6300048828125,254.6999969482422,253.6499938964844,253.9499969482422,35803100,221.8099822998047
2017-10-10,254.6000061035156,255.0500030517578,253.97999572753903,254.6199951171875,43057400,222.3951416015625
2017-10-11,254.509994506836,255.0200042724609,254.32000732421875,255.0200042724609,47674300,222.7445831298828
2017-10-12,254.66000366210932,255.0599975585937,254.3699951171875,254.63999938964844,47065100,222.41270446777344
2017-10-13,255.13999938964844,255.2700042724609,254.63999938964844,254.9499969482422,54800400,222.6833953857422
2017-10-16,255.2100067138672,255.509994506836,254.82000732421875,255.2899932861328,38221700,222.9803771972656
2017-10-17,255.22999572753903,255.5200042724609,254.97999572753903,255.47000122070312,31561000,223.1376190185547
2017-10-18,255.8999938964844,255.9499969482422,255.5,255.72000122070312,40888300,223.35595703125
2017-10-19,254.8300018310547,255.8300018310547,254.3500061035156,255.7899932861328,61903800,223.4171295166016
2017-10-20,256.70001220703125,257.1400146484375,255.7700042724609,257.1099853515625,89176400,224.570053100586
2017-10-23,257.4800109863281,257.510009765625,256.0199890136719,256.1099853515625,63915300,223.69659423828125
2017-10-24,256.6000061035156,256.8299865722656,256.1499938964844,256.5599975585937,66935900,224.08966064453125
2017-10-25,256.17999267578125,256.3099975585937,254.0,255.2899932861328,103715300,222.9803771972656
2017-10-26,255.9900054931641,256.29998779296875,255.47999572753903,255.6199951171875,69798000,223.2686309814453
2017-10-27,256.4700012207031,257.8900146484375,255.6300048828125,257.7099914550781,85562500,225.0940704345703
2017-10-30,256.4700012207031,257.6000061035156,256.4100036621094,256.75,54285700,224.255615234375
2017-10-31,257.17999267578125,257.44000244140625,256.8099975585937,257.1499938964844,60304800,224.6049346923828
2017-11-01,258.0400085449219,258.42999267578125,257.07000732421875,257.489990234375,54202700,224.9019470214844
2017-11-02,257.4100036621094,257.75,256.19000244140625,257.5899963378906,56449500,224.98927307128903
2017-11-03,257.7699890136719,258.5,257.29998779296875,258.45001220703125,59589700,225.740463256836
2017-11-06,258.29998779296875,259.0,258.2200012207031,258.8500061035156,49652600,226.0898895263672
2017-11-07,258.9700012207031,259.3500061035156,258.0899963378906,258.6700134277344,57502200,225.93263244628903
2017-11-08,258.4700012207031,259.2200012207031,258.1499938964844,259.1099853515625,50469600,226.3169708251953
2017-11-09,257.7300109863281,258.3900146484375,256.3599853515625,258.1700134277344,95085500,225.49588012695312
2017-11-10,257.7300109863281,258.2900085449219,257.3699951171875,258.0899963378906,59984700,225.426010131836
2017-11-13,257.3099975585937,258.5899963378906,257.2699890136719,258.3299865722656,50228600,225.63560485839844
2017-11-14,257.4100036621094,257.8500061035156,256.5199890136719,257.7300109863281,61315200,225.11163330078125
2017-11-15,256.6199951171875,257.2200012207031,255.6300048828125,256.44000244140625,80811500,223.98487854003903
2017-11-16,257.5199890136719,259.0400085449219,257.4700012207031,258.6199951171875,67777000,225.8889312744141
2017-11-17,258.2200012207031,258.5899963378906,257.7699890136719,257.8599853515625,75756800,225.22511291503903
2017-11-20,258.1400146484375,258.5199890136719,257.8599853515625,258.29998779296875,48075500,225.6094512939453
2017-11-21,259.17999267578125,260.20001220703125,258.260009765625,259.989990234375,69176800,227.08555603027344
2017-11-22,260.0,260.1499938964844,259.57000732421875,259.760009765625,45033400,226.8847045898437
2017-11-24,260.32000732421875,260.4800109863281,260.1600036621094,260.3599853515625,27856500,227.40870666503903
2017-11-27,260.4100036621094,260.75,260.0,260.2300109863281,52274900,227.2952117919922
2017-11-28,260.760009765625,262.8999938964844,260.6499938964844,262.8699951171875,98971700,229.60107421875
2017-11-29,263.0199890136719,263.6300048828125,262.20001220703125,262.7099914550781,77512100,229.4613800048828
2017-11-30,263.760009765625,266.04998779296875,263.6700134277344,265.010009765625,127894400,231.47024536132807
2017-12-01,264.760009765625,265.3099975585937,260.760009765625,264.4599914550781,164390900,230.9897918701172
2017-12-04,266.3099975585937,266.79998779296875,264.0799865722656,264.1400146484375,94040600,230.7103729248047
2017-12-05,263.19000244140625,265.1499938964844,263.0400085449219,263.19000244140625,77994500,229.88058471679688
2017-12-06,263.29998779296875,263.7300109863281,262.7099914550781,263.239990234375,75898600,229.92420959472656
2017-12-07,264.07000732421875,264.42999267578125,262.94000244140625,264.07000732421875,77218600,230.6491851806641
2017-12-08,265.1600036621094,265.5199890136719,264.0299987792969,265.510009765625,76563900,231.9069366455078
2017-12-11,266.3099975585937,266.3800048828125,265.4800109863281,266.3099975585937,83077500,232.6057281494141
2017-12-12,267.2099914550781,267.32000732421875,266.3500061035156,266.7799987792969,85195800,233.01617431640625
2017-12-13,267.0599975585937,267.5599975585937,266.6499938964844,266.75,102905400,232.99008178710932
2017-12-14,267.0899963378906,267.2200012207031,265.6000061035156,265.6600036621094,100666700,232.0379180908203
2017-12-15,265.45001220703125,267.0400085449219,265.3900146484375,266.510009765625,144610300,233.9702606201172
2017-12-18,268.1000061035156,268.6000061035156,267.9800109863281,268.20001220703125,83653600,235.4538726806641
2017-12-19,268.4800109863281,268.5299987792969,267.0899963378906,267.1700134277344,82382900,234.5496826171875
2017-12-20,268.2699890136719,268.3299865722656,266.69000244140625,267.0299987792969,76751500,234.4266662597656
2017-12-21,267.739990234375,268.3900146484375,267.29998779296875,267.5799865722656,67032300,234.9095916748047
2017-12-22,267.6000061035156,267.6400146484375,266.8999938964844,267.510009765625,78720900,234.8480987548828
2017-12-26,267.04998779296875,267.44000244140625,266.8900146484375,267.19000244140625,45244400,234.5672149658203
2017-12-27,267.3800048828125,267.7300109863281,267.010009765625,267.32000732421875,57751000,234.68133544921875
2017-12-28,267.8900146484375,267.9200134277344,267.45001220703125,267.8699951171875,45116100,235.1641845703125
2017-12-29,268.5299987792969,268.54998779296875,266.6400146484375,266.8599853515625,96007400,234.27745056152344
2018-01-02,267.8399963378906,268.8099975585937,267.3999938964844,268.7699890136719,86655700,235.95428466796875
2018-01-03,268.9599914550781,270.6400146484375,268.9599914550781,270.4700012207031,90070400,237.4467010498047
2018-01-04,271.20001220703125,272.1600036621094,270.5400085449219,271.6099853515625,80636400,238.447509765625
2018-01-05,272.510009765625,273.5599975585937,271.95001220703125,273.4200134277344,83524000,240.0365295410156
2018-01-08,273.3099975585937,274.1000061035156,272.9800109863281,273.9200134277344,57319200,240.4755401611328
2018-01-09,274.3999938964844,275.25,274.0799865722656,274.5400085449219,57254000,241.01983642578125
2018-01-10,273.67999267578125,274.4200134277344,272.9200134277344,274.1199951171875,69574300,240.6510772705078
2018-01-11,274.75,276.1199951171875,274.5599975585937,276.1199951171875,62361500,242.40684509277344
2018-01-12,276.4200134277344,278.1099853515625,276.0799865722656,277.9200134277344,90816100,243.987060546875
2018-01-16,279.3500061035156,280.0899963378906,276.17999267578125,276.9700012207031,106555100,243.15313720703125
2018-01-17,278.0299987792969,280.04998779296875,276.9700012207031,279.6099853515625,113258800,245.4706878662109
2018-01-18,279.4800109863281,279.9599914550781,278.5799865722656,279.1400146484375,100728000,245.0581970214844
2018-01-19,279.79998779296875,280.4100036621094,279.1400146484375,280.4100036621094,140920100,246.17318725585932
2018-01-22,280.1700134277344,282.69000244140625,280.1099853515625,282.69000244140625,91322400,248.17483520507807
2018-01-23,282.739990234375,283.6199951171875,282.3699951171875,283.2900085449219,97084700,248.701400756836
2018-01-24,284.0199890136719,284.70001220703125,281.8399963378906,283.17999267578125,134816100,248.6049194335937
2018-01-25,284.1600036621094,284.2699890136719,282.3999938964844,283.29998779296875,84587300,248.7101593017578
2018-01-26,284.25,286.6300048828125,283.9599914550781,286.5799865722656,107743100,251.5897979736328
2018-01-29,285.92999267578125,286.42999267578125,284.5,284.67999267578125,90118300,249.92176818847656
2018-01-30,282.6000061035156,284.739990234375,281.2200012207031,281.760009765625,131796400,247.35826110839844
2018-01-31,282.7300109863281,283.29998779296875,280.67999267578125,281.8999938964844,108364800,247.4811553955078
2018-02-01,281.07000732421875,283.0599975585937,280.67999267578125,281.5799865722656,90102500,247.20022583007807
2018-02-02,280.0799865722656,280.2300109863281,275.4100036621094,275.45001220703125,173174800,241.8187561035156
2018-02-05,273.45001220703125,275.8500061035156,263.3099975585937,263.92999267578125,294681800,231.7052459716797
2018-02-06,259.94000244140625,269.70001220703125,258.70001220703125,269.1300048828125,355026800,236.2703399658203
2018-02-07,268.5,272.3599853515625,267.5799865722656,267.6700134277344,167376100,234.98858642578125
2018-02-08,268.010009765625,268.1700134277344,257.5899963378906,257.6300048828125,246449500,226.17446899414065
2018-02-09,260.79998779296875,263.6099853515625,252.9199981689453,261.5,283565300,229.57196044921875
2018-02-12,263.8299865722656,267.010009765625,261.6600036621094,265.3399963378906,143736000,232.94305419921875
2018-02-13,263.9700012207031,266.6199951171875,263.3099975585937,266.0,81223600,233.5225067138672
2018-02-14,264.3099975585937,270.0,264.29998779296875,269.5899963378906,120735700,236.6742706298828
2018-02-15,271.57000732421875,273.0400085449219,268.7699890136719,273.0299987792969,111200300,239.69422912597656
2018-02-16,272.32000732421875,275.32000732421875,272.2699890136719,273.1099853515625,160420100,239.764404296875
2018-02-20,272.0299987792969,273.6700134277344,270.5,271.3999938964844,86369700,238.26318359375
2018-02-21,271.8999938964844,274.7200012207031,269.94000244140625,270.04998779296875,98883700,237.0780334472656
2018-02-22,271.1000061035156,273.04998779296875,269.6400146484375,270.3999938964844,110511300,237.3853454589844
2018-02-23,271.7900085449219,274.7099914550781,271.25,274.7099914550781,92766400,241.1690673828125
2018-02-26,275.92999267578125,278.010009765625,275.260009765625,277.8999938964844,86491400,243.9695587158203
2018-02-27,278.1099853515625,278.9200134277344,274.3599853515625,274.42999267578125,99099200,240.92330932617188
2018-02-28,275.67999267578125,276.19000244140625,271.2900085449219,271.6499938964844,121907800,238.48269653320312
2018-03-01,271.4100036621094,273.1700134277344,266.0,267.70001220703125,176855100,235.0149078369141
2018-03-02,265.79998779296875,269.7200012207031,264.82000732421875,269.0799865722656,139083200,236.22640991210932
2018-03-05,267.7300109863281,272.8900146484375,267.6099853515625,272.19000244140625,97307400,238.956771850586
2018-03-06,273.29998779296875,273.3900146484375,271.17999267578125,272.8800048828125,79213200,239.56253051757807
2018-03-07,270.4200134277344,273.17999267578125,270.20001220703125,272.7799987792969,87063500,239.47471618652344
2018-03-08,273.54998779296875,274.239990234375,272.4200134277344,274.1000061035156,66901200,240.633544921875
2018-03-09,275.70001220703125,278.8699951171875,275.3399963378906,278.8699951171875,113625300,244.8211212158203
2018-03-12,279.20001220703125,279.9100036621094,278.0799865722656,278.5199890136719,71924800,244.51382446289065
2018-03-13,279.8399963378906,280.4100036621094,276.0299987792969,276.7200012207031,91968900,242.93362426757807
2018-03-14,277.8099975585937,278.0199890136719,274.6700134277344,275.29998779296875,105895100,241.6869659423828
2018-03-15,275.8800048828125,276.6099853515625,274.42999267578125,275.0,83433000,241.4235992431641
2018-03-16,274.5,275.3900146484375,274.1400146484375,274.20001220703125,100343700,241.6854553222656
2018-03-19,273.3500061035156,274.3999938964844,268.6199951171875,270.489990234375,109208400,238.41537475585932
2018-03-20,270.94000244140625,271.6700134277344,270.17999267578125,270.95001220703125,59757300,238.82081604003903
2018-03-21,270.8999938964844,273.2699890136719,270.19000244140625,270.42999267578125,78709600,238.36248779296875
2018-03-22,267.9100036621094,268.8699951171875,263.3599853515625,263.6700134277344,148785900,232.40408325195312
2018-03-23,264.1700134277344,264.5400085449219,257.8299865722656,258.04998779296875,183534800,227.450439453125
2018-03-26,262.1300048828125,265.42999267578125,259.4100036621094,265.1099853515625,141956100,233.67333984375
2018-03-27,266.1700134277344,266.7699890136719,258.8399963378906,260.6000061035156,129941400,229.6981201171875
2018-03-28,260.75,262.6400146484375,258.5799865722656,259.8299865722656,146452300,229.01937866210932
2018-03-29,261.1199951171875,265.260009765625,259.8399963378906,263.1499938964844,111601600,231.9457397460937
2018-04-02,262.54998779296875,263.1300048828125,254.6699981689453,257.4700012207031,186286300,226.93927001953125
2018-04-03,258.8699951171875,261.3099975585937,256.8399963378906,260.7699890136719,119956900,229.8479461669922
2018-04-04,256.75,264.3599853515625,256.6000061035156,263.5599975585937,123715300,232.30709838867188
2018-04-05,265.54998779296875,266.6400146484375,264.32000732421875,265.6400146484375,82652600,234.1405334472656
2018-04-06,263.4200134277344,265.1099853515625,258.0,259.7200012207031,179521200,228.9224548339844
2018-04-09,261.3699951171875,264.8399963378906,259.94000244140625,261.0,105442900,230.05067443847656
2018-04-10,264.2699890136719,266.0400085449219,262.9800109863281,265.1499938964844,103529000,233.7085723876953
2018-04-11,263.4700012207031,265.6400146484375,263.3900146484375,263.760009765625,91140200,232.4833984375
2018-04-12,265.260009765625,267.0,265.0599975585937,265.92999267578125,68890500,234.3960876464844
2018-04-13,267.4100036621094,267.5400085449219,264.010009765625,265.1499938964844,85079200,233.7085723876953
2018-04-16,267.0,268.20001220703125,266.07000732421875,267.3299865722656,63405300,235.6300811767578
2018-04-17,269.3299865722656,270.8699951171875,268.75,270.19000244140625,64682000,238.1509704589844
2018-04-18,270.69000244140625,271.29998779296875,269.8699951171875,270.3900146484375,57303900,238.32725524902344
2018-04-19,269.6499938964844,269.8800048828125,267.7200012207031,268.8900146484375,77655900,237.005111694336
2018-04-20,268.8099975585937,269.0599975585937,265.6099853515625,266.6099853515625,99953100,234.9954376220703
2018-04-23,267.260009765625,267.8900146484375,265.3500061035156,266.57000732421875,65558000,234.96023559570312
2018-04-24,267.7300109863281,267.9800109863281,261.2799987792969,262.9800109863281,112885500,231.7958831787109
2018-04-25,262.9100036621094,264.1300048828125,260.8500061035156,263.6300048828125,103840900,232.3688201904297
2018-04-26,264.7900085449219,267.25,264.2900085449219,266.3099975585937,67731900,234.7310333251953
2018-04-27,267.0,267.3399963378906,265.5,266.5599975585937,57053600,234.9513702392578
2018-04-30,267.260009765625,267.8900146484375,264.42999267578125,264.510009765625,82182300,233.1444091796875
2018-05-01,263.8699951171875,265.1000061035156,262.1099853515625,264.9800109863281,74203400,233.5587158203125
2018-05-02,264.760009765625,265.67999267578125,262.760009765625,263.20001220703125,86368900,231.98976135253903
2018-05-03,262.260009765625,263.3599853515625,259.04998779296875,262.6199951171875,136311500,231.47862243652344
2018-05-04,261.5199890136719,266.7900085449219,261.1499938964844,266.0199890136719,91222100,234.4753875732422
2018-05-07,266.8900146484375,268.0199890136719,266.1099853515625,266.9200134277344,55304900,235.2686767578125
2018-05-08,266.5,267.3299865722656,265.1499938964844,266.9200134277344,67499200,235.2686767578125
2018-05-09,267.67999267578125,269.8699951171875,267.0899963378906,269.5,59666100,237.54275512695312
2018-05-10,270.3399963378906,272.3900146484375,270.2200012207031,272.0199890136719,72063900,239.76388549804688
2018-05-11,272.1600036621094,273.1499938964844,271.5799865722656,272.8500061035156,59871500,240.4955291748047
2018-05-14,273.3399963378906,274.0799865722656,272.3599853515625,272.9800109863281,54790600,240.61001586914065
2018-05-15,271.5899963378906,271.6099853515625,270.0299987792969,271.1000061035156,87036100,238.9530792236328
2018-05-16,271.1400146484375,272.760009765625,271.1099853515625,272.239990234375,53942600,239.957748413086
2018-05-17,271.94000244140625,273.2300109863281,271.1300048828125,272.010009765625,56536400,239.7551422119141
2018-05-18,271.6199951171875,272.0299987792969,270.92999267578125,271.3299865722656,64368000,239.1557159423828
2018-05-21,273.010009765625,273.9800109863281,272.57000732421875,273.3699951171875,58025900,240.95388793945312
2018-05-22,273.9599914550781,274.25,272.239990234375,272.6099853515625,52966400,240.2839813232422
2018-05-23,271.1700134277344,273.3900146484375,270.989990234375,273.3599853515625,64694200,240.945068359375
2018-05-24,272.9100036621094,273.2200012207031,270.7799987792969,272.79998779296875,76043800,240.45144653320312
2018-05-25,272.1499938964844,272.8599853515625,271.5799865722656,272.1499938964844,56374800,239.8785400390625
2018-05-29,270.3099975585937,271.1700134277344,267.760009765625,269.0199890136719,115908600,237.1196746826172
2018-05-30,270.5,273.1099853515625,270.4200134277344,272.6099853515625,69678400,240.2839813232422
2018-05-31,272.1499938964844,272.489990234375,270.260009765625,270.94000244140625,93519900,238.81204223632807
2018-06-01,272.4100036621094,273.94000244140625,272.3299865722656,273.6000061035156,71258400,241.1565704345703
2018-06-04,274.5299987792969,275.19000244140625,274.260009765625,274.8999938964844,45385200,242.30239868164065
2018-06-05,275.04998779296875,275.5299987792969,274.17999267578125,275.1000061035156,51135000,242.4786834716797
2018-06-06,275.7900085449219,277.5199890136719,275.0899963378906,277.3999938964844,62732200,244.5059814453125
2018-06-07,277.95001220703125,278.2799987792969,276.3399963378906,277.3699951171875,72969400,244.47955322265625
2018-06-08,276.8500061035156,278.25,276.6600036621094,278.19000244140625,72139700,245.20225524902344
2018-06-11,278.44000244140625,279.3699951171875,278.3099975585937,278.5599975585937,58892500,245.5283660888672
2018-06-12,279.0299987792969,279.3299865722656,278.19000244140625,278.9200134277344,72329000,245.8457794189453
2018-06-13,279.19000244140625,279.4800109863281,277.79998779296875,278.0299987792969,79070600,245.061279296875
2018-06-14,279.010009765625,279.3299865722656,278.0599975585937,278.7300109863281,77097600,245.67828369140625
2018-06-15,276.6000061035156,277.510009765625,275.3500061035156,277.1300048828125,120041600,245.36476135253903
2018-06-18,275.489990234375,276.70001220703125,274.95001220703125,276.5599975585937,52917600,244.86016845703125
2018-06-19,274.0,275.75,273.5299987792969,275.5,97531500,243.9216461181641
2018-06-20,276.2699890136719,276.7200012207031,275.5899963378906,275.9700012207031,53785500,244.3377685546875
2018-06-21,275.9599914550781,275.9800109863281,273.67999267578125,274.239990234375,71061400,242.8060760498047
2018-06-22,275.6600036621094,275.7900085449219,274.489990234375,274.739990234375,54898500,243.24874877929688
2018-06-25,273.44000244140625,273.6199951171875,269.1000061035156,271.0,137854200,239.9374084472656
2018-06-26,271.6400146484375,272.5599975585937,270.7900085449219,271.6000061035156,68547400,240.46864318847656
2018-06-27,272.260009765625,273.8699951171875,269.17999267578125,269.3500061035156,105110700,238.47657775878903
2018-06-28,269.2900085449219,271.75,268.489990234375,270.8900146484375,76650500,239.8401031494141
2018-06-29,272.1199951171875,273.6600036621094,271.1499938964844,271.2799987792969,97592500,240.1853790283203
2018-07-02,269.510009765625,272.0400085449219,269.239990234375,271.8599853515625,63554800,240.6988983154297
2018-07-03,272.8699951171875,272.9800109863281,270.4200134277344,270.8999938964844,42187100,239.84893798828125
2018-07-05,272.1700134277344,273.17999267578125,270.9599914550781,273.1099853515625,56925900,241.8055877685547
2018-07-06,273.1400146484375,275.8399963378906,272.7099914550781,275.4200134277344,66493700,243.8508758544922
2018-07-09,276.54998779296875,277.9599914550781,276.5,277.8999938964844,50550400,246.0465850830078
2018-07-10,278.4100036621094,279.010009765625,278.0799865722656,278.8999938964844,51966800,246.93197631835932
2018-07-11,277.1499938964844,278.0400085449219,276.5199890136719,276.8599853515625,77054700,245.12579345703125
2018-07-12,278.2799987792969,279.42999267578125,277.6000061035156,279.3699951171875,60124700,247.3480987548828
2018-07-13,279.1700134277344,279.92999267578125,278.6600036621094,279.5899963378906,48216000,247.5428466796875
2018-07-16,279.6400146484375,279.79998779296875,278.8399963378906,279.3399963378906,48201000,247.321517944336
2018-07-17,278.4700012207031,280.9100036621094,278.4100036621094,280.4700012207031,52315500,248.3219757080078
2018-07-18,280.5599975585937,281.17999267578125,280.0599975585937,281.0599975585937,44593500,248.8444366455078
2018-07-19,280.3099975585937,280.739990234375,279.4599914550781,280.0,61412100,247.90594482421875
2018-07-20,279.7699890136719,280.4800109863281,279.5,279.67999267578125,82337700,247.6225128173828
2018-07-23,279.45001220703125,280.42999267578125,279.0599975585937,280.20001220703125,47047600,248.08297729492188
2018-07-24,281.7900085449219,282.5599975585937,280.6300048828125,281.6099853515625,68026900,249.3313446044922
2018-07-25,281.3299865722656,284.3699951171875,281.2799987792969,284.010009765625,78882900,251.45623779296875
2018-07-26,283.20001220703125,284.1099853515625,283.0899963378906,283.3399963378906,57919500,250.86300659179688
2018-07-27,283.7099914550781,283.82000732421875,280.3800048828125,281.4200134277344,76768700,249.1631622314453
2018-07-30,281.510009765625,281.69000244140625,279.3599853515625,279.95001220703125,63742500,247.8616485595703
2018-07-31,280.8099975585937,282.0199890136719,280.3800048828125,281.3299865722656,68570500,249.08338928222656
2018-08-01,281.5599975585937,282.1300048828125,280.1300048828125,280.8599853515625,53853300,248.66729736328125
2018-08-02,279.3900146484375,282.5799865722656,279.1600036621094,282.3900146484375,63426400,250.0219116210937
2018-08-03,282.5299987792969,283.6600036621094,282.3299865722656,283.6000061035156,53935400,251.09327697753903
2018-08-06,283.6400146484375,284.989990234375,283.20001220703125,284.6400146484375,39400900,252.01397705078125
2018-08-07,285.3900146484375,286.010009765625,285.239990234375,285.5799865722656,43196600,252.8462829589844
2018-08-08,285.3900146484375,285.9100036621094,284.94000244140625,285.4599914550781,42114600,252.74005126953125
2018-08-09,285.5299987792969,285.9700012207031,284.9200134277344,285.07000732421875,35717000,252.3946990966797
2018-08-10,283.45001220703125,284.0599975585937,282.3599853515625,283.1600036621094,77076000,250.7037353515625
2018-08-13,283.4700012207031,284.1600036621094,281.7699890136719,282.1000061035156,65732900,249.76513671875
2018-08-14,282.9200134277344,284.1700134277344,282.4800109863281,283.8999938964844,43842000,251.35890197753903
2018-08-15,282.3800048828125,282.5400085449219,280.1600036621094,281.7799987792969,102925400,249.4818420410156
2018-08-16,283.3999938964844,285.0400085449219,283.3599853515625,284.0599975585937,69967900,251.50050354003903
2018-08-17,283.8299865722656,285.5599975585937,283.3699951171875,285.0599975585937,65618500,252.3858642578125
2018-08-20,285.57000732421875,285.9700012207031,285.0599975585937,285.6700134277344,39807500,252.926010131836
2018-08-21,286.25,287.3099975585937,285.7099914550781,286.3399963378906,67272000,253.51919555664065
2018-08-22,285.8800048828125,286.760009765625,285.5799865722656,286.1700134277344,44993300,253.36868286132807
2018-08-23,285.9700012207031,286.94000244140625,285.42999267578125,285.7900085449219,49204900,253.0321655273437
2018-08-24,286.44000244140625,287.6700134277344,286.3800048828125,287.510009765625,57487400,254.55506896972656
2018-08-27,288.8599853515625,289.8999938964844,288.67999267578125,289.7799987792969,57072400,256.5648803710937
2018-08-28,290.29998779296875,290.4200134277344,289.3999938964844,289.9200134277344,46943500,256.6888427734375
2018-08-29,290.1600036621094,291.739990234375,289.8900146484375,291.4800109863281,61485500,258.07000732421875
2018-08-30,290.94000244140625,291.3599853515625,289.6300048828125,290.29998779296875,61229500,257.0252380371094
2018-08-31,289.8399963378906,290.8099975585937,289.2900085449219,290.3099975585937,66140800,257.0340881347656
2018-09-04,289.8399963378906,290.2099914550781,288.67999267578125,289.8099975585937,57594400,256.5914611816406
2018-09-05,289.4100036621094,289.6400146484375,287.8900146484375,289.0299987792969,72452400,255.9008026123047
2018-09-06,289.1499938964844,289.489990234375,287.0,288.1600036621094,65909900,255.1305694580078
2018-09-07,286.9800109863281,288.70001220703125,286.7099914550781,287.6000061035156,73524800,254.634765625
2018-09-10,288.739990234375,289.0400085449219,287.8800048828125,288.1000061035156,50210900,255.0774688720703
2018-09-11,287.3699951171875,289.54998779296875,286.9800109863281,289.04998779296875,50530500,255.91845703125
2018-09-12,289.0599975585937,289.79998779296875,288.2300109863281,289.1199951171875,59810800,255.98049926757807
2018-09-13,290.32000732421875,291.0400085449219,290.0,290.8299865722656,51034200,257.4945068359375
2018-09-14,291.0599975585937,291.2699890136719,290.0,290.8800048828125,55079900,257.53875732421875
2018-09-17,290.82000732421875,290.8599853515625,289.0299987792969,289.3399963378906,68244000,256.17535400390625
2018-09-18,289.5799865722656,291.5799865722656,289.54998779296875,290.9100036621094,61930400,257.5653076171875
2018-09-19,290.9700012207031,291.69000244140625,290.8299865722656,291.2200012207031,49080600,257.8397827148437
2018-09-20,292.6400146484375,293.94000244140625,291.239990234375,293.5799865722656,100360600,259.9293212890625
2018-09-21,293.0899963378906,293.2200012207031,291.8099975585937,291.989990234375,105479700,259.6918029785156
2018-09-24,291.3399963378906,291.5,290.3699951171875,291.0199890136719,53409600,258.8291015625
2018-09-25,291.5299987792969,291.6499938964844,290.4800109863281,290.75,44370000,258.5889892578125
2018-09-26,290.9100036621094,292.239990234375,289.4100036621094,289.8800048828125,79739700,257.815185546875
2018-09-27,290.4100036621094,291.9100036621094,290.1000061035156,290.69000244140625,59249500,258.53570556640625
2018-09-28,289.989990234375,291.2799987792969,289.95001220703125,290.7200012207031,70091400,258.56231689453125
2018-10-01,292.1099853515625,292.92999267578125,290.9800109863281,291.7300109863281,62078900,259.4605712890625
2018-10-02,291.5599975585937,292.3599853515625,291.1400146484375,291.5599975585937,47258200,259.3093566894531
2018-10-03,292.739990234375,293.2099914550781,291.32000732421875,291.7200012207031,64694600,259.4517517089844
2018-10-04,291.17999267578125,291.239990234375,287.6600036621094,289.44000244140625,111545900,257.42388916015625
2018-10-05,289.69000244140625,290.2699890136719,286.2200012207031,287.82000732421875,105951700,255.9831085205078
2018-10-08,287.04998779296875,288.2200012207031,285.5,287.82000732421875,87742200,255.9831085205078
2018-10-09,287.3900146484375,288.8599853515625,286.7699890136719,287.3999938964844,74339000,255.6094665527344
2018-10-10,286.8299865722656,286.9100036621094,277.8800048828125,278.29998779296875,214731000,247.5160980224609
2018-10-11,277.0799865722656,278.8999938964844,270.3599853515625,272.1700134277344,274840500,242.064193725586
2018-10-12,276.7699890136719,277.0899963378906,272.3699951171875,275.95001220703125,183186500,245.4261474609375
2018-10-15,275.54998779296875,277.0400085449219,274.29998779296875,274.3999938964844,102263700,244.04754638671875
2018-10-16,276.6000061035156,280.82000732421875,276.07000732421875,280.3999938964844,118255800,249.38381958007807
2018-10-17,280.44000244140625,281.1499938964844,277.5599975585937,280.45001220703125,110626000,249.4283142089844
2018-10-18,279.3999938964844,280.07000732421875,274.9700012207031,276.3999938964844,134557500,245.8263092041016
2018-10-19,277.1300048828125,279.29998779296875,275.4700012207031,276.25,139901600,245.6928558349609
2018-10-22,277.0,277.3599853515625,274.4100036621094,275.010009765625,82415800,244.59005737304688
2018-10-23,270.95001220703125,274.8699951171875,268.6099853515625,273.6099853515625,146352700,243.34487915039065
2018-10-24,273.3299865722656,273.760009765625,264.70001220703125,265.32000732421875,177806700,235.971908569336
2018-10-25,267.3800048828125,271.8099975585937,266.2300109863281,270.0799865722656,138061500,240.2053985595703
2018-10-26,265.9200134277344,271.0,262.2900085449219,265.3299865722656,201574600,235.9808349609375
2018-10-29,268.79998779296875,270.25,259.8500061035156,263.8599853515625,160749100,234.6734161376953
2018-10-30,263.6700134277344,268.1199951171875,263.1199951171875,267.7699890136719,157116000,238.1508636474609
2018-10-31,270.6499938964844,273.2300109863281,270.1199951171875,270.6300048828125,128296300,240.694580078125
2018-11-01,271.6000061035156,273.7300109863281,270.3800048828125,273.510009765625,99495000,243.2559967041016
2018-11-02,274.75,275.2300109863281,269.5899963378906,271.8900146484375,122634100,241.8152313232422
2018-11-05,272.44000244140625,274.010009765625,271.3500061035156,273.3900146484375,65622500,243.14923095703125
2018-11-06,273.32000732421875,275.29998779296875,273.25,275.1199951171875,60085900,244.68780517578125
2018-11-07,277.5599975585937,281.1000061035156,277.0799865722656,281.010009765625,102752100,249.92642211914065
2018-11-08,280.1099853515625,281.2200012207031,279.2200012207031,280.5,65584900,249.4727783203125
2018-11-09,279.0299987792969,279.239990234375,276.17999267578125,277.760009765625,98812600,247.03585815429688
2018-11-12,277.19000244140625,277.4599914550781,271.989990234375,272.57000732421875,99673600,242.4199066162109
2018-11-13,273.0899963378906,275.3299865722656,271.25,272.0599975585937,98176600,241.9663543701172
2018-11-14,274.1600036621094,274.6099853515625,268.45001220703125,270.20001220703125,125335900,240.3121032714844
2018-11-15,268.7799987792969,273.5400085449219,267.010009765625,273.0199890136719,135101400,242.8202362060547
2018-11-16,271.7900085449219,274.75,271.2099914550781,273.7300109863281,126668000,243.45172119140625
2018-11-19,273.04998779296875,273.3800048828125,268.07000732421875,269.1000061035156,103061700,239.33377075195312
2018-11-20,265.3599853515625,267.0,263.1499938964844,264.1199951171875,136021300,234.9046630859375
2018-11-21,265.8599853515625,267.1499938964844,265.010009765625,265.0199890136719,75563700,235.70510864257807
2018-11-23,263.17999267578125,264.82000732421875,263.07000732421875,263.25,42807900,234.13088989257807
2018-11-26,265.7799987792969,267.75,265.3399963378906,267.5,79981400,237.9107666015625
2018-11-27,266.3399963378906,268.3999938964844,265.6600036621094,268.3999938964844,75502400,238.7112274169922
2018-11-28,269.6000061035156,274.5799865722656,268.3299865722656,274.5799865722656,127629600,244.2076110839844
2018-11-29,273.7099914550781,275.54998779296875,272.42999267578125,273.9800109863281,82346400,243.67398071289065
2018-11-30,273.8099975585937,276.2799987792969,273.45001220703125,275.6499938964844,98204200,245.1593475341797
2018-12-03,280.2799987792969,280.3999938964844,277.510009765625,279.29998779296875,103176300,248.40545654296875
2018-12-04,278.3699951171875,278.8500061035156,269.8999938964844,270.25,177986000,240.3565826416016
2018-12-06,265.9200134277344,269.9700012207031,262.44000244140625,269.8399963378906,204185400,239.99197387695312
2018-12-07,269.4599914550781,271.2200012207031,262.6300048828125,263.57000732421875,161018900,234.4154663085937
2018-12-10,263.3699951171875,265.1600036621094,258.6199951171875,264.07000732421875,151445900,234.8601531982422
2018-12-11,267.6600036621094,267.8699951171875,262.4800109863281,264.1300048828125,121504400,234.9135589599609
2018-12-12,267.4700012207031,269.0,265.3699951171875,265.4599914550781,97976700,236.0964508056641
2018-12-13,266.5199890136719,267.489990234375,264.1199951171875,265.3699951171875,96662700,236.0164031982422
2018-12-14,262.9599914550781,264.0299987792969,259.8500061035156,260.4700012207031,116961100,231.65838623046875
2018-12-17,259.3999938964844,260.6499938964844,253.52999877929688,255.3600006103516,165492300,227.11361694335932
2018-12-18,257.20001220703125,257.95001220703125,253.27999877929688,255.0800018310547,134515100,226.86459350585932
2018-12-19,255.1699981689453,259.3999938964844,249.3500061035156,251.259994506836,214992800,223.4671173095703
2018-12-20,249.8600006103516,251.6199951171875,244.6499938964844,247.1699981689453,252053400,219.8295440673828
2018-12-21,246.7400054931641,249.7100067138672,239.97999572753903,240.6999969482422,255345600,215.3253326416016
2018-12-24,239.0399932861328,240.83999633789065,234.2700042724609,234.33999633789065,147311600,209.63580322265625
2018-12-26,235.97000122070312,246.17999267578125,233.759994506836,246.17999267578125,218485400,220.2277069091797
2018-12-27,242.57000732421875,248.2899932861328,238.9600067138672,248.07000732421875,186267300,221.9183807373047
2018-12-28,249.5800018310547,251.3999938964844,246.4499969482422,247.75,153100200,221.6321258544922
2018-12-31,249.5599975585937,250.19000244140625,247.47000122070312,249.9199981689453,144299400,223.5733642578125
2019-01-02,245.97999572753903,251.2100067138672,245.9499969482422,250.17999267578125,126925200,223.8059234619141
2019-01-03,248.22999572753903,248.57000732421875,243.6699981689453,244.2100067138672,144140700,218.46530151367188
2019-01-04,247.58999633789065,253.1100006103516,247.1699981689453,252.38999938964844,142628800,225.7829742431641
2019-01-07,252.69000244140625,255.9499969482422,251.69000244140625,254.3800048828125,103139100,227.563217163086
2019-01-08,256.82000732421875,257.3099975585937,254.0,256.7699890136719,102512600,229.7012176513672
2019-01-09,257.5599975585937,258.9100036621094,256.19000244140625,257.9700012207031,95006600,230.7747344970703
2019-01-10,256.260009765625,259.1600036621094,255.5,258.8800048828125,96823900,231.5888519287109
2019-01-11,257.67999267578125,259.010009765625,257.0299987792969,258.9800109863281,73858100,231.6782684326172
2019-01-14,256.8599853515625,258.29998779296875,256.4100036621094,257.3999938964844,70908200,230.2648162841797
2019-01-15,257.82000732421875,260.70001220703125,257.8099975585937,260.3500061035156,85208300,232.90382385253903
2019-01-16,260.8299865722656,261.9700012207031,260.6000061035156,260.9800109863281,77636700,233.46739196777344
2019-01-17,260.010009765625,263.9200134277344,259.9599914550781,262.9599914550781,96118400,235.2386779785156
2019-01-18,264.9800109863281,266.9800109863281,263.0,266.4599914550781,127900300,238.3697052001953
2019-01-22,264.82000732421875,265.0599975585937,261.0599975585937,262.8599853515625,115531200,235.1492156982422
2019-01-23,264.010009765625,264.7900085449219,260.6600036621094,263.4100036621094,86030300,235.64122009277344
2019-01-24,263.2099914550781,264.20001220703125,262.0799865722656,263.54998779296875,59204100,235.76641845703125
2019-01-25,265.6099853515625,266.70001220703125,263.6600036621094,265.7799987792969,96883400,237.7613983154297
2019-01-28,263.3900146484375,263.8299865722656,261.7900085449219,263.760009765625,85613700,235.9543609619141
2019-01-29,263.9200134277344,264.54998779296875,262.4800109863281,263.4100036621094,66136300,235.64122009277344
2019-01-30,265.1000061035156,268.5199890136719,264.25,267.5799865722656,92473700,239.3716735839844
2019-01-31,267.510009765625,270.4700012207031,267.2699890136719,269.92999267578125,104012100,241.473876953125
2019-02-01,270.1499938964844,271.20001220703125,269.17999267578125,270.0599975585937,85782500,241.59022521972656
2019-02-04,270.1099853515625,272.0299987792969,269.3599853515625,271.9599914550781,60744800,243.28990173339844
2019-02-05,272.44000244140625,273.44000244140625,271.8800048828125,273.1000061035156,79552800,244.30972290039065
2019-02-06,272.7900085449219,273.3399963378906,271.9200134277344,272.739990234375,58347800,243.9876708984375
2019-02-07,270.94000244140625,271.54998779296875,268.2900085449219,270.1400146484375,95482000,241.66177368164065
2019-02-08,268.75,270.5799865722656,267.8299865722656,270.4700012207031,75788900,241.9569854736328
2019-02-11,271.20001220703125,271.489990234375,270.0299987792969,270.6199951171875,68021400,242.09115600585932
2019-02-12,272.4200134277344,274.5199890136719,272.3399963378906,274.1000061035156,72270200,245.2043609619141
2019-02-13,275.0299987792969,275.92999267578125,274.5599975585937,274.989990234375,65277200,246.0004425048828
2019-02-14,273.7799987792969,275.6400146484375,272.8699951171875,274.3800048828125,83234400,245.45480346679688
2019-02-15,276.3599853515625,277.4100036621094,276.1300048828125,277.3699951171875,97088700,248.12954711914065
2019-02-19,276.4800109863281,278.5799865722656,276.4700012207031,277.8500061035156,59120800,248.55897521972656
2019-02-20,277.8099975585937,278.9200134277344,277.25,278.4100036621094,76610800,249.05995178222656
2019-02-21,277.70001220703125,278.1000061035156,276.3500061035156,277.4200134277344,64214700,248.1743621826172
2019-02-22,278.1099853515625,279.3599853515625,277.3999938964844,279.1400146484375,78114600,249.71299743652344
2019-02-25,280.7300109863281,281.3099975585937,279.42999267578125,279.5199890136719,69030700,250.05284118652344
2019-02-26,279.1300048828125,280.29998779296875,278.8999938964844,279.32000732421875,56844100,249.87408447265625
2019-02-27,278.5199890136719,279.5899963378906,277.4800109863281,279.20001220703125,56921600,249.76675415039065
2019-02-28,278.9599914550781,279.45001220703125,278.32000732421875,278.67999267578125,69268300,249.301513671875
2019-03-01,280.44000244140625,280.8800048828125,278.82000732421875,280.4200134277344,78880500,250.85806274414065
2019-03-04,281.6000061035156,281.8699951171875,276.8399963378906,279.3999938964844,106494600,249.9456329345703
2019-03-05,279.5400085449219,279.760009765625,278.4100036621094,279.0199890136719,59114600,249.60568237304688
2019-03-06,279.1499938964844,279.1600036621094,276.9700012207031,277.3299865722656,75039800,248.0937347412109
2019-03-07,276.8299865722656,276.989990234375,274.07000732421875,275.010009765625,94885100,246.01837158203125
2019-03-08,272.94000244140625,274.6499938964844,272.4200134277344,274.4599914550781,85795800,245.5263061523437
2019-03-11,275.260009765625,278.6199951171875,275.2300109863281,278.44000244140625,65098900,249.0867919921875
2019-03-12,279.0599975585937,280.07000732421875,278.8500061035156,279.489990234375,79667500,250.0261688232422
2019-03-13,280.4800109863281,282.3800048828125,280.29998779296875,281.3399963378906,80639200,251.6810913085937
2019-03-14,281.3699951171875,281.8399963378906,280.6700134277344,281.1600036621094,67518400,251.52001953125
2019-03-15,280.5400085449219,282.2099914550781,280.3299865722656,281.3099975585937,81309000,252.76272583007807
2019-03-18,281.54998779296875,282.6600036621094,281.29998779296875,282.3299865722656,62199800,253.6792449951172
2019-03-19,283.510009765625,284.3599853515625,281.4100036621094,282.3999938964844,90268100,253.74208068847656
2019-03-20,282.1600036621094,283.5,280.32000732421875,281.54998779296875,84609200,252.9784240722656
2019-03-21,280.6400146484375,285.17999267578125,280.5899963378906,284.7300109863281,79550400,255.83572387695312
2019-03-22,283.2200012207031,283.79998779296875,279.17999267578125,279.25,122659300,250.91168212890625
2019-03-25,278.8699951171875,280.19000244140625,277.6400146484375,279.0400085449219,85575200,250.7230224609375
2019-03-26,280.989990234375,282.17999267578125,279.5599975585937,281.1199951171875,68125900,252.5920562744141
2019-03-27,281.1099853515625,281.760009765625,277.92999267578125,279.6499938964844,72224700,251.2711639404297
2019-03-28,280.3500061035156,281.2099914550781,279.07000732421875,280.7099914550781,56238500,252.2235412597656
2019-03-29,282.3900146484375,282.8399963378906,281.1400146484375,282.4800109863281,82186800,253.81399536132807
2019-04-01,284.70001220703125,286.1600036621094,284.3999938964844,285.8299865722656,77617900,256.82403564453125
2019-04-02,286.0400085449219,286.2300109863281,285.0899963378906,285.9700012207031,40070400,256.9498596191406
2019-04-03,287.32000732421875,287.760009765625,285.75,286.4200134277344,68243200,257.3541564941406
2019-04-04,286.7799987792969,287.4599914550781,286.010009765625,287.17999267578125,48997500,258.0369873046875
2019-04-05,287.9200134277344,288.6300048828125,287.6000061035156,288.57000732421875,58621700,259.28594970703125
2019-04-08,288.1000061035156,288.9100036621094,287.3699951171875,288.7900085449219,53566300,259.4836120605469
2019-04-09,287.7200012207031,288.0799865722656,286.70001220703125,287.3099975585937,66142300,258.15380859375
2019-04-10,287.7699890136719,288.3900146484375,287.3099975585937,288.2900085449219,52601500,259.03436279296875
2019-04-11,288.8299865722656,288.8399963378906,287.5799865722656,288.2099914550781,55093100,258.96246337890625
2019-04-12,290.0,290.4700012207031,288.260009765625,290.1600036621094,69727800,260.714599609375
2019-04-15,290.239990234375,290.3500061035156,289.0799865722656,289.9700012207031,49596700,260.5438232421875
2019-04-16,290.95001220703125,291.010009765625,289.5,290.1600036621094,52153200,260.714599609375
2019-04-17,291.3999938964844,291.42999267578125,288.989990234375,289.45001220703125,58268300,260.0766296386719
2019-04-18,290.1000061035156,290.32000732421875,288.6600036621094,290.0199890136719,68708500,260.58868408203125
2019-04-22,289.1700134277344,290.44000244140625,289.07000732421875,290.2699890136719,40160100,260.8134460449219
2019-04-23,290.67999267578125,293.1400146484375,290.4200134277344,292.8800048828125,52246600,263.1585998535156
2019-04-24,292.7900085449219,293.1600036621094,292.07000732421875,292.2300109863281,50392900,262.57452392578125
2019-04-25,292.1199951171875,292.7799987792969,290.7300109863281,292.04998779296875,57770900,262.4127502441406
2019-04-26,292.1000061035156,293.489990234375,291.239990234375,293.4100036621094,50916400,263.6347351074219
2019-04-29,293.510009765625,294.45001220703125,293.4100036621094,293.8699951171875,57197700,264.0480651855469
2019-04-30,293.489990234375,294.3399963378906,291.9200134277344,294.0199890136719,81111700,264.182861328125
2019-05-01,294.7200012207031,294.95001220703125,291.79998779296875,291.8099975585937,71671900,262.1971130371094
2019-05-02,291.67999267578125,292.70001220703125,289.5199890136719,291.17999267578125,65030200,261.6310729980469
2019-05-03,292.82000732421875,294.3399963378906,291.29998779296875,294.0299987792969,56543700,264.19189453125
2019-05-06,289.25,293.3099975585937,288.8999938964844,292.82000732421875,107198100,263.1046447753906
2019-05-07,290.1499938964844,290.8099975585937,285.8099975585937,287.92999267578125,144729900,258.7108764648437
2019-05-08,287.5299987792969,289.42999267578125,286.8699951171875,287.5299987792969,91568300,258.3514709472656
2019-05-09,285.2300109863281,287.3299865722656,283.29998779296875,286.6600036621094,103471100,257.5697631835937
2019-05-10,285.6199951171875,288.94000244140625,282.29998779296875,288.1000061035156,112429300,258.8636779785156
2019-05-13,282.4200134277344,283.489990234375,279.92999267578125,280.8599853515625,127290500,252.35836791992188
2019-05-14,281.989990234375,285.1000061035156,281.8500061035156,283.3999938964844,77003200,254.64051818847656
2019-05-15,281.5899963378906,285.7699890136719,281.3599853515625,285.0599975585937,73956400,256.1321105957031
2019-05-16,285.8399963378906,289.2099914550781,285.760009765625,287.70001220703125,76749600,258.5043029785156
2019-05-17,285.1400146484375,288.6000061035156,285.1199951171875,285.8399963378906,100353000,256.8329162597656
2019-05-20,284.0599975585937,285.9599914550781,283.1199951171875,283.95001220703125,62877600,255.134765625
2019-05-21,285.8299865722656,286.92999267578125,285.54998779296875,286.510009765625,46847100,257.4350280761719
2019-05-22,285.45001220703125,286.69000244140625,285.1000061035156,285.6300048828125,49482500,256.6443176269531
2019-05-23,283.1600036621094,283.2099914550781,280.57000732421875,282.1400146484375,98733800,253.50848388671875
2019-05-24,283.739990234375,284.20001220703125,282.0899963378906,282.7799987792969,55268100,254.08352661132807
2019-05-28,283.0899963378906,284.1499938964844,280.1300048828125,280.1499938964844,70029400,251.7205352783203
2019-05-29,278.9100036621094,279.3599853515625,276.7099914550781,278.2699890136719,104972900,250.0312042236328
2019-05-30,279.1099853515625,280.0400085449219,277.8099975585937,279.0299987792969,62523800,250.71405029296875
2019-05-31,276.20001220703125,277.1199951171875,275.239990234375,275.2699890136719,86862800,247.33560180664065
2019-06-03,275.3099975585937,276.54998779296875,273.0899963378906,274.57000732421875,96428000,246.70669555664065
2019-06-04,277.1199951171875,280.67999267578125,276.6199951171875,280.5299987792969,77231900,252.06179809570312
2019-06-05,282.3299865722656,282.989990234375,280.32000732421875,282.9599914550781,71169700,254.24526977539065
2019-06-06,283.2900085449219,285.54998779296875,282.57000732421875,284.79998779296875,69430400,255.8985137939453
2019-06-07,285.92999267578125,288.8500061035156,285.739990234375,287.6499938964844,74272200,258.4592590332031
2019-06-10,289.3699951171875,290.82000732421875,288.8699951171875,288.9700012207031,60799100,259.6453552246094
2019-06-11,290.989990234375,291.3999938964844,288.17999267578125,288.8999938964844,58641300,259.5824584960937
2019-06-12,288.6400146484375,289.260009765625,287.82000732421875,288.3900146484375,47096300,259.1241760253906
2019-06-13,289.3999938964844,289.9800109863281,288.6199951171875,289.5799865722656,48945200,260.1933288574219
2019-06-14,289.260009765625,289.92999267578125,288.4100036621094,289.260009765625,52324700,259.9059143066406
2019-06-17,289.5199890136719,290.2200012207031,289.17999267578125,289.3699951171875,39205700,260.0047302246094
2019-06-18,291.3900146484375,293.57000732421875,290.989990234375,292.3999938964844,85434800,262.7272644042969
2019-06-19,292.54998779296875,293.6499938964844,291.4700012207031,293.0599975585937,78674400,263.3203125
2019-06-20,296.0400085449219,296.3099975585937,293.1300048828125,295.8599853515625,116570000,265.8360900878906
2019-06-21,294.1300048828125,295.5199890136719,293.760009765625,294.0,83309500,265.4497375488281
2019-06-24,294.2300109863281,294.5799865722656,293.4700012207031,293.6400146484375,47582700,265.124755859375
2019-06-25,293.70001220703125,293.7300109863281,290.6400146484375,290.760009765625,82028700,262.5244140625
2019-06-26,291.75,292.3099975585937,290.3500061035156,290.4700012207031,51584900,262.26251220703125
2019-06-27,291.3099975585937,292.0599975585937,290.8900146484375,291.5,40355200,263.1924743652344
2019-06-28,292.5799865722656,293.54998779296875,292.010009765625,293.0,59350900,264.5468444824219
2019-07-01,296.67999267578125,296.9200134277344,294.3299865722656,295.6600036621094,78705600,266.948486328125
2019-07-02,295.6099853515625,296.489990234375,294.67999267578125,296.42999267578125,61504500,267.643798828125
2019-07-03,297.17999267578125,298.82000732421875,297.0199890136719,298.79998779296875,40898900,269.78350830078125
2019-07-05,297.44000244140625,298.6400146484375,296.010009765625,298.4599914550781,51677300,269.4765625
2019-07-08,297.010009765625,298.260009765625,296.2200012207031,296.82000732421875,45841800,267.9958801269531
2019-07-09,295.5400085449219,297.5199890136719,295.4800109863281,297.19000244140625,41101300,268.3299255371094
2019-07-10,298.3699951171875,299.6600036621094,297.7799987792969,298.6099853515625,58448500,269.61199951171875
2019-07-11,299.32000732421875,299.5799865722656,298.20001220703125,299.3099975585937,50826100,270.2440490722656
2019-07-12,299.8500061035156,300.7300109863281,299.510009765625,300.6499938964844,40326000,271.4539489746094
2019-07-15,301.1300048828125,301.1300048828125,300.19000244140625,300.75,33900000,271.54425048828125
2019-07-16,300.6499938964844,300.8800048828125,299.44000244140625,299.7799987792969,36650100,270.6684265136719
2019-07-17,299.75,299.92999267578125,297.739990234375,297.739990234375,36036300,268.8265075683594
2019-07-18,297.19000244140625,299.25,296.70001220703125,298.8299865722656,51392600,269.81072998046875
2019-07-19,300.0400085449219,300.07000732421875,296.9800109863281,297.1700134277344,58678600,268.3118896484375
2019-07-22,297.6099853515625,298.5,297.0400085449219,297.8999938964844,43638100,268.97100830078125
2019-07-23,299.1400146484375,300.0299987792969,298.2200012207031,300.0299987792969,44564500,270.8941345214844
2019-07-24,299.19000244140625,301.44000244140625,299.0899963378906,301.44000244140625,47213200,272.16729736328125
2019-07-25,300.94000244140625,301.0,299.1099853515625,300.0,55394100,270.86700439453125
2019-07-26,300.760009765625,302.2300109863281,300.6199951171875,302.010009765625,45084100,272.6819152832031
2019-07-29,301.8800048828125,302.010009765625,300.8500061035156,301.4599914550781,38126500,272.185302734375
2019-07-30,299.9100036621094,301.1700134277344,299.489990234375,300.7200012207031,45849000,271.5171203613281
2019-07-31,300.989990234375,301.20001220703125,295.20001220703125,297.42999267578125,104245200,268.546630859375
2019-08-01,297.6000061035156,300.8699951171875,293.9599914550781,294.8399963378906,142646600,266.2081604003906
2019-08-02,293.8500061035156,294.1199951171875,290.8999938964844,292.6199951171875,116749700,264.20367431640625
2019-08-05,288.0899963378906,288.2099914550781,281.7200012207031,283.82000732421875,178745400,256.25830078125
2019-08-06,285.9100036621094,288.0400085449219,284.2799987792969,287.79998779296875,120711700,259.8518371582031
2019-08-07,284.3999938964844,288.82000732421875,282.0400085449219,287.9700012207031,140572300,260.0053100585937
2019-08-08,289.6199951171875,293.6199951171875,289.010009765625,293.6199951171875,87713900,265.1065368652344
2019-08-09,292.5799865722656,293.239990234375,289.6499938964844,291.6199951171875,93730000,263.3008117675781
2019-08-12,289.9599914550781,291.6099853515625,287.0199890136719,288.07000732421875,65527600,260.0955505371094
2019-08-13,287.739990234375,294.1499938964844,287.3599853515625,292.54998779296875,94299800,264.1405334472656
2019-08-14,288.07000732421875,288.739990234375,283.760009765625,283.8999938964844,135622100,256.3304138183594
2019-08-15,284.8800048828125,285.6400146484375,282.3900146484375,284.6499938964844,99556600,257.0076904296875
2019-08-16,286.4800109863281,289.3299865722656,284.7099914550781,288.8500061035156,83018300,260.7999572753906
2019-08-19,292.19000244140625,293.0799865722656,291.44000244140625,292.3299865722656,53571800,263.9418029785156
2019-08-20,291.7699890136719,292.3599853515625,289.95001220703125,290.0899963378906,51596400,261.9193725585937
2019-08-21,292.4800109863281,292.8599853515625,291.7200012207031,292.45001220703125,49524700,264.0502624511719
2019-08-22,293.2300109863281,293.92999267578125,290.3999938964844,292.3599853515625,51666400,263.96893310546875
2019-08-23,290.9200134277344,292.760009765625,283.4700012207031,284.8500061035156,149161500,257.1883239746094
2019-08-26,287.2699890136719,288.0,285.5799865722656,288.0,72423800,260.0323791503906
2019-08-27,289.5400085449219,289.95001220703125,286.0299987792969,286.8699951171875,66668900,259.0120849609375
2019-08-28,286.1400146484375,289.07000732421875,285.25,288.8900146484375,59696700,260.8360595703125
2019-08-29,291.7200012207031,293.1600036621094,290.6099853515625,292.5799865722656,57899400,264.1676940917969
2019-08-30,294.2200012207031,294.239990234375,291.4200134277344,292.45001220703125,62901200,264.0502624511719
2019-09-03,290.57000732421875,291.5799865722656,289.2699890136719,290.739990234375,69101400,262.50634765625
2019-09-04,293.1400146484375,294.0599975585937,292.3099975585937,294.0400085449219,46887300,265.4858093261719
2019-09-05,296.7900085449219,298.8299865722656,294.0,297.82000732421875,83258100,268.8987731933594
2019-09-06,298.1700134277344,298.760009765625,297.4200134277344,298.04998779296875,49584300,269.1064453125
2019-09-09,299.1400146484375,299.239990234375,297.1600036621094,298.20001220703125,51260300,269.2418518066406
2019-09-10,297.3599853515625,298.20001220703125,295.9700012207031,298.1300048828125,57947100,269.1786804199219
2019-09-11,298.4700012207031,300.3399963378906,297.75,300.25,68821100,271.0927734375
2019-09-12,301.25,302.4599914550781,300.4100036621094,301.2900085449219,72908700,272.0317687988281
2019-09-13,301.7799987792969,302.1700134277344,300.67999267578125,301.0899963378906,62104800,271.8511962890625
2019-09-16,299.8399963378906,301.1400146484375,299.45001220703125,300.1600036621094,58191200,271.01141357421875
2019-09-17,299.94000244140625,301.0199890136719,299.75,300.9200134277344,41475500,271.69775390625
2019-09-18,300.489990234375,301.2200012207031,298.239990234375,301.1000061035156,73375800,271.8602294921875
2019-09-19,301.5299987792969,302.6300048828125,300.7099914550781,301.0799865722656,76560500,271.84210205078125
2019-09-20,300.3599853515625,300.6700134277344,297.4100036621094,298.2799987792969,89565000,270.5577392578125
2019-09-23,297.54998779296875,299.0,297.2699890136719,298.2099914550781,43476800,270.4942932128906
2019-09-24,299.4100036621094,299.8399963378906,294.8099975585937,295.8699951171875,94869400,268.3717956542969
2019-09-25,295.9599914550781,298.1099853515625,294.3299865722656,297.6199951171875,71854000,269.95916748046875
2019-09-26,297.6300048828125,297.8599853515625,295.45001220703125,297.0,56179700,269.3968200683594
2019-09-27,297.8299865722656,297.95001220703125,293.69000244140625,295.3999938964844,84746600,267.9454650878906
2019-09-30,295.9700012207031,297.54998779296875,295.9200134277344,296.7699890136719,51662400,269.1881103515625
2019-10-01,297.739990234375,298.4599914550781,293.0,293.239990234375,88242400,265.9862060546875
2019-10-02,291.5,291.510009765625,286.6400146484375,288.0599975585937,122539500,261.2876281738281
2019-10-03,287.8099975585937,290.45001220703125,284.82000732421875,290.4200134277344,85278800,263.4282531738281
2019-10-04,291.1400146484375,294.6300048828125,291.0799865722656,294.3500061035156,65091200,266.9930114746094
2019-10-07,293.4700012207031,295.260009765625,292.7699890136719,293.0799865722656,59610500,265.8410949707031
2019-10-08,291.0400085449219,291.8500061035156,288.489990234375,288.5299987792969,95708100,261.7140197753906
2019-10-09,290.75,292.29998779296875,290.0599975585937,291.2699890136719,62359400,264.1992492675781
2019-10-10,291.17999267578125,294.2099914550781,291.0,293.239990234375,55296300,265.9862060546875
2019-10-11,296.2699890136719,298.739990234375,296.1400146484375,296.2799987792969,98720400,268.7436828613281
2019-10-14,295.92999267578125,296.6700134277344,295.57000732421875,295.95001220703125,40394800,268.44439697265625
2019-10-15,297.1000061035156,299.70001220703125,296.9700012207031,298.8800048828125,46754500,271.1020812988281
2019-10-16,298.3699951171875,299.1600036621094,297.9200134277344,298.3999938964844,48928200,270.6667175292969
2019-10-17,299.67999267578125,300.239990234375,298.5199890136719,299.2799987792969,45736600,271.4647521972656
2019-10-18,298.69000244140625,299.3999938964844,297.0299987792969,297.9700012207031,64304000,270.2766418457031
2019-10-21,299.4200134277344,300.2099914550781,298.94000244140625,299.989990234375,39048600,272.1088256835937
2019-10-22,300.5799865722656,300.8999938964844,298.9100036621094,299.010009765625,48594700,271.219970703125
2019-10-23,298.7300109863281,299.94000244140625,298.5,299.8800048828125,34352200,272.0090637207031
2019-10-24,300.9100036621094,301.07000732421875,299.4599914550781,300.3699951171875,35453100,272.4535522460937
2019-10-25,299.739990234375,302.20001220703125,299.67999267578125,301.6000061035156,45205400,273.5691833496094
2019-10-28,302.94000244140625,303.8500061035156,302.9100036621094,303.29998779296875,42147000,275.1111755371094
2019-10-29,303.0,304.2300109863281,302.8599853515625,303.2099914550781,44284900,275.029541015625
2019-10-30,303.42999267578125,304.54998779296875,301.989990234375,304.1400146484375,49643900,275.8731994628906
2019-10-31,304.1300048828125,304.1300048828125,301.7300109863281,303.3299865722656,69053800,275.138427734375
2019-11-01,304.9200134277344,306.19000244140625,304.739990234375,306.1400146484375,71141500,277.6874084472656
2019-11-04,307.8500061035156,308.0,306.9599914550781,307.3699951171875,60606900,278.802978515625
2019-11-05,307.5899963378906,307.9200134277344,306.7099914550781,307.0299987792969,42933200,278.4945983886719
2019-11-06,307.0299987792969,307.3999938964844,306.0599975585937,307.1000061035156,46487100,278.55810546875
2019-11-07,308.57000732421875,309.6499938964844,307.6600036621094,308.17999267578125,54272300,279.53765869140625
2019-11-08,307.79998779296875,309.0,307.0299987792969,308.94000244140625,49032100,280.2270812988281
2019-11-11,307.4200134277344,308.5400085449219,307.2699890136719,308.3500061035156,35797300,279.6918640136719
2019-11-12,308.75,309.989990234375,308.1499938964844,309.0,46484600,280.2814636230469
2019-11-13,307.9100036621094,309.5400085449219,307.6600036621094,309.1000061035156,53917700,280.3722839355469
2019-11-14,308.7900085449219,309.6400146484375,308.0899963378906,309.54998779296875,51219900,280.78033447265625
2019-11-15,311.0199890136719,311.8399963378906,310.260009765625,311.7900085449219,62023600,282.81219482421875
2019-11-18,311.5299987792969,312.2799987792969,311.0299987792969,312.0199890136719,49228000,283.020751953125
2019-11-19,312.67999267578125,312.69000244140625,311.2200012207031,311.92999267578125,67804700,282.9391174316406
2019-11-20,311.2799987792969,311.8500061035156,309.0599975585937,310.7699890136719,79406200,281.8869323730469
2019-11-21,310.8900146484375,311.010009765625,309.3900146484375,310.2699890136719,54664700,281.4334716796875
2019-11-22,311.0899963378906,311.239990234375,309.8500061035156,310.9599914550781,44850200,282.05926513671875
2019-11-25,311.9800109863281,313.3699951171875,311.9800109863281,313.3699951171875,48647200,284.2453918457031
2019-11-26,313.4100036621094,314.2799987792969,313.0599975585937,314.0799865722656,37569000,284.8893127441406
2019-11-27,314.6099853515625,315.4800109863281,314.3699951171875,315.4800109863281,44444600,286.1592102050781
2019-11-29,314.8599853515625,315.1300048828125,314.0599975585937,314.3099975585937,36592700,285.097900390625
2019-12-02,314.5899963378906,314.6600036621094,311.1700134277344,311.6400146484375,75767800,282.6761474609375
2019-12-03,308.6499938964844,309.6400146484375,307.1300048828125,309.54998779296875,73941700,280.78033447265625
2019-12-04,310.70001220703125,312.1199951171875,310.32000732421875,311.4599914550781,49080000,282.5128173828125
2019-12-05,312.2300109863281,312.25,310.5799865722656,312.0199890136719,40709000,283.020751953125
2019-12-06,314.1199951171875,315.3099975585937,314.1099853515625,314.8699951171875,48927000,285.60595703125
2019-12-09,314.44000244140625,315.17999267578125,313.79998779296875,313.8800048828125,34838500,284.7078857421875
2019-12-10,313.82000732421875,314.54998779296875,312.8099975585937,313.5299987792969,52649800,284.39044189453125
2019-12-11,314.0299987792969,314.70001220703125,313.44000244140625,314.4200134277344,53429100,285.1977844238281
2019-12-12,314.42999267578125,317.989990234375,314.1700134277344,317.1300048828125,96389600,287.65582275390625
2019-12-13,316.8699951171875,318.6700134277344,316.0199890136719,317.32000732421875,81503900,287.8282775878906
2019-12-16,319.2200012207031,320.1499938964844,317.25,319.5,82749700,289.8055725097656
2019-12-17,319.9200134277344,320.25,319.4800109863281,319.57000732421875,61097700,289.8690795898437
2019-12-18,320.0,320.25,319.5299987792969,319.5899963378906,48133000,289.8872985839844
2019-12-19,319.79998779296875,320.9800109863281,319.5199890136719,320.8999938964844,85310500,291.075439453125
2019-12-20,320.4599914550781,321.9700012207031,319.3900146484375,320.7300109863281,147142100,292.3515930175781
2019-12-23,321.5899963378906,321.6499938964844,321.0599975585937,321.2200012207031,52990000,292.7982788085937
2019-12-24,321.4700012207031,321.5199890136719,320.8999938964844,321.2300109863281,20270000,292.8074035644531
2019-12-26,321.6499938964844,322.95001220703125,321.6400146484375,322.94000244140625,30911200,294.3660888671875
2019-12-27,323.739990234375,323.79998779296875,322.2799987792969,322.8599853515625,42528800,294.2930908203125
2019-12-30,322.95001220703125,323.1000061035156,320.54998779296875,321.0799865722656,49729100,292.67059326171875
2019-12-31,320.5299987792969,322.1300048828125,320.1499938964844,321.8599853515625,57077300,293.38165283203125
2020-01-02,323.5400085449219,324.8900146484375,322.5299987792969,324.8699951171875,59151200,296.1253356933594
2020-01-03,321.1600036621094,323.6400146484375,321.1000061035156,322.4100036621094,77709700,293.8829345703125
2020-01-06,320.489990234375,323.7300109863281,320.3599853515625,323.6400146484375,55653900,295.0040283203125
2020-01-07,323.0199890136719,323.5400085449219,322.239990234375,322.7300109863281,40496400,294.1747131347656
2020-01-08,322.94000244140625,325.7799987792969,322.6700134277344,324.45001220703125,68296000,295.74249267578125
2020-01-09,326.1600036621094,326.7300109863281,325.5199890136719,326.6499938964844,48473300,297.74774169921875
2020-01-10,327.2900085449219,327.4599914550781,325.20001220703125,325.7099914550781,53029300,296.8908996582031
2020-01-13,326.3900146484375,327.9599914550781,325.9200134277344,327.95001220703125,47086800,298.9327392578125
2020-01-14,327.4700012207031,328.6199951171875,326.8399963378906,327.45001220703125,62832800,298.4770812988281
2020-01-15,327.3500061035156,329.0199890136719,327.260009765625,328.19000244140625,72056600,299.1515197753906
2020-01-16,329.70001220703125,330.9200134277344,329.45001220703125,330.9200134277344,54050300,301.6400756835937
2020-01-17,331.70001220703125,332.17999267578125,330.8500061035156,331.95001220703125,95846000,302.5788269042969
2020-01-21,330.8999938964844,332.17999267578125,330.82000732421875,331.29998779296875,77742400,301.9863586425781
2020-01-22,332.239990234375,332.95001220703125,331.1700134277344,331.3399963378906,48914900,302.0228576660156
2020-01-23,330.6300048828125,332.1700134277344,329.4100036621094,331.7200012207031,51963000,302.36920166015625
2020-01-24,332.44000244140625,332.5299987792969,327.3599853515625,328.7699890136719,87578400,299.6801147460937
2020-01-27,323.0299987792969,325.1199951171875,322.6600036621094,323.5,84062500,294.87646484375
2020-01-28,325.0599975585937,327.8500061035156,323.6000061035156,326.8900146484375,63834000,297.9665832519531
2020-01-29,328.3800048828125,328.6300048828125,326.3999938964844,326.6199951171875,53888900,297.7204284667969
2020-01-30,324.3599853515625,327.9100036621094,323.5400085449219,327.67999267578125,75491800,298.6866760253906
2020-01-31,327.0,327.1700134277344,320.7300109863281,321.7300109863281,113845600,293.2631530761719
2020-02-03,323.3500061035156,326.1600036621094,323.2200012207031,324.1199951171875,69083000,295.4416198730469
2020-02-04,328.07000732421875,330.010009765625,327.7200012207031,329.0599975585937,62573200,299.94451904296875
2020-02-05,332.2699890136719,333.0899963378906,330.6700134277344,332.8599853515625,65951100,303.4084167480469
2020-02-06,333.9100036621094,334.19000244140625,332.79998779296875,333.9800109863281,50359700,304.42926025390625
2020-02-07,332.82000732421875,333.989990234375,331.6000061035156,332.20001220703125,64139400,302.8067321777344
2020-02-10,331.2300109863281,334.75,331.19000244140625,334.67999267578125,42070000,305.0672607421875
2020-02-11,336.1600036621094,337.0199890136719,334.67999267578125,335.260009765625,54864500,305.59588623046875
2020-02-12,336.8299865722656,337.6499938964844,336.42999267578125,337.4200134277344,43992700,307.5649108886719
2020-02-13,335.8599853515625,338.1199951171875,335.5599975585937,337.0599975585937,54501900,307.2367553710937
2020-02-14,337.510009765625,337.7300109863281,336.20001220703125,337.6000061035156,64582200,307.7289428710937
2020-02-18,336.510009765625,337.6700134277344,335.2099914550781,336.7300109863281,57226200,306.9359436035156
2020-02-19,337.7900085449219,339.0799865722656,337.4800109863281,338.3399963378906,48814700,308.4034729003906
2020-02-20,337.739990234375,338.6400146484375,333.67999267578125,336.95001220703125,74163400,307.13641357421875
2020-02-21,335.4700012207031,335.8099975585937,332.5799865722656,333.4800109863281,113788200,303.9734191894531
2020-02-24,323.1400146484375,333.5599975585937,321.239990234375,322.4200134277344,161088400,293.89208984375
2020-02-25,323.94000244140625,324.6099853515625,311.69000244140625,312.6499938964844,218913200,284.9864807128906
2020-02-26,314.17999267578125,318.1099853515625,310.70001220703125,311.5,194773800,283.93829345703125
2020-02-27,305.4599914550781,311.5599975585937,297.510009765625,297.510009765625,284353500,271.1862487792969
2020-02-28,288.70001220703125,297.8900146484375,285.5400085449219,296.260009765625,384975800,270.0467529296875
2020-03-02,298.2099914550781,309.1600036621094,294.4599914550781,309.0899963378906,238703600,281.7415466308594
2020-03-03,309.5,313.8399963378906,297.57000732421875,300.239990234375,300139100,273.6745910644531
2020-03-04,306.1199951171875,313.1000061035156,303.3299865722656,312.8599853515625,176613400,285.1779479980469
2020-03-05,304.9800109863281,308.4700012207031,300.010009765625,302.4599914550781,186366800,275.6980895996094
2020-03-06,293.1499938964844,298.7799987792969,290.2300109863281,297.4599914550781,228667200,271.1405944824219
2020-03-09,275.29998779296875,284.19000244140625,273.45001220703125,274.2300109863281,309417300,249.96600341796875
2020-03-10,284.6400146484375,288.5199890136719,273.5,288.4200134277344,276444100,262.9004821777344
2020-03-11,280.70001220703125,281.94000244140625,270.8800048828125,274.3599853515625,255316300,250.0843811035156
2020-03-12,256.0,266.6600036621094,247.67999267578125,248.1100006103516,392220700,226.1570587158203
2020-03-13,263.0899963378906,271.4800109863281,248.5200042724609,269.32000732421875,329566100,245.49044799804688
2020-03-16,241.17999267578125,256.8999938964844,237.3600006103516,239.8500061035156,297240000,218.6279144287109
2020-03-17,245.0399932861328,256.1700134277344,237.07000732421875,252.8000030517578,262070500,230.43212890625
2020-03-18,236.25,248.3699951171875,228.0200042724609,240.0,327597100,218.76466369628903
2020-03-19,239.25,247.3800048828125,232.22000122070312,240.509994506836,289322000,219.22950744628903
2020-03-20,242.52999877929688,244.47000122070312,228.5,228.8000030517578,347158800,209.7820281982422
2020-03-23,228.19000244140625,229.67999267578125,218.259994506836,222.9499969482422,326025200,204.4182281494141
2020-03-24,234.4199981689453,244.1000061035156,233.8000030517578,243.1499938964844,235494500,222.939208984375
2020-03-25,244.8699951171875,256.3500061035156,239.75,246.7899932861328,299430300,226.276611328125
2020-03-26,249.5200042724609,262.79998779296875,249.0500030517578,261.20001220703125,257632800,239.4888916015625
2020-03-27,253.2700042724609,260.8099975585937,251.0500030517578,253.4199981689453,224341200,232.3555908203125
2020-03-30,255.6999969482422,262.42999267578125,253.52999877929688,261.6499938964844,171369500,239.90147399902344
2020-03-31,260.5599975585937,263.3299865722656,256.2200012207031,257.75,194881100,236.32565307617188
2020-04-01,247.97999572753903,257.6600036621094,243.8999938964844,246.1499938964844,189554600,225.6898498535156
2020-04-02,245.19000244140625,252.67999267578125,244.58999633789065,251.8300018310547,177660400,230.8977508544922
2020-04-03,250.759994506836,253.32000732421875,245.22000122070312,248.19000244140625,135561200,227.560302734375
2020-04-06,257.8399963378906,267.0,248.1699981689453,264.8599853515625,188061200,242.8446350097656
2020-04-07,274.2099914550781,275.0299987792969,264.8900146484375,265.1300048828125,201427200,243.09217834472656
2020-04-08,267.9599914550781,276.0,265.25,274.0299987792969,153774500,251.25247192382807
2020-04-09,277.5799865722656,281.20001220703125,275.4700012207031,278.20001220703125,189999200,255.07589721679688
2020-04-13,277.1400146484375,277.510009765625,271.4100036621094,275.6600036621094,114839100,252.7469940185547
2020-04-14,280.9800109863281,284.8999938964844,275.510009765625,283.7900085449219,134143400,260.2011413574219
2020-04-15,277.57000732421875,283.94000244140625,275.4599914550781,277.760009765625,121775000,254.67247009277344
2020-04-16,279.1499938964844,280.0299987792969,275.760009765625,279.1000061035156,131798300,255.9010772705078
2020-04-17,285.3800048828125,287.29998779296875,282.3999938964844,286.6400146484375,146684800,262.8143615722656
2020-04-20,282.6099853515625,286.7900085449219,281.3500061035156,281.5899963378906,100109300,258.18408203125
2020-04-21,276.7300109863281,278.0400085449219,272.0199890136719,273.0400085449219,126385700,250.34474182128903
2020-04-22,278.3500061035156,281.0,276.9100036621094,279.1000061035156,92951600,255.9010772705078
2020-04-23,280.489990234375,283.94000244140625,278.75,279.0799865722656,104709700,255.88265991210932
2020-04-24,280.7300109863281,283.70001220703125,278.5,282.9700012207031,85063200,259.4493713378906
2020-04-27,285.1199951171875,288.2699890136719,284.6199951171875,287.04998779296875,77896600,263.19012451171875
2020-04-28,291.0199890136719,291.3999938964844,285.3999938964844,285.7300109863281,105270000,261.97998046875
2020-04-29,291.5299987792969,294.8800048828125,290.4100036621094,293.2099914550781,118745600,268.8381652832031
2020-04-30,291.7099914550781,293.32000732421875,288.5899963378906,290.4800109863281,122901700,266.33502197265625
2020-05-01,285.3099975585937,290.6600036621094,281.5199890136719,282.7900085449219,125180000,259.2843933105469
2020-05-04,280.739990234375,283.8999938964844,279.1300048828125,283.57000732421875,80873200,259.99951171875
2020-05-05,286.6400146484375,289.25,283.7099914550781,286.19000244140625,79569900,262.4017028808594
2020-05-06,288.0400085449219,288.4599914550781,283.7799987792969,284.25,73632600,260.6229553222656
2020-05-07,287.75,289.7799987792969,287.1300048828125,287.67999267578125,75250400,263.76788330078125
2020-05-08,291.0899963378906,292.95001220703125,289.8599853515625,292.44000244140625,76452400,268.1321716308594
2020-05-11,290.3399963378906,294.0,289.8800048828125,292.5,79514200,268.1871643066406
2020-05-12,293.7900085449219,294.239990234375,286.5199890136719,286.6700134277344,95870800,262.841796875
2020-05-13,286.0599975585937,287.19000244140625,278.9599914550781,281.6000061035156,144721100,258.1932373046875
2020-05-14,278.95001220703125,285.1099853515625,272.989990234375,284.9700012207031,121977900,261.2830505371094
2020-05-15,282.3699951171875,286.3299865722656,281.3399963378906,286.2799987792969,111146300,262.4842529296875
2020-05-18,293.04998779296875,296.75,292.70001220703125,295.0,119703800,270.4794006347656
2020-05-19,294.3500061035156,296.2099914550781,291.95001220703125,291.9700012207031,95189300,267.7012023925781
2020-05-20,295.82000732421875,297.8699951171875,295.57000732421875,296.92999267578125,85861700,272.2489929199219
2020-05-21,296.7900085449219,297.6700134277344,293.69000244140625,294.8800048828125,78293900,270.36932373046875
2020-05-22,294.57000732421875,295.6300048828125,293.2200012207031,295.44000244140625,63958200,270.8828430175781
2020-05-26,301.92999267578125,302.19000244140625,295.4599914550781,299.0799865722656,88951400,274.22021484375
2020-05-27,302.1199951171875,303.57000732421875,296.8699951171875,303.5299987792969,104817400,278.3004455566406
2020-05-28,304.6499938964844,306.8399963378906,302.239990234375,302.9700012207031,90405200,277.7869873046875
2020-05-29,302.4599914550781,304.9599914550781,299.4700012207031,304.32000732421875,119090800,279.0247497558594
2020-06-01,303.6199951171875,306.2099914550781,303.0599975585937,305.54998779296875,55758300,280.1524353027344
2020-06-02,306.54998779296875,308.1300048828125,305.1000061035156,308.0799865722656,74267200,282.47216796875
2020-06-03,310.239990234375,313.2200012207031,309.94000244140625,312.17999267578125,92567600,286.2313537597656
2020-06-04,311.1099853515625,313.0,309.0799865722656,311.3599853515625,75794400,285.47955322265625
2020-06-05,317.2300109863281,321.2699890136719,317.1600036621094,319.3399963378906,150524700,292.7962341308594
2020-06-08,320.2200012207031,323.4100036621094,319.6300048828125,323.20001220703125,73641200,296.3353881835937
2020-06-09,320.29998779296875,323.2799987792969,319.3599853515625,320.7900085449219,77479200,294.1256408691406
2020-06-10,321.4200134277344,322.3900146484375,318.2200012207031,319.0,95000800,292.48443603515625
2020-06-11,311.4599914550781,312.1499938964844,300.010009765625,300.6099853515625,209243600,275.6231384277344
2020-06-12,308.239990234375,309.0799865722656,298.6000061035156,304.2099914550781,194678900,278.9238586425781
2020-06-15,298.0199890136719,308.2799987792969,296.739990234375,307.04998779296875,135782700,281.5277709960937
2020-06-16,315.4800109863281,315.6400146484375,307.6700134277344,312.9599914550781,137627500,286.9465637207031
2020-06-17,314.07000732421875,314.3900146484375,310.8599853515625,311.6600036621094,83398900,285.75457763671875
2020-06-18,310.010009765625,312.29998779296875,309.510009765625,311.7799987792969,80828700,285.8646850585937
2020-06-19,314.1700134277344,314.3800048828125,306.5299987792969,308.6400146484375,135549600,284.23101806640625
2020-06-22,307.989990234375,311.04998779296875,306.75,310.6199951171875,74649400,286.0543212890625
2020-06-23,313.489990234375,314.5,311.6099853515625,312.04998779296875,68471200,287.3712158203125
2020-06-24,309.8399963378906,310.510009765625,302.1000061035156,304.0899963378906,132813500,280.0407409667969
2020-06-25,303.4700012207031,307.6400146484375,301.2799987792969,307.3500061035156,89468000,283.04296875
2020-06-26,306.1600036621094,306.3900146484375,299.4200134277344,300.04998779296875,127961000,276.3203125
2020-06-29,301.4100036621094,304.6099853515625,298.92999267578125,304.4599914550781,79773300,280.381591796875
2020-06-30,303.989990234375,310.20001220703125,303.82000732421875,308.3599853515625,113394800,283.9731140136719
2020-07-01,309.57000732421875,311.8900146484375,309.07000732421875,310.5199890136719,72396500,285.9622497558594
2020-07-02,314.239990234375,315.70001220703125,311.510009765625,312.2300109863281,69344200,287.537109375
2020-07-06,316.3699951171875,317.67999267578125,315.5599975585937,317.04998779296875,61713800,291.9757995605469
2020-07-07,315.3800048828125,317.5199890136719,313.3699951171875,313.7799987792969,82910000,288.96441650390625
2020-07-08,314.6099853515625,316.29998779296875,312.70001220703125,316.17999267578125,54638600,291.1747131347656
2020-07-09,316.8399963378906,317.1000061035156,310.67999267578125,314.3800048828125,83354200,289.5170288085937
2020-07-10,314.3099975585937,317.8800048828125,312.760009765625,317.5899963378906,57550400,292.4730834960937
2020-07-13,320.1300048828125,322.7099914550781,314.1300048828125,314.8399963378906,102997500,289.940673828125
2020-07-14,313.29998779296875,319.760009765625,312.0,318.9200134277344,93657000,293.6979675292969
2020-07-15,322.4100036621094,323.0400085449219,319.2699890136719,321.8500061035156,87196500,296.3961486816406
2020-07-16,319.7900085449219,321.2799987792969,319.0899963378906,320.7900085449219,54622500,295.4200744628906
2020-07-17,321.8800048828125,322.57000732421875,319.739990234375,321.7200012207031,62774900,296.2764892578125
2020-07-20,321.42999267578125,325.1300048828125,320.6199951171875,324.32000732421875,56308800,298.6708374023437
2020-07-21,326.45001220703125,326.92999267578125,323.94000244140625,325.010009765625,57292200,299.30633544921875
2020-07-22,324.6199951171875,327.20001220703125,324.5,326.8599853515625,57792900,301.00994873046875
2020-07-23,326.4700012207031,327.2300109863281,321.4800109863281,322.9599914550781,75738000,297.41851806640625
2020-07-24,320.95001220703125,321.989990234375,319.25,320.8800048828125,73766600,295.5029602050781
2020-07-27,321.6300048828125,323.4100036621094,320.7699890136719,323.2200012207031,48293000,297.6578674316406
2020-07-28,322.42999267578125,323.6400146484375,320.8500061035156,321.1700134277344,57495000,295.7700500488281
2020-07-29,322.1199951171875,325.7300109863281,322.0799865722656,325.1199951171875,48454200,299.40753173828125
2020-07-30,321.8999938964844,324.4100036621094,319.6400146484375,323.9599914550781,61861700,298.33941650390625
2020-07-31,325.8999938964844,326.6300048828125,321.3299865722656,326.5199890136719,84986800,300.69683837890625
2020-08-03,328.32000732421875,329.6199951171875,327.7300109863281,328.7900085449219,53077900,302.787353515625
2020-08-04,327.8599853515625,330.0599975585937,327.8599853515625,330.0599975585937,41917900,303.9568786621094
2020-08-05,331.4700012207031,332.3900146484375,331.17999267578125,332.1099853515625,42697700,305.84478759765625
2020-08-06,331.4800109863281,334.4599914550781,331.1300048828125,334.3299865722656,43679400,307.8892517089844
2020-08-07,333.2799987792969,334.8800048828125,332.29998779296875,334.57000732421875,57308300,308.1102294921875
2020-08-10,335.0599975585937,335.7699890136719,332.9599914550781,335.57000732421875,44282100,309.0311889648437
2020-08-11,336.8500061035156,337.5400085449219,332.010009765625,332.79998779296875,69601100,306.4801940917969
2020-08-12,335.44000244140625,338.2799987792969,335.4100036621094,337.44000244140625,53774400,310.7532653808594
2020-08-13,336.6099853515625,338.25,335.8299865722656,336.8299865722656,41816100,310.1915283203125
2020-08-14,336.4100036621094,337.4200134277344,335.6199951171875,336.8399963378906,47260400,310.2007141113281
2020-08-17,337.94000244140625,338.3399963378906,336.8500061035156,337.9100036621094,35481000,311.1861267089844
2020-08-18,338.3399963378906,339.1000061035156,336.6099853515625,338.6400146484375,38733900,311.8583679199219
2020-08-19,339.04998779296875,339.6099853515625,336.6199951171875,337.2300109863281,68054200,310.5599060058594
2020-08-20,335.3599853515625,338.79998779296875,335.2200012207031,338.2799987792969,42207800,311.5267944335937
2020-08-21,337.9200134277344,339.7200012207031,337.54998779296875,339.4800109863281,55106600,312.6318664550781
2020-08-24,342.1199951171875,343.0,339.45001220703125,342.9200134277344,48588700,315.7999267578125
2020-08-25,343.5299987792969,344.2099914550781,342.2699890136719,344.1199951171875,38463400,316.9050598144531
2020-08-26,344.760009765625,347.8599853515625,344.1700134277344,347.57000732421875,50790200,320.0821838378906
2020-08-27,348.510009765625,349.8999938964844,346.5299987792969,348.3299865722656,58034100,320.78204345703125
2020-08-28,349.44000244140625,350.7200012207031,348.1499938964844,350.5799865722656,48588900,322.85400390625
2020-08-31,350.3500061035156,351.29998779296875,349.0599975585937,349.3099975585937,66099200,321.6845397949219
2020-09-01,350.2099914550781,352.7099914550781,349.239990234375,352.6000061035156,54908700,324.7143249511719
2020-09-02,354.6700134277344,358.75,353.42999267578125,357.70001220703125,69540000,329.4110412597656
2020-09-03,355.8699951171875,356.3800048828125,342.5899963378906,345.3900146484375,148011100,318.07452392578125
2020-09-04,346.1300048828125,347.8299865722656,334.8699951171875,342.57000732421875,139156300,315.4775390625
2020-09-08,336.7099914550781,342.6400146484375,332.8800048828125,333.2099914550781,114465300,306.8577880859375
2020-09-09,337.54998779296875,342.4599914550781,336.6099853515625,339.7900085449219,91462300,312.9174194335937
2020-09-10,341.82000732421875,342.5299987792969,332.8500061035156,333.8900146484375,90569500,307.48406982421875
2020-09-11,335.82000732421875,336.9700012207031,331.0,334.0599975585937,84680200,307.6405334472656
2020-09-14,337.489990234375,340.3800048828125,334.2200012207031,338.4599914550781,65605700,311.692626953125
2020-09-15,341.1199951171875,342.0199890136719,338.4700012207031,340.1700134277344,52920900,313.26739501953125
2020-09-16,341.510009765625,343.0599975585937,338.5199890136719,338.82000732421875,82096000,312.024169921875
2020-09-17,333.5599975585937,337.70001220703125,332.989990234375,335.8399963378906,91523300,309.27978515625
2020-09-18,335.3699951171875,335.489990234375,327.9700012207031,330.6499938964844,105877900,305.7192077636719
2020-09-21,325.70001220703125,327.1300048828125,321.7300109863281,326.9700012207031,99450800,302.316650390625
2020-09-22,328.57000732421875,330.8999938964844,325.8599853515625,330.29998779296875,63612100,305.39556884765625
2020-09-23,330.8999938964844,331.20001220703125,322.1000061035156,322.6400146484375,93112200,298.31317138671875
2020-09-24,321.2200012207031,326.79998779296875,319.79998779296875,323.5,76681300,299.1083068847656
2020-09-25,322.5799865722656,329.5799865722656,321.6400146484375,328.7300109863281,71069400,303.9439697265625
2020-09-28,333.2200012207031,334.9599914550781,332.1499938964844,334.19000244140625,64584600,308.9922790527344
2020-09-29,333.9700012207031,334.7699890136719,331.6199951171875,332.3699951171875,51304000,307.3094482421875
2020-09-30,333.0899963378906,338.2900085449219,332.8800048828125,334.8900146484375,104081100,309.63946533203125
2020-10-01,337.69000244140625,338.739990234375,335.010009765625,337.0400085449219,88698700,311.6272888183594
2020-10-02,331.70001220703125,337.010009765625,331.19000244140625,333.8399963378906,89431100,308.66864013671875
2020-10-05,336.0599975585937,339.9599914550781,336.010009765625,339.760009765625,45713100,314.14227294921875
2020-10-06,339.9100036621094,342.1700134277344,334.3800048828125,334.92999267578125,90128900,309.67645263671875
2020-10-07,338.1199951171875,341.6300048828125,338.0899963378906,340.760009765625,56999600,315.0668640136719
2020-10-08,342.8500061035156,343.8500061035156,341.8599853515625,343.7799987792969,45242500,317.85919189453125
2020-10-09,345.5599975585937,347.3500061035156,344.8900146484375,346.8500061035156,59528600,320.6976623535156
2020-10-12,349.5899963378906,354.0199890136719,349.0599975585937,352.42999267578125,80388500,325.85693359375
2020-10-13,352.2799987792969,352.4700012207031,349.0899963378906,350.1300048828125,73255500,323.7303771972656
2020-10-14,350.75,351.92999267578125,347.1400146484375,347.92999267578125,57727900,321.6963195800781
2020-10-15,343.7099914550781,348.0199890136719,343.1300048828125,347.5,60357700,321.2987060546875
2020-10-16,348.9599914550781,350.75,347.1000061035156,347.2900085449219,89501900,321.1045227050781
2020-10-19,348.6499938964844,349.3299865722656,341.0400085449219,342.010009765625,68425600,316.22265625
2020-10-20,343.4599914550781,346.8800048828125,342.6400146484375,343.3800048828125,60051900,317.4892883300781
2020-10-21,343.3299865722656,345.6700134277344,342.3999938964844,342.7300109863281,63575000,316.888427734375
2020-10-22,342.9599914550781,345.239990234375,340.6499938964844,344.6099853515625,55399300,318.6266174316406
2020-10-23,345.92999267578125,345.989990234375,343.1300048828125,345.7799987792969,49143900,319.7083435058594
2020-10-26,342.1300048828125,342.9800109863281,335.6199951171875,339.3900146484375,91473000,313.8001708984375
2020-10-27,339.760009765625,340.1199951171875,337.989990234375,338.2200012207031,65994100,312.71832275390625
2020-10-28,332.1000061035156,338.25,326.1300048828125,326.6600036621094,127094300,302.030029296875
2020-10-29,326.9100036621094,333.3999938964844,325.0899963378906,329.9800109863281,90597700,305.0997009277344
2020-10-30,328.2799987792969,329.69000244140625,322.6000061035156,326.5400085449219,120287300,301.9190673828125
2020-11-02,330.20001220703125,332.3599853515625,327.239990234375,330.20001220703125,86068300,305.3031005859375
2020-11-03,333.69000244140625,338.25,330.2900085449219,336.0299987792969,93294200,310.6934509277344
2020-11-04,340.8599853515625,347.94000244140625,339.5899963378906,343.5400085449219,126959700,317.6372985839844
2020-11-05,349.239990234375,352.19000244140625,348.8599853515625,350.239990234375,82039700,323.83209228515625
2020-11-06,349.92999267578125,351.510009765625,347.6499938964844,350.1600036621094,74973000,323.7581481933594
2020-11-09,363.9700012207031,364.3800048828125,354.0599975585937,354.5599975585937,172304200,327.8263854980469
2020-11-10,353.489990234375,355.17999267578125,350.510009765625,354.0400085449219,85552000,327.3456115722656
2020-11-11,356.3999938964844,357.5599975585937,355.0599975585937,356.6700134277344,58649000,329.7773132324219
2020-11-12,355.5799865722656,356.7200012207031,351.260009765625,353.2099914550781,67546200,326.5782165527344
2020-11-13,355.2699890136719,358.8999938964844,354.7099914550781,358.1000061035156,62892200,331.0994567871094
2020-11-16,360.9800109863281,362.7799987792969,359.5899963378906,362.5700073242188,74541100,335.2324523925781
2020-11-17,359.9700012207031,361.9200134277344,358.3399963378906,360.6199951171875,66111000,333.429443359375
2020-11-18,360.9100036621094,361.5,356.239990234375,356.2799987792969,70591300,329.4166259765625
2020-11-19,355.6000061035156,358.17999267578125,354.1499938964844,357.7799987792969,59940900,330.8035583496094
2020-11-20,357.5,357.7200012207031,355.25,355.3299865722656,70417300,328.53826904296875
2020-11-23,357.2799987792969,358.82000732421875,354.8699951171875,357.4599914550781,63230600,330.5076904296875
2020-11-24,360.2099914550781,363.80999755859375,359.2900085449219,363.2200012207031,62415900,335.8334045410156
2020-11-25,363.1300048828125,363.1600036621094,361.4800109863281,362.6600036621094,45330900,335.3156433105469
2020-11-27,363.8399963378906,364.1799926757813,362.5799865722656,363.6700134277344,28514100,336.24951171875
2020-11-30,362.8299865722656,363.1199951171875,359.1700134277344,362.05999755859375,83872700,334.7608337402344
2020-12-01,365.5700073242188,367.6799926757813,364.9299926757813,366.0199890136719,74231400,338.4223327636719
2020-12-02,364.8200073242188,366.9599914550781,364.2000122070313,366.7900085449219,45927000,339.1343078613281
2020-12-03,366.6799926757813,368.1900024414063,365.5,366.6900024414063,62882000,339.0417175292969
2020-12-04,367.3200073242188,369.8500061035156,367.2200012207031,369.8500061035156,50749900,341.9635009765625
2020-12-07,369.0199890136719,369.6199951171875,367.7200012207031,369.0899963378906,48944300,341.26080322265625
2020-12-08,367.7200012207031,370.7799987792969,367.6700134277344,370.1700134277344,42458900,342.2593994140625
2020-12-09,370.8800048828125,371.0499877929688,365.9500122070313,366.8500061035156,74098300,339.1896667480469
2020-12-10,365.3699951171875,367.8599853515625,364.4299926757813,366.7300109863281,57735400,339.0787658691406
2020-12-11,364.8999938964844,366.739990234375,363.260009765625,366.2999877929688,57698600,338.68115234375
2020-12-14,368.6400146484375,369.7999877929688,364.4700012207031,364.6600036621094,69216200,337.1649169921875
2020-12-15,367.3999938964844,369.5899963378906,365.9200134277344,369.5899963378906,63865300,341.72314453125
2020-12-16,369.8200073242188,371.1600036621094,368.8699951171875,370.1700134277344,58420500,342.2593994140625
2020-12-17,371.9400024414063,372.4599914550781,371.0499877929688,372.239990234375,64119500,344.1733093261719
2020-12-18,370.9700012207031,371.1499938964844,367.0199890136719,369.1799926757813,136542300,342.7989807128906
2020-12-21,364.9700012207031,378.4599914550781,362.0299987792969,367.8599853515625,96386700,341.57330322265625
2020-12-22,368.2099914550781,368.3299865722656,366.0299987792969,367.239990234375,47949000,340.99761962890625
2020-12-23,368.2799987792969,369.6199951171875,367.2200012207031,367.5700073242188,46201400,341.3041381835937
2020-12-24,368.0799865722656,369.0299987792969,367.4500122070313,369.0,26457900,342.63189697265625
2020-12-28,371.739990234375,372.5899963378906,371.0700073242188,372.1700134277344,39000400,345.575439453125
2020-12-29,373.80999755859375,374.0,370.8299865722656,371.4599914550781,53680500,344.9161376953125
2020-12-30,372.3399963378906,373.1000061035156,371.5700073242188,371.989990234375,49455300,345.40826416015625
2020-12-31,371.7799987792969,374.6600036621094,371.2300109863281,373.8800048828125,78520700,347.1632080078125
2021-01-04,375.30999755859375,375.4500122070313,364.8200073242188,368.7900085449219,110210800,342.4369812011719
2021-01-05,368.1000061035156,372.5,368.0499877929688,371.3299865722656,66426200,344.79541015625
2021-01-06,369.7099914550781,376.9800109863281,369.1199951171875,373.5499877929688,107997700,346.8567810058594
2021-01-07,376.1000061035156,379.8999938964844,375.9100036621094,379.1000061035156,68766800,352.0102233886719
2021-01-08,380.5899963378906,381.489990234375,377.1000061035156,381.260009765625,71677200,354.01580810546875
2021-01-11,377.8500061035156,380.5799865722656,377.7200012207031,378.6900024414063,51034700,351.6293640136719
2021-01-12,378.8900146484375,379.8599853515625,376.3599853515625,378.7699890136719,52547700,351.7037658691406
2021-01-13,378.6900024414063,380.8599853515625,377.8500061035156,379.7900085449219,45303600,352.65093994140625
2021-01-14,380.5899963378906,381.1300048828125,378.1000061035156,378.4599914550781,49989100,351.4159545898437
2021-01-15,376.7200012207031,377.5799865722656,373.7000122070313,375.7000122070313,107160000,348.85321044921875
2021-01-19,378.3399963378906,379.2300109863281,376.75,378.6499938964844,51233300,351.5923156738281
2021-01-20,381.1099853515625,384.7900085449219,380.6900024414063,383.8900146484375,61836100,356.4578857421875
2021-01-21,384.489990234375,384.9500122070313,383.25,384.239990234375,47840100,356.7829284667969
2021-01-22,382.25,384.1300048828125,381.8399963378906,382.8800048828125,52860500,355.52001953125
2021-01-25,383.6700134277344,384.7699890136719,378.4599914550781,384.3900146484375,70402000,356.922119140625
2021-01-26,385.4100036621094,385.8500061035156,383.5400085449219,383.7900085449219,42665300,356.3650817871094
2021-01-27,380.2200012207031,380.3200073242188,372.010009765625,374.4100036621094,123351100,347.6553039550781
2021-01-28,376.3599853515625,381.9299926757813,375.8900146484375,377.6300048828125,94198100,350.645263671875
2021-01-29,375.6300048828125,376.6700134277344,368.2699890136719,370.0700073242188,126765100,343.6255187988281
2021-02-01,373.7200012207031,377.3399963378906,370.3800048828125,376.2300109863281,75817600,349.3453674316406
2021-02-02,379.6499938964844,383.2200012207031,376.3200073242188,381.5499877929688,64450700,354.2851257324219
2021-02-03,382.4400024414063,383.7000122070313,380.4800109863281,381.8500061035156,52427100,354.5636901855469
2021-02-04,382.9599914550781,386.239990234375,381.9700012207031,386.1900024414063,47142600,358.5934753417969
2021-02-05,388.2000122070313,388.4700012207031,386.1400146484375,387.7099914550781,48669800,360.0049133300781
2021-02-08,389.2699890136719,390.55999755859375,388.3500061035156,390.510009765625,38365200,362.6047973632813
2021-02-09,389.6099853515625,390.8900146484375,389.1700134277344,390.25,35551100,362.363525390625
2021-02-10,392.1199951171875,392.2799987792969,387.5,390.0799865722656,59154400,362.2055969238281
2021-02-11,391.239990234375,391.6900024414063,388.1000061035156,390.7099914550781,42913300,362.7905883789063
2021-02-12,389.8500061035156,392.8999938964844,389.7699890136719,392.6400146484375,50593300,364.5825805664063
2021-02-16,393.9599914550781,394.1700134277344,391.5299987792969,392.2999877929688,50972400,364.2669067382813
2021-02-17,390.4200134277344,392.6600036621094,389.3299865722656,392.3900146484375,52290600,364.3505554199219
2021-02-18,389.5899963378906,391.5199890136719,387.739990234375,390.7200012207031,59712800,362.79986572265625
2021-02-19,392.0700073242188,392.3800048828125,389.5499877929688,390.0299987792969,83241000,362.1591491699219
2021-02-22,387.05999755859375,389.6199951171875,386.739990234375,387.0299987792969,67414200,359.3735046386719
2021-02-23,384.6600036621094,388.9500122070313,380.2000122070313,387.5,107284100,359.8100280761719
2021-02-24,386.3299865722656,392.2300109863281,385.2699890136719,391.7699890136719,72433900,363.77484130859375
2021-02-25,390.4100036621094,391.8800048828125,380.7799987792969,382.3299865722656,146670500,355.00933837890625
2021-02-26,384.3500061035156,385.5799865722656,378.2300109863281,380.3599853515625,152701600,353.18017578125
2021-03-01,385.5899963378906,390.9200134277344,380.5700073242188,389.5799865722656,105348800,361.7413940429688
2021-03-02,389.8200073242188,390.0700073242188,386.0,386.5400085449219,79595300,358.9185485839844
2021-03-03,385.7900085449219,386.8299865722656,381.30999755859375,381.4200134277344,119940200,354.1644287109375
2021-03-04,381.2200012207031,384.0,371.8800048828125,376.7000122070313,183433000,349.7817077636719
2021-03-05,380.4599914550781,384.760009765625,372.6400146484375,383.6300048828125,152039600,356.2164611816406
2021-03-08,384.6600036621094,387.6799926757813,381.4200134277344,381.7200012207031,123149200,354.4429626464844
2021-03-09,385.8500061035156,389.9100036621094,385.30999755859375,387.1700134277344,113633600,359.5035095214844
2021-03-10,389.6900024414063,391.3999938964844,388.1700134277344,389.5799865722656,109899400,361.7413940429688
2021-03-11,392.2300109863281,395.6499938964844,391.739990234375,393.5299987792969,86245000,365.4090270996094
2021-03-12,392.0700073242188,394.2099914550781,391.2000122070313,394.05999755859375,64653600,365.901123046875
2021-03-15,394.3299865722656,396.6900024414063,392.0299987792969,396.4100036621094,73427200,368.0831909179688
2021-03-16,397.0700073242188,397.8299865722656,395.0799865722656,395.9100036621094,73722500,367.6190185546875
2021-03-17,394.5299987792969,398.1199951171875,393.2999877929688,397.260009765625,97959300,368.87255859375
2021-03-18,394.4800109863281,396.7200012207031,390.75,391.4800109863281,115349100,363.5055847167969
2021-03-19,389.8800048828125,391.5700073242188,387.1499938964844,389.4800109863281,113624500,362.8330078125
2021-03-22,390.0299987792969,394.0700073242188,389.9700012207031,392.5899963378906,73778600,365.7301940917969
2021-03-23,391.9100036621094,393.4599914550781,388.6600036621094,389.5,90686600,362.8515625
2021-03-24,391.0,392.75,387.4700012207031,387.5199890136719,97588600,361.0069885253906
2021-03-25,385.9800109863281,390.5499877929688,383.8999938964844,389.7000122070313,116128600,363.0379028320313
2021-03-26,390.9299926757813,396.4100036621094,390.2900085449219,395.9800109863281,114409100,368.88812255859375
2021-03-29,394.3999938964844,396.75,392.80999755859375,395.7799987792969,108107600,368.701904296875
2021-03-30,394.4200134277344,395.4500122070313,393.0199890136719,394.7300109863281,76262200,367.7237548828125
2021-03-31,395.3399963378906,398.0,395.30999755859375,396.3299865722656,112734200,369.2142639160156
2021-04-01,398.3999938964844,400.6700134277344,398.1799926757813,400.6099853515625,99682900,373.201416015625
2021-04-05,403.4599914550781,406.9400024414063,403.3800048828125,406.3599853515625,91684800,378.55810546875
2021-04-06,405.760009765625,407.239990234375,405.3999938964844,406.1199951171875,62021000,378.33447265625
2021-04-07,405.9400024414063,406.9599914550781,405.4500122070313,406.5899963378906,55836300,378.7723388671875
2021-04-08,407.9299926757813,408.5799865722656,406.9299926757813,408.5199890136719,57863100,380.5702209472656
2021-04-09,408.3900146484375,411.6700134277344,408.260009765625,411.489990234375,61104600,383.3370361328125
2021-04-12,410.8500061035156,411.9299926757813,410.2000122070313,411.6400146484375,56704900,383.4768981933594
2021-04-13,411.5299987792969,413.5299987792969,411.1199951171875,412.8599853515625,56551000,384.61334228515625
2021-04-14,412.8299865722656,413.9599914550781,410.8699951171875,411.4500122070313,61659900,383.2998352050781
2021-04-15,413.739990234375,416.1600036621094,413.6900024414063,415.8699951171875,60229800,387.4174499511719
2021-04-16,417.25,417.9100036621094,415.7300109863281,417.260009765625,82037300,388.71234130859375
2021-04-19,416.260009765625,416.739990234375,413.7900085449219,415.2099914550781,78498500,386.802490234375
2021-04-20,413.9100036621094,415.0899963378906,410.5899963378906,412.1700134277344,81851800,383.9705810546875
2021-04-21,411.510009765625,416.2900085449219,411.3599853515625,416.0700073242188,66793000,387.6037292480469
2021-04-22,415.8900146484375,416.7799987792969,411.1300048828125,412.2699890136719,97582800,384.0636901855469
2021-04-23,412.8699951171875,418.25,412.7900085449219,416.739990234375,73209200,388.227783203125
2021-04-26,417.4400024414063,418.2200012207031,416.80999755859375,417.6099853515625,52182400,389.0384521484375
2021-04-27,417.9299926757813,418.1400146484375,416.2999877929688,417.5199890136719,51303100,388.95452880859375
2021-04-28,417.80999755859375,419.010009765625,416.8999938964844,417.3999938964844,51238900,388.8427734375
2021-04-29,420.3200073242188,420.7200012207031,416.4400024414063,420.05999755859375,78544300,391.32080078125
2021-04-30,417.6300048828125,418.5400085449219,416.3399963378906,417.2999877929688,85527000,388.7495727539063
2021-05-03,419.4299926757813,419.8399963378906,417.6700134277344,418.2000122070313,68128300,389.5880126953125
2021-05-04,416.0700073242188,416.6000061035156,411.6700134277344,415.6199951171875,101591200,387.1846008300781
2021-05-05,417.3800048828125,417.6300048828125,415.1499938964844,415.75,60162200,387.3056640625
2021-05-06,415.8299865722656,419.2099914550781,413.6799926757813,419.0700073242188,74321400,390.3985290527344
2021-05-07,419.8900146484375,422.8200073242188,419.1600036621094,422.1199951171875,67733800,393.2398071289063
2021-05-10,422.5,422.739990234375,417.80999755859375,417.9400024414063,81852400,389.34576416015625
2021-05-11,413.1000061035156,415.2699890136719,410.05999755859375,414.2099914550781,116888000,385.8709106445313
2021-05-12,411.2300109863281,412.5899963378906,404.0,405.4100036621094,134811000,377.673095703125
2021-05-13,407.0700073242188,412.3500061035156,407.0199890136719,410.2799987792969,106394000,382.20989990234375
2021-05-14,413.2099914550781,417.489990234375,413.1799926757813,416.5799865722656,82201600,388.0788269042969
2021-05-17,415.3900146484375,416.3900146484375,413.3599853515625,415.5199890136719,65129200,387.09130859375
2021-05-18,415.7999877929688,416.05999755859375,411.7699890136719,411.9400024414063,59810200,383.75628662109375
2021-05-19,406.9200134277344,411.0499877929688,405.3299865722656,410.8599853515625,106467100,382.7501220703125
2021-05-20,411.7999877929688,416.6300048828125,411.6700134277344,415.2799987792969,78022200,386.8677978515625
2021-05-21,416.8699951171875,418.2000122070313,414.4500122070313,414.9400024414063,76578700,386.5509643554688
2021-05-24,417.3399963378906,420.3200073242188,417.0799865722656,419.1700134277344,51376700,390.49163818359375
2021-05-25,420.3299865722656,420.7099914550781,417.6199951171875,418.239990234375,57451400,389.6252746582031
2021-05-26,418.8699951171875,419.6099853515625,417.760009765625,419.0700073242188,43088600,390.3985290527344
2021-05-27,420.1700134277344,420.7200012207031,418.989990234375,419.2900085449219,56707700,390.60345458984375
2021-05-28,420.9700012207031,421.25,419.7900085449219,420.0400085449219,58520200,391.30218505859375
2021-06-01,422.5700073242188,422.7200012207031,419.2000122070313,419.6700134277344,54216600,390.95751953125
2021-06-02,420.3699951171875,421.2300109863281,419.2900085449219,420.3299865722656,49097100,391.5722961425781
2021-06-03,417.8500061035156,419.989990234375,416.2799987792969,418.7699890136719,58138800,390.1189880371094
2021-06-04,420.75,422.9200134277344,418.8399963378906,422.6000061035156,55938800,393.68701171875
2021-06-07,422.5899963378906,422.7799987792969,421.1900024414063,422.1900024414063,51555000,393.3050537109375
2021-06-08,423.1099853515625,423.2099914550781,420.3200073242188,422.2799987792969,47134300,393.3888854980469
2021-06-09,423.1799926757813,423.260009765625,421.4100036621094,421.6499938964844,48436300,392.8019409179688
2021-06-10,422.9599914550781,424.6300048828125,421.5499877929688,423.6099853515625,51020100,394.6278381347656
2021-06-11,424.2000122070313,424.4299926757813,422.8200073242188,424.30999755859375,45570800,395.2799072265625
2021-06-14,424.4299926757813,425.3699951171875,423.1000061035156,425.260009765625,42358500,396.16497802734375
2021-06-15,425.4200134277344,425.4599914550781,423.5400085449219,424.4800109863281,51508500,395.4383544921875
2021-06-16,424.6300048828125,424.8699951171875,419.9200134277344,422.1099853515625,80386100,393.2304382324219
2021-06-17,421.6700134277344,423.0199890136719,419.3200073242188,421.9700012207031,90949700,393.1001281738281
2021-06-18,417.0899963378906,417.8299865722656,414.7000122070313,414.9200134277344,118676300,387.7969970703125
2021-06-21,416.7999877929688,421.05999755859375,415.9299926757813,420.8599853515625,72822000,393.3486328125
2021-06-22,420.8500061035156,424.0,420.0799865722656,423.1099853515625,57700300,395.4516296386719
2021-06-23,423.1900024414063,424.0499877929688,422.510009765625,422.6000061035156,49445400,394.9750061035156
2021-06-24,424.8900146484375,425.5499877929688,424.6199951171875,425.1000061035156,45110300,397.3115234375
2021-06-25,425.8999938964844,427.0899963378906,425.5499877929688,426.6099853515625,58129500,398.7228393554688
2021-06-28,427.1700134277344,427.6499938964844,425.8900146484375,427.4700012207031,53159600,399.526611328125
2021-06-29,427.8800048828125,428.55999755859375,427.1300048828125,427.7000122070313,35970500,399.7415466308594
2021-06-30,427.2099914550781,428.7799987792969,427.1799926757813,428.05999755859375,64827900,400.0780334472656
2021-07-01,428.8699951171875,430.6000061035156,428.7999877929688,430.4299926757813,53441000,402.2930908203125
2021-07-02,431.6700134277344,434.1000061035156,430.5199890136719,433.7200012207031,57697700,405.3680114746094
2021-07-06,433.7799987792969,434.010009765625,430.010009765625,432.9299926757813,68710400,404.6297607421875
2021-07-07,433.6600036621094,434.760009765625,431.510009765625,434.4599914550781,63549500,406.0596618652344
2021-07-08,428.7799987792969,431.7300109863281,427.5199890136719,430.9200134277344,97595200,402.7510986328125
2021-07-09,432.5299987792969,435.8399963378906,430.7099914550781,435.5199890136719,76238600,407.0503845214844
2021-07-12,435.4299926757813,437.3500061035156,434.9700012207031,437.0799865722656,52889600,408.5083618164063
2021-07-13,436.239990234375,437.8399963378906,435.30999755859375,435.5899963378906,52911300,407.1158142089844
2021-07-14,437.3999938964844,437.9200134277344,434.9100036621094,436.239990234375,64130400,407.7232666015625
2021-07-15,434.80999755859375,435.5299987792969,432.7200012207031,434.75,55126400,406.3307189941406
2021-07-16,436.010009765625,436.05999755859375,430.9200134277344,431.3399963378906,75874700,403.1436462402344
2021-07-19,426.1900024414063,431.4100036621094,421.9700012207031,424.9700012207031,147987000,397.1900024414063
2021-07-20,425.6799926757813,432.4200134277344,424.8299865722656,431.05999755859375,99608200,402.8819274902344
2021-07-21,432.3399963378906,434.7000122070313,431.010009765625,434.5499877929688,64724400,406.1437683105469
2021-07-22,434.739990234375,435.7200012207031,433.6900024414063,435.4599914550781,47878500,406.9942932128906
2021-07-23,437.5199890136719,440.2999877929688,436.7900085449219,439.9400024414063,63766600,411.1815185546875
2021-07-26,439.30999755859375,441.0299987792969,439.260009765625,441.0199890136719,43719200,412.1908264160156
2021-07-27,439.9100036621094,439.9400024414063,435.989990234375,439.010009765625,67397100,410.3121948242188
2021-07-28,439.6799926757813,440.2999877929688,437.30999755859375,438.8299865722656,52472400,410.1440124511719
2021-07-29,439.8200073242188,441.7999877929688,439.80999755859375,440.6499938964844,47435300,411.8450317382813
2021-07-30,437.9100036621094,440.05999755859375,437.7699890136719,438.510009765625,68951200,409.8449401855469
2021-08-02,440.3399963378906,440.9299926757813,437.2099914550781,437.5899963378906,58783300,408.9850769042969
2021-08-03,438.4400024414063,441.2799987792969,436.1000061035156,441.1499938964844,58053900,412.3122863769531
2021-08-04,439.7799987792969,441.1199951171875,438.7300109863281,438.9800109863281,46732200,410.28424072265625
2021-08-05,440.2200012207031,441.8500061035156,439.8800048828125,441.760009765625,38969700,412.8824768066406
2021-08-06,442.1000061035156,442.9400024414063,441.7999877929688,442.489990234375,46930000,413.5646667480469
2021-08-09,442.4599914550781,442.7999877929688,441.30999755859375,442.1300048828125,41222600,413.2283325195313
2021-08-10,442.6099853515625,443.4400024414063,441.8800048828125,442.6799926757813,43339300,413.7424011230469
2021-08-11,443.8200073242188,443.8800048828125,442.6199951171875,443.7799987792969,44034300,414.7704162597656
2021-08-12,443.6199951171875,445.260009765625,442.6600036621094,445.1099853515625,38909400,416.0135192871094
2021-08-13,445.5899963378906,445.9400024414063,445.0700073242188,445.9200134277344,39470300,416.7705993652344
2021-08-16,444.5299987792969,447.1099853515625,442.8699951171875,446.9700012207031,73740000,417.751953125
2021-08-17,444.239990234375,444.9599914550781,440.8500061035156,444.0400085449219,92673900,415.0133972167969
2021-08-18,442.9599914550781,444.6300048828125,438.9200134277344,439.1799926757813,89351900,410.47113037109375
2021-08-19,436.2699890136719,441.1400146484375,436.1199951171875,439.8599853515625,92812200,411.106689453125
2021-08-20,440.2300109863281,443.7099914550781,439.7099914550781,443.3599853515625,72008700,414.3778991699219
2021-08-23,445.1600036621094,448.2300109863281,443.4400024414063,447.260009765625,54973000,418.02294921875
2021-08-24,447.9700012207031,448.5400085449219,447.4200134277344,447.9700012207031,38744700,418.6864929199219
2021-08-25,448.1700134277344,449.4599914550781,447.7699890136719,448.9100036621094,40529700,419.5650939941406
2021-08-26,448.6099853515625,448.8599853515625,446.1600036621094,446.260009765625,57829600,417.08837890625
2021-08-27,447.1199951171875,450.6499938964844,447.05999755859375,450.25,77235100,420.8175354003906
2021-08-30,450.9700012207031,453.0700073242188,450.7099914550781,452.2300109863281,48357400,422.6680908203125
2021-08-31,452.1300048828125,452.489990234375,450.9200134277344,451.55999755859375,59300200,422.0418090820313
2021-09-01,452.55999755859375,453.1099853515625,451.5499877929688,451.7999877929688,48721400,422.2661743164063
2021-09-02,453.3200073242188,454.0499877929688,451.9100036621094,453.1900024414063,42501000,423.56536865234375
2021-09-03,451.9800109863281,453.6300048828125,451.5499877929688,453.0799865722656,47170500,423.4624938964844
2021-09-07,452.7099914550781,452.80999755859375,450.739990234375,451.4599914550781,51671500,421.9483947753906
2021-09-08,450.8900146484375,451.6700134277344,448.8599853515625,450.9100036621094,56181900,421.4342651367188
2021-09-09,450.7000122070313,452.5700073242188,448.7200012207031,448.9800109863281,57970400,419.6305541992188
2021-09-10,451.0400085449219,451.489990234375,445.30999755859375,445.4400024414063,89948200,416.3219604492188
2021-09-13,448.6400146484375,448.9200134277344,444.1099853515625,446.5799865722656,83738600,417.3873596191406
2021-09-14,448.1199951171875,448.3399963378906,443.2200012207031,444.1700134277344,78197100,415.1349487304688
2021-09-15,444.6199951171875,448.4100036621094,443.4400024414063,447.8800048828125,78792200,418.6024169921875
2021-09-16,447.3200073242188,448.3599853515625,444.0199890136719,447.1700134277344,77786700,417.9388732910156
2021-09-17,444.9200134277344,445.3699951171875,441.0199890136719,441.3999938964844,118425000,413.86761474609375
2021-09-20,434.8800048828125,436.55999755859375,428.8599853515625,434.0400085449219,166445500,406.9667663574219
2021-09-21,436.5299987792969,437.9100036621094,433.0700073242188,433.6300048828125,92526100,406.5823364257813
2021-09-22,436.0499877929688,440.0299987792969,433.75,437.8599853515625,102350100,410.5484924316406
2021-09-23,439.8500061035156,444.8900146484375,439.6000061035156,443.1799926757813,76396000,415.5366516113281
2021-09-24,441.4400024414063,444.6700134277344,441.2099914550781,443.9100036621094,62094800,416.22119140625
2021-09-27,442.80999755859375,444.0499877929688,441.8999938964844,442.6400146484375,61371100,415.03033447265625
2021-09-28,439.6900024414063,440.0400085449219,432.9400024414063,433.7200012207031,130436300,406.6667175292969
2021-09-29,435.1900024414063,437.0400085449219,433.8500061035156,434.4500122070313,82329200,407.3511657714844
2021-09-30,436.0199890136719,436.7699890136719,428.7799987792969,429.1400146484375,140506000,402.3723754882813
2021-10-01,430.9800109863281,436.0299987792969,427.2300109863281,434.239990234375,129240100,407.1543273925781
2021-10-04,433.0,433.9599914550781,426.3599853515625,428.6400146484375,128570000,401.9035949707031
2021-10-05,430.239990234375,435.489990234375,429.3900146484375,433.1000061035156,90682500,406.08538818359375
2021-10-06,429.2699890136719,435.1199951171875,427.5400085449219,434.8999938964844,113032200,407.7731018066406
2021-10-07,438.3900146484375,441.6799926757813,438.2000122070313,438.6600036621094,72437500,411.2985534667969
2021-10-08,439.4800109863281,439.8900146484375,437.1900024414063,437.8599853515625,74557400,410.5484924316406
2021-10-11,437.1600036621094,440.260009765625,434.6199951171875,434.6900024414063,65233300,407.5762939453125
2021-10-12,435.6700134277344,436.1000061035156,432.7799987792969,433.6199951171875,71181200,406.5729370117188
2021-10-13,434.7099914550781,436.0499877929688,431.5400085449219,435.1799926757813,72974000,408.03564453125
2021-10-14,439.0799865722656,442.6600036621094,438.5799865722656,442.5,70236800,414.8990783691406
2021-10-15,444.75,446.260009765625,444.0899963378906,445.8699951171875,66260200,418.058837890625
2021-10-18,443.9700012207031,447.5499877929688,443.2699890136719,447.1900024414063,62213200,419.2964782714844
2021-10-19,448.9200134277344,450.7099914550781,448.2699890136719,450.6400146484375,46996800,422.5314025878906
2021-10-20,451.1300048828125,452.7300109863281,451.010009765625,452.4100036621094,49571600,424.1909790039063
2021-10-21,451.7699890136719,453.8299865722656,451.30999755859375,453.5899963378906,41305400,425.2972717285156
2021-10-22,453.1300048828125,454.6700134277344,451.0499877929688,453.1199951171875,58845100,424.8565979003906
2021-10-25,454.2799987792969,455.8999938964844,452.3900146484375,455.5499877929688,45214500,427.1350402832031
2021-10-26,457.2000122070313,458.489990234375,455.55999755859375,455.9599914550781,56075100,427.51947021484375
2021-10-27,456.4500122070313,457.1600036621094,453.8599853515625,453.9400024414063,72438000,425.62548828125
2021-10-28,455.4599914550781,458.3999938964844,455.4500122070313,458.3200073242188,51437900,429.7323303222656
2021-10-29,455.8699951171875,459.55999755859375,455.55999755859375,459.25,70162400,430.6042785644531
2021-11-01,460.2999877929688,460.7000122070313,458.2000122070313,460.0400085449219,48433600,431.3450317382813
2021-11-02,460.2200012207031,462.2300109863281,460.0799865722656,461.8999938964844,48908400,433.08892822265625
2021-11-03,461.2999877929688,465.1499938964844,460.8299865722656,464.7200012207031,52509800,435.7330627441406
2021-11-04,465.3599853515625,467.0,464.989990234375,466.9100036621094,52847100,437.7865295410156
2021-11-05,469.2799987792969,470.6499938964844,466.9200134277344,468.5299987792969,66390600,439.3054504394531
2021-11-08,469.7000122070313,470.2300109863281,468.2000122070313,468.9299926757813,50405200,439.6805114746094
2021-11-09,469.3200073242188,469.5700073242188,465.8800048828125,467.3800048828125,51149100,438.2271728515625
2021-11-10,465.5799865722656,467.3800048828125,462.0400085449219,463.6199951171875,69429700,434.7017211914063
2021-11-11,465.2099914550781,465.2900085449219,463.75,463.7699890136719,34848500,434.8423156738281
2021-11-12,465.1199951171875,467.8599853515625,464.1099853515625,467.2699890136719,53466700,438.1239929199219
2021-11-15,468.6400146484375,468.80999755859375,466.2300109863281,467.4299926757813,46980500,438.2740478515625
2021-11-16,467.1499938964844,470.489990234375,467.0700073242188,469.2799987792969,48857500,440.0086364746094
2021-11-17,469.0,469.1900024414063,467.4800109863281,468.1400146484375,47858300,438.9398193359375
2021-11-18,469.239990234375,470.010009765625,466.3399963378906,469.7300109863281,50625600,440.4305725097656
2021-11-19,469.6099853515625,470.9400024414063,468.5,468.8900146484375,57315600,439.6429748535156
2021-11-22,470.8900146484375,473.5400085449219,467.3500061035156,467.5700073242188,72762000,438.40533447265625
2021-11-23,467.2200012207031,469.1000061035156,464.4500122070313,468.1900024414063,73206500,438.9866333007813
2021-11-24,466.05999755859375,469.5700073242188,465.1900024414063,469.4400024414063,61858800,440.15863037109375
2021-11-26,462.3399963378906,463.8999938964844,457.7699890136719,458.9700012207031,112669600,430.3417663574219
2021-11-29,464.0700073242188,466.55999755859375,461.7300109863281,464.6000061035156,86268800,435.62060546875
2021-11-30,462.0,464.0299987792969,455.2999877929688,455.55999755859375,148559600,427.14447021484375
2021-12-01,461.6400146484375,464.6700134277344,450.2900085449219,450.5,131939200,422.4000549316406
2021-12-02,450.7300109863281,459.0700073242188,450.30999755859375,457.3999938964844,127637800,428.8696899414063
2021-12-03,459.1700134277344,460.2999877929688,448.9200134277344,453.4200134277344,137331600,425.137939453125
2021-12-06,456.1300048828125,460.7900085449219,453.55999755859375,458.7900085449219,98977500,430.1729736328125
2021-12-07,464.4100036621094,468.8800048828125,458.6499938964844,468.2799987792969,95484700,439.071044921875
2021-12-08,468.7000122070313,470.0,466.8299865722656,469.5199890136719,72238800,440.2337036132813
2021-12-09,468.1499938964844,469.6300048828125,466.1400146484375,466.3500061035156,61272600,437.2614440917969
2021-12-10,469.2300109863281,470.8999938964844,466.510009765625,470.739990234375,77159800,441.3775329589844
2021-12-13,470.1900024414063,470.55999755859375,466.2699890136719,466.5700073242188,87724700,437.4676513671875
2021-12-14,463.0899963378906,465.739990234375,460.25,463.3599853515625,97264100,434.4578857421875
2021-12-15,463.4200134277344,470.8599853515625,460.739990234375,470.6000061035156,116899300,441.2463073730469
2021-12-16,472.5700073242188,472.8699951171875,464.7999877929688,466.4500122070313,116568600,437.3551940917969
2021-12-17,461.5499877929688,464.739990234375,458.05999755859375,459.8699951171875,135511600,432.7004699707031
2021-12-20,454.4800109863281,455.3999938964844,451.1400146484375,454.9800109863281,107134800,428.099365234375
2021-12-21,458.6099853515625,463.2099914550781,456.30999755859375,463.05999755859375,69806300,435.7020568847656
2021-12-22,462.7900085449219,467.80999755859375,462.5799865722656,467.6900024414063,58890200,440.0584411621094
2021-12-23,468.75,472.1900024414063,468.6400146484375,470.6000061035156,56439700,442.7965087890625
2021-12-27,472.05999755859375,477.30999755859375,472.010009765625,477.260009765625,56808600,449.0630798339844
2021-12-28,477.7200012207031,478.80999755859375,476.05999755859375,476.8699951171875,47274600,448.6960754394531
2021-12-29,476.9800109863281,478.55999755859375,475.9200134277344,477.4800109863281,54503000,449.2700500488281
2021-12-30,477.9299926757813,479.0,475.6700134277344,476.1600036621094,55329000,448.028076171875
2021-12-31,475.6400146484375,476.8599853515625,474.6700134277344,474.9599914550781,65237400,446.8988952636719
2022-01-03,476.2999877929688,477.8500061035156,473.8500061035156,477.7099914550781,72668200,449.4864501953125
2022-01-04,479.2200012207031,479.9800109863281,475.5799865722656,477.5499877929688,71178700,449.3359680175781
2022-01-05,477.1600036621094,477.9800109863281,468.2799987792969,468.3800048828125,104538900,440.7076721191406
2022-01-06,467.8900146484375,470.8200073242188,465.4299926757813,467.9400024414063,86858900,440.2936706542969
2022-01-07,467.9500122070313,469.2000122070313,464.6499938964844,466.0899963378906,85111600,438.552978515625
2022-01-10,462.7000122070313,465.739990234375,456.6000061035156,465.510009765625,119362000,438.00726318359375
2022-01-11,465.2300109863281,469.8500061035156,462.0499877929688,469.75,74303100,441.9967346191406
2022-01-12,471.5899963378906,473.2000122070313,468.9400024414063,471.0199890136719,67605400,443.1917114257813
2022-01-13,472.1900024414063,472.8800048828125,463.4400024414063,464.5299987792969,91173100,437.085205078125
2022-01-14,461.1900024414063,465.0899963378906,459.8999938964844,464.7200012207031,95890900,437.2640075683594
2022-01-18,459.739990234375,459.9599914550781,455.30999755859375,456.489990234375,109709100,429.5201110839844
2022-01-19,458.1300048828125,459.6099853515625,451.4599914550781,451.75,109357600,425.0601806640625
2022-01-20,453.75,458.739990234375,444.5,446.75,122379700,420.3555908203125
2022-01-21,445.55999755859375,448.05999755859375,437.9500122070313,437.9800109863281,202271200,412.1037292480469
2022-01-24,432.0299987792969,440.3800048828125,420.760009765625,439.8399963378906,251783900,413.8538818359375
2022-01-25,433.05999755859375,439.7200012207031,427.1499938964844,434.4700012207031,167997300,408.8010864257813
2022-01-26,440.7200012207031,444.0400085449219,428.8599853515625,433.3800048828125,186391100,407.7755432128906
2022-01-27,438.260009765625,441.5899963378906,429.4500122070313,431.239990234375,149878300,405.7619323730469
2022-01-28,432.6799926757813,442.0,427.8200073242188,441.9500122070313,164457400,415.8392333984375
2022-01-31,441.239990234375,450.2799987792969,439.80999755859375,449.9100036621094,152251400,423.328857421875
2022-02-01,450.6799926757813,453.6300048828125,446.9400024414063,452.9500122070313,123155400,426.1893005371094
2022-02-02,455.5,458.1199951171875,453.0499877929688,457.3500061035156,117361000,430.329345703125
2022-02-03,450.9500122070313,452.9700012207031,445.7099914550781,446.6000061035156,118024400,420.2145080566406
2022-02-04,446.3500061035156,452.7799987792969,443.8299865722656,448.7000122070313,118454400,422.1903991699219
2022-02-07,449.510009765625,450.989990234375,445.8500061035156,447.260009765625,84472900,420.8356018066406
2022-02-08,446.7300109863281,451.9200134277344,445.2200012207031,450.9400024414063,81012000,424.2980041503906
2022-02-09,455.2200012207031,457.8800048828125,455.010009765625,457.5400085449219,92589900,430.5081176757813
2022-02-10,451.3399963378906,457.7099914550781,447.2000122070313,449.3200073242188,140103700,422.7738037109375
2022-02-11,449.4100036621094,451.6099853515625,438.9400024414063,440.4599914550781,153214600,414.437255859375
2022-02-14,439.9200134277344,441.6000061035156,435.3399963378906,439.0199890136719,123006300,413.082275390625
2022-02-15,443.7300109863281,446.2799987792969,443.1799926757813,446.1000061035156,88482700,419.7440185546875
2022-02-16,443.9299926757813,448.05999755859375,441.9400024414063,446.6000061035156,84863600,420.2145080566406
2022-02-17,443.2200012207031,446.5700073242188,436.4200134277344,437.05999755859375,102259100,411.2381286621094
2022-02-18,437.3299865722656,438.6600036621094,431.8200073242188,434.2300109863281,132642900,408.5752868652344
2022-02-22,431.8900146484375,435.5,425.8599853515625,429.5700073242188,124391800,404.1906433105469
2022-02-23,432.6600036621094,433.260009765625,421.3500061035156,421.9500122070313,132578000,397.0208740234375
2022-02-24,411.0199890136719,428.760009765625,410.6400146484375,428.2999877929688,213942900,402.9956359863281
2022-02-25,429.6099853515625,437.8399963378906,427.8599853515625,437.75,121804500,411.8874206542969
2022-02-28,432.0299987792969,438.2000122070313,430.7000122070313,436.6300048828125,145615000,410.8334655761719
2022-03-01,435.0400085449219,437.1700134277344,427.1099853515625,429.9800109863281,137785900,404.5763549804688
2022-03-02,432.3699951171875,439.7200012207031,431.5700073242188,437.8900146484375,117726500,412.01904296875
2022-03-03,440.4700012207031,441.1099853515625,433.7999877929688,435.7099914550781,105501700,409.9679260253906
2022-03-04,431.75,433.3699951171875,427.8800048828125,432.1700134277344,113978200,406.6369934082031
2022-03-07,431.5499877929688,432.2999877929688,419.3599853515625,419.4299926757813,137896600,394.6497192382813
2022-03-08,419.6199951171875,427.2099914550781,415.1199951171875,416.25,164772700,391.6576232910156
2022-03-09,425.1400146484375,429.510009765625,422.8200073242188,427.4100036621094,116990800,402.1582336425781
2022-03-10,422.5199890136719,426.4299926757813,420.4400024414063,425.4800109863281,93972700,400.34228515625
2022-03-11,428.1199951171875,428.7699890136719,419.5299987792969,420.0700073242188,95636300,395.25189208984375
2022-03-14,420.8900146484375,424.5499877929688,415.7900085449219,417.0,95729200,392.36328125
2022-03-15,419.7699890136719,426.8399963378906,418.4200134277344,426.1700134277344,106219100,400.991455078125
2022-03-16,429.8900146484375,435.6799926757813,424.7999877929688,435.6199951171875,144954800,409.8831176757813
2022-03-17,433.5899963378906,441.0700073242188,433.1900024414063,441.0700073242188,102676900,415.01116943359375
2022-03-18,438.0,444.8599853515625,437.2200012207031,444.5199890136719,106345500,419.55670166015625
2022-03-21,444.3399963378906,446.4599914550781,440.6799926757813,444.3900146484375,88349800,419.4339904785156
2022-03-22,445.8599853515625,450.5799865722656,445.8599853515625,449.5899963378906,74650400,424.3420104980469
2022-03-23,446.9100036621094,448.489990234375,443.7099914550781,443.7999877929688,79426100,418.8771362304688
2022-03-24,445.9400024414063,450.5,444.760009765625,450.489990234375,64736900,425.1914978027344
2022-03-25,451.1600036621094,452.9800109863281,448.4299926757813,452.6900024414063,77101300,427.2678527832031
2022-03-28,452.05999755859375,455.9100036621094,450.05999755859375,455.9100036621094,68529800,430.30706787109375
2022-03-29,460.0199890136719,462.0700073242188,457.1799926757813,461.5499877929688,86581500,435.63031005859375
2022-03-30,460.3399963378906,461.2000122070313,456.4700012207031,458.7000122070313,79666900,432.9404602050781
2022-03-31,457.8900146484375,458.760009765625,451.1600036621094,451.6400146484375,121699900,426.2768859863281
2022-04-01,453.30999755859375,453.4599914550781,449.1400146484375,452.9200134277344,89048800,427.4850463867188
2022-04-04,453.1300048828125,456.9100036621094,452.260009765625,456.7999877929688,59601000,431.1471557617188
2022-04-05,455.2200012207031,457.8299865722656,449.8200073242188,451.0299987792969,74214500,425.70111083984375
2022-04-06,446.8900146484375,448.9299926757813,443.4700012207031,446.5199890136719,106898000,421.44439697265625
2022-04-07,445.5899963378906,450.6900024414063,443.5299987792969,448.7699890136719,78097200,423.5680236816406
2022-04-08,447.9700012207031,450.6300048828125,445.9400024414063,447.5700073242188,79272700,422.4353942871094
2022-04-11,444.1099853515625,445.0,439.3900146484375,439.9200134277344,89770500,415.215087890625
2022-04-12,443.0799865722656,445.75,436.6499938964844,438.2900085449219,84363600,413.6764831542969
2022-04-13,438.0299987792969,444.1099853515625,437.8399963378906,443.30999755859375,74070400,418.4146118164063
2022-04-14,443.5499877929688,444.7300109863281,437.6799926757813,437.7900085449219,97869500,413.2046813964844
2022-04-18,436.80999755859375,439.75,435.6099853515625,437.9700012207031,66002500,413.3745422363281
2022-04-19,437.8599853515625,445.7999877929688,437.6799926757813,445.0400085449219,77821000,420.0475158691406
2022-04-20,446.9200134277344,447.5700073242188,443.4800109863281,444.7099914550781,65224400,419.7360229492188
2022-04-21,448.5400085449219,450.010009765625,437.1000061035156,438.05999755859375,85417300,413.45947265625
2022-04-22,436.9100036621094,438.0799865722656,425.4400024414063,426.0400085449219,132471800,402.1144714355469
2022-04-25,423.6700134277344,428.6900024414063,418.8399963378906,428.510009765625,119647700,404.44580078125
2022-04-26,425.8299865722656,426.0400085449219,416.0700073242188,416.1000061035156,103996300,392.7327575683594
2022-04-27,417.239990234375,422.9200134277344,415.010009765625,417.2699890136719,122030000,393.8370361328125
2022-04-28,422.2900085449219,429.6400146484375,417.6000061035156,427.80999755859375,105449100,403.7850646972656
2022-04-29,423.5899963378906,425.8699951171875,411.2099914550781,412.0,145491100,388.8629455566406
2022-05-02,412.0700073242188,415.9200134277344,405.0199890136719,414.4800109863281,158312500,391.2037048339844
2022-05-03,415.010009765625,418.9299926757813,413.3599853515625,416.3800048828125,100028200,392.9969482421875
2022-05-04,417.0799865722656,429.6600036621094,413.7099914550781,429.05999755859375,144247900,404.9649353027344
2022-05-05,424.5499877929688,425.0,409.4400024414063,413.80999755859375,172929100,390.5713195800781
2022-05-06,411.1000061035156,414.7999877929688,405.7300109863281,411.3399963378906,151770800,388.2400207519531
2022-05-09,405.1000061035156,406.4100036621094,396.5,398.1700134277344,155586100,375.8096008300781
2022-05-10,404.489990234375,406.0799865722656,394.8200073242188,399.0899963378906,132497200,376.677978515625
2022-05-11,398.0700073242188,404.0400085449219,391.9599914550781,392.75,142361000,370.6940002441406
2022-05-12,389.3699951171875,395.7999877929688,385.1499938964844,392.3399963378906,125090800,370.30706787109375
2022-05-13,396.7099914550781,403.1799926757813,395.6099853515625,401.7200012207031,104174400,379.1603088378906
2022-05-16,399.9800109863281,403.9700012207031,397.6000061035156,400.0899963378906,78622400,377.621826171875
2022-05-17,406.5299987792969,408.5700073242188,402.5799865722656,408.3200073242188,83029700,385.3896789550781
2022-05-18,403.5,403.7999877929688,390.5499877929688,391.8599853515625,117674500,369.8539733886719
2022-05-19,388.6199951171875,394.1400146484375,387.1099853515625,389.4599914550781,98510700,367.5887756347656
2022-05-20,393.25,397.0299987792969,380.5400085449219,389.6300048828125,131432200,367.7492980957031
2022-05-23,392.8299865722656,397.7300109863281,390.3800048828125,396.9200134277344,76414900,374.6299133300781
2022-05-24,392.55999755859375,395.1499938964844,386.9599914550781,393.8900146484375,91448800,371.7701110839844
2022-05-25,392.30999755859375,399.4500122070313,391.8900146484375,397.3699951171875,91472900,375.0545043945313
2022-05-26,398.6700134277344,407.0400085449219,398.4500122070313,405.30999755859375,82168300,382.5487365722656
2022-05-27,407.9100036621094,415.3800048828125,407.7000122070313,415.260009765625,84768700,391.9399108886719
2022-05-31,413.5499877929688,416.4599914550781,410.0299987792969,412.9299926757813,95937000,389.7407836914063
2022-06-01,415.1700134277344,416.239990234375,406.9299926757813,409.5899963378906,86585800,386.58831787109375
2022-06-02,409.4200134277344,417.4400024414063,407.0400085449219,417.3900146484375,79609600,393.9503173828125
2022-06-03,412.3999938964844,414.0400085449219,409.510009765625,410.5400085449219,71874300,387.4849853515625
2022-06-06,414.7799987792969,416.6099853515625,410.5499877929688,411.7900085449219,57508900,388.6647644042969
2022-06-07,408.1000061035156,416.2200012207031,407.6099853515625,415.739990234375,59272400,392.3929748535156
2022-06-08,413.9299926757813,415.8200073242188,410.3800048828125,411.2200012207031,64350000,388.126708984375
2022-06-09,409.3399963378906,411.739990234375,401.4400024414063,401.4400024414063,86289800,378.89599609375
2022-06-10,394.8800048828125,395.7799987792969,389.75,389.7999877929688,132893900,367.90966796875
2022-06-13,379.8500061035156,381.80999755859375,373.2999877929688,375.0,170004900,353.9408264160156
2022-06-14,376.8500061035156,377.9400024414063,370.5899963378906,373.8699951171875,104011800,352.874267578125
2022-06-15,377.3599853515625,383.8999938964844,372.1199951171875,379.2000122070313,125666800,357.9049072265625
2022-06-16,370.510009765625,370.9400024414063,364.0799865722656,366.6499938964844,134473300,346.0596923828125
2022-06-17,365.510009765625,369.3800048828125,362.1700134277344,365.8599853515625,111113900,346.8056640625
2022-06-21,371.8900146484375,376.5299987792969,371.80999755859375,375.0700073242188,76811900,355.5361328125
2022-06-22,370.6199951171875,378.7200012207031,370.1799926757813,374.3900146484375,90059400,354.8915100097656
2022-06-23,376.6400146484375,378.8299865722656,372.8900146484375,378.05999755859375,79292100,358.3703918457031
2022-06-24,381.3999938964844,390.0899963378906,381.3699951171875,390.0799865722656,98050300,369.7643432617188
2022-06-27,391.0499877929688,391.3599853515625,387.4400024414063,388.5899963378906,66009600,368.35198974609375
2022-06-28,390.2300109863281,393.1600036621094,380.5299987792969,380.6499938964844,86548900,360.8255004882813
2022-06-29,381.2300109863281,382.2699890136719,378.4200134277344,380.3399963378906,65676000,360.5316162109375
2022-06-30,376.239990234375,380.6600036621094,372.55999755859375,377.25,112508300,357.60260009765625
2022-07-01,376.55999755859375,381.7000122070313,373.7999877929688,381.239990234375,74839700,361.3847351074219
2022-07-05,375.8800048828125,381.9800109863281,372.8999938964844,381.9599914550781,81438000,362.0672607421875
2022-07-06,382.1099853515625,385.8699951171875,379.6000061035156,383.25,70426200,363.2900695800781
2022-07-07,385.1199951171875,389.8299865722656,383.2699890136719,388.989990234375,64525900,368.7311401367188
2022-07-08,387.2699890136719,390.6400146484375,385.6600036621094,388.6700134277344,72397800,368.4278259277344
2022-07-11,385.8500061035156,386.8699951171875,383.5,384.2300109863281,58366900,364.2190246582031
2022-07-12,383.6499938964844,386.1600036621094,378.989990234375,380.8299865722656,62219200,360.99609375
2022-07-13,375.1000061035156,381.9200134277344,374.6600036621094,378.8299865722656,84224600,359.1002502441406
2022-07-14,373.6099853515625,379.0499877929688,371.0400085449219,377.9100036621094,89704800,358.2281494140625
2022-07-15,382.5499877929688,385.25,380.5400085449219,385.1300048828125,79060400,365.0721130371094
2022-07-18,388.3800048828125,389.0899963378906,380.6600036621094,381.9500122070313,63203600,362.0577697753906
2022-07-19,386.0799865722656,392.8699951171875,385.3900146484375,392.2699890136719,78506000,371.8403015136719
2022-07-20,392.4700012207031,396.260009765625,391.0299987792969,394.7699890136719,71843800,374.2101135253906
2022-07-21,394.1600036621094,398.8399963378906,391.6300048828125,398.7900085449219,64903900,378.0207824707031
2022-07-22,398.9200134277344,400.1799926757813,392.75,395.0899963378906,72197300,374.5134582519531
2022-07-25,395.75,396.4700012207031,393.2099914550781,395.5700073242188,53631500,374.9684753417969
2022-07-26,393.8399963378906,394.05999755859375,389.9500122070313,390.8900146484375,52946400,370.5321350097656
2022-07-27,394.3599853515625,402.8800048828125,394.0499877929688,401.0400085449219,82342100,380.153564453125
2022-07-28,401.8900146484375,406.7999877929688,398.1499938964844,406.0700073242188,73966600,384.9215698242188
2022-07-29,407.5799865722656,413.0299987792969,406.7699890136719,411.989990234375,87003700,390.5332946777344
2022-08-01,409.1499938964844,413.4100036621094,408.3999938964844,410.7699890136719,69997500,389.3767700195313
2022-08-02,409.1199951171875,413.0,406.8200073242188,408.05999755859375,63435400,386.8079223632813
2022-08-03,410.2999877929688,415.6799926757813,410.0,414.4500122070313,67820600,392.8652038574219
2022-08-04,414.3699951171875,415.0899963378906,412.4400024414063,414.1700134277344,45656600,392.5997924804688
2022-08-05,409.6600036621094,414.1499938964844,409.6000061035156,413.4700012207031,56814900,391.9362182617188
2022-08-08,415.25,417.6199951171875,411.8299865722656,412.989990234375,53886100,391.4811706542969
2022-08-09,412.2200012207031,412.75,410.2200012207031,411.3500061035156,44931800,389.9265441894531
2022-08-10,418.7799987792969,420.1400146484375,416.7200012207031,419.989990234375,68665700,398.1166076660156
2022-08-11,422.989990234375,424.9500122070313,419.2099914550781,419.989990234375,59489700,398.1166076660156
2022-08-12,422.0299987792969,427.2099914550781,421.0299987792969,427.1000061035156,61694500,404.8563537597656
2022-08-15,424.7699890136719,429.4100036621094,424.7099914550781,428.8599853515625,54048300,406.5246276855469
2022-08-16,427.7300109863281,431.7300109863281,426.8800048828125,429.7000122070313,59289000,407.3208923339844
2022-08-17,425.9100036621094,429.5,424.5400085449219,426.6499938964844,63563400,404.4297790527344
2022-08-18,426.8599853515625,428.6099853515625,425.5,427.8900146484375,49023200,405.6051635742188
2022-08-19,424.9800109863281,425.260009765625,421.2200012207031,422.1400146484375,68016900,400.1546630859375
2022-08-22,417.0499877929688,417.2300109863281,412.3999938964844,413.3500061035156,77695600,391.8224182128906
2022-08-23,412.8999938964844,415.4200134277344,411.7699890136719,412.3500061035156,49105200,390.8744812011719
2022-08-24,412.1099853515625,415.1099853515625,411.3900146484375,413.6700134277344,49177800,392.1257629394531
2022-08-25,415.239990234375,419.55999755859375,414.0899963378906,419.510009765625,50942300,397.66162109375
2022-08-26,419.3900146484375,419.9599914550781,405.25,405.30999755859375,103087000,384.2012023925781
2022-08-29,402.2000122070313,405.8399963378906,401.2000122070313,402.6300048828125,65370800,381.6607360839844
2022-08-30,403.8500061035156,404.1000061035156,396.0,398.2099914550781,85652400,377.4709167480469
2022-08-31,399.9299926757813,401.239990234375,395.0400085449219,395.1799926757813,76029700,374.5987243652344
2022-09-01,392.8900146484375,396.7799987792969,390.0400085449219,396.4200134277344,78740100,375.774169921875
2022-09-02,400.2799987792969,401.55999755859375,390.3299865722656,392.239990234375,99632100,371.8118591308594
2022-09-06,393.1300048828125,394.1199951171875,388.4200134277344,390.760009765625,76637400,370.4089050292969
2022-09-07,390.4299926757813,398.5899963378906,390.2000122070313,397.7799987792969,70964200,377.0633544921875
2022-09-08,395.3900146484375,400.8599853515625,394.1199951171875,400.3800048828125,80821700,379.5279846191406
2022-09-09,402.739990234375,407.510009765625,402.4599914550781,406.6000061035156,76706900,385.4239807128906
2022-09-12,408.7799987792969,411.7300109863281,408.4599914550781,410.9700012207031,69256300,389.5664367675781
2022-09-13,401.8299865722656,403.1000061035156,391.9200134277344,393.1000061035156,122947100,372.6271057128906
2022-09-14,394.4700012207031,396.2000122070313,391.1199951171875,394.6000061035156,85023700,374.0489501953125
2022-09-15,392.9599914550781,395.9599914550781,388.7799987792969,390.1199951171875,87633800,369.8023071289063
2022-09-16,384.1400146484375,386.25,382.1099853515625,385.55999755859375,103084800,366.9811096191406
2022-09-19,382.260009765625,388.5499877929688,382.1799926757813,388.5499877929688,73278500,369.8269958496094
2022-09-20,385.05999755859375,386.1199951171875,381.2000122070313,384.0899963378906,77274900,365.5819091796875
2022-09-21,386.1099853515625,389.30999755859375,377.3800048828125,377.3900146484375,106746600,359.20477294921875
2022-09-22,376.5799865722656,378.2999877929688,373.4400024414063,374.2200012207031,89472600,356.18756103515625
2022-09-23,370.5799865722656,370.6199951171875,363.2900085449219,367.9500122070313,122346900,350.2196655273437
2022-09-26,366.4100036621094,370.2099914550781,363.0299987792969,364.30999755859375,92581200,346.75506591796875
2022-09-27,368.0199890136719,370.3999938964844,360.8699951171875,363.3800048828125,108294100,345.8699035644531
2022-09-28,364.3800048828125,372.2999877929688,362.6000061035156,370.5299987792969,110802200,352.67535400390625
2022-09-29,366.80999755859375,367.1099853515625,359.70001220703125,362.7900085449219,112952300,345.3082580566406
2022-09-30,361.7999877929688,365.9100036621094,357.0400085449219,357.17999267578125,153711200,339.9686279296875
2022-10-03,361.0799865722656,368.5499877929688,359.2099914550781,366.6099853515625,89756500,348.9442138671875
2022-10-04,372.3999938964844,378.0,366.5700073242188,377.9700012207031,103602800,359.75689697265625
2022-10-05,373.3900146484375,379.4599914550781,370.9500122070313,377.0899963378906,88065700,358.9192199707031
2022-10-06,375.6199951171875,378.7200012207031,372.6799926757813,373.2000122070313,82333500,355.2167358398437
2022-10-07,368.9700012207031,373.2900085449219,360.9400024414063,362.7900085449219,107789500,345.3082580566406
2022-10-10,363.9599914550781,364.2099914550781,357.6700134277344,360.0199890136719,76042800,342.6718139648437
2022-10-11,358.239990234375,363.0299987792969,355.7099914550781,357.739990234375,92482800,340.5016784667969
2022-10-12,358.1700134277344,359.82000732421875,356.29998779296875,356.5599975585937,76991800,339.37847900390625
2022-10-13,349.2099914550781,367.510009765625,348.1099853515625,365.9700012207031,147254500,348.3350830078125
2022-10-14,368.5499877929688,370.260009765625,356.9599914550781,357.6300048828125,123737000,340.39697265625
2022-10-17,364.010009765625,367.9800109863281,357.2799987792969,366.8200073242188,93168200,349.1441650390625
2022-10-18,375.1300048828125,375.4500122070313,367.5199890136719,371.1300048828125,97162900,353.24639892578125
2022-10-19,368.989990234375,371.8500061035156,365.5499877929688,368.5,79746900,350.7431945800781
2022-10-20,368.0299987792969,372.6700134277344,364.6099853515625,365.4100036621094,88283100,347.80206298828125
2022-10-21,365.1199951171875,374.7999877929688,363.5400085449219,374.2900085449219,131038400,356.254150390625
2022-10-24,375.8900146484375,380.05999755859375,373.1099853515625,378.8699951171875,85436900,360.6134643554688
2022-10-25,378.7900085449219,385.25,378.6700134277344,384.9200134277344,78846300,366.3719482421875
2022-10-26,381.6199951171875,387.5799865722656,381.3500061035156,382.0199890136719,104087300,363.6116333007813
2022-10-27,383.0700073242188,385.0,379.3299865722656,379.9800109863281,81971800,361.66998291015625
2022-10-28,379.8699951171875,389.5199890136719,379.6799926757813,389.0199890136719,100302000,370.27435302734375
2022-10-31,386.4400024414063,388.3999938964844,385.260009765625,386.2099914550781,96631300,367.5997619628906
2022-11-01,390.1400146484375,390.3900146484375,383.2900085449219,384.5199890136719,85407600,365.9912414550781
2022-11-02,383.8999938964844,388.6300048828125,374.760009765625,374.8699951171875,126990400,356.80621337890625
2022-11-03,371.4700012207031,374.2000122070313,368.7900085449219,371.010009765625,87100100,353.1321716308594
2022-11-04,377.0,378.8699951171875,370.0,376.3500061035156,103505200,358.21490478515625
2022-11-07,377.7099914550781,380.5700073242188,375.5299987792969,379.9500122070313,68286900,361.6413879394531
2022-11-08,381.1099853515625,385.1199951171875,377.7200012207031,382.0,84641100,363.5926513671875
2022-11-09,379.9299926757813,381.1400146484375,373.6099853515625,374.1300048828125,78495500,356.1018981933594
2022-11-10,388.0499877929688,395.0400085449219,385.6400146484375,394.6900024414063,141455800,375.6711120605469
2022-11-11,395.5899963378906,399.3500061035156,393.6099853515625,398.510009765625,93839900,379.3070373535156
2022-11-14,396.6600036621094,400.1799926757813,394.8299865722656,395.1199951171875,71903500,376.0804138183594
2022-11-15,401.1499938964844,402.30999755859375,394.489990234375,398.489990234375,93194500,379.2879943847656
2022-11-16,396.7799987792969,397.7799987792969,394.7900085449219,395.4500122070313,68508500,376.39453125
2022-11-17,390.4599914550781,394.9500122070313,390.1400146484375,394.239990234375,74496300,375.2427673339844
2022-11-18,397.739990234375,397.80999755859375,393.0400085449219,396.0299987792969,92922500,376.9465942382813
2022-11-21,394.6400146484375,395.8200073242188,392.6600036621094,394.5899963378906,51243200,375.575927734375
2022-11-22,396.6300048828125,400.0700073242188,395.1499938964844,399.8999938964844,60429000,380.6300964355469
2022-11-23,399.5499877929688,402.9299926757813,399.30999755859375,402.4200134277344,68261600,383.0286865234375
2022-11-25,401.8299865722656,402.9100036621094,401.5400085449219,402.3299865722656,30545400,382.9429321289063
2022-11-28,399.0899963378906,400.80999755859375,395.1099853515625,395.9100036621094,67881600,376.8323974609375
2022-11-29,396.0499877929688,397.2999877929688,393.2999877929688,395.2300109863281,52310000,376.1851501464844
2022-11-30,395.489990234375,407.6799926757813,393.4800109863281,407.6799926757813,144566700,388.0351867675781
2022-12-01,408.7699890136719,410.0,404.75,407.3800048828125,76398200,387.7497253417969
2022-12-02,402.25,407.8599853515625,402.1400146484375,406.9100036621094,85342700,387.3023681640625
2022-12-05,403.9500122070313,404.9299926757813,398.1700134277344,399.5899963378906,77289800,380.3351135253906
2022-12-06,399.4200134277344,399.989990234375,391.6400146484375,393.8299865722656,77972200,374.8526306152344
2022-12-07,392.9400024414063,395.6400146484375,391.9700012207031,393.1600036621094,65927900,374.2148742675781
2022-12-08,395.1400146484375,397.3599853515625,393.2699890136719,396.239990234375,60737900,377.1463928222656
2022-12-09,394.9400024414063,397.6199951171875,393.1499938964844,393.2799987792969,81447700,374.3290710449219
2022-12-12,394.1099853515625,398.9500122070313,393.4100036621094,398.9500122070313,75405800,379.7258911132813
2022-12-13,410.2200012207031,410.489990234375,399.0700073242188,401.9700012207031,123782500,382.600341796875
2022-12-14,401.6099853515625,405.5,396.30999755859375,399.3999938964844,108111300,380.1541748046875
2022-12-15,394.2999877929688,395.25,387.8900146484375,389.6300048828125,117705900,370.8550109863281
2022-12-16,385.1799926757813,386.5799865722656,381.0400085449219,383.2699890136719,119858000,366.4765930175781
2022-12-19,383.4700012207031,383.8200073242188,378.2799987792969,380.0199890136719,79878100,363.3690490722656
2022-12-20,379.2300109863281,382.2300109863281,377.8500061035156,380.5400085449219,74427200,363.86627197265625
2022-12-21,383.25,387.4100036621094,382.6900024414063,386.2300109863281,78167400,369.3069763183594
2022-12-22,383.0499877929688,386.2099914550781,374.7699890136719,380.7200012207031,100120900,364.0383605957031
2022-12-23,379.6499938964844,383.05999755859375,378.0299987792969,382.9100036621094,59857300,366.1324157714844
2022-12-27,382.7900085449219,383.1499938964844,379.6499938964844,381.3999938964844,51638200,364.6885070800781
2022-12-28,381.3299865722656,383.3900146484375,376.4200134277344,376.6600036621094,70911500,360.1562194824219
2022-12-29,379.6300048828125,384.3500061035156,379.0799865722656,383.4400024414063,66970900,366.63916015625
2022-12-30,380.6400146484375,382.5799865722656,378.4299926757813,382.4299926757813,84022200,365.6734313964844
2023-01-03,384.3699951171875,386.4299926757813,377.8299865722656,380.8200073242188,74850700,364.1340026855469
2023-01-04,383.1799926757813,385.8800048828125,380.0,383.760009765625,85934100,366.9451904296875
2023-01-05,381.7200012207031,381.8399963378906,378.760009765625,379.3800048828125,76970500,362.7570495605469
2023-01-06,382.6099853515625,389.25,379.4100036621094,388.0799865722656,104189600,371.0758666992188
2023-01-09,390.3699951171875,393.7000122070313,387.6700134277344,387.8599853515625,73978100,370.8655090332031
2023-01-10,387.25,390.6499938964844,386.2699890136719,390.5799865722656,65358100,373.46630859375
2023-01-11,392.2300109863281,395.6000061035156,391.3800048828125,395.5199890136719,68881100,378.1897888183594
2023-01-12,396.6700134277344,398.489990234375,392.4200134277344,396.9599914550781,90157700,379.5668029785156
2023-01-13,393.6199951171875,399.1000061035156,393.3399963378906,398.5,63903900,381.0392456054688
2023-01-17,398.4800109863281,400.2300109863281,397.05999755859375,397.7699890136719,62677300,380.34124755859375
2023-01-18,399.010009765625,400.1199951171875,391.2799987792969,391.489990234375,99632300,374.3364868164063
2023-01-19,389.3599853515625,391.0799865722656,387.260009765625,388.6400146484375,86958900,371.611328125
2023-01-20,390.1000061035156,396.0400085449219,388.3800048828125,395.8800048828125,91806400,378.5340881347656
2023-01-23,396.7200012207031,402.6499938964844,395.7200012207031,400.6300048828125,84178800,383.0759582519531
2023-01-24,398.8800048828125,401.1499938964844,397.6400146484375,400.2000122070313,59524900,382.6648254394531
2023-01-25,395.9500122070313,400.7000122070313,393.55999755859375,400.3500061035156,84800300,382.8082885742188
2023-01-26,403.1300048828125,404.9200134277344,400.0299987792969,404.75,72287400,387.0154724121094
2023-01-27,403.6600036621094,408.1600036621094,403.4400024414063,405.6799926757813,68346200,387.9046936035156
2023-01-30,402.7999877929688,405.1300048828125,400.2799987792969,400.5899963378906,74202000,383.0377197265625
2023-01-31,401.1300048828125,406.5299987792969,400.7699890136719,406.4800109863281,86811800,388.6696472167969
2023-02-01,405.2099914550781,413.6700134277344,402.3500061035156,410.7999877929688,101459200,392.8003234863281
2023-02-02,414.8599853515625,418.30999755859375,412.8800048828125,416.7799987792969,101654500,398.5183715820313
2023-02-03,411.5899963378906,416.9700012207031,411.0899963378906,412.3500061035156,94736800,394.2824096679688
2023-02-06,409.7900085449219,411.2900085449219,408.1000061035156,409.8299865722656,60295300,391.8728332519531
2023-02-07,408.8699951171875,416.489990234375,407.5700073242188,415.1900024414063,90990700,396.99798583984375
2023-02-08,413.1300048828125,414.5299987792969,409.9299926757813,410.6499938964844,76227500,392.6569213867188
2023-02-09,414.4100036621094,414.5700073242188,405.80999755859375,407.0899963378906,78694900,389.2529296875
2023-02-10,405.8599853515625,408.4400024414063,405.010009765625,408.0400085449219,70769700,390.1612548828125
2023-02-13,408.7200012207031,412.9700012207031,408.239990234375,412.8299865722656,64913500,394.7414245605469
2023-02-14,411.239990234375,415.0499877929688,408.510009765625,412.6400146484375,88389300,394.5596923828125
2023-02-15,410.3500061035156,414.05999755859375,409.4700012207031,413.9800109863281,61555700,395.841064453125
2023-02-16,408.7900085449219,412.9100036621094,408.1400146484375,408.2799987792969,76431500,390.3908081054688
2023-02-17,406.05999755859375,407.510009765625,404.0499877929688,407.260009765625,89257800,389.4154968261719
2023-02-21,403.05999755859375,404.1600036621094,398.8200073242188,399.0899963378906,82655900,381.6034240722656
2023-02-22,399.5199890136719,401.1300048828125,397.0199890136719,398.5400085449219,83742300,381.0775146484375
2023-02-23,401.55999755859375,402.2000122070313,396.25,400.6600036621094,96242400,383.1047058105469
2023-02-24,395.4200134277344,397.25,393.6400146484375,396.3800048828125,108194400,379.01220703125
2023-02-27,399.8699951171875,401.2900085449219,396.75,397.7300109863281,80444700,380.3030700683594
2023-02-28,397.2300109863281,399.2799987792969,396.1499938964844,396.260009765625,96438600,378.8974609375
2023-03-01,395.4100036621094,396.6900024414063,393.3800048828125,394.739990234375,99706800,377.4440612792969
2023-03-02,392.6799926757813,398.6900024414063,392.3299865722656,397.80999755859375,85127800,380.3794860839844
2023-03-03,399.7099914550781,404.4500122070313,399.0299987792969,404.1900024414063,90120000,386.4800109863281
2023-03-06,405.0499877929688,407.4500122070313,404.010009765625,404.4700012207031,72795900,386.7477416992188
2023-03-07,404.4200134277344,404.6700134277344,397.6300048828125,398.2699890136719,108310600,380.8193359375
2023-03-08,398.3900146484375,399.7099914550781,396.5899963378906,398.9200134277344,74746600,381.4408874511719
2023-03-09,399.739990234375,401.4800109863281,390.5299987792969,391.55999755859375,111945300,374.4033508300781
2023-03-10,390.989990234375,393.1600036621094,384.3200073242188,385.9100036621094,189253000,369.0008850097656
2023-03-13,381.80999755859375,390.3900146484375,380.6499938964844,385.3599853515625,157790000,368.47503662109375
2023-03-14,390.5,393.4500122070313,387.0499877929688,391.7300109863281,149752400,374.56591796875
2023-03-15,385.8900146484375,389.489990234375,383.7099914550781,389.2799987792969,172996900,372.2232666015625
2023-03-16,386.8200073242188,396.4700012207031,386.2900085449219,396.1099853515625,143254200,378.7540283203125
2023-03-17,393.2200012207031,394.3999938964844,388.5499877929688,389.989990234375,140553400,374.3253173828125
2023-03-20,390.7999877929688,394.1700134277344,390.0700073242188,393.739990234375,93055800,377.9247741699219
2023-03-21,397.239990234375,399.4100036621094,395.5799865722656,398.9100036621094,91524200,382.8870544433594
2023-03-22,398.7300109863281,402.489990234375,392.0700073242188,392.1099853515625,111746600,376.3602600097656
2023-03-23,395.0899963378906,399.2900085449219,390.3500061035156,393.1700134277344,119351300,377.3775939941406
2023-03-24,391.8399963378906,395.8399963378906,389.3999938964844,395.75,107682400,379.85400390625
2023-03-27,398.1199951171875,398.9200134277344,395.55999755859375,396.489990234375,74010400,380.5642395019531
2023-03-28,395.7699890136719,396.489990234375,393.6900024414063,395.6000061035156,62871700,379.7100830078125
2023-03-29,399.9299926757813,401.6000061035156,398.6799926757813,401.3500061035156,77497900,385.2290344238281
2023-03-30,404.0899963378906,404.3500061035156,401.760009765625,403.7000122070313,69840000,387.484619140625
2023-03-31,404.6600036621094,409.7000122070313,404.5499877929688,409.3900146484375,112062600,392.9461975097656
2023-04-03,408.8500061035156,411.3699951171875,408.4400024414063,410.9500122070313,67391100,394.4434509277344
2023-04-04,411.6199951171875,411.9200134277344,407.239990234375,408.6700134277344,66601500,392.2550964355469
2023-04-05,407.9100036621094,408.7000122070313,405.8800048828125,407.6000061035156,65200200,391.2279968261719
2023-04-06,406.7699890136719,409.4800109863281,405.6799926757813,409.1900024414063,63743300,392.754150390625
2023-04-10,406.6099853515625,409.6900024414063,405.9700012207031,409.6099853515625,63681000,393.1571960449219
2023-04-11,410.260009765625,411.1799926757813,408.9200134277344,409.7200012207031,59297900,393.2628479003906
2023-04-12,411.8699951171875,412.1700134277344,407.4400024414063,408.0499877929688,86420400,391.6598815917969
2023-04-13,409.1799926757813,413.8399963378906,407.989990234375,413.4700012207031,85814800,396.86224365234375
2023-04-14,412.80999755859375,415.0899963378906,410.05999755859375,412.4599914550781,78161500,395.892822265625
2023-04-17,412.3699951171875,413.9599914550781,411.0899963378906,413.9400024414063,66436400,397.3133544921875
2023-04-18,415.5799865722656,415.7200012207031,412.7799987792969,414.2099914550781,63560000,397.572509765625
2023-04-19,412.2200012207031,415.0799865722656,412.1600036621094,414.1400146484375,55227300,397.50531005859375
2023-04-20,411.2099914550781,413.7000122070313,410.2699890136719,411.8800048828125,75840400,395.3361206054688
2023-04-21,412.1900024414063,412.6799926757813,410.1700134277344,412.2000122070313,73457400,395.6432495117188
2023-04-24,411.989990234375,413.0700073242188,410.6000061035156,412.6300048828125,64332100,396.0559692382813
2023-04-25,410.5799865722656,411.1600036621094,406.0199890136719,406.0799865722656,97766700,389.76904296875
2023-04-26,406.7200012207031,407.8399963378906,403.7799987792969,404.3599853515625,80447000,388.1181640625
2023-04-27,407.0,412.6900024414063,406.739990234375,412.4100036621094,92968400,395.8448181152344
2023-04-28,411.489990234375,415.9400024414063,411.4299926757813,415.9299926757813,89433100,399.2234191894531
2023-05-01,415.4700012207031,417.6199951171875,415.2699890136719,415.510009765625,62122300,398.8203125
2023-05-02,414.7699890136719,414.8200073242188,407.8200073242188,410.8399963378906,103998500,394.3378601074219
2023-05-03,411.3599853515625,413.8699951171875,407.7699890136719,408.0199890136719,91531800,391.6310729980469
2023-05-04,406.9299926757813,407.2699890136719,403.739990234375,405.1300048828125,94901900,388.8572692871094
2023-05-05,408.9100036621094,413.7200012207031,408.6400146484375,412.6300048828125,87891800,396.0559692382813
2023-05-08,412.9700012207031,413.239990234375,411.2799987792969,412.739990234375,50046800,396.16162109375
2023-05-09,411.1300048828125,412.0899963378906,410.6900024414063,410.9299926757813,49220100,394.4242248535156
2023-05-10,413.8800048828125,414.5400085449219,408.8699951171875,412.8500061035156,96142900,396.2671508789063
2023-05-11,411.9500122070313,412.4299926757813,409.9700012207031,412.1300048828125,70157100,395.5760498046875
2023-05-12,413.4200134277344,413.6400146484375,409.0700073242188,411.5899963378906,70481500,395.0577392578125
2023-05-15,412.2200012207031,413.4299926757813,410.2300109863281,413.010009765625,54289400,396.4207153320313
2023-05-16,411.8599853515625,412.8200073242188,410.239990234375,410.25,57705500,393.7715759277344
2023-05-17,412.3500061035156,415.8599853515625,410.6400146484375,415.2300109863281,87287000,398.5515747070313
2023-05-18,414.8999938964844,419.6700134277344,414.6700134277344,419.2300109863281,97177200,402.390869140625
2023-05-19,420.1700134277344,420.7200012207031,417.3500061035156,418.6199951171875,103793300,401.8053283691406
2023-05-22,418.6400146484375,420.3900146484375,417.3500061035156,418.7900085449219,60745400,401.9685668945313
2023-05-23,417.0799865722656,418.7200012207031,413.6799926757813,414.0899963378906,86383500,397.4573059082031
2023-05-24,412.4200134277344,412.8200073242188,409.8800048828125,411.0899963378906,89213700,394.5778198242188
2023-05-25,414.739990234375,416.1600036621094,412.4100036621094,414.6499938964844,90961600,397.9948120117188
2023-05-26,415.3299865722656,420.7699890136719,415.25,420.0199890136719,93830000,403.1491394042969
2023-05-30,422.0299987792969,422.5799865722656,418.739990234375,420.1799926757813,72216000,403.302734375
2023-05-31,418.2799987792969,419.2200012207031,416.2200012207031,417.8500061035156,110811800,401.06634521484375
2023-06-01,418.0899963378906,422.9200134277344,416.7900085449219,421.8200073242188,88865000,404.87689208984375
2023-06-02,424.5,428.739990234375,423.9500122070313,427.9200134277344,91426200,410.7318115234375
2023-06-05,428.2799987792969,429.6199951171875,426.3699951171875,427.1000061035156,65460200,409.9447937011719
2023-06-06,426.6700134277344,428.5799865722656,425.989990234375,428.0299987792969,64022200,410.83740234375
2023-06-07,428.4400024414063,429.6199951171875,426.1099853515625,426.5499877929688,85373300,409.4168701171875
2023-06-08,426.6199951171875,429.6000061035156,425.8200073242188,429.1300048828125,61952800,411.8931884765625
2023-06-09,429.9599914550781,431.989990234375,428.8699951171875,429.8999938964844,85742800,412.6322937011719
2023-06-12,430.9200134277344,433.8800048828125,430.1700134277344,433.7999877929688,76104300,416.3756408691406
2023-06-13,435.3200073242188,437.3299865722656,434.6300048828125,436.6600036621094,95899700,419.1207580566406
2023-06-14,437.010009765625,439.05999755859375,433.5899963378906,437.1799926757813,100612100,419.619873046875
2023-06-15,436.3299865722656,443.8999938964844,436.2300109863281,442.6000061035156,110303100,424.82220458984375
2023-06-16,443.0199890136719,443.6099853515625,438.9700012207031,439.4599914550781,114165800,423.3751525878906
2023-06-20,437.4500122070313,438.3699951171875,435.0299987792969,437.1799926757813,76160400,421.1785583496094
2023-06-21,436.1600036621094,436.989990234375,434.3299865722656,434.9400024414063,76982300,419.0205993652344
2023-06-22,433.9500122070313,436.6199951171875,433.6000061035156,436.510009765625,70637200,420.53314208984375
2023-06-23,432.9299926757813,435.05999755859375,432.4700012207031,433.2099914550781,92074500,417.3539123535156
2023-06-26,432.6199951171875,434.6099853515625,431.1900024414063,431.4400024414063,72823600,415.648681640625
2023-06-27,432.3500061035156,436.80999755859375,431.8800048828125,436.1700134277344,72813700,420.20556640625
2023-06-28,435.0499877929688,437.4400024414063,434.4100036621094,436.3900146484375,75636000,420.4175720214844
2023-06-29,435.9599914550781,438.2799987792969,435.5400085449219,438.1099853515625,67882300,422.0745544433594
2023-06-30,441.4400024414063,444.2999877929688,441.1099853515625,443.2799987792969,104964000,427.0552978515625
2023-07-03,442.9200134277344,444.0799865722656,442.6300048828125,443.7900085449219,32793400,427.5466613769531
2023-07-05,441.9100036621094,443.8900146484375,441.8999938964844,443.1300048828125,58418400,426.9108276367188
2023-07-06,439.4200134277344,440.1000061035156,437.05999755859375,439.6600036621094,80658300,423.5678405761719
2023-07-07,438.6300048828125,442.6400146484375,438.2999877929688,438.5499877929688,86134200,422.4984130859375
2023-07-10,438.1799926757813,439.8399963378906,437.5899963378906,439.6600036621094,62443500,423.5678405761719
2023-07-11,440.4500122070313,442.9700012207031,439.4400024414063,442.4599914550781,64463800,426.2652893066406
2023-07-12,446.3900146484375,447.4800109863281,444.9100036621094,446.0199890136719,91924500,429.6950378417969
2023-07-13,447.8999938964844,450.3800048828125,447.4500122070313,449.55999755859375,72425200,433.10546875
2023-07-14,450.4800109863281,451.3599853515625,448.489990234375,449.2799987792969,69815800,432.8357543945313
2023-07-17,449.1300048828125,451.9299926757813,449.0799865722656,450.8399963378906,52680200,434.338623046875
2023-07-18,450.5,454.8599853515625,450.0499877929688,454.1900024414063,80668200,437.5660095214844
2023-07-19,455.010009765625,456.4299926757813,454.1099853515625,455.2000122070313,65891700,438.5390319824219
2023-07-20,454.1700134277344,455.1000061035156,451.4400024414063,452.1799926757813,70591600,435.6295776367188
2023-07-21,453.9599914550781,454.1700134277344,452.1700134277344,452.1799926757813,71275600,435.6295776367188
2023-07-24,453.3699951171875,455.0400085449219,452.2999877929688,454.2000122070313,54023400,437.5756530761719
2023-07-25,453.9200134277344,456.739990234375,453.8699951171875,455.4400024414063,55191200,438.7702941894531
2023-07-26,454.4700012207031,456.989990234375,453.3800048828125,455.510009765625,71052900,438.8376770019531
2023-07-27,459.0199890136719,459.4400024414063,451.5499877929688,452.489990234375,92194400,435.9281921386719
2023-07-28,455.8800048828125,457.7799987792969,452.489990234375,456.9200134277344,80011800,440.1961059570313
2023-07-31,457.4100036621094,458.1600036621094,456.0499877929688,457.7900085449219,62040400,441.0343017578125
2023-08-01,456.2699890136719,457.25,455.489990234375,456.4800109863281,55291500,439.772216796875
2023-08-02,453.25,453.5199890136719,449.3500061035156,450.1300048828125,93933400,433.6546325683594
2023-08-03,448.0400085449219,450.7900085449219,447.3699951171875,448.8399963378906,64276100,432.4118347167969
2023-08-04,450.7200012207031,452.8999938964844,446.2699890136719,446.80999755859375,100128900,430.45611572265625
2023-08-07,448.7099914550781,450.8699951171875,447.989990234375,450.7099914550781,58357500,434.2133483886719
2023-08-08,448.0799865722656,450.7000122070313,445.2699890136719,448.75,71361300,432.3251647949219
2023-08-09,449.0299987792969,449.2000122070313,444.9599914550781,445.75,78789600,429.4349365234375
2023-08-10,448.1900024414063,451.7000122070313,444.7000122070313,445.9100036621094,93005500,429.5890502929688
2023-08-11,443.9700012207031,446.7000122070313,443.3500061035156,445.6499938964844,68690900,429.3385620117188
2023-08-14,444.7000122070313,448.1099853515625,444.3800048828125,448.1099853515625,47867400,431.70849609375
2023-08-15,446.2699890136719,446.6400146484375,442.2999877929688,442.8900146484375,75707500,426.6796569824219
2023-08-16,442.4599914550781,444.1799926757813,439.5299987792969,439.6400146484375,80107200,423.5486145019531
2023-08-17,441.1600036621094,441.4299926757813,435.75,436.2900085449219,95711300,420.3211669921875
2023-08-18,433.3699951171875,437.5700073242188,433.010009765625,436.5,98852000,420.52349853515625
2023-08-21,437.5499877929688,440.1099853515625,435.3200073242188,439.3399963378906,68719000,423.2596130371094
2023-08-22,441.1799926757813,441.1799926757813,437.5700073242188,438.1499938964844,64994200,422.1131286621094
2023-08-23,439.25,443.6700134277344,439.1000061035156,443.0299987792969,68441000,426.8144836425781
2023-08-24,444.6900024414063,445.2200012207031,436.8599853515625,436.8900146484375,88517300,420.8992309570313
2023-08-25,438.6799926757813,441.2999877929688,435.0,439.9700012207031,102325100,423.8664245605469
2023-08-28,442.239990234375,443.3999938964844,439.9700012207031,442.760009765625,61595400,426.5542907714844
2023-08-29,442.6499938964844,449.4500122070313,442.4599914550781,449.1600036621094,83081900,432.7201232910156
2023-08-30,449.510009765625,451.6700134277344,448.7799987792969,451.010009765625,69053900,434.5023498535156
2023-08-31,451.6499938964844,452.8299865722656,450.1600036621094,450.3500061035156,66084600,433.8665466308594
2023-09-01,453.1700134277344,453.6700134277344,449.6799926757813,451.1900024414063,58944100,434.6758117675781
2023-09-05,450.7300109863281,451.05999755859375,449.1700134277344,449.239990234375,55166200,432.7971496582031
2023-09-06,448.3999938964844,448.510009765625,443.80999755859375,446.2200012207031,70758500,429.8877258300781
2023-09-07,443.1099853515625,445.5499877929688,442.75,444.8500061035156,70355400,428.56781005859375
2023-09-08,444.8999938964844,447.1099853515625,444.5299987792969,445.5199890136719,61659700,429.2133483886719
2023-09-11,448.239990234375,448.7699890136719,446.4700012207031,448.4500122070313,60180100,432.03619384765625
2023-09-12,446.9500122070313,448.5299987792969,445.3900146484375,445.989990234375,67565400,429.6661682128906
2023-09-13,446.2200012207031,447.7099914550781,445.0799865722656,446.510009765625,60199300,430.1670837402344
2023-09-14,449.0700073242188,451.0799865722656,447.7200012207031,450.3599853515625,83430800,433.8761596679688
2023-09-15,447.1400146484375,447.4800109863281,442.9200134277344,443.3699951171875,111848900,428.6487121582031
2023-09-18,443.0499877929688,444.9700012207031,442.55999755859375,443.6300048828125,55752200,428.9001159667969
2023-09-19,442.6799926757813,443.2900085449219,439.9400024414063,442.7099914550781,66514600,428.0106506347656
2023-09-20,444.010009765625,444.4400024414063,438.4299926757813,438.6400146484375,82562600,424.0757751464844
2023-09-21,435.7000122070313,435.9700012207031,431.2300109863281,431.3900146484375,104095800,417.0665283203125
2023-09-22,432.4500122070313,434.1000061035156,429.989990234375,430.4200134277344,100829700,416.1286926269531
2023-09-25,429.1700134277344,432.2699890136719,428.7200012207031,432.2300109863281,70874500,417.8786315917969
2023-09-26,429.0899963378906,429.8200073242188,425.0199890136719,425.8800048828125,96168400,411.7394409179688
2023-09-27,427.0899963378906,427.6700134277344,422.2900085449219,426.0499877929688,104705800,411.9037780761719
2023-09-28,425.4800109863281,430.25,424.8699951171875,428.5199890136719,92258300,414.291748046875
2023-09-29,431.6700134277344,431.8500061035156,425.9100036621094,427.4800109863281,115111300,413.2863159179688
2023-10-02,426.6199951171875,428.6000061035156,424.4599914550781,427.30999755859375,83798600,413.1219787597656
2023-10-03,425.05999755859375,427.3699951171875,420.1799926757813,421.5899963378906,103760600,407.5918884277344
2023-10-04,422.0700073242188,425.4299926757813,420.55999755859375,424.6600036621094,87453000,410.5599670410156
2023-10-05,424.3599853515625,425.3699951171875,421.1700134277344,424.5,70142700,410.4052734375
2023-10-06,421.9700012207031,431.1300048828125,420.6000061035156,429.5400085449219,113273300,415.2779235839844
2023-10-09,427.5799865722656,432.8800048828125,427.010009765625,432.2900085449219,80374400,417.9366760253906
2023-10-10,432.9400024414063,437.2200012207031,432.5299987792969,434.5400085449219,78607300,420.1119079589844
2023-10-11,435.6400146484375,436.5799865722656,433.1799926757813,436.3200073242188,62451700,421.8327941894531
2023-10-12,436.9500122070313,437.3399963378906,431.2300109863281,433.6600036621094,81154200,419.2611389160156
2023-10-13,435.2099914550781,436.4500122070313,429.8800048828125,431.5,95143100,417.17279052734375
2023-10-16,433.8200073242188,437.1400146484375,433.5700073242188,436.0400085449219,75433200,421.5620422363281
2023-10-17,432.80999755859375,438.1400146484375,432.4500122070313,436.0199890136719,75324700,421.542724609375
2023-10-18,434.1900024414063,435.1799926757813,429.0899963378906,430.2099914550781,93559800,415.9256286621094
2023-10-19,430.9500122070313,432.8200073242188,425.7300109863281,426.4299926757813,121323000,412.2712097167969
2023-10-20,425.9800109863281,426.5400085449219,421.0799865722656,421.1900024414063,123919900,407.20513916015625
2023-10-23,419.6099853515625,424.4500122070313,417.7999877929688,420.4599914550781,92035100,406.4994201660156
2023-10-24,422.6499938964844,424.8200073242188,420.739990234375,423.6300048828125,78564200,409.5641479492188
2023-10-25,421.8900146484375,421.9200134277344,417.0199890136719,417.5499877929688,94223200,403.6860046386719
2023-10-26,416.4500122070313,417.3299865722656,411.6000061035156,412.5499877929688,115156800,398.8520812988281
2023-10-27,414.1900024414063,414.6000061035156,409.2099914550781,410.6799926757813,107367700,397.0440979003906
2023-10-30,413.55999755859375,416.6799926757813,412.2200012207031,415.5899963378906,86562700,401.7910461425781
2023-10-31,416.1799926757813,418.5299987792969,414.2099914550781,418.2000122070313,79665200,404.3144836425781
2023-11-01,419.2000122070313,423.5,418.6499938964844,422.6600036621094,98068100,408.6263427734375
2023-11-02,426.5799865722656,430.9200134277344,426.55999755859375,430.760009765625,94938900,416.4573974609375
2023-11-03,433.1400146484375,436.2900085449219,433.010009765625,434.6900024414063,100167800,420.2569885253906
2023-11-06,435.4700012207031,436.1499938964844,433.6799926757813,435.6900024414063,67831700,421.2237243652344
2023-11-07,435.6900024414063,437.5899963378906,434.510009765625,436.9299926757813,64256100,422.4225463867188
2023-11-08,437.5499877929688,438.0899963378906,434.8699951171875,437.25,61746000,422.7319030761719
2023-11-09,438.4299926757813,438.4700012207031,433.3999938964844,433.8399963378906,83174400,419.4351806640625
2023-11-10,435.9800109863281,440.9299926757813,433.8299865722656,440.6099853515625,89462200,425.9803466796875
2023-11-13,439.2300109863281,441.3299865722656,438.4200134277344,440.1900024414063,52236100,425.57427978515625
2023-11-14,446.3200073242188,450.05999755859375,446.0899963378906,448.7300109863281,97176900,433.830810546875
2023-11-15,450.1099853515625,451.3800048828125,448.7999877929688,449.6799926757813,77327600,434.7492370605469
2023-11-16,449.2200012207031,450.55999755859375,448.1199951171875,450.2300109863281,66665800,435.2809753417969
2023-11-17,450.239990234375,451.4200134277344,449.2900085449219,450.7900085449219,83133200,435.82232666015625
2023-11-20,450.5299987792969,455.1300048828125,450.5199890136719,454.260009765625,69936200,439.17718505859375
2023-11-21,453.1799926757813,454.1300048828125,451.9599914550781,453.2699890136719,49244600,438.219970703125
2023-11-22,454.9800109863281,456.3800048828125,453.8900146484375,455.0199890136719,59394900,439.9118957519531
2023-11-24,455.0700073242188,455.5,454.7300109863281,455.2999877929688,29737400,440.1825866699219
2023-11-27,454.6499938964844,455.489990234375,454.0799865722656,454.4800109863281,50506000,439.3898315429688
2023-11-28,454.0799865722656,456.2699890136719,453.5,454.9299926757813,62115000,439.8248901367188
2023-11-29,457.1499938964844,458.3200073242188,454.2000122070313,454.6099853515625,63146000,439.5155029296875
2023-11-30,455.4800109863281,456.760009765625,453.3399963378906,456.3999938964844,79752700,441.2460021972656
2023-12-01,455.7699890136719,459.6499938964844,455.1600036621094,459.1000061035156,89183400,443.8564453125
2023-12-04,455.6000061035156,459.1199951171875,454.3399963378906,456.6900024414063,72430900,441.52642822265625
2023-12-05,455.260009765625,457.5899963378906,454.8699951171875,456.6000061035156,69793500,441.43939208984375
2023-12-06,458.80999755859375,458.8399963378906,454.30999755859375,454.760009765625,69124700,439.6605224609375
2023-12-07,456.9100036621094,458.8999938964844,456.2900085449219,458.2300109863281,66995400,443.0153503417969
2023-12-08,457.4599914550781,460.75,457.2099914550781,460.2000122070313,83194400,444.91998291015625
2023-12-11,459.6900024414063,462.1700134277344,459.4700012207031,461.989990234375,65002200,446.65045166015625
2023-12-12,461.6300048828125,464.2000122070313,460.6000061035156,464.1000061035156,68327600,448.6904296875
2023-12-13,464.489990234375,470.760009765625,464.1199951171875,470.5,93278000,454.8778991699219
2023-12-14,472.5,473.7300109863281,469.25,472.010009765625,119026000,456.3377685546875
2023-12-15,469.489990234375,470.7000122070313,467.4299926757813,469.3299865722656,141553700,455.58642578125
2023-12-18,470.9800109863281,472.9800109863281,469.8900146484375,471.9700012207031,70375300,458.1491394042969
2023-12-19,472.5299987792969,474.9200134277344,472.4500122070313,474.8399963378906,55761800,460.93505859375
2023-12-20,473.9599914550781,475.8999938964844,467.8200073242188,468.260009765625,102921000,454.5478210449219
2023-12-21,471.3299865722656,472.9800109863281,468.8399963378906,472.7000122070313,86667500,458.8577270507813
2023-12-22,473.8599853515625,475.3800048828125,471.7000122070313,473.6499938964844,67160400,459.7799682617188
2023-12-26,474.0700073242188,476.5799865722656,473.989990234375,475.6499938964844,55387000,461.7214050292969
2023-12-27,475.4400024414063,476.6600036621094,474.8900146484375,476.510009765625,68000300,462.5562133789063
2023-12-28,476.8800048828125,477.5499877929688,476.260009765625,476.6900024414063,77158100,462.73089599609375
2023-12-29,476.489990234375,477.0299987792969,473.2999877929688,475.30999755859375,122283100,461.3913269042969
2024-01-02,472.1600036621094,473.6700134277344,470.489990234375,472.6499938964844,123623700,458.8092651367188
2024-01-03,470.4299926757813,471.1900024414063,468.1700134277344,468.7900085449219,103585900,455.062255859375
2024-01-04,468.2999877929688,470.9599914550781,467.0499877929688,467.2799987792969,84232200,453.596435546875
2024-01-05,467.489990234375,470.4400024414063,466.4299926757813,467.9200134277344,86118900,454.2177429199219
2024-01-08,468.4299926757813,474.75,468.2999877929688,474.6000061035156,74879100,460.7021179199219
2024-01-09,471.8699951171875,474.9299926757813,471.3500061035156,473.8800048828125,65931400,460.0032348632813
2024-01-10,474.1600036621094,477.4500122070313,473.8699951171875,476.55999755859375,67310600,462.604736328125
2024-01-11,477.5899963378906,478.1199951171875,472.260009765625,476.3500061035156,77940700,462.4009094238281
2024-01-12,477.8399963378906,478.6000061035156,475.2300109863281,476.6799926757813,58026400,462.72119140625
2024-01-16,475.260009765625,476.6099853515625,473.05999755859375,474.9299926757813,85014900,461.0224304199219
2024-01-17,471.8200073242188,472.7900085449219,469.8699951171875,472.2900085449219,68843900,458.4597778320313
2024-01-18,474.010009765625,477.05999755859375,472.4200134277344,476.489990234375,91856200,462.5367736816406
2024-01-19,477.6499938964844,482.7200012207031,476.5400085449219,482.4299926757813,110834500,468.3028564453125
2024-01-22,484.010009765625,485.2200012207031,482.7799987792969,483.4500122070313,75844900,469.2929382324219
2024-01-23,484.010009765625,485.1099853515625,482.8900146484375,484.8599853515625,49945300,470.6616516113281
2024-01-24,487.80999755859375,488.7699890136719,484.8800048828125,485.3900146484375,81765000,471.1761779785156
2024-01-25,487.5799865722656,488.30999755859375,485.3900146484375,488.0299987792969,72525000,473.7388000488281
2024-01-26,487.5899963378906,489.1199951171875,486.5400085449219,487.4100036621094,76641600,473.1370849609375
2024-01-29,487.7300109863281,491.4200134277344,487.1700134277344,491.2699890136719,61322800,476.8839721679688
2024-01-30,490.55999755859375,491.6199951171875,490.1099853515625,490.8900146484375,58618400,476.5151062011719
2024-01-31,488.6199951171875,489.0799865722656,482.8599853515625,482.8800048828125,126011100,468.7396545410156
2024-02-01,484.6300048828125,489.2300109863281,483.7999877929688,489.2000122070313,91891600,474.8745727539063
2024-02-02,489.6499938964844,496.0499877929688,489.2999877929688,494.3500061035156,99228200,479.8737487792969
2024-02-05,493.7000122070313,494.3800048828125,490.2300109863281,492.5499877929688,75757100,478.12640380859375
2024-02-06,493.5199890136719,494.3200073242188,492.0499877929688,493.9800109863281,55918600,479.51458740234375
2024-02-07,496.2900085449219,498.5299987792969,495.3599853515625,498.1000061035156,70556500,483.5139770507813
2024-02-08,498.1000061035156,498.7099914550781,497.260009765625,498.3200073242188,52343600,483.7275390625
2024-02-09,498.8399963378906,501.6499938964844,498.489990234375,501.2000122070313,63979400,486.5232238769531
2024-02-12,501.1700134277344,503.5,500.239990234375,500.9800109863281,56502300,486.30963134765625
2024-02-13,494.5299987792969,497.0899963378906,490.7200012207031,494.0799865722656,113099200,479.6116333007813
2024-02-14,496.7900085449219,499.0700073242188,494.3999938964844,498.5700073242188,68387800,483.97021484375
2024-02-15,499.2900085449219,502.2000122070313,498.7999877929688,502.010009765625,61683000,487.30950927734375
2024-02-16,501.7000122070313,502.8699951171875,498.75,499.510009765625,75532900,484.8826904296875
2024-02-20,497.7200012207031,498.4100036621094,494.4500122070313,496.760009765625,71736700,482.2132263183594
2024-02-21,495.4200134277344,497.3699951171875,493.55999755859375,497.2099914550781,59293400,482.6500549316406
2024-02-22,504.010009765625,508.489990234375,503.0199890136719,507.5,76402500,492.63873291015625
2024-02-23,509.2699890136719,510.1300048828125,507.1000061035156,507.8500061035156,61321800,492.97845458984375
2024-02-26,508.2999877929688,508.75,505.8599853515625,505.989990234375,50386700,491.1728820800781
2024-02-27,506.7000122070313,507.1600036621094,504.75,506.9299926757813,48854500,492.0853576660156
2024-02-28,505.3299865722656,506.8599853515625,504.9599914550781,506.260009765625,56506600,491.43505859375
2024-02-29,508.0700073242188,509.739990234375,505.3500061035156,508.0799865722656,83924800,493.2016906738281
2024-03-01,508.9800109863281,513.2899780273438,508.55999755859375,512.8499755859375,76844800,497.8320007324219
2024-03-04,512.030029296875,514.2000122070312,512.0,512.2999877929688,49799300,497.2980651855469
2024-03-05,510.239990234375,510.7000122070313,504.9100036621094,507.1799926757813,72855600,492.3280029296875
2024-03-06,510.5499877929688,512.0700073242188,508.4200134277344,509.75,68382400,494.8228149414063
2024-03-07,513.1400146484375,515.8900146484375,509.80999755859375,514.8099975585938,58652100,499.7346496582031
2024-03-08,515.4600219726562,518.219970703125,511.1300048828125,511.7200012207031,86532500,496.7350769042969
2024-03-11,510.4800109863281,511.8800048828125,508.5,511.2799987792969,62557200,496.3080139160156
2024-03-12,513.4500122070312,517.3800048828125,510.8599853515625,516.780029296875,73114400,501.6470031738281
2024-03-13,517.1099853515625,517.2899780273438,514.489990234375,515.969970703125,55104100,500.8606262207031
2024-03-14,516.969970703125,517.1300048828125,511.8200073242188,514.9500122070312,110171800,499.8705139160156
2024-03-15,510.2099914550781,511.7000122070313,508.1199951171875,509.8299865722656,107646300,496.4381713867188
2024-03-18,514.0,515.47998046875,512.4400024414062,512.8599853515625,88893300,499.3884887695313
2024-03-19,512.1500244140625,516.0,511.1199951171875,515.7100219726562,60755300,502.1637268066406
2024-03-20,515.77001953125,520.6199951171875,515.0800170898438,520.47998046875,69594600,506.8083801269531
2024-03-21,523.3900146484375,524.1099853515625,521.9099731445312,522.2000122070312,60256100,508.4832458496094
2024-03-22,522.1099853515625,522.6099853515625,520.969970703125,521.2100219726562,79070800,507.519287109375
2024-03-25,519.7999877929688,520.9500122070312,519.6099853515625,519.77001953125,48512100,506.1170349121094
2024-03-26,521.22998046875,521.5800170898438,518.4000244140625,518.8099975585938,65463700,505.1822814941406
2024-03-27,521.7100219726562,523.2100219726562,519.489990234375,523.1699829101562,82999800,509.4277038574219
2024-03-28,523.2100219726562,524.6099853515625,522.780029296875,523.0700073242188,96294900,509.3302307128906
2024-04-01,523.8300170898438,524.3800048828125,520.969970703125,522.1599731445312,62477500,508.4443054199219
2024-04-02,518.239990234375,518.97998046875,516.47998046875,518.8400268554688,74230300,505.2114868164063
2024-04-03,517.719970703125,520.9500122070312,517.6699829101562,519.4099731445312,59155800,505.7664794921875
2024-04-04,523.52001953125,523.8699951171875,512.760009765625,513.0700073242188,96858100,499.5930480957031
2024-04-05,514.4600219726562,520.4400024414062,514.010009765625,518.4299926757812,74546500,504.8122253417969
2024-04-08,519.1500244140625,520.1799926757812,517.8900146484375,518.719970703125,48401800,505.0946044921875
2024-04-09,520.5,520.75,514.3499755859375,519.3200073242188,68049200,505.6788940429688
2024-04-10,513.47998046875,516.1599731445312,512.0900268554688,514.1199951171875,82652800,500.6153564453125
2024-04-11,515.6799926757812,519.47998046875,512.0800170898438,518.0,70099000,504.39349365234375
2024-04-12,514.3699951171875,515.8200073242188,509.0799865722656,510.8500061035156,92561100,497.4313049316406
2024-04-15,515.1300048828125,515.2999877929688,503.5799865722656,504.4500122070313,92101400,491.1994934082031
2024-04-16,504.9400024414063,506.5,502.2099914550781,503.5299987792969,73484000,490.3035583496094
2024-04-17,506.0499877929688,506.2200012207031,499.1199951171875,500.5499877929688,75910300,487.40185546875
2024-04-18,501.9800109863281,504.1300048828125,498.55999755859375,499.5199890136719,74548100,486.3989562988281
2024-04-19,499.4400024414063,500.4599914550781,493.8599853515625,495.1600036621094,102212600,482.1534729003906
2024-04-22,497.8299865722656,502.3800048828125,495.4299926757813,499.7200012207031,67961000,486.59375
2024-04-23,501.7799987792969,506.0899963378906,499.5299987792969,505.6499938964844,64633600,492.367919921875
2024-04-24,506.55999755859375,507.3699951171875,503.1300048828125,505.4100036621094,55928100,492.1342468261719
2024-04-25,499.1799926757813,504.2699890136719,497.489990234375,503.489990234375,69122400,490.2646484375
2024-04-26,506.3500061035156,509.8800048828125,505.7000122070313,508.260009765625,64306100,494.9093627929688
2024-04-29,510.0899963378906,510.75,507.25,510.05999755859375,46415400,496.662109375
2024-04-30,508.55999755859375,509.55999755859375,501.9800109863281,501.9800109863281,77483600,488.79437255859375
2024-05-01,501.3800048828125,508.1900024414063,499.8699951171875,500.3500061035156,80242800,487.2071838378906
2024-05-02,504.1499938964844,505.8900146484375,499.5499877929688,505.0299987792969,62550200,491.7642211914063
2024-05-03,511.1600036621094,512.5499877929688,508.55999755859375,511.2900085449219,72756700,497.8597412109375
2024-05-06,513.75,516.6099853515625,513.2999877929688,516.5700073242188,47264700,503.0010681152344
2024-05-07,517.5599975585938,518.5700073242188,516.4500122070312,517.1400146484375,52561300,503.5562133789063
2024-05-08,515.260009765625,517.739990234375,515.1400146484375,517.1900024414062,42047200,503.604736328125
2024-05-09,517.3800048828125,520.2100219726562,516.7100219726562,520.1699829101562,43643700,506.5064697265625
2024-05-10,521.8099975585938,522.6400146484375,519.5900268554688,520.8400268554688,52233200,507.158935546875
2024-05-13,522.5599975585938,522.6699829101562,519.739990234375,520.9099731445312,36716400,507.22698974609375
2024-05-14,521.1099853515625,523.8300170898438,520.5599975585938,523.2999877929688,57535900,509.5542907714844
2024-05-15,525.8300170898438,530.0800170898438,525.1799926757812,529.780029296875,59504900,515.8641357421875
2024-05-16,529.8800048828125,531.52001953125,528.5399780273438,528.6900024414062,50244800,514.802734375
2024-05-17,528.8099975585938,529.52001953125,527.3200073242188,529.4500122070312,59187600,515.542724609375
2024-05-20,529.5700073242188,531.5599975585938,529.1699829101562,530.0599975585938,37764200,516.1367797851562
2024-05-21,529.280029296875,531.52001953125,529.0700073242188,531.3599853515625,33437000,517.402587890625
2024-05-22,530.6500244140625,531.3800048828125,527.5999755859375,529.8300170898438,48390000,515.912841796875
2024-05-23,532.9600219726562,533.0700073242188,524.719970703125,525.9600219726562,57211200,512.1444091796875
2024-05-24,527.8499755859375,530.27001953125,526.8800048828125,529.4400024414062,41291100,515.532958984375
2024-05-28,530.27001953125,530.510009765625,527.1099853515625,529.8099975585938,36269600,515.8933715820312
2024-05-29,525.6799926757812,527.3099975585938,525.3699951171875,526.0999755859375,45190300,512.2806396484375
2024-05-30,524.52001953125,525.2000122070312,521.3300170898438,522.6099853515625,46377600,508.8824462890625
2024-05-31,523.5900268554688,527.5,518.3599853515625,527.3699951171875,90785800,513.517333984375
2024-06-03,529.02001953125,529.3099975585938,522.5999755859375,527.7999877929688,46835700,513.9360961914062
2024-06-04,526.4600219726562,529.1500244140625,524.9600219726562,528.3900146484375,34632700,514.5106201171875
2024-06-05,530.77001953125,534.6900024414062,528.72998046875,534.6699829101562,47610400,520.6255493164062
2024-06-06,534.97998046875,535.4199829101562,532.6799926757812,534.6599731445312,30808500,520.615966796875
2024-06-07,533.6599731445312,536.8900146484375,532.5399780273438,534.010009765625,43224500,519.9829711914062
2024-06-10,533.1799926757812,535.989990234375,532.5700073242188,535.6599731445312,35686100,521.5895385742188
2024-06-11,534.0700073242188,537.010009765625,532.0499877929688,536.9500122070312,36383400,522.8458251953125
2024-06-12,541.6300048828125,544.1199951171875,540.2999877929688,541.3599853515625,63251300,527.139892578125
2024-06-13,543.1500244140625,543.3300170898438,539.5900268554688,542.4500122070312,44760900,528.2012329101562
2024-06-14,540.8800048828125,542.8099975585938,539.8499755859375,542.780029296875,40089900,528.5226440429688
2024-06-17,542.0800170898438,548.530029296875,541.6099853515625,547.0999755859375,55839500,532.7291259765625
2024-06-18,547.1599731445312,548.6199951171875,546.72998046875,548.489990234375,41376400,534.0827026367188
2024-06-20,549.4400024414062,550.1199951171875,545.1799926757812,547.0,70328200,532.6318359375
2024-06-21,544.4000244140625,545.6500244140625,543.02001953125,544.510009765625,64338600,531.917724609375
2024-06-24,544.3300170898438,546.9500122070312,542.6199951171875,542.739990234375,45528700,530.1885986328125
2024-06-25,543.989990234375,545.2000122070312,542.4400024414062,544.8300170898438,37936200,532.230224609375
2024-06-26,543.6900024414062,546.239990234375,543.030029296875,545.510009765625,38550600,532.8945922851562
2024-06-27,545.3699951171875,546.9600219726562,544.6099853515625,546.3699951171875,35041500,533.7346801757812
2024-06-28,547.1599731445312,550.280029296875,542.9500122070312,544.219970703125,76144500,531.6343994140625
2024-07-01,545.6300048828125,545.8800048828125,542.52001953125,545.3400268554688,40297800,532.728515625
2024-07-02,543.7000122070312,549.010009765625,543.6500244140625,549.010009765625,40434800,536.3136596679688
2024-07-03,548.6900024414062,551.8300170898438,548.6500244140625,551.4600219726562,32789900,538.7069702148438
2024-07-05,551.77001953125,555.0499877929688,551.1199951171875,554.6400146484375,41488400,541.8135375976562
2024-07-08,555.4400024414062,556.25,554.1900024414062,555.280029296875,36110500,542.4386596679688
2024-07-09,556.260009765625,557.1799926757812,555.52001953125,555.8200073242188,27289700,542.9661865234375
2024-07-10,557.0700073242188,561.6699829101562,556.77001953125,561.3200073242188,38701200,548.3389892578125
2024-07-11,561.4400024414062,562.3300170898438,555.8300170898438,556.47998046875,53054200,543.6109008789062
2024-07-12,557.6300048828125,563.6699829101562,557.1500244140625,559.989990234375,53084400,547.0397338867188
2024-07-15,562.030029296875,564.8400268554688,559.6300048828125,561.530029296875,40584300,548.5441284179688
2024-07-16,562.8699951171875,565.1599731445312,562.0999755859375,564.8599853515625,36475300,551.7970581054688
2024-07-17,558.7999877929688,560.510009765625,556.6099853515625,556.9400024414062,57119000,544.0602416992188
2024-07-18,558.510009765625,559.52001953125,550.4299926757812,552.6599731445312,56270400,539.8792114257812
2024-07-19,552.4199829101562,554.0800170898438,547.9099731445312,548.989990234375,65509100,536.2940673828125
2024-07-22,553.0,555.27001953125,551.02001953125,554.6500244140625,43346700,541.8231201171875
2024-07-23,554.5399780273438,556.739990234375,553.280029296875,553.780029296875,34439600,540.9733276367188
2024-07-24,548.8599853515625,549.1699829101562,540.2899780273438,541.22998046875,74515300,528.713623046875
2024-07-25,541.3499755859375,547.4600219726562,537.4500122070312,538.4099731445312,61158300,525.9586791992188
2024-07-26,542.280029296875,547.1900024414062,541.489990234375,544.4400024414062,53763800,531.8493041992188
2024-07-29,546.02001953125,547.0499877929688,542.719970703125,544.760009765625,39515800,532.1619873046875
2024-07-30,546.260009765625,547.3400268554688,538.52001953125,542.0,46853600,529.4657592773438
2024-07-31,548.97998046875,553.5,547.5800170898438,550.8099975585938,65663400,538.0719604492188
2024-08-01,552.5700073242188,554.8699951171875,539.4299926757812,543.010009765625,76428700,530.452392578125
2024-08-02,535.75,536.989990234375,528.5999755859375,532.9000244140625,82789100,520.576171875
2024-08-05,511.6400146484375,523.5800170898438,510.2699890136719,517.3800048828125,146267400,505.4151306152344
2024-08-06,519.219970703125,529.75,517.8699951171875,522.1500244140625,84826300,510.0748596191406
2024-08-07,528.469970703125,531.5900268554688,518.0499877929688,518.6599731445312,70698300,506.66546630859375
2024-08-08,523.9099731445312,531.2899780273438,521.8400268554688,530.6500244140625,63276600,518.3782348632812
2024-08-09,529.8099975585938,534.510009765625,528.5599975585938,532.989990234375,45619600,520.6640625
2024-08-12,534.2100219726562,535.72998046875,530.9500122070312,533.27001953125,42542100,520.9376220703125
2024-08-13,536.530029296875,542.280029296875,536.280029296875,542.0399780273438,52333100,529.5048217773438
2024-08-14,542.8499755859375,544.9600219726562,540.1199951171875,543.75,42446900,531.17529296875
2024-08-15,549.5,553.3599853515625,548.8800048828125,553.0700073242188,60846800,540.2796630859375
2024-08-16,551.4199829101562,555.02001953125,551.260009765625,554.3099975585938,44430700,541.4910278320312
2024-08-19,554.72998046875,559.6099853515625,553.8599853515625,559.6099853515625,39121800,546.66845703125
2024-08-20,559.1500244140625,560.8400268554688,557.3300170898438,558.7000122070312,33732300,545.7794799804688
2024-08-21,559.77001953125,562.1099853515625,554.72998046875,560.6199951171875,41514600,547.6551513671875
2024-08-22,562.5599975585938,563.1799926757812,554.97998046875,556.219970703125,56121500,543.35693359375
2024-08-23,559.530029296875,563.0900268554688,557.2899780273438,562.1300048828125,50639400,549.130126953125
2024-08-26,563.1799926757812,563.9099731445312,559.0499877929688,560.7899780273438,35788600,547.8212890625
2024-08-27,559.489990234375,562.0599975585938,558.3200073242188,561.5599975585938,32693900,548.5733642578125
2024-08-28,561.2100219726562,561.6500244140625,555.0399780273438,558.2999877929688,41066000,545.3887329101562
2024-08-29,560.3099975585938,563.6799926757812,557.1799926757812,558.3499755859375,38715200,545.4376220703125
2024-08-30,560.77001953125,564.2000122070312,557.1400146484375,563.6799926757812,62700100,550.6443481445312
2024-09-03,560.469970703125,560.8099975585938,549.510009765625,552.0800170898438,60600100,539.3126831054688
2024-09-04,550.2000122070312,554.4299926757812,549.4600219726562,550.9500122070312,47224900,538.208740234375
2024-09-05,550.8900146484375,553.7999877929688,547.0999755859375,549.6099853515625,44264300,536.8998413085938
2024-09-06,549.9400024414062,551.5999755859375,539.4400024414062,540.3599853515625,68493800,527.8635864257812
2024-09-09,544.6500244140625,547.7100219726562,542.6799926757812,546.4099731445312,40445800,533.7737426757812
2024-09-10,548.3599853515625,549.1500244140625,543.3800048828125,548.7899780273438,36394600,536.0985717773438
2024-09-11,548.7000122070312,555.3599853515625,539.9600219726562,554.4199829101562,75248600,541.5985717773438
2024-09-12,555.010009765625,559.4000244140625,552.739990234375,559.0900268554688,51819600,546.1605224609375
2024-09-13,559.7100219726562,563.030029296875,559.4500122070312,562.010009765625,39310500,549.0130004882812
2024-09-16,561.739990234375,563.1099853515625,559.9000244140625,562.8400268554688,36656100,549.8237915039062
2024-09-17,565.0999755859375,566.5800170898438,560.7899780273438,563.0700073242188,49321000,550.0485229492188
2024-09-18,563.739990234375,568.6900024414062,560.8300170898438,561.4000244140625,59044900,548.4171142578125
2024-09-19,571.010009765625,572.8800048828125,568.0800170898438,570.97998046875,75315500,557.7755737304688
2024-09-20,567.8400268554688,569.3099975585938,565.1699829101562,568.25,77503100,556.8113403320312
2024-09-23,569.3400268554688,570.3300170898438,568.0999755859375,569.6699829101562,44116900,558.2027587890625
2024-09-24,570.47998046875,571.3599853515625,567.5999755859375,571.2999877929688,46805700,559.7999267578125
2024-09-25,571.1400146484375,571.8900146484375,568.9099731445312,570.0399780273438,38428600,558.5653076171875
2024-09-26,574.3800048828125,574.7100219726562,569.9000244140625,572.2999877929688,48336000,560.7798461914062
2024-09-27,573.3900146484375,574.219970703125,570.4199829101562,571.469970703125,42100900,559.9664916992188
2024-09-30,570.4199829101562,574.3800048828125,568.0800170898438,573.760009765625,63557400,562.21044921875
2024-10-01,573.4000244140625,574.0599975585938,566.0,568.6199951171875,72668800,557.1738891601562
2024-10-02,567.7100219726562,569.9000244140625,565.27001953125,568.8599853515625,38097800,557.4090576171875
2024-10-03,567.3599853515625,569.7999877929688,565.489990234375,567.8200073242188,40846500,556.3900756835938
2024-10-04,572.3499755859375,573.3599853515625,568.0999755859375,572.97998046875,42939100,561.446044921875
2024-10-07,571.2999877929688,571.9600219726562,566.6300048828125,567.7999877929688,49964700,556.3704223632812
2024-10-08,570.4199829101562,573.780029296875,569.530029296875,573.1699829101562,37398700,561.6322631835938
2024-10-09,573.1599731445312,577.7100219726562,572.5499877929688,577.1400146484375,37912200,565.5223388671875
2024-10-10,575.77001953125,577.5800170898438,574.489990234375,576.1300048828125,44138100,564.53271484375
2024-10-11,576.0499877929688,580.3300170898438,575.9099731445312,579.5800170898438,42268000,567.913330078125
2024-10-14,581.219970703125,585.27001953125,580.72998046875,584.3200073242188,36217200,572.5578002929688
2024-10-15,584.5900268554688,584.9000244140625,578.5399780273438,579.780029296875,54203600,568.1092529296875
2024-10-16,579.780029296875,582.8300170898438,578.9600219726562,582.2999877929688,30725400,570.5785522460938
2024-10-17,585.9099731445312,586.1199951171875,582.1599731445312,582.3499755859375,34393700,570.6275024414062
2024-10-18,584.0700073242188,585.3900146484375,582.5800170898438,584.5900268554688,37416800,572.8224487304688
2024-10-21,583.8499755859375,584.8499755859375,580.5999755859375,583.6300048828125,36439000,571.8818969726562
2024-10-22,581.0499877929688,584.5,580.3800048828125,583.3200073242188,34183800,571.577880859375
2024-10-23,581.260009765625,581.7100219726562,574.4199829101562,577.989990234375,49314600,566.3552856445312
2024-10-24,579.97998046875,580.0599975585938,576.5700073242188,579.239990234375,34979900,567.5801391601562
2024-10-25,581.510009765625,584.4600219726562,578.0800170898438,579.0399780273438,47268200,567.3841552734375
2024-10-28,582.5800170898438,582.7100219726562,580.52001953125,580.8300170898438,30174700,569.1381225585938
2024-10-29,579.8499755859375,582.9099731445312,578.4299926757812,581.77001953125,42899700,570.0592041015625
2024-10-30,581.2899780273438,583.3200073242188,579.2899780273438,580.010009765625,41435800,568.3346557617188
2024-10-31,575.5599975585938,575.6300048828125,568.4400024414062,568.6400146484375,60182500,557.1935424804688
2024-11-01,571.3200073242188,575.5499877929688,570.6199951171875,571.0399780273438,45667500,559.5451049804688
2024-11-04,571.1799926757812,572.5,567.8900146484375,569.8099975585938,38217000,558.33984375
2024-11-05,570.739990234375,576.739990234375,570.52001953125,576.7000122070312,39478300,565.0912475585938
2024-11-06,589.2000122070312,591.9299926757812,585.3900146484375,591.0399780273438,68182000,579.142578125
2024-11-07,593.0800170898438,596.6500244140625,593.0,595.6099853515625,47233200,583.6205444335938
2024-11-08,596.1699829101562,599.6400146484375,596.1699829101562,598.1900024414062,46444900,586.148681640625
2024-11-11,599.8099975585938,600.1699829101562,597.0,598.760009765625,37586800,586.7072143554688
2024-11-12,598.6799926757812,599.2899780273438,594.3699951171875,596.9000244140625,43006100,584.884765625
2024-11-13,597.3699951171875,599.22998046875,594.9600219726562,597.1900024414062,47388600,585.1688232421875
2024-11-14,597.3200073242188,597.8099975585938,592.6500244140625,593.3499755859375,38904100,581.4061279296875
2024-11-15,589.719970703125,590.2000122070312,583.8599853515625,585.75,75988800,573.958984375
2024-11-18,586.219970703125,589.489990234375,585.3400268554688,588.1500244140625,37001700,576.3108520507812
2024-11-19,584.7100219726562,591.0399780273438,584.030029296875,590.2999877929688,49412000,578.4174194335938
2024-11-20,590.3800048828125,590.7899780273438,584.6300048828125,590.5,50032600,578.613525390625
2024-11-21,593.4000244140625,595.1199951171875,587.4500122070312,593.6699829101562,46750300,581.7196044921875
2024-11-22,593.6599731445312,596.1500244140625,593.1500244140625,595.510009765625,38226400,583.5226440429688
2024-11-25,599.52001953125,600.8599853515625,595.2000122070312,597.530029296875,42441400,585.501953125
2024-11-26,598.7999877929688,601.3300170898438,598.0700073242188,600.6500244140625,45621300,588.5591430664062
2024-11-27,600.4600219726562,600.8499755859375,597.280029296875,598.8300170898438,34000200,586.7757568359375
2024-11-29,599.6599731445312,603.3499755859375,599.3800048828125,602.5499877929688,30177400,590.4208374023438
2024-12-02,602.969970703125,604.3200073242188,602.469970703125,603.6300048828125,31746000,591.4791870117188
2024-12-03,603.3900146484375,604.1599731445312,602.3400268554688,603.9099731445312,26906600,591.7535400390625
2024-12-04,605.6300048828125,607.9099731445312,604.9500122070312,607.6599731445312,42787600,595.4279174804688
2024-12-05,607.6599731445312,608.47998046875,606.2999877929688,606.6599731445312,28762200,594.4480590820312
2024-12-06,607.4400024414062,609.0700073242188,607.02001953125,607.8099975585938,31241500,595.574951171875
2024-12-09,607.6900024414062,607.8599853515625,604.0800170898438,604.6799926757812,34742700,592.5079345703125
2024-12-10,605.3699951171875,605.7999877929688,602.1300048828125,602.7999877929688,37234500,590.6658325195312
2024-12-11,605.780029296875,608.4299926757812,605.5,607.4600219726562,28677700,595.2320556640625
2024-12-12,606.5800170898438,607.1599731445312,604.3300170898438,604.3300170898438,31543800,592.1651000976562
2024-12-13,606.4000244140625,607.1300048828125,602.8099975585938,604.2100219726562,35904700,592.0474853515625
2024-12-16,606.0,607.780029296875,605.2100219726562,606.7899780273438,43695200,594.5755004882812
2024-12-17,604.1900024414062,605.1699829101562,602.8900146484375,604.2899780273438,55773500,592.1258544921875
2024-12-18,603.97998046875,606.4099731445312,585.8900146484375,586.280029296875,108248700,574.4784545898438
2024-12-19,591.3599853515625,593.0,585.8499755859375,586.0999755859375,85919500,574.3019409179688
2024-12-20,581.77001953125,595.75,580.9099731445312,591.1500244140625,125716700,581.199951171875
2024-12-23,590.8900146484375,595.2999877929688,587.6599731445312,594.6900024414062,57635800,584.6803588867188
2024-12-24,596.0599975585938,601.3400268554688,595.469970703125,601.2999877929688,33160100,591.1791381835938
2024-12-26,599.5,602.47998046875,598.0800170898438,601.3400268554688,41219100,591.2184448242188
2024-12-27,597.5399780273438,597.780029296875,590.760009765625,595.010009765625,64969300,584.9949340820312
2024-12-30,587.8900146484375,591.739990234375,584.4099731445312,588.219970703125,56578800,578.3192138671875
2024-12-31,589.9099731445312,590.6400146484375,584.4199829101562,586.0800170898438,57052700,576.2152709960938
2025-01-02,589.3900146484375,591.1300048828125,580.5,584.6400146484375,50204000,574.7994995117188
2025-01-03,587.530029296875,592.5999755859375,586.4299926757812,591.9500122070312,37888500,581.9864501953125
2025-01-06,596.27001953125,599.7000122070312,593.5999755859375,595.3599853515625,47679400,585.3390502929688
2025-01-07,597.4199829101562,597.75,586.780029296875,588.6300048828125,60393100,578.722412109375
2025-01-08,588.7000122070312,590.5800170898438,585.2000122070312,589.489990234375,47304700,579.56787109375
2025-01-10,585.8800048828125,585.9500122070312,578.5499877929688,580.489990234375,73105000,570.7194213867188
2025-01-13,575.77001953125,581.75,575.3499755859375,581.3900146484375,47910100,571.6041870117188
2025-01-14,584.3599853515625,585.0,578.3499755859375,582.1900024414062,48420600,572.3908081054688
2025-01-15,590.3300170898438,593.9400024414062,589.2000122070312,592.780029296875,56900200,582.8025512695312
2025-01-16,594.1699829101562,594.3499755859375,590.9299926757812,591.6400146484375,43319700,581.6817016601562
2025-01-17,596.9600219726562,599.3599853515625,595.6099853515625,597.5800170898438,58070600,587.521728515625
2025-01-21,600.6699829101562,603.0599975585938,598.6699829101562,603.0499877929688,42532900,592.899658203125
2025-01-22,605.9199829101562,607.8200073242188,605.3599853515625,606.4400024414062,48196000,596.2326049804688
2025-01-23,605.7999877929688,609.75,605.52001953125,609.75,41152100,599.4868774414062
2025-01-24,609.8099975585938,610.780029296875,606.7999877929688,607.969970703125,34604700,597.73681640625
2025-01-27,594.8099975585938,599.6900024414062,594.6400146484375,599.3699951171875,70361100,589.2815551757812
2025-01-28,600.6199951171875,605.3699951171875,597.25,604.52001953125,44433300,594.3448486328125
2025-01-29,603.719970703125,604.1300048828125,599.219970703125,601.8099975585938,37177400,591.6805419921875
2025-01-30,603.9600219726562,606.5999755859375,600.719970703125,605.0399780273438,39281300,594.8560791015625
2025-01-31,607.5,609.9600219726562,601.0499877929688,601.8200073242188,66566900,591.6902465820312
2025-02-03,592.6699829101562,600.2899780273438,590.489990234375,597.77001953125,65857200,587.7085571289062
2025-02-04,597.8300170898438,602.2999877929688,597.280029296875,601.780029296875,33457800,591.6510009765625
2025-02-05,600.6400146484375,604.3699951171875,598.5800170898438,604.219970703125,30653100,594.0499267578125
2025-02-06,605.989990234375,606.4500122070312,602.6300048828125,606.3200073242188,35771500,596.1146240234375
2025-02-07,606.8900146484375,608.1300048828125,600.0499877929688,600.77001953125,50788500,590.6580810546875
2025-02-10,604.030029296875,605.5,602.739990234375,604.8499755859375,26048700,594.6693725585938
2025-02-11,602.5499877929688,605.8599853515625,602.4299926757812,605.3099975585938,30056700,595.1215209960938
2025-02-12,599.2000122070312,604.5499877929688,598.510009765625,603.3599853515625,45076100,593.2044067382812
2025-02-13,604.47998046875,609.9400024414062,603.2000122070312,609.72998046875,40921300,599.4672241210938
2025-02-14,609.9400024414062,610.989990234375,609.0700073242188,609.7000122070312,26910400,599.4376831054688
2025-02-18,610.8800048828125,611.489990234375,608.3800048828125,611.489990234375,26749000,601.1975708007812
2025-02-19,610.0800170898438,613.22998046875,609.5599975585938,612.9299926757812,31011100,602.6133422851562
2025-02-20,611.5399780273438,611.6799926757812,607.02001953125,610.3800048828125,36554000,600.1062622070312
2025-02-21,610.1599731445312,610.2999877929688,599.469970703125,599.9400024414062,76519800,589.842041015625
2025-02-24,602.02001953125,603.030029296875,596.489990234375,597.2100219726562,50737200,587.1580810546875
2025-02-25,597.1500244140625,597.8900146484375,589.5599975585938,594.239990234375,58266500,584.2379760742188
2025-02-26,595.9299926757812,599.5800170898438,591.8599853515625,594.5399780273438,43321600,584.5328369140625
2025-02-27,596.8499755859375,598.02001953125,584.6500244140625,585.0499877929688,74196700,575.20263671875
2025-02-28,585.5599975585938,594.719970703125,582.4400024414062,594.1799926757812,88744100,584.1788940429688
2025-03-03,596.1799926757812,597.3400268554688,579.9000244140625,583.77001953125,74249200,573.9442138671875
2025-03-04,579.7100219726562,585.3900146484375,572.25,576.8599853515625,109648200,567.1504516601562
2025-03-05,576.6900024414062,584.8800048828125,573.0800170898438,583.0599975585938,71230500,573.2460327148438
2025-03-06,575.47998046875,580.1699829101562,570.1199951171875,572.7100219726562,80094900,563.0702514648438
2025-03-07,570.9000244140625,577.3900146484375,565.6300048828125,575.9199829101562,81158800,566.2262573242188
2025-03-10,567.5900268554688,569.5399780273438,555.5900268554688,560.5800170898438,99326600,551.14453125
2025-03-11,559.4000244140625,564.02001953125,552.02001953125,555.9199829101562,88102100,546.5628662109375
2025-03-12,562.1699829101562,563.1099853515625,553.6900024414062,558.8699951171875,69588200,549.4633178710938
2025-03-13,558.489990234375,559.1099853515625,549.6799926757812,551.4199829101562,74079400,542.1386108398438
2025-03-14,556.1099853515625,563.8300170898438,551.489990234375,562.8099975585938,62660300,553.3369140625
2025-03-17,562.7899780273438,569.7100219726562,562.3499755859375,567.1500244140625,49008700,557.6039428710938
2025-03-18,564.7999877929688,565.02001953125,559.0599975585938,561.02001953125,66041400,551.5770263671875
2025-03-19,562.8300170898438,570.9500122070312,561.6300048828125,567.1300048828125,66556000,557.584228515625
2025-03-20,563.3300170898438,570.5700073242188,562.5999755859375,565.489990234375,62958200,555.9718627929688
2025-03-21,559.280029296875,564.8900146484375,558.030029296875,563.97998046875,83763000,556.1552734375
2025-03-24,570.7999877929688,575.1500244140625,570.2000122070312,574.0800170898438,58766800,566.1151733398438
2025-03-25,575.2999877929688,576.4099731445312,573.6900024414062,575.4600219726562,38355700,567.47607421875
2025-03-26,575.1900024414062,576.3300170898438,567.1900024414062,568.5900268554688,51848300,560.7013549804688
2025-03-27,567.1799926757812,570.9000244140625,564.9400024414062,567.0800170898438,42164200,559.2122802734375
2025-03-28,565.530029296875,566.27001953125,555.0700073242188,555.6599731445312,71662700,547.95068359375
2025-03-31,549.8300170898438,560.7100219726562,546.8699951171875,559.3900146484375,95328200,551.62890625
2025-04-01,557.4500122070312,562.9400024414062,553.6799926757812,560.969970703125,54609600,553.18701171875
2025-04-02,555.0499877929688,567.4199829101562,554.8099975585938,564.52001953125,76014500,556.687744140625
2025-04-03,545.1099853515625,547.969970703125,536.7000122070312,536.7000122070312,125986000,529.2537841796875
2025-04-04,523.6699829101562,525.8699951171875,505.05999755859375,505.2799987792969,217965100,498.2696838378906
2025-04-07,489.1900024414063,523.1699829101562,481.7999877929688,504.3800048828125,256611400,497.3821716308594
2025-04-08,521.8599853515625,524.97998046875,489.1600036621094,496.4800109863281,165816600,489.591796875
2025-04-09,493.4400024414063,548.6199951171875,493.0499877929688,548.6199951171875,241867300,541.0083618164062
2025-04-10,532.1699829101562,533.5,509.3200073242188,524.5800170898438,162331200,517.3019409179688
2025-04-11,523.010009765625,536.4299926757812,520.0700073242188,533.9400024414062,97866300,526.5321044921875
2025-04-14,544.0499877929688,544.280029296875,533.8599853515625,539.1199951171875,68034000,531.6401977539062
2025-04-15,539.6699829101562,543.22998046875,536.8099975585938,537.6099853515625,56892900,530.151123046875
2025-04-16,531.6799926757812,537.8900146484375,520.2899780273438,525.6599731445312,83484800,518.3668823242188
2025-04-17,527.6400146484375,531.1699829101562,523.9099731445312,526.4099731445312,79868100,519.1064453125
2025-04-21,521.1599731445312,521.7000122070312,508.4599914550781,513.8800048828125,69368100,506.7503662109375
2025-04-22,520.1400146484375,529.2999877929688,519.1900024414062,527.25,75948100,519.934814453125
2025-04-23,540.4299926757812,545.4299926757812,533.8800048828125,535.4199829101562,90590700,527.991455078125
2025-04-24,536.719970703125,547.4299926757812,535.4500122070312,546.6900024414062,64150400,539.1051635742188
2025-04-25,546.6500244140625,551.0499877929688,543.6900024414062,550.6400146484375,61119600,543.0003662109375
2025-04-28,551.3900146484375,553.5499877929688,545.02001953125,550.8499755859375,47613800,543.2073974609375
2025-04-29,548.9099731445312,555.4500122070312,548.5499877929688,554.3200073242188,47775100,546.6293334960938
2025-04-30,547.5700073242188,556.52001953125,541.52001953125,554.5399780273438,93101500,546.8462524414062
2025-05-01,560.3699951171875,564.0700073242188,557.8599853515625,558.469970703125,63186100,550.7216796875
2025-05-02,564.72998046875,568.3800048828125,562.3800048828125,566.760009765625,60717300,558.8966674804688
2025-05-05,562.5700073242188,566.6500244140625,561.7000122070312,563.510009765625,38659200,555.6917724609375
2025-05-06,557.9299926757812,563.3499755859375,556.9600219726562,558.7999877929688,48264700,551.047119140625
2025-05-07,560.1500244140625,563.8200073242188,556.0399780273438,561.1500244140625,55588000,553.3645629882812
2025-05-08,565.239990234375,570.3099975585938,561.7000122070312,565.0599975585938,65130800,557.2202758789062
2025-05-09,566.47998046875,567.5,562.760009765625,564.3400268554688,37603400,556.5103149414062
2025-05-12,581.469970703125,583.0,577.0399780273438,582.989990234375,78993600,574.9014282226562
2025-05-13,583.4099731445312,589.0800170898438,582.8400268554688,586.8400268554688,67947200,578.6981201171875
2025-05-14,587.8099975585938,588.97998046875,585.5399780273438,587.5900268554688,66283500,579.437744140625
2025-05-15,585.5599975585938,590.969970703125,585.0999755859375,590.4600219726562,71268100,582.2679443359375
2025-05-16,591.25,594.5,589.280029296875,594.2000122070312,76052100,585.9559326171875
2025-05-19,588.0999755859375,595.5399780273438,588.0999755859375,594.8499755859375,68168500,586.596923828125
2025-05-20,593.0900268554688,594.0499877929688,589.5999755859375,592.8499755859375,60614500,584.6246337890625
2025-05-21,588.4400024414062,592.5800170898438,581.8200073242188,582.8599853515625,95197700,574.7733154296875
2025-05-22,582.6599731445312,586.6199951171875,581.4099731445312,583.0900268554688,70860400,575.0001831054688
2025-05-23,575.97998046875,581.8099975585938,575.5999755859375,579.1099853515625,76029000,571.0752563476562
2025-05-27,586.0700073242188,591.3099975585938,578.4299926757812,591.1500244140625,72588500,582.9483642578125
2025-05-28,591.5599975585938,592.77001953125,586.989990234375,587.72998046875,68445500,579.5757446289062
2025-05-29,593.0599975585938,593.2000122070312,586.0700073242188,590.0499877929688,69973300,581.863525390625
2025-05-30,588.9299926757812,591.1300048828125,583.239990234375,589.3900146484375,90601200,581.2127685546875
2025-06-02,587.760009765625,592.7899780273438,585.0599975585938,592.7100219726562,61630500,584.4866333007812
2025-06-03,592.3400268554688,597.0800170898438,591.8499755859375,596.0900268554688,63606200,587.8197631835938
2025-06-04,596.9600219726562,597.9500122070312,595.489990234375,595.9299926757812,57314200,587.6619873046875
2025-06-05,597.6300048828125,599.0,591.0499877929688,593.0499877929688,92278700,584.8218994140625
2025-06-06,598.6599731445312,600.8300170898438,596.8599853515625,599.1400146484375,66588700,590.8275146484375
2025-06-09,599.719970703125,601.25,598.489990234375,599.6799926757812,53016400,591.3599853515625
2025-06-10,600.219970703125,603.469970703125,599.0900268554688,603.0800170898438,66247000,594.7128295898438
2025-06-11,604.1900024414062,605.0599975585938,599.27001953125,601.3599853515625,73658200,593.0166015625
2025-06-12,600.010009765625,603.75,599.52001953125,603.75,64129000,595.37353515625
2025-06-13,598.5,601.8499755859375,595.47998046875,597.0,89506000,588.7171020507812
2025-06-16,600.4000244140625,604.4500122070312,600.219970703125,602.6799926757812,79984100,594.3182983398438
2025-06-17,600.2100219726562,601.75,596.760009765625,597.530029296875,82209400,589.23974609375
2025-06-18,598.4400024414062,601.219970703125,596.469970703125,597.4400024414062,76605000,589.1510009765625
2025-06-20,598.3800048828125,599.4600219726562,592.8599853515625,594.280029296875,94051400,587.7673950195312
2025-06-23,595.0399780273438,600.5399780273438,591.8900146484375,600.1500244140625,87426000,593.5730590820312
2025-06-24,604.3300170898438,607.8499755859375,603.4099731445312,606.780029296875,67735300,600.1304321289062
2025-06-25,607.9099731445312,608.6099853515625,605.5399780273438,607.1199951171875,62114800,600.4666748046875
2025-06-26,608.989990234375,612.3099975585938,608.3699951171875,611.8699951171875,78548400,605.16455078125
2025-06-27,612.8800048828125,616.3900146484375,610.8300170898438,614.9099731445312,86258400,608.1713256835938
2025-06-30,617.3800048828125,619.219970703125,615.0399780273438,617.8499755859375,92502500,611.0791015625
2025-07-01,616.3599853515625,618.8300170898438,615.52001953125,617.6500244140625,70030100,610.8812866210938
2025-07-02,617.239990234375,620.489990234375,616.6099853515625,620.4500122070312,66510400,613.6505737304688
2025-07-03,622.4500122070312,626.280029296875,622.4299926757812,625.3400268554688,51065800,618.4869995117188
2025-07-07,623.3599853515625,624.030029296875,617.8699951171875,620.6799926757812,74814500,613.8779907226562
2025-07-08,621.3499755859375,622.1099853515625,619.52001953125,620.3400268554688,59024600,613.5418090820312
2025-07-09,622.77001953125,624.719970703125,620.9099731445312,624.0599975585938,66113300,617.2210083007812
2025-07-10,624.2000122070312,626.8699951171875,623.010009765625,625.8200073242188,57529000,618.9617309570312
2025-07-11,622.739990234375,624.8599853515625,621.530029296875,623.6199951171875,63670200,616.7857666015625
2025-07-14,623.1599731445312,625.1599731445312,621.7999877929688,624.8099975585938,51898500,617.9627685546875
2025-07-15,627.52001953125,627.8599853515625,622.0599975585938,622.1400146484375,74317300,615.322021484375
2025-07-16,623.739990234375,624.72998046875,618.0499877929688,624.219970703125,88987500,617.3792114257812
2025-07-17,624.4000244140625,628.4000244140625,624.1799926757812,628.0399780273438,68885700,621.1574096679688
2025-07-18,629.2999877929688,629.469970703125,626.4600219726562,627.5800170898438,65621600,620.702392578125
2025-07-21,628.77001953125,631.5399780273438,628.3400268554688,628.77001953125,63375000,621.87939453125
2025-07-22,629.0999755859375,629.72998046875,626.1900024414062,628.8599853515625,60046300,621.9684448242188
2025-07-23,631.5499877929688,634.2100219726562,629.72998046875,634.2100219726562,70511000,627.2598266601562
2025-07-24,634.5999755859375,636.1500244140625,633.989990234375,634.4199829101562,71307100,627.4674072265625
2025-07-25,635.0900268554688,637.5800170898438,634.8400268554688,637.0999755859375,56865400,630.1181030273438
2025-07-28,637.47998046875,638.0399780273438,635.5399780273438,636.9400024414062,54917100,629.9598999023438
2025-07-29,638.3499755859375,638.6699829101562,634.3400268554688,635.260009765625,60556300,628.2982788085938
2025-07-30,635.9199829101562,637.6799926757812,631.5399780273438,634.4600219726562,80418900,627.5070190429688
2025-07-31,639.4600219726562,639.8499755859375,630.77001953125,632.0800170898438,103385200,625.1531372070312
2025-08-01,626.2999877929688,626.3400268554688,619.2899780273438,621.719970703125,140103600,614.9066162109375
2025-08-04,625.6699829101562,631.219970703125,625.5800170898438,631.1699829101562,73218000,624.2530517578125
2025-08-05,631.7899780273438,632.6099853515625,627.0399780273438,627.969970703125,68051400,621.088134765625
2025-08-06,629.0499877929688,633.4400024414062,628.1300048828125,632.780029296875,64357500,625.845458984375
2025-08-07,636.239990234375,636.97998046875,629.1099853515625,632.25,74205800,625.3212280273438
2025-08-08,634.0599975585938,637.6500244140625,633.739990234375,637.1799926757812,64051600,630.1972045898438
2025-08-11,637.4600219726562,638.9500122070312,634.6599731445312,635.9199829101562,58742300,628.9510498046875
2025-08-12,638.2899780273438,642.8499755859375,636.7899780273438,642.6900024414062,64730800,635.6468505859375
2025-08-13,644.9099731445312,646.1900024414062,642.6799926757812,644.8900146484375,60092800,637.82275390625
2025-08-14,642.7899780273438,645.6199951171875,642.3400268554688,644.9500122070312,59327500,637.882080078125
2025-08-15,645.989990234375,646.0900268554688,642.52001953125,643.4400024414062,68592500,636.3886108398438
2025-08-18,642.8599853515625,644.0,642.1799926757812,643.2999877929688,43804900,636.2501220703125
2025-08-19,643.1199951171875,644.1099853515625,638.47998046875,639.8099975585938,69750700,632.7984008789062
2025-08-20,639.4000244140625,639.6599731445312,632.9500122070312,638.1099853515625,88890300,631.1170654296875
2025-08-21,636.280029296875,637.969970703125,633.8099975585938,635.5499877929688,54805800,628.5850830078125
2025-08-22,637.760009765625,646.5,637.25,645.3099975585938,84083200,638.2380981445312
2025-08-25,644.0399780273438,645.2899780273438,642.3499755859375,642.469970703125,51274300,635.4292602539062
2025-08-26,642.2000122070312,645.510009765625,641.5700073242188,645.1599731445312,51581600,638.0897216796875
2025-08-27,644.5700073242188,647.3699951171875,644.4199829101562,646.6300048828125,48341100,639.543701171875
2025-08-28,647.239990234375,649.47998046875,645.3400268554688,648.9199829101562,61519500,641.8085327148438
2025-08-29,647.469970703125,647.8400268554688,643.1400146484375,645.0499877929688,74522200,637.98095703125
2025-09-02,637.5,640.489990234375,634.9199829101562,640.27001953125,81983500,633.2533569335938
2025-09-03,642.6699829101562,644.2100219726562,640.4600219726562,643.739990234375,70820900,636.685302734375
2025-09-04,644.4199829101562,649.1500244140625,643.510009765625,649.1199951171875,65219200,642.0062866210938
2025-09-05,651.47998046875,652.2100219726562,643.3300170898438,647.239990234375,85178900,640.1469116210938
2025-09-08,648.6199951171875,649.8400268554688,647.22998046875,648.8300170898438,63133100,641.7195434570312
2025-09-09,648.969970703125,650.8599853515625,647.219970703125,650.3300170898438,66133900,643.2031860351562
2025-09-10,653.6199951171875,654.5499877929688,650.6300048828125,652.2100219726562,78034500,645.0625
2025-09-11,654.1799926757812,658.3300170898438,653.5900268554688,657.6300048828125,69934400,650.4231567382812
2025-09-12,657.5999755859375,659.1099853515625,656.9000244140625,657.4099731445312,72780100,650.2055053710938
2025-09-15,659.6400146484375,661.0399780273438,659.3400268554688,660.9099731445312,63772400,653.6671752929688
2025-09-16,661.469970703125,661.780029296875,659.2100219726562,660.0,61169000,652.7671508789062
2025-09-17,660.010009765625,661.719970703125,654.2999877929688,659.1799926757812,101952200,651.9561157226562
2025-09-18,661.8900146484375,664.8900146484375,660.27001953125,662.260009765625,90459200,655.0023803710938
2025-09-19,662.3300170898438,664.5499877929688,660.3699951171875,663.7000122070312,97945600,658.2465209960938
2025-09-22,662.2000122070312,667.2899780273438,662.1699829101562,666.8400268554688,69452200,661.3607177734375
2025-09-23,666.719970703125,667.3400268554688,661.97998046875,663.2100219726562,81708900,657.7606201171875
2025-09-24,664.510009765625,664.6099853515625,659.6699829101562,661.0999755859375,68082200,655.6678466796875
2025-09-25,657.9400024414062,659.4099731445312,654.4099731445312,658.0499877929688,89622100,652.6429443359375
2025-09-26,659.510009765625,662.3699951171875,657.8800048828125,661.8200073242188,69179200,656.3819580078125
2025-09-29,664.3599853515625,665.280029296875,661.8599853515625,663.6799926757812,73499000,658.2266845703125
2025-09-30,662.9299926757812,666.6500244140625,661.6099853515625,666.1799926757812,86288000,660.7061157226562
2025-10-01,663.1699829101562,669.3699951171875,663.0599975585938,668.4500122070312,72545400,662.95751953125
2025-10-02,670.4500122070312,670.5700073242188,666.780029296875,669.219970703125,56896000,663.7210693359375
2025-10-03,669.989990234375,672.6799926757812,668.1599731445312,669.2100219726562,70494400,663.7113037109375
2025-10-06,671.6199951171875,672.510009765625,669.4600219726562,671.6099853515625,54623300,666.0914916992188
2025-10-07,672.5399780273438,672.989990234375,667.6699829101562,669.1199951171875,72020100,663.6219482421875
2025-10-08,670.25,673.2100219726562,669.4199829101562,673.1099853515625,60702200,667.5791625976562
2025-10-09,673.530029296875,673.9400024414062,669.2100219726562,671.1599731445312,66501900,665.6452026367188
2025-10-10,672.1300048828125,673.9500122070312,652.8400268554688,653.02001953125,159422600,647.6542358398438
2025-10-13,660.6500244140625,665.1300048828125,659.77001953125,663.0399780273438,79560500,657.5919189453125
2025-10-14,657.1699829101562,665.8300170898438,653.1699829101562,662.22998046875,88779600,656.78857421875
2025-10-15,666.8200073242188,670.22998046875,658.9299926757812,665.1699829101562,81702600,659.7044067382812
2025-10-16,666.8200073242188,668.7100219726562,657.1099853515625,660.6400146484375,110563300,655.2116088867188
2025-10-17,659.5,665.760009765625,658.1400146484375,664.3900146484375,96500900,658.9308471679688
2025-10-20,667.3200073242188,672.2100219726562,667.27001953125,671.2999877929688,60493400,665.7840576171875
2025-10-21,671.4400024414062,672.989990234375,669.97998046875,671.2899780273438,56249000,665.7741088867188
2025-10-22,672.0,672.0,663.2999877929688,667.7999877929688,80564000,662.3128051757812
2025-10-23,668.1199951171875,672.7100219726562,667.7999877929688,671.760009765625,65604500,666.2402954101562
2025-10-24,676.4600219726562,678.469970703125,675.6500244140625,677.25,74356500,671.6851806640625
2025-10-27,682.72998046875,685.5399780273438,682.1199951171875,685.239990234375,63339800,679.6095581054688
2025-10-28,687.0499877929688,688.9099731445312,684.8300170898438,687.0599975585938,61738100,681.41455078125
2025-10-29,688.719970703125,689.7000122070312,682.8699951171875,687.3900146484375,85657100,681.7418823242188
2025-10-30,683.9000244140625,685.9400024414062,679.8300170898438,679.8300170898438,76335800,674.2440185546875
2025-10-31,685.0399780273438,685.0800170898438,679.239990234375,682.0599975585938,87164100,676.4556274414062
2025-11-03,685.6699829101562,685.7999877929688,679.9400024414062,683.3400268554688,57315000,677.72509765625
2025-11-04,676.1099853515625,679.9600219726562,674.5800170898438,675.239990234375,78427000,669.691650390625
2025-11-05,674.97998046875,680.8599853515625,674.1699829101562,677.5800170898438,74402400,672.012451171875
2025-11-06,676.469970703125,677.3800048828125,668.719970703125,670.3099975585938,85035300,664.8021850585938
2025-11-07,667.9099731445312,671.0800170898438,661.2100219726562,670.969970703125,100592400,665.4567260742188
2025-11-10,677.239990234375,682.1799926757812,675.030029296875,681.4400024414062,75842900,675.8406982421875
2025-11-11,679.9500122070312,683.5700073242188,678.72998046875,683.0,58953400,677.387939453125
2025-11-12,684.7899780273438,684.9600219726562,680.9500122070312,683.3800048828125,62312500,677.7648315429688
2025-11-13,680.5,680.8599853515625,670.52001953125,672.0399780273438,103457800,666.5180053710938
2025-11-14,665.3800048828125,675.6599731445312,663.27001953125,671.9299926757812,96846700,666.4088134765625
2025-11-17,669.7000122070312,673.7100219726562,662.1699829101562,665.6699829101562,90456100,660.2003173828125
2025-11-18,662.0999755859375,665.1199951171875,655.8599853515625,660.0800170898438,114467500,654.65625
2025-11-19,660.780029296875,667.3400268554688,658.75,662.6300048828125,94703000,657.185302734375
2025-11-20,672.9099731445312,675.5599975585938,651.8900146484375,652.530029296875,165293500,647.1683349609375
2025-11-21,655.0499877929688,664.5499877929688,650.8499755859375,659.030029296875,123956200,653.6148681640625
2025-11-24,662.6900024414062,670.0599975585938,661.5900268554688,668.72998046875,80437900,663.2351684570312
2025-11-25,668.6300048828125,676.2100219726562,664.47998046875,675.02001953125,81077100,669.4735717773438
2025-11-26,677.6300048828125,681.7000122070312,676.719970703125,679.6799926757812,71879600,674.09521484375
2025-11-28,680.8599853515625,683.6699829101562,680.5,683.3900146484375,49212000,677.7747192382812
2025-12-01,678.8099975585938,682.989990234375,678.739990234375,680.27001953125,61201200,674.6803588867188
2025-12-02,681.9199829101562,683.8200073242188,679.3300170898438,681.530029296875,62953800,675.9299926757812
2025-12-03,680.5700073242188,684.9099731445312,679.6900024414062,683.8900146484375,57238500,678.2706298828125
2025-12-04,685.2999877929688,685.3699951171875,681.3400268554688,684.3900146484375,61970300,678.7664794921875
2025-12-05,685.469970703125,688.3900146484375,684.5800170898438,685.6900024414062,79241000,680.0557861328125
2025-12-08,686.5900268554688,686.6400146484375,681.5700073242188,683.6300048828125,55231500,678.0126953125
2025-12-09,683.1500244140625,685.3900146484375,682.5900268554688,683.0399780273438,58310100,677.4276123046875
2025-12-10,682.5599975585938,688.969970703125,681.3099975585938,687.5700073242188,85671300,681.92041015625
2025-12-11,685.1400146484375,689.25,682.1699829101562,689.1699829101562,86173700,683.5072021484375
2025-12-12,688.1699829101562,688.8800048828125,679.1699829101562,681.760009765625,113160300,676.1581420898438
2025-12-15,685.739990234375,685.760009765625,679.25,680.72998046875,90811000,675.1365966796875
2025-12-16,679.22998046875,681.0800170898438,674.97998046875,678.8699951171875,122030600,673.2918701171875
2025-12-17,679.8900146484375,680.4400024414062,671.2000122070312,671.4000244140625,110625200,665.8832397460938
2025-12-18,677.5999755859375,680.739990234375,674.9000244140625,676.469970703125,108650100,670.9115600585938
2025-12-19,676.5900268554688,681.0900268554688,676.469970703125,680.5900268554688,103599500,676.9923095703125
2025-12-22,683.9400024414062,685.3599853515625,680.5900268554688,684.8300170898438,69556700,681.2098999023438
2025-12-23,683.9199829101562,688.2000122070312,683.8699951171875,687.9600219726562,64840000,684.3233032226562
2025-12-24,687.9500122070312,690.8300170898438,687.7999877929688,690.3800048828125,39445600,686.7305297851562
2025-12-26,690.6400146484375,691.6599731445312,689.27001953125,690.3099975585938,41613300,686.660888671875
2025-12-29,687.5399780273438,689.2000122070312,686.0700073242188,687.8499755859375,62559500,684.2138671875
2025-12-30,687.4500122070312,688.5599975585938,686.5800170898438,687.010009765625,47160700,683.3783569335938
2025-12-31,687.1400146484375,687.3599853515625,681.7100219726562,681.9199829101562,74144800,678.3152465820312
2026-01-02,685.7100219726562,686.8699951171875,679.8200073242188,683.1699829101562,89377200,679.55859375
2026-01-05,686.5399780273438,689.4299926757812,686.3800048828125,687.719970703125,71927200,684.0845336914062
2026-01-06,687.9299926757812,692.3200073242188,687.780029296875,691.8099975585938,69273800,688.1529541015625
2026-01-07,692.1900024414062,693.9600219726562,689.3200073242188,689.5800170898438,75588300,685.9347534179688
2026-01-08,688.8200073242188,690.6199951171875,687.489990234375,689.510009765625,64019200,685.8651123046875
2026-01-09,690.6300048828125,695.3099975585938,689.1799926757812,694.0700073242188,80125500,690.4010009765625
2026-01-12,690.6799926757812,696.0900268554688,690.6300048828125,695.1599731445312,63976000,691.4852294921875
2026-01-13,695.489990234375,696.0900268554688,691.3499755859375,693.77001953125,78309700,690.1026000976562
2026-01-14,691.0,691.719970703125,686.0399780273438,690.3599853515625,94676700,686.7106323242188
2026-01-15,694.5700073242188,695.4500122070312,691.25,692.239990234375,77862000,688.5806884765625
2026-01-16,693.6599731445312,694.25,690.0999755859375,691.6599731445312,79289200,688.0037231445312
2026-01-20,681.489990234375,684.77001953125,676.5700073242188,677.5800170898438,111623300,673.9981689453125
2026-01-21,679.6500244140625,688.739990234375,678.1300048828125,685.4000244140625,127844500,681.77685546875
2026-01-22,689.8499755859375,691.1300048828125,686.9199829101562,688.97998046875,77112200,685.3379516601562
2026-01-23,688.1500244140625,690.9600219726562,687.1599731445312,689.22998046875,63059600,685.5865478515625
2026-01-26,690.489990234375,694.1300048828125,689.9199829101562,692.72998046875,60473800,689.0680541992188
2026-01-27,694.1799926757812,696.530029296875,693.5700073242188,695.489990234375,55506100,691.8134765625
2026-01-28,697.0499877929688,697.8400268554688,693.9400024414062,695.4199829101562,61172200,691.7438354492188
2026-01-29,696.3900146484375,697.0599975585938,684.8300170898438,694.0399780273438,97486200,690.3711547851562
2026-01-30,691.7899780273438,694.2100219726562,687.1199951171875,691.969970703125,101835100,688.3120727539062
2026-02-02,689.5800170898438,696.9299926757812,689.4199829101562,695.4099731445312,79286500,691.7339477539062
2026-02-03,696.2100219726562,696.9600219726562,684.030029296875,689.530029296875,107904600,685.885009765625
2026-02-04,690.3499755859375,691.4500122070312,681.760009765625,686.1900024414062,105204600,682.5626831054688
2026-02-05,680.9400024414062,683.6900024414062,675.7899780273438,677.6199951171875,113610800,674.0379638671875
2026-02-06,681.4600219726562,692.3099975585938,680.8499755859375,690.6199951171875,89127600,686.96923828125
2026-02-09,689.4199829101562,695.8699951171875,688.3400268554688,693.9500122070312,73885200,690.2816772460938
2026-02-10,694.9500122070312,696.5399780273438,691.6599731445312,692.1199951171875,65185700,688.4613037109375
2026-02-11,696.3900146484375,697.1400146484375,689.1799926757812,691.9600219726562,76353900,688.3021850585938
2026-02-12,694.239990234375,695.3499755859375,680.3699951171875,681.27001953125,118829000,677.668701171875
2026-02-13,681.6900024414062,686.280029296875,677.52001953125,681.75,96267500,678.1461181640625
2026-02-17,680.1400146484375,684.9400024414062,675.780029296875,682.8499755859375,81354700,679.2402954101562
2026-02-18,684.02001953125,689.1500244140625,682.8300170898438,686.2899780273438,73570300,682.662109375
2026-02-19,683.8400268554688,686.1799926757812,681.5499877929688,684.47998046875,58649400,680.8616333007812
2026-02-20,682.3200073242188,690.0599975585938,681.72998046875,689.4299926757812,100034000,685.7855834960938
2026-02-23,687.8300170898438,690.0,680.3699951171875,682.3900146484375,90558100,678.7827758789062
2026-02-24,681.9000244140625,688.3499755859375,680.0,687.3499755859375,73798700,683.7164916992188
2026-02-25,690.1799926757812,693.6799926757812,690.0999755859375,693.1500244140625,56369500,689.4859008789062
2026-02-26,693.280029296875,693.2999877929688,684.3499755859375,689.2999877929688,71671000,685.6561889648438
2026-02-27,683.0900268554688,686.8599853515625,681.6400146484375,685.989990234375,83308900,682.3637084960938
2026-03-02,678.7000122070312,688.6199951171875,678.02001953125,686.3800048828125,87477200,682.751708984375
2026-03-03,675.0599975585938,682.6099853515625,669.6599731445312,680.3300170898438,105003100,676.7337036132812
2026-03-04,681.6300048828125,687.0900268554688,679.6199951171875,685.1300048828125,79182200,681.5082397460938
2026-03-05,682.0800170898438,685.530029296875,675.6099853515625,681.3099975585938,106606500,677.70849609375
2026-03-06,673.4099731445312,676.1099853515625,669.760009765625,672.3800048828125,100687000,668.82568359375
2026-03-09,666.3900146484375,679.9199829101562,662.3900146484375,678.27001953125,102667700,674.6845703125
2026-03-10,677.719970703125,683.3599853515625,674.760009765625,677.1799926757812,81505300,673.6002807617188
2026-03-11,677.5800170898438,680.0800170898438,673.3400268554688,676.3300170898438,68441700,672.7548217773438
2026-03-12,671.1599731445312,671.6500244140625,665.8699951171875,666.0599975585938,108882200,662.5390625
2026-03-13,669.27001953125,672.3400268554688,661.3599853515625,662.2899780273438,97200200,658.7890014648438
2026-03-16,668.3800048828125,672.0700073242188,667.1199951171875,669.030029296875,82023100,665.493408203125
2026-03-17,672.3900146484375,674.4400024414062,669.7000122070312,670.7899780273438,87128000,667.2440185546875
2026-03-18,668.3599853515625,669.719970703125,661.1900024414062,661.4299926757812,82062600,657.9335327148438
2026-03-19,656.969970703125,662.97998046875,655.1699829101562,659.7999877929688,111272500,656.3121948242188
2026-03-20,656.510009765625,656.6900024414062,644.719970703125,648.5700073242188,163617500,646.9034423828125
2026-03-23,658.0700073242188,662.6199951171875,653.9400024414062,655.3800048828125,134802700,653.6959228515625
2026-03-24,651.3200073242188,657.030029296875,649.8800048828125,653.1799926757812,96457500,651.5015869140625
2026-03-25,658.6699829101562,660.8900146484375,654.239990234375,656.8200073242188,90653800,655.1322021484375
2026-03-26,652.0599975585938,654.8499755859375,644.8200073242188,645.0900268554688,96494400,643.432373046875
2026-03-27,642.5,642.6599731445312,633.1099853515625,634.0900268554688,103649400,632.4606323242188
2026-03-30,640.1099853515625,640.3699951171875,629.280029296875,631.969970703125,99275900,630.3460693359375
2026-03-31,638.9400024414062,651.5399780273438,637.97998046875,650.3400268554688,152534100,648.6688842773438
2026-04-01,653.9000244140625,658.52001953125,653.0,655.239990234375,97841500,653.5562744140625
2026-04-02,646.4199829101562,658.2000122070312,645.1099853515625,655.8300170898438,68358700,654.144775390625
2026-04-06,655.8599853515625,659.719970703125,655.52001953125,658.9299926757812,39105800,657.23681640625
2026-04-07,656.6500244140625,659.6099853515625,651.0599975585938,659.219970703125,69980400,657.5260009765625
2026-04-08,676.3900146484375,677.0800170898438,671.4600219726562,676.010009765625,93606100,674.27294921875
2026-04-09,674.8400268554688,681.1599731445312,673.77001953125,679.9099731445312,57134400,678.162841796875
2026-04-10,681.3200073242188,682.030029296875,678.4500122070312,679.4600219726562,42253500,677.7140502929688
2026-04-13,677.4099731445312,686.2999877929688,676.5800170898438,686.0999755859375,54185800,684.3369750976562
2026-04-14,687.6900024414062,694.5800170898438,687.6599731445312,694.4600219726562,63480500,692.675537109375
2026-04-15,695.260009765625,700.280029296875,694.2000122070312,699.9400024414062,58240400,698.1414184570312
2026-04-16,701.0599975585938,702.780029296875,698.530029296875,701.6599731445312,49972400,699.8569946289062
2026-04-17,706.1400146484375,712.3900146484375,705.760009765625,710.1400146484375,70661900,708.3152465820312
2026-04-20,708.780029296875,709.9099731445312,706.1400146484375,708.719970703125,43546800,706.8988037109375
2026-04-21,710.280029296875,711.280029296875,702.6400146484375,704.0800170898438,58941400,702.2708129882812
2026-04-22,709.1500244140625,711.4500122070312,708.219970703125,711.2100219726562,42518500,709.3825073242188
2026-04-23,709.5,712.3599853515625,702.280029296875,708.4500122070312,56174000,706.6295776367188
2026-04-24,710.75,714.469970703125,709.010009765625,713.9400024414062,45182000,712.10546875
2026-04-27,713.1699829101562,715.6300048828125,712.2999877929688,715.1699829101562,33135900,713.332275390625
2026-04-28,711.8200073242188,712.8800048828125,709.25,711.6900024414062,43117400,709.8612060546875
2026-04-29,711.0,712.2000122070312,708.3699951171875,711.5800170898438,41859200,709.7515258789062
2026-04-30,714.6300048828125,719.7899780273438,710.4500122070312,718.6599731445312,67240900,716.8132934570312
2026-05-01,721.25,724.8699951171875,720.469970703125,720.6500244140625,43049800,718.7982177734375
2026-05-04,720.0700073242188,722.1199951171875,714.989990234375,718.010009765625,51950600,716.1649780273438
2026-05-05,721.77001953125,725.0399780273438,721.489990234375,723.77001953125,36933200,721.9102172851562
2026-05-06,728.1599731445312,734.5900268554688,727.8200073242188,733.8300170898438,53288900,731.9443359375
2026-05-07,735.0499877929688,736.1300048828125,729.75,731.5800170898438,51724600,729.7001342773438
2026-05-08,734.9299926757812,738.0800170898438,734.5700073242188,737.6199951171875,47227100,735.724609375
2026-05-11,736.4500122070312,740.7899780273438,736.4500122070312,739.2999877929688,44024000,737.4002685546875
2026-05-12,736.8900146484375,738.8400268554688,731.8300170898438,738.1799926757812,54185300,736.2831420898438
2026-05-13,738.469970703125,743.9099731445312,735.469970703125,742.3099975585938,44200200,740.4025268554688
2026-05-14,743.6500244140625,749.530029296875,743.5599975585938,748.1699829101562,45307600,746.2474975585938
2026-05-15,741.7899780273438,743.4600219726562,737.9600219726562,739.1699829101562,60410800,737.2706298828125
2026-05-18,739.8300170898438,741.4199829101562,733.3900146484375,738.6500244140625,47843900,736.751953125
2026-05-19,734.780029296875,737.6500244140625,731.530029296875,733.72998046875,54255900,731.8446044921875
2026-05-20,735.7100219726562,741.8699951171875,733.8900146484375,741.25,45768000,739.3452758789062
2026-05-21,738.6400146484375,744.8699951171875,737.030029296875,742.719970703125,43332200,740.8114624023438
2026-05-22,746.239990234375,748.9400024414062,744.47998046875,745.6400146484375,41762000,743.7239990234375
2026-05-26,750.010009765625,752.1300048828125,748.3699951171875,750.5900268554688,41123600,748.6613159179688
2026-05-27,750.8800048828125,751.3800048828125,748.219970703125,750.4600219726562,42106300,748.5316162109375
2026-05-28,750.25,755.1500244140625,749.22998046875,754.5999755859375,41562600,752.6609497070312
2026-05-29,755.9000244140625,758.0800170898438,754.6900024414062,756.47998046875,55075700,754.5361328125
2026-06-01,755.3599853515625,760.280029296875,754.6900024414062,758.5399780273438,43634900,756.5908203125
2026-06-02,757.030029296875,760.4000244140625,756.75,759.5700073242188,31581900,757.6182250976562
2026-06-03,758.1500244140625,758.7999877929688,753.5700073242188,754.239990234375,51402500,752.3018798828125
2026-06-04,752.0999755859375,758.3099975585938,751.469970703125,757.0900268554688,49923000,755.1445922851562
2026-06-05,752.3099975585938,752.8200073242188,735.530029296875,737.5499877929688,93989400,735.65478515625
2026-06-08,743.3599853515625,745.3400268554688,738.1900024414062,739.219970703125,49319100,737.3204345703125
2026-06-09,743.6300048828125,746.9000244140625,722.5900268554688,737.0499877929688,87683500,735.1560668945312
2026-06-10,733.3900146484375,738.3800048828125,725.3300170898438,725.4299926757812,60341300,723.56591796875
2026-06-11,728.760009765625,740.0,724.4099731445312,737.760009765625,86330500,735.8642578125
2026-06-12,740.7100219726562,744.4400024414062,735.030029296875,741.75,57079500,739.843994140625
2026-06-15,751.8499755859375,756.6799926757812,751.760009765625,754.8300170898438,60176400,752.890380859375
2026-06-16,754.5499877929688,755.4400024414062,749.8800048828125,750.3300170898438,67093100,748.4019775390625
2026-06-17,751.2899780273438,752.1500244140625,739.219970703125,740.9600219726562,85945200,739.0560302734375
2026-06-18,747.760009765625,748.22998046875,743.8599853515625,746.739990234375,80875700,746.739990234375
2026-06-22,747.7000122070312,750.1799926757812,743.1300048828125,744.3900146484375,46628100,744.3900146484375
2026-06-23,733.8099975585938,739.6300048828125,732.2999877929688,733.5800170898438,66846800,733.5800170898438
2026-06-24,735.1699829101562,739.9500122070312,730.8400268554688,733.239990234375,57439500,733.239990234375
2026-06-25,738.9099731445312,739.3699951171875,729.5999755859375,734.2999877929688,53934400,734.2999877929688
2026-06-26,728.9500122070312,736.530029296875,716.5800170898438,728.989990234375,71034000,728.989990234375
2026-06-29,736.530029296875,741.5599975585938,732.0900268554688,741.0,58035200,741.0
2026-06-30,741.2899780273438,748.02001953125,740.8900146484375,746.77001953125,55626000,746.77001953125
2026-07-01,745.0,749.4400024414062,742.3800048828125,745.760009765625,47100900,745.760009765625
2026-07-02,747.4000244140625,751.3099975585938,740.030029296875,744.780029296875,57447800,744.780029296875
2026-07-06,748.739990234375,752.4099731445312,747.4099731445312,751.280029296875,50673300,751.280029296875
2026-07-07,750.219970703125,750.9600219726562,745.2100219726562,747.7100219726562,43721500,747.7100219726562
2026-07-08,743.1599731445312,746.1500244140625,739.510009765625,745.4000244140625,43767400,745.4000244140625
2026-07-09,747.3499755859375,751.969970703125,745.5900268554688,751.7100219726562,41441700,751.7100219726562
2026-07-10,752.0499877929688,755.4199829101562,748.0999755859375,754.9500122070312,42191300,754.9500122070312
2026-07-13,752.469970703125,753.9099731445312,748.0,749.1699829101562,44013600,749.1699829101562
2026-07-14,750.9099731445312,753.3400268554688,748.6599731445312,751.8300170898438,35143100,751.8300170898438
2026-07-15,754.239990234375,755.5800170898438,750.2000122070312,754.8099975585938,43844800,754.8099975585938
2026-07-16,752.760009765625,754.5700073242188,747.8800048828125,750.719970703125,46409800,750.719970703125
2026-07-17,742.0800170898438,747.2899780273438,740.7999877929688,743.2899780273438,62651000,743.2899780273438
2026-07-20,747.0599975585938,748.72998046875,741.510009765625,742.0900268554688,50422300,742.0900268554688
2026-07-21,746.2899780273438,749.0399780273438,744.1799926757812,748.280029296875,34324300,748.280029296875
2026-07-22,746.6199951171875,750.02001953125,746.3699951171875,747.4099731445312,32836200,747.4099731445312
2026-07-23,739.3699951171875,742.5599975585938,735.2100219726562,738.1799926757812,55437300,738.1799926757812
2026-07-24,738.510009765625,743.719970703125,737.2899780273438,738.9299926757812,44782000,738.9299926757812
2026-07-27,744.9099731445312,745.530029296875,735.8699951171875,739.0900268554688,41461200,739.0900268554688
2026-07-28,739.1900024414062,742.7899780273438,735.97998046875,740.8599853515625,47322200,740.8599853515625
2026-07-29,739.969970703125,742.6799926757812,729.0999755859375,729.4600219726562,70697200,729.4600219726562
2026-07-30,736.0499877929688,742.4500122070312,734.5900268554688,741.6900024414062,66811300,741.6900024414062
2026-07-31,744.6799926757812,748.9000244140625,737.6799926757812,747.030029296875,62445900,747.030029296875
2026-08-03,749.4400024414062,758.5800170898438,748.7999877929688,757.6699829101562,59927500,757.6699829101562
2026-08-04,760.6300048828125,773.4099731445312,760.52001953125,771.3300170898438,69154800,771.3300170898438
2026-08-05,775.8499755859375,776.8499755859375,769.510009765625,769.7899780273438,44689100,769.7899780273438
2026-08-06,770.2100219726562,771.8200073242188,767.4600219726562,768.5599975585938,38416900,768.5599975585938
2026-08-07,771.02001953125,773.9199829101562,769.6099853515625,773.260009765625,43586300,773.260009765625
2026-08-10,772.5999755859375,775.0499877929688,771.6199951171875,773.030029296875,39249500,773.030029296875
2026-08-11,774.530029296875,774.6099853515625,769.2000122070312,770.5599975585938,36740600,770.5599975585938
2026-08-12,774.7100219726562,774.9000244140625,771.280029296875,772.489990234375,33179100,772.489990234375
2026-08-13,774.8699951171875,779.3699951171875,774.1099853515625,777.8800048828125,35634500,777.8800048828125
2026-08-14,778.5399780273438,778.7999877929688,775.4299926757812,776.3400268554688,31367900,776.3400268554688
2026-08-17,776.1799926757812,776.780029296875,772.510009765625,772.6699829101562,34356600,772.6699829101562
2026-08-18,768.7000122070312,769.5,766.9199829101562,767.4500122070312,43920900,767.4500122070312
2026-08-19,770.3599853515625,772.469970703125,768.0999755859375,769.0599975585938,40306000,769.0599975585938
2026-08-20,765.9600219726562,768.1500244140625,762.0399780273438,762.5999755859375,45520300,762.5999755859375
2026-08-21,766.0499877929688,767.8499755859375,764.1699829101562,765.719970703125,39188700,765.719970703125
2026-08-24,764.780029296875,765.219970703125,762.0800170898438,763.469970703125,32430900,763.469970703125
2026-08-25,766.1599731445312,766.780029296875,763.0499877929688,765.9099731445312,27422300,765.9099731445312
2026-08-26,764.72998046875,767.3499755859375,763.9299926757812,766.0800170898438,28751600,766.0800170898438
2026-08-27,768.5,772.3599853515625,767.1599731445312,771.0999755859375,34557100,771.0999755859375
2026-08-28,771.760009765625,775.2999877929688,768.3099975585938,769.3499755859375,36744300,769.3499755859375
2026-08-31,767.3300170898438,768.0,764.719970703125,767.0499877929688,38810800,767.0499877929688
2026-09-01,762.010009765625,764.6699829101562,759.47998046875,761.3800048828125,29302492,761.3800048828125
