Date,Open,High,Low,Close,Volume,Adj Close
2011-04-01,84.72000122070312,84.83999633789062,84.16999816894531,84.68000030517578,15531500,47.256866455078125
2011-04-04,84.26000213623047,84.93000030517578,84.06999969482422,84.87000274658203,13096100,47.36292266845703
2011-04-05,84.68000030517578,85.94000244140625,84.55999755859375,85.41999816894531,17122600,47.66984558105469
2011-04-06,85.7300033569336,85.88999938964844,84.95999908447266,85.18000030517578,13339700,47.535926818847656
2011-04-07,85.16000366210938,85.79000091552734,84.91000366210938,85.76000213623047,16006700,47.859596252441406
2011-04-08,86.0,86.22000122070312,85.36000061035156,85.94999694824219,15943200,47.965633392333984
2011-04-11,85.94999694824219,86.1500015258789,84.77999877929688,85.16000366210938,13026500,47.52476119995117
2011-04-12,84.23999786376953,84.25,82.66999816894531,83.18000030517578,20728800,46.41980743408203
2011-04-13,83.58000183105469,83.94999694824219,82.55999755859375,83.16000366210938,14489400,46.40862274169922
2011-04-14,82.37999725341797,83.83999633789062,82.37999725341797,83.44000244140625,15717500,46.56488800048828
2011-04-15,83.80000305175781,84.47000122070312,83.36000061035156,84.29000091552734,17022500,47.03924179077149
2011-04-18,83.11000061035156,84.0,82.44000244140625,83.0999984741211,15107300,46.37513732910156
2011-04-19,82.97000122070312,83.98999786376953,82.97000122070312,83.80000305175781,12770800,46.76578140258789
2011-04-20,85.05000305175781,85.68000030517578,84.87000274658203,85.6500015258789,15447600,47.798221588134766
2011-04-21,85.7699966430664,86.43000030517578,85.55999755859375,86.36000061035156,12797200,48.19441986083984
2011-04-25,86.29000091552734,86.5,85.88999938964844,86.22000122070312,9852800,48.11631393432617
2011-04-26,86.43000030517578,87.4800033569336,86.26000213623047,87.41999816894531,17908800,48.78597259521485
2011-04-27,87.4800033569336,87.9000015258789,86.29000091552734,87.77999877929688,17755800,48.98688888549805
2011-04-28,87.02999877929688,87.5,86.52999877929688,87.33999633789062,18705300,48.74131393432617
2011-04-29,87.43000030517578,88.0,87.02999877929688,87.9800033569336,17352300,49.09850311279297
2011-05-02,88.0999984741211,88.12999725341797,86.47000122070312,86.97000122070312,18651200,48.53483200073242
2011-05-03,86.58999633789062,86.77999877929688,85.04000091552734,85.62000274658203,18417100,47.78145599365234
2011-05-04,85.19000244140625,85.5999984741211,83.91000366210938,84.80999755859375,22867000,47.32941055297852
2011-05-05,83.5199966430664,83.98999786376953,81.58999633789062,82.62000274658203,27491200,46.10729598999024
2011-05-06,83.2699966430664,84.0999984741211,81.8499984741211,82.69000244140625,26314700,46.146331787109375
2011-05-09,83.01000213623047,83.72000122070312,82.16000366210938,83.18000030517578,18254600,46.41980743408203
2011-05-10,83.08000183105469,83.76000213623047,82.5,83.33999633789062,17695700,46.509071350097656
2011-05-11,82.51000213623047,82.69000244140625,80.44000244140625,81.12000274658203,24192000,45.52691650390625
2011-05-12,80.62000274658203,81.58999633789062,79.41999816894531,81.05000305175781,21853600,45.48763275146485
2011-05-13,81.29000091552734,81.7699966430664,80.22000122070312,80.87000274658203,17628500,45.38661956787109
2011-05-16,80.22000122070312,81.2699966430664,80.12000274658203,80.23999786376953,16435100,45.03303146362305
2011-05-17,79.98999786376953,80.79000091552734,79.5999984741211,80.41000366210938,18067800,45.128456115722656
2011-05-18,80.87999725341797,82.2699966430664,80.43000030517578,81.73999786376953,17957000,45.87488555908203
2011-05-19,82.2699966430664,82.58000183105469,81.33999633789062,82.33000183105469,15229100,46.20602416992188
2011-05-20,81.9800033569336,82.25,80.9000015258789,81.56999969482422,19003400,45.77948760986328
2011-05-23,80.22000122070312,81.01000213623047,80.06999969482422,80.66999816894531,16288500,45.27437210083008
2011-05-24,81.05000305175781,82.12000274658203,80.94000244140625,81.29000091552734,15687300,45.6223258972168
2011-05-25,80.97000122070312,82.52999877929688,80.83999633789062,81.95999908447266,19347200,45.99834442138672
2011-05-26,81.5999984741211,82.56999969482422,81.19000244140625,82.38999938964844,16873700,46.23970413208008
2011-05-27,82.73999786376953,83.12999725341797,82.1500015258789,82.62999725341797,11949100,46.37436676025391
2011-05-31,83.27999877929688,83.75,82.72000122070312,83.47000122070312,23630700,46.8458251953125
2011-06-01,83.55000305175781,83.6500015258789,81.76000213623047,82.02999877929688,19550200,46.03763198852539
2011-06-02,81.7699966430664,82.31999969482422,80.6500015258789,81.33000183105469,18152600,45.64479446411133
2011-06-03,80.23999786376953,81.79000091552734,80.18000030517578,81.18000030517578,17281200,45.56059265136719
2011-06-06,80.93000030517578,81.19000244140625,80.08000183105469,80.29000091552734,15954300,45.06110382080078
2011-06-07,80.61000061035156,81.08999633789062,79.97000122070312,80.0,16188100,44.89833831787109
2011-06-08,80.61000061035156,81.87000274658203,80.5199966430664,80.76000213623047,23567300,45.32487487792969
2011-06-09,81.23999786376953,81.68000030517578,80.95999908447266,81.18000030517578,17665100,45.56059265136719
2011-06-10,80.94999694824219,80.94999694824219,79.72000122070312,79.77999877929688,18965900,44.774864196777344
2011-06-13,80.0,80.5999984741211,78.83999633789062,79.2300033569336,17854200,44.46620178222656
2011-06-14,80.05000305175781,80.81999969482422,79.94000244140625,80.37999725341797,16443400,45.11160659790039
2011-06-15,79.52999877929688,79.88999938964844,78.37000274658203,78.66000366210938,21713900,44.14630889892578
2011-06-16,78.58999633789062,79.51000213623047,78.33000183105469,79.22000122070312,19037500,44.46058654785156
2011-06-17,79.8499984741211,79.94999694824219,78.69000244140625,79.0199966430664,25441200,44.34834671020508
2011-06-20,78.6500015258789,79.94999694824219,78.62000274658203,79.70999908447266,15836400,44.7355842590332
2011-06-21,80.2300033569336,81.12000274658203,80.01000213623047,80.56999969482422,17897300,45.21826934814453
2011-06-22,80.16000366210938,80.66999816894531,79.56999969482422,79.81999969482422,18599700,44.79734420776367
2011-06-23,78.73999786376953,78.75,77.2300033569336,78.44000244140625,30032800,44.02281188964844
2011-06-24,78.55000305175781,78.62999725341797,76.77999877929688,76.77999877929688,36292700,43.0911750793457
2011-06-27,76.87999725341797,78.4800033569336,76.72000122070312,77.91999816894531,20606900,43.73099136352539
2011-06-28,78.56999969482422,79.66000366210938,78.37999725341797,79.62999725341797,18421500,44.69069290161133
2011-06-29,79.8499984741211,80.5,79.22000122070312,80.25,18899900,45.03865814208984
2011-06-30,80.38999938964844,81.41000366210938,80.2699966430664,81.37999725341797,19942100,45.67283248901367
2011-07-01,81.19000244140625,82.08999633789062,80.58999633789062,82.01000213623047,18050100,46.02642059326172
2011-07-05,81.30000305175781,82.12000274658203,81.26000213623047,81.5999984741211,18859600,45.79631423950195
2011-07-06,81.4000015258789,81.66000366210938,80.8499984741211,81.56999969482422,15042600,45.77948760986328
2011-07-07,82.2699966430664,82.5999984741211,81.87000274658203,82.36000061035156,18379200,46.22284698486328
2011-07-08,81.58000183105469,82.52999877929688,81.45999908447266,82.41999816894531,18336500,46.25651550292969
2011-07-11,81.30000305175781,82.11000061035156,81.12000274658203,81.9000015258789,20717000,45.96468734741211
2011-07-12,81.51000213623047,83.01000213623047,81.5,81.88999938964844,22639600,45.95905685424805
2011-07-13,82.2699966430664,83.45999908447266,82.08000183105469,82.4800033569336,19015100,46.29020690917969
2011-07-14,83.05000305175781,83.11000061035156,82.08999633789062,82.23999786376953,19413200,46.15549850463867
2011-07-15,82.41999816894531,83.08999633789062,82.26000213623047,83.0,22705100,46.582027435302734
2011-07-18,82.29000091552734,82.8499984741211,82.08000183105469,82.6500015258789,17343500,46.3856201171875
2011-07-19,82.9000015258789,83.76000213623047,82.80000305175781,83.62999725341797,16424900,46.93559646606445
2011-07-20,83.83999633789062,83.88999938964844,83.16999816894531,83.30000305175781,12808400,46.75041961669922
2011-07-21,83.86000061035156,85.23999786376953,83.75,85.0199966430664,21359700,47.71573638916016
2011-07-22,85.19999694824219,85.41000366210938,84.54000091552734,85.22000122070312,13152600,47.82795333862305
2011-07-25,84.19999694824219,85.12999725341797,84.19999694824219,84.56999969482422,14007600,47.463157653808594
2011-07-26,84.66999816894531,85.0999984741211,84.04000091552734,84.37000274658203,16226700,47.35091781616211
2011-07-27,83.79000091552734,84.25,83.23999786376953,83.30999755859375,19820600,46.75601196289063
2011-07-28,81.73999786376953,82.44999694824219,81.1500015258789,81.45999908447266,24556600,45.71773910522461
2011-07-29,80.79000091552734,80.87999725341797,79.76000213623047,79.79000091552734,26609000,44.78048324584961
2011-08-01,80.81999969482422,81.18000030517578,78.73999786376953,79.5999984741211,22864500,44.6738510131836
2011-08-02,78.9000015258789,79.61000061035156,77.81999969482422,77.83999633789062,28410500,43.68607711791992
2011-08-03,77.94000244140625,78.0999984741211,76.45999908447266,77.72000122070312,28373000,43.61873626708984
2011-08-04,76.68000030517578,77.12999725341797,73.51000213623047,73.83999633789062,42624200,41.44118881225586
2011-08-05,75.01000213623047,75.79000091552734,72.06999969482422,74.81999969482422,47167500,41.9911994934082
2011-08-08,72.73999786376953,73.44000244140625,69.9000015258789,70.19000244140625,58857600,39.3926887512207
2011-08-09,70.79000091552734,71.87000274658203,67.02999877929688,71.63999938964844,61753300,40.20647811889648
2011-08-10,70.73999786376953,70.98999786376953,67.45999908447266,68.02999877929688,47758300,38.43257522583008
2011-08-11,68.80999755859375,72.4000015258789,68.62999725341797,71.58000183105469,50328600,40.43809127807617
2011-08-12,72.36000061035156,73.0999984741211,71.5999984741211,72.0,31129000,40.67536544799805
2011-08-15,73.04000091552734,74.37999725341797,72.75,74.29000091552734,23388200,41.96906661987305
2011-08-16,73.3499984741211,74.33999633789062,72.83000183105469,73.5,26341400,41.52277755737305
2011-08-17,74.29000091552734,74.75,73.5,74.16000366210938,18269400,41.8956298828125
2011-08-18,72.41000366210938,72.79000091552734,70.20999908447266,70.94000244140625,35457700,40.07653045654297
2011-08-19,70.06999969482422,71.9800033569336,69.66999816894531,69.80000305175781,34935300,39.4325065612793
2011-08-22,72.1500015258789,72.16000366210938,69.58000183105469,70.18000030517578,27202900,39.64717864990234
2011-08-23,70.5999984741211,73.80000305175781,70.5199966430664,73.66000366210938,38059600,41.613162994384766
2011-08-24,72.95999908447266,73.86000061035156,72.2699966430664,73.54000091552734,22752900,41.54535675048828
2011-08-25,73.63999938964844,73.91999816894531,71.2699966430664,71.7699966430664,30924500,40.545440673828125
2011-08-26,70.87999725341797,73.0,70.20999908447266,72.63999938964844,26974400,41.03693389892578
2011-08-29,73.33000183105469,74.22000122070312,72.9800033569336,74.12000274658203,18967100,41.87302780151367
2011-08-30,73.58999633789062,74.4000015258789,72.97000122070312,73.91000366210938,22437000,41.75438690185547
2011-08-31,74.36000061035156,74.87000274658203,73.33999633789062,74.0199966430664,29189000,41.81652069091797
2011-09-01,74.1500015258789,74.86000061035156,73.44999694824219,73.48999786376953,23393500,41.51711654663086
2011-09-02,72.11000061035156,72.69000244140625,71.5,72.13999938964844,21071800,40.75446319580078
2011-09-06,70.13999938964844,71.31999969482422,69.91000366210938,71.1500015258789,25416300,40.19517517089844
2011-09-07,72.23999786376953,73.6500015258789,71.75,73.6500015258789,23108400,41.607521057128906
2011-09-08,73.38999938964844,74.33999633789062,72.54000091552734,72.81999969482422,22434800,41.13861083984375
2011-09-09,72.16999816894531,72.56999969482422,70.58999633789062,71.01000213623047,27969100,40.11609649658203
2011-09-12,70.33999633789062,71.88999938964844,69.87000274658203,71.83999633789062,26205800,40.58497619628906
2011-09-13,71.76000213623047,71.9800033569336,70.80999755859375,71.6500015258789,22825400,40.47763442993164
2011-09-14,71.95999908447266,73.76000213623047,71.16000366210938,72.63999938964844,26042800,41.03693389892578
2011-09-15,73.43000030517578,74.05999755859375,72.68000030517578,74.01000213623047,21858300,41.81089019775391
2011-09-16,74.5199966430664,74.75,73.56999969482422,74.55000305175781,34652600,42.11594772338867
2011-09-19,72.91000366210938,74.0999984741211,72.5,73.69999694824219,19822500,41.63576126098633
2011-09-20,73.87000274658203,74.9800033569336,73.44000244140625,74.01000213623047,20420000,41.81089019775391
2011-09-21,73.87999725341797,74.29000091552734,71.83000183105469,71.97000122070312,23806200,40.658424377441406
2011-09-22,69.94000244140625,70.45999908447266,68.16999816894531,69.23999786376953,43223000,39.11614227294922
2011-09-23,68.45999908447266,70.11000061035156,67.93000030517578,69.30999755859375,26583200,39.15568923950195
2011-09-26,70.01000213623047,71.88999938964844,69.5,71.72000122070312,30342400,40.51716613769531
2011-09-27,73.33000183105469,74.33999633789062,72.41999816894531,72.91000366210938,26689900,41.18945693969727
2011-09-28,72.43000030517578,74.29000091552734,71.86000061035156,72.06999969482422,26026500,40.71491622924805
2011-09-29,73.12000274658203,74.04000091552734,72.66999816894531,73.87999725341797,27713900,41.73744583129883
2011-09-30,72.76000213623047,74.58999633789062,72.62999725341797,72.62999725341797,30917000,41.03127670288086
2011-10-03,72.05000305175781,73.0999984741211,71.1500015258789,71.1500015258789,31004200,40.19517517089844
2011-10-04,70.25,73.1500015258789,69.20999908447266,72.83000183105469,36500000,41.144264221191406
2011-10-05,72.66999816894531,74.0,72.20999908447266,73.94999694824219,28239800,41.7769775390625
2011-10-06,73.30000305175781,74.0,72.62999725341797,73.88999938964844,24869800,41.74308395385742
2011-10-07,74.47000122070312,74.5199966430664,73.02999877929688,73.55999755859375,23573900,41.55666732788086
2011-10-10,74.7300033569336,76.29000091552734,74.6500015258789,76.27999877929688,20465800,43.09327697753906
2011-10-11,75.77999877929688,76.66999816894531,75.70999908447266,76.2699966430664,17862100,43.0876350402832
2011-10-12,76.73999786376953,77.66000366210938,76.30999755859375,77.16000366210938,22239000,43.59043884277344
2011-10-13,76.22000122070312,76.79000091552734,75.83999633789062,76.37000274658203,19540300,43.14414596557617
2011-10-14,77.0999984741211,78.2300033569336,77.06999969482422,78.11000061035156,17870600,44.12711334228516
2011-10-17,77.87000274658203,78.48999786376953,77.12000274658203,77.47000122070312,18836200,43.76554870605469
2011-10-18,77.56999969482422,79.51000213623047,77.0199966430664,78.88999938964844,23878500,44.56776809692383
2011-10-19,78.56999969482422,79.23999786376953,77.91999816894531,78.43000030517578,20910900,44.30790328979492
2011-10-20,78.31999969482422,79.11000061035156,77.83000183105469,78.70999908447266,22227600,44.46609878540039
2011-10-21,79.58999633789062,80.16000366210938,79.18000030517578,80.12999725341797,27855300,45.268287658691406
2011-10-24,79.91999816894531,80.5,79.55000305175781,80.16999816894531,19861100,45.29087829589844
2011-10-25,79.83000183105469,80.48999786376953,79.05000305175781,79.44000244140625,23433400,44.87849044799805
2011-10-26,80.16000366210938,81.2699966430664,79.27999877929688,81.06999969482422,27170500,45.7993278503418
2011-10-27,81.91000366210938,82.19999694824219,80.69000244140625,81.87999725341797,35489500,46.25692367553711
2011-10-28,80.98999786376953,81.98999786376953,80.44000244140625,81.4800033569336,21753400,46.030948638916016
2011-10-31,80.58999633789062,80.63999938964844,78.0,78.08999633789062,30616900,44.11582946777344
2011-11-01,75.81999969482422,77.11000061035156,75.44999694824219,75.94000244140625,35835000,42.90121841430664
2011-11-02,77.37000274658203,77.58999633789062,76.5,77.37000274658203,21761300,43.70906829833984
2011-11-03,78.19000244140625,79.0,77.44000244140625,78.86000061035156,24480600,44.55080032348633
2011-11-04,78.06999969482422,78.61000061035156,77.37999725341797,78.5199966430664,18192800,44.3587532043457
2011-11-07,78.81999969482422,79.48999786376953,78.12000274658203,79.3499984741211,17998100,44.8276481628418
2011-11-08,79.25,79.87999725341797,78.62999725341797,79.76000213623047,19023800,45.32777404785156
2011-11-09,77.9000015258789,78.91999816894531,77.02999877929688,77.38999938964844,24130100,43.98088455200195
2011-11-10,78.52999877929688,79.0199966430664,77.63999938964844,78.69999694824219,18668800,44.7253532409668
2011-11-11,79.62999725341797,79.94999694824219,79.33999633789062,79.72000122070312,15134500,45.30500030517578
2011-11-14,79.52999877929688,79.75,78.38999938964844,78.95999908447266,13589900,44.87311553955078
2011-11-15,78.86000061035156,79.8499984741211,78.5,79.08999633789062,19475000,44.94697952270508
2011-11-16,78.23999786376953,79.75,78.05999755859375,78.25,20376800,44.46961975097656
2011-11-17,78.12000274658203,79.43000030517578,77.0999984741211,77.86000061035156,25964300,44.24796676635742
2011-11-18,78.22000122070312,78.68000030517578,77.11000061035156,77.9000015258789,23104500,44.27071762084961
2011-11-21,76.52999877929688,77.33000183105469,76.05999755859375,76.91000366210938,20204200,43.70809173583984
2011-11-22,76.37999725341797,77.0999984741211,75.87999725341797,76.02999877929688,18925100,43.20797729492188
2011-11-23,75.02999877929688,75.31999969482422,74.52999877929688,74.58000183105469,23331800,42.38395309448242
2011-11-25,74.51000213623047,75.19999694824219,73.9000015258789,73.9000015258789,10254500,41.99750900268555
2011-11-28,75.83999633789062,76.51000213623047,75.33000183105469,75.83999633789062,20148600,43.10000991821289
2011-11-29,76.41000366210938,77.5,76.13999938964844,76.93000030517578,19768400,43.719459533691406
2011-11-30,78.41999816894531,80.52999877929688,78.37000274658203,80.44000244140625,33953000,45.71417617797852
2011-12-01,80.19999694824219,80.3499984741211,79.37000274658203,79.79000091552734,17261100,45.34479141235352
2011-12-02,80.66999816894531,80.73999786376953,79.6500015258789,79.79000091552734,19461300,45.34479141235352
2011-12-05,80.87999725341797,81.18000030517578,79.80000305175781,80.44999694824219,18295000,45.71987533569336
2011-12-06,80.62999725341797,81.63999938964844,80.29000091552734,80.81999969482422,20122700,45.93014526367188
2011-12-07,80.61000061035156,81.86000061035156,80.3499984741211,81.08000183105469,19643400,46.077911376953125
2011-12-08,80.75,80.8499984741211,79.55000305175781,79.87000274658203,18443600,45.390262603759766
2011-12-09,80.62999725341797,81.75,80.33999633789062,81.33999633789062,21842300,46.22565460205078
2011-12-12,80.7300033569336,81.08999633789062,79.20999908447266,80.05000305175781,17846500,45.492557525634766
2011-12-13,80.61000061035156,81.80999755859375,80.13999938964844,80.52999877929688,21873600,45.76533889770508
2011-12-14,79.58999633789062,80.16999816894531,78.66000366210938,79.44000244140625,23934400,45.14589691162109
2011-12-15,79.93000030517578,80.5999984741211,79.77999877929688,80.02999877929688,17954200,45.4811897277832
2011-12-16,80.73999786376953,80.91000366210938,79.87999725341797,80.16000366210938,33465700,45.55507659912109
2011-12-19,80.23999786376953,80.45999908447266,79.37999725341797,79.52999877929688,16048400,45.197025299072266
2011-12-20,80.66000366210938,82.0,80.61000061035156,82.0,21163300,46.60074234008789
2011-12-21,82.0199966430664,83.33999633789062,82.0,83.12000274658203,19160300,47.23727798461914
2011-12-22,83.55999755859375,84.83000183105469,83.30000305175781,84.29000091552734,19841300,47.90216445922852
2011-12-23,84.27999877929688,85.2300033569336,84.20999908447266,85.22000122070312,10243800,48.43066787719727
2011-12-27,84.97000122070312,85.62999725341797,84.94999694824219,85.27999877929688,10147100,48.46478271484375
2011-12-28,85.1500015258789,85.44000244140625,84.01000213623047,84.18000030517578,12767500,47.839637756347656
2011-12-29,84.08999633789062,85.33000183105469,84.08999633789062,85.2699966430664,10865900,48.4591064453125
2011-12-30,85.16000366210938,85.29000091552734,84.56999969482422,84.76000213623047,9768900,48.16926574707031
2012-01-03,85.97000122070312,86.66999816894531,85.9000015258789,86.0,20906800,48.87393569946289
2012-01-04,85.79000091552734,86.1500015258789,85.0999984741211,86.0199966430664,16130900,48.88530731201172
2012-01-05,85.63999938964844,85.94999694824219,84.91999816894531,85.76000213623047,17452800,48.73755645751953
2012-01-06,85.91999816894531,86.0,85.11000061035156,85.12000274658203,15942100,48.37384414672852
2012-01-09,85.0,85.63999938964844,84.97000122070312,85.5,11664200,48.58980178833008
2012-01-10,86.06999969482422,86.20999908447266,85.37999725341797,85.72000122070312,13080800,48.71481704711914
2012-01-11,85.0999984741211,85.4000015258789,84.47000122070312,85.08000183105469,14831400,48.35110855102539
2012-01-12,84.38999938964844,84.91999816894531,83.94000244140625,84.73999786376953,17357200,48.15789031982422
2012-01-13,84.16000366210938,84.91999816894531,83.81999969482422,84.87999725341797,15551600,48.23744201660156
2012-01-17,85.75,86.12999725341797,85.4000015258789,85.69000244140625,15627900,48.69777297973633
2012-01-18,85.30000305175781,86.5,84.95999908447266,86.44999694824219,16754200,49.129676818847656
2012-01-19,86.33999633789062,87.23999786376953,85.7699966430664,87.02999877929688,16383500,49.45931243896485
2012-01-20,87.08000183105469,87.48999786376953,86.72000122070312,87.48999786376953,19220300,49.72072982788086
2012-01-23,87.5,87.94000244140625,87.02999877929688,87.47000122070312,15348400,49.7093505859375
2012-01-24,87.08000183105469,87.22000122070312,86.66000366210938,87.18000030517578,12363800,49.54454040527344
2012-01-25,86.7699966430664,87.37999725341797,85.80999755859375,87.22000122070312,18202300,49.56726837158203
2012-01-26,87.63999938964844,87.70999908447266,86.51000213623047,86.7699966430664,15658200,49.311561584472656
2012-01-27,86.23999786376953,86.5,85.7699966430664,85.83000183105469,15976700,48.7773551940918
2012-01-30,85.2699966430664,85.5,84.58999633789062,85.48999786376953,17867000,48.58412170410156
2012-01-31,84.91999816894531,85.33999633789062,83.45999908447266,83.73999786376953,27225800,47.5895881652832
2012-02-01,84.2300033569336,84.55999755859375,83.37999725341797,83.97000122070312,22266100,47.720306396484375
2012-02-02,84.27999877929688,84.33999633789062,83.19000244140625,83.52999877929688,18020500,47.47026062011719
2012-02-03,84.23999786376953,85.0,84.05000305175781,84.91999816894531,16145400,48.26018524169922
2012-02-06,84.87000274658203,85.8499984741211,84.48999786376953,85.75,15000900,48.73188018798828
2012-02-07,85.22000122070312,86.44000244140625,84.94000244140625,86.33999633789062,15818400,49.067161560058594
2012-02-08,85.83000183105469,86.22000122070312,84.7300033569336,85.31999969482422,14762600,48.75288391113281
2012-02-09,85.33000183105469,85.69000244140625,84.66999816894531,84.87999725341797,17073400,48.50146484375
2012-02-10,84.0199966430664,84.0999984741211,83.3499984741211,83.80000305175781,15328900,47.88435363769531
2012-02-13,84.33999633789062,84.5999984741211,83.88999938964844,84.41999816894531,11473700,48.238616943359375
2012-02-14,84.41999816894531,84.70999908447266,83.8499984741211,84.66999816894531,12961900,48.38148498535156
2012-02-15,84.86000061035156,84.91999816894531,83.91000366210938,84.12000274658203,13911600,48.06721496582031
2012-02-16,84.44999694824219,85.62000274658203,84.08000183105469,85.41000366210938,14769600,48.80432891845703
2012-02-17,86.06999969482422,86.12000274658203,84.91999816894531,85.62000274658203,16597200,48.924312591552734
2012-02-21,86.04000091552734,86.77999877929688,86.04000091552734,86.56999969482422,15481300,49.46715545654297
2012-02-22,86.83999633789062,87.25,86.6500015258789,86.91999816894531,11983200,49.66716003417969
2012-02-23,86.58000183105469,87.16999816894531,86.47000122070312,87.0199966430664,12404600,49.72429275512695
2012-02-24,87.37000274658203,87.47000122070312,87.01000213623047,87.33999633789062,10767100,49.90715789794922
2012-02-27,87.1500015258789,87.83000183105469,86.77999877929688,87.2300033569336,13323500,49.84429931640625
2012-02-28,87.2300033569336,87.44000244140625,86.55000305175781,87.13999938964844,14317600,49.7928581237793
2012-02-29,87.44999694824219,87.48999786376953,86.20999908447266,86.5,18293200,49.42717361450195
2012-03-01,86.47000122070312,87.18000030517578,86.41000366210938,86.83000183105469,12638500,49.6157341003418
2012-03-02,86.66000366210938,86.75,85.8499984741211,86.33000183105469,11343400,49.33001708984375
2012-03-05,86.16999816894531,87.08999633789062,85.91000366210938,87.01000213623047,12803100,49.71860885620117
2012-03-06,86.23999786376953,86.4800033569336,85.41999816894531,85.86000061035156,16507900,49.061466217041016
2012-03-07,86.01000213623047,86.12000274658203,85.19000244140625,85.83000183105469,14767700,49.04433059692383
2012-03-08,85.0,85.47000122070312,84.62999725341797,84.83000183105469,19032000,48.47291564941406
2012-03-09,85.05999755859375,85.12999725341797,84.05000305175781,84.30000305175781,17042500,48.17005920410156
2012-03-12,84.5,85.75,84.12999725341797,85.55000305175781,19014000,48.88431930541992
2012-03-13,85.88999938964844,86.93000030517578,85.61000061035156,86.86000061035156,16853300,49.63289260864258
2012-03-14,86.58999633789062,86.83000183105469,85.73999786376953,86.0199966430664,16187300,49.15287399291992
2012-03-15,85.88999938964844,86.19999694824219,85.25,86.08999633789062,14523600,49.19287872314453
2012-03-16,86.19999694824219,86.88999938964844,85.91999816894531,86.44000244140625,30991300,49.39287567138672
2012-03-19,86.08000183105469,87.18000030517578,86.02999877929688,86.98999786376953,10770400,49.70716857910156
2012-03-20,86.45999908447266,87.0999984741211,86.31999969482422,86.5999984741211,13613800,49.48430633544922
2012-03-21,86.58999633789062,86.58999633789062,85.7699966430664,86.01000213623047,14212400,49.14717483520508
2012-03-22,85.4800033569336,85.94000244140625,85.0999984741211,85.33000183105469,13884400,48.75860977172852
2012-03-23,85.36000061035156,85.9800033569336,85.0199966430664,85.55000305175781,12557700,48.88431930541992
2012-03-26,86.18000030517578,87.25,86.06999969482422,87.02999877929688,17336800,49.73002243041992
2012-03-27,87.13999938964844,87.25,86.54000091552734,86.62000274658203,12509200,49.49575805664063
2012-03-28,86.36000061035156,86.4800033569336,85.13999938964844,85.86000061035156,16155300,49.061466217041016
2012-03-29,85.31999969482422,86.12999725341797,84.91000366210938,86.08000183105469,13199700,49.18717956542969
2012-03-30,86.4800033569336,86.76000213623047,86.08999633789062,86.7300033569336,12968300,49.5586051940918
2012-04-02,86.5999984741211,87.66999816894531,86.30999755859375,87.06999969482422,13853300,49.75287628173828
2012-04-03,86.75,86.77999877929688,85.0,85.83000183105469,17714900,49.04433059692383
2012-04-04,85.30000305175781,85.36000061035156,84.48999786376953,84.9800033569336,17112800,48.558631896972656
2012-04-05,84.55999755859375,85.37999725341797,84.3499984741211,84.81999969482422,11954700,48.4671745300293
2012-04-09,83.9800033569336,84.36000061035156,83.68000030517578,83.87999725341797,11027000,47.9300537109375
2012-04-10,83.75,83.75,81.87999725341797,82.16999816894531,19993700,46.95296096801758
2012-04-11,83.11000061035156,83.3499984741211,82.1500015258789,82.69999694824219,15856200,47.25578689575195
2012-04-12,82.6500015258789,83.7300033569336,82.36000061035156,83.5999984741211,15266200,47.77007675170898
2012-04-13,82.97000122070312,83.69000244140625,82.86000061035156,82.94999694824219,13856500,47.39864730834961
2012-04-16,83.23999786376953,84.38999938964844,83.12999725341797,84.01000213623047,17526100,48.00433349609375
2012-04-17,84.6500015258789,85.5999984741211,84.56999969482422,85.44999694824219,14208000,48.827178955078125
2012-04-18,85.05999755859375,86.05000305175781,85.0199966430664,85.75,12997500,48.99860763549805
2012-04-19,85.51000213623047,85.91999816894531,84.9800033569336,85.27999877929688,15973800,48.73004913330078
2012-04-20,85.55000305175781,85.91999816894531,85.02999877929688,85.30000305175781,17216600,48.74147033691406
2012-04-23,84.52999877929688,85.93000030517578,84.38999938964844,85.69000244140625,15197200,48.96431350708008
2012-04-24,85.63999938964844,86.38999938964844,85.63999938964844,86.30999755859375,11632500,49.31859588623047
2012-04-25,86.6500015258789,87.18000030517578,85.72000122070312,86.8499984741211,18476800,49.62715148925781
2012-04-26,85.27999877929688,86.19999694824219,85.1500015258789,86.06999969482422,17262400,49.18144989013672
2012-04-27,86.5,86.69000244140625,85.95999908447266,86.08000183105469,11372900,49.18717956542969
2012-04-30,85.95999908447266,86.80000305175781,85.87000274658203,86.33999633789062,11735400,49.335723876953125
2012-05-01,86.45999908447266,87.5199966430664,86.12999725341797,87.04000091552734,13816900,49.735721588134766
2012-05-02,86.55999755859375,86.6500015258789,85.83000183105469,86.19999694824219,11108700,49.25575256347656
2012-05-03,86.36000061035156,86.38999938964844,85.30999755859375,85.6500015258789,9998600,48.94145965576172
2012-05-04,85.11000061035156,85.30999755859375,84.4000015258789,84.56999969482422,15055500,48.32432556152344
2012-05-07,84.29000091552734,84.79000091552734,84.0999984741211,84.4800033569336,12018100,48.27291870117188
2012-05-08,83.75,84.26000213623047,82.91999816894531,84.0199966430664,19602400,48.01005554199219
2012-05-09,83.04000091552734,84.06999969482422,82.87999725341797,83.30999755859375,17424000,47.6043586730957
2012-05-10,83.37000274658203,83.58999633789062,82.55000305175781,82.83999633789062,13234600,47.66189956665039
2012-05-11,82.69000244140625,83.79000091552734,82.54000091552734,83.0999984741211,12061700,47.81149673461914
2012-05-14,82.2699966430664,82.45999908447266,81.95999908447266,82.12000274658203,12675900,47.24765396118164
2012-05-15,82.0,82.7300033569336,81.52999877929688,81.79000091552734,15757400,47.05778121948242
2012-05-16,81.95999908447266,83.1500015258789,81.79000091552734,82.16999816894531,15034500,47.27641677856445
2012-05-17,82.1500015258789,82.61000061035156,81.68000030517578,81.91000366210938,17698200,47.1268196105957
2012-05-18,82.37000274658203,82.72000122070312,81.02999877929688,81.47000122070312,21747200,46.87366485595703
2012-05-21,81.41999816894531,82.12999725341797,81.06999969482422,82.04000091552734,13730400,47.20161056518555
2012-05-22,82.13999938964844,82.83999633789062,81.5199966430664,81.94999694824219,13790000,47.14982604980469
2012-05-23,81.79000091552734,82.08000183105469,79.95999908447266,82.04000091552734,17582200,47.20161056518555
2012-05-24,82.29000091552734,82.77999877929688,81.70999908447266,82.61000061035156,14113600,47.529563903808594
2012-05-25,82.86000061035156,82.95999908447266,81.68000030517578,82.08000183105469,12756500,47.22461700439453
2012-05-29,82.63999938964844,82.63999938964844,81.31999969482422,81.93000030517578,15931100,47.13833236694336
2012-05-30,81.08000183105469,81.37999725341797,79.58999633789062,79.79000091552734,19593100,45.90706634521485
2012-05-31,79.87999725341797,80.13999938964844,78.41000366210938,78.62999725341797,38954600,45.23966979980469
2012-06-01,77.87000274658203,78.55999755859375,77.47000122070312,77.91999816894531,22870900,44.831180572509766
2012-06-04,78.08999633789062,78.25,77.19999694824219,77.83000183105469,17711200,44.77940368652344
2012-06-05,77.58999633789062,78.29000091552734,77.12999725341797,77.5999984741211,17715600,44.64705276489258
2012-06-06,78.37000274658203,80.23999786376953,78.08000183105469,80.18000030517578,23880900,46.131473541259766
2012-06-07,80.9800033569336,81.2300033569336,80.3499984741211,80.69000244140625,18409400,46.424896240234375
2012-06-08,80.08000183105469,80.91999816894531,79.45999908447266,80.83999633789062,18150000,46.511192321777344
2012-06-11,81.62000274658203,81.8499984741211,80.16999816894531,80.2699966430664,18031800,46.1832389831543
2012-06-12,80.73999786376953,81.51000213623047,80.62000274658203,81.26000213623047,14162100,46.75285339355469
2012-06-13,80.94000244140625,81.63999938964844,80.27999877929688,80.62999725341797,15098100,46.39037322998047
2012-06-14,80.86000061035156,82.5,80.7300033569336,82.12999725341797,16942300,47.25338745117188
2012-06-15,82.56999969482422,83.44999694824219,82.22000122070312,83.22000122070312,27342800,47.88052749633789
2012-06-18,82.51000213623047,83.18000030517578,82.3499984741211,83.11000061035156,13885100,47.81722640991211
2012-06-19,83.7300033569336,84.62999725341797,83.30999755859375,84.4800033569336,21053300,48.60547256469727
2012-06-20,84.4000015258789,85.38999938964844,84.05999755859375,84.97000122070312,23274300,48.88739013671875
2012-06-21,85.04000091552734,85.37000274658203,82.05000305175781,82.11000061035156,33751900,47.24189758300781
2012-06-22,82.68000030517578,83.22000122070312,82.11000061035156,82.11000061035156,84747800,47.24189758300781
2012-06-25,81.22000122070312,81.43000030517578,79.77999877929688,81.23999786376953,28761600,46.7413330078125
2012-06-26,81.51000213623047,82.97000122070312,81.20999908447266,82.4000015258789,22853700,47.40873336791992
2012-06-27,82.80999755859375,83.66000366210938,82.70999908447266,83.19999694824219,15301400,47.8690299987793
2012-06-28,82.66000366210938,83.45999908447266,82.0199966430664,83.0999984741211,19140300,47.81149673461914
2012-06-29,84.77999877929688,85.69999694824219,84.45999908447266,85.56999969482422,24906300,49.23258972167969
2012-07-02,85.44000244140625,85.47000122070312,84.54000091552734,85.33999633789062,14447800,49.10026168823242
2012-07-03,85.69000244140625,86.27999877929688,85.62000274658203,86.27999877929688,9787700,49.64108657836914
2012-07-05,85.33000183105469,86.04000091552734,85.1500015258789,85.56999969482422,10797100,49.23258972167969
2012-07-06,84.26000213623047,85.04000091552734,84.19999694824219,84.80000305175781,13259400,48.78956604003906
2012-07-09,84.5199966430664,84.55000305175781,83.0199966430664,83.6500015258789,22361600,48.12792205810547
2012-07-10,84.08000183105469,84.38999938964844,82.83000183105469,83.11000061035156,14106100,47.81722640991211
2012-07-11,83.4800033569336,84.68000030517578,83.23999786376953,84.37999725341797,18337600,48.54793167114258
2012-07-12,83.41000366210938,84.55000305175781,83.31999969482422,84.12000274658203,15566400,48.39834976196289
2012-07-13,84.44999694824219,85.56999969482422,84.26000213623047,85.47000122070312,13642000,49.17506408691406
2012-07-16,84.83000183105469,85.41999816894531,84.66000366210938,85.05000305175781,11269200,48.93341827392578
2012-07-17,85.18000030517578,85.81999969482422,84.0999984741211,85.7300033569336,14059400,49.32466125488281
2012-07-18,85.33999633789062,86.22000122070312,85.06999969482422,86.20999908447266,14203500,49.6008186340332
2012-07-19,86.0199966430664,86.37999725341797,85.62000274658203,86.20999908447266,14902300,49.6008186340332
2012-07-20,85.87000274658203,86.1500015258789,85.2699966430664,85.94999694824219,16838300,49.45122909545898
2012-07-23,84.80000305175781,85.45999908447266,84.33000183105469,85.20999908447266,13597800,49.02546691894531
2012-07-24,85.20999908447266,85.26000213623047,83.5,84.58000183105469,13948300,48.66300964355469
2012-07-25,85.13999938964844,85.55000305175781,84.66000366210938,85.23999786376953,16566000,49.042728424072266
2012-07-26,85.55999755859375,86.69999694824219,85.26000213623047,86.5199966430664,19149300,49.77919006347656
2012-07-27,86.58999633789062,87.8499984741211,85.5,87.44999694824219,24079300,50.31425476074219
2012-07-30,87.27999877929688,87.83000183105469,87.08000183105469,87.55999755859375,11183500,50.37752532958984
2012-07-31,87.37000274658203,87.66000366210938,86.79000091552734,86.8499984741211,12212200,49.96903610229492
2012-08-01,87.0199966430664,87.44999694824219,86.18000030517578,86.91000366210938,14312300,50.00355911254883
2012-08-02,86.0999984741211,86.75,85.5,85.87999725341797,14530100,49.41096115112305
2012-08-03,87.06999969482422,87.88999938964844,86.80000305175781,87.55000305175781,13982500,50.37179183959961
2012-08-06,87.55000305175781,87.87999725341797,87.37000274658203,87.44999694824219,9626400,50.31425476074219
2012-08-07,87.87999725341797,88.0,87.68000030517578,87.91999816894531,12399800,50.58465194702149
2012-08-08,87.75,88.5,87.68000030517578,88.27999877929688,12864500,50.791786193847656
2012-08-09,87.83999633789062,88.4800033569336,87.51000213623047,88.19999694824219,12213700,51.075531005859375
2012-08-10,87.66999816894531,88.48999786376953,87.1500015258789,88.44000244140625,11149000,51.21453475952149
2012-08-13,88.0999984741211,88.23999786376953,87.7699966430664,88.13999938964844,8716300,51.04079818725586
2012-08-14,88.16999816894531,88.63999938964844,87.9000015258789,88.19999694824219,8675700,51.075531005859375
2012-08-15,88.19000244140625,88.66999816894531,87.91000366210938,88.0,8510100,50.959720611572266
2012-08-16,88.19000244140625,88.87000274658203,87.95999908447266,88.66999816894531,11311300,51.34772109985352
2012-08-17,88.88999938964844,88.91000366210938,88.16000366210938,88.4000015258789,11177700,51.191368103027344
2012-08-20,88.06999969482422,88.22000122070312,87.62999725341797,87.94999694824219,8813700,50.930755615234375
2012-08-21,88.13999938964844,88.41000366210938,87.26000213623047,87.45999908447266,10767100,50.64703369140625
2012-08-22,87.19999694824219,87.91000366210938,87.0199966430664,87.7300033569336,10160400,50.80338287353516
2012-08-23,87.79000091552734,87.79000091552734,86.9800033569336,87.30999755859375,9666300,50.560150146484375
2012-08-24,87.16000366210938,88.30000305175781,86.93000030517578,88.05000305175781,9762300,50.98868179321289
2012-08-27,88.06999969482422,88.19999694824219,87.61000061035156,87.73999786376953,8252100,50.80916213989258
2012-08-28,87.56999969482422,88.4000015258789,87.41999816894531,88.0999984741211,9646800,51.01764678955078
2012-08-29,88.06999969482422,88.19000244140625,87.73999786376953,87.9000015258789,8377300,50.90182876586914
2012-08-30,87.37999725341797,87.7300033569336,87.0199966430664,87.19999694824219,8915800,50.4964599609375
2012-08-31,87.61000061035156,87.8499984741211,87.13999938964844,87.30000305175781,14178800,50.55435180664063
2012-09-04,87.33000183105469,87.45999908447266,86.5199966430664,87.12000274658203,10602900,50.450138092041016
2012-09-05,87.5199966430664,87.6500015258789,87.05999755859375,87.33000183105469,10113100,50.57173538208008
2012-09-06,87.88999938964844,89.25,87.8499984741211,88.98999786376953,15713500,51.533016204833984
2012-09-07,89.2699966430664,90.0,89.2699966430664,89.91999816894531,15623900,52.07159805297852
2012-09-10,89.81999969482422,90.0,89.4000015258789,89.4800033569336,10750700,51.81676864624024
2012-09-11,89.75,89.94999694824219,89.55000305175781,89.62000274658203,9349400,51.89786148071289
2012-09-12,89.62999725341797,89.9000015258789,89.41000366210938,89.55000305175781,9982900,51.85732650756836
2012-09-13,89.70999908447266,91.55999755859376,89.43000030517578,91.2300033569336,19870900,52.83018493652344
2012-09-14,91.5,92.4000015258789,91.25,92.3000030517578,21388800,53.44977951049805
2012-09-17,91.91999816894533,92.5,91.5500030517578,91.91000366210938,11893700,53.22395706176758
2012-09-18,91.43000030517578,92.22000122070312,91.4000015258789,91.6500015258789,10950100,53.07339477539063
2012-09-19,91.4800033569336,91.75,90.56999969482422,90.56999969482422,16302100,52.44797897338867
2012-09-20,90.13999938964844,91.69000244140624,90.08999633789062,91.5199966430664,12238400,52.99810409545898
2012-09-21,92.02999877929688,92.2300033569336,91.63999938964844,91.91999816894533,19599100,53.229740142822266
2012-09-24,91.30999755859376,92.20999908447266,91.3000030517578,91.87999725341795,11023700,53.20658493041992
2012-09-25,92.11000061035156,92.56999969482422,91.54000091552734,91.73999786376952,14035800,53.1255111694336
2012-09-26,91.72000122070312,92.04000091552734,91.0999984741211,91.2300033569336,11616500,52.83018493652344
2012-09-27,91.83000183105467,92.25,91.19000244140624,91.8000030517578,10632700,53.16025924682617
2012-09-28,91.4800033569336,91.6500015258789,90.93000030517578,91.4499969482422,12507600,52.95756530761719
2012-10-01,91.79000091552734,92.5,91.5999984741211,91.8000030517578,10343500,53.16025924682617
2012-10-02,92.12000274658205,92.18000030517578,91.27999877929688,91.72000122070312,9507800,53.11394119262695
2012-10-03,91.6500015258789,91.80999755859376,91.16999816894533,91.6999969482422,10328100,53.10234451293945
2012-10-04,92.08000183105467,92.54000091552734,91.91000366210938,92.22000122070312,11507100,53.40348052978516
2012-10-05,92.58999633789062,93.0,92.2300033569336,92.5500030517578,9890100,53.59458541870117
2012-10-08,92.1500015258789,92.87000274658205,92.04000091552734,92.68000030517578,8765200,53.66986083984375
2012-10-09,92.83000183105467,93.36000061035156,92.11000061035156,92.12999725341795,13799200,53.35137176513672
2012-10-10,91.8000030517578,92.0199966430664,90.66999816894533,91.02999877929688,15332500,52.71435928344727
2012-10-11,91.56999969482422,91.87999725341795,91.16999816894533,91.16999816894533,9789900,52.79542922973633
2012-10-12,91.51000213623048,91.72000122070312,90.51000213623048,91.02999877929688,9943700,52.71435928344727
2012-10-15,91.3499984741211,91.69000244140624,90.54000091552734,91.51000213623048,10651100,52.99234008789063
2012-10-16,91.88999938964844,92.4800033569336,91.8000030517578,92.37999725341795,9069300,53.49611282348633
2012-10-17,92.62000274658205,93.54000091552734,92.61000061035156,93.38999938964844,10759100,54.08100509643555
2012-10-18,92.97000122070312,93.56999969482422,92.97000122070312,93.4800033569336,11815500,54.133148193359375
2012-10-19,93.56999969482422,93.66999816894533,91.75,92.1500015258789,15928100,53.36295700073242
2012-10-22,91.66999816894533,92.26000213623048,91.08000183105467,92.19000244140624,11445400,53.38610076904297
2012-10-23,91.12999725341795,91.37999725341795,90.01000213623047,90.18000030517578,14085500,52.22213363647461
2012-10-24,90.45999908447266,90.62000274658205,89.7699966430664,89.87999725341797,11332500,52.04841613769531
2012-10-25,90.62999725341795,90.8000030517578,89.68000030517578,90.43000030517578,10387200,52.366920471191406
2012-10-26,90.55999755859376,91.06999969482422,90.01000213623047,90.62000274658205,11583000,52.47694778442383
2012-10-31,91.02999877929688,91.41000366210938,90.11000061035156,91.16999816894533,14848500,52.79542922973633
2012-11-01,90.25,91.66999816894533,90.1999969482422,91.5999984741211,15771900,53.04443740844727
2012-11-02,91.76000213623048,91.94000244140624,90.05999755859375,90.2699966430664,12742400,52.27425765991211
2012-11-05,90.04000091552734,90.80999755859376,89.69999694824219,90.62999725341795,11222600,52.48271560668945
2012-11-06,90.86000061035156,92.0500030517578,90.7300033569336,91.61000061035156,12026500,53.05022811889648
2012-11-07,90.23999786376952,90.23999786376952,87.69999694824219,88.18000030517578,19423500,51.3836784362793
2012-11-08,88.2699966430664,88.43000030517578,87.02999877929688,87.06999969482422,13743000,50.73685073852539
2012-11-09,86.61000061035156,87.94999694824219,86.61000061035156,87.20999908447266,13407000,50.818450927734375
2012-11-12,87.2699966430664,87.69000244140625,86.94999694824219,87.31999969482422,9004300,50.88253784179688
2012-11-13,86.75,87.98999786376953,86.44000244140625,86.47000122070312,12260300,50.387237548828125
2012-11-14,86.75,87.11000061035156,85.87999725341797,86.06999969482422,14524100,50.15414047241211
2012-11-15,86.08999633789062,86.55999755859375,85.37000274658203,86.13999938964844,13783600,50.19495391845703
2012-11-16,86.13999938964844,86.70999908447266,85.05999755859375,86.44999694824219,17405200,50.375579833984375
2012-11-19,87.4000015258789,88.19999694824219,87.08999633789062,87.66999816894531,12911000,51.08649826049805
2012-11-20,87.51000213623047,87.87999725341797,86.7699966430664,87.5,10288100,50.987422943115234
2012-11-21,87.80999755859375,88.0199966430664,87.4800033569336,88.01000213623047,13905300,51.28460311889648
2012-11-23,88.25,89.08999633789062,88.01000213623047,89.08999633789062,11931000,51.91392135620117
2012-11-26,88.31999969482422,88.62999725341797,88.02999877929688,88.62000274658203,16423600,51.64007186889648
2012-11-27,88.4000015258789,88.54000091552734,87.23999786376953,87.3499984741211,11841600,50.90001678466797
2012-11-28,86.52999877929688,88.19000244140625,86.27999877929688,88.0999984741211,15959900,51.33705520629883
2012-11-29,88.37000274658203,88.69000244140625,87.62999725341797,88.12000274658203,11579100,51.348731994628906
2012-11-30,88.06999969482422,88.4000015258789,87.81999969482422,88.13999938964844,15522100,51.36037063598633
2012-12-03,88.55000305175781,88.58000183105469,87.47000122070312,87.61000061035156,10937300,51.05153274536133
2012-12-04,87.37999725341797,87.97000122070312,87.19000244140625,87.19000244140625,11980000,50.806785583496094
2012-12-05,87.2699966430664,88.2699966430664,87.0999984741211,87.7300033569336,12717800,51.12144470214844
2012-12-06,87.76000213623047,88.05999755859375,87.23999786376953,88.0,12077000,51.27879333496094
2012-12-07,88.16999816894531,88.63999938964844,87.7699966430664,88.5999984741211,10603100,51.62842559814453
2012-12-10,88.58000183105469,88.94999694824219,88.23999786376953,88.41000366210938,11549400,51.517704010009766
2012-12-11,88.61000061035156,89.48999786376953,88.4000015258789,88.98999786376953,12634600,51.85567092895508
2012-12-12,89.08999633789062,90.37000274658205,88.91000366210938,89.44999694824219,14729500,52.12371826171875
2012-12-13,89.16000366210938,89.44999694824219,88.2699966430664,88.58000183105469,12290300,51.61676406860352
2012-12-14,88.0,88.44999694824219,87.91999816894531,88.08000183105469,13363600,51.32540512084961
2012-12-17,88.36000061035156,88.94000244140625,88.0999984741211,88.87000274658203,15672500,51.7857551574707
2012-12-18,88.75,89.73999786376953,88.55999755859375,89.55999755859375,15396600,52.18783187866211
2012-12-19,89.54000091552734,89.61000061035156,88.37999725341797,88.44000244140625,15092500,51.53516006469727
2012-12-20,88.37999725341797,88.94000244140625,87.9800033569336,88.88999938964844,15789000,51.797401428222656
2012-12-21,87.66000366210938,88.5999984741211,87.01000213623047,87.2300033569336,33057000,50.83009338378906
2012-12-24,87.12999725341797,87.31999969482422,86.80000305175781,86.91999816894531,6385200,50.64945983886719
2012-12-26,87.20999908447266,87.68000030517578,86.56999969482422,87.06999969482422,10737800,50.73685073852539
2012-12-27,87.05000305175781,87.23999786376953,85.75,86.86000061035156,14258500,50.61448669433594
2012-12-28,86.0999984741211,86.29000091552734,85.06999969482422,85.0999984741211,13358700,49.58891677856445
2012-12-31,85.04000091552734,86.66000366210938,84.69999694824219,86.55000305175781,19810800,50.43385314941406
2013-01-02,87.79000091552734,88.72000122070312,87.23999786376953,88.70999908447266,16143700,51.692501068115234
2013-01-03,88.45999908447266,88.88999938964844,88.16000366210938,88.55000305175781,13268200,51.59927749633789
2013-01-04,88.5,89.08999633789062,88.37000274658203,88.95999908447266,11427900,51.83819580078125
2013-01-07,88.30999755859375,88.48999786376953,87.56999969482422,87.93000030517578,11799800,51.23798751831055
2013-01-08,87.81999969482422,88.4800033569336,87.29000091552734,88.4800033569336,14226400,51.55849456787109
2013-01-09,88.4000015258789,88.54000091552734,87.75,88.13999938964844,10892200,51.36037063598633
2013-01-10,88.75,89.4800033569336,88.37000274658203,89.0999984741211,13099600,51.91977691650391
2013-01-11,88.97000122070312,89.70999908447266,88.86000061035156,89.61000061035156,11645600,52.21693801879883
2013-01-14,89.45999908447266,89.75,89.31999969482422,89.58000183105469,9606700,52.1994743347168
2013-01-15,89.18000030517578,89.61000061035156,89.0,89.52999877929688,9195400,52.17032623291016
2013-01-16,89.16000366210938,89.4800033569336,89.06999969482422,89.47000122070312,9645000,52.13536834716797
2013-01-17,89.76000213623047,90.94000244140624,89.5999984741211,90.1999969482422,13400300,52.56075668334961
2013-01-18,90.08999633789062,90.83000183105467,89.83000183105469,90.8000030517578,17196000,52.910377502441406
2013-01-22,90.2699966430664,90.94000244140624,90.20999908447266,90.91999816894533,11897500,52.98030090332031
2013-01-23,90.5,90.87999725341795,90.41999816894533,90.6999969482422,10906800,52.85210800170898
2013-01-24,90.87999725341795,91.72000122070312,90.75,91.3499984741211,11100000,53.23088073730469
2013-01-25,91.56999969482422,91.8000030517578,91.12999725341795,91.7300033569336,11090600,53.45227813720703
2013-01-28,91.66999816894533,91.66999816894533,90.7699966430664,91.11000061035156,11617500,53.091007232666016
2013-01-29,91.20999908447266,91.93000030517578,91.1999969482422,91.76000213623048,11700600,53.46979522705078
2013-01-30,91.16999816894533,91.72000122070312,90.37999725341795,90.66999816894533,15645400,52.83462905883789
2013-01-31,90.69000244140624,91.20999908447266,89.73999786376953,89.97000122070312,15991500,52.42671203613281
2013-02-01,90.44000244140624,90.5,89.36000061035156,90.04000091552734,15699200,52.467529296875
2013-02-04,89.41000366210938,89.62000274658203,88.83999633789062,89.1500015258789,13347300,51.94889450073242
2013-02-05,89.87999725341797,90.19000244140624,89.41999816894531,89.73999786376953,11679700,52.29270935058594
2013-02-06,89.37000274658203,89.88999938964844,89.16000366210938,89.79000091552734,11768700,52.32183837890625
2013-02-07,89.20999908447266,89.22000122070312,87.61000061035156,88.25,13463300,51.75300979614258
2013-02-08,88.5,88.80000305175781,88.11000061035156,88.61000061035156,11412300,51.964088439941406
2013-02-11,88.3499984741211,88.51000213623047,87.97000122070312,88.27999877929688,8764700,51.77058792114258
2013-02-12,88.25,88.62000274658203,87.91999816894531,88.45999908447266,9752100,51.87613677978516
2013-02-13,88.45999908447266,88.7699966430664,88.23999786376953,88.66999816894531,8940300,51.999305725097656
2013-02-14,88.33999633789062,88.80999755859375,88.05999755859375,88.5199966430664,13238900,51.91131591796875
2013-02-15,88.56999969482422,88.61000061035156,87.80000305175781,88.36000061035156,15696900,51.817501068115234
2013-02-19,88.54000091552734,89.41000366210938,88.37999725341797,89.31999969482422,12158900,52.38048553466797
2013-02-20,89.13999938964844,89.81999969482422,88.9000015258789,88.97000122070312,13936400,52.17522811889648
2013-02-21,88.79000091552734,89.0199966430664,88.36000061035156,88.58999633789062,10939800,51.95238876342773
2013-02-22,89.0199966430664,89.27999877929688,88.4000015258789,89.19999694824219,10260200,52.310096740722656
2013-02-25,89.87999725341797,90.19000244140624,87.69999694824219,87.69999694824219,15302900,51.43046569824219
2013-02-26,88.5,88.9800033569336,87.76000213623047,88.51000213623047,15073200,51.90545654296875
2013-02-27,88.5,89.6500015258789,88.30999755859375,89.52999877929688,11195200,52.50362777709961
2013-02-28,89.66999816894531,89.80999755859375,89.02999877929688,89.55000305175781,14552000,52.51536178588867
2013-03-01,89.06999969482422,89.68000030517578,88.91999816894531,89.43000030517578,11301600,52.44501876831055
2013-03-04,89.12999725341797,89.25,88.45999908447266,88.94999694824219,10994000,52.16349029541016
2013-03-05,89.4800033569336,90.1500015258789,89.29000091552734,89.61000061035156,13072600,52.550540924072266
2013-03-06,89.5999984741211,89.94999694824219,89.05000305175781,89.55999755859375,13234400,52.521244049072266
2013-03-07,89.62999725341797,89.76000213623047,88.68000030517578,88.70999908447266,12905300,52.02275085449219
2013-03-08,89.01000213623047,89.2300033569336,88.3499984741211,88.97000122070312,11896300,52.17522811889648
2013-03-11,89.01000213623047,89.55000305175781,88.54000091552734,89.16000366210938,12454800,52.286659240722656
2013-03-12,89.44999694824219,89.91000366210938,89.01000213623047,89.16000366210938,11470000,52.286659240722656
2013-03-13,89.0199966430664,89.5,88.83000183105469,89.26000213623047,10539900,52.34530258178711
2013-03-14,89.41000366210938,89.91000366210938,89.41000366210938,89.83000183105469,13775500,52.679569244384766
2013-03-15,89.19999694824219,89.61000061035156,88.79000091552734,89.37000274658203,29240100,52.40983200073242
2013-03-18,88.73999786376953,89.38999938964844,88.55000305175781,88.7699966430664,11553700,52.05793762207031
2013-03-19,88.88999938964844,89.08999633789062,88.0199966430664,88.58000183105469,11987900,51.94652938842773
2013-03-20,88.94999694824219,89.20999908447266,88.30000305175781,88.62999725341797,11319000,51.975852966308594
2013-03-21,88.12000274658203,88.63999938964844,87.9000015258789,88.16999816894531,13447500,51.70608139038086
2013-03-22,88.4000015258789,89.29000091552734,88.31999969482422,89.29000091552734,10786600,52.362892150878906
2013-03-25,89.5,89.9000015258789,88.66000366210938,89.0199966430664,12900800,52.20455932617188
2013-03-26,89.41000366210938,90.3000030517578,89.36000061035156,90.12999725341795,12329600,52.85551071166992
2013-03-27,89.55999755859375,90.73999786376952,89.47000122070312,90.58000183105467,12350800,53.11939239501953
2013-03-28,90.63999938964844,90.9800033569336,89.98999786376953,90.11000061035156,17485200,52.8437728881836
2013-04-01,90.12999725341795,90.98999786376952,89.9800033569336,90.7699966430664,9414200,53.2308235168457
2013-04-02,90.58999633789062,90.91999816894533,90.27999877929688,90.58000183105467,9991800,53.11939239501953
2013-04-03,90.6500015258789,90.83000183105467,89.86000061035156,89.93000030517578,12197100,52.73820877075195
2013-04-04,90.0999984741211,90.33000183105467,89.22000122070312,89.7699966430664,11582000,52.64439010620117
2013-04-05,88.61000061035156,89.20999908447266,88.4000015258789,89.01000213623047,12771600,52.19868087768555
2013-04-08,89.11000061035156,89.11000061035156,88.1500015258789,88.5999984741211,11013900,51.9582633972168
2013-04-09,88.69000244140625,89.33999633789062,88.58999633789062,88.7699966430664,10753400,52.05793762207031
2013-04-10,88.44999694824219,89.16000366210938,88.19999694824219,88.68000030517578,14823700,52.00517654418945
2013-04-11,88.94999694824219,89.2699966430664,88.2300033569336,89.22000122070312,14979900,52.32184219360352
2013-04-12,88.87999725341797,89.19000244140625,88.41000366210938,88.98999786376953,11505100,52.18696212768555
2013-04-15,88.29000091552734,88.66999816894531,86.2699966430664,86.48999786376953,19626200,50.72086715698242
2013-04-16,87.19000244140625,87.2300033569336,86.08999633789062,86.61000061035156,14578800,50.79124450683594
2013-04-17,86.20999908447266,86.37999725341797,85.0199966430664,86.08000183105469,17341200,50.48042678833008
2013-04-18,86.27999877929688,87.08000183105469,85.77999877929688,86.62000274658203,14730400,50.7971076965332
2013-04-19,87.2699966430664,87.48999786376953,86.43000030517578,87.44999694824219,18393300,51.28386306762695
2013-04-22,87.61000061035156,88.31999969482422,87.29000091552734,88.08999633789062,11262000,51.65914916992188
2013-04-23,88.38999938964844,89.48999786376953,87.94000244140625,89.30000305175781,15567700,52.36874008178711
2013-04-24,89.44999694824219,89.88999938964844,89.3499984741211,89.43000030517578,13028800,52.44501876831055
2013-04-25,88.88999938964844,88.9000015258789,87.6500015258789,88.06999969482422,16328700,51.64742660522461
2013-04-26,87.80999755859375,88.27999877929688,87.5999984741211,88.0,10791800,51.60639572143555
2013-04-29,88.26000213623047,88.83000183105469,88.01000213623047,88.20999908447266,11093000,51.72952651977539
2013-04-30,88.26000213623047,88.98999786376953,87.76000213623047,88.98999786376953,14572600,52.18696212768555
2013-05-01,88.5199966430664,88.83999633789062,87.4800033569336,87.51000213623047,11616500,51.319034576416016
2013-05-02,87.9800033569336,88.83999633789062,87.73999786376953,88.62999725341797,11330100,51.975852966308594
2013-05-03,89.0,90.19000244140624,88.91999816894531,90.0199966430664,13036600,52.79097366333008
2013-05-06,90.25,90.87999725341795,89.93000030517578,90.58000183105467,10613400,53.11939239501953
2013-05-07,90.62000274658205,91.1500015258789,90.13999938964844,91.1500015258789,11088900,53.45366287231445
2013-05-08,91.0500030517578,91.8499984741211,91.02999877929688,91.6999969482422,13638300,53.77621078491211
2013-05-09,91.13999938964844,91.55999755859376,90.69000244140624,91.02999877929688,13771900,53.7525749206543
2013-05-10,90.87000274658205,90.9499969482422,89.79000091552734,90.13999938964844,10975400,53.2270393371582
2013-05-13,89.80000305175781,90.13999938964844,89.43000030517578,90.0999984741211,9810100,53.20343017578125
2013-05-14,90.1500015258789,91.19000244140624,90.0199966430664,91.11000061035156,9890300,53.79981994628906
2013-05-15,90.63999938964844,91.31999969482422,90.41000366210938,91.23999786376952,10399400,53.8765869140625
2013-05-16,90.8000030517578,91.29000091552734,90.5,90.6999969482422,10469600,53.557716369628906
2013-05-17,91.06999969482422,91.87999725341795,90.52999877929688,91.76000213623048,12721300,54.18363952636719
2013-05-20,91.61000061035156,92.69000244140624,91.45999908447266,92.5199966430664,12417700,54.632415771484375
2013-05-21,92.66999816894533,93.43000030517578,92.37999725341795,92.8000030517578,12519900,54.79774475097656
2013-05-22,92.83000183105467,93.5,91.80999755859376,92.19000244140624,19253300,54.43754959106445
2013-05-23,91.55999755859376,92.36000061035156,91.36000061035156,91.79000091552734,15357300,54.20137023925781
2013-05-24,91.37999725341795,91.7699966430664,91.0,91.52999877929688,12771900,54.0478401184082
2013-05-28,92.94000244140624,93.18000030517578,91.76000213623048,92.37999725341795,15197800,54.54973602294922
2013-05-29,91.76000213623048,92.41999816894533,91.58999633789062,92.08000183105467,11563200,54.37260818481445
2013-05-30,91.97000122070312,92.68000030517578,91.5999984741211,92.08999633789062,9734700,54.378509521484375
2013-05-31,91.9499969482422,92.37000274658205,90.45999908447266,90.47000122070312,17917400,53.421913146972656
2013-06-03,90.52999877929688,91.51000213623048,90.4800033569336,91.45999908447266,14177500,54.006492614746094
2013-06-04,91.18000030517578,91.48999786376952,90.22000122070312,90.79000091552734,12481300,53.6108627319336
2013-06-05,90.68000030517578,91.12000274658205,89.61000061035156,89.6500015258789,12888000,52.93770980834961
2013-06-06,89.44999694824219,90.2300033569336,89.0,90.2300033569336,15393300,53.28017425537109
2013-06-07,90.88999938964844,91.5,90.48999786376952,91.4499969482422,12504700,54.00059127807617
2013-06-10,91.93000030517578,91.94000244140624,90.87000274658205,91.12000274658205,10372300,53.80572891235352
2013-06-11,90.37999725341795,91.04000091552734,90.2300033569336,90.45999908447266,10739400,53.415977478027344
2013-06-12,91.12999725341795,91.31999969482422,89.58999633789062,89.73999786376953,10864500,52.990848541259766
2013-06-13,89.62999725341797,91.70999908447266,89.61000061035156,91.33000183105467,13501300,53.9297103881836
2013-06-14,91.16000366210938,91.3000030517578,90.29000091552734,90.58000183105467,12158400,53.48686599731445
2013-06-17,90.97000122070312,91.7699966430664,90.7699966430664,91.51000213623048,12026400,54.03601837158203
2013-06-18,91.36000061035156,92.05999755859376,91.26000213623048,91.93000030517578,10678200,54.284027099609375
2013-06-19,91.79000091552734,92.2699966430664,91.0,91.0,14189500,53.73487091064453
2013-06-20,90.23999786376952,90.5199966430664,88.79000091552734,89.05000305175781,21077700,52.58339309692383
2013-06-21,89.76000213623047,90.13999938964844,88.8499984741211,89.4800033569336,25493800,52.83732223510742
2013-06-24,88.94999694824219,89.5,88.0199966430664,88.4800033569336,17653000,52.24683380126953
2013-06-25,89.58000183105469,89.62000274658203,88.4800033569336,89.11000061035156,15790100,52.61882781982422
2013-06-26,89.41999816894531,89.97000122070312,88.7300033569336,89.80000305175781,14446000,53.02626037597656
2013-06-27,90.23999786376952,90.66999816894533,90.02999877929688,90.04000091552734,12348000,53.167999267578125
2013-06-28,89.8499984741211,90.75,89.55999755859375,90.3499984741211,22984200,53.35104751586914
2013-07-01,90.38999938964844,91.12999725341795,89.95999908447266,90.3000030517578,13182200,53.32152938842773
2013-07-02,90.37000274658205,91.0999984741211,90.12000274658205,90.63999938964844,12320700,53.52229690551758
2013-07-03,90.62999725341795,90.87000274658205,90.13999938964844,90.69000244140624,5674000,53.55180740356445
2013-07-05,91.0999984741211,91.61000061035156,90.56999969482422,91.56999969482422,8917900,54.07144165039063
2013-07-08,91.95999908447266,92.52999877929688,91.9000015258789,92.25,12086700,54.47298431396485
2013-07-09,92.63999938964844,93.44000244140624,92.25,93.33999633789062,12940000,55.11661911010742
2013-07-10,93.27999877929688,93.38999938964844,92.37999725341795,92.81999969482422,12430000,54.809547424316406
2013-07-11,93.8000030517578,93.80999755859376,93.04000091552734,93.2699966430664,16184700,55.075294494628906
2013-07-12,93.25,93.4499969482422,92.72000122070312,93.4000015258789,11370300,55.15204620361328
2013-07-15,93.19000244140624,93.5,93.08999633789062,93.25,8256200,55.0634765625
2013-07-16,93.19000244140624,93.47000122070312,92.7699966430664,93.3000030517578,11413500,55.09301376342773
2013-07-17,93.55999755859376,93.73999786376952,93.13999938964844,93.45999908447266,9393300,55.18747329711914
2013-07-18,93.8000030517578,94.83999633789062,93.70999908447266,94.37999725341795,10555400,55.730712890625
2013-07-19,94.69000244140624,95.25,94.41000366210938,95.16999816894533,14431700,56.19721984863281
2013-07-22,94.87000274658205,95.1999969482422,94.77999877929688,94.83000183105467,9530400,55.99644470214844
2013-07-23,94.86000061035156,95.48999786376952,94.83999633789062,95.1999969482422,7377400,56.214942932128906
2013-07-24,95.30999755859376,95.30999755859376,94.41999816894533,94.98999786376952,8222800,56.09093475341797
2013-07-25,94.69000244140624,95.30999755859376,94.41999816894533,94.97000122070312,10059800,56.07914352416992
2013-07-26,94.7699966430664,94.86000061035156,93.83999633789062,94.79000091552734,9721000,55.97283172607422
2013-07-29,94.51000213623048,94.5199966430664,93.61000061035156,94.02999877929688,8844700,55.52408981323242
2013-07-30,94.22000122070312,94.33000183105467,93.45999908447266,93.80999755859376,10470700,55.39414596557617
2013-07-31,93.93000030517578,94.5999984741211,93.37999725341795,93.75,14400800,55.35873031616211
2013-08-01,92.69000244140624,93.0999984741211,91.25,92.7300033569336,23117700,54.75641250610352
2013-08-02,92.45999908447266,92.52999877929688,91.33999633789062,91.9499969482422,14408600,54.29584503173828
2013-08-05,91.41999816894533,91.76000213623048,91.01000213623048,91.58999633789062,12625900,54.08324813842773
2013-08-06,91.33000183105467,91.91000366210938,91.27999877929688,91.47000122070312,11689200,54.01240921020508
2013-08-07,91.18000030517578,91.5500030517578,91.12999725341795,91.33999633789062,8163800,53.93563079833984
2013-08-08,91.93000030517578,91.97000122070312,91.27999877929688,91.77999877929688,11529500,54.19545364379883
2013-08-09,91.1999969482422,91.36000061035156,90.43000030517578,90.72000122070312,9467800,53.93977737426758
2013-08-12,90.43000030517578,90.43000030517578,89.69000244140625,89.88999938964844,10133700,53.4462890625
2013-08-13,89.8499984741211,89.91999816894531,89.13999938964844,89.4000015258789,10892700,53.15495300292969
2013-08-14,89.33999633789062,89.4800033569336,88.9000015258789,88.94999694824219,9797300,52.88736724853516
2013-08-15,88.66000366210938,88.87000274658203,88.05999755859375,88.16000366210938,11273400,52.41768646240234
2013-08-16,88.01000213623047,88.48999786376953,87.6500015258789,87.91000366210938,11872500,52.26902389526367
2013-08-19,87.81999969482422,87.87000274658203,86.77999877929688,86.91999816894531,11745600,51.680397033691406
2013-08-20,87.12999725341797,87.87000274658203,86.83000183105469,86.83000183105469,16498800,51.62687683105469
2013-08-21,86.94999694824219,87.3499984741211,86.38999938964844,86.41999816894531,12766900,51.38310623168945
2013-08-22,86.58000183105469,87.41999816894531,86.44999694824219,86.9800033569336,10199900,51.71606063842773
2013-08-23,87.1500015258789,87.69000244140625,86.76000213623047,87.5199966430664,9206400,52.03714370727539
2013-08-26,87.5,87.69999694824219,86.81999969482422,87.08999633789062,10654700,51.78148651123047
2013-08-27,86.62000274658203,87.48999786376953,86.58000183105469,86.81999969482422,13960200,51.62096786499024
2013-08-28,87.27999877929688,88.98999786376953,87.27999877929688,88.83999633789062,17738800,52.82199096679688
2013-08-29,88.62999725341797,88.62999725341797,87.2300033569336,87.2699966430664,11407800,51.88850021362305
2013-08-30,87.38999938964844,87.55000305175781,86.79000091552734,87.16000366210938,12480400,51.82309341430664
2013-09-03,87.69999694824219,88.0,86.83000183105469,87.1500015258789,10546700,51.81715393066406
2013-09-04,87.01000213623047,87.9800033569336,86.9000015258789,87.76000213623047,9822300,52.17985534667969
2013-09-05,88.05999755859375,88.30000305175781,87.33000183105469,87.3499984741211,11740100,51.93605422973633
2013-09-06,87.48999786376953,87.7300033569336,86.80000305175781,87.25,12950600,51.876609802246094
2013-09-09,87.33999633789062,88.19000244140625,87.30999755859375,88.04000091552734,9297000,52.346336364746094
2013-09-10,88.4000015258789,88.4000015258789,87.27999877929688,87.81999969482422,11823100,52.21552276611328
2013-09-11,87.87999725341797,88.8499984741211,87.87999725341797,88.83999633789062,11201200,52.82199096679688
2013-09-12,88.58999633789062,88.80000305175781,87.86000061035156,87.9800033569336,10917200,52.310646057128906
2013-09-13,88.1500015258789,88.87999725341797,88.1500015258789,88.4000015258789,8254200,52.560359954833984
2013-09-16,88.87999725341797,89.18000030517578,88.48999786376953,88.66999816894531,9421300,52.72089385986328
2013-09-17,88.70999908447266,89.3499984741211,88.6500015258789,88.94000244140625,8941200,52.88145065307617
2013-09-18,88.91000366210938,89.87000274658203,88.37000274658203,89.58000183105469,15134700,53.26197052001953
2013-09-19,89.63999938964844,89.73999786376953,88.9800033569336,89.27999877929688,11757500,53.0836067199707
2013-09-20,89.52999877929688,89.75,88.58999633789062,88.66000366210938,20651100,52.7149543762207
2013-09-23,88.29000091552734,88.91000366210938,87.63999938964844,87.75,12227700,52.17390441894531
2013-09-24,87.58999633789062,88.06999969482422,87.27999877929688,87.36000061035156,12129200,51.9420051574707
2013-09-25,87.58999633789062,87.5999984741211,86.93000030517578,87.13999938964844,13577400,51.81121826171875
2013-09-26,87.4000015258789,87.44999694824219,86.80999755859375,87.06999969482422,9787100,51.76959609985352
2013-09-27,86.8499984741211,87.01000213623047,86.61000061035156,86.9000015258789,10867100,51.66851806640625
2013-09-30,86.05999755859375,86.69999694824219,85.61000061035156,86.04000091552734,17486100,51.15718078613281
2013-10-01,85.98999786376953,86.33999633789062,85.77999877929688,86.0,11885100,51.13338851928711
2013-10-02,85.75,86.11000061035156,85.27999877929688,86.08000183105469,11841400,51.18095016479492
2013-10-03,86.04000091552734,86.05000305175781,85.33999633789062,85.5,13923400,50.83610916137695
2013-10-04,86.30999755859375,86.41999816894531,85.68000030517578,86.31999969482422,11325500,51.32365798950195
2013-10-07,85.56999969482422,86.29000091552734,85.2699966430664,85.9000015258789,10985800,51.07394027709961
2013-10-08,85.86000061035156,85.94999694824219,85.47000122070312,85.51000213623047,15335700,50.84204864501953
2013-10-09,85.3499984741211,85.58999633789062,84.83000183105469,85.16000366210938,13575100,50.63396072387695
2013-10-10,85.5199966430664,86.04000091552734,84.79000091552734,86.04000091552734,17532400,51.15718078613281
2013-10-11,85.9000015258789,86.94999694824219,85.5,86.94999694824219,12661800,51.6982421875
2013-10-14,86.51000213623047,87.73999786376953,86.51000213623047,87.5999984741211,9742100,52.08470916748047
2013-10-15,87.47000122070312,87.58000183105469,86.63999938964844,86.79000091552734,12018000,51.60310745239258
2013-10-16,87.4800033569336,87.86000061035156,86.72000122070312,87.30999755859375,11668100,51.91228866577149
2013-10-17,87.12999725341797,87.5,87.01000213623047,87.4800033569336,10438200,52.01335906982422
2013-10-18,87.69000244140625,87.73999786376953,87.30000305175781,87.55000305175781,12425100,52.05497741699219
2013-10-21,87.5,87.6500015258789,86.83999633789062,87.2300033569336,10730900,51.8647346496582
2013-10-22,87.29000091552734,88.1500015258789,87.12999725341797,87.9800033569336,12710600,52.310646057128906
2013-10-23,87.5199966430664,87.6500015258789,86.94999694824219,87.61000061035156,11449100,52.09066009521485
2013-10-24,87.9800033569336,88.7300033569336,87.97000122070312,88.41999816894531,12288900,52.57225036621094
2013-10-25,88.2300033569336,88.6500015258789,87.81999969482422,87.97000122070312,11382000,52.304725646972656
2013-10-28,87.83000183105469,88.45999908447266,87.61000061035156,88.2300033569336,9921900,52.459266662597656
2013-10-29,88.44999694824219,89.02999877929688,88.44000244140625,88.93000030517578,10340000,52.87548065185547
2013-10-30,88.97000122070312,89.4800033569336,88.69000244140625,88.80999755859375,14305900,52.804141998291016
2013-10-31,89.44999694824219,90.95999908447266,89.19999694824219,89.62000274658203,19185200,53.28575897216797
2013-11-01,89.73999786376953,90.04000091552734,88.2699966430664,89.81999969482422,19023500,53.40465927124024
2013-11-04,90.0,92.2699966430664,90.0,92.0999984741211,20591600,54.76031494140625
2013-11-05,91.33999633789062,93.25,91.23999786376952,91.98999786376952,21122500,54.69489288330078
2013-11-06,92.41999816894533,93.27999877929688,92.12000274658205,93.22000122070312,13464600,55.42621994018555
2013-11-07,92.63999938964844,92.9800033569336,91.76000213623048,91.95999908447266,16572100,55.04908752441406
2013-11-08,91.8000030517578,92.81999969482422,91.4800033569336,92.7300033569336,12330100,55.5100212097168
2013-11-11,92.8499984741211,93.2300033569336,92.5,92.95999908447266,7924700,55.6476936340332
2013-11-12,92.66999816894533,93.31999969482422,92.5,92.66999816894533,10727300,55.47410583496094
2013-11-13,92.22000122070312,92.73999786376952,92.06999969482422,92.58999633789062,9280000,55.42622375488281
2013-11-14,92.68000030517578,93.41999816894533,92.68000030517578,93.22000122070312,7909200,55.803348541259766
2013-11-15,94.1500015258789,95.29000091552734,94.02999877929688,95.2699966430664,18374500,57.03050994873047
2013-11-18,95.9800033569336,96.0,95.05999755859376,95.4499969482422,14243700,57.13827133178711
2013-11-19,95.4000015258789,95.79000091552734,95.16000366210938,95.41999816894533,12697300,57.12032699584961
2013-11-20,95.75,95.9499969482422,94.37000274658205,94.68000030517578,10455400,56.67733001708984
2013-11-21,94.8499984741211,95.38999938964844,94.62999725341795,94.69000244140624,9128400,56.683349609375
2013-11-22,94.95999908447266,95.06999969482422,94.29000091552734,95.01000213623048,8534700,56.87489318847656
2013-11-25,95.20999908447266,95.75,94.83000183105467,95.08999633789062,10515100,56.92274856567383
2013-11-26,94.75,94.80999755859376,94.1500015258789,94.2699966430664,11857900,56.43190383911133
2013-11-27,94.36000061035156,94.41999816894533,93.4800033569336,93.8000030517578,8828100,56.15055084228516
2013-11-29,93.6500015258789,94.22000122070312,93.3000030517578,93.4800033569336,6770500,55.958984375
2013-12-02,93.2699966430664,94.04000091552734,92.91999816894533,93.5199966430664,9310500,55.98294448852539
2013-12-03,93.5999984741211,94.4800033569336,93.2300033569336,94.38999938964844,12599500,56.503719329833984
2013-12-04,94.19000244140624,94.9000015258789,93.91999816894533,94.66999816894533,13074000,56.671348571777344
2013-12-05,94.06999969482422,94.6500015258789,93.91999816894533,94.12999725341795,10586000,56.34809494018555
2013-12-06,94.97000122070312,95.70999908447266,94.58999633789062,95.6500015258789,12063400,57.257999420166016
2013-12-09,95.9499969482422,96.25,95.5999984741211,95.83999633789062,15516700,57.37172317504883
2013-12-10,95.9000015258789,95.9800033569336,95.38999938964844,95.70999908447266,9868100,57.29391479492188
2013-12-11,95.37999725341795,95.54000091552734,94.16000366210938,94.26000213623048,12811800,56.4259147644043
2013-12-12,94.5,95.87999725341795,94.27999877929688,95.36000061035156,15562600,57.08437728881836
2013-12-13,95.12999725341795,95.91999816894533,94.66000366210938,95.30999755859376,10629500,57.05445098876953
2013-12-16,96.27999877929688,98.87999725341795,96.12999725341795,97.22000122070312,23226000,58.19781494140625
2013-12-17,97.0199966430664,97.12999725341795,96.02999877929688,96.75,14920900,57.91648483276367
2013-12-18,97.43000030517578,99.9499969482422,97.01000213623048,99.54000091552734,21331300,59.58662796020508
2013-12-19,99.5,99.5999984741211,99.0,99.43000030517578,12905900,59.520782470703125
2013-12-20,99.38999938964844,99.5999984741211,98.5999984741211,98.68000030517578,23331000,59.071815490722656
2013-12-23,99.0,99.29000091552734,98.38999938964844,98.51000213623048,10127600,58.97004699707031
2013-12-24,98.33000183105467,99.44000244140624,98.33000183105467,99.22000122070312,4168300,59.395057678222656
2013-12-26,99.41999816894533,101.02999877929688,99.37999725341795,100.9000015258789,9531200,60.400760650634766
2013-12-27,101.23999786376952,101.73999786376952,100.98999786376952,101.51000213623048,10209000,60.76590347290039
2013-12-30,101.52999877929688,101.5500030517578,100.30999755859376,100.30999755859376,9007900,60.04757690429688
2013-12-31,100.48999786376952,101.38999938964844,100.43000030517578,101.1999969482422,8509600,60.58031845092773
2014-01-02,100.5999984741211,100.76000213623048,99.38999938964844,99.75,11028100,59.712345123291016
2014-01-03,99.7699966430664,100.16999816894533,99.13999938964844,99.51000213623048,9295600,59.56868362426758
2014-01-06,99.94000244140624,100.13999938964844,98.88999938964844,99.66000366210938,11848500,59.65844345092773
2014-01-07,99.61000061035156,101.22000122070312,99.41999816894533,101.06999969482422,11187000,60.50252914428711
2014-01-08,101.19000244140624,101.19000244140624,100.1500015258789,100.73999786376952,11180400,60.304962158203125
2014-01-09,100.1999969482422,100.38999938964844,99.02999877929688,99.76000213623048,11674300,59.71833801269531
2014-01-10,99.98999786376952,100.62999725341795,99.12000274658205,100.5199966430664,10535400,60.17325592041016
2014-01-13,99.91000366210938,100.0999984741211,98.2699966430664,98.5500030517578,12110900,58.99399566650391
2014-01-14,98.8000030517578,99.2699966430664,98.6500015258789,99.12000274658205,9265000,59.33520126342773
2014-01-15,99.16000366210938,99.3499984741211,98.62999725341795,98.77999877929688,9425500,59.13167572021485
2014-01-16,98.79000091552734,99.04000091552734,98.25,98.94000244140624,9421700,59.22746276855469
2014-01-17,99.18000030517578,100.33999633789062,98.66999816894533,99.16000366210938,15998000,59.35914993286133
2014-01-21,98.56999969482422,98.88999938964844,98.04000091552734,98.5,13847300,58.96407318115234
2014-01-22,98.87999725341795,98.9499969482422,97.83999633789062,97.87999725341795,11642800,58.59293365478516
2014-01-23,97.25,97.38999938964844,96.01000213623048,96.97000122070312,15393200,58.048187255859375
2014-01-24,96.18000030517578,96.25,94.81999969482422,94.8499984741211,14584300,56.77910232543945
2014-01-27,95.08000183105467,95.58000183105467,94.75,94.91999816894533,12474600,56.82101821899414
2014-01-28,95.3499984741211,95.91999816894533,94.7699966430664,95.6500015258789,10773600,57.257999420166016
2014-01-29,94.93000030517578,96.1999969482422,94.6500015258789,95.11000061035156,13191500,56.93475341796875
2014-01-30,94.0,94.9499969482422,93.05999755859376,93.98999786376952,14628400,56.26429748535156
2014-01-31,92.8499984741211,93.27999877929688,91.6999969482422,92.16000366210938,17361400,55.16881942749024
2014-02-03,91.91999816894533,92.30999755859376,89.63999938964844,90.05000305175781,20377900,53.90574264526367
2014-02-04,90.37000274658205,90.63999938964844,89.38999938964844,90.0199966430664,17414400,53.88776397705078
2014-02-05,90.30999755859376,90.61000061035156,89.37999725341797,89.58000183105469,16393600,53.62437438964844
2014-02-06,89.51000213623047,90.18000030517578,89.25,89.80000305175781,13646100,54.13681411743164
2014-02-07,90.12000274658205,90.62999725341795,89.75,90.58000183105467,12573800,54.60702133178711
2014-02-10,90.4499969482422,90.52999877929688,89.36000061035156,89.5199966430664,12237700,53.9680061340332
2014-02-11,89.55999755859375,91.0,89.4000015258789,90.83999633789062,13422800,54.7637825012207
2014-02-12,91.01000213623048,91.86000061035156,90.63999938964844,91.08000183105467,10752400,54.908470153808594
2014-02-13,90.58999633789062,91.6500015258789,90.4000015258789,91.43000030517578,9775300,55.119476318359375
2014-02-14,91.80999755859376,94.43000030517578,91.5999984741211,94.11000061035156,18260400,56.735111236572266
2014-02-18,94.06999969482422,94.72000122070312,93.36000061035156,94.06999969482422,12979300,56.71099853515625
2014-02-19,93.8000030517578,95.29000091552734,93.8000030517578,93.9499969482422,12227800,56.6386833190918
2014-02-20,93.8499984741211,95.7699966430664,93.75,95.37000274658205,14424300,57.494720458984375
2014-02-21,95.4800033569336,95.58000183105467,94.94000244140624,95.02999877929688,11282200,57.28977584838867
2014-02-24,95.61000061035156,97.25,95.41000366210938,96.44000244140624,16012500,58.13980102539063
2014-02-25,96.54000091552734,96.97000122070312,95.95999908447266,96.30999755859376,10663000,58.0614013671875
2014-02-26,96.55999755859376,96.86000061035156,95.52999877929688,95.79000091552734,9087600,57.7479362487793
2014-02-27,95.58000183105467,96.0500030517578,95.16000366210938,95.83999633789062,9101200,57.77806854248047
2014-02-28,95.95999908447266,96.83000183105467,95.77999877929688,96.2699966430664,12651400,58.03730773925781
2014-03-03,95.76000213623048,96.54000091552734,94.83000183105467,95.5,11896700,57.57311630249024
2014-03-04,96.58999633789062,96.86000061035156,95.87000274658205,96.5199966430664,12566100,58.18801498413086
2014-03-05,95.1999969482422,95.29000091552734,93.4000015258789,93.8000030517578,19829600,56.548248291015625
2014-03-06,93.66999816894533,93.94000244140624,93.2699966430664,93.76000213623048,12610400,56.52412414550781
2014-03-07,94.37000274658205,95.05999755859376,93.98999786376952,94.98999786376952,12659100,57.26563262939453
2014-03-10,95.1500015258789,95.5500030517578,94.66000366210938,95.5,9964500,57.57311630249024
2014-03-11,95.36000061035156,95.58999633789062,93.5199966430664,94.01000213623048,12143600,56.67483139038086
2014-03-12,93.63999938964844,94.47000122070312,93.5500030517578,94.20999908447266,9705400,56.795406341552734
2014-03-13,94.44000244140624,94.56999969482422,93.33000183105467,93.63999938964844,9872500,56.4517707824707
2014-03-14,93.58000183105467,94.22000122070312,93.29000091552734,93.47000122070312,11723300,56.34929656982422
2014-03-17,93.9499969482422,94.52999877929688,93.75,94.31999969482422,8676100,56.861724853515625
2014-03-18,94.41000366210938,95.25,94.06999969482422,94.70999908447266,8757300,57.09685516357422
2014-03-19,94.6500015258789,95.3000030517578,93.12999725341795,93.7300033569336,9914700,56.506046295166016
2014-03-20,93.44000244140624,94.73999786376952,93.01000213623048,94.58000183105467,10405000,57.01847076416016
2014-03-21,95.0999984741211,95.98999786376952,94.30999755859376,94.30999755859376,24479800,56.85570907592773
2014-03-24,94.76000213623048,95.0999984741211,94.4800033569336,94.63999938964844,9539800,57.05466079711914
2014-03-25,95.0999984741211,95.81999969482422,94.8000030517578,94.91000366210938,9796600,57.2174186706543
2014-03-26,95.55999755859376,95.58000183105467,94.41000366210938,94.6999969482422,11033300,57.0908088684082
2014-03-27,94.61000061035156,96.5,94.05999755859376,96.23999786376952,15427500,58.01923370361328
2014-03-28,96.47000122070312,97.97000122070312,96.47000122070312,97.6999969482422,12321800,58.8994026184082
2014-03-31,98.48999786376952,98.8499984741211,97.31999969482422,97.68000030517578,12375200,58.88734817504883
2014-04-01,97.6500015258789,97.93000030517578,97.27999877929688,97.7300033569336,9475300,58.9174919128418
2014-04-02,97.52999877929688,98.05999755859376,97.18000030517578,97.9499969482422,9551000,59.05011749267578
2014-04-03,97.83000183105467,98.54000091552734,97.55999755859376,97.93000030517578,10113000,59.03804016113281
2014-04-04,98.3000030517578,98.70999908447266,97.27999877929688,97.36000061035156,12496100,58.69441986083984
2014-04-07,97.25,97.52999877929688,96.75,96.77999877929688,10120700,58.34476852416992
2014-04-08,97.01000213623048,97.87999725341795,96.75,97.4499969482422,10243000,58.748680114746094
2014-04-09,97.75,97.79000091552734,96.62999725341795,97.33000183105467,10463900,58.67634201049805
2014-04-10,96.9800033569336,97.77999877929688,96.23999786376952,96.77999877929688,13443400,58.34476852416992
2014-04-11,96.51000213623048,97.44000244140624,96.27999877929688,96.72000122070312,13352500,58.3086051940918
2014-04-14,97.48999786376952,98.05999755859376,96.73999786376952,97.86000061035156,9610200,58.995849609375
2014-04-15,97.58000183105467,98.6999969482422,97.06999969482422,98.68000030517578,12961600,59.49020385742188
2014-04-16,99.0500030517578,100.0999984741211,98.97000122070312,99.94000244140624,12508100,60.24982070922852
2014-04-17,99.69000244140624,100.97000122070312,99.69000244140624,100.41999816894533,15435700,60.53917694091797
2014-04-21,100.02999877929688,100.93000030517578,99.88999938964844,100.93000030517578,8002100,60.84662628173828
2014-04-22,100.52999877929688,100.86000061035156,100.22000122070312,100.37000274658205,8212100,60.50902557373047
2014-04-23,100.58999633789062,100.9499969482422,100.33000183105467,100.5,8686000,60.58740997314453
2014-04-24,100.4800033569336,100.5999984741211,99.86000061035156,100.01000213623048,9057800,60.29201889038086
2014-04-25,99.98999786376952,100.56999969482422,99.93000030517578,100.41000366210938,10391500,60.53314971923828
2014-04-28,100.72000122070312,101.45999908447266,100.30999755859376,101.16999816894533,12710800,60.99130630493164
2014-04-29,101.56999969482422,102.56999969482422,101.2300033569336,101.4499969482422,10094600,61.16011428833008
2014-04-30,101.12999725341795,102.41000366210938,100.70999908447266,102.41000366210938,13966700,61.7388801574707
2014-05-01,101.95999908447266,102.38999938964844,101.1999969482422,101.41000366210938,11161700,61.136016845703125
2014-05-02,101.27999877929688,102.91000366210938,100.9800033569336,102.01000213623048,11168100,61.49773406982422
2014-05-05,101.69000244140624,103.12999725341795,101.58000183105467,102.91000366210938,7614200,62.040306091308594
2014-05-06,102.5999984741211,103.3000030517578,102.41000366210938,102.66999816894533,9669800,61.895633697509766
2014-05-07,103.12000274658205,103.4499969482422,102.79000091552734,103.11000061035156,11007400,62.16085815429688
2014-05-08,103.08999633789062,103.29000091552734,102.16999816894533,102.31999969482422,8922500,61.684608459472656
2014-05-09,101.70999908447266,102.18000030517578,101.26000213623048,101.9499969482422,8948800,61.87882614135742
2014-05-12,102.33000183105467,102.3499984741211,101.52999877929688,102.2300033569336,8830500,62.04880905151367
2014-05-13,102.18000030517578,102.70999908447266,101.94000244140624,102.36000061035156,7528800,62.12767028808594
2014-05-14,102.36000061035156,102.68000030517578,102.11000061035156,102.29000091552734,6999200,62.08518981933594
2014-05-15,102.0,102.41999816894533,100.33000183105467,100.77999877929688,13658700,61.1686897277832
2014-05-16,100.58999633789062,101.0,100.31999969482422,100.73999786376952,10369200,61.14440155029297
2014-05-19,100.41999816894533,101.11000061035156,100.41999816894533,100.87000274658205,5851400,61.22331237792969
2014-05-20,100.69000244140624,101.08000183105467,100.4499969482422,100.66999816894533,6134100,61.10192489624024
2014-05-21,100.8499984741211,102.22000122070312,100.72000122070312,102.02999877929688,7747900,61.92740249633789
2014-05-22,101.80999755859376,101.97000122070312,101.47000122070312,101.5,5304300,61.60569381713867
2014-05-23,101.5500030517578,101.93000030517578,101.2699966430664,101.31999969482422,5410900,61.49644470214844
2014-05-27,101.61000061035156,101.9000015258789,100.93000030517578,101.36000061035156,8359700,61.52071762084961
2014-05-28,101.2300033569336,102.06999969482422,101.0500030517578,101.05999755859376,7586700,61.33864212036133
2014-05-29,101.54000091552734,101.6500015258789,101.0199966430664,101.2699966430664,6113700,61.46611022949219
2014-05-30,100.8000030517578,101.1500015258789,100.37000274658205,100.52999877929688,11499000,61.0169563293457
2014-06-02,100.52999877929688,100.87999725341795,99.66999816894533,99.94000244140624,7761300,60.65887069702149
2014-06-03,99.58999633789062,100.69000244140624,99.58999633789062,100.38999938964844,9384200,60.93198394775391
2014-06-04,100.20999908447266,100.45999908447266,99.95999908447266,100.04000091552734,7148800,60.71957015991211
2014-06-05,100.0999984741211,100.83000183105467,99.95999908447266,100.5500030517578,12296100,61.02910614013672
2014-06-06,100.61000061035156,101.62999725341795,100.5999984741211,101.5999984741211,9340900,61.666385650634766
2014-06-09,101.4499969482422,101.95999908447266,101.19000244140624,101.5199966430664,6404800,61.61785888671875
2014-06-10,101.4800033569336,101.7300033569336,101.0,101.45999908447266,7917500,61.58142852783203
2014-06-11,101.19000244140624,102.33000183105467,101.0,101.9499969482422,10270300,61.87882614135742
2014-06-12,102.45999908447266,102.9499969482422,101.56999969482422,101.66000366210938,11421000,61.70283126831055
2014-06-13,101.93000030517578,102.66000366210938,101.62999725341795,102.6500015258789,8240300,62.3036994934082
2014-06-16,102.56999969482422,103.25,102.16999816894533,102.91999816894533,8977600,62.46757888793945
2014-06-17,102.58000183105467,102.58999633789062,101.4499969482422,102.41999816894533,9355400,62.1640853881836
2014-06-18,102.56999969482422,102.9499969482422,102.05999755859376,102.7300033569336,9575100,62.35224533081055
2014-06-19,102.61000061035156,102.83999633789062,101.68000030517578,102.62999725341795,11105600,62.29158401489258
2014-06-20,103.27999877929688,104.05999755859376,102.94000244140624,103.83000183105467,17674400,63.0198974609375
2014-06-23,104.11000061035156,104.61000061035156,103.87999725341795,104.37999725341795,8553700,63.35372543334961
2014-06-24,104.18000030517578,104.47000122070312,102.47000122070312,102.7300033569336,9708400,62.35224533081055
2014-06-25,102.33999633789062,102.62000274658205,101.52999877929688,102.13999938964844,10714800,61.9941520690918
2014-06-26,101.94000244140624,102.37999725341795,100.8499984741211,102.02999877929688,8424200,61.92740249633789
2014-06-27,101.66999816894533,101.79000091552734,100.66000366210938,101.20999908447266,15147400,61.42970275878906
2014-06-30,101.20999908447266,101.2699966430664,100.5199966430664,100.68000030517578,9454800,61.10799407958984
2014-07-01,101.1500015258789,101.58999633789062,100.79000091552734,101.36000061035156,8399600,61.52071762084961
2014-07-02,101.1500015258789,101.63999938964844,101.04000091552734,101.56999969482422,6954400,61.648197174072266
2014-07-03,101.9499969482422,103.2699966430664,101.68000030517578,102.58999633789062,6922600,62.26728439331055
2014-07-07,102.33000183105467,102.6500015258789,102.0199966430664,102.6500015258789,7979600,62.3036994934082
2014-07-08,102.33000183105467,103.2300033569336,102.16999816894533,102.83000183105467,9613600,62.4129638671875
2014-07-09,102.95999908447266,103.69000244140624,102.80999755859376,103.5500030517578,7655300,62.84994888305664
2014-07-10,102.87999725341795,103.06999969482422,102.04000091552734,102.56999969482422,8533700,62.255149841308594
2014-07-11,102.4000015258789,102.5,101.31999969482422,101.73999786376952,7680800,61.7513542175293
2014-07-14,102.16999816894533,103.08000183105467,102.16000366210938,102.68000030517578,8253100,62.32191467285156
2014-07-15,102.52999877929688,102.5999984741211,101.73999786376952,102.38999938964844,8755800,62.145877838134766
2014-07-16,102.55999755859376,103.79000091552734,102.54000091552734,103.7699966430664,8870200,62.98347473144531
2014-07-17,103.37999725341795,103.88999938964844,102.29000091552734,102.30999755859376,8145700,62.09733963012695
2014-07-18,102.69000244140624,102.95999908447266,101.86000061035156,102.7300033569336,8208300,62.35224533081055
2014-07-21,102.36000061035156,103.19000244140624,102.05999755859376,103.08000183105467,6632400,62.56469345092773
2014-07-22,103.63999938964844,104.19000244140624,103.5,103.54000091552734,7426300,62.8438835144043
2014-07-23,103.63999938964844,104.4499969482422,103.52999877929688,104.25,7007200,63.27483367919922
2014-07-24,104.41999816894533,104.72000122070312,103.9499969482422,104.27999877929688,7943000,63.29303359985352
2014-07-25,103.93000030517578,103.98999786376952,102.95999908447266,103.18000030517578,7775500,62.6253776550293
2014-07-28,103.29000091552734,104.5199966430664,102.83000183105467,104.37000274658205,9197800,63.34767532348633
2014-07-29,104.20999908447266,104.76000213623048,103.5199966430664,103.5500030517578,8055400,62.84994888305664
2014-07-30,103.7300033569336,104.1500015258789,102.56999969482422,103.25,11072100,62.6678581237793
2014-07-31,101.9800033569336,101.9800033569336,98.93000030517578,98.94000244140624,18291800,60.05191040039063
2014-08-01,98.62000274658205,99.5500030517578,98.18000030517578,98.8000030517578,14915000,59.96695327758789
2014-08-04,98.73999786376952,100.43000030517578,98.30999755859376,100.12999725341795,12148200,60.77418518066406
2014-08-05,99.4800033569336,99.54000091552734,97.77999877929688,98.1999969482422,13069400,59.60275268554688
2014-08-06,98.1999969482422,99.6500015258789,98.1999969482422,98.9800033569336,9911300,60.076168060302734
2014-08-07,99.7699966430664,99.83999633789062,97.62999725341795,98.2699966430664,10017100,59.64522171020508
2014-08-08,98.80999755859376,99.79000091552734,98.31999969482422,99.73999786376952,11199300,60.53747177124024
2014-08-11,99.27999877929688,99.41999816894533,98.54000091552734,98.7300033569336,8589600,60.34186935424805
2014-08-12,98.20999908447266,98.69000244140624,97.81999969482422,98.48999786376952,9583700,60.19522476196289
2014-08-13,98.81999969482422,99.30999755859376,98.4800033569336,99.08999633789062,7645800,60.56192779541016
2014-08-14,99.0999984741211,99.27999877929688,98.5999984741211,99.08999633789062,6547300,60.56192779541016
2014-08-15,99.23999786376952,99.43000030517578,98.13999938964844,99.02999877929688,9226900,60.52524948120117
2014-08-18,99.27999877929688,99.52999877929688,99.0999984741211,99.5199966430664,7135400,60.82474136352539
2014-08-19,99.5,99.9499969482422,99.43000030517578,99.48999786376952,8888100,60.80640411376953
2014-08-20,99.5500030517578,99.9000015258789,99.04000091552734,99.6999969482422,6751800,60.934715270996094
2014-08-21,99.8000030517578,100.06999969482422,99.26000213623048,99.27999877929688,6826200,60.67804336547852
2014-08-22,98.88999938964844,98.9800033569336,98.08000183105467,98.5,8095000,60.20132446289063
2014-08-25,98.80999755859376,98.9000015258789,98.5,98.75,7569800,60.3541259765625
2014-08-26,99.12000274658205,100.30999755859376,99.0199966430664,99.63999938964844,8536500,60.8980827331543
2014-08-27,99.77999877929688,99.95999908447266,99.08999633789062,99.52999877929688,5848700,60.83082580566406
2014-08-28,99.04000091552734,99.73999786376952,99.01000213623048,99.56999969482422,6072700,60.85529708862305
2014-08-29,99.37999725341795,99.66999816894533,98.72000122070312,99.45999908447266,8873700,60.78805160522461
2014-09-02,99.43000030517578,99.58999633789062,97.80999755859376,98.48999786376952,8957100,60.19522476196289
2014-09-03,98.86000061035156,99.58999633789062,98.86000061035156,99.11000061035156,8475100,60.57414245605469
2014-09-04,99.0,99.4499969482422,97.97000122070312,98.36000061035156,9662900,60.115753173828125
2014-09-05,98.73999786376952,99.3000030517578,98.11000061035156,99.26000213623048,9476900,60.66584396362305
2014-09-08,98.91999816894533,98.91999816894533,97.4499969482422,97.7699966430664,10080100,59.75516891479492
2014-09-09,97.69000244140624,98.02999877929688,96.95999908447266,97.38999938964844,9756400,59.52291488647461
2014-09-10,97.36000061035156,97.52999877929688,95.83000183105467,96.80999755859376,12113700,59.168418884277344
2014-09-11,96.31999969482422,97.12000274658205,95.81999969482422,97.02999877929688,10181100,59.302879333496094
2014-09-12,96.52999877929688,96.58999633789062,95.62999725341795,95.77999877929688,10257500,58.53891372680664
2014-09-15,95.7300033569336,96.4000015258789,95.4000015258789,96.29000091552734,10689400,58.85061264038086
2014-09-16,96.2300033569336,98.0500030517578,96.0199966430664,97.43000030517578,11574100,59.54734420776367
2014-09-17,97.91000366210938,97.93000030517578,96.8000030517578,97.08000183105467,8774200,59.33344650268555
2014-09-18,97.1500015258789,97.31999969482422,96.4800033569336,96.61000061035156,8636600,59.046199798583984
2014-09-19,97.08000183105467,97.55999755859376,96.87000274658205,97.12000274658205,18178100,59.35787582397461
2014-09-22,96.9000015258789,97.0,96.2699966430664,96.54000091552734,8816900,59.0034065246582
2014-09-23,96.27999877929688,97.16000366210938,96.02999877929688,96.02999877929688,10300700,58.69172286987305
2014-09-24,95.87000274658205,96.25,94.83999633789062,95.81999969482422,12200000,58.56337356567383
2014-09-25,95.66000366210938,95.88999938964844,94.1999969482422,94.25,12854200,57.60380172729492
2014-09-26,94.33000183105467,95.76000213623048,93.8000030517578,95.43000030517578,11256800,58.324981689453125
2014-09-29,94.70999908447266,94.77999877929688,93.8000030517578,94.43000030517578,14015000,57.71381378173828
2014-09-30,94.11000061035156,94.80999755859376,93.62000274658205,94.0500030517578,15576500,57.4815673828125
2014-10-01,94.11000061035156,94.54000091552734,92.72000122070312,92.86000061035156,14028600,56.7542724609375
2014-10-02,92.38999938964844,93.9000015258789,92.05999755859376,93.3000030517578,13756500,57.0231819152832
2014-10-03,93.5999984741211,94.11000061035156,92.58000183105467,93.91999816894533,11563000,57.40209197998047
2014-10-06,94.01000213623048,95.33000183105467,93.91000366210938,94.5199966430664,10595400,57.76879119873047
2014-10-07,94.2699966430664,95.19000244140624,93.33000183105467,93.37000274658205,10787900,57.06595230102539
2014-10-08,93.41999816894533,94.83000183105467,92.41999816894533,94.61000061035156,15583700,57.8238410949707
2014-10-09,94.0500030517578,94.48999786376952,91.62999725341795,91.81999969482422,17915600,56.11863327026367
2014-10-10,92.44000244140624,93.2699966430664,90.9000015258789,91.5999984741211,18173100,55.98417282104492
2014-10-13,91.31999969482422,92.52999877929688,90.76000213623048,90.83999633789062,14451100,55.51966857910156
2014-10-14,91.48999786376952,92.2300033569336,90.05999755859375,90.5500030517578,23120500,55.34244537353516
2014-10-15,89.0,90.61000061035156,86.91000366210938,90.22000122070312,24703500,55.14073181152344
2014-10-16,88.58000183105469,91.2699966430664,88.18000030517578,90.5999984741211,25212600,55.37299346923828
2014-10-17,91.12999725341795,92.25,90.5,91.20999908447266,18189200,55.74581146240234
2014-10-20,90.62999725341795,91.88999938964844,90.62999725341795,91.7699966430664,10821700,56.08806610107422
2014-10-21,92.86000061035156,94.02999877929688,92.36000061035156,93.6500015258789,15757000,57.23712158203125
2014-10-22,93.95999908447266,94.58999633789062,92.9800033569336,93.12999725341795,12733600,56.91926956176758
2014-10-23,94.30999755859376,94.9800033569336,93.87000274658205,94.11000061035156,11345100,57.51824569702149
2014-10-24,94.19000244140624,94.52999877929688,93.22000122070312,94.48999786376952,9734100,57.750484466552734
2014-10-27,93.8499984741211,93.8499984741211,92.7699966430664,93.70999908447266,11387700,57.273773193359375
2014-10-28,94.44000244140624,95.1999969482422,93.93000030517578,95.0999984741211,12564100,58.12331771850586
2014-10-29,95.41999816894533,95.9800033569336,93.62000274658205,94.58999633789062,12409100,57.81159973144531
2014-10-30,93.87000274658205,94.66999816894533,93.22000122070312,94.4499969482422,9767900,57.72603988647461
2014-10-31,94.98999786376952,96.88999938964844,94.30999755859376,96.70999908447266,17493700,59.10732269287109
2014-11-03,96.55999755859376,97.0999984741211,94.8000030517578,95.26000213623048,13410000,58.22109222412109
2014-11-04,94.5,94.88999938964844,93.88999938964844,94.5199966430664,13498500,57.76879119873047
2014-11-05,95.36000061035156,95.7699966430664,94.6500015258789,95.06999969482422,12480000,58.1049690246582
2014-11-06,95.18000030517578,96.41999816894533,94.27999877929688,96.26000213623048,14731400,58.83226013183594
2014-11-07,95.8000030517578,97.16000366210938,95.72000122070312,96.58999633789062,13233500,59.4601936340332
2014-11-10,96.87000274658205,97.0999984741211,96.06999969482422,96.27999877929688,9087600,59.26934814453125
2014-11-11,95.77999877929688,96.51000213623048,95.61000061035156,96.41000366210938,7990000,59.3493766784668
2014-11-12,95.9000015258789,96.4000015258789,95.11000061035156,95.37999725341795,11592800,58.715309143066406
2014-11-13,94.95999908447266,95.20999908447266,93.83000183105467,94.66000366210938,12355400,58.2720947265625
2014-11-14,94.87000274658205,95.11000061035156,94.6500015258789,95.08999633789062,9352500,58.53678512573242
2014-11-17,94.8499984741211,95.13999938964844,94.19000244140624,95.11000061035156,8704400,58.54911422729492
2014-11-18,95.08000183105467,95.75,94.52999877929688,94.87000274658205,9263200,58.401363372802734
2014-11-19,95.08000183105467,95.73999786376952,94.12999725341795,95.61000061035156,8333200,58.85689926147461
2014-11-20,95.37000274658205,95.9000015258789,95.26000213623048,95.81999969482422,8422400,58.9861946105957
2014-11-21,97.1999969482422,97.1999969482422,96.0999984741211,96.80999755859376,12374900,59.59561538696289
2014-11-24,96.33999633789062,96.8000030517578,95.25,95.72000122070312,10172400,58.924617767333984
2014-11-25,96.01000213623048,96.02999877929688,94.37000274658205,94.77999877929688,13747400,58.34595489501953
2014-11-26,94.63999938964844,95.12999725341795,94.36000061035156,94.4800033569336,9822100,58.16127395629883
2014-11-28,91.5,91.8499984741211,90.11000061035156,90.54000091552734,19556700,55.735836029052734
2014-12-01,90.36000061035156,92.87000274658205,90.27999877929688,92.3499984741211,27584200,56.85006713867188
2014-12-02,92.31999969482422,94.66999816894533,92.01000213623048,94.19000244140624,20885300,57.98276901245117
2014-12-03,94.66999816894533,95.33000183105467,94.0,94.9499969482422,16220400,58.45061492919922
2014-12-04,94.12999725341795,94.61000061035156,93.06999969482422,94.37000274658205,12868600,58.09357070922852
2014-12-05,93.9499969482422,94.58999633789062,93.3499984741211,93.81999969482422,11831900,57.7550048828125
2014-12-08,92.9000015258789,93.12999725341795,91.37000274658205,91.6999969482422,15735900,56.449928283691406
2014-12-09,91.2300033569336,92.05999755859376,90.76000213623048,91.37999725341795,15883800,56.2529411315918
2014-12-10,90.72000122070312,90.7300033569336,88.19999694824219,88.66999816894531,22279400,54.58468246459961
2014-12-11,88.86000061035156,91.54000091552734,88.8499984741211,89.19999694824219,21522200,54.910945892333984
2014-12-12,88.70999908447266,89.0,86.5999984741211,86.5999984741211,24568300,53.310394287109375
2014-12-15,87.52999877929688,88.5999984741211,86.5,86.9000015258789,21373600,53.495094299316406
2014-12-16,86.37999725341797,89.19999694824219,86.19000244140625,86.41000366210938,26372400,53.19346237182617
2014-12-17,87.23999786376953,89.9000015258789,87.1500015258789,89.0199966430664,23323000,54.80014801025391
2014-12-18,90.37000274658205,91.16000366210938,88.4000015258789,91.16000366210938,22882700,56.11751937866211
2014-12-19,90.20999908447266,93.63999938964844,89.61000061035156,93.63999938964844,38469000,57.644187927246094
2014-12-22,92.95999908447266,93.66999816894533,92.4499969482422,93.33000183105467,17871800,57.45335388183594
2014-12-23,93.5199966430664,95.18000030517578,93.0500030517578,94.58999633789062,13706500,58.2289924621582
2014-12-24,94.22000122070312,94.25,92.9800033569336,93.77999877929688,6875700,57.73037338256836
2014-12-26,93.98999786376952,94.43000030517578,92.62000274658205,93.20999908447266,10585000,57.37947463989258
2014-12-29,93.33000183105467,93.86000061035156,92.88999938964844,93.06999969482422,9892100,57.29328536987305
2014-12-30,92.7699966430664,93.38999938964844,92.51000213623048,93.0199966430664,8743400,57.26250076293945
2014-12-31,92.41999816894533,93.12999725341795,92.05999755859376,92.4499969482422,11337200,56.91162490844727
2015-01-02,92.25,93.0500030517578,91.80999755859376,92.83000183105467,10220400,57.14556884765625
2015-01-05,92.0999984741211,92.4000015258789,89.5,90.29000091552734,18502400,55.58194732666016
2015-01-06,90.23999786376952,91.41000366210938,89.0199966430664,89.80999755859375,16670700,55.28646087646485
2015-01-07,90.6500015258789,91.4800033569336,90.0,90.72000122070312,13590700,55.84664535522461
2015-01-08,91.25,92.2699966430664,91.0,92.2300033569336,15487500,56.77619171142578
2015-01-09,92.3000030517578,92.77999877929688,91.37000274658205,92.0999984741211,14488400,56.69616317749024
2015-01-12,91.23999786376952,91.33999633789062,89.81999969482422,90.33000183105467,15176300,55.6065673828125
2015-01-13,90.87999725341795,91.43000030517578,89.11000061035156,90.0,17469000,55.40342330932617
2015-01-14,88.94999694824219,89.88999938964844,87.26000213623047,89.73999786376953,23272100,55.24333190917969
2015-01-15,90.43000030517578,90.66000366210938,88.51000213623047,88.95999908447266,18759600,54.7632064819336
2015-01-16,88.9800033569336,91.19000244140624,88.9800033569336,91.12000274658205,17713100,56.092872619628906
2015-01-20,91.13999938964844,91.77999877929688,90.37999725341795,91.08999633789062,16761000,56.07441329956055
2015-01-21,91.73999786376952,91.98999786376952,91.01000213623048,91.87000274658205,14276400,56.55457305908203
2015-01-22,92.30999755859376,92.97000122070312,91.31999969482422,92.87000274658205,13559000,57.17015075683594
2015-01-23,92.27999877929688,92.4800033569336,90.79000091552734,90.88999938964844,14706300,55.9512825012207
2015-01-26,90.61000061035156,91.94000244140624,90.47000122070312,91.76000213623048,10672500,56.48685836791992
2015-01-27,91.23999786376952,91.5999984741211,90.5999984741211,90.9499969482422,12301500,55.98823547363281
2015-01-28,90.87999725341795,90.93000030517578,87.81999969482422,87.94999694824219,17829700,54.14146423339844
2015-01-29,88.22000122070312,88.26000213623047,86.02999877929688,87.58000183105469,22683000,53.91368865966797
2015-01-30,87.16000366210938,88.41999816894531,86.25,87.41999816894531,22679900,53.815185546875
2015-02-02,87.8499984741211,89.58999633789062,87.5,89.58000183105469,20306300,55.14487838745117
2015-02-03,90.9000015258789,92.33000183105467,90.80999755859376,92.25,21900900,56.78849792480469
2015-02-04,91.63999938964844,92.2699966430664,90.51000213623048,91.45999908447266,19632200,56.30217742919922
2015-02-05,92.38999938964844,92.54000091552734,91.6999969482422,92.36000061035156,12809000,56.856231689453125
2015-02-06,92.0999984741211,92.27999877929688,90.95999908447266,91.5,12331200,56.750789642333984
2015-02-09,91.4000015258789,92.29000091552734,91.23999786376952,91.55999755859376,11360700,56.78797912597656
2015-02-10,91.73999786376952,91.73999786376952,90.3000030517578,91.01000213623048,12952900,56.446876525878906
2015-02-11,90.0199966430664,90.83000183105467,89.79000091552734,90.5999984741211,12240600,56.19257736206055
2015-02-12,91.45999908447266,92.66000366210938,91.0199966430664,92.37000274658205,14843000,57.29038238525391
2015-02-13,92.6999969482422,93.4499969482422,92.27999877929688,93.37000274658205,12061000,57.91059494018555
2015-02-17,92.75,93.06999969482422,92.29000091552734,93.0500030517578,11758700,57.71214294433594
2015-02-18,91.98999786376952,91.98999786376952,90.38999938964844,91.01000213623048,19177900,56.446876525878906
2015-02-19,89.63999938964844,90.41999816894533,88.58000183105469,89.44000244140625,19350600,55.47313690185547
2015-02-20,89.4000015258789,89.94000244140625,88.8499984741211,89.91999816894531,15959900,55.77082061767578
2015-02-23,89.26000213623047,89.55000305175781,88.73999786376953,89.01000213623047,12771800,55.2064208984375
2015-02-24,89.33000183105469,89.77999877929688,89.12999725341797,89.41999816894531,9990700,55.46070098876953
2015-02-25,89.56999969482422,89.69999694824219,89.08000183105469,89.5999984741211,9925700,55.57233428955078
2015-02-26,89.12999725341797,89.18000030517578,88.08000183105469,88.6500015258789,13984000,54.9831428527832
2015-02-27,88.88999938964844,89.27999877929688,88.33999633789062,88.54000091552734,13090600,54.91490936279297
2015-03-02,88.33999633789062,88.5199966430664,87.3499984741211,88.04000091552734,13793700,54.60478591918945
2015-03-03,87.93000030517578,88.0199966430664,87.12999725341797,87.62000274658203,13493800,54.34430313110352
2015-03-04,87.95999908447266,87.95999908447266,86.93000030517578,87.18000030517578,13467600,54.071407318115234
2015-03-05,87.06999969482422,87.19000244140625,86.5199966430664,86.73999786376953,12527600,53.79850006103516
2015-03-06,86.41000366210938,86.5999984741211,85.31999969482422,85.62999725341797,16070500,53.11003112792969
2015-03-09,86.12000274658203,86.37999725341797,85.12000274658203,85.16000366210938,14503800,52.818546295166016
2015-03-10,84.81999969482422,85.52999877929688,84.23999786376953,84.26000213623047,17195500,52.260345458984375
2015-03-11,84.93000030517578,84.93000030517578,84.0,84.0199966430664,13004700,52.1114616394043
2015-03-12,84.43000030517578,84.72000122070312,84.05999755859375,84.22000122070312,10792900,52.23553085327149
2015-03-13,83.9000015258789,84.18000030517578,82.68000030517578,83.87000274658203,16799900,52.01845932006836
2015-03-16,83.70999908447266,84.86000061035156,83.2699966430664,84.76000213623047,13516200,52.5704460144043
2015-03-17,84.54000091552734,84.8499984741211,84.0199966430664,84.08000183105469,12979700,52.14870071411133
2015-03-18,83.54000091552734,86.37000274658203,83.43000030517578,86.06999969482422,18745700,53.382957458496094
2015-03-19,85.19000244140625,85.5,84.33000183105469,84.41000366210938,12738500,52.35338973999024
2015-03-20,84.66999816894531,85.4000015258789,84.38999938964844,84.54000091552734,36083500,52.43398284912109
2015-03-23,85.0199966430664,85.77999877929688,85.01000213623047,85.43000030517578,17450700,52.98599624633789
2015-03-24,85.30000305175781,85.77999877929688,84.5,84.5199966430664,10174300,52.42160034179688
2015-03-25,85.05000305175781,85.56999969482422,84.7699966430664,84.86000061035156,11934700,52.6324577331543
2015-03-26,85.30000305175781,85.56999969482422,84.08999633789062,84.31999969482422,14400700,52.29756164550781
2015-03-27,84.04000091552734,84.05000305175781,83.33000183105469,83.58000183105469,11579300,51.83859252929688
2015-03-30,84.2699966430664,85.81999969482422,84.25,85.62999725341797,15653200,53.11003112792969
2015-03-31,84.8499984741211,85.33999633789062,84.45999908447266,85.0,13354000,52.71928405761719
2015-04-01,85.69999694824219,86.0,84.26000213623047,84.45999908447266,14522300,52.38438415527344
2015-04-02,84.08999633789062,84.94000244140625,83.8499984741211,84.30000305175781,11297400,52.28516006469727
2015-04-06,85.1500015258789,85.63999938964844,84.19999694824219,85.12999725341797,10916400,52.799930572509766
2015-04-07,85.01000213623047,86.16999816894531,84.76000213623047,85.75,11836100,53.18450164794922
2015-04-08,85.80000305175781,85.9000015258789,84.0199966430664,84.05999755859375,16257100,52.13629531860352
2015-04-09,84.0,84.7300033569336,83.80999755859375,84.6500015258789,13281800,52.50224304199219
2015-04-10,85.37000274658203,86.04000091552734,84.7699966430664,85.55999755859375,13372400,53.066627502441406
2015-04-13,85.91999816894531,86.25,85.23999786376953,85.33999633789062,9880500,52.93019485473633
2015-04-14,85.5999984741211,87.4800033569336,85.52999877929688,86.62999725341797,15693800,53.73028945922852
2015-04-15,87.13999938964844,88.52999877929688,87.13999938964844,88.08000183105469,15332800,54.629615783691406
2015-04-16,87.87999725341797,88.16000366210938,87.11000061035156,87.7300033569336,9570800,54.41252899169922
2015-04-17,87.13999938964844,87.36000061035156,86.16000366210938,86.93000030517578,14430100,53.91635513305664
2015-04-20,87.12999725341797,88.0999984741211,87.08000183105469,87.23999786376953,11593600,54.1086311340332
2015-04-21,87.37999725341797,87.62000274658203,86.69000244140625,86.87999725341797,10100500,53.88534164428711
2015-04-22,87.04000091552734,87.80000305175781,86.33999633789062,87.45999908447266,8663600,54.24506759643555
2015-04-23,87.36000061035156,88.37999725341797,87.30999755859375,87.54000091552734,9866100,54.29468536376953
2015-04-24,87.19000244140625,87.36000061035156,86.66000366210938,86.97000122070312,8405700,53.9411506652832
2015-04-27,87.41000366210938,87.5999984741211,86.76000213623047,87.01000213623047,10534600,53.96598052978516
2015-04-28,87.22000122070312,87.86000061035156,87.04000091552734,87.80000305175781,9633800,54.455963134765625
2015-04-29,87.5,88.06999969482422,86.95999908447266,87.87000274658203,12534100,54.499359130859375
2015-04-30,88.66999816894531,88.66999816894531,87.22000122070312,87.37000274658203,13947700,54.18925476074219
2015-05-01,87.8499984741211,88.94999694824219,87.69999694824219,88.8499984741211,12257100,55.10719299316406
2015-05-04,89.41999816894531,89.87999725341797,88.94999694824219,89.11000061035156,10343700,55.26845550537109
2015-05-05,89.97000122070312,90.08999633789062,88.5199966430664,88.61000061035156,11895000,54.958343505859375
2015-05-06,89.6500015258789,89.95999908447266,87.79000091552734,88.19000244140625,11273500,54.69783020019531
2015-05-07,88.0,88.0999984741211,86.91999816894531,87.5999984741211,9992500,54.33190536499024
2015-05-08,88.47000122070312,89.06999969482422,87.81999969482422,88.98999786376953,11390300,55.19402313232422
2015-05-11,88.52999877929688,88.56999969482422,86.6500015258789,86.77999877929688,11997800,54.26847457885742
2015-05-12,86.88999938964844,87.45999908447266,86.41999816894531,87.0199966430664,9788900,54.41857147216797
2015-05-13,87.27999877929688,87.7300033569336,86.4000015258789,86.55999755859375,8629400,54.13091278076172
2015-05-14,86.93000030517578,87.33999633789062,86.75,86.97000122070312,8791300,54.387298583984375
2015-05-15,86.80000305175781,87.62000274658203,86.5999984741211,87.3499984741211,8422200,54.62493133544922
2015-05-18,87.30999755859375,87.45999908447266,86.77999877929688,86.8499984741211,6395400,54.312259674072266
2015-05-19,86.47000122070312,87.20999908447266,86.20999908447266,86.98999786376953,9777100,54.399810791015625
2015-05-20,87.38999938964844,87.4000015258789,86.91000366210938,87.12999725341797,7276600,54.48735809326172
2015-05-21,87.27999877929688,87.44000244140625,86.95999908447266,87.20999908447266,8357400,54.53739547729492
2015-05-22,86.98999786376953,87.0999984741211,86.5,86.5199966430664,7598400,54.10588836669922
2015-05-26,86.04000091552734,86.37000274658203,85.02999877929688,85.3499984741211,11289000,53.37423324584961
2015-05-27,85.30000305175781,85.88999938964844,84.7699966430664,85.11000061035156,10778300,53.22413635253906
2015-05-28,85.11000061035156,85.56999969482422,84.81999969482422,85.11000061035156,8038900,53.22413635253906
2015-05-29,85.0999984741211,85.58000183105469,84.87999725341797,85.19999694824219,14631300,53.280418395996094
2015-06-01,85.25,85.47000122070312,84.80000305175781,85.12999725341797,9077500,53.23664474487305
2015-06-02,85.12000274658203,85.58999633789062,84.91000366210938,85.13999938964844,9328300,53.242897033691406
2015-06-03,85.2300033569336,85.83999633789062,84.86000061035156,84.94999694824219,8179500,53.12408065795898
2015-06-04,84.69999694824219,84.88999938964844,83.77999877929688,84.22000122070312,12607300,52.667572021484375
2015-06-05,84.12999725341797,85.0,83.9800033569336,84.27999877929688,11388500,52.70508575439453
2015-06-08,84.18000030517578,85.20999908447266,83.93000030517578,84.8499984741211,12244700,53.0615348815918
2015-06-09,85.29000091552734,85.43000030517578,84.48999786376953,84.58000183105469,8105500,52.8927116394043
2015-06-10,85.83999633789062,85.97000122070312,85.0,85.20999908447266,10147000,53.28666305541992
2015-06-11,85.30000305175781,85.69999694824219,84.88999938964844,85.08999633789062,7759300,53.21162414550781
2015-06-12,84.58000183105469,84.68000030517578,83.86000061035156,84.0199966430664,8347300,52.54248046875
2015-06-15,83.52999877929688,83.9800033569336,83.19000244140625,83.72000122070312,9563900,52.354888916015625
2015-06-16,83.80999755859375,84.75,83.4000015258789,84.68000030517578,9100100,52.95524978637695
2015-06-17,85.02999877929688,85.12999725341797,84.41000366210938,84.7300033569336,9090200,52.98650360107422
2015-06-18,84.80000305175781,85.95999908447266,84.72000122070312,85.4800033569336,10247800,53.455528259277344
2015-06-19,84.91999816894531,85.4800033569336,84.91999816894531,85.20999908447266,16129600,53.28666305541992
2015-06-22,85.38999938964844,85.5999984741211,84.97000122070312,85.16999816894531,9465100,53.261661529541016
2015-06-23,85.22000122070312,85.27999877929688,84.58999633789062,85.06999969482422,10223900,53.19911956787109
2015-06-24,84.88999938964844,85.33999633789062,84.66000366210938,84.68000030517578,11800100,52.95524978637695
2015-06-25,84.8499984741211,84.8499984741211,83.93000030517578,83.93000030517578,10259400,52.4862060546875
2015-06-26,83.83000183105469,84.0999984741211,83.48999786376953,83.86000061035156,19023300,52.44244766235352
2015-06-29,83.05000305175781,83.44999694824219,82.80000305175781,82.81999969482422,11739200,51.79207611083984
2015-06-30,83.73999786376953,84.9000015258789,82.80000305175781,83.19999694824219,14981100,52.02972412109375
2015-07-01,83.27999877929688,83.52999877929688,82.11000061035156,82.37000274658203,13529100,51.51065444946289
2015-07-02,82.79000091552734,83.27999877929688,82.55000305175781,83.13999938964844,9188000,51.992183685302734
2015-07-06,82.41999816894531,83.05999755859375,82.12000274658203,82.52999877929688,11694400,51.610721588134766
2015-07-07,82.19000244140625,83.2300033569336,81.48999786376953,82.87000274658203,15641500,51.82335662841797
2015-07-08,82.25,82.9800033569336,81.91000366210938,81.97000122070312,10057000,51.26051712036133
2015-07-09,82.87000274658203,83.1500015258789,81.58000183105469,81.5999984741211,11980500,51.02914047241211
2015-07-10,82.08999633789062,82.48999786376953,81.72000122070312,82.22000122070312,8628700,51.41686248779297
2015-07-13,82.11000061035156,82.61000061035156,82.06999969482422,82.41999816894531,8026700,51.54192352294922
2015-07-14,82.37999725341797,83.31999969482422,82.26000213623047,83.11000061035156,9310200,51.97340774536133
2015-07-15,82.61000061035156,83.41999816894531,82.4000015258789,82.76000213623047,9289200,51.75456619262695
2015-07-16,83.18000030517578,83.4800033569336,82.80000305175781,82.91000366210938,8267600,51.848365783691406
2015-07-17,82.51000213623047,82.83999633789062,81.79000091552734,82.61000061035156,12156000,51.66072845458984
2015-07-20,82.1500015258789,82.41000366210938,81.5999984741211,81.76000213623047,12957100,51.12917709350586
2015-07-21,81.93000030517578,82.43000030517578,81.43000030517578,81.66000366210938,8677100,51.06666564941406
2015-07-22,82.3499984741211,82.47000122070312,81.58000183105469,81.79000091552734,13181500,51.14795303344727
2015-07-23,81.7300033569336,81.97000122070312,80.97000122070312,81.13999938964844,10496100,50.74147033691406
2015-07-24,81.16000366210938,81.16000366210938,79.72000122070312,79.94000244140625,14888500,49.99103546142578
2015-07-27,79.2300033569336,80.12999725341797,78.97000122070312,79.26000213623047,14996100,49.565799713134766
2015-07-28,79.69999694824219,82.66999816894531,79.56999969482422,82.4800033569336,19777300,51.57945251464844
2015-07-29,82.18000030517578,83.19999694824219,81.91000366210938,83.13999938964844,13913800,51.992183685302734
2015-07-30,83.18000030517578,83.31999969482422,82.41999816894531,83.01000213623047,11139900,51.9109001159668
2015-07-31,81.66999816894531,81.66999816894531,78.93000030517578,79.20999908447266,26232700,49.53453826904297
2015-08-03,78.69999694824219,78.93000030517578,77.62999725341797,78.05999755859375,15767700,48.81536102294922
2015-08-04,77.87999725341797,78.61000061035156,76.93000030517578,77.16999816894531,18874400,48.2588119506836
2015-08-05,77.87000274658203,78.2300033569336,76.9000015258789,77.16999816894531,16544400,48.2588119506836
2015-08-06,76.94000244140625,78.26000213623047,76.91000366210938,78.08999633789062,13005200,48.834129333496094
2015-08-07,77.55000305175781,77.97000122070312,76.62000274658203,76.83000183105469,12187600,48.04618453979492
2015-08-10,77.08999633789062,78.75,77.08999633789062,78.75,14876000,49.24686813354492
2015-08-11,77.01000213623047,78.06999969482422,76.33000183105469,77.48999786376953,14486400,48.912330627441406
2015-08-12,77.44000244140625,78.87000274658203,76.95999908447266,78.79000091552734,16492400,49.73289489746094
2015-08-13,78.31999969482422,79.29000091552734,78.2699966430664,78.6500015258789,13154100,49.64453887939453
2015-08-14,78.63999938964844,79.27999877929688,78.25,78.36000061035156,9129300,49.46147918701172
2015-08-17,77.93000030517578,79.18000030517578,77.44999694824219,78.7699966430664,9365400,49.72027206420898
2015-08-18,78.52999877929688,78.66999816894531,77.58000183105469,77.9000015258789,9815300,49.17112731933594
2015-08-19,77.51000213623047,77.58000183105469,75.93000030517578,76.2300033569336,17010100,48.11700820922852
2015-08-20,76.0,76.18000030517578,74.56999969482422,74.56999969482422,17811200,47.0692024230957
2015-08-21,74.0999984741211,74.88999938964844,72.06999969482422,72.12999725341797,25488800,45.52904510498047
2015-08-24,67.98999786376953,71.37999725341797,66.55000305175781,68.72000122070312,35531200,43.37664031982422
2015-08-25,71.30999755859375,71.44000244140625,68.19999694824219,68.70999908447266,30409700,43.37032318115234
2015-08-26,70.62999725341797,72.75,69.1500015258789,72.5,34436000,45.76260757446289
2015-08-27,73.80000305175781,74.88999938964844,73.01000213623047,74.8499984741211,24571000,47.24594497680664
2015-08-28,74.70999908447266,75.9800033569336,74.41000366210938,75.06999969482422,18997300,47.384803771972656
2015-08-31,74.27999877929688,75.55000305175781,73.30000305175781,75.23999786376953,19570100,47.49209976196289
2015-09-01,73.30000305175781,73.3499984741211,71.51000213623047,72.08000183105469,24092900,45.49749374389648
2015-09-02,73.05999755859375,73.23999786376953,72.0,73.2300033569336,16936900,46.22337341308594
2015-09-03,73.63999938964844,74.91000366210938,73.33999633789062,73.79000091552734,13451900,46.57685852050781
2015-09-04,72.93000030517578,73.13999938964844,72.25,72.45999908447266,14902500,45.73735427856445
2015-09-08,73.72000122070312,73.72000122070312,72.97000122070312,73.5,13626900,46.39379501342773
2015-09-09,74.37000274658203,74.68000030517578,71.8499984741211,72.0,17246200,45.44700241088867
2015-09-10,72.80999755859375,72.9800033569336,71.80000305175781,72.5199966430664,12353900,45.77521133422852
2015-09-11,72.4000015258789,72.72000122070312,72.01000213623047,72.69000244140625,12172300,45.88253402709961
2015-09-14,72.30999755859375,72.58000183105469,71.76000213623047,72.48999786376953,10738500,45.75629425048828
2015-09-15,72.44000244140625,73.30999755859375,72.41000366210938,72.86000061035156,11979800,45.98983001708984
2015-09-16,73.51000213623047,74.69999694824219,73.37000274658203,74.30000305175781,15214200,46.898773193359375
2015-09-17,74.41000366210938,75.47000122070312,73.8499984741211,74.45999908447266,15603000,46.99977493286133
2015-09-18,73.26000213623047,73.55999755859375,72.12000274658203,72.68000030517578,23180200,45.876220703125
2015-09-21,73.0999984741211,73.61000061035156,72.7300033569336,73.38999938964844,10853000,46.324363708496094
2015-09-22,72.3499984741211,73.5199966430664,72.0199966430664,72.73999786376953,14245200,45.9140853881836
2015-09-23,72.87000274658203,73.19999694824219,72.29000091552734,72.30000305175781,13784800,45.636356353759766
2015-09-24,72.0,73.1500015258789,71.72000122070312,72.7300033569336,14584200,45.90777206420898
2015-09-25,73.29000091552734,73.52999877929688,72.76000213623047,73.2300033569336,15175300,46.22337341308594
2015-09-28,72.62000274658203,73.45999908447266,72.4000015258789,72.5999984741211,14571900,45.825714111328125
2015-09-29,72.6500015258789,73.19000244140625,72.13999938964844,72.97000122070312,13754400,46.05926132202149
2015-09-30,73.4000015258789,74.3499984741211,73.33000183105469,74.3499984741211,18176500,46.93032455444336
2015-10-01,75.19999694824219,75.58000183105469,73.30000305175781,74.05999755859375,14397800,46.74728393554688
2015-10-02,73.38999938964844,75.9000015258789,73.02999877929688,75.87999725341797,18811300,47.896087646484375
2015-10-05,76.6500015258789,77.1500015258789,75.79000091552734,76.80999755859375,18486700,48.48312377929688
2015-10-06,76.95999908447266,78.55999755859375,76.26000213623047,77.88999938964844,18757900,49.164825439453125
2015-10-07,78.97000122070312,79.29000091552734,77.52999877929688,79.19999694824219,18666300,49.991695404052734
2015-10-08,79.30999755859375,80.11000061035156,78.54000091552734,80.02999877929688,14344700,50.51559066772461
2015-10-09,80.05000305175781,80.16999816894531,78.62000274658203,79.26000213623047,17384700,50.029571533203125
2015-10-12,79.58999633789062,79.58999633789062,78.72000122070312,79.30000305175781,9931800,50.0548095703125
2015-10-13,78.72000122070312,79.55000305175781,78.48999786376953,79.16000366210938,12326600,49.96644973754883
2015-10-14,78.97000122070312,80.4800033569336,78.77999877929688,80.16000366210938,14486000,50.597652435302734
2015-10-15,80.19000244140625,81.52999877929688,79.9000015258789,81.4800033569336,13640900,51.43085861206055
2015-10-16,82.26000213623047,82.5,81.44999694824219,82.4800033569336,14304400,52.06206130981445
2015-10-19,82.01000213623047,82.16999816894531,80.76000213623047,80.98999786376953,14155800,51.121559143066406
2015-10-20,80.55000305175781,81.05999755859375,80.19999694824219,80.83000183105469,12340100,51.020545959472656
2015-10-21,80.86000061035156,81.1500015258789,80.11000061035156,80.20999908447266,10274900,50.62921524047852
2015-10-22,80.68000030517578,82.95999908447266,80.66000366210938,82.88999938964844,14823500,52.32084274291992
2015-10-23,82.41000366210938,83.0,81.88999938964844,82.9800033569336,13215700,52.37768173217773
2015-10-26,82.5199966430664,82.7300033569336,81.16999816894531,81.22000122070312,12576400,51.26674270629883
2015-10-27,80.56999969482422,81.16000366210938,79.7300033569336,81.08999633789062,13579400,51.18466567993164
2015-10-28,81.30999755859375,82.58000183105469,80.93000030517578,82.27999877929688,12473000,51.935813903808594
2015-10-29,81.79000091552734,83.22000122070312,81.79000091552734,82.2300033569336,10341200,51.90424346923828
2015-10-30,82.47000122070312,83.87999725341797,81.26000213623047,82.73999786376953,18758600,52.22617721557617
2015-11-02,82.30000305175781,85.93000030517578,82.08999633789062,85.27999877929688,21266500,53.829437255859375
2015-11-03,85.66000366210938,87.44000244140625,85.58000183105469,86.8499984741211,20115900,54.8204231262207
2015-11-04,86.7699966430664,87.08000183105469,85.69999694824219,85.9800033569336,14245400,54.27128982543945
2015-11-05,85.55000305175781,86.2300033569336,84.5,84.80999755859375,12291100,53.53276824951172
2015-11-06,83.93000030517578,84.47000122070312,83.22000122070312,84.47000122070312,12491700,53.31816864013672
2015-11-09,83.55999755859375,83.5999984741211,81.80000305175781,81.94999694824219,13551200,52.17845153808594
2015-11-10,81.93000030517578,82.61000061035156,81.86000061035156,82.3499984741211,14238000,52.43314743041992
2015-11-11,82.41999816894531,82.55999755859375,81.4000015258789,81.62000274658203,9598000,51.96834564208984
2015-11-12,80.56999969482422,81.27999877929688,79.31999969482422,79.41000366210938,16050600,50.56120300292969
2015-11-13,79.27999877929688,79.58000183105469,77.94000244140625,78.0999984741211,17527300,49.72712326049805
2015-11-16,77.94000244140625,80.98999786376953,77.91000366210938,80.9000015258789,14548100,51.50989532470703
2015-11-17,80.70999908447266,80.87999725341797,79.62999725341797,79.95999908447266,10011700,50.91139602661133
2015-11-18,79.88999938964844,80.9000015258789,79.58999633789062,80.73999786376953,10884600,51.40803146362305
2015-11-19,80.51000213623047,80.77999877929688,80.04000091552734,80.30000305175781,9453300,51.127872467041016
2015-11-20,80.56999969482422,80.94000244140625,79.6500015258789,79.79000091552734,10144400,50.80315017700195
2015-11-23,79.5999984741211,80.70999908447266,79.05999755859375,80.27999877929688,11868400,51.11515045166016
2015-11-24,80.3499984741211,82.3499984741211,80.19999694824219,81.87999725341797,15055500,52.13387680053711
2015-11-25,81.30000305175781,82.16999816894531,81.0999984741211,81.25,8980400,51.73275375366211
2015-11-27,80.58000183105469,81.26000213623047,80.45999908447266,81.2300033569336,4156600,51.72001647949219
2015-11-30,81.41999816894531,82.6500015258789,81.25,81.66000366210938,17729200,51.99380874633789
2015-12-01,81.76000213623047,82.12999725341797,81.2699966430664,81.88999938964844,13917000,52.140254974365234
2015-12-02,81.30999755859375,81.63999938964844,79.41999816894531,79.55000305175781,16300000,50.65035629272461
2015-12-03,79.72000122070312,79.8499984741211,78.0199966430664,78.41000366210938,14870300,49.92451095581055
2015-12-04,77.3499984741211,78.9800033569336,77.02999877929688,78.86000061035156,20156400,50.21102523803711
2015-12-07,77.33000183105469,77.5,75.75,76.80000305175781,17676100,48.89938735961914
2015-12-08,75.2699966430664,76.3499984741211,73.79000091552734,74.62999725341797,24217600,47.517704010009766
2015-12-09,74.83999633789062,77.19000244140625,74.7300033569336,75.62999725341797,22036300,48.1544303894043
2015-12-10,75.80000305175781,77.5,75.5199966430664,75.69000244140625,20142400,48.19263458251953
2015-12-11,74.81999969482422,75.54000091552734,74.33999633789062,74.33999633789062,20473100,47.33308410644531
2015-12-14,74.30000305175781,76.22000122070312,74.08999633789062,76.02999877929688,21976500,48.40912628173828
2015-12-15,77.43000030517578,79.5999984741211,77.33000183105469,79.43000030517578,24366800,50.57394027709961
2015-12-16,79.04000091552734,79.61000061035156,78.0,79.1500015258789,17233900,50.39564514160156
2015-12-17,79.0199966430664,79.2300033569336,77.94999694824219,77.95999908447266,17362900,49.637962341308594
2015-12-18,77.56999969482422,78.77999877929688,77.05999755859375,77.27999877929688,28836000,49.20500564575195
2015-12-21,77.79000091552734,78.0999984741211,76.6500015258789,77.26000213623047,14460500,49.192291259765625
2015-12-22,77.69999694824219,77.9000015258789,77.20999908447266,77.6500015258789,13855800,49.44059753417969
2015-12-23,78.68000030517578,80.22000122070312,78.31999969482422,80.19000244140625,15184200,51.05784225463867
2015-12-24,80.2699966430664,80.2699966430664,79.12000274658203,79.33000183105469,5848300,50.51027297973633
2015-12-28,78.12000274658203,78.86000061035156,77.91000366210938,78.73999786376953,9715800,50.13460922241211
2015-12-29,79.98999786376953,80.08000183105469,78.83999633789062,79.16000366210938,8839000,50.40203857421875
2015-12-30,78.31999969482422,78.98999786376953,77.97000122070312,78.11000061035156,9314600,49.73347473144531
2015-12-31,77.51000213623047,78.44000244140625,77.43000030517578,77.94999694824219,10285500,49.63160705566406
2016-01-04,77.5,77.94000244140625,76.45999908447266,77.45999908447266,20400100,49.319637298583984
2016-01-05,77.19000244140625,78.13999938964844,76.91999816894531,78.12000274658203,11993500,49.7398567199707
2016-01-06,76.63999938964844,77.63999938964844,76.58999633789062,77.47000122070312,18826900,49.325984954833984
2016-01-07,76.05999755859375,77.98999786376953,75.9000015258789,76.2300033569336,21263800,48.53647613525391
2016-01-08,76.3499984741211,76.6500015258789,74.5,74.69000244140625,19033600,47.55592346191406
2016-01-11,75.01000213623047,75.12000274658203,72.55999755859375,73.69000244140625,21353000,46.91921615600586
2016-01-12,74.12000274658203,75.41999816894531,73.1500015258789,75.19999694824219,21864100,47.88064193725586
2016-01-13,75.8499984741211,77.05999755859375,74.94000244140625,75.6500015258789,26052700,48.16717529296875
2016-01-14,76.20999908447266,79.91999816894531,75.80000305175781,79.12000274658203,33806700,50.3765754699707
2016-01-15,76.33000183105469,78.16999816894531,76.30000305175781,77.58000183105469,28342100,49.3960189819336
2016-01-19,77.93000030517578,78.23999786376953,75.19000244140625,76.4000015258789,22684500,48.64470672607422
2016-01-20,75.06999969482422,75.72000122070312,71.55000305175781,73.18000030517578,33300800,46.59450149536133
2016-01-21,73.16000366210938,74.98999786376953,72.61000061035156,74.0999984741211,22265600,47.18026351928711
2016-01-22,76.41999816894531,76.7699966430664,74.72000122070312,76.56999969482422,22530300,48.7529525756836
2016-01-25,75.75,76.33999633789062,73.9000015258789,73.9800033569336,17086600,47.10387420654297
2016-01-26,74.7699966430664,76.7699966430664,74.25,76.69999694824219,18724700,48.835716247558594
2016-01-27,76.0,77.47000122070312,74.72000122070312,75.29000091552734,18106100,47.937950134277344
2016-01-28,77.3499984741211,77.66000366210938,75.62000274658203,76.98999786376953,16157700,49.02034378051758
2016-01-29,76.7300033569336,77.8499984741211,76.25,77.8499984741211,25161900,49.56791687011719
2016-02-01,76.66000366210938,76.79000091552734,75.44000244140625,76.29000091552734,16754200,48.57466506958008
2016-02-02,74.19000244140625,75.62000274658203,73.55000305175781,74.58999633789062,21404200,47.49225616455078
2016-02-03,75.52999877929688,78.52999877929688,74.26000213623047,78.4800033569336,25873700,49.969051361083984
2016-02-04,78.58000183105469,80.0,77.55999755859375,79.83000183105469,23658700,50.82861709594727
2016-02-05,79.4000015258789,80.0999984741211,78.56999969482422,80.08000183105469,26719900,50.98780059814453
2016-02-08,79.30000305175781,81.77999877929688,78.91000366210938,81.16000366210938,26601200,51.675437927246094
2016-02-09,79.9800033569336,80.66999816894531,78.69000244140625,80.08000183105469,18418100,51.45056915283203
2016-02-10,79.7699966430664,81.44999694824219,79.27999877929688,79.3499984741211,16610900,50.98154830932617
2016-02-11,78.33999633789062,80.1500015258789,77.58000183105469,79.5999984741211,19331600,51.14216232299805
2016-02-12,80.08000183105469,81.06999969482422,79.80999755859375,81.02999877929688,16767200,52.06093215942383
2016-02-16,81.69999694824219,81.8499984741211,80.27999877929688,81.22000122070312,15912200,52.18302917480469
2016-02-17,81.6500015258789,82.77999877929688,81.16000366210938,82.0,17006700,52.68415832519531
2016-02-18,82.9000015258789,83.05999755859375,81.86000061035156,82.44999694824219,14873700,52.97328186035156
2016-02-19,82.19000244140625,82.55000305175781,80.91000366210938,82.5,13615900,53.0053939819336
2016-02-22,82.5,83.44000244140625,82.19999694824219,82.38999938964844,14595200,52.93473434448242
2016-02-23,81.98999786376953,82.37000274658203,80.87999725341797,81.2300033569336,11041600,52.1894416809082
2016-02-24,79.91000366210938,81.7699966430664,79.66999816894531,81.5199966430664,13777500,52.37576675415039
2016-02-25,81.55999755859375,82.06999969482422,80.0199966430664,82.01000213623047,13706400,52.69058609008789
2016-02-26,82.88999938964844,83.08000183105469,81.69000244140625,81.75,14343300,52.523536682128906
2016-02-29,81.87999725341797,82.4000015258789,80.05000305175781,80.1500015258789,18903600,51.49554061889648
2016-03-01,80.55999755859375,81.7699966430664,80.31999969482422,81.27999877929688,15730600,52.2215576171875
2016-03-02,80.94999694824219,82.72000122070312,80.30999755859375,82.69999694824219,14094400,53.13389205932617
2016-03-03,82.66000366210938,82.72000122070312,81.54000091552734,82.4000015258789,13216200,52.9411506652832
2016-03-04,82.66000366210938,82.97000122070312,81.76000213623047,82.29000091552734,18402700,52.8704833984375
2016-03-07,82.30999755859375,84.45999908447266,82.20999908447266,84.45999908447266,18945600,54.26469039916992
2016-03-08,84.0,84.20999908447266,82.4800033569336,82.62999725341797,14003900,53.08892822265625
2016-03-09,83.22000122070312,83.8499984741211,82.23999786376953,82.4000015258789,14139300,52.9411506652832
2016-03-10,82.41999816894531,82.66000366210938,80.93000030517578,82.18000030517578,15898300,52.799800872802734
2016-03-11,83.22000122070312,83.52999877929688,82.01000213623047,82.19000244140625,15370200,52.80623626708984
2016-03-14,81.4800033569336,82.63999938964844,81.0199966430664,82.41000366210938,13344600,52.94758605957031
2016-03-15,81.5999984741211,82.8499984741211,81.5199966430664,82.81999969482422,9213000,53.21099090576172
2016-03-16,83.0199966430664,83.16000366210938,81.94000244140625,82.87000274658203,11492100,53.243141174316406
2016-03-17,83.68000030517578,84.68000030517578,82.72000122070312,84.0999984741211,13673900,54.03338241577149
2016-03-18,84.58999633789062,84.5999984741211,83.25,84.19999694824219,19637000,54.09764099121094
2016-03-21,83.83999633789062,84.13999938964844,83.5,83.62000274658203,8385400,53.7249870300293
2016-03-22,83.08000183105469,84.86000061035156,83.01000213623047,84.12000274658203,13005100,54.04623031616211
2016-03-23,83.86000061035156,84.30000305175781,83.5199966430664,83.75,12748900,53.80852127075195
2016-03-24,82.94000244140625,84.02999877929688,82.93000030517578,83.9800033569336,9368300,53.95629119873047
2016-03-28,84.02999877929688,84.36000061035156,83.69999694824219,84.22000122070312,7490400,54.110477447509766
2016-03-29,83.66999816894531,84.61000061035156,83.16000366210938,84.52999877929688,9977900,54.30964660644531
2016-03-30,85.02999877929688,85.05000305175781,84.0,84.5199966430664,10807000,54.30323028564453
2016-03-31,84.06999969482422,85.0999984741211,83.58999633789062,83.58999633789062,13896900,53.70571517944336
2016-04-01,82.4000015258789,83.38999938964844,82.38999938964844,82.95999908447266,12235300,53.30095291137695
2016-04-04,83.05999755859375,83.9000015258789,82.77999877929688,83.16000366210938,8050200,53.42943572998047
2016-04-05,82.61000061035156,83.12999725341797,81.98999786376953,82.20999908447266,10446800,52.81908416748047
2016-04-06,82.69000244140625,83.45999908447266,82.30000305175781,83.30999755859375,9320200,53.52580642700195
2016-04-07,82.76000213623047,83.16999816894531,82.05000305175781,82.37000274658203,8267100,52.921871185302734
2016-04-08,83.30000305175781,83.44999694824219,82.8499984741211,83.20999908447266,9376200,53.46156692504883
2016-04-11,83.33000183105469,84.23999786376953,83.27999877929688,83.31999969482422,9925000,53.5322380065918
2016-04-12,83.69000244140625,84.62999725341797,83.37000274658203,84.3499984741211,9986100,54.19399642944336
2016-04-13,84.5,84.91000366210938,84.04000091552734,84.83000183105469,9235700,54.50240707397461
2016-04-14,85.0,85.9000015258789,84.76000213623047,85.43000030517578,10625800,54.88788604736328
2016-04-15,85.30000305175781,85.66000366210938,84.77999877929688,84.97000122070312,11280200,54.59235382080078
2016-04-18,84.97000122070312,85.86000061035156,83.86000061035156,85.77999877929688,9097000,55.11276245117188
2016-04-19,85.8499984741211,86.30999755859375,85.22000122070312,86.20999908447266,10354500,55.38905715942383
2016-04-20,86.2300033569336,87.44000244140625,85.97000122070312,86.80000305175781,15247100,55.76811981201172
2016-04-21,86.58999633789062,87.83999633789062,86.56999969482422,86.79000091552734,12075300,55.76168441772461
2016-04-22,87.23999786376953,87.63999938964844,86.81999969482422,87.52999877929688,9150800,56.23712539672852
2016-04-25,87.08999633789062,87.4000015258789,86.3499984741211,87.33000183105469,8076400,56.108642578125
2016-04-26,87.75,87.94000244140625,87.05999755859375,87.62999725341797,9425900,56.30135726928711
2016-04-27,87.94999694824219,88.72000122070312,87.33000183105469,88.45999908447266,10463500,56.834659576416016
2016-04-28,87.86000061035156,88.77999877929688,87.5,88.02999877929688,11276200,56.55836868286133
2016-04-29,88.68000030517578,89.77999877929688,87.73999786376953,88.4000015258789,17885900,56.79608917236328
2016-05-02,88.23999786376953,89.4800033569336,88.08000183105469,89.12999725341797,10273700,57.265098571777344
2016-05-03,88.4000015258789,88.62999725341797,87.36000061035156,88.11000061035156,10137400,56.60976791381836
2016-05-04,88.30000305175781,88.73999786376953,87.5999984741211,87.94000244140625,10601100,56.50054550170898
2016-05-05,88.76000213623047,88.97000122070312,87.62000274658203,88.04000091552734,8721100,56.564788818359375
2016-05-06,87.45999908447266,88.68000030517578,87.45999908447266,88.51000213623047,7968400,56.86676788330078
2016-05-09,88.5999984741211,88.76000213623047,87.2300033569336,88.56999969482422,11159500,56.90531921386719
2016-05-10,88.9000015258789,90.0,88.81999969482422,89.98999786376953,12509100,57.81766128540039
2016-05-11,89.16000366210938,89.68000030517578,88.72000122070312,88.80999755859375,11660200,57.53905487060547
2016-05-12,89.80000305175781,89.93000030517578,89.1500015258789,89.66999816894531,10720500,58.09626007080078
2016-05-13,89.27999877929688,89.66000366210938,88.51000213623047,88.66000366210938,9721100,57.4418830871582
2016-05-16,89.19999694824219,89.66999816894531,89.0,89.56999969482422,8638700,58.03144836425781
2016-05-17,89.2699966430664,89.91000366210938,89.16000366210938,89.52999877929688,9835600,58.00552749633789
2016-05-18,89.80000305175781,90.0,88.6500015258789,89.3499984741211,9680300,57.8889045715332
2016-05-19,88.61000061035156,90.16000366210938,88.44999694824219,90.11000061035156,14397900,58.38131713867188
2016-05-20,90.38999938964844,90.4000015258789,89.37999725341797,89.73999786376953,13191900,58.14160537719727
2016-05-23,89.0,89.9000015258789,88.81999969482422,89.5999984741211,11766100,58.0508918762207
2016-05-24,89.88999938964844,90.4000015258789,89.55000305175781,89.66999816894531,10056600,58.09626007080078
2016-05-25,89.8499984741211,90.37000274658205,89.58999633789062,90.26000213623048,9578400,58.47850036621094
2016-05-26,90.25,90.45999908447266,89.2699966430664,89.80000305175781,7867900,58.18046569824219
2016-05-27,89.4000015258789,90.05000305175781,89.31999969482422,90.01000213623047,7505900,58.31650924682617
2016-05-31,90.0,90.1999969482422,88.7300033569336,89.0199966430664,13178800,57.67512130737305
2016-06-01,88.43000030517578,89.44999694824219,88.12999725341797,89.23999786376953,7994800,57.817665100097656
2016-06-02,88.20999908447266,88.52999877929688,87.61000061035156,88.52999877929688,9837500,57.35764694213867
2016-06-03,88.44000244140625,88.83000183105469,88.02999877929688,88.37000274658203,9367100,57.25399398803711
2016-06-06,88.87000274658203,89.5,88.69000244140625,89.33999633789062,8573000,57.882423400878906
2016-06-07,89.75,90.91999816894533,89.70999908447266,90.70999908447266,12889100,58.77003860473633
2016-06-08,91.02999877929688,91.3000030517578,90.52999877929688,90.79000091552734,9983000,58.82188415527344
2016-06-09,90.18000030517578,91.02999877929688,90.11000061035156,90.66999816894533,8974300,58.7441291809082
2016-06-10,90.4000015258789,90.91999816894533,89.77999877929688,89.9800033569336,10353800,58.29708480834961
2016-06-13,89.91999816894531,91.43000030517578,89.69999694824219,90.58999633789062,11370000,58.69230651855469
2016-06-14,90.4499969482422,90.87000274658205,89.8499984741211,90.43000030517578,10161000,58.58863067626953
2016-06-15,90.2300033569336,90.9000015258789,90.0,90.16000366210938,10655800,58.413692474365234
2016-06-16,89.69999694824219,91.38999938964844,89.11000061035156,91.22000122070312,12824800,59.10048675537109
2016-06-17,91.48999786376952,91.58999633789062,90.19000244140624,90.72000122070312,17483200,58.77652740478516
2016-06-20,91.29000091552734,91.58999633789062,91.06999969482422,91.12000274658205,9388500,59.03569412231445
2016-06-21,90.72000122070312,91.63999938964844,90.25,91.52999877929688,8557500,59.30132293701172
2016-06-22,91.83999633789062,91.93000030517578,91.01000213623048,91.16999816894533,8785400,59.06808853149414
2016-06-23,91.93000030517578,92.06999969482422,91.19000244140624,91.8000030517578,9464500,59.47623443603516
2016-06-24,89.87999725341797,90.8000030517578,89.1500015258789,89.38999938964844,20010500,57.914817810058594
2016-06-27,88.9000015258789,89.0999984741211,88.11000061035156,88.86000061035156,14169400,57.57144927978516
2016-06-28,89.7300033569336,90.93000030517578,89.5199966430664,90.91000366210938,13254300,58.89962387084961
2016-06-29,91.41000366210938,92.6999969482422,91.12000274658205,92.45999908447266,13920600,59.90386581420898
2016-06-30,92.33000183105467,93.83000183105467,92.3000030517578,93.73999786376952,14073700,60.733158111572266
2016-07-01,93.36000061035156,93.9800033569336,93.06999969482422,93.83999633789062,9946300,60.797950744628906
2016-07-05,93.12000274658205,93.5999984741211,92.25,93.0199966430664,10744100,60.266639709472656
2016-07-06,93.3499984741211,94.12000274658205,92.44000244140624,94.08999633789062,13144400,60.959922790527344
2016-07-07,94.33999633789062,94.48999786376952,92.3499984741211,92.95999908447266,12240700,60.227821350097656
2016-07-08,93.38999938964844,93.77999877929688,92.91999816894533,93.54000091552734,9807600,60.60356903076172
2016-07-11,93.75,94.41000366210938,93.6500015258789,93.88999938964844,8335700,60.83032989501953
2016-07-12,94.66999816894533,94.9499969482422,94.08999633789062,94.9499969482422,9870800,61.51709365844727
2016-07-13,94.6500015258789,94.91999816894533,94.11000061035156,94.87999725341795,9458200,61.47173690795898
2016-07-14,95.0500030517578,95.52999877929688,94.62000274658205,94.9499969482422,9293500,61.51709365844727
2016-07-15,95.44000244140624,95.5500030517578,94.63999938964844,95.12000274658205,10334500,61.62723922729492
2016-07-18,94.91999816894533,95.1500015258789,94.4000015258789,94.81999969482422,9865900,61.43288803100586
2016-07-19,94.76000213623048,94.94000244140624,94.1999969482422,94.47000122070312,5901800,61.20611572265625
2016-07-20,94.25,94.41999816894533,93.8000030517578,93.93000030517578,7383800,60.85624694824219
2016-07-21,93.88999938964844,94.26000213623048,93.45999908447266,93.8499984741211,6854600,60.804420471191406
2016-07-22,94.11000061035156,94.29000091552734,93.72000122070312,94.01000213623048,7139700,60.90807723999024
2016-07-25,93.47000122070312,93.62000274658205,91.76000213623048,92.1999969482422,10845900,59.73539352416992
2016-07-26,91.62999725341795,92.02999877929688,91.11000061035156,91.52999877929688,12143500,59.30132293701172
2016-07-27,91.51000213623048,91.80999755859376,90.62999725341795,90.91000366210938,10037900,58.89962387084961
2016-07-28,90.54000091552734,90.7300033569336,89.61000061035156,90.1999969482422,12439200,58.43961715698242
2016-07-29,87.61000061035156,89.01000213623047,86.12000274658203,88.94999694824219,23928100,57.6297721862793
2016-08-01,88.08000183105469,88.1500015258789,85.58999633789062,85.86000061035156,22908400,55.62778091430664
2016-08-02,86.44999694824219,87.31999969482422,85.58000183105469,87.04000091552734,18919200,56.392276763916016
2016-08-03,87.01000213623047,87.48999786376953,86.5999984741211,87.48999786376953,14632900,56.68383407592773
2016-08-04,87.5,87.6500015258789,87.02999877929688,87.4800033569336,13451400,56.6773796081543
2016-08-05,87.7300033569336,87.83000183105469,87.1500015258789,87.55999755859375,9617300,56.72917938232422
2016-08-08,88.05000305175781,88.88999938964844,88.02999877929688,88.58999633789062,10492700,57.3965072631836
2016-08-09,88.62000274658203,88.76000213623047,88.18000030517578,88.69999694824219,9654600,57.46780014038086
2016-08-10,87.77999877929688,87.91999816894531,86.01000213623047,86.41000366210938,12714800,56.461544036865234
2016-08-11,86.69000244140625,87.2699966430664,86.26000213623047,86.72000122070312,11616000,56.66407775878906
2016-08-12,86.95999908447266,87.9800033569336,86.9000015258789,87.8499984741211,9986900,57.40243911743164
2016-08-15,88.41999816894531,88.5,87.63999938964844,87.80999755859375,6432600,57.37630462646485
2016-08-16,87.83000183105469,88.18000030517578,87.37000274658203,87.91999816894531,6817900,57.44818878173828
2016-08-17,87.91999816894531,88.18000030517578,87.66000366210938,88.11000061035156,7104600,57.57234573364258
2016-08-18,88.37999725341797,88.94000244140625,88.12000274658203,88.91000366210938,10342700,58.095062255859375
2016-08-19,88.62999725341797,88.73999786376953,87.79000091552734,87.80000305175781,8615300,57.36978912353516
2016-08-22,87.30999755859375,88.0999984741211,86.8499984741211,87.98999786376953,8235400,57.49392318725586
2016-08-23,87.83999633789062,88.0199966430664,87.55999755859375,87.72000122070312,6514800,57.31748962402344
2016-08-24,87.5,88.16000366210938,87.3499984741211,88.0199966430664,7985400,57.513519287109375
2016-08-25,88.0199966430664,88.02999877929688,87.23999786376953,87.45999908447266,6935300,57.14761734008789
2016-08-26,87.62999725341797,88.11000061035156,87.0,87.2699966430664,6474400,57.023468017578125
2016-08-29,87.04000091552734,87.91999816894531,87.04000091552734,87.83999633789062,7027200,57.39590835571289
2016-08-30,87.87000274658203,88.25,87.37000274658203,87.5199966430664,6441100,57.18681716918945
2016-08-31,87.13999938964844,87.20999908447266,86.22000122070312,87.13999938964844,12491400,56.93852996826172
2016-09-01,86.72000122070312,86.83999633789062,86.08999633789062,86.83999633789062,8434700,56.742488861083984
2016-09-02,87.41999816894531,87.58000183105469,86.93000030517578,87.41999816894531,7099600,57.12148666381836
2016-09-06,87.83999633789062,88.63999938964844,87.66000366210938,88.56999969482422,9851200,57.87289047241211
2016-09-07,88.6500015258789,88.66999816894531,87.97000122070312,88.23999786376953,7470400,57.65728378295898
2016-09-08,88.55000305175781,89.37000274658203,88.04000091552734,89.05000305175781,9579500,58.186553955078125
2016-09-09,88.66000366210938,88.66000366210938,86.80000305175781,86.83999633789062,12820200,56.742488861083984
2016-09-12,86.77999877929688,87.70999908447266,86.62999725341797,87.29000091552734,10889000,57.0365104675293
2016-09-13,86.45999908447266,86.47000122070312,85.08000183105469,85.20999908447266,13214300,55.67741012573242
2016-09-14,85.04000091552734,85.83000183105469,84.2699966430664,84.5999984741211,13957000,55.27884292602539
2016-09-15,84.66999816894531,85.6500015258789,84.5199966430664,85.08000183105469,9062600,55.59248733520508
2016-09-16,84.51000213623047,85.05000305175781,83.55999755859375,84.02999877929688,21538400,54.90641021728516
2016-09-19,84.58000183105469,84.62000274658203,83.80999755859375,83.83000183105469,7929100,54.77571487426758
2016-09-20,83.7300033569336,83.94999694824219,82.54000091552734,82.54000091552734,17522000,53.932838439941406
2016-09-21,82.81999969482422,83.62000274658203,82.30999755859375,83.30000305175781,15055900,54.42941665649414
2016-09-22,84.27999877929688,84.55000305175781,83.37999725341797,83.54000091552734,10738500,54.586219787597656
2016-09-23,82.68000030517578,84.30999755859375,82.58999633789062,83.44999694824219,12667100,54.52743148803711
2016-09-26,83.5199966430664,84.5,82.93000030517578,83.05999755859375,10860300,54.27259063720703
2016-09-27,82.58999633789062,83.33999633789062,82.29000091552734,83.23999786376953,9595000,54.39019393920898
2016-09-28,83.45999908447266,87.2300033569336,83.33999633789062,86.9000015258789,28117900,56.78170776367188
2016-09-29,86.97000122070312,87.19999694824219,85.68000030517578,86.45999908447266,19082900,56.49420547485352
2016-09-30,86.83999633789062,87.80999755859375,86.6500015258789,87.27999877929688,15961500,57.03000259399414
2016-10-03,86.94000244140625,87.19999694824219,86.54000091552734,87.05000305175781,7111200,56.87970733642578
2016-10-04,87.37999725341797,87.5,86.06999969482422,86.25,8222000,56.35699462890625
2016-10-05,86.83000183105469,87.16999816894531,86.69999694824219,87.0,8796200,56.8470344543457
2016-10-06,87.25,87.47000122070312,86.44000244140625,87.04000091552734,7718300,56.8731803894043
2016-10-07,86.94999694824219,87.4000015258789,86.41999816894531,86.73999786376953,6614900,56.677154541015625
2016-10-10,87.54000091552734,88.66999816894531,87.51000213623047,88.44000244140625,10060000,57.78796005249024
2016-10-11,88.08000183105469,88.19000244140625,87.30000305175781,87.73999786376953,9309000,57.33057022094727
2016-10-12,87.22000122070312,87.72000122070312,86.66999816894531,87.12999725341797,8172600,56.93199157714844
2016-10-13,86.3499984741211,86.87000274658203,85.43000030517578,86.55999755859375,9890300,56.559547424316406
2016-10-14,87.19000244140625,87.54000091552734,86.4800033569336,86.54000091552734,7991700,56.54646682739258
2016-10-17,86.4800033569336,86.79000091552734,86.06999969482422,86.54000091552734,7263100,56.54646682739258
2016-10-18,87.16999816894531,87.33000183105469,86.37999725341797,86.7699966430664,5429300,56.6967658996582
2016-10-19,87.19000244140625,87.8499984741211,86.87999725341797,87.16999816894531,9373400,56.95811462402344
2016-10-20,86.79000091552734,87.5,86.5999984741211,87.20999908447266,6866900,56.9842414855957
2016-10-21,86.41999816894531,86.81999969482422,85.69999694824219,86.62000274658203,10736200,56.59873962402344
2016-10-24,86.73999786376953,87.31999969482422,86.06999969482422,86.91000366210938,8354900,56.78823471069336
2016-10-25,86.66999816894531,87.6500015258789,86.5999984741211,86.72000122070312,6835900,56.66407775878906
2016-10-26,86.25,87.44999694824219,85.94999694824219,87.08999633789062,8488100,56.905853271484375
2016-10-27,87.27999877929688,87.66000366210938,86.80000305175781,86.91999816894531,9071100,56.79476547241211
2016-10-28,85.27999877929688,86.36000061035156,84.13999938964844,84.77999877929688,19072200,55.39645767211914
2016-10-31,83.87999725341797,84.4000015258789,82.98999786376953,83.31999969482422,16663800,54.44247817993164
2016-11-01,83.5,83.91999816894531,83.2699966430664,83.6500015258789,13050600,54.658111572265625
2016-11-02,83.30000305175781,83.87999725341797,82.94000244140625,83.44999694824219,11226100,54.52743148803711
2016-11-03,83.68000030517578,83.87999725341797,83.05000305175781,83.66000366210938,8836500,54.66463470458984
2016-11-04,83.62999725341797,84.33000183105469,82.76000213623047,83.56999969482422,13877100,54.6058349609375
2016-11-07,84.48999786376953,85.47000122070312,84.4000015258789,85.44999694824219,13576200,55.83424377441406
2016-11-08,84.7300033569336,85.83000183105469,84.48999786376953,85.30999755859375,9735200,56.23637390136719
2016-11-09,84.05000305175781,86.70999908447266,83.66000366210938,86.25,15901300,56.85602569580078
2016-11-10,85.91000366210938,87.98999786376953,85.66000366210938,87.05000305175781,14106100,57.38337326049805
2016-11-11,86.52999877929688,86.7300033569336,84.88999938964844,85.66999816894531,13812200,56.47367477416992
2016-11-14,85.30000305175781,85.6500015258789,84.33000183105469,85.27999877929688,12607500,56.21659469604492
2016-11-15,85.7699966430664,87.05999755859375,85.7699966430664,86.81999969482422,12883500,57.23176574707031
2016-11-16,86.73999786376953,86.77999877929688,85.58000183105469,85.75,8201200,56.52640914916992
2016-11-17,86.44000244140625,86.87999725341797,85.0199966430664,85.2300033569336,8200500,56.18363952636719
2016-11-18,85.20999908447266,85.6500015258789,84.83000183105469,85.27999877929688,8457800,56.21659469604492
2016-11-21,86.44000244140625,86.69000244140625,86.13999938964844,86.48999786376953,8861500,57.01423263549805
2016-11-22,86.69000244140625,87.23999786376953,85.97000122070312,86.68000030517578,9390200,57.13948059082031
2016-11-23,86.54000091552734,87.08000183105469,86.30999755859375,86.91999816894531,5996300,57.29768753051758
2016-11-25,86.70999908447266,87.13999938964844,86.54000091552734,87.12000274658203,5042300,57.42952728271485
2016-11-28,86.94999694824219,87.12999725341797,86.37000274658203,86.47000122070312,7449600,57.00104141235352
2016-11-29,85.41999816894531,86.08000183105469,85.08000183105469,85.9000015258789,9181100,56.62529373168945
2016-11-30,87.5999984741211,88.19000244140625,87.19999694824219,87.30000305175781,22696200,57.54819107055664
2016-12-01,87.9800033569336,88.5,87.23999786376953,87.23999786376953,13005600,57.50864028930664
2016-12-02,87.19000244140625,87.98999786376953,86.5999984741211,87.04000091552734,9706600,57.37678146362305
2016-12-05,87.38999938964844,87.81999969482422,86.91999816894531,87.4800033569336,11741100,57.666839599609375
2016-12-06,87.2699966430664,87.87000274658203,86.69999694824219,87.55999755859375,11293600,57.71957015991211
2016-12-07,87.62999725341797,88.1500015258789,87.19999694824219,88.06999969482422,11182600,58.05574798583984
2016-12-08,88.05000305175781,88.8499984741211,87.6500015258789,88.31999969482422,9086700,58.22057723999024
2016-12-09,88.63999938964844,89.0,88.18000030517578,89.0,8021700,58.66881561279297
2016-12-12,90.13999938964844,91.5,90.13999938964844,90.9800033569336,15545400,59.97406005859375
2016-12-13,91.88999938964844,93.22000122070312,91.16999816894533,92.58000183105467,18829300,61.02875518798828
2016-12-14,92.26000213623048,92.2699966430664,90.16999816894533,90.58000183105467,16325400,59.71034622192383
2016-12-15,90.0999984741211,90.9800033569336,89.76000213623047,90.88999938964844,11155100,59.91469955444336
2016-12-16,91.5199966430664,91.66999816894533,90.63999938964844,91.18000030517578,20560400,60.10588073730469
2016-12-19,91.37999725341795,91.54000091552734,90.1999969482422,90.41999816894533,9674400,59.60486602783203
2016-12-20,90.51000213623048,90.8499984741211,90.29000091552734,90.43000030517578,7221000,59.61147689819336
2016-12-21,90.68000030517578,90.9000015258789,90.18000030517578,90.27999877929688,7308000,59.51258087158203
2016-12-22,90.0199966430664,90.9000015258789,90.0199966430664,90.87000274658205,8003100,59.90150451660156
2016-12-23,90.88999938964844,90.95999908447266,90.5199966430664,90.70999908447266,4266500,59.79604721069336
2016-12-27,90.83000183105467,91.11000061035156,90.58000183105467,90.75,4960600,59.82240295410156
2016-12-28,90.68000030517578,91.11000061035156,90.26000213623048,90.3000030517578,6745900,59.52577590942383
2016-12-29,90.0999984741211,90.5999984741211,90.02999877929688,90.3499984741211,6684700,59.558712005615234
2016-12-30,90.02999877929688,90.6999969482422,90.01000213623047,90.26000213623048,9117800,59.49940872192383
2017-01-03,90.94000244140624,91.33999633789062,90.1500015258789,90.88999938964844,10360600,59.91469955444336
2017-01-04,91.12000274658205,91.1500015258789,89.75,89.88999938964844,9434200,59.2555046081543
2017-01-05,90.19000244140624,90.3000030517578,88.44000244140625,88.55000305175781,14443200,58.3721809387207
2017-01-06,88.79000091552734,88.9800033569336,87.81999969482422,88.5,16518100,58.33921813964844
2017-01-09,88.22000122070312,88.22000122070312,86.55000305175781,87.04000091552734,13762300,57.37678146362305
2017-01-10,87.16999816894531,87.30999755859375,85.91000366210938,85.93000030517578,13283100,56.64506149291992
2017-01-11,85.9000015258789,86.94999694824219,85.86000061035156,86.80999755859375,11183700,57.22515487670898
2017-01-12,87.2699966430664,87.37999725341797,86.06999969482422,86.33999633789062,10407000,56.91533279418945
2017-01-13,86.2699966430664,86.68000030517578,86.16999816894531,86.3499984741211,8415600,56.92192840576172
2017-01-17,86.58000183105469,87.38999938964844,86.25,87.36000061035156,13237300,57.58772277832031
2017-01-18,87.05999755859375,87.41000366210938,86.05000305175781,86.27999877929688,11831700,56.87576675415039
2017-01-19,85.97000122070312,86.0999984741211,84.58999633789062,84.7300033569336,16382900,55.85403060913086
2017-01-20,85.44000244140625,85.95999908447266,85.05000305175781,85.88999938964844,18739700,56.61870956420898
2017-01-23,85.68000030517578,85.87999725341797,84.75,84.97000122070312,11433900,56.01222610473633
2017-01-24,84.9800033569336,85.47000122070312,84.83000183105469,85.08999633789062,11858100,56.09135055541992
2017-01-25,85.33999633789062,85.87999725341797,85.25,85.33999633789062,9578500,56.256134033203125
2017-01-26,85.69000244140625,85.83000183105469,85.12000274658203,85.5999984741211,8779400,56.42753601074219
2017-01-27,85.30000305175781,85.75,85.04000091552734,85.51000213623047,10947900,56.368202209472656
2017-01-30,85.41999816894531,85.44999694824219,84.18000030517578,84.86000061035156,12789200,55.939701080322266
2017-01-31,85.04000091552734,85.06999969482422,83.12999725341797,83.88999938964844,19128100,55.30031204223633
2017-02-01,84.0,84.16000366210938,82.54000091552734,82.94000244140625,15111800,54.67406463623047
2017-02-02,83.20999908447266,83.52999877929688,82.55000305175781,83.44999694824219,12200100,55.01026916503906
2017-02-03,83.69999694824219,83.72000122070312,82.9000015258789,83.54000091552734,12746300,55.06957626342773
2017-02-06,83.55000305175781,83.6500015258789,82.93000030517578,83.30999755859375,9938200,54.91794967651367
2017-02-07,83.2300033569336,83.62000274658203,82.44999694824219,82.7699966430664,11705200,54.56201553344727
2017-02-08,81.98999786376953,82.12000274658203,81.16999816894531,81.4800033569336,14006300,54.20278549194336
2017-02-09,81.4800033569336,82.05000305175781,81.4800033569336,81.83999633789062,9603000,54.4422721862793
2017-02-10,82.26000213623047,82.7699966430664,82.12999725341797,82.5199966430664,8739800,54.89461135864258
2017-02-13,82.7699966430664,83.18000030517578,82.3499984741211,83.0,9071600,55.21392440795898
2017-02-14,82.91000366210938,83.0999984741211,82.05999755859375,82.81999969482422,11370500,55.09418487548828
2017-02-15,82.63999938964844,83.18000030517578,82.45999908447266,83.16000366210938,11768500,55.32036590576172
2017-02-16,83.12000274658203,83.41999816894531,82.16999816894531,82.30000305175781,10615000,54.74827194213867
2017-02-17,82.08999633789062,82.19000244140625,81.44000244140625,81.76000213623047,15646000,54.3890380859375
2017-02-21,82.12000274658203,82.1500015258789,81.30000305175781,81.88999938964844,16419600,54.47551727294922
2017-02-22,81.6500015258789,81.69999694824219,80.87000274658203,80.93000030517578,12917400,53.83689880371094
2017-02-23,81.41999816894531,82.22000122070312,81.02999877929688,81.77999877929688,13847000,54.4023551940918
2017-02-24,81.5999984741211,81.80000305175781,80.76000213623047,81.08000183105469,11338700,53.93667984008789
2017-02-27,81.12999725341797,81.70999908447266,80.80999755859375,81.54000091552734,13465900,54.2426872253418
2017-02-28,81.52999877929688,81.98999786376953,81.05000305175781,81.31999969482422,16834200,54.09634780883789
2017-03-01,81.69999694824219,83.33000183105469,81.69999694824219,83.0199966430664,17482100,55.22723388671875
2017-03-02,82.80000305175781,84.25,82.79000091552734,83.30000305175781,14170300,55.41350173950195
2017-03-03,83.30000305175781,83.5999984741211,82.26000213623047,82.45999908447266,12190400,54.85470962524414
2017-03-06,82.44000244140625,82.9000015258789,82.33000183105469,82.83000183105469,9617200,55.1008415222168
2017-03-07,83.11000061035156,83.29000091552734,82.13999938964844,82.5199966430664,12711500,54.89461135864258
2017-03-08,82.3499984741211,82.37999725341797,81.01000213623047,81.02999877929688,16817700,53.9034423828125
2017-03-09,80.63999938964844,81.72000122070312,80.30999755859375,81.66999816894531,14721800,54.32917785644531
2017-03-10,82.44000244140625,82.47000122070312,81.16000366210938,81.61000061035156,11355200,54.289249420166016
2017-03-13,81.5,81.94000244140625,81.05000305175781,81.41999816894531,9571400,54.16285705566406
2017-03-14,81.0,81.2300033569336,80.44000244140625,80.98999786376953,11335700,53.87682342529297
2017-03-15,81.3499984741211,82.05999755859375,81.05000305175781,82.0,11970300,54.5486946105957
2017-03-16,82.02999877929688,82.19999694824219,81.66999816894531,82.06999969482422,9923800,54.59526443481445
2017-03-17,82.02999877929688,82.26000213623047,81.81999969482422,82.0,18834100,54.5486946105957
2017-03-20,81.72000122070312,82.04000091552734,81.44000244140625,82.0,7700300,54.5486946105957
2017-03-21,82.16000366210938,82.3499984741211,81.5999984741211,81.83000183105469,13387700,54.43561172485352
2017-03-22,81.95999908447266,82.08999633789062,81.43000030517578,81.76000213623047,11168400,54.3890380859375
2017-03-23,81.62999725341797,82.22000122070312,81.45999908447266,81.86000061035156,8928000,54.45557022094727
2017-03-24,82.02999877929688,82.02999877929688,81.1500015258789,81.2300033569336,9128500,54.03648376464844
2017-03-27,80.81999969482422,81.43000030517578,80.79000091552734,81.25,8481200,54.04977035522461
2017-03-28,81.31999969482422,82.0199966430664,80.95999908447266,81.83999633789062,11028600,54.4422721862793
2017-03-29,81.69000244140625,82.27999877929688,81.55000305175781,82.0199966430664,8495500,54.5620231628418
2017-03-30,82.02999877929688,83.87000274658203,81.94000244140625,83.69999694824219,44704900,55.67958068847656
2017-03-31,83.26000213623047,83.30999755859375,81.86000061035156,82.01000213623047,21750400,54.55533599853516
2017-04-03,82.0199966430664,82.30999755859375,81.3499984741211,82.06999969482422,11438700,54.59526443481445
2017-04-04,82.0999984741211,82.41999816894531,81.33000183105469,82.37000274658203,9270900,54.794830322265625
2017-04-05,82.8499984741211,83.55000305175781,82.47000122070312,82.52999877929688,13809100,54.90126419067383
2017-04-06,82.75,83.20999908447266,82.45999908447266,83.01000213623047,9554900,55.22057723999024
2017-04-07,83.23999786376953,83.36000061035156,82.68000030517578,82.76000213623047,8909600,55.05426025390625
2017-04-10,83.12000274658203,83.47000122070312,82.91999816894531,83.12999725341797,8885300,55.30039596557617
2017-04-11,83.08000183105469,83.16999816894531,82.41999816894531,82.83999633789062,8576500,55.10747909545898
2017-04-12,82.86000061035156,83.3499984741211,82.69999694824219,82.97000122070312,9516100,55.193965911865234
2017-04-13,82.72000122070312,82.7300033569336,81.56999969482422,81.69000244140625,8667900,54.34246826171875
2017-04-17,81.8499984741211,81.97000122070312,81.44000244140625,81.58000183105469,9577200,54.26930236816406
2017-04-18,81.31999969482422,81.81999969482422,81.02999877929688,81.05000305175781,8821400,53.91672897338867
2017-04-19,81.16999816894531,81.51000213623047,80.30000305175781,80.48999786376953,10764400,53.54418182373047
2017-04-20,80.94999694824219,81.73999786376953,80.69999694824219,81.01000213623047,11649100,53.89012145996094
2017-04-21,80.93000030517578,81.0,80.47000122070312,80.69000244140625,9816700,53.677242279052734
2017-04-24,81.27999877929688,81.4000015258789,80.80999755859375,81.11000061035156,8729700,53.95663833618164
2017-04-25,81.43000030517578,81.93000030517578,81.27999877929688,81.7300033569336,10733800,54.369083404541016
2017-04-26,81.5199966430664,82.33000183105469,81.38999938964844,81.4000015258789,9445900,54.14957427978516
2017-04-27,81.06999969482422,81.30000305175781,80.94000244140625,81.26000213623047,12385300,54.056419372558594
2017-04-28,82.45999908447266,82.48999786376953,81.55999755859375,81.6500015258789,12072200,54.315860748291016
2017-05-01,81.51000213623047,82.20999908447266,81.4800033569336,82.05999755859375,8664100,54.58859252929688
2017-05-02,82.13999938964844,82.58999633789062,81.9000015258789,82.05000305175781,9102900,54.58197021484375
2017-05-03,81.97000122070312,83.06999969482422,81.91000366210938,82.69999694824219,10289000,55.01436614990234
2017-05-04,82.29000091552734,82.36000061035156,81.4000015258789,81.63999938964844,16164500,54.30922317504883
2017-05-05,81.62999725341797,82.23999786376953,81.61000061035156,82.0199966430664,10213000,54.5620231628418
2017-05-08,82.0,82.94000244140625,82.0,82.88999938964844,8097100,55.14075469970703
2017-05-09,82.95999908447266,83.0,82.16000366210938,82.30999755859375,8647100,54.75490951538086
2017-05-10,82.12000274658203,82.37000274658203,81.6500015258789,81.91000366210938,9520300,55.00338745117188
2017-05-11,82.58999633789062,82.70999908447266,82.0999984741211,82.61000061035156,10047300,55.473426818847656
2017-05-12,82.38999938964844,82.70999908447266,82.25,82.55000305175781,7480200,55.43314743041992
2017-05-15,83.0,83.18000030517578,82.6500015258789,82.80000305175781,10881500,55.60102462768555
2017-05-16,82.9000015258789,83.2300033569336,82.44999694824219,82.55000305175781,9574200,55.43314743041992
2017-05-17,82.55000305175781,83.04000091552734,81.95999908447266,81.98999786376953,11151100,55.05708312988281
2017-05-18,81.7699966430664,82.1500015258789,81.41999816894531,81.75,9905800,54.89592361450195
2017-05-19,82.0,82.08999633789062,81.69000244140625,81.93000030517578,13028500,55.01680755615234
2017-05-22,82.11000061035156,82.33000183105469,81.93000030517578,82.29000091552734,9218700,55.2585563659668
2017-05-23,82.31999969482422,82.88999938964844,82.23999786376953,82.58000183105469,6857200,55.45328903198242
2017-05-24,82.41999816894531,82.54000091552734,82.01000213623047,82.29000091552734,8136000,55.2585563659668
2017-05-25,82.33000183105469,82.70999908447266,81.5199966430664,81.75,12370900,54.89592361450195
2017-05-26,81.61000061035156,81.80000305175781,80.83000183105469,81.55000305175781,8227100,54.76161956787109
2017-05-30,81.27999877929688,81.33999633789062,81.04000091552734,81.0999984741211,8973600,54.459449768066406
2017-05-31,80.94000244140625,80.94999694824219,80.47000122070312,80.5,13572300,54.05655670166016
2017-06-01,80.37000274658203,80.9000015258789,80.19000244140625,80.69999694824219,9884100,54.19084930419922
2017-06-02,80.58999633789062,80.68000030517578,79.26000213623047,79.5,21687300,53.385040283203125
2017-06-05,79.44000244140625,80.38999938964844,79.4000015258789,80.12000274658203,11527100,53.80137252807617
2017-06-06,80.30000305175781,81.31999969482422,80.22000122070312,81.20999908447266,12208600,54.53331756591797
2017-06-07,81.05000305175781,81.4000015258789,80.33999633789062,80.91000366210938,13096500,54.331878662109375
2017-06-08,80.91000366210938,81.08000183105469,80.48999786376953,80.62000274658203,11720700,54.13713836669922
2017-06-09,81.1500015258789,82.13999938964844,80.69000244140625,82.12999725341797,13553900,55.151100158691406
2017-06-12,82.12999725341797,83.69000244140625,82.12999725341797,82.93000030517578,18172900,55.68831253051758
2017-06-13,82.8499984741211,83.2699966430664,82.56999969482422,82.95999908447266,12175500,55.70846176147461
2017-06-14,82.80999755859375,82.81999969482422,81.55999755859375,82.06999969482422,13714000,55.110816955566406
2017-06-15,81.77999877929688,82.4000015258789,81.58000183105469,82.26000213623047,11862600,55.2384033203125
2017-06-16,82.61000061035156,83.54000091552734,82.19999694824219,83.48999786376953,39726100,56.064361572265625
2017-06-19,83.48999786376953,83.48999786376953,82.55000305175781,82.76000213623047,10445700,55.57414627075195
2017-06-20,82.06999969482422,82.47000122070312,81.41000366210938,82.30999755859375,13232600,55.27197265625
2017-06-21,82.04000091552734,82.62999725341797,81.13999938964844,81.44000244140625,11422300,54.68777847290039
2017-06-22,81.44999694824219,81.58000183105469,80.9000015258789,81.08000183105469,8139900,54.44601058959961
2017-06-23,80.8499984741211,81.69000244140625,80.76000213623047,81.61000061035156,10611200,54.80191421508789
2017-06-26,81.56999969482422,81.75,80.91000366210938,81.23999786376953,7718700,54.55344009399414
2017-06-27,81.44999694824219,81.7300033569336,81.11000061035156,81.11000061035156,9221600,54.46616363525391
2017-06-28,81.41000366210938,81.76000213623047,81.19000244140625,81.52999877929688,9189700,54.74819564819336
2017-06-29,81.37000274658203,81.83999633789062,80.41000366210938,80.69999694824219,20525100,54.19084930419922
2017-06-30,81.08000183105469,81.23999786376953,80.69999694824219,80.7300033569336,14000600,54.21101379394531
2017-07-03,80.79000091552734,82.48999786376953,80.72000122070312,82.0999984741211,8422300,55.130958557128906
2017-07-05,81.68000030517578,81.68000030517578,80.5199966430664,80.8499984741211,9830800,54.29157638549805
2017-07-06,80.86000061035156,81.08000183105469,80.08999633789062,80.12000274658203,9822400,53.80137252807617
2017-07-07,80.19999694824219,80.5999984741211,79.80999755859375,80.22000122070312,10777800,53.868534088134766
2017-07-10,80.0,80.41000366210938,79.95999908447266,80.16000366210938,6338300,53.82822799682617
2017-07-11,80.33000183105469,80.75,80.04000091552734,80.5999984741211,9681100,54.12369918823242
2017-07-12,81.19000244140625,81.5199966430664,80.75,80.95999908447266,7974000,54.36544036865234
2017-07-13,80.97000122070312,81.08999633789062,80.7300033569336,80.97000122070312,5582300,54.372161865234375
2017-07-14,81.0,81.41000366210938,80.7699966430664,81.27999877929688,7497200,54.58031463623047
2017-07-17,81.0,81.43000030517578,80.83000183105469,80.86000061035156,7914700,54.298282623291016
2017-07-18,81.0199966430664,81.08000183105469,80.41000366210938,80.5999984741211,8046100,54.12369918823242
2017-07-19,80.44000244140625,80.87000274658203,80.2699966430664,80.8499984741211,9393200,54.29157638549805
2017-07-20,80.97000122070312,81.48999786376953,80.75,80.86000061035156,9681000,54.298282623291016
2017-07-21,80.6500015258789,80.83999633789062,80.0,80.12000274658203,12268600,53.80137252807617
2017-07-24,80.05999755859375,80.22000122070312,79.76000213623047,79.87000274658203,9403000,53.63350677490234
2017-07-25,80.7699966430664,81.05000305175781,80.2699966430664,80.2699966430664,11465300,53.902103424072266
2017-07-26,80.58000183105469,80.9000015258789,80.19999694824219,80.37000274658203,10465100,53.96924591064453
2017-07-27,80.23999786376953,80.87999725341797,79.9000015258789,80.83000183105469,11149700,54.278133392333984
2017-07-28,79.6500015258789,79.91999816894531,78.2699966430664,79.5999984741211,22800800,53.45218276977539
2017-07-31,79.83000183105469,80.38999938964844,79.5999984741211,80.04000091552734,12820200,53.747650146484375
2017-08-01,80.16000366210938,80.54000091552734,79.97000122070312,80.16999816894531,10421200,53.83494567871094
2017-08-02,79.9000015258789,80.63999938964844,79.80000305175781,80.5999984741211,10410100,54.12369918823242
2017-08-03,80.33999633789062,80.81999969482422,80.30000305175781,80.48999786376953,10136700,54.04980850219727
2017-08-04,80.44000244140625,80.55999755859375,80.05000305175781,80.20999908447266,8292200,53.861793518066406
2017-08-07,80.16999816894531,80.16999816894531,79.86000061035156,80.16000366210938,7893800,53.82822799682617
2017-08-08,80.0199966430664,80.22000122070312,79.83000183105469,79.95999908447266,9028400,53.69392013549805
2017-08-09,80.25,80.3499984741211,79.77999877929688,80.20999908447266,8087100,53.861793518066406
2017-08-10,79.76000213623047,79.77999877929688,78.91000366210938,78.97000122070312,12580300,53.54314804077149
2017-08-11,79.20999908447266,79.25,78.19999694824219,78.20999908447266,10192400,53.02785110473633
2017-08-14,78.62000274658203,78.79000091552734,78.12000274658203,78.2300033569336,8862500,53.04140472412109
2017-08-15,78.12000274658203,78.25,77.68000030517578,78.04000091552734,10350900,52.91258239746094
2017-08-16,78.04000091552734,78.16999816894531,77.30999755859375,77.47000122070312,9117100,52.52610397338867
2017-08-17,77.26000213623047,77.27999877929688,76.20999908447266,76.26000213623047,13400400,51.70570755004883
2017-08-18,76.18000030517578,77.11000061035156,76.05000305175781,76.63999938964844,14324300,51.96335983276367
2017-08-21,76.47000122070312,76.62000274658203,76.08000183105469,76.37999725341797,10084900,51.78707885742188
2017-08-22,76.55000305175781,77.33000183105469,76.52999877929688,76.73999786376953,9503600,52.03115463256836
2017-08-23,76.69999694824219,77.01000213623047,76.47000122070312,76.61000061035156,7054300,51.94302368164063
2017-08-24,76.5,76.6500015258789,76.19999694824219,76.33000183105469,8678300,51.75317001342773
2017-08-25,76.55999755859375,77.12999725341797,76.43000030517578,76.72000122070312,6844900,52.01759719848633
2017-08-28,76.9000015258789,76.94000244140625,76.26000213623047,76.47000122070312,8229700,51.84808349609375
2017-08-29,76.20999908447266,76.48999786376953,76.08000183105469,76.44999694824219,7060400,51.83451843261719
2017-08-30,76.23999786376953,76.44999694824219,76.05999755859375,76.0999984741211,8218000,51.59721755981445
2017-08-31,76.2699966430664,76.48999786376953,76.05000305175781,76.33000183105469,15641700,51.75317001342773
2017-09-01,76.37000274658203,76.8499984741211,76.31999969482422,76.56999969482422,7361100,51.915897369384766
2017-09-05,76.63999938964844,77.36000061035156,76.61000061035156,77.18000030517578,12784800,52.32948684692383
2017-09-06,77.88999938964844,79.22000122070312,77.58000183105469,78.77999877929688,18574400,53.41430282592773
2017-09-07,79.0199966430664,79.33000183105469,78.61000061035156,79.02999877929688,9836400,53.58382415771485
2017-09-08,79.01000213623047,79.04000091552734,78.62999725341797,78.81999969482422,8436000,53.4414291381836
2017-09-11,79.41000366210938,79.41999816894531,78.9000015258789,79.25,12955800,53.73297500610352
2017-09-12,79.4000015258789,79.69000244140625,79.23999786376953,79.5,7644400,53.90249633789063
2017-09-13,79.5,79.7699966430664,79.37999725341797,79.7699966430664,8369700,54.08554458618164
2017-09-14,79.8499984741211,80.2300033569336,79.7699966430664,80.08999633789062,9072600,54.302513122558594
2017-09-15,80.12000274658203,80.20999908447266,79.55000305175781,80.06999969482422,16043700,54.28896331787109
2017-09-18,79.79000091552734,80.13999938964844,79.69999694824219,80.08999633789062,8594400,54.302513122558594
2017-09-19,80.05999755859375,80.38999938964844,79.98999786376953,80.22000122070312,9277100,54.39067459106445
2017-09-20,80.27999877929688,80.66000366210938,80.26000213623047,80.55000305175781,10606900,54.61440658569336
2017-09-21,80.48999786376953,80.52999877929688,79.76000213623047,79.88999938964844,11984200,54.16691970825195
2017-09-22,79.72000122070312,80.30000305175781,79.66999816894531,79.91999816894531,10205800,54.1872673034668
2017-09-25,80.02999877929688,81.0,79.9800033569336,80.9800033569336,10496600,54.90597152709961
2017-09-26,80.70999908447266,81.0,80.55999755859375,80.88999938964844,8755100,54.84493637084961
2017-09-27,80.88999938964844,81.44999694824219,80.79000091552734,81.43000030517578,9724500,55.21107864379883
2017-09-28,81.62999725341797,82.44999694824219,81.55999755859375,82.19000244140625,15581700,55.72636032104492
2017-09-29,81.94000244140625,82.05999755859375,81.58000183105469,81.9800033569336,9944000,55.5839729309082
2017-10-02,81.30000305175781,81.81999969482422,81.25,81.62999725341797,6777900,55.34668350219727
2017-10-03,81.41000366210938,81.97000122070312,81.30000305175781,81.76000213623047,6082000,55.43480682373047
2017-10-04,81.80000305175781,81.87000274658203,81.44999694824219,81.79000091552734,6357100,55.45514297485352
2017-10-05,81.72000122070312,82.23999786376953,81.58999633789062,82.0199966430664,7375900,55.61111831665039
2017-10-06,81.7699966430664,81.88999938964844,81.36000061035156,81.70999908447266,6070600,55.40090560913086
2017-10-09,81.83999633789062,82.18000030517578,81.76000213623047,82.02999877929688,7489900,55.61788177490234
2017-10-10,82.33999633789062,82.73999786376953,82.08999633789062,82.26000213623047,7218500,55.7738151550293
2017-10-11,82.16000366210938,82.73999786376953,82.13999938964844,82.5999984741211,7023700,56.00435256958008
2017-10-12,82.30999755859375,82.5,82.16999816894531,82.43000030517578,6647500,55.88907623291016
2017-10-13,82.7300033569336,83.08000183105469,82.36000061035156,82.41000366210938,7180000,55.875518798828125
2017-10-16,82.69999694824219,82.94999694824219,82.54000091552734,82.80999755859375,5734000,56.146732330322266
2017-10-17,82.62999725341797,82.97000122070312,82.54000091552734,82.95999908447266,6444100,56.24843215942383
2017-10-18,82.95999908447266,83.38999938964844,82.54000091552734,82.76000213623047,6367100,56.11282730102539
2017-10-19,82.3499984741211,83.05000305175781,82.33000183105469,82.73999786376953,7945500,56.09927749633789
2017-10-20,82.8499984741211,83.12999725341797,82.62000274658203,83.11000061035156,9574100,56.350128173828125
2017-10-23,83.1500015258789,83.76000213623047,83.04000091552734,83.23999786376953,9829900,56.43827819824219
2017-10-24,83.55000305175781,83.80999755859375,83.30999755859375,83.47000122070312,7551200,56.5942268371582
2017-10-25,83.44999694824219,83.7300033569336,82.94999694824219,83.16999816894531,9153300,56.39080810546875
2017-10-26,83.37000274658203,83.6500015258789,83.11000061035156,83.47000122070312,9154500,56.5942268371582
2017-10-27,83.0,84.23999786376953,82.01000213623047,83.70999908447266,14866200,56.756927490234375
2017-10-30,83.70999908447266,83.94999694824219,83.41000366210938,83.54000091552734,7811100,56.64167785644531
2017-10-31,83.6500015258789,83.68000030517578,83.16999816894531,83.3499984741211,9754200,56.51285171508789
2017-11-01,83.38999938964844,83.94000244140625,83.26000213623047,83.87000274658203,9430000,56.86544799804688
2017-11-02,83.5999984741211,83.70999908447266,82.91000366210938,83.52999877929688,7775500,56.634910583496094
2017-11-03,83.41999816894531,83.63999938964844,83.16000366210938,83.18000030517578,6903500,56.39759826660156
2017-11-06,83.30000305175781,83.87000274658203,83.05999755859375,83.75,9276700,56.78408050537109
2017-11-07,83.73999786376953,83.81999969482422,83.02999877929688,83.58000183105469,8471800,56.66881561279297
2017-11-08,83.36000061035156,83.5,82.86000061035156,83.47000122070312,8691600,56.5942268371582
2017-11-09,83.30000305175781,84.13999938964844,83.08000183105469,83.97000122070312,10528800,56.93323516845703
2017-11-10,83.01000213623047,83.08000183105469,82.41999816894531,82.94000244140625,8693700,56.75530624389648
2017-11-13,82.6500015258789,83.08999633789062,82.5999984741211,82.88999938964844,6720400,56.72111892700195
2017-11-14,82.41999816894531,82.75,82.08999633789062,82.23999786376953,9251700,56.276309967041016
2017-11-15,81.75,82.08999633789062,81.1500015258789,81.20999908447266,9663600,55.57148361206055
2017-11-16,80.44000244140625,80.8499984741211,80.1500015258789,80.55999755859375,10527200,55.1266975402832
2017-11-17,80.31999969482422,80.66000366210938,80.16000366210938,80.23999786376953,9536400,54.90773010253906
2017-11-20,80.2300033569336,80.63999938964844,80.01000213623047,80.55000305175781,8468600,55.11985397338867
2017-11-21,80.69000244140625,81.25,80.63999938964844,80.87000274658203,8838400,55.33883666992188
2017-11-22,81.16000366210938,81.41000366210938,81.05000305175781,81.0999984741211,7941600,55.496219635009766
2017-11-24,81.44000244140625,81.69999694824219,81.22000122070312,81.41999816894531,3851300,55.71518707275391
2017-11-27,81.31999969482422,81.4000015258789,81.0199966430664,81.11000061035156,9127500,55.503074645996094
2017-11-28,81.41000366210938,82.0,81.30999755859375,81.66999816894531,9794600,55.88627624511719
2017-11-29,81.6500015258789,82.30999755859375,81.4800033569336,82.2699966430664,9725000,56.29682540893555
2017-11-30,82.44999694824219,83.4000015258789,82.41000366210938,83.29000091552734,18592700,56.99481201171875
2017-12-01,83.44000244140625,84.12999725341797,82.41000366210938,83.45999908447266,13779300,57.11114501953125
2017-12-04,83.20999908447266,84.18000030517578,83.0,83.56999969482422,12597700,57.18643569946289
2017-12-05,83.41000366210938,83.7699966430664,82.70999908447266,82.88999938964844,9357200,56.72111892700195
2017-12-06,82.8499984741211,83.19999694824219,82.20999908447266,82.27999877929688,13398900,56.30368041992188
2017-12-07,82.4000015258789,82.62000274658203,82.16999816894531,82.55000305175781,11359600,56.48844909667969
2017-12-08,82.48999786376953,82.9000015258789,82.26000213623047,82.66000366210938,11988600,56.56371307373047
2017-12-11,83.04000091552734,83.25,82.73999786376953,83.02999877929688,8760700,56.816890716552734
2017-12-12,82.88999938964844,83.37999725341797,82.69999694824219,82.76000213623047,11307000,56.63213348388672
2017-12-13,82.61000061035156,83.30000305175781,82.4800033569336,83.12000274658203,10172700,56.87850570678711
2017-12-14,83.02999877929688,83.33000183105469,82.88999938964844,82.9000015258789,9492400,56.72794342041016
2017-12-15,83.16000366210938,83.27999877929688,82.87000274658203,83.02999877929688,26582300,56.816890716552734
2017-12-18,83.18000030517578,83.66999816894531,82.91000366210938,82.94000244140625,9363500,56.75530624389648
2017-12-19,83.02999877929688,83.16999816894531,82.33000183105469,82.44000244140625,10285100,56.41317367553711
2017-12-20,82.5999984741211,83.13999938964844,82.5199966430664,82.87000274658203,10620300,56.707427978515625
2017-12-21,83.3499984741211,84.2699966430664,82.95999908447266,83.8499984741211,13578100,57.37801361083984
2017-12-22,83.87999725341797,84.0199966430664,83.5999984741211,83.97000122070312,10161400,57.46013641357422
2017-12-26,83.95999908447266,84.36000061035156,83.9000015258789,83.9800033569336,4777200,57.466983795166016
2017-12-27,83.98999786376953,84.0999984741211,83.73999786376953,83.9000015258789,7000600,57.4122314453125
2017-12-28,83.9800033569336,84.05000305175781,83.80000305175781,84.0199966430664,7495300,57.49433898925781
2017-12-29,84.0,84.19999694824219,83.63999938964844,83.63999938964844,8523400,57.23431015014648
2018-01-02,83.81999969482422,85.19999694824219,83.66000366210938,85.02999877929688,11469300,58.18551254272461
2018-01-03,85.16000366210938,86.97000122070312,84.81999969482422,86.69999694824219,13957700,59.32826232910156
2018-01-04,86.79000091552734,87.22000122070312,86.43000030517578,86.81999969482422,10863000,59.41037368774414
2018-01-05,86.75,86.87999725341797,85.70999908447266,86.75,11047600,59.36248016357422
2018-01-08,86.69999694824219,87.1500015258789,86.5999984741211,87.13999938964844,10927100,59.62935256958008
2018-01-09,86.94000244140625,87.1500015258789,86.6500015258789,86.7699966430664,8131600,59.37614822387695
2018-01-10,87.0,87.19000244140625,85.9800033569336,86.08000183105469,10822300,58.90400314331055
2018-01-11,86.36000061035156,87.37000274658203,85.93000030517578,86.93000030517578,14366000,59.48564910888672
2018-01-12,87.19999694824219,87.98999786376953,87.18000030517578,87.5199966430664,9834500,59.88936996459961
2018-01-16,87.73999786376953,87.76000213623047,86.5999984741211,86.97000122070312,10882800,59.51302337646485
2018-01-17,87.19999694824219,88.20999908447266,86.93000030517578,88.0,10546000,60.21783065795898
2018-01-18,87.7699966430664,88.19000244140625,87.33999633789062,87.43000030517578,9223700,59.82778930664063
2018-01-19,87.56999969482422,87.76000213623047,86.61000061035156,87.1500015258789,13090000,59.63619995117188
2018-01-22,87.16999816894531,88.29000091552734,87.05000305175781,88.25,10270400,60.388919830322266
2018-01-23,88.25,88.45999908447266,87.73999786376953,88.30000305175781,10281800,60.42314147949219
2018-01-24,88.48999786376953,88.91999816894531,88.01000213623047,88.52999877929688,10316100,60.58053207397461
2018-01-25,88.55000305175781,88.87000274658203,88.19999694824219,88.37000274658203,11271900,60.47103118896485
2018-01-26,88.63999938964844,89.0,88.47000122070312,89.0,10514400,60.902130126953125
2018-01-29,88.58999633789062,89.30000305175781,87.94999694824219,88.01000213623047,9315700,60.22469711303711
2018-01-30,87.54000091552734,88.37999725341797,86.77999877929688,86.77999877929688,12408000,59.38300323486328
2018-01-31,86.55999755859375,87.47000122070312,86.33000183105469,87.30000305175781,14404700,59.73883056640625
2018-02-01,87.5,89.25,87.3499984741211,89.06999969482422,17971000,60.95001983642578
2018-02-02,85.12999725341797,86.01000213623047,83.0,84.52999877929688,29822100,57.84334945678711
2018-02-05,83.27999877929688,83.98999786376953,78.12999725341797,79.72000122070312,30452700,54.55189895629883
2018-02-06,78.51000213623047,80.3499984741211,76.9000015258789,78.3499984741211,36262800,53.61441040039063
2018-02-07,78.44000244140625,79.41000366210938,76.91999816894531,76.94000244140625,21994500,52.649539947509766
2018-02-08,77.44000244140625,77.58000183105469,76.02999877929688,76.06999969482422,25650800,52.05421829223633
2018-02-09,76.25,76.4800033569336,73.9000015258789,75.77999877929688,29491600,52.38605880737305
2018-02-12,77.05000305175781,77.62000274658203,75.83999633789062,76.41999816894531,19340400,52.82846832275391
2018-02-13,76.0999984741211,76.75,75.7300033569336,76.30000305175781,11926600,52.745513916015625
2018-02-14,75.79000091552734,76.66000366210938,75.16999816894531,76.45999908447266,17188400,52.85610961914063
2018-02-15,76.62000274658203,76.69999694824219,75.44999694824219,76.20999908447266,14432400,52.683292388916016
2018-02-16,76.1500015258789,77.12000274658203,75.8499984741211,76.54000091552734,13722400,52.91142654418945
2018-02-20,76.47000122070312,77.47000122070312,75.45999908447266,75.75,13387300,52.36529159545898
2018-02-21,75.81999969482422,76.44000244140625,74.87000274658203,74.88999938964844,11715000,51.770790100097656
2018-02-22,75.30000305175781,76.83999633789062,75.19000244140625,75.86000061035156,14020200,52.44134521484375
2018-02-23,76.08999633789062,77.62000274658203,75.94999694824219,77.52999877929688,13378800,53.595794677734375
2018-02-26,77.73999786376953,78.93000030517578,77.55999755859375,78.83999633789062,16940400,54.501373291015625
2018-02-27,79.0,79.87000274658203,77.5,77.5,14629500,53.5750617980957
2018-02-28,78.16000366210938,78.25,75.69999694824219,75.73999786376953,17087800,52.3583869934082
2018-03-01,75.52999877929688,76.68000030517578,74.86000061035156,75.19999694824219,15696700,51.98507690429688
2018-03-02,74.88999938964844,75.87000274658203,74.4800033569336,75.55000305175781,15630300,52.22704315185547
2018-03-05,75.2300033569336,76.55999755859375,75.12000274658203,76.2699966430664,14891000,52.72476577758789
2018-03-06,76.66999816894531,76.9800033569336,75.86000061035156,76.18000030517578,10754300,52.662540435791016
2018-03-07,75.0,75.23999786376953,73.55999755859375,74.26000213623047,27255500,51.33528137207031
2018-03-08,74.5,74.7699966430664,73.69000244140625,74.12000274658203,19299800,51.23848724365234
2018-03-09,74.81999969482422,75.05999755859375,74.20999908447266,74.55999755859375,19714100,51.54265975952149
2018-03-12,74.87000274658203,75.58000183105469,74.69000244140625,75.23999786376953,14226700,52.012733459472656
2018-03-13,75.33000183105469,75.81999969482422,74.25,74.52999877929688,13739700,51.52191925048828
2018-03-14,74.63999938964844,74.79000091552734,73.52999877929688,73.5999984741211,14820700,50.879024505615234
2018-03-15,74.3499984741211,75.0,74.0999984741211,74.41999816894531,15640600,51.44588851928711
2018-03-16,74.36000061035156,75.12000274658203,74.36000061035156,75.12000274658203,32109700,51.92978286743164
2018-03-19,75.0,75.01000213623047,73.86000061035156,74.1500015258789,12744800,51.25922393798828
2018-03-20,74.22000122070312,74.69999694824219,73.94999694824219,73.98999786376953,13003200,51.14863204956055
2018-03-21,74.2300033569336,75.63999938964844,73.9800033569336,75.04000091552734,15418500,51.874488830566406
2018-03-22,74.41999816894531,74.69999694824219,73.38999938964844,73.5,17737000,50.80989837646485
2018-03-23,73.80999755859375,74.20999908447266,72.66999816894531,72.88999938964844,20157300,50.38820266723633
2018-03-26,73.6500015258789,74.1500015258789,72.75,74.0,15032700,51.15554428100586
2018-03-27,74.0,74.88999938964844,73.27999877929688,73.69999694824219,15821900,50.94814300537109
2018-03-28,73.73999786376953,74.01000213623047,72.77999877929688,72.80999755859375,18163900,50.33288192749024
2018-03-29,73.33000183105469,74.88999938964844,73.26000213623047,74.61000061035156,14882900,51.57723236083984
2018-04-02,74.2699966430664,74.4000015258789,72.16000366210938,73.22000122070312,17891100,50.616336822509766
2018-04-03,73.44999694824219,75.13999938964844,73.0999984741211,75.0199966430664,15999200,51.86065673828125
2018-04-04,74.05000305175781,75.05999755859375,73.44000244140625,74.87000274658203,13122200,51.756961822509766
2018-04-05,75.05999755859375,76.31999969482422,75.0199966430664,76.0199966430664,14200000,52.55192947387695
2018-04-06,75.63999938964844,76.12000274658203,74.22000122070312,74.87000274658203,14299600,51.756961822509766
2018-04-09,75.22000122070312,75.79000091552734,74.80000305175781,74.87000274658203,11103100,51.756961822509766
2018-04-10,76.08000183105469,77.7699966430664,76.05999755859375,77.06999969482422,19006100,53.277809143066406
2018-04-11,77.11000061035156,78.04000091552734,76.75,77.43000030517578,13734000,53.52666091918945
2018-04-12,77.86000061035156,78.13999938964844,77.01000213623047,77.22000122070312,13270400,53.38150405883789
2018-04-13,77.80000305175781,78.19000244140625,77.5999984741211,77.83999633789062,10925000,53.81008529663086
2018-04-16,78.12000274658203,79.08000183105469,77.70999908447266,78.54000091552734,10743600,54.29399871826172
2018-04-17,78.54000091552734,78.76000213623047,78.04000091552734,78.33000183105469,10478100,54.14883804321289
2018-04-18,79.04000091552734,79.76000213623047,78.94000244140625,79.22000122070312,12061400,54.764068603515625
2018-04-19,79.31999969482422,79.81999969482422,78.80999755859375,79.41999816894531,11291500,54.90232849121094
2018-04-20,79.31999969482422,79.4000015258789,78.33000183105469,79.0,12072200,54.61198043823242
2018-04-23,78.91999816894531,79.5999984741211,78.75,79.56999969482422,11729800,55.00602340698242
2018-04-24,79.80000305175781,79.93000030517578,77.97000122070312,78.3499984741211,14102000,54.16265869140625
2018-04-25,78.19999694824219,79.62000274658203,77.48999786376953,79.5,13867500,54.957645416259766
2018-04-26,79.5999984741211,80.9000015258789,79.52999877929688,80.86000061035156,14554400,55.897796630859375
2018-04-27,76.94999694824219,78.6500015258789,76.4800033569336,77.79000091552734,16346800,53.77552795410156
2018-04-30,77.91000366210938,78.55999755859375,77.73999786376953,77.75,15028800,53.74787902832031
2018-05-01,77.26000213623047,77.26000213623047,75.9800033569336,76.94999694824219,16231000,53.19484329223633
2018-05-02,76.44999694824219,77.2300033569336,76.30000305175781,76.80000305175781,13883700,53.09115219116211
2018-05-03,76.38999938964844,76.61000061035156,75.4000015258789,76.54000091552734,12243100,52.91142654418945
2018-05-04,76.12999725341797,77.22000122070312,75.94000244140625,76.9000015258789,9887200,53.160282135009766
2018-05-07,77.73999786376953,79.08000183105469,77.4000015258789,77.73999786376953,15071500,53.74096298217773
2018-05-08,77.80000305175781,78.16000366210938,76.37000274658203,78.08999633789062,17430400,53.98291778564453
2018-05-09,78.9800033569336,80.23999786376953,78.94999694824219,79.93000030517578,17142100,55.25488662719727
2018-05-10,80.63999938964844,81.79000091552734,80.5,81.72000122070312,17710300,56.4923095703125
2018-05-11,81.18000030517578,81.97000122070312,80.91000366210938,81.27999877929688,14751000,56.75765609741211
2018-05-14,81.69999694824219,82.31999969482422,81.61000061035156,81.83000183105469,11852100,57.14170837402344
2018-05-15,81.8499984741211,82.02999877929688,81.4000015258789,81.79000091552734,12595700,57.11377716064453
2018-05-16,81.76000213623047,82.05000305175781,81.16999816894531,82.0199966430664,9570000,57.27438735961914
2018-05-17,82.19999694824219,82.27999877929688,81.44000244140625,81.87999725341797,11224100,57.1766357421875
2018-05-18,81.55000305175781,81.80000305175781,81.26000213623047,81.30000305175781,10030900,56.77164077758789
2018-05-21,81.7300033569336,82.3499984741211,81.5199966430664,82.27999877929688,8822400,57.45595169067383
2018-05-22,82.44000244140625,82.6500015258789,81.3499984741211,81.63999938964844,10753400,57.009056091308594
2018-05-23,80.94999694824219,82.2300033569336,80.56999969482422,82.1500015258789,15140900,57.36518096923828
2018-05-24,81.3499984741211,81.36000061035156,79.94999694824219,80.2699966430664,13360500,56.052371978759766
2018-05-25,79.27999877929688,79.33000183105469,78.08999633789062,78.70999908447266,14562000,54.96302795410156
2018-05-29,78.1500015258789,78.7300033569336,77.52999877929688,78.41999816894531,14644800,54.76052474975586
2018-05-30,79.25,81.66000366210938,79.22000122070312,81.5,16627500,56.911277770996094
2018-05-31,80.80999755859375,81.55000305175781,80.69000244140625,81.23999786376953,15803100,56.72972106933594
2018-06-01,81.87000274658203,82.3499984741211,81.55000305175781,81.83000183105469,9906100,57.14170837402344
2018-06-04,82.05000305175781,82.52999877929688,80.80999755859375,80.97000122070312,10954700,56.54118347167969
2018-06-05,80.58999633789062,81.6500015258789,80.41000366210938,80.68000030517578,12059300,56.338680267333984
2018-06-06,81.4800033569336,82.08999633789062,80.87000274658203,82.05999755859375,11603300,57.302337646484375
2018-06-07,82.7300033569336,83.29000091552734,82.55999755859375,82.87999725341797,13502500,57.87491989135742
2018-06-08,83.11000061035156,83.66000366210938,82.5,83.5999984741211,14350400,58.377708435058594
2018-06-11,83.72000122070312,83.79000091552734,82.93000030517578,83.0999984741211,10831600,58.0285530090332
2018-06-12,83.11000061035156,83.75,82.31999969482422,82.41999816894531,12351800,57.55372619628906
2018-06-13,82.44000244140625,82.5999984741211,81.47000122070312,81.51000213623047,12049300,56.91828536987305
2018-06-14,81.94000244140625,82.30000305175781,81.5,81.88999938964844,11477300,57.18362045288086
2018-06-15,81.72000122070312,81.81999969482422,80.51000213623047,80.66000366210938,23797500,56.32472610473633
2018-06-18,80.4000015258789,81.37999725341797,80.30000305175781,80.81999969482422,9192600,56.43643569946289
2018-06-19,79.88999938964844,80.95999908447266,79.70999908447266,80.69999694824219,8759700,56.35264205932617
2018-06-20,80.8499984741211,81.12999725341797,80.2699966430664,80.44999694824219,8917700,56.178070068359375
2018-06-21,80.0199966430664,80.37999725341797,79.33000183105469,79.69000244140625,10990700,55.647369384765625
2018-06-22,81.16000366210938,81.94000244140625,80.91999816894531,81.37999725341797,16012200,56.82749557495117
2018-06-25,80.77999877929688,81.23999786376953,79.30000305175781,79.73999786376953,10557200,55.68228530883789
2018-06-26,80.1500015258789,81.01000213623047,79.97000122070312,80.63999938964844,10382800,56.31074142456055
2018-06-27,81.05999755859375,82.4800033569336,81.05999755859375,81.70999908447266,12725900,57.05793380737305
2018-06-28,81.7300033569336,82.06999969482422,81.02999877929688,81.97000122070312,9390700,57.23948669433594
2018-06-29,82.44999694824219,83.54000091552734,82.29000091552734,82.7300033569336,17323200,57.77018737792969
2018-07-02,81.88999938964844,82.12999725341797,81.31999969482422,81.76000213623047,9998300,57.09283828735352
2018-07-03,82.58000183105469,83.44999694824219,82.08000183105469,82.23999786376953,7197300,57.42802429199219
2018-07-05,82.58999633789062,82.7699966430664,82.05000305175781,82.30999755859375,9035700,57.47690963745117
2018-07-06,81.95999908447266,82.69999694824219,81.66000366210938,82.33000183105469,7637100,57.4908561706543
2018-07-09,82.80999755859375,83.12999725341797,82.55999755859375,82.9000015258789,7158600,57.88888549804688
2018-07-10,83.69999694824219,84.12000274658203,83.51000213623047,83.66000366210938,8806200,58.41960525512695
2018-07-11,83.02999877929688,83.52999877929688,82.02999877929688,82.58999633789062,10405300,57.67242431640625
2018-07-12,83.01000213623047,83.23999786376953,82.30999755859375,82.69000244140625,9762200,57.74225234985352
2018-07-13,82.68000030517578,83.75,82.55999755859375,83.30999755859375,8720000,58.17520904541016
2018-07-16,82.5199966430664,82.79000091552734,82.0,82.48999786376953,8306900,57.60259628295898
2018-07-17,82.26000213623047,82.75,82.04000091552734,82.30999755859375,7373300,57.47690963745117
2018-07-18,81.80000305175781,82.31999969482422,81.48999786376953,82.22000122070312,8711900,57.41405487060547
2018-07-19,82.19999694824219,82.62000274658203,81.72000122070312,82.01000213623047,8659100,57.26741027832031
2018-07-20,81.72000122070312,81.93000030517578,81.25,81.4000015258789,9196300,56.84144973754883
2018-07-23,81.94999694824219,82.0,81.18000030517578,81.4000015258789,8425900,56.84144973754883
2018-07-24,81.5199966430664,83.0199966430664,81.4800033569336,83.01000213623047,11121000,57.96571731567383
2018-07-25,83.01000213623047,83.73999786376953,82.51000213623047,83.58999633789062,9523600,58.3707160949707
2018-07-26,83.83000183105469,84.4000015258789,83.37000274658203,84.23999786376953,13210100,58.82462310791016
2018-07-27,80.97000122070312,82.37999725341797,80.80999755859375,81.91999816894531,18220800,57.20455551147461
2018-07-30,82.12999725341797,82.12999725341797,80.70999908447266,81.73999786376953,11282800,57.07887649536133
2018-07-31,81.63999938964844,82.1500015258789,81.44000244140625,81.51000213623047,11716800,56.91828536987305
2018-08-01,80.88999938964844,80.93000030517578,80.22000122070312,80.38999938964844,8936300,56.13618850708008
2018-08-02,79.88999938964844,80.26000213623047,79.44999694824219,79.91000366210938,8364300,55.80099868774414
2018-08-03,79.97000122070312,80.30000305175781,79.62999725341797,80.19999694824219,7811100,56.00350189208984
2018-08-06,80.25,80.43000030517578,79.73999786376953,80.18000030517578,10041800,55.989532470703125
2018-08-07,80.91000366210938,81.58999633789062,80.30999755859375,81.2699966430664,10698100,56.75066375732422
2018-08-08,81.0199966430664,81.2300033569336,80.3499984741211,80.7300033569336,7275000,56.37360763549805
2018-08-09,80.7300033569336,80.91000366210938,80.11000061035156,80.31999969482422,9828500,56.08728790283203
2018-08-10,79.51000213623047,79.5199966430664,78.86000061035156,79.41999816894531,12954300,56.03084945678711
2018-08-13,79.44999694824219,79.75,78.43000030517578,78.55999755859375,10308500,55.42412567138672
2018-08-14,78.98999786376953,79.06999969482422,78.08000183105469,78.30999755859375,8005900,55.24775695800781
2018-08-15,77.77999877929688,77.9000015258789,76.51000213623047,76.94000244140625,16307800,54.28121566772461
2018-08-16,77.27999877929688,78.0999984741211,77.19999694824219,78.0,11519900,55.02903747558594
2018-08-17,78.33999633789062,78.48999786376953,77.80000305175781,78.26000213623047,10178400,55.21246719360352
2018-08-20,78.26000213623047,79.0,78.16999816894531,78.80999755859375,8152100,55.60047912597656
2018-08-21,79.05000305175781,79.58000183105469,78.66999816894531,78.83000183105469,9192200,55.61460494995117
2018-08-22,79.11000061035156,80.05000305175781,79.0199966430664,79.95999908447266,10098200,56.41181564331055
2018-08-23,79.55999755859375,79.62999725341797,78.9000015258789,79.08000183105469,7203900,55.79098129272461
2018-08-24,79.5199966430664,80.05000305175781,79.41999816894531,79.62000274658203,6545200,56.17195129394531
2018-08-27,79.91000366210938,80.47000122070312,79.86000061035156,80.4000015258789,6671900,56.72224807739258
2018-08-28,80.58000183105469,80.81999969482422,80.19999694824219,80.27999877929688,8823400,56.63759231567383
2018-08-29,80.44000244140625,81.04000091552734,80.0999984741211,80.86000061035156,8004800,57.04676818847656
2018-08-30,80.44999694824219,80.77999877929688,80.12000274658203,80.51000213623047,7450900,56.79983901977539
2018-08-31,80.23999786376953,80.45999908447266,79.7699966430664,80.16999816894531,10700000,56.55998229980469
2018-09-04,80.41000366210938,80.69000244140625,79.80999755859375,80.29000091552734,8855000,56.64463806152344
2018-09-05,79.9000015258789,81.43000030517578,79.5999984741211,81.36000061035156,13878400,57.39950180053711
2018-09-06,81.11000061035156,81.63999938964844,80.33999633789062,80.45999908447266,13320600,56.76456832885742
2018-09-07,80.1500015258789,81.93000030517578,79.81999969482422,81.83000183105469,16417800,57.73109436035156
2018-09-10,82.23999786376953,82.73999786376953,81.66000366210938,81.70999908447266,10817900,57.646446228027344
2018-09-11,81.95999908447266,83.19000244140625,81.62999725341797,82.86000061035156,11891900,58.45779037475586
2018-09-12,83.25,83.77999877929688,82.87000274658203,83.12999725341797,11556300,58.64824676513672
2018-09-13,83.1500015258789,83.25,82.01000213623047,82.31999969482422,11162700,58.07681274414063
2018-09-14,82.41999816894531,83.1500015258789,82.2699966430664,82.91999816894531,9442600,58.50010681152344
2018-09-17,83.0,83.61000061035156,82.98999786376953,83.41000366210938,8403300,58.84580993652344
2018-09-18,83.9000015258789,84.12999725341797,83.44999694824219,83.62999725341797,9219900,59.00101089477539
2018-09-19,83.63999938964844,84.7699966430664,83.63999938964844,84.62999725341797,10413600,59.70653533935547
2018-09-20,84.86000061035156,85.33999633789062,84.54000091552734,84.81999969482422,11198200,59.840553283691406
2018-09-21,85.01000213623047,85.43000030517578,84.5199966430664,85.16999816894531,26639400,60.08747863769531
2018-09-24,85.79000091552734,87.08999633789062,85.72000122070312,86.5999984741211,13549500,61.096336364746094
2018-09-25,87.02999877929688,87.36000061035156,86.37000274658203,86.5,12200700,61.02579498291016
2018-09-26,86.0199966430664,86.5,85.69000244140625,85.77999877929688,10275500,60.517822265625
2018-09-27,86.08999633789062,86.37999725341797,85.58999633789062,85.7699966430664,7895400,60.510772705078125
2018-09-28,85.25,85.93000030517578,84.98999786376953,85.0199966430664,9884900,59.98165893554688
2018-10-01,85.3499984741211,86.02999877929688,85.26000213623047,85.80999755859375,8566900,60.539005279541016
2018-10-02,85.80000305175781,86.66999816894531,85.62000274658203,86.45999908447266,8453100,60.9975814819336
2018-10-03,86.51000213623047,86.88999938964844,85.9800033569336,86.1500015258789,10206700,60.77886199951172
2018-10-04,85.5,86.08000183105469,85.25,85.58000183105469,10204600,60.376747131347656
2018-10-05,85.30999755859375,85.69999694824219,84.93000030517578,85.33999633789062,9217400,60.20741653442383
2018-10-08,84.79000091552734,86.30999755859375,84.6500015258789,86.12999725341797,13242400,60.764766693115234
2018-10-09,86.37999725341797,86.87999725341797,85.73999786376953,86.51000213623047,10177900,61.03284454345703
2018-10-10,86.7300033569336,86.81999969482422,84.5,84.5199966430664,16573400,59.62889862060547
2018-10-11,83.94000244140625,84.16999816894531,81.16999816894531,81.5999984741211,20320100,57.56884002685547
2018-10-12,82.12999725341797,82.23999786376953,80.2699966430664,81.37999725341797,15216300,57.41362762451172
2018-10-15,81.37999725341797,81.73999786376953,80.81999969482422,80.81999969482422,10558800,57.0185432434082
2018-10-16,80.51000213623047,81.2699966430664,80.01000213623047,81.19999694824219,9781800,57.2866439819336
2018-10-17,80.94000244140625,81.5199966430664,80.33999633789062,81.5,12247700,57.49828338623047
2018-10-18,81.19999694824219,82.47000122070312,81.19999694824219,81.8499984741211,17448600,57.74522018432617
2018-10-19,81.66000366210938,82.45999908447266,81.51000213623047,81.97000122070312,12098700,57.829891204833984
2018-10-22,82.0,82.18000030517578,80.63999938964844,81.1500015258789,9474100,57.25138092041016
2018-10-23,80.05999755859375,80.45999908447266,78.72000122070312,79.83999633789062,15465100,56.32717514038086
2018-10-24,80.12999725341797,80.26000213623047,77.55000305175781,77.62000274658203,16085700,54.76094436645508
2018-10-25,78.48999786376953,79.05000305175781,77.73999786376953,78.30999755859375,12315500,55.24775695800781
2018-10-26,77.87000274658203,78.41000366210938,76.95999908447266,77.52999877929688,18160100,54.697452545166016
2018-10-29,78.06999969482422,78.43000030517578,76.22000122070312,77.05000305175781,15707000,54.358829498291016
2018-10-30,77.62000274658203,79.02999877929688,77.41999816894531,78.77999877929688,17758200,55.579345703125
2018-10-31,79.33999633789062,80.3499984741211,78.9000015258789,79.68000030517578,16629100,56.214298248291016
2018-11-01,79.83000183105469,80.75,79.30000305175781,80.66999816894531,14159300,56.912723541259766
2018-11-02,81.76000213623047,82.44999694824219,80.2300033569336,81.94999694824219,19350400,57.81577682495117
2018-11-05,82.5,82.87000274658203,81.44000244140625,81.63999938964844,15815000,57.59706115722656
2018-11-06,81.73999786376953,82.0999984741211,81.3499984741211,81.98999786376953,9063200,57.84400177001953
2018-11-07,82.20999908447266,83.13999938964844,81.66000366210938,83.02999877929688,12699800,58.57771301269531
2018-11-08,83.12999725341797,83.75,81.54000091552734,81.70999908447266,16865500,57.646446228027344
2018-11-09,80.26000213623047,81.4000015258789,79.69000244140625,80.87000274658203,15070100,57.63218688964844
2018-11-12,81.66000366210938,81.7300033569336,79.7300033569336,79.83000183105469,11906600,56.89103317260742
2018-11-13,79.80000305175781,79.8499984741211,77.63999938964844,78.0,15530200,55.58689498901367
2018-11-14,78.86000061035156,79.08999633789062,76.75,77.38999938964844,18552100,55.15216827392578
2018-11-15,76.66999816894531,78.19000244140625,75.91000366210938,78.19000244140625,18976000,55.7222900390625
2018-11-16,78.37000274658203,79.19000244140625,78.0999984741211,78.95999908447266,13704900,56.271026611328125
2018-11-19,78.45999908447266,79.36000061035156,78.43000030517578,79.22000122070312,9430800,56.45631790161133
2018-11-20,78.41999816894531,78.9000015258789,76.37000274658203,76.97000122070312,15533700,54.85285949707031
2018-11-21,77.43000030517578,78.37999725341797,77.26000213623047,77.55999755859375,9685300,55.27332305908203
2018-11-23,76.05000305175781,76.19999694824219,74.69999694824219,75.48999786376953,10875400,53.79812240600586
2018-11-26,76.23999786376953,77.31999969482422,76.12000274658203,76.9800033569336,13741100,54.85997772216797
2018-11-27,76.56999969482422,77.44999694824219,76.4000015258789,77.05000305175781,10344500,54.90987396240234
2018-11-28,77.04000091552734,78.44999694824219,76.83999633789062,78.44999694824219,11482100,55.90756988525391
2018-11-29,78.22000122070312,79.52999877929688,78.19000244140625,79.05999755859375,10255200,56.34229278564453
2018-11-30,78.44999694824219,79.5999984741211,78.31999969482422,79.5,14040100,56.65586471557617
2018-12-03,80.23999786376953,81.45999908447266,80.13999938964844,81.22000122070312,19415100,57.88161849975586
2018-12-04,81.37999725341797,81.94999694824219,79.3499984741211,79.43000030517578,18540700,56.605987548828125
2018-12-06,78.0,78.44000244140625,76.91999816894531,78.38999938964844,23218100,55.86481475830078
2018-12-07,79.38999938964844,80.36000061035156,77.33000183105469,77.63999938964844,16224700,55.33031463623047
2018-12-10,77.86000061035156,77.86000061035156,74.80000305175781,76.54000091552734,17946200,54.5464096069336
2018-12-11,77.69999694824219,77.80000305175781,75.68000030517578,76.68000030517578,15742400,54.64617919921875
2018-12-12,78.04000091552734,78.19999694824219,76.0199966430664,76.0199966430664,14559800,54.17580795288086
2018-12-13,76.02999877929688,77.22000122070312,75.94999694824219,76.9800033569336,13749700,54.85997772216797
2018-12-14,76.72000122070312,76.87000274658203,75.08999633789062,75.58000183105469,12669300,53.86225891113281
2018-12-17,75.26000213623047,75.5999984741211,73.4800033569336,74.04000091552734,15464100,52.7647819519043
2018-12-18,73.62999725341797,73.86000061035156,71.62000274658203,72.0,18681200,51.31096267700195
2018-12-19,72.44999694824219,73.2699966430664,70.30000305175781,70.77999877929688,21679600,50.44153594970703
2018-12-20,70.08999633789062,70.66000366210938,68.05000305175781,68.62999725341797,28723700,48.90933227539063
2018-12-21,68.13999938964844,70.37000274658203,67.66999816894531,68.12000274658203,47287300,48.54588317871094
2018-12-24,66.87000274658203,67.52999877929688,65.44000244140625,65.51000213623047,14262800,46.68585586547852
2018-12-26,66.18000030517578,68.66000366210938,64.6500015258789,68.63999938964844,24887700,48.91646194458008
2018-12-27,67.73999786376953,68.94000244140625,66.08000183105469,68.94000244140625,22077000,49.13025665283203
2018-12-28,69.18000030517578,69.58000183105469,67.81999969482422,68.16999816894531,19710600,48.58150863647461
2018-12-31,68.31999969482422,69.1500015258789,67.66000366210938,68.19000244140625,15807000,48.59576034545898
2019-01-02,67.3499984741211,69.87000274658203,67.26000213623047,69.69000244140625,16727200,49.66475296020508
2019-01-03,70.0,70.25,68.36000061035156,68.62000274658203,13866100,48.90220260620117
2019-01-04,69.63999938964844,71.2699966430664,69.36000061035156,71.1500015258789,16043600,50.705223083496094
2019-01-07,71.25,72.0999984741211,70.73999786376953,71.5199966430664,10844200,50.96889877319336
2019-01-08,72.54000091552734,72.58999633789062,71.94000244140625,72.04000091552734,11439000,51.33946990966797
2019-01-09,72.5999984741211,72.5999984741211,71.6500015258789,72.41999816894531,13473500,51.61029052734375
2019-01-10,72.06999969482422,72.08000183105469,71.12000274658203,72.05000305175781,13151100,51.34660339355469
2019-01-11,71.8499984741211,71.88999938964844,71.06999969482422,71.72000122070312,9790100,51.111427307128906
2019-01-14,71.20999908447266,71.77999877929688,71.12000274658203,71.62999725341797,11012400,51.04727554321289
2019-01-15,71.94999694824219,72.36000061035156,71.31999969482422,71.66999816894531,10298300,51.07579803466797
2019-01-16,71.41999816894531,72.37999725341797,71.30999755859375,71.63999938964844,12595600,51.05441665649414
2019-01-17,71.19000244140625,72.33999633789062,70.9000015258789,72.12999725341797,10141700,51.40359878540039
2019-01-18,73.2699966430664,73.29000091552734,72.12999725341797,72.98999786376953,15759200,52.01650238037109
2019-01-22,72.38999938964844,72.70999908447266,71.68000030517578,71.88999938964844,15035600,51.23257446289063
2019-01-23,72.01000213623047,72.30000305175781,70.93000030517578,71.30000305175781,13187200,50.81210708618164
2019-01-24,71.0999984741211,71.97000122070312,70.63999938964844,71.4000015258789,11272500,50.88338470458984
2019-01-25,72.06999969482422,72.2699966430664,71.54000091552734,71.72000122070312,8996200,51.111427307128906
2019-01-28,71.0199966430664,71.27999877929688,70.37000274658203,71.23999786376953,13678400,50.76935577392578
2019-01-29,71.69999694824219,72.19000244140625,71.4800033569336,71.51000213623047,10513200,50.96177673339844
2019-01-30,71.7699966430664,72.56999969482422,71.51000213623047,72.29000091552734,11524700,51.51763534545898
2019-01-31,72.29000091552734,73.48999786376953,72.0199966430664,73.27999877929688,19876700,52.22314834594727
2019-02-01,74.91999816894531,76.48999786376953,74.31999969482422,75.91999816894531,22968700,54.10456085205078
2019-02-04,75.76000213623047,75.76000213623047,74.4000015258789,74.81999969482422,15483800,53.32065200805664
2019-02-05,75.18000030517578,75.63999938964844,75.01000213623047,75.58999633789062,12786700,53.86939239501953
2019-02-06,75.58000183105469,75.7699966430664,75.12999725341797,75.26000213623047,10866900,53.63422775268555
2019-02-07,74.94999694824219,75.19000244140625,73.9000015258789,74.68000030517578,14418900,53.22087478637695
2019-02-08,73.76000213623047,74.06999969482422,72.7300033569336,73.9800033569336,11959500,53.307350158691406
2019-02-11,73.87999725341797,74.22000122070312,73.4000015258789,74.0999984741211,10434800,53.39380645751953
2019-02-12,75.08000183105469,75.44999694824219,74.81999969482422,75.4000015258789,12599200,54.33055114746094
2019-02-13,75.58000183105469,76.54000091552734,75.51000213623047,76.25,13214600,54.94302368164063
2019-02-14,76.26000213623047,76.6500015258789,75.70999908447266,76.2699966430664,12772900,54.95743179321289
2019-02-15,76.94000244140625,77.76000213623047,76.75,77.70999908447266,14330300,55.99505233764648
2019-02-19,77.55999755859375,78.4800033569336,77.44999694824219,78.2300033569336,13551500,56.3697509765625
2019-02-20,78.30000305175781,78.80999755859375,78.0,78.52999877929688,12633100,56.58591079711914
2019-02-21,78.20999908447266,78.66000366210938,77.61000061035156,77.81999969482422,10266000,56.07430267333984
2019-02-22,78.70999908447266,78.94999694824219,77.62000274658203,78.41999816894531,9519300,56.50665283203125
2019-02-25,78.43000030517578,78.8499984741211,78.19999694824219,78.5,9274400,56.56428146362305
2019-02-26,78.68000030517578,79.12999725341797,78.38999938964844,78.66000366210938,10990600,56.67960357666016
2019-02-27,78.87999725341797,79.75,78.66000366210938,79.47000122070312,12398200,57.26324081420898
2019-02-28,79.44999694824219,79.75,78.70999908447266,79.02999877929688,14597900,56.94619369506836
2019-03-01,79.37999725341797,80.0,79.02999877929688,80.0,15419400,57.6451530456543
2019-03-04,80.23999786376953,80.55000305175781,79.01000213623047,80.30999755859375,18089900,57.8685188293457
2019-03-05,80.12000274658203,80.4000015258789,79.75,80.19000244140625,13745500,57.78204345703125
2019-03-06,78.8499984741211,79.37999725341797,77.86000061035156,79.27999877929688,18633600,57.12632369995117
2019-03-07,79.55000305175781,80.26000213623047,79.31999969482422,80.16000366210938,16541700,57.76042938232422
2019-03-08,78.88999938964844,79.31999969482422,78.25,79.01000213623047,16211300,56.93178939819336
2019-03-11,79.9800033569336,80.29000091552734,79.6500015258789,79.77999877929688,11060900,57.48662185668945
2019-03-12,80.11000061035156,80.58000183105469,79.88999938964844,80.0,11320000,57.6451530456543
2019-03-13,80.58999633789062,80.76000213623047,80.19999694824219,80.70999908447266,10260200,58.15675354003906
2019-03-14,80.80000305175781,80.91000366210938,80.3499984741211,80.44000244140625,9976700,57.96221160888672
2019-03-15,80.18000030517578,80.55000305175781,80.0999984741211,80.1500015258789,25316400,57.75323486328125
2019-03-18,80.44000244140625,81.25,80.44000244140625,81.08000183105469,9840600,58.4233512878418
2019-03-19,81.58000183105469,82.0,80.63999938964844,80.87000274658203,13936500,58.27202987670898
2019-03-20,80.75,81.91999816894531,80.55999755859375,81.31999969482422,13133600,58.5963020324707
2019-03-21,80.80999755859375,81.88999938964844,80.80000305175781,81.79000091552734,10117000,58.93494415283203
2019-03-22,81.2300033569336,81.44000244140625,80.30000305175781,80.4800033569336,12497700,57.991024017333984
2019-03-25,80.0,80.44000244140625,79.58999633789062,79.91999816894531,11320400,57.5875129699707
2019-03-26,80.33000183105469,81.2699966430664,80.18000030517578,80.95999908447266,9472800,58.33689880371094
2019-03-27,80.97000122070312,81.30999755859375,79.81999969482422,80.33999633789062,7258700,57.89014434814453
2019-03-28,80.02999877929688,80.79000091552734,80.0199966430664,80.73999786376953,7412300,58.178367614746094
2019-03-29,81.33000183105469,81.4800033569336,80.4800033569336,80.80000305175781,10889200,58.22160720825195
2019-04-01,81.2300033569336,81.77999877929688,81.08000183105469,81.7300033569336,10816400,58.89173126220703
2019-04-02,81.75,81.94999694824219,81.11000061035156,81.37999725341797,7646000,58.63951873779297
2019-04-03,81.7699966430664,81.7699966430664,80.61000061035156,80.9000015258789,8562900,58.29365158081055
2019-04-04,81.12000274658203,82.08000183105469,80.7699966430664,82.05000305175781,9360600,59.12229919433594
2019-04-05,82.1500015258789,82.52999877929688,81.94999694824219,82.48999786376953,10059100,59.43935775756836
2019-04-08,82.66999816894531,83.19999694824219,82.58999633789062,83.0,9108200,59.806827545166016
2019-04-09,82.5199966430664,82.58000183105469,81.73999786376953,81.93000030517578,8561600,59.03583908081055
2019-04-10,81.91999816894531,82.08000183105469,81.41000366210938,81.55999755859375,10324300,58.76921463012695
2019-04-11,81.54000091552734,82.06999969482422,81.0199966430664,81.94999694824219,9115100,59.05025863647461
2019-04-12,82.80999755859375,82.80999755859375,80.58000183105469,80.91999816894531,16638700,58.30805587768555
2019-04-15,80.88999938964844,81.05999755859375,80.5199966430664,80.6500015258789,8536100,58.11352157592773
2019-04-16,80.80999755859375,81.3499984741211,80.69000244140625,81.19999694824219,7005700,58.50981903076172
2019-04-17,81.55000305175781,81.69999694824219,81.08000183105469,81.43000030517578,8311400,58.67556381225586
2019-04-18,81.55999755859375,81.83000183105469,81.06999969482422,81.12999725341797,9493900,58.459381103515625
2019-04-22,81.87000274658203,83.22000122070312,81.63999938964844,82.9000015258789,10770600,59.73476791381836
2019-04-23,83.19000244140625,83.48999786376953,82.68000030517578,83.37999725341797,10595100,60.08065032958984
2019-04-24,83.01000213623047,83.08000183105469,81.7300033569336,81.76000213623047,11684000,58.91334533691406
2019-04-25,81.6500015258789,82.83999633789062,81.4000015258789,82.22000122070312,11135000,59.24478912353516
2019-04-26,80.2699966430664,80.62999725341797,79.55999755859375,80.48999786376953,18053500,57.99822235107422
2019-04-29,80.12000274658203,80.37999725341797,79.66000366210938,79.97000122070312,10023700,57.6235466003418
2019-04-30,80.37000274658203,80.52999877929688,79.93000030517578,80.27999877929688,13721500,57.84691619873047
2019-05-01,79.94000244140625,80.26000213623047,78.62000274658203,78.66999816894531,13909800,56.68678283691406
2019-05-02,78.27999877929688,78.5,77.23999786376953,77.29000091552734,15360400,55.69241714477539
2019-05-03,77.79000091552734,78.20999908447266,77.44000244140625,77.47000122070312,12180700,55.82212448120117
2019-05-06,76.91999816894531,77.66000366210938,76.70999908447266,77.12999725341797,13367100,55.57712936401367
2019-05-07,76.5,76.79000091552734,75.7699966430664,76.72000122070312,13498800,55.28169250488281
2019-05-08,76.54000091552734,77.29000091552734,76.41999816894531,76.83999633789062,11352900,55.36815643310547
2019-05-09,76.3499984741211,76.87999725341797,75.95999908447266,76.7699966430664,13221600,55.31772613525391
2019-05-10,76.18000030517578,76.79000091552734,75.16999816894531,76.55999755859375,11056000,55.79874801635742
2019-05-13,75.6500015258789,76.2300033569336,75.36000061035156,75.70999908447266,12176100,55.17924499511719
2019-05-14,76.12999725341797,76.80000305175781,75.76000213623047,75.80999755859375,10548400,55.25212478637695
2019-05-15,75.56999969482422,76.55000305175781,75.20999908447266,76.37000274658203,8918000,55.66027069091797
2019-05-16,76.4000015258789,76.94999694824219,76.22000122070312,76.36000061035156,8105200,55.652976989746094
2019-05-17,75.6500015258789,76.30000305175781,75.58999633789062,75.91000366210938,9279400,55.32501602172852
2019-05-20,76.05000305175781,76.36000061035156,75.66999816894531,75.9000015258789,7154300,55.317718505859375
2019-05-21,76.2699966430664,76.45999908447266,75.93000030517578,76.25,8489900,55.57281494140625
2019-05-22,76.0199966430664,76.22000122070312,75.38999938964844,75.55999755859375,7858300,55.069915771484375
2019-05-23,74.7699966430664,74.80000305175781,73.04000091552734,73.79000091552734,14657200,53.779911041259766
2019-05-24,74.13999938964844,74.25,73.44000244140625,74.0999984741211,7056400,54.00584030151367
2019-05-28,74.23999786376953,74.25,72.48999786376953,72.61000061035156,14912900,52.91989517211914
2019-05-29,71.88999938964844,72.43000030517578,71.62000274658203,72.16000366210938,13645200,52.591922760009766
2019-05-30,72.0199966430664,72.12999725341797,71.52999877929688,71.97000122070312,9362100,52.45344924926758
2019-05-31,71.19000244140625,71.55000305175781,70.62999725341797,70.7699966430664,13983300,51.57884216308594
2019-06-03,71.08999633789062,72.01000213623047,70.97000122070312,71.87999725341797,11831000,52.387840270996094
2019-06-04,72.44999694824219,73.66000366210938,72.16999816894531,73.58999633789062,10423000,53.63414001464844
2019-06-05,73.63999938964844,73.63999938964844,72.58000183105469,72.9800033569336,10617800,53.18954849243164
2019-06-06,73.70999908447266,74.62000274658203,73.58999633789062,74.30999755859375,11738900,54.15889358520508
2019-06-07,74.51000213623047,74.95999908447266,74.43000030517578,74.58000183105469,9095500,54.35567474365234
2019-06-10,75.19000244140625,75.33000183105469,74.44999694824219,74.91000366210938,7760400,54.59619903564453
2019-06-11,75.51000213623047,75.80999755859375,74.81999969482422,74.83999633789062,9415100,54.54516220092773
2019-06-12,74.4800033569336,74.61000061035156,73.80999755859375,74.02999877929688,7920800,53.95481491088867
2019-06-13,74.69999694824219,75.16999816894531,74.37999725341797,74.68000030517578,8986400,54.42855453491211
2019-06-14,74.68000030517578,74.80999755859375,74.2300033569336,74.3499984741211,8575900,54.18804550170898
2019-06-17,74.16000366210938,75.19000244140625,74.04000091552734,75.08999633789062,9355700,54.72737121582031
2019-06-18,75.41999816894531,76.22000122070312,75.3499984741211,75.73999786376953,10091500,55.201114654541016
2019-06-19,75.4000015258789,75.8499984741211,75.16999816894531,75.31999969482422,9757400,54.8950080871582
2019-06-20,76.23999786376953,76.97000122070312,76.08000183105469,76.61000061035156,16229700,55.83520126342773
2019-06-21,77.13999938964844,77.76000213623047,76.87000274658203,77.69000244140625,23108100,56.6223030090332
2019-06-24,77.52999877929688,77.76000213623047,76.80999755859375,76.94999694824219,10011800,56.08298110961914
2019-06-25,77.08000183105469,77.22000122070312,76.19000244140625,76.2699966430664,9740000,55.58737564086914
2019-06-26,76.68000030517578,77.12999725341797,76.47000122070312,76.5999984741211,11365500,55.82790756225586
2019-06-27,76.58999633789062,76.75,75.76000213623047,75.81999969482422,8147800,55.25941467285156
2019-06-28,76.19000244140625,76.7300033569336,75.94000244140625,76.62999725341797,14781300,55.84974670410156
2019-07-01,77.12999725341797,77.93000030517578,76.29000091552734,76.55999755859375,11437900,55.79874801635742
2019-07-02,76.13999938964844,76.2699966430664,75.41000366210938,75.72000122070312,10475400,55.18654251098633
2019-07-03,75.81999969482422,76.5,75.62999725341797,76.44000244140625,5246100,55.71128082275391
2019-07-05,76.19000244140625,76.3499984741211,75.58999633789062,76.12999725341797,6880800,55.48535537719727
2019-07-08,76.13999938964844,76.69999694824219,75.91999816894531,76.4800033569336,7876100,55.74044799804688
2019-07-09,76.44999694824219,76.7699966430664,75.7300033569336,76.43000030517578,7863000,55.70399856567383
2019-07-10,76.80000305175781,77.62999725341797,76.73999786376953,77.51000213623047,8077400,56.49112319946289
2019-07-11,77.41000366210938,77.61000061035156,77.05000305175781,77.56999969482422,6404000,56.534854888916016
2019-07-12,77.75,77.87999725341797,77.5,77.62999725341797,6139000,56.578590393066406
2019-07-15,77.62999725341797,77.73999786376953,76.88999938964844,77.08000183105469,7116400,56.17772674560547
2019-07-16,76.91999816894531,77.06999969482422,75.79000091552734,75.93000030517578,10197400,55.33958053588867
2019-07-17,75.73999786376953,75.95999908447266,75.3499984741211,75.4800033569336,7419300,55.01161193847656
2019-07-18,75.02999877929688,75.2699966430664,74.18000030517578,74.83999633789062,11424500,54.54516220092773
2019-07-19,74.9000015258789,75.25,74.54000091552734,74.98999786376953,11243100,54.65448760986328
2019-07-22,75.23999786376953,75.30000305175781,74.5,75.06999969482422,8368800,54.712799072265625
2019-07-23,75.1500015258789,75.7699966430664,74.75,75.37000274658203,8551200,54.93143081665039
2019-07-24,75.38999938964844,76.05000305175781,74.8499984741211,75.36000061035156,8260200,54.92417144775391
2019-07-25,75.77999877929688,75.77999877929688,74.80000305175781,74.93000030517578,9083900,54.61076354980469
2019-07-26,74.87000274658203,75.08000183105469,74.5999984741211,74.80999755859375,7677300,54.5233154296875
2019-07-29,74.87999725341797,75.37999725341797,74.69999694824219,75.33999633789062,7091900,54.90957260131836
2019-07-30,75.05999755859375,75.55999755859375,74.88999938964844,75.3499984741211,6961200,54.91686630249024
2019-07-31,75.04000091552734,75.66000366210938,74.26000213623047,74.36000061035156,13104600,54.19533920288086
2019-08-01,73.73999786376953,74.2699966430664,72.2699966430664,72.45999908447266,17132800,52.8105583190918
2019-08-02,72.61000061035156,73.26000213623047,71.18000030517578,71.75,21376700,52.2931022644043
2019-08-05,70.77999877929688,70.91999816894531,69.61000061035156,70.27999877929688,19080900,51.22173309326172
2019-08-06,70.29000091552734,71.01000213623047,70.27999877929688,70.95999908447266,12282400,51.71732711791992
2019-08-07,69.86000061035156,70.87999725341797,69.4000015258789,70.5,15231100,51.38207626342773
2019-08-08,70.8499984741211,72.41000366210938,70.62000274658203,72.37999725341797,14304100,52.75225830078125
2019-08-09,72.12999725341797,72.25,70.47000122070312,70.83999633789062,13686600,51.62986755371094
2019-08-12,70.05999755859375,70.16000366210938,69.33000183105469,69.62999725341797,9542600,51.37899398803711
2019-08-13,69.2699966430664,70.62000274658203,68.91999816894531,70.48999786376953,12403300,52.01357269287109
2019-08-14,69.06999969482422,69.08999633789062,67.6500015258789,67.6500015258789,18114400,49.91797637939453
2019-08-15,67.45999908447266,67.55999755859375,66.52999877929688,67.25,12874400,49.622825622558594
2019-08-16,67.77999877929688,68.45999908447266,67.2699966430664,68.30000305175781,12649000,50.3975944519043
2019-08-19,68.97000122070312,69.6500015258789,68.86000061035156,69.44999694824219,10032800,51.24617004394531
2019-08-20,69.30000305175781,69.30000305175781,68.70999908447266,69.02999877929688,9743500,50.936256408691406
2019-08-21,69.95999908447266,69.9800033569336,69.37000274658203,69.72000122070312,10134200,51.445404052734375
2019-08-22,69.91000366210938,69.95999908447266,69.25,69.56999969482422,8972000,51.3347053527832
2019-08-23,68.81999969482422,69.52999877929688,67.02999877929688,67.48999786376953,15371900,49.79991912841797
2019-08-26,68.12000274658203,68.26000213623047,67.52999877929688,67.8499984741211,7343900,50.065555572509766
2019-08-27,68.12999725341797,68.44000244140625,66.97000122070312,67.19000244140625,9490900,49.57854461669922
2019-08-28,67.52999877929688,67.9800033569336,67.16000366210938,67.68000030517578,9647400,49.94011306762695
2019-08-29,68.30000305175781,68.66999816894531,68.08999633789062,68.43000030517578,9004100,50.49352645874024
2019-08-30,68.61000061035156,69.08000183105469,68.05999755859375,68.4800033569336,9180800,50.53043365478516
2019-09-03,67.88999938964844,68.68000030517578,67.62999725341797,68.55999755859375,9849700,50.589447021484375
2019-09-04,69.5,69.61000061035156,69.08999633789062,69.29000091552734,6959200,51.12810516357422
2019-09-05,69.83999633789062,70.55000305175781,69.69999694824219,70.2699966430664,9901500,51.85123443603516
2019-09-06,70.3499984741211,70.94999694824219,70.12000274658203,70.93000030517578,10418500,52.33824920654297
2019-09-09,71.16000366210938,72.06999969482422,70.9800033569336,71.48999786376953,12840200,52.75144577026367
2019-09-10,72.13999938964844,72.8499984741211,71.62000274658203,72.06999969482422,13810800,53.17943572998047
2019-09-11,72.77999877929688,72.83999633789062,71.55000305175781,71.93000030517578,10525700,53.07612609863281
2019-09-12,70.9800033569336,72.16000366210938,70.69999694824219,71.9800033569336,9100700,53.11302185058594
2019-09-13,72.26000213623047,72.72000122070312,72.05999755859375,72.63999938964844,7337200,53.60001754760742
2019-09-16,75.04000091552734,75.18000030517578,73.5999984741211,73.7300033569336,19830200,54.40433120727539
2019-09-17,73.81999969482422,74.08000183105469,72.62999725341797,73.16999816894531,14452200,53.99110794067383
2019-09-18,72.6500015258789,72.97000122070312,72.33000183105469,72.81999969482422,7292200,53.73284149169922
2019-09-19,72.97000122070312,73.19000244140625,72.19000244140625,72.33000183105469,8050200,53.37129592895508
2019-09-20,72.48999786376953,72.5,71.86000061035156,72.08000183105469,19736600,53.186798095703125
2019-09-23,71.5199966430664,72.36000061035156,71.45999908447266,72.12999725341797,7495200,53.22370147705078
2019-09-24,71.80999755859375,71.87000274658203,70.81999969482422,71.13999938964844,13307100,52.49319839477539
2019-09-25,70.9800033569336,71.47000122070312,70.81999969482422,71.3499984741211,8035200,52.64815521240234
2019-09-26,71.22000122070312,71.3499984741211,70.68000030517578,70.97000122070312,8420200,52.36776351928711
2019-09-27,70.69999694824219,71.66999816894531,70.62999725341797,71.4800033569336,8224000,52.744083404541016
2019-09-30,71.23999786376953,71.44999694824219,70.58000183105469,70.61000061035156,9768900,52.10213470458984
2019-10-01,70.83000183105469,70.91000366210938,68.91000366210938,68.94999694824219,10279100,50.877227783203125
2019-10-02,68.2699966430664,68.58999633789062,67.01000213623047,67.1500015258789,14503700,49.54904174804688
2019-10-03,67.0,68.0,66.30999755859375,67.9800033569336,10788400,50.16148376464844
2019-10-04,68.11000061035156,69.06999969482422,67.81999969482422,68.97000122070312,10534800,50.89198303222656
2019-10-07,68.69999694824219,69.02999877929688,68.0199966430664,68.0199966430664,10993000,50.19100189208984
2019-10-08,67.54000091552734,67.91999816894531,66.63999938964844,66.69999694824219,9748700,49.21697998046875
2019-10-09,67.30000305175781,67.69999694824219,67.19999694824219,67.44000244140625,8580900,49.76302337646485
2019-10-10,67.43000030517578,68.36000061035156,67.37999725341797,68.25,7100100,50.36071395874024
2019-10-11,68.9800033569336,69.48999786376953,68.88999938964844,68.9800033569336,10101900,50.899375915527344
2019-10-14,68.5999984741211,69.37000274658203,68.58999633789062,69.18000030517578,6234600,51.04693603515625
2019-10-15,69.05999755859375,70.0,69.01000213623047,69.41999816894531,6645700,51.22403335571289
2019-10-16,69.20999908447266,69.52999877929688,68.20999908447266,68.2300033569336,9765800,50.34595489501953
2019-10-17,68.4800033569336,68.87999725341797,68.08000183105469,68.13999938964844,9757200,50.279544830322266
2019-10-18,67.87000274658203,68.1500015258789,67.61000061035156,67.61000061035156,13472700,49.88846206665039
2019-10-21,67.81999969482422,68.7699966430664,67.81999969482422,68.73999786376953,10199300,50.72226333618164
2019-10-22,68.77999877929688,69.76000213623047,68.6500015258789,69.08999633789062,9536000,50.98052978515625
2019-10-23,68.95999908447266,69.76000213623047,68.77999877929688,69.75,8641800,51.467533111572266
2019-10-24,69.95999908447266,70.05000305175781,69.0199966430664,69.08999633789062,9003600,50.98052978515625
2019-10-25,68.9000015258789,69.4800033569336,68.9000015258789,69.25,7607200,51.09859085083008
2019-10-28,69.45999908447266,69.66999816894531,68.58000183105469,68.63999938964844,11209600,50.64847946166992
2019-10-29,68.4800033569336,69.02999877929688,68.23999786376953,68.44000244140625,13894400,50.50091552734375
2019-10-30,68.37000274658203,68.37000274658203,67.2699966430664,67.72000122070312,12840600,49.96963119506836
2019-10-31,67.45999908447266,67.72000122070312,67.13999938964844,67.56999969482422,16169100,49.85894012451172
2019-11-01,68.38999938964844,69.61000061035156,68.30999755859375,69.5999984741211,14108700,51.35685348510742
2019-11-04,70.06999969482422,71.87000274658203,69.94000244140625,71.66999816894531,15858200,52.884273529052734
2019-11-05,72.04000091552734,73.12000274658203,71.8499984741211,73.08999633789062,14930400,53.93207931518555
2019-11-06,72.7300033569336,72.87000274658203,71.19999694824219,71.48999786376953,13996500,52.75144577026367
2019-11-07,72.02999877929688,73.02999877929688,72.0,73.01000213623047,13073800,53.87305450439453
2019-11-08,71.61000061035156,71.80000305175781,70.66000366210938,70.7699966430664,12106000,52.849945068359375
2019-11-11,70.20999908447266,70.61000061035156,69.97000122070312,70.33999633789062,8674000,52.5288200378418
2019-11-12,70.2699966430664,70.41000366210938,68.9800033569336,69.37000274658203,13918600,51.80445098876953
2019-11-13,69.0199966430664,69.1500015258789,68.5999984741211,68.80000305175781,11773700,51.3787841796875
2019-11-14,68.86000061035156,68.97000122070312,68.18000030517578,68.5,11279800,51.15475082397461
2019-11-15,68.70999908447266,69.30000305175781,68.66999816894531,69.19000244140625,11252800,51.670021057128906
2019-11-18,68.69999694824219,68.81999969482422,68.30000305175781,68.5199966430664,10095600,51.16967391967773
2019-11-19,68.4000015258789,68.55999755859375,67.77999877929688,67.81999969482422,12605500,50.64693069458008
2019-11-20,67.66999816894531,68.54000091552734,67.31999969482422,68.02999877929688,16930700,50.80375289916992
2019-11-21,68.0199966430664,69.75,67.91999816894531,69.66999816894531,14080900,52.02848815917969
2019-11-22,69.70999908447266,70.18000030517578,69.33000183105469,69.37000274658203,12143600,51.80445098876953
2019-11-25,69.37000274658203,69.44000244140625,68.70999908447266,68.91000366210938,10670000,51.46092987060547
2019-11-26,68.91999816894531,69.04000091552734,68.44000244140625,68.73999786376953,15457000,51.33395767211914
2019-11-27,68.76000213623047,69.08999633789062,68.41000366210938,68.69999694824219,8393900,51.30409622192383
2019-11-29,68.33000183105469,68.52999877929688,68.0,68.12999725341797,7980800,50.87843704223633
2019-12-02,68.5,68.87999725341797,68.37000274658203,68.41999816894531,11116900,51.09500503540039
2019-12-03,68.0,68.25,67.5199966430664,67.87999725341797,12245800,50.69173431396485
2019-12-04,68.25,68.76000213623047,68.13999938964844,68.6500015258789,11049700,51.26677322387695
2019-12-05,68.88999938964844,68.97000122070312,68.20999908447266,68.41000366210938,13109000,51.08753967285156
2019-12-06,68.76000213623047,69.87000274658203,68.76000213623047,69.51000213623047,13710800,51.90901184082031
2019-12-09,69.08000183105469,69.97000122070312,69.0199966430664,69.66000366210938,12397700,52.021026611328125
2019-12-10,69.66000366210938,70.1500015258789,68.69999694824219,69.05999755859375,14281800,51.572940826416016
2019-12-11,68.73999786376953,69.76000213623047,68.66999816894531,68.95999908447266,13748400,51.498268127441406
2019-12-12,68.95999908447266,70.37999725341797,68.9000015258789,70.33999633789062,17068500,52.5288200378418
2019-12-13,70.4800033569336,70.54000091552734,69.12000274658203,69.2300033569336,12274500,51.699893951416016
2019-12-16,69.69999694824219,70.25,69.69999694824219,70.0,15208700,52.27492904663086
2019-12-17,69.9800033569336,70.37999725341797,69.30999755859375,69.68000030517578,14450700,52.03595352172852
2019-12-18,69.62999725341797,70.29000091552734,69.27999877929688,69.87000274658203,13652300,52.1778564453125
2019-12-19,69.98999786376953,70.05000305175781,69.23999786376953,69.38999938964844,13273200,51.81938934326172
2019-12-20,69.86000061035156,70.2300033569336,69.38999938964844,69.94000244140625,35092000,52.23012161254883
2019-12-23,69.86000061035156,70.30000305175781,69.52999877929688,70.29000091552734,14172500,52.49150466918945
2019-12-24,70.3499984741211,70.5,69.91000366210938,70.0199966430664,3979400,52.28985977172852
2019-12-26,70.19000244140625,70.5,70.01000213623047,70.12999725341797,8840200,52.37200164794922
2019-12-27,70.19999694824219,70.30999755859375,69.87999725341797,69.88999938964844,10516100,52.19279098510742
2019-12-30,70.08999633789062,70.44000244140625,69.4000015258789,69.4800033569336,12689400,51.886600494384766
2019-12-31,69.0199966430664,69.80000305175781,69.01000213623047,69.77999877929688,13151800,52.110618591308594
2020-01-02,70.23999786376953,71.0199966430664,70.23999786376953,70.9000015258789,12456400,52.94704055786133
2020-01-03,71.33999633789062,71.37000274658203,70.16000366210938,70.33000183105469,17386900,52.52136993408203
2020-01-06,70.31999969482422,71.36000061035156,70.2300033569336,70.87000274658203,20081900,52.92463302612305
2020-01-07,70.5,70.5199966430664,69.51000213623047,70.29000091552734,17387700,52.49150466918945
2020-01-08,70.11000061035156,70.29000091552734,69.16999816894531,69.2300033569336,15137700,51.699893951416016
2020-01-09,69.13999938964844,69.9000015258789,68.62999725341797,69.76000213623047,14811800,52.0956916809082
2020-01-10,69.93000030517578,69.95999908447266,69.12000274658203,69.13999938964844,11995600,51.6326904296875
2020-01-13,69.19999694824219,69.87000274658203,69.11000061035156,69.80000305175781,9953900,52.12556838989258
2020-01-14,69.37999725341797,69.58000183105469,68.88999938964844,69.19999694824219,16261000,51.67748641967773
2020-01-15,69.19999694824219,69.58999633789062,68.88999938964844,69.08999633789062,11390300,51.595340728759766
2020-01-16,69.30000305175781,69.58000183105469,68.80000305175781,68.81999969482422,13340300,51.39371109008789
2020-01-17,68.75,69.08000183105469,68.29000091552734,68.55999755859375,18144100,51.199554443359375
2020-01-21,68.37999725341797,68.41999816894531,67.51000213623047,67.58000183105469,17982600,50.46771240234375
2020-01-22,67.55999755859375,67.69999694824219,67.0,67.19000244140625,17033100,50.17646408081055
2020-01-23,66.70999908447266,66.93000030517578,66.05000305175781,66.7699966430664,19605900,49.86281204223633
2020-01-24,66.54000091552734,66.68000030517578,66.04000091552734,66.31999969482422,18238600,49.526763916015625
2020-01-27,65.41999816894531,65.7300033569336,64.69999694824219,64.73999786376953,21231000,48.34683609008789
2020-01-28,65.11000061035156,65.19999694824219,64.62999725341797,64.6500015258789,19664700,48.27962112426758
2020-01-29,65.02999877929688,65.12999725341797,63.900001525878906,64.11000061035156,14202800,47.876373291015625
2020-01-30,63.77999877929688,64.87999725341797,63.43000030517578,64.79000091552734,18544700,48.38417816162109
2020-01-31,63.20000076293945,63.20000076293945,61.86000061035156,62.119998931884766,34282900,46.3902587890625
2020-02-03,61.380001068115234,61.41999816894531,60.369998931884766,60.72999954223633,27389300,45.35223388671875
2020-02-04,61.45000076293945,61.90999984741211,59.88999938964844,59.970001220703125,31922100,44.78467559814453
2020-02-05,60.75,62.93000030517578,60.59999847412109,62.72999954223633,32099200,46.845802307128906
2020-02-06,62.93000030517578,63.0099983215332,61.77999877929688,61.880001068115234,16055400,46.21103286743164
2020-02-07,61.40999984741211,61.65999984741211,61.060001373291016,61.470001220703125,15112500,45.90485763549805
2020-02-10,60.47999954223633,60.52000045776367,59.619998931884766,59.959999084472656,20934500,45.420040130615234
2020-02-11,60.58000183105469,60.88999938964844,60.16999816894531,60.52999877929688,14908700,45.851829528808594
2020-02-12,61.34000015258789,61.52999877929688,60.560001373291016,61.27000045776367,17862100,46.41238021850586
2020-02-13,61.060001373291016,61.41999816894531,60.560001373291016,60.93000030517578,16949400,46.15483474731445
2020-02-14,61.150001525878906,61.15999984741211,60.27999877929688,60.650001525878906,10855300,45.94272232055664
2020-02-18,60.150001525878906,60.38999938964844,59.45000076293945,59.880001068115234,18948500,45.35945129394531
2020-02-19,60.11000061035156,60.619998931884766,59.83000183105469,60.34000015258789,12804900,45.70790481567383
2020-02-20,60.22999954223633,60.540000915527344,59.720001220703125,59.86000061035156,14817200,45.34429931640625
2020-02-21,59.5099983215332,59.5099983215332,58.790000915527344,59.130001068115234,20315700,44.791316986083984
2020-02-24,57.619998931884766,57.79999923706055,56.36000061035156,56.36000061035156,32096600,42.69302749633789
2020-02-25,56.75,56.75,53.970001220703125,54.20000076293945,36414500,41.05681610107422
2020-02-26,54.54999923706055,54.81999969482422,52.93000030517578,53.0099983215332,29801000,40.1553840637207
2020-02-27,51.709999084472656,52.43999862670898,49.79999923706055,49.81999969482422,48141300,37.73894500732422
2020-02-28,48.77000045776367,51.43999862670898,48.0099983215332,51.43999862670898,62446700,38.966102600097656
2020-03-02,52.59000015258789,53.88999938964844,51.130001068115234,53.880001068115234,38127600,40.81439971923828
2020-03-03,53.95000076293945,54.150001525878906,50.97999954223633,51.29999923706055,50580700,38.860050201416016
2020-03-04,52.22999954223633,52.47999954223633,51.119998931884766,52.41999816894531,24079600,39.70845413208008
2020-03-05,50.41999816894531,50.70000076293945,49.040000915527344,50.11000061035156,40788200,37.958614349365234
2020-03-06,48.84000015258789,49.0099983215332,47.20000076293945,47.68999862670898,55640500,36.12545776367188
2020-03-09,41.709999084472656,44.56999969482422,40.79999923706055,41.86000061035156,72896300,31.709190368652344
2020-03-10,46.16999816894531,46.2599983215332,41.45000076293945,43.40999984741211,60445900,32.883331298828125
2020-03-11,42.38999938964844,43.47999954223633,41.75,41.97999954223633,51986100,31.800098419189453
2020-03-12,39.900001525878906,40.650001525878906,37.0,37.18000030517578,65725300,28.164066314697266
2020-03-13,40.0099983215332,40.13999938964844,35.0,38.119998931884766,79891500,28.876117706298828
2020-03-16,34.400001525878906,37.880001068115234,33.25,34.4900016784668,48924700,26.12637710571289
2020-03-17,35.209999084472656,37.380001068115234,34.20000076293945,36.810001373291016,41204400,27.883792877197266
2020-03-18,34.54999923706055,36.709999084472656,31.229999542236328,33.119998931884766,54036400,25.088594436645508
2020-03-19,33.72999954223633,34.900001525878906,32.349998474121094,34.43000030517578,49412400,26.080928802490234
2020-03-20,34.84000015258789,35.18000030517578,31.559999465942383,32.7400016784668,76534600,24.800745010375977
2020-03-23,32.529998779296875,32.70000076293945,30.11000061035156,31.450000762939453,56952500,23.823558807373047
2020-03-24,34.41999816894531,36.16999816894531,33.33000183105469,35.439998626708984,61835600,26.846004486083984
2020-03-25,36.5099983215332,38.59000015258789,35.18000030517578,37.290000915527344,56607700,28.247398376464844
2020-03-26,37.5,39.560001373291016,36.720001220703125,38.81999969482422,46722000,29.4063720703125
2020-03-27,37.130001068115234,37.68000030517578,36.20000076293945,36.95000076293945,51558600,27.98983383178711
2020-03-30,36.22999954223633,38.150001525878906,35.86000061035156,37.5,45835000,28.40647315979004
2020-03-31,38.34000015258789,39.45000076293945,37.369998931884766,37.970001220703125,41491600,28.762496948242188
2020-04-01,36.86000061035156,38.70000076293945,36.34000015258789,37.52999877929688,36045900,28.429187774658203
2020-04-02,38.7400016784668,41.959999084472656,37.900001525878906,40.400001525878906,62000200,30.60324478149414
2020-04-03,41.45000076293945,42.18000030517578,38.52000045776367,39.209999084472656,48425700,29.701801300048828
2020-04-06,39.880001068115234,40.83000183105469,39.22999954223633,40.470001220703125,41301900,30.65626335144043
2020-04-07,42.900001525878906,43.31999969482422,41.15999984741211,41.2400016784668,48921800,31.239545822143555
2020-04-08,41.95000076293945,44.040000915527344,41.470001220703125,43.84999847412109,33355600,33.21662902832031
2020-04-09,45.459999084472656,46.709999084472656,41.7400016784668,43.130001068115234,60107300,32.671234130859375
2020-04-13,44.45000076293945,44.68999862670898,41.970001220703125,42.7599983215332,29651900,32.39094543457031
2020-04-14,43.0,43.75,41.90999984741211,42.43000030517578,30769000,32.14097595214844
2020-04-15,41.0,41.060001373291016,39.380001068115234,40.47999954223633,33125000,30.66383552551269
2020-04-16,40.47999954223633,40.47999954223633,38.93000030517578,39.150001525878906,30934000,29.65635299682617
2020-04-17,39.880001068115234,43.31999969482422,39.869998931884766,43.220001220703125,40829100,32.739402770996094
2020-04-20,40.75,42.7400016784668,40.540000915527344,41.18000030517578,39260800,31.19408416748047
2020-04-21,40.400001525878906,42.130001068115234,39.630001068115234,40.959999084472656,44381600,31.02743530273437
2020-04-22,42.59999847412109,42.93000030517578,41.86000061035156,42.130001068115234,27074200,31.91371726989746
2020-04-23,43.130001068115234,44.65999984741211,42.810001373291016,43.45000076293945,35271000,32.91363525390625
2020-04-24,44.400001525878906,44.88999938964844,43.130001068115234,43.72999954223633,28653800,33.125736236572266
2020-04-27,43.59000015258789,44.31999969482422,42.22999954223633,43.93999862670898,28274400,33.284812927246094
2020-04-28,44.369998931884766,45.38999938964844,44.11000061035156,44.970001220703125,26545100,34.065040588378906
2020-04-29,46.2599983215332,47.59999847412109,46.15999984741211,47.459999084472656,29502500,35.95122528076172
2020-04-30,47.68000030517578,47.68000030517578,45.77000045776367,46.470001220703125,37076300,35.201297760009766
2020-05-01,45.630001068115234,46.38999938964844,43.0,43.13999938964844,35399300,32.67879867553711
2020-05-04,42.5099983215332,44.93999862670898,42.220001220703125,44.880001068115234,27465600,33.996864318847656
2020-05-05,46.2599983215332,47.150001525878906,44.65999984741211,44.83000183105469,29276200,33.95899200439453
2020-05-06,44.93000030517578,45.27000045776367,43.900001525878906,43.9900016784668,22659000,33.32268524169922
2020-05-07,44.959999084472656,45.27000045776367,43.970001220703125,44.2400016784668,22160300,33.51205825805664
2020-05-08,45.310001373291016,46.220001220703125,44.97999954223633,46.18000030517578,19977400,34.98161697387695
2020-05-11,46.11000061035156,46.20000076293945,45.5099983215332,45.7400016784668,22258000,34.6483154296875
2020-05-12,45.41999816894531,45.66999816894531,44.119998931884766,44.119998931884766,25439100,34.06916809082031
2020-05-13,43.7400016784668,43.869998931884766,41.59999847412109,41.93000030517578,30827900,32.37806701660156
2020-05-14,41.06999969482422,42.54999923706055,40.20000076293945,42.29999923706055,24856500,32.663780212402344
2020-05-15,42.380001068115234,43.0099983215332,41.84999847412109,42.0,22445600,32.43211364746094
2020-05-18,44.400001525878906,45.58000183105469,44.060001373291016,45.34000015258789,32026100,35.01125717163086
2020-05-19,45.54999923706055,46.630001068115234,43.93000030517578,43.93999862670898,21771600,33.93017578125
2020-05-20,44.619998931884766,45.58000183105469,44.56999969482422,45.369998931884766,19352400,35.034420013427734
2020-05-21,45.43999862670898,45.790000915527344,44.38999938964844,44.560001373291016,19130700,34.408935546875
2020-05-22,44.04999923706055,44.66999816894531,43.45000076293945,44.59999847412109,15406400,34.4398307800293
2020-05-26,45.7400016784668,46.29999923706055,45.470001220703125,45.90999984741211,20356500,35.4514045715332
2020-05-27,46.65999984741211,47.13999938964844,45.40999984741211,46.2400016784668,20788300,35.70621109008789
2020-05-28,46.43000030517578,46.459999084472656,44.93000030517578,45.040000915527344,19698000,34.77959442138672
2020-05-29,44.81999969482422,45.68999862670898,44.369998931884766,45.470001220703125,25874700,35.11164093017578
2020-06-01,45.31999969482422,46.45000076293945,44.79999923706055,46.27999877929688,19031000,35.73710250854492
2020-06-02,46.86000061035156,47.45000076293945,46.75,47.310001373291016,22319000,36.53247833251953
2020-06-03,48.0,49.400001525878906,47.95000076293945,49.2400016784668,23418000,38.02280426025391
2020-06-04,48.880001068115234,49.150001525878906,48.15999984741211,49.09999847412109,18731400,37.914695739746094
2020-06-05,51.650001525878906,53.45000076293945,51.59999847412109,53.08000183105469,41328900,40.9880256652832
2020-06-08,54.720001220703125,55.36000061035156,53.459999084472656,54.7400016784668,33579400,42.269866943359375
2020-06-09,52.880001068115234,53.970001220703125,52.45000076293945,53.52000045776367,27276900,41.32778549194336
2020-06-10,53.5,53.5,50.59999847412109,50.650001525878906,31156800,39.11159896850586
2020-06-11,47.52999877929688,48.84000015258789,46.09999847412109,46.18000030517578,39183000,35.65989685058594
2020-06-12,48.040000915527344,48.619998931884766,45.90999984741211,47.16999816894531,30978100,36.42435836791992
2020-06-15,45.34999847412109,47.7599983215332,44.75,47.13999938964844,27929300,36.40119552612305
2020-06-16,49.56999969482422,49.75,47.2400016784668,48.20000076293945,26203400,37.219722747802734
2020-06-17,48.0,48.130001068115234,46.59999847412109,46.630001068115234,19279400,36.00737380981445
2020-06-18,46.11000061035156,47.33000183105469,45.77000045776367,46.91999816894531,21478700,36.23130416870117
2020-06-19,48.220001220703125,48.2599983215332,45.97999954223633,45.97999954223633,48899900,35.505455017089844
2020-06-22,45.68999862670898,46.43999862670898,45.400001525878906,46.41999816894531,17565400,35.84520721435547
2020-06-23,46.900001525878906,47.220001220703125,46.5,46.70000076293945,18916600,36.06142807006836
2020-06-24,45.90999984741211,45.959999084472656,44.25,44.5,27626900,34.362606048583984
2020-06-25,44.04999923706055,45.2400016784668,43.68999862670898,45.16999816894531,19353600,34.879981994628906
2020-06-26,44.880001068115234,44.93999862670898,43.5,43.619998931884766,31518600,33.683074951171875
2020-06-29,43.810001373291016,44.58000183105469,43.540000915527344,44.31999969482422,17052100,34.22361755371094
2020-06-30,43.43000030517578,44.970001220703125,43.15999984741211,44.720001220703125,22153600,34.53248977661133
2020-07-01,44.4900016784668,45.380001068115234,43.66999816894531,43.709999084472656,17290100,33.7525749206543
2020-07-02,44.619998931884766,45.18999862670898,43.93000030517578,44.08000183105469,18216600,34.03828811645508
2020-07-06,44.66999816894531,45.08000183105469,43.84000015258789,44.38999938964844,22692000,34.27766418457031
2020-07-07,43.900001525878906,44.0,43.11000061035156,43.2400016784668,17407600,33.3896484375
2020-07-08,43.150001525878906,43.93000030517578,42.84000015258789,43.13999938964844,18291400,33.31241989135742
2020-07-09,42.900001525878906,43.09999847412109,41.290000915527344,41.36000061035156,25882000,31.937923431396484
2020-07-10,41.119998931884766,42.709999084472656,41.09999847412109,42.650001525878906,18951000,32.934051513671875
2020-07-13,42.97999954223633,43.290000915527344,42.22999954223633,42.65999984741211,20028300,32.941776275634766
2020-07-14,42.52999877929688,44.18999862670898,42.2599983215332,44.06999969482422,21444100,34.03055953979492
2020-07-15,45.02999877929688,45.09000015258789,44.209999084472656,44.630001068115234,17332400,34.46299743652344
2020-07-16,44.310001373291016,44.810001373291016,43.790000915527344,44.27999877929688,14673700,34.192726135253906
2020-07-17,44.33000183105469,44.68999862670898,43.38999938964844,43.52000045776367,17958900,33.60585403442383
2020-07-20,43.209999084472656,43.5099983215332,42.47999954223633,42.5,18553900,32.81821823120117
2020-07-21,43.150001525878906,45.18999862670898,43.11000061035156,44.650001525878906,28821800,34.47843551635742
2020-07-22,44.150001525878906,44.150001525878906,43.369998931884766,43.61000061035156,21345400,33.67535781860352
2020-07-23,43.400001525878906,43.81999969482422,43.02000045776367,43.70000076293945,17934400,33.744850158691406
2020-07-24,43.880001068115234,44.41999816894531,43.18999862670898,43.43000030517578,16415300,33.53636169433594
2020-07-27,43.22999954223633,44.09000015258789,42.970001220703125,44.06999969482422,18547900,34.03055953979492
2020-07-28,43.90999984741211,44.25,43.459999084472656,43.54999923706055,19190500,33.62902069091797
2020-07-29,43.709999084472656,44.09000015258789,43.34000015258789,44.02999877929688,14143200,33.99967956542969
2020-07-30,43.130001068115234,43.18000030517578,41.83000183105469,41.869998931884766,29901100,32.331748962402344
2020-07-31,41.15999984741211,42.16999816894531,40.90999984741211,42.08000183105469,32116200,32.49390411376953
2020-08-03,42.04999923706055,42.5,41.470001220703125,42.25,23033600,32.62517547607422
2020-08-04,42.34000015258789,43.59999847412109,42.2400016784668,43.470001220703125,17724000,33.56724166870117
2020-08-05,44.150001525878906,44.310001373291016,43.52999877929688,43.84999847412109,17175100,33.860679626464844
2020-08-06,43.400001525878906,43.900001525878906,43.25,43.63999938964844,14434900,33.698524475097656
2020-08-07,43.22999954223633,43.52000045776367,42.810001373291016,43.43999862670898,18757900,33.54408264160156
2020-08-10,43.9900016784668,44.59999847412109,43.59999847412109,44.5099983215332,24367800,34.37031936645508
2020-08-11,45.5,46.41999816894531,44.72999954223633,44.970001220703125,28987500,34.72554397583008
2020-08-12,44.459999084472656,44.93999862670898,43.630001068115234,44.09000015258789,22503200,34.7176628112793
2020-08-13,43.5,43.869998931884766,42.91999816894531,43.0099983215332,17338700,33.867244720458984
2020-08-14,42.59999847412109,43.27999877929688,42.40999984741211,43.20000076293945,13595700,34.01685333251953
2020-08-17,43.16999816894531,43.16999816894531,42.470001220703125,42.63999938964844,15554600,33.575897216796875
2020-08-18,42.59000015258789,43.18999862670898,42.290000915527344,42.43000030517578,13014000,33.4105339050293
2020-08-19,42.34999847412109,42.65999984741211,41.869998931884766,41.959999084472656,14473100,33.04043960571289
2020-08-20,41.68999862670898,41.88999938964844,41.29999923706055,41.31999969482422,15678500,32.5364875793457
2020-08-21,41.29999923706055,41.34000015258789,40.709999084472656,41.0099983215332,25517700,32.292381286621094
2020-08-24,41.27999877929688,42.5099983215332,41.09000015258789,42.220001220703125,18208900,33.24517822265625
2020-08-25,41.65999984741211,42.06999969482422,40.70000076293945,40.880001068115234,31285600,32.190025329589844
2020-08-26,40.63999938964844,40.84000015258789,40.0,40.0099983215332,26795000,31.50495719909668
2020-08-27,40.0,40.29999923706055,39.310001373291016,39.7400016784668,32034300,31.2923583984375
2020-08-28,39.84000015258789,40.91999816894531,39.7599983215332,40.68999862670898,33477100,32.0404052734375
2020-08-31,40.63999938964844,40.720001220703125,39.900001525878906,39.93999862670898,25259600,31.449840545654297
2020-09-01,39.75,39.75,39.04999923706055,39.43000030517578,22464100,31.04825019836425
2020-09-02,39.22999954223633,39.720001220703125,38.95000076293945,39.18999862670898,26413400,30.859272003173828
2020-09-03,39.20000076293945,40.02999877929688,38.880001068115234,39.11000061035156,28817200,30.796274185180664
2020-09-04,39.459999084472656,39.790000915527344,38.650001525878906,39.08000183105469,24632500,30.77265167236328
2020-09-08,38.25,38.68000030517578,37.34999847412109,38.18000030517578,38496400,30.06397247314453
2020-09-09,38.34999847412109,38.84000015258789,37.91999816894531,37.95000076293945,25886100,29.88286018371582
2020-09-10,38.27000045776367,38.369998931884766,36.900001525878906,37.0,34381200,29.13480567932129
2020-09-11,37.130001068115234,37.310001373291016,36.4900016784668,36.900001525878906,26838600,29.05606842041016
2020-09-14,36.90999984741211,37.0099983215332,36.4900016784668,36.65999984741211,26129900,28.86708068847656
2020-09-15,36.79999923706055,37.380001068115234,36.209999084472656,36.27000045776367,23724200,28.559978485107425
2020-09-16,36.459999084472656,38.150001525878906,36.27000045776367,37.810001373291016,30890900,29.772619247436523
2020-09-17,37.34999847412109,37.97999954223633,36.970001220703125,37.79999923706055,24696200,29.76474571228028
2020-09-18,37.52999877929688,37.81999969482422,36.70000076293945,37.18999862670898,46853800,29.28441429138184
2020-09-21,36.43000030517578,36.709999084472656,35.68000030517578,36.43000030517578,35351800,28.685970306396484
2020-09-22,36.459999084472656,36.84000015258789,35.470001220703125,35.529998779296875,27303200,27.97728729248047
2020-09-23,35.650001525878906,35.790000915527344,34.349998474121094,34.38999938964844,31251400,27.079620361328125
2020-09-24,34.400001525878906,34.81999969482422,33.7599983215332,34.31999969482422,26796000,27.02449607849121
2020-09-25,34.0,34.939998626708984,33.880001068115234,34.63999938964844,23486000,27.276477813720703
2020-09-28,35.13999938964844,35.900001525878906,35.099998474121094,35.310001373291016,23396500,27.804054260253903
2020-09-29,35.0,35.11000061035156,33.9900016784668,34.279998779296875,20770500,26.992998123168945
2020-09-30,34.63999938964844,34.91999816894531,34.130001068115234,34.33000183105469,22223700,27.03236961364746
2020-10-01,33.790000915527344,34.099998474121094,32.939998626708984,33.130001068115234,36890200,26.087459564208984
2020-10-02,32.25,33.349998474121094,32.209999084472656,32.97999954223633,32694300,25.96934509277344
2020-10-05,33.31999969482422,33.75,33.16999816894531,33.7400016784668,22965200,26.56779289245605
2020-10-06,34.119998931884766,34.41999816894531,33.310001373291016,33.38999938964844,26731800,26.29219436645508
2020-10-07,33.63999938964844,33.7400016784668,33.209999084472656,33.5,23779300,26.37881088256836
2020-10-08,33.880001068115234,35.34000015258789,33.7599983215332,35.2599983215332,34413700,27.76467704772949
2020-10-09,35.68000030517578,35.95000076293945,34.650001525878906,34.7400016784668,29228600,27.35521697998047
2020-10-12,34.540000915527344,34.72999954223633,34.22999954223633,34.630001068115234,17912800,27.268600463867188
2020-10-13,34.72999954223633,34.869998931884766,34.099998474121094,34.220001220703125,20995100,26.94576072692871
2020-10-14,34.060001373291016,34.83000183105469,34.029998779296875,34.150001525878906,17743000,26.89063262939453
2020-10-15,33.70000076293945,34.459999084472656,33.27000045776367,34.45000076293945,23251600,27.126861572265625
2020-10-16,34.369998931884766,34.63999938964844,33.880001068115234,34.099998474121094,22627200,26.851261138916016
2020-10-19,34.099998474121094,34.369998931884766,33.38999938964844,33.41999816894531,23645800,26.315814971923828
2020-10-20,33.65999984741211,33.93000030517578,33.33000183105469,33.70000076293945,23040600,26.53629302978516
2020-10-21,33.5099983215332,33.619998931884766,33.13999938964844,33.15999984741211,28619300,26.111083984375
2020-10-22,33.18000030517578,34.959999084472656,33.02000045776367,34.86000061035156,31831500,27.449710845947266
2020-10-23,34.970001220703125,35.08000183105469,33.86000061035156,34.15999984741211,27429100,26.89850807189941
2020-10-26,33.61000061035156,33.77000045776367,32.95000076293945,33.349998474121094,30888700,26.260692596435547
2020-10-27,33.150001525878906,33.20000076293945,32.70000076293945,32.81999969482422,27100700,25.843360900878903
2020-10-28,32.099998474121094,32.380001068115234,31.520000457763672,31.56999969482422,42136400,24.85907554626465
2020-10-29,31.40999984741211,33.130001068115234,31.11000061035156,32.970001220703125,38622800,25.96147346496582
2020-10-30,32.40999984741211,33.13999938964844,32.0099983215332,32.619998931884766,47885700,25.68587112426757
2020-11-02,33.13999938964844,34.459999084472656,32.56999969482422,33.9900016784668,40130300,26.7646484375
2020-11-03,34.4900016784668,34.4900016784668,33.130001068115234,33.40999984741211,36773000,26.307939529418945
2020-11-04,33.27000045776367,34.13999938964844,32.529998779296875,33.22999954223633,35410100,26.166200637817383
2020-11-05,33.369998931884766,33.91999816894531,33.13999938964844,33.16999816894531,30824100,26.118953704833984
2020-11-06,33.099998474121094,33.65999984741211,32.619998931884766,32.779998779296875,33985600,25.81185531616211
2020-11-09,36.41999816894531,38.0099983215332,36.060001373291016,36.93000030517578,76879400,29.07968521118164
2020-11-10,37.04999923706055,37.43000030517578,35.97999954223633,36.86000061035156,49055400,29.724830627441406
2020-11-11,37.09000015258789,37.119998931884766,36.18999862670898,36.47999954223633,34124500,29.41838264465332
2020-11-12,35.86000061035156,36.290000915527344,34.869998931884766,35.22999954223633,30933700,28.410356521606445
2020-11-13,35.400001525878906,36.25,35.380001068115234,36.08000183105469,29241500,29.095808029174805
2020-11-16,37.59000015258789,38.16999816894531,37.09999847412109,38.15999984741211,38596800,30.77317237854004
2020-11-17,37.810001373291016,38.709999084472656,37.380001068115234,38.66999816894531,26521100,31.1844482421875
2020-11-18,39.02000045776367,39.130001068115234,37.20000076293945,37.209999084472656,31068000,30.00707244873047
2020-11-19,36.86000061035156,37.5,36.560001373291016,37.400001525878906,26954400,30.160301208496094
2020-11-20,37.34999847412109,37.40999984741211,36.77999877929688,36.93999862670898,18351000,29.78934097290039
2020-11-23,37.5,39.43000030517578,37.27999877929688,39.36000061035156,29367600,31.74088859558105
2020-11-24,40.5099983215332,42.08000183105469,40.220001220703125,41.97999954223633,46979300,33.853721618652344
2020-11-25,41.66999816894531,41.709999084472656,40.650001525878906,40.810001373291016,28178200,32.91019821166992
2020-11-27,40.70000076293945,40.93999862670898,39.869998931884766,40.18999862670898,14971900,32.410213470458984
2020-11-30,39.79999923706055,39.880001068115234,37.970001220703125,38.130001068115234,45614300,30.748985290527344
2020-12-01,38.959999084472656,39.650001525878906,38.470001220703125,38.5,32472900,31.04736518859864
2020-12-02,38.38999938964844,40.41999816894531,38.34000015258789,39.93999862670898,29369500,32.208614349365234
2020-12-03,40.06999969482422,40.63999938964844,39.72999954223633,40.209999084472656,27038900,32.42633819580078
2020-12-04,40.77000045776367,41.7599983215332,40.650001525878906,41.68000030517578,28723600,33.61180114746094
2020-12-07,41.41999816894531,41.540000915527344,40.66999816894531,40.900001525878906,24899400,32.98278045654297
2020-12-08,40.52999877929688,42.59000015258789,40.43999862670898,42.2400016784668,32573800,34.06338882446289
2020-12-09,42.709999084472656,43.72999954223633,42.380001068115234,42.79999923706055,37824800,34.514984130859375
2020-12-10,43.20000076293945,44.470001220703125,42.7599983215332,44.0099983215332,38058700,35.490760803222656
2020-12-11,43.70000076293945,43.93000030517578,43.209999084472656,43.79999923706055,25478800,35.321407318115234
2020-12-14,44.34000015258789,44.459999084472656,42.18000030517578,42.220001220703125,30595000,34.04726791381836
2020-12-15,42.43999862670898,43.220001220703125,42.060001373291016,43.040000915527344,27138400,34.70853042602539
2020-12-16,43.75,44.11000061035156,42.959999084472656,43.70000076293945,34273000,35.24077224731445
2020-12-17,44.0,44.040000915527344,43.400001525878906,43.47999954223633,21204600,35.0633430480957
2020-12-18,43.27000045776367,43.77999877929688,42.41999816894531,42.72999954223633,46596800,34.458534240722656
2020-12-21,41.11000061035156,42.08000183105469,40.52999877929688,41.95000076293945,27869500,33.829524993896484
2020-12-22,41.58000183105469,41.900001525878906,41.22999954223633,41.2400016784668,21792900,33.2569580078125
2020-12-23,41.5099983215332,42.38999938964844,41.459999084472656,41.77000045776367,19085900,33.684364318847656
2020-12-24,41.650001525878906,41.84999847412109,41.380001068115234,41.59999847412109,8039000,33.547271728515625
2020-12-28,41.68999862670898,42.54999923706055,41.52000045776367,41.7400016784668,23877500,33.660179138183594
2020-12-29,42.040000915527344,42.119998931884766,41.20000076293945,41.27000045776367,20287700,33.281158447265625
2020-12-30,41.33000183105469,42.41999816894531,41.27000045776367,41.59999847412109,23807300,33.547271728515625
2020-12-31,41.470001220703125,41.68000030517578,40.970001220703125,41.220001220703125,22786500,33.2408332824707
2021-01-04,41.45000076293945,42.25,41.0,41.5,27764700,33.46663284301758
2021-01-05,41.84000015258789,44.79999923706055,41.83000183105469,43.5,44035100,35.07948684692383
2021-01-06,44.40999984741211,45.09999847412109,43.70000076293945,44.61000061035156,36484800,35.97462844848633
2021-01-07,45.0,45.56999969482422,44.52999877929688,44.959999084472656,29528100,36.256866455078125
2021-01-08,45.20000076293945,45.81999969482422,44.95000076293945,45.459999084472656,28628200,36.66008377075195
2021-01-11,45.040000915527344,47.13999938964844,44.75,46.84000015258789,38246200,37.7729377746582
2021-01-12,47.459999084472656,48.16999816894531,46.90999984741211,47.880001068115234,36915100,38.611629486083984
2021-01-13,48.52999877929688,48.709999084472656,47.68999862670898,48.41999816894531,29000300,39.04708480834961
2021-01-14,48.5,51.08000183105469,48.5,50.310001373291016,35474800,40.57123565673828
2021-01-15,48.90999984741211,49.08000183105469,47.290000915527344,47.88999938964844,42411300,38.61968612670898
2021-01-19,48.45000076293945,49.43999862670898,48.34999847412109,48.84000015258789,24932600,39.38579940795898
2021-01-20,49.11000061035156,49.7400016784668,48.9900016784668,49.52999877929688,22342400,39.94223403930664
2021-01-21,49.33000183105469,49.38999938964844,47.68000030517578,48.11000061035156,29044500,38.79710388183594
2021-01-22,47.0099983215332,47.63999938964844,46.63999938964844,47.43000030517578,23264800,38.24872970581055
2021-01-25,46.900001525878906,47.04999923706055,46.15999984741211,46.900001525878906,26395800,37.82133102416992
2021-01-26,47.2599983215332,47.86000061035156,45.84999847412109,45.869998931884766,23976800,36.9907112121582
2021-01-27,45.0,46.65999984741211,44.52999877929688,45.34999847412109,32410300,36.57136917114258
2021-01-28,45.93999862670898,46.59000015258789,45.68999862670898,46.060001373291016,24967200,37.1439323425293
2021-01-29,45.54999923706055,46.040000915527344,44.5099983215332,44.84000015258789,38961100,36.16008758544922
2021-02-01,45.58000183105469,45.58000183105469,44.290000915527344,44.91999816894531,24412400,36.224609375
2021-02-02,45.810001373291016,46.9900016784668,45.27999877929688,45.630001068115234,31940400,36.797176361083984
2021-02-03,45.630001068115234,47.66999816894531,45.41999816894531,47.41999816894531,28459300,38.24067306518555
2021-02-04,47.880001068115234,48.380001068115234,47.25,48.33000183105469,25280300,38.97452545166016
2021-02-05,49.18000030517578,50.119998931884766,49.040000915527344,49.95000076293945,34980100,40.28093338012695
2021-02-08,50.91999816894531,52.36000061035156,50.709999084472656,52.09999847412109,36998700,42.014739990234375
2021-02-09,50.66999816894531,50.959999084472656,49.77000045776367,50.630001068115234,28977000,41.52266311645508
2021-02-10,50.630001068115234,51.41999816894531,50.38999938964844,51.119998931884766,25723800,41.92452621459961
2021-02-11,50.88999938964844,50.93000030517578,48.77999877929688,49.84000015258789,26972200,40.87478256225586
2021-02-12,49.43000030517578,50.709999084472656,49.40999984741211,50.52000045776367,19756700,41.43245697021485
2021-02-16,51.959999084472656,52.52999877929688,51.619998931884766,52.040000915527344,28060100,42.67904281616211
2021-02-17,52.34999847412109,53.27000045776367,51.79999923706055,52.84999847412109,25509700,43.34333419799805
2021-02-18,52.810001373291016,52.93999862670898,51.86000061035156,52.02000045776367,20627600,42.66263961791992
2021-02-19,52.11000061035156,52.560001373291016,51.91999816894531,52.369998931884766,22607200,42.94967651367188
2021-02-22,52.59000015258789,54.810001373291016,52.59000015258789,54.29999923706055,36435100,44.532501220703125
2021-02-23,54.97999954223633,55.2599983215332,53.7400016784668,55.04999923706055,33527900,45.1475944519043
2021-02-24,55.18999862670898,57.0,54.869998931884766,56.70000076293945,28728600,46.50079345703125
2021-02-25,56.97999954223633,57.25,55.34999847412109,55.7599983215332,29670900,45.72988510131836
2021-02-26,54.40999984741211,55.060001373291016,53.119998931884766,54.369998931884766,35291000,44.58991241455078
2021-03-01,56.470001220703125,57.61000061035156,56.130001068115234,56.400001525878906,36998300,46.25475311279297
2021-03-02,56.650001525878906,56.959999084472656,56.02000045776367,56.06999969482422,30302600,45.98411178588867
2021-03-03,56.41999816894531,57.959999084472656,55.880001068115234,56.52000045776367,35358900,46.35317611694336
2021-03-04,57.119998931884766,59.470001220703125,57.09999847412109,58.709999084472656,52137500,48.14923095703125
2021-03-05,59.83000183105469,61.04999923706055,59.11000061035156,60.93000030517578,51429800,49.96990585327149
2021-03-08,61.58000183105469,61.61000061035156,59.81999969482422,60.869998931884766,38154600,49.92068862915039
2021-03-09,60.61000061035156,61.38999938964844,59.470001220703125,59.93000030517578,35645900,49.14978790283203
2021-03-10,60.52000045776367,61.91999816894531,60.02999877929688,61.77000045776367,31579100,50.65879821777344
2021-03-11,61.77999877929688,62.54999923706055,61.2599983215332,61.310001373291016,24802600,50.28154373168945
2021-03-12,61.54999923706055,62.369998931884766,61.5,61.970001220703125,20422700,50.82282638549805
2021-03-15,61.4900016784668,61.86000061035156,59.869998931884766,60.38999938964844,31243600,49.52703094482422
2021-03-16,59.540000915527344,59.65999984741211,58.43999862670898,59.11000061035156,30624800,48.47728729248047
2021-03-17,58.68999862670898,59.72999954223633,58.619998931884766,59.369998931884766,25575500,48.69051742553711
2021-03-18,58.810001373291016,58.970001220703125,56.52000045776367,56.810001373291016,38622800,46.591007232666016
2021-03-19,56.709999084472656,57.470001220703125,55.810001373291016,56.4900016784668,84439400,46.32857894897461
2021-03-22,56.5,56.86000061035156,55.900001525878906,55.90999984741211,29315100,45.85290145874024
2021-03-23,54.93999862670898,56.290000915527344,54.45000076293945,55.220001220703125,33493300,45.287017822265625
2021-03-24,56.08000183105469,57.27999877929688,56.08000183105469,56.34000015258789,29781800,46.20555114746094
2021-03-25,55.209999084472656,56.5,54.5,56.18000030517578,31495900,46.0743293762207
2021-03-26,57.29999923706055,57.77999877929688,56.52000045776367,57.709999084472656,34226500,47.32912826538086
2021-03-29,57.34000015258789,57.81999969482422,56.7400016784668,57.400001525878906,21144400,47.07487487792969
2021-03-30,56.86000061035156,57.36000061035156,56.4900016784668,56.68999862670898,20303400,46.49259948730469
2021-03-31,56.34999847412109,56.630001068115234,55.79999923706055,55.83000183105469,23686500,45.78730010986328
2021-04-01,56.31999969482422,57.45000076293945,56.13999938964844,57.38999938964844,23194500,47.06666946411133
2021-04-05,57.29999923706055,57.31999969482422,56.13999938964844,56.5,23264800,46.33677673339844
2021-04-06,56.84000015258789,57.540000915527344,56.2599983215332,56.34000015258789,18926300,46.20555114746094
2021-04-07,56.38999938964844,56.77000045776367,56.2400016784668,56.59000015258789,22385000,46.41057968139648
2021-04-08,55.93000030517578,56.08000183105469,55.31999969482422,56.0,21999300,45.92669677734375
2021-04-09,56.0,56.43999862670898,55.52999877929688,55.869998931884766,20020700,45.820098876953125
2021-04-12,56.7599983215332,56.790000915527344,55.310001373291016,55.5,20238800,45.51665115356445
2021-04-13,55.29999923706055,55.97999954223633,55.09000015258789,55.709999084472656,19370600,45.688873291015625
2021-04-14,56.40999984741211,58.0099983215332,56.25,57.31999969482422,28051100,47.00927734375
2021-04-15,57.41999816894531,57.41999816894531,56.77999877929688,56.97999954223633,23250300,46.730430603027344
2021-04-16,57.36000061035156,57.68000030517578,56.43999862670898,56.65999984741211,22752000,46.46799087524414
2021-04-19,56.75,57.13999938964844,55.959999084472656,56.47999954223633,21123300,46.32037353515625
2021-04-20,56.470001220703125,56.470001220703125,54.77999877929688,55.290000915527344,21782100,45.34442138671875
2021-04-21,54.5,56.130001068115234,54.29999923706055,56.0,16625600,45.92669677734375
2021-04-22,55.9900016784668,55.9900016784668,55.02000045776367,55.27000045776367,21600100,45.32802963256836
2021-04-23,55.27000045776367,55.93999862670898,55.18000030517578,55.56999969482422,15337900,45.57406234741211
2021-04-26,55.470001220703125,56.290000915527344,55.43999862670898,55.68000030517578,16083800,45.66427230834961
2021-04-27,56.0099983215332,56.630001068115234,55.810001373291016,56.40999984741211,19278600,46.262962341308594
2021-04-28,56.90999984741211,58.459999084472656,56.790000915527344,58.11000061035156,24729800,47.65716171264648
2021-04-29,58.91999816894531,59.47999954223633,58.150001525878906,58.93999862670898,27318400,48.33786392211914
2021-04-30,58.33000183105469,58.88999938964844,57.15999984741211,57.2400016784668,30518400,46.94366836547852
2021-05-03,57.97999954223633,58.9900016784668,57.7400016784668,58.81999969482422,20509600,48.23945617675781
2021-05-04,59.0,59.5,58.5099983215332,59.18999862670898,23522200,48.54290390014648
2021-05-05,59.77000045776367,61.04999923706055,59.400001525878906,60.970001220703125,31526200,50.002708435058594
2021-05-06,60.86000061035156,61.63999938964844,60.02999877929688,61.54999923706055,26836800,50.47837448120117
2021-05-07,61.06999969482422,62.470001220703125,60.84999847412109,62.43000030517578,33610600,51.20006561279297
2021-05-10,63.2400016784668,64.0199966430664,62.52999877929688,62.58000183105469,31956600,51.3231086730957
2021-05-11,61.630001068115234,62.38999938964844,60.38999938964844,60.59000015258789,34563800,49.69105529785156
2021-05-12,60.0099983215332,61.68000030517578,59.75,60.040000915527344,34426500,49.95732879638672
2021-05-13,59.0,60.45000076293945,58.75,59.29999923706055,24268200,49.34159469604492
2021-05-14,59.93000030517578,60.880001068115234,59.93000030517578,60.77000045776367,20735400,50.56473159790039
2021-05-17,60.540000915527344,62.25,60.43000030517578,62.18999862670898,25282500,51.74626922607422
2021-05-18,62.0,62.29999923706055,60.400001525878906,60.43000030517578,25170800,50.281829833984375
2021-05-19,59.09999847412109,59.86000061035156,58.41999816894531,58.97999954223633,28889800,49.07533264160156
2021-05-20,58.95000076293945,59.150001525878906,58.2400016784668,58.84000015258789,20692500,48.95884704589844
2021-05-21,59.41999816894531,59.83000183105469,58.84999847412109,58.91999816894531,20792700,49.02541732788086
2021-05-24,59.08000183105469,59.79999923706055,58.68999862670898,59.61000061035156,18400300,49.59954071044922
2021-05-25,59.5,59.540000915527344,58.119998931884766,58.2599983215332,25616100,48.47624588012695
2021-05-26,58.25,59.119998931884766,57.900001525878906,58.93999862670898,21698700,49.04204940795898
2021-05-27,59.22999954223633,59.70000076293945,58.02000045776367,58.560001373291016,33556000,48.725868225097656
2021-05-28,58.72999954223633,58.79999923706055,58.11000061035156,58.369998931884766,19246800,48.56777191162109
2021-06-01,59.45000076293945,60.70000076293945,59.45000076293945,60.459999084472656,28474200,50.30678939819336
2021-06-02,60.75,61.310001373291016,60.16999816894531,60.93999862670898,22978300,50.7061767578125
2021-06-03,60.54999923706055,61.40999984741211,60.34999847412109,61.18000030517578,20272800,50.9058837890625
2021-06-04,61.459999084472656,61.70000076293945,60.77999877929688,61.45000076293945,20427800,51.13053894042969
2021-06-07,61.33000183105469,61.72999954223633,61.02000045776367,61.04999923706055,15477900,50.7977180480957
2021-06-08,61.5,62.47999954223633,60.66999816894531,62.130001068115234,28953400,51.69634246826172
2021-06-09,62.66999816894531,63.41999816894531,62.18999862670898,62.650001525878906,29133000,52.1290168762207
2021-06-10,63.61000061035156,63.97999954223633,62.25,62.75,27488700,52.21223449707031
2021-06-11,63.0099983215332,63.18999862670898,62.13999938964844,62.16999816894531,17631700,51.72962951660156
2021-06-14,62.29999923706055,62.77999877929688,61.56999969482422,62.06999969482422,16997200,51.64641571044922
2021-06-15,62.47999954223633,64.4000015258789,62.34999847412109,64.33000183105469,30717100,53.52690124511719
2021-06-16,64.31999969482422,64.80000305175781,63.560001373291016,64.0999984741211,24803200,53.33551788330078
2021-06-17,63.86000061035156,64.45999908447266,61.27000045776367,61.9900016784668,28491800,51.579864501953125
2021-06-18,61.0,61.54999923706055,60.2400016784668,60.400001525878906,39590700,50.25686264038086
2021-06-21,60.93000030517578,62.70000076293945,60.900001525878906,62.59000015258789,33145400,52.07909393310547
2021-06-22,62.84999847412109,64.01000213623047,62.22999954223633,63.790000915527344,25140400,53.077579498291016
2021-06-23,64.05000305175781,64.69999694824219,63.58000183105469,64.26000213623047,20701600,53.46864700317383
2021-06-24,64.1500015258789,64.55999755859375,63.810001373291016,64.5199966430664,19568400,53.68498229980469
2021-06-25,64.61000061035156,64.93000030517578,64.36000061035156,64.66000366210938,18438300,53.80148315429688
2021-06-28,64.55999755859375,64.55999755859375,62.75,63.0099983215332,20570000,52.42856216430664
2021-06-29,63.209999084472656,63.77000045776367,62.59000015258789,62.619998931884766,19579300,52.10405349731445
2021-06-30,62.70000076293945,63.22999954223633,62.45000076293945,63.08000183105469,17875500,52.486812591552734
2021-07-01,64.33000183105469,64.41999816894531,62.77000045776367,63.2599983215332,22530300,52.63658142089844
2021-07-02,63.0099983215332,63.31999969482422,62.41999816894531,63.16999816894531,14555300,52.56169128417969
2021-07-06,62.75,62.7599983215332,60.900001525878906,61.369998931884766,22110800,51.06397247314453
2021-07-07,61.18000030517578,61.810001373291016,59.619998931884766,60.40999984741211,21671400,50.26519393920898
2021-07-08,59.45000076293945,60.709999084472656,59.310001373291016,60.13999938964844,18935900,50.04053115844727
2021-07-09,60.70000076293945,61.45000076293945,60.2400016784668,61.22999954223633,20086000,50.94749069213867
2021-07-12,60.41999816894531,61.5,60.15999984741211,61.16999816894531,21809400,50.897560119628906
2021-07-13,61.0,61.5099983215332,60.5099983215332,60.880001068115234,17147300,50.65625762939453
2021-07-14,61.16999816894531,61.72999954223633,59.36000061035156,59.52999877929688,21573600,49.5329704284668
2021-07-15,59.16999816894531,59.70000076293945,58.77000045776367,58.95000076293945,15851100,49.05036544799805
2021-07-16,59.18000030517578,59.2599983215332,57.150001525878906,57.31999969482422,27049500,47.69410705566406
2021-07-19,55.63999938964844,56.20000076293945,54.59999847412109,55.34999847412109,37969100,46.05492782592773
2021-07-20,55.5,56.59999847412109,55.02999877929688,55.959999084472656,26756100,46.56249237060547
2021-07-21,56.86000061035156,58.29999923706055,56.83000183105469,57.7599983215332,20908700,48.06021118164063
2021-07-22,57.72999954223633,57.7400016784668,56.65999984741211,57.11000061035156,13493800,47.51936721801758
2021-07-23,57.290000915527344,57.290000915527344,56.470001220703125,57.040000915527344,14088200,47.46113204956055
2021-07-26,57.15999984741211,58.650001525878906,57.0,58.47999954223633,18387600,48.659297943115234
2021-07-27,58.0099983215332,58.0099983215332,57.209999084472656,57.83000183105469,16861400,48.11845397949219
2021-07-28,58.0,58.630001068115234,57.619998931884766,58.220001220703125,16855300,48.44295883178711
2021-07-29,59.0,59.33000183105469,58.560001373291016,58.93000030517578,18607800,49.03372573852539
2021-07-30,58.880001068115234,58.880001068115234,57.31999969482422,57.56999969482422,28652800,47.902122497558594
2021-08-02,57.54999923706055,59.060001373291016,57.400001525878906,57.58000183105469,20873800,47.910438537597656
2021-08-03,57.56999969482422,58.40999984741211,56.93000030517578,58.20000076293945,18208200,48.42631530761719
2021-08-04,57.18999862670898,57.880001068115234,56.810001373291016,56.84000015258789,20868300,47.294708251953125
2021-08-05,57.130001068115234,57.70000076293945,56.83000183105469,57.20000076293945,15180200,47.59425354003906
2021-08-06,57.65999984741211,58.06999969482422,57.52999877929688,57.86000061035156,14888500,48.14341354370117
2021-08-09,57.130001068115234,57.52000045776367,56.83000183105469,57.20000076293945,17828200,47.59425354003906
2021-08-10,57.41999816894531,58.36000061035156,57.29999923706055,58.18000030517578,16340200,48.40967559814453
2021-08-11,58.18999862670898,58.5,57.720001220703125,58.34999847412109,18278600,48.55112838745117
2021-08-12,57.400001525878906,57.790000915527344,56.869998931884766,57.34999847412109,19225500,48.441314697265625
2021-08-13,57.02999877929688,57.06999969482422,56.29999923706055,56.77000045776367,20063000,47.951419830322266
2021-08-16,56.02000045776367,56.09000015258789,55.27000045776367,55.93999862670898,16959500,47.25035095214844
2021-08-17,55.5,56.29999923706055,55.0,55.560001373291016,16243700,46.92938232421875
2021-08-18,55.41999816894531,55.810001373291016,54.310001373291016,54.38999938964844,21890500,45.94112396240234
2021-08-19,53.470001220703125,53.709999084472656,52.09999847412109,52.72999954223633,30923500,44.53897857666016
2021-08-20,52.27000045776367,53.13999938964844,52.11000061035156,52.7400016784668,16918300,44.54744720458984
2021-08-23,53.95000076293945,55.060001373291016,53.95000076293945,54.90999984741211,21632600,46.38035583496094
2021-08-24,55.290000915527344,55.84999847412109,55.0099983215332,55.36000061035156,17915600,46.76045227050781
2021-08-25,55.2400016784668,55.77000045776367,54.869998931884766,55.459999084472656,13270300,46.84492111206055
2021-08-26,55.20000076293945,55.540000915527344,54.630001068115234,54.709999084472656,11842600,46.21141815185547
2021-08-27,55.400001525878906,56.209999084472656,55.400001525878906,55.77000045776367,15822500,47.10675430297852
2021-08-30,56.2400016784668,56.34000015258789,55.119998931884766,55.15999984741211,14086100,46.59151840209961
2021-08-31,54.93000030517578,55.310001373291016,54.459999084472656,54.52000045776367,27104100,46.05093383789063
2021-09-01,54.4900016784668,54.7599983215332,53.59999847412109,53.77000045776367,21644100,45.417442321777344
2021-09-02,54.290000915527344,55.63999938964844,54.27000045776367,55.08000183105469,23293300,46.52394104003906
2021-09-03,55.119998931884766,55.31999969482422,54.59999847412109,54.869998931884766,13840000,46.3465576171875
2021-09-07,54.66999816894531,55.27000045776367,54.470001220703125,54.54999923706055,14354400,46.07627868652344
2021-09-08,54.790000915527344,55.18000030517578,54.0099983215332,54.04999923706055,18756700,45.6539421081543
2021-09-09,53.619998931884766,55.0,53.29999923706055,54.09000015258789,19110800,45.68772888183594
2021-09-10,55.18999862670898,55.22999954223633,53.95000076293945,53.97999954223633,15123700,45.594818115234375
2021-09-13,54.650001525878906,55.93000030517578,54.619998931884766,55.369998931884766,22052300,46.768890380859375
2021-09-14,55.68999862670898,55.77000045776367,54.40999984741211,54.58000183105469,19940300,46.10161209106445
2021-09-15,55.369998931884766,56.52999877929688,55.310001373291016,56.41999816894531,23240900,47.6557846069336
2021-09-16,56.459999084472656,56.459999084472656,55.5,55.81999969482422,17907200,47.14899063110352
2021-09-17,55.34000015258789,56.75,55.09999847412109,55.15999984741211,30000400,46.59151840209961
2021-09-20,53.77999877929688,54.16999816894531,52.959999084472656,53.68999862670898,27555100,45.34986114501953
2021-09-21,54.369998931884766,54.5099983215332,53.25,53.63999938964844,19696800,45.30763244628906
2021-09-22,54.43000030517578,55.90999984741211,54.369998931884766,55.209999084472656,25690600,46.633750915527344
2021-09-23,55.41999816894531,57.2400016784668,55.27999877929688,57.08000183105469,23069400,48.21327209472656
2021-09-24,56.70000076293945,57.81999969482422,56.68000030517578,57.59000015258789,22328600,48.644039154052734
2021-09-27,58.84999847412109,59.79999923706055,58.81999969482422,59.29999923706055,32972200,50.08841323852539
2021-09-28,59.900001525878906,60.47999954223633,59.5099983215332,59.91999816894531,37619300,50.61210250854492
2021-09-29,59.84000015258789,60.18999862670898,59.04999923706055,59.880001068115234,23422800,50.57831573486328
2021-09-30,60.119998931884766,60.16999816894531,58.810001373291016,58.81999969482422,31289600,49.6829833984375
2021-10-01,59.40999984741211,60.9900016784668,59.40999984741211,60.93000030517578,24407300,51.4652099609375
2021-10-04,61.31999969482422,62.06999969482422,60.95000076293945,61.720001220703125,33946700,52.13249969482422
2021-10-05,62.52000045776367,62.70000076293945,61.02000045776367,61.619998931884766,29641600,52.04803085327149
2021-10-06,60.470001220703125,61.119998931884766,59.75,60.4900016784668,25284900,51.09356689453125
2021-10-07,60.61000061035156,61.08000183105469,60.13999938964844,60.65999984741211,19513600,51.237152099609375
2021-10-08,61.25,62.41999816894531,61.25,62.18000030517578,22186900,52.52103805541992
2021-10-11,63.02999877929688,63.060001373291016,61.5,61.560001373291016,22121500,51.99735641479492
2021-10-12,61.56999969482422,61.97999954223633,60.84999847412109,61.2400016784668,20198600,51.7270622253418
2021-10-13,60.77999877929688,61.38999938964844,60.209999084472656,61.06999969482422,14991700,51.583457946777344
2021-10-14,61.709999084472656,62.220001220703125,61.16999816894531,62.0,18594500,52.36900329589844
2021-10-15,62.72999954223633,63.06999969482422,62.43999862670898,62.59000015258789,16092600,52.86734771728516
2021-10-18,63.09000015258789,63.13999938964844,62.27000045776367,62.560001373291016,18282800,52.84201431274414
2021-10-19,62.869998931884766,63.61000061035156,62.66999816894531,63.5,18933200,53.6359977722168
2021-10-20,62.88999938964844,63.869998931884766,62.720001220703125,63.84999847412109,14305200,53.93162155151367
2021-10-21,63.470001220703125,63.63999938964844,62.34999847412109,62.68999862670898,16564600,52.95181274414063
2021-10-22,62.77000045776367,63.220001220703125,62.34999847412109,63.119998931884766,14266800,53.31502151489258
2021-10-25,63.720001220703125,64.41999816894531,63.58000183105469,64.3499984741211,17939800,54.353946685791016
2021-10-26,64.48999786376953,65.94000244140625,64.36000061035156,65.83999633789062,25585100,55.61248397827149
2021-10-27,65.16000366210938,65.25,63.97999954223633,64.12999725341797,21764500,54.16813278198242
2021-10-28,63.81999969482422,64.47000122070312,63.630001068115234,64.30999755859375,16626400,54.32016754150391
2021-10-29,65.05000305175781,65.36000061035156,64.33000183105469,64.47000122070312,23966300,54.45530700683594
2021-11-01,65.06999969482422,66.08000183105469,65.0199966430664,65.62999725341797,19656400,55.43512344360352
2021-11-02,65.02999877929688,65.44999694824219,64.66000366210938,64.81999969482422,16300000,54.75094223022461
2021-11-03,64.04000091552734,64.44999694824219,63.65999984741211,63.93000030517578,17372800,53.99919891357422
2021-11-04,64.68000030517578,64.88999938964844,63.83000183105469,64.41000366210938,17720100,54.40464401245117
2021-11-05,65.05000305175781,65.33000183105469,64.55999755859375,65.0199966430664,18565100,54.91987228393555
2021-11-08,65.55000305175781,66.37999725341797,65.37999725341797,65.72000122070312,17696000,55.51113510131836
2021-11-09,65.7699966430664,66.37000274658203,65.30999755859375,66.36000061035156,18781300,56.05172348022461
2021-11-10,65.31999969482422,65.6500015258789,63.77000045776367,64.19000244140625,20177200,54.94747161865234
2021-11-11,64.19000244140625,64.83000183105469,64.0199966430664,64.30999755859375,13319300,55.05018997192383
2021-11-12,63.959999084472656,64.37000274658203,63.58000183105469,63.81999969482422,18158900,54.6307373046875
2021-11-15,63.7599983215332,64.7699966430664,63.220001220703125,64.37000274658203,18849200,55.10154724121094
2021-11-16,64.33999633789062,65.37000274658203,64.33999633789062,65.0199966430664,17028700,55.65795516967773
2021-11-17,64.37999725341797,65.23999786376953,64.18000030517578,64.30999755859375,15497000,55.05018997192383
2021-11-18,64.16000366210938,64.52999877929688,63.11000061035156,63.61000061035156,16948200,54.450984954833984
2021-11-19,61.88999938964844,62.02999877929688,60.40999984741211,60.66999816894531,32035500,51.93429946899414
2021-11-22,60.31999969482422,62.540000915527344,60.31999969482422,61.5099983215332,21994400,52.6533432006836
2021-11-23,62.18999862670898,63.380001068115234,61.91999816894531,63.130001068115234,21185900,54.04009246826172
2021-11-24,62.58000183105469,63.84999847412109,62.58000183105469,63.47999954223633,15869700,54.33968734741211
2021-11-26,60.52000045776367,61.41999816894531,59.540000915527344,61.25,24979600,52.430789947509766
2021-11-29,62.56999969482422,63.13999938964844,61.290000915527344,61.59000015258789,18946400,52.72183227539063
2021-11-30,60.459999084472656,61.18999862670898,59.65999984741211,59.84000015258789,34979800,51.22380828857422
2021-12-01,60.900001525878906,62.02999877929688,59.75,59.790000915527344,30630600,51.18101119995117
2021-12-02,59.7400016784668,61.58000183105469,59.13999938964844,61.27999877929688,29216000,52.45646667480469
2021-12-03,61.91999816894531,62.22999954223633,60.34999847412109,60.88999938964844,22014700,52.12262725830078
2021-12-06,61.720001220703125,62.15999984741211,61.41999816894531,61.58000183105469,19210500,52.71327972412109
2021-12-07,62.34000015258789,63.02999877929688,62.09999847412109,62.27000045776367,19800400,53.30392074584961
2021-12-08,62.61000061035156,63.18999862670898,62.34000015258789,62.45000076293945,18214400,53.458003997802734
2021-12-09,62.04999923706055,62.77000045776367,61.810001373291016,62.61000061035156,16910300,53.59496688842773
2021-12-10,63.27000045776367,63.34999847412109,62.22999954223633,63.0099983215332,17942400,53.9373779296875
2021-12-13,62.470001220703125,62.720001220703125,61.34999847412109,61.630001068115234,17793700,52.756080627441406
2021-12-14,61.2599983215332,62.470001220703125,61.220001220703125,61.540000915527344,22551100,52.67903900146485
2021-12-15,61.18999862670898,61.5,60.0099983215332,61.27000045776367,19961900,52.44790649414063
2021-12-16,61.43999862670898,62.45000076293945,61.29999923706055,61.369998931884766,21187800,52.53351211547852
2021-12-17,60.95000076293945,61.27999877929688,59.68999862670898,60.02999877929688,44338100,51.386451721191406
2021-12-20,58.790000915527344,59.25,57.959999084472656,59.15999984741211,21819300,50.641719818115234
2021-12-21,59.75,60.68000030517578,59.720001220703125,60.5,19798900,51.78878021240234
2021-12-22,60.34000015258789,61.369998931884766,59.970001220703125,60.9900016784668,14058300,52.20823287963867
2021-12-23,61.16999816894531,61.84000015258789,61.0,61.02000045776367,13543300,52.23391342163086
2021-12-27,60.93000030517578,61.95000076293945,60.41999816894531,61.88999938964844,12593700,52.978633880615234
2021-12-28,61.90999984741211,62.310001373291016,61.400001525878906,61.68999862670898,12781000,52.80744552612305
2021-12-29,61.47999954223633,61.59999847412109,60.91999816894531,61.150001525878906,12733600,52.34519577026367
2021-12-30,61.220001220703125,61.59999847412109,60.77000045776367,60.790000915527344,11940300,52.03702926635742
2021-12-31,60.7400016784668,61.470001220703125,60.70000076293945,61.18999862670898,14072000,52.379432678222656
2022-01-03,61.2400016784668,63.59999847412109,61.209999084472656,63.540000915527344,24282400,54.39106369018555
2022-01-04,64.12999725341797,66.19000244140625,64.0999984741211,65.93000030517578,38584000,56.43692779541016
2022-01-05,66.5,67.61000061035156,66.4800033569336,66.75,34033300,57.13886642456055
2022-01-06,68.0,68.4800033569336,67.06999969482422,68.31999969482422,30668500,58.48279571533203
2022-01-07,68.5199966430664,69.18000030517578,67.9800033569336,68.87999725341797,23985400,58.962162017822266
2022-01-10,68.97000122070312,69.16999816894531,67.94999694824219,68.47000122070312,22760300,58.6112174987793
2022-01-11,68.88999938964844,71.4000015258789,68.58000183105469,71.3499984741211,32936100,61.0765266418457
2022-01-12,71.13999938964844,71.80999755859375,70.63999938964844,71.13999938964844,23045100,60.89676284790039
2022-01-13,71.12000274658203,71.58000183105469,70.30999755859375,70.62999725341797,21043200,60.46017456054688
2022-01-14,70.6500015258789,72.1500015258789,70.5999984741211,71.87000274658203,23012900,61.52165222167969
2022-01-18,72.81999969482422,73.87999725341797,72.01000213623047,73.08000183105469,32841200,62.55741882324219
2022-01-19,73.75,73.86000061035156,72.55000305175781,73.11000061035156,26431600,62.583106994628906
2022-01-20,72.5,74.37000274658203,72.26000213623047,73.2699966430664,26774600,62.72004318237305
2022-01-21,73.18000030517578,73.18000030517578,71.04000091552734,72.16999816894531,35995200,61.77845764160156
2022-01-24,70.87999725341797,73.08000183105469,69.80999755859375,72.79000091552734,41507000,62.309173583984375
2022-01-25,72.58999633789062,75.23999786376953,71.38999938964844,74.93000030517578,39278400,64.14106750488281
2022-01-26,75.43000030517578,76.0,73.48999786376953,74.16999816894531,35252400,63.4904899597168
2022-01-27,75.45999908447266,76.01000213623047,73.98999786376953,75.12000274658203,29174700,64.30370330810547
2022-01-28,74.97000122070312,75.62000274658203,73.94999694824219,75.27999877929688,30595700,64.44066619873047
2022-01-31,74.97000122070312,76.41999816894531,74.2699966430664,75.95999908447266,36085500,65.02275085449219
2022-02-01,76.44999694824219,81.51000213623047,76.2699966430664,80.83000183105469,61033100,69.19152069091797
2022-02-02,80.05999755859375,80.80999755859375,79.1500015258789,80.62000274658203,30299300,69.01177215576172
2022-02-03,80.08999633789062,80.30999755859375,79.0199966430664,79.68000030517578,28529400,68.20712280273438
2022-02-04,80.87000274658203,82.52999877929688,80.87000274658203,81.41000366210938,32197500,69.68801879882812
2022-02-07,81.13999938964844,83.08000183105469,80.63999938964844,82.38999938964844,34949200,70.52691650390625
2022-02-08,82.2699966430664,82.5,79.91999816894531,80.26000213623047,34356300,68.70360565185547
2022-02-09,79.58000183105469,80.02999877929688,78.70999908447266,79.0,40106100,68.37471008300781
2022-02-10,78.72000122070312,79.68000030517578,77.79000091552734,78.23999786376953,28527700,67.71691131591797
2022-02-11,78.62000274658203,80.31999969482422,78.2300033569336,80.20999908447266,42002100,69.42195892333984
2022-02-14,79.58000183105469,79.83999633789062,77.05000305175781,78.9800033569336,34652800,68.35740661621094
2022-02-15,76.9000015258789,78.19000244140625,76.41999816894531,77.98999786376953,25075100,67.50054168701172
2022-02-16,78.79000091552734,79.7300033569336,78.04000091552734,78.3499984741211,21733800,67.81212615966797
2022-02-17,78.4800033569336,79.12000274658203,77.94999694824219,78.2300033569336,23738800,67.70826721191406
2022-02-18,77.16000366210938,78.16999816894531,76.88999938964844,77.36000061035156,23394800,66.95528411865234
2022-02-22,79.66999816894531,79.79000091552734,75.30999755859375,76.45999908447266,35947800,66.17633819580078
2022-02-23,76.45999908447266,77.47000122070312,76.12999725341797,76.7699966430664,25385000,66.44464111328125
2022-02-24,79.0,79.02999877929688,74.02999877929688,75.80000305175781,46199900,65.60508728027344
2022-02-25,76.69000244140625,77.98999786376953,76.26000213623047,77.83999633789062,28310300,67.37071990966797
2022-02-28,76.51000213623047,78.93000030517578,76.19999694824219,78.41999816894531,32204600,67.87269592285156
2022-03-01,78.7699966430664,80.6500015258789,78.33000183105469,79.16999816894531,40002300,68.52184295654297
2022-03-02,80.5999984741211,82.1500015258789,79.81999969482422,80.52999877929688,44321400,69.69892883300781
2022-03-03,79.86000061035156,81.7699966430664,79.62999725341797,81.04000091552734,30196600,70.14033508300781
2022-03-04,81.05000305175781,84.27999877929688,80.66000366210938,84.08999633789062,42802200,72.78010559082031
2022-03-07,84.91999816894531,87.2300033569336,83.9000015258789,87.12000274658203,55207900,75.402587890625
2022-03-08,89.05000305175781,91.51000213623048,85.43000030517578,87.77999877929688,72082300,75.97381591796875
2022-03-09,84.02999877929688,86.56999969482422,81.5999984741211,82.79000091552734,65466700,71.65495300292969
2022-03-10,84.01000213623047,85.68000030517578,82.9000015258789,85.36000061035156,44644200,73.8792953491211
2022-03-11,84.06999969482422,86.2300033569336,83.97000122070312,84.91999816894531,35303400,73.49848175048828
2022-03-14,83.05999755859375,83.44999694824219,80.5,81.87999725341797,37462600,70.86734008789062
2022-03-15,78.81999969482422,79.16999816894531,76.37000274658203,77.22000122070312,47957900,66.83411407470703
2022-03-16,77.80999755859375,78.62000274658203,76.25,76.93000030517578,37812300,66.58312225341797
2022-03-17,78.18000030517578,79.1500015258789,77.06999969482422,78.9800033569336,34041900,68.35740661621094
2022-03-18,79.05999755859375,79.38999938964844,78.0999984741211,78.66999816894531,41461500,68.08908081054688
2022-03-21,80.12000274658203,82.5199966430664,79.73999786376953,82.19999694824219,33089300,71.14432525634766
2022-03-22,81.62999725341797,82.19999694824219,80.79000091552734,81.83999633789062,23132200,70.8327407836914
2022-03-23,83.33999633789062,84.2699966430664,83.05000305175781,83.12999725341797,27716300,71.94922637939453
2022-03-24,83.45999908447266,84.6500015258789,82.75,83.37999725341797,19871600,72.16559600830078
2022-03-25,82.91999816894531,85.48999786376953,82.79000091552734,85.19999694824219,22398300,73.74081420898438
2022-03-28,83.16999816894531,83.30999755859375,82.0199966430664,82.80999755859375,21552400,71.67225646972656
2022-03-29,80.80999755859375,82.48999786376953,79.76000213623047,82.37000274658203,27036300,71.29145050048828
2022-03-30,83.05999755859375,84.01000213623047,82.70999908447266,83.77999877929688,22079000,72.51181030273438
2022-03-31,82.87000274658203,84.4000015258789,82.55000305175781,82.58999633789062,27861500,71.48185729980469
2022-04-01,81.98999786376953,84.13999938964844,81.98999786376953,83.12000274658203,18671100,71.94055938720703
2022-04-04,83.55999755859375,83.66000366210938,82.05000305175781,83.16000366210938,20869400,71.9751968383789
2022-04-05,83.5,85.06999969482422,82.55999755859375,82.7300033569336,21753100,71.60302734375
2022-04-06,83.41999816894531,84.69999694824219,82.94000244140625,83.6500015258789,24768200,72.39928436279297
2022-04-07,83.83000183105469,85.44000244140625,82.70999908447266,85.05000305175781,26122000,73.61099243164062
2022-04-08,85.16999816894531,87.20999908447266,85.16999816894531,86.83999633789062,24866500,75.16024017333984
2022-04-11,85.77999877929688,85.93000030517578,83.5,83.8499984741211,21800100,72.57237243652344
2022-04-12,85.70999908447266,86.81999969482422,85.37999725341797,85.5999984741211,22444200,74.08702850341797
2022-04-13,86.61000061035156,87.11000061035156,85.19000244140625,86.80999755859375,19306800,75.13427734375
2022-04-14,86.66999816894531,88.45999908447266,86.2300033569336,87.83000183105469,24566400,76.0171127319336
2022-04-18,88.5,88.88999938964844,87.75,88.55000305175781,19032300,76.6402587890625
2022-04-19,88.01000213623047,88.66000366210938,87.2699966430664,87.76000213623047,20382600,75.95649719238281
2022-04-20,87.97000122070312,88.5,87.30000305175781,87.95999908447266,20689400,76.1296157836914
2022-04-21,88.94999694824219,89.80000305175781,86.79000091552734,87.02999877929688,29010900,75.3246841430664
2022-04-22,86.66000366210938,88.12000274658203,85.0,85.12999725341797,23591600,73.68023681640625
2022-04-25,82.37000274658203,82.66000366210938,79.29000091552734,82.26000213623047,37698300,71.19625091552734
2022-04-26,82.7300033569336,84.72000122070312,82.18000030517578,82.29000091552734,28941500,71.22219848632812
2022-04-27,83.38999938964844,85.4800033569336,82.27999877929688,84.63999938964844,32773000,73.25614166259766
2022-04-28,84.87999725341797,88.13999938964844,84.06999969482422,87.19999694824219,33683800,75.47183227539062
2022-04-29,88.13999938964844,88.13999938964844,84.69999694824219,85.25,34656500,73.78408813476562
2022-05-02,85.01000213623047,87.04000091552734,84.62999725341797,86.41000366210938,36335200,74.7880859375
2022-05-03,86.26000213623047,88.77999877929688,86.12000274658203,88.19000244140625,33908100,76.32866668701172
2022-05-04,89.5,91.87999725341795,88.91000366210938,91.6999969482422,46188400,79.3665771484375
2022-05-05,92.04000091552734,92.0500030517578,88.38999938964844,90.30999755859376,41013400,78.16353607177734
2022-05-06,90.9800033569336,91.81999969482422,89.3499984741211,91.69000244140624,29619300,79.35794830322266
2022-05-09,89.44000244140625,89.55999755859375,84.0199966430664,84.45999908447266,45851600,73.10035705566406
2022-05-10,85.63999938964844,86.88999938964844,83.5199966430664,85.0199966430664,34483200,73.58502197265625
2022-05-11,86.43000030517578,88.94000244140625,86.27999877929688,86.79000091552734,33020600,75.11695861816406
2022-05-12,85.94999694824219,86.37999725341797,83.4000015258789,86.30000305175781,29491500,75.45796966552734
2022-05-13,87.36000061035156,88.94999694824219,86.3499984741211,88.86000061035156,25798400,77.69635009765625
2022-05-16,88.9800033569336,91.9800033569336,88.97000122070312,90.9499969482422,26101200,79.52378845214844
2022-05-17,91.7300033569336,92.4499969482422,91.12000274658205,92.11000061035156,23120700,80.53805541992188
2022-05-18,92.51000213623048,92.91999816894533,89.83000183105469,90.6500015258789,25451200,79.26148223876953
2022-05-19,89.0,92.3000030517578,89.0,91.13999938964844,24387400,79.68991088867188
2022-05-20,91.93000030517578,93.58999633789062,90.4000015258789,91.86000061035156,28795000,80.31945037841797
2022-05-23,92.66000366210938,94.7699966430664,92.5500030517578,93.88999938964844,27239300,82.09442901611328
2022-05-24,92.81999969482422,94.79000091552734,92.31999969482422,94.4000015258789,24293300,82.54035949707031
2022-05-25,94.58000183105467,96.52999877929688,94.47000122070312,96.3000030517578,29947800,84.20165252685547
2022-05-26,96.5999984741211,97.43000030517578,96.1999969482422,96.63999938964844,24314800,84.49895477294922
2022-05-27,95.9499969482422,97.93000030517578,95.3000030517578,97.58999633789062,25588800,85.32958984375
2022-05-31,98.55999755859376,99.77999877929688,95.70999908447266,96.0,44888100,83.93934631347656
2022-06-01,97.0199966430664,98.70999908447266,96.62000274658205,97.83999633789062,25815400,85.54817199707031
2022-06-02,97.29000091552734,98.0999984741211,96.79000091552734,97.66999816894533,19089100,85.39952850341797
2022-06-03,97.9000015258789,99.66000366210938,97.9000015258789,99.08999633789062,21038200,86.64114379882812
2022-06-06,99.18000030517578,99.77999877929688,98.66999816894533,98.83999633789062,20682100,86.42255401611328
2022-06-07,99.6999969482422,103.43000030517578,99.48999786376952,103.37000274658205,37810200,90.38345336914062
2022-06-08,103.48999786376952,105.56999969482422,102.9800033569336,104.58999633789062,31613200,91.4501495361328
2022-06-09,103.41999816894533,104.56999969482422,102.16000366210938,102.33000183105467,26607000,89.47410583496094
2022-06-10,101.94000244140624,103.3499984741211,99.79000091552734,100.45999908447266,30950500,87.83902740478516
2022-06-13,97.5199966430664,97.7699966430664,93.91999816894533,95.8499984741211,33421000,83.80818176269531
2022-06-14,97.41000366210938,98.66999816894533,95.2699966430664,96.0999984741211,31264000,84.02678680419922
2022-06-15,95.98999786376952,96.56999969482422,93.2699966430664,94.88999938964844,29620800,82.96879577636719
2022-06-16,92.41000366210938,93.12999725341795,90.27999877929688,91.38999938964844,35696700,79.90850830078125
2022-06-17,90.95999908447266,91.3499984741211,85.66000366210938,86.12000274658203,64610200,75.30059814453125
2022-06-21,88.58000183105469,92.52999877929688,88.5199966430664,91.4800033569336,35951500,79.9872055053711
2022-06-22,87.54000091552734,89.76000213623047,87.52999877929688,87.86000061035156,29727200,76.82197570800781
2022-06-23,88.66000366210938,89.05000305175781,83.5199966430664,85.20999908447266,35757200,74.5049057006836
2022-06-24,86.94999694824219,88.4000015258789,85.80999755859375,86.9000015258789,26639000,75.98259735107422
2022-06-27,87.80999755859375,90.04000091552734,87.66999816894531,89.02999877929688,25478700,77.8449935913086
2022-06-28,91.12000274658205,93.23999786376952,90.3499984741211,91.5,33096900,80.00469970703125
2022-06-29,92.9800033569336,93.1999969482422,87.76000213623047,88.12000274658203,25400900,77.04932403564453
2022-06-30,86.13999938964844,87.5999984741211,84.66999816894531,85.63999938964844,39948100,74.8808822631836
2022-07-01,86.73999786376953,87.87999725341797,84.70999908447266,87.55000305175781,26327900,76.55093383789062
2022-07-05,86.33999633789062,86.69999694824219,83.01000213623047,84.80999755859375,34591100,74.1551513671875
2022-07-06,83.76000213623047,85.2300033569336,81.01000213623047,83.27999877929688,33375700,72.81737518310547
2022-07-07,85.37999725341797,86.76000213623047,85.30000305175781,85.94000244140625,23817400,75.14319610595703
2022-07-08,86.94999694824219,87.30000305175781,84.93000030517578,86.08000183105469,17673800,75.26560974121094
2022-07-11,85.16999816894531,86.12000274658203,84.36000061035156,85.63999938964844,15603800,74.8808822631836
2022-07-12,83.77999877929688,85.05000305175781,82.86000061035156,84.5,21013000,73.88411712646484
2022-07-13,83.37999725341797,86.30999755859375,83.30000305175781,84.83999633789062,19928600,74.18138885498047
2022-07-14,81.8499984741211,83.30999755859375,80.69000244140625,83.13999938964844,26343000,72.69497680664062
2022-07-15,84.80000305175781,84.87999725341797,82.9000015258789,84.54000091552734,17243700,73.9190902709961
2022-07-18,86.58000183105469,87.94000244140625,85.75,86.0999984741211,19395800,75.2831039428711
2022-07-19,86.41999816894531,88.5199966430664,86.25,88.2699966430664,18248900,77.18048095703125
2022-07-20,87.58000183105469,89.6500015258789,87.25,89.23999786376953,16584400,78.02860260009766
2022-07-21,86.93000030517578,87.80000305175781,85.20999908447266,87.75,21375700,76.72581481933594
2022-07-22,87.55000305175781,88.47000122070312,86.62999725341797,87.08000183105469,15479500,76.13998413085938
2022-07-25,88.16000366210938,90.12999725341795,87.41999816894531,89.9800033569336,17536400,78.67565155029297
2022-07-26,91.12999725341795,91.27999877929688,89.0,89.62999725341797,15141200,78.36961364746094
2022-07-27,90.27999877929688,92.0,89.4000015258789,91.56999969482422,18047000,80.0658950805664
2022-07-28,92.18000030517578,93.25,91.01000213623048,92.63999938964844,20353100,81.00147247314453
2022-07-29,94.4499969482422,97.5199966430664,94.0999984741211,96.93000030517578,29825800,84.75251007080078
2022-08-01,94.79000091552734,95.3499984741211,93.2300033569336,94.4800033569336,20793200,82.61030578613281
2022-08-02,94.69000244140624,95.1999969482422,93.81999969482422,94.06999969482422,16722500,82.25181579589844
2022-08-03,94.41999816894533,94.41999816894533,90.79000091552734,91.0199966430664,23580800,79.58499145507812
2022-08-04,90.30999755859376,90.33999633789062,86.43000030517578,87.19000244140625,31821500,76.23616790771484
2022-08-05,86.36000061035156,89.69000244140625,86.27999877929688,88.44999694824219,17408000,77.33785247802734
2022-08-08,88.61000061035156,89.5999984741211,88.22000122070312,88.94999694824219,14458500,77.77503204345703
2022-08-09,90.05000305175781,91.61000061035156,89.94999694824219,90.58999633789062,19083400,79.20902252197266
2022-08-10,90.68000030517578,91.79000091552734,89.19000244140625,91.4499969482422,18302000,79.96096801757812
2022-08-11,91.83999633789062,94.3000030517578,91.44000244140624,93.19000244140624,18797900,82.2740707397461
2022-08-12,92.4800033569336,94.0199966430664,92.11000061035156,94.0,15058200,82.98918914794922
2022-08-15,90.52999877929688,92.7300033569336,89.66000366210938,92.31999969482422,20755200,81.50597381591797
2022-08-16,92.02999877929688,92.88999938964844,91.29000091552734,91.45999908447266,14038200,80.74671936035156
2022-08-17,91.2699966430664,93.20999908447266,90.91999816894533,92.1999969482422,13678000,81.40003967285156
2022-08-18,93.1500015258789,95.30999755859376,93.08999633789062,94.37999725341795,17770400,83.3246841430664
2022-08-19,94.16000366210938,95.1999969482422,93.8000030517578,94.08000183105467,16128600,83.059814453125
2022-08-22,93.41999816894533,94.48999786376952,91.86000061035156,94.01000213623048,16019900,82.9980239868164
2022-08-23,95.5500030517578,98.41000366210938,95.4499969482422,98.0,23764700,86.52066040039062
2022-08-24,98.01000213623048,98.97000122070312,97.36000061035156,98.58000183105467,17050300,87.03271484375
2022-08-25,98.91999816894533,99.86000061035156,98.0999984741211,99.08999633789062,15305700,87.48297882080078
2022-08-26,98.7699966430664,99.91000366210938,97.41999816894533,97.87000274658205,15531400,86.4058837890625
2022-08-29,98.18000030517578,101.55999755859376,98.13999938964844,100.12000274658205,23059200,88.3923110961914
2022-08-30,98.36000061035156,98.62000274658205,95.81999969482422,96.30999755859376,17086800,85.02862548828125
2022-08-31,94.02999877929688,96.83999633789062,93.58999633789062,95.58999633789062,18340900,84.39293670654297
2022-09-01,94.41999816894533,95.06999969482422,92.29000091552734,93.87000274658205,16423000,82.87442016601562
2022-09-02,96.3499984741211,96.79000091552734,95.11000061035156,95.58999633789062,18206800,84.39293670654297
2022-09-06,96.16000366210938,96.58999633789062,94.51000213623048,94.9499969482422,19201500,83.82789611816406
2022-09-07,93.19000244140624,94.58999633789062,92.3000030517578,94.13999938964844,16274700,83.11279296875
2022-09-08,94.66000366210938,95.41999816894533,93.72000122070312,94.91000366210938,18759200,83.7926025390625
2022-09-09,96.5199966430664,97.0,95.31999969482422,96.5,17158000,85.19634246826172
2022-09-12,97.6500015258789,99.19000244140624,96.87999725341795,97.61000061035156,16118900,86.17632293701172
2022-09-13,96.61000061035156,97.77999877929688,94.91000366210938,95.33000183105467,18229100,84.16339111328125
2022-09-14,96.19000244140624,98.55999755859376,96.1500015258789,97.66999816894533,22655700,86.22929382324219
2022-09-15,96.22000122070312,96.54000091552734,94.0500030517578,94.83000183105467,21092300,83.72196197509766
2022-09-16,95.06999969482422,95.33999633789062,92.0,93.20999908447266,37874700,82.2917251586914
2022-09-19,91.01000213623048,93.48999786376952,91.0,93.1999969482422,15342100,82.28289031982422
2022-09-20,92.7300033569336,92.93000030517578,91.63999938964844,92.44000244140624,14712500,81.61193084716797
2022-09-21,93.56999969482422,93.87999725341795,90.87000274658205,90.9499969482422,17332400,80.29646301269531
2022-09-22,92.1999969482422,92.66000366210938,90.5199966430664,90.56999969482422,16139400,79.96097564697266
2022-09-23,87.5,87.5,84.8499984741211,85.75,27738800,75.70556640625
2022-09-26,84.9000015258789,86.22000122070312,83.88999938964844,83.9800033569336,22043400,74.14289855957031
2022-09-27,85.61000061035156,86.95999908447266,84.80999755859375,85.73999786376953,17307300,75.69674682617188
2022-09-28,86.12000274658203,89.30000305175781,85.91999816894531,88.86000061035156,19543300,78.4512710571289
2022-09-29,88.18000030517578,89.36000061035156,87.12999725341797,88.68000030517578,17896000,78.29234313964844
2022-09-30,88.16999816894531,89.04000091552734,87.30999755859375,87.30999755859375,21357600,77.08283996582031
2022-10-03,90.04000091552734,92.36000061035156,89.72000122070312,91.91999816894533,23881300,81.15282440185547
2022-10-04,93.23999786376952,95.36000061035156,92.70999908447266,95.2699966430664,22133700,84.11044311523438
2022-10-05,95.75,99.98999786376952,95.66000366210938,99.12000274658205,34857700,87.50946807861328
2022-10-06,98.47000122070312,102.18000030517578,98.33000183105467,102.05999755859376,29124700,90.1050796508789
2022-10-07,102.19000244140624,103.31999969482422,100.18000030517578,101.02999877929688,24507600,89.19572448730469
2022-10-10,101.48999786376952,102.02999877929688,98.72000122070312,98.83999633789062,16786100,87.26225280761719
2022-10-11,97.22000122070312,99.76000213623048,96.75,98.0,17804100,86.52066040039062
2022-10-12,97.5,98.91000366210938,97.2300033569336,98.43000030517578,12635800,86.90028381347656
2022-10-13,97.5500030517578,102.4499969482422,97.4000015258789,101.87000274658205,22019100,89.93733978271484
2022-10-14,101.12000274658205,102.23999786376952,99.04000091552734,99.19000244140624,15222000,87.57125854492188
2022-10-17,101.06999969482422,101.97000122070312,100.5,100.62000274658205,14283200,88.83375549316406
2022-10-18,101.54000091552734,102.3499984741211,99.2300033569336,100.8000030517578,14065400,88.99268341064453
2022-10-19,101.25,103.98999786376952,101.2300033569336,103.79000091552734,20921700,91.6324462890625
2022-10-20,104.31999969482422,105.0,103.41000366210938,103.93000030517578,17649000,91.75601196289062
2022-10-21,104.4499969482422,106.4000015258789,103.91000366210938,105.86000061035156,22814100,93.4599609375
2022-10-24,105.66000366210938,107.68000030517578,105.12000274658205,106.5999984741211,17024200,94.11327362060548
2022-10-25,106.41000366210938,107.33000183105467,105.06999969482422,105.87999725341795,15719800,93.47760772705078
2022-10-26,106.26000213623048,107.83000183105467,106.0,107.13999938964844,17383800,94.59002685546876
2022-10-27,108.41000366210938,109.58000183105467,107.41999816894533,107.5500030517578,18214000,94.95199584960938
2022-10-28,109.45999908447266,111.20999908447266,108.12000274658205,110.6999969482422,28169400,97.73302459716795
2022-10-31,109.5,112.91000366210938,109.44000244140624,110.80999755859376,26401800,97.83011627197266
2022-11-01,112.37000274658205,112.56999969482422,110.6500015258789,111.91000366210938,22213100,98.80127716064452
2022-11-02,111.58000183105467,112.0999984741211,109.30999755859376,109.61000061035156,20654200,96.77069854736328
2022-11-03,108.58000183105467,111.81999969482422,108.30999755859376,111.0999984741211,17103700,98.08616638183594
2022-11-04,113.0,113.5,110.8000030517578,112.30999755859376,17541500,99.15443420410156
2022-11-07,112.41000366210938,113.98999786376952,112.12999725341795,113.63999938964844,16008000,100.32862854003906
2022-11-08,113.4800033569336,114.66000366210938,112.5999984741211,114.0,14661000,100.64645385742188
2022-11-09,113.0999984741211,113.27999877929688,108.56999969482422,108.9000015258789,19522800,96.14387512207033
2022-11-10,110.19000244140624,110.6999969482422,107.56999969482422,110.5,20146700,97.55643463134766
2022-11-11,112.58000183105467,114.5,112.48999786376952,113.9499969482422,20518900,100.60232543945312
2022-11-14,112.62999725341795,114.63999938964844,112.48999786376952,113.37000274658205,20858300,100.8960189819336
2022-11-15,113.8000030517578,114.52999877929688,112.87000274658205,114.12999725341795,19373800,101.5723876953125
2022-11-16,113.44000244140624,114.26000213623048,111.86000061035156,112.91000366210938,13591000,100.48662567138672
2022-11-17,111.29000091552734,113.1999969482422,110.75,113.05999755859376,12425900,100.62013244628906
2022-11-18,110.9000015258789,112.4800033569336,109.61000061035156,112.08000183105467,15415000,99.74795532226562
2022-11-21,109.98999786376952,111.1999969482422,107.4800033569336,110.97000122070312,20973000,98.76008605957033
2022-11-22,112.20999908447266,114.47000122070312,111.43000030517578,114.18000030517578,17719100,101.6168975830078
2022-11-23,112.31999969482422,113.9499969482422,112.0999984741211,113.61000061035156,11546700,101.10961151123048
2022-11-25,113.87999725341795,114.61000061035156,113.05999755859376,113.20999908447266,7136000,100.7536163330078
2022-11-28,110.66000366210938,111.45999908447266,109.62000274658205,109.80999755859376,23015500,97.72770690917967
2022-11-29,110.61000061035156,111.8000030517578,109.79000091552734,110.54000091552734,14453200,98.37738800048828
2022-11-30,111.54000091552734,111.9000015258789,109.77999877929688,111.33999633789062,23158100,99.0893783569336
2022-12-01,111.63999938964844,112.06999969482422,110.18000030517578,110.8000030517578,14398300,98.60879516601562
2022-12-02,109.51000213623048,111.70999908447266,109.1999969482422,109.86000061035156,15248400,97.772216796875
2022-12-05,110.6999969482422,111.36000061035156,105.94000244140624,106.8499984741211,19287700,95.09341430664062
2022-12-06,105.9000015258789,107.04000091552734,103.1500015258789,103.87999725341795,21197000,92.45018768310548
2022-12-07,103.77999877929688,104.8499984741211,102.37000274658205,103.6500015258789,20061700,92.24549865722656
2022-12-08,106.27999877929688,106.8000030517578,103.70999908447266,104.41999816894533,21128800,92.93077087402344
2022-12-09,104.58999633789062,105.9499969482422,103.3000030517578,103.54000091552734,21298200,92.14759826660156
2022-12-12,103.83000183105467,106.23999786376952,103.58999633789062,106.08999633789062,20413200,94.4170150756836
2022-12-13,107.8000030517578,108.54000091552734,107.0199966430664,107.25,24305300,95.44939422607422
2022-12-14,107.98999786376952,108.3000030517578,105.75,106.45999908447266,17597300,94.746337890625
2022-12-15,105.33000183105467,106.16999816894533,103.6999969482422,105.44000244140624,15365100,93.83854675292967
2022-12-16,103.69000244140624,105.58000183105467,103.12999725341795,104.6999969482422,54596600,93.17996978759766
2022-12-19,105.26000213623048,106.1999969482422,104.37999725341795,105.16999816894533,13611100,93.5982437133789
2022-12-20,105.16999816894533,107.51000213623048,105.06999969482422,106.69000244140624,14680000,94.95101165771484
2022-12-21,108.29000091552734,108.58999633789062,107.16000366210938,108.05999755859376,13565400,96.1702651977539
2022-12-22,107.88999938964844,108.19000244140624,104.0999984741211,105.87999725341795,13213000,94.2301254272461
2022-12-23,106.9499969482422,108.73999786376952,106.9000015258789,108.68000030517578,11539400,96.72206115722656
2022-12-27,109.2699966430664,110.47000122070312,108.83000183105467,110.19000244140624,11962100,98.06591033935548
2022-12-28,109.91000366210938,110.0,107.9000015258789,108.37999725341795,10702100,96.45504760742188
2022-12-29,107.98999786376952,109.72000122070312,107.98999786376952,109.1999969482422,10534000,97.1848373413086
2022-12-30,108.61000061035156,110.5,108.61000061035156,110.3000030517578,11799600,98.16381072998048
2023-01-03,109.77999877929688,110.0199966430664,105.48999786376952,106.51000213623048,15146200,94.79080963134766
2023-01-04,104.8000030517578,107.16000366210938,104.76000213623048,106.81999969482422,18058400,95.06671142578124
2023-01-05,106.33999633789062,109.9499969482422,106.30999755859376,109.20999908447266,15946600,97.19373321533205
2023-01-06,110.08000183105467,111.98999786376952,109.66999816894533,110.52999877929688,16348100,98.36849212646484
2023-01-09,111.63999938964844,111.63999938964844,107.80999755859376,108.47000122070312,17964600,96.53515625
2023-01-10,109.79000091552734,110.33000183105467,108.01000213623048,110.08999633789062,15104600,97.97691345214844
2023-01-11,110.98999786376952,111.4499969482422,109.08999633789062,111.37000274658205,16710400,99.1160659790039
2023-01-12,111.81999969482422,113.73999786376952,111.73999786376952,113.22000122070312,15357300,100.76250457763672
2023-01-13,113.11000061035156,113.48999786376952,112.16000366210938,113.1500015258789,12011400,100.70022583007812
2023-01-17,113.41000366210938,114.08000183105467,112.66999816894533,112.93000030517578,16542200,100.5044174194336
2023-01-18,113.26000213623048,114.12000274658205,110.4000015258789,110.61000061035156,16399700,98.439697265625
2023-01-19,110.06999969482422,112.12999725341795,109.58000183105467,111.31999969482422,12928000,99.0715789794922
2023-01-20,111.36000061035156,113.44000244140624,110.61000061035156,113.3499984741211,16515600,100.8782196044922
2023-01-23,113.63999938964844,114.58999633789062,112.63999938964844,112.76000213623048,16584400,100.35313415527344
2023-01-24,109.16000366210938,114.0199966430664,104.87000274658205,113.80999755859376,13583000,101.28759765625
2023-01-25,113.2300033569336,113.6500015258789,111.38999938964844,113.20999908447266,11914700,100.7536163330078
2023-01-26,114.72000122070312,117.77999877929688,114.33999633789062,117.76000213623048,21019700,104.80298614501952
2023-01-27,116.9499969482422,117.66999816894533,115.38999938964844,115.61000061035156,15179200,102.88954162597656
2023-01-30,115.08999633789062,115.48999786376952,113.1500015258789,113.55999755859376,18672100,101.06510925292967
2023-01-31,112.0999984741211,116.4000015258789,110.43000030517578,116.01000213623048,27861800,103.24554443359376
2023-02-01,115.83000183105467,117.37999725341795,113.33999633789062,114.73999786376952,19464900,102.11526489257812
2023-02-02,114.8499984741211,115.06999969482422,109.83000183105467,111.1500015258789,24562100,98.92028045654295
2023-02-03,111.9000015258789,114.11000061035156,111.55999755859376,111.91999816894533,20226600,99.60554504394533
2023-02-06,112.36000061035156,113.08999633789062,110.31999969482422,111.7300033569336,13855200,99.43645477294922
2023-02-07,112.38999938964844,115.30999755859376,112.0199966430664,114.91999816894533,16013300,102.2754898071289
2023-02-08,115.0500030517578,115.83000183105467,113.8499984741211,113.91999816894533,18459700,101.385498046875
2023-02-09,114.62000274658205,116.23999786376952,114.18000030517578,114.3499984741211,17439300,101.76818084716795
2023-02-10,116.51000213623048,119.62999725341795,116.16000366210938,119.16999816894533,24918600,106.05783081054688
2023-02-13,117.72000122070312,118.18000030517578,115.9000015258789,117.8000030517578,14536200,105.64529418945312
2023-02-14,117.01000213623048,117.80999755859376,116.0199966430664,116.41999816894533,12079000,104.40769958496094
2023-02-15,115.72000122070312,116.08999633789062,114.13999938964844,116.06999969482422,13663400,104.09380340576172
2023-02-16,115.30999755859376,116.77999877929688,114.8000030517578,115.7300033569336,11360600,103.78889465332033
2023-02-17,114.19000244140624,114.19000244140624,110.9800033569336,111.27999877929688,20758300,99.7980499267578
2023-02-21,110.80999755859376,112.37999725341795,110.80999755859376,111.16999816894533,14469400,99.69939422607422
2023-02-22,110.4800033569336,110.97000122070312,108.63999938964844,109.7300033569336,13973800,98.4079818725586
2023-02-23,110.7300033569336,111.83000183105467,109.9000015258789,110.73999786376952,11289400,99.31375885009766
2023-02-24,109.33000183105467,110.95999908447266,109.0199966430664,110.75,14351000,99.32275390625
2023-02-27,110.8000030517578,111.26000213623048,109.95999908447266,110.5500030517578,11710500,99.14337921142578
2023-02-28,111.23999786376952,111.36000061035156,109.22000122070312,109.91000366210938,18107000,98.56941223144533
2023-03-01,109.30999755859376,111.86000061035156,109.23999786376952,110.88999938964844,13200000,99.44827270507812
2023-03-02,110.62000274658205,111.6999969482422,110.16999816894533,111.4000015258789,10339900,99.90567016601562
2023-03-03,110.0500030517578,113.37000274658205,109.9499969482422,112.80999755859376,13006700,101.17017364501952
2023-03-06,111.98999786376952,113.83999633789062,111.87000274658205,113.80999755859376,14347400,102.06700134277344
2023-03-07,112.80999755859376,113.16999816894533,111.16999816894533,111.61000061035156,11525300,100.09398651123048
2023-03-08,111.2300033569336,112.41999816894533,109.06999969482422,109.9800033569336,13509800,98.6321792602539
2023-03-09,110.87000274658205,112.2300033569336,109.02999877929688,109.12999725341795,12961200,97.86988067626952
2023-03-10,109.55999755859376,111.04000091552734,107.1500015258789,107.77999877929688,15795700,96.6591796875
2023-03-13,105.33999633789062,107.86000061035156,103.72000122070312,106.54000091552734,20745600,95.54712677001952
2023-03-14,106.3499984741211,109.01000213623048,104.95999908447266,106.94000244140624,18263500,95.90583801269533
2023-03-15,102.81999969482422,104.1999969482422,100.22000122070312,101.62000274658205,25733800,91.13477325439452
2023-03-16,99.11000061035156,101.68000030517578,98.0199966430664,101.02999877929688,27465200,90.60563659667967
2023-03-17,100.5999984741211,101.61000061035156,99.13999938964844,99.83999633789062,43199500,89.5384292602539
2023-03-20,99.62999725341795,102.4800033569336,99.5,102.4499969482422,32042100,91.87911987304688
2023-03-21,104.16999816894533,107.27999877929688,104.12999725341795,107.04000091552734,31592300,95.99552154541016
2023-03-22,106.8000030517578,107.18000030517578,104.55999755859376,104.58999633789062,14952700,93.79832458496094
2023-03-23,105.36000061035156,106.33999633789062,102.44000244140624,103.41000366210938,14385900,92.74008178710938
2023-03-24,101.47000122070312,103.8499984741211,100.91000366210938,103.52999877929688,13401600,92.84770965576172
2023-03-27,104.73999786376952,106.4800033569336,103.91000366210938,105.8000030517578,14805900,94.88347625732422
2023-03-28,105.44000244140624,107.6500015258789,105.19000244140624,107.12000274658205,11047600,96.06729125976562
2023-03-29,108.05999755859376,109.16000366210938,107.48999786376952,108.95999908447266,14219100,97.71742248535156
2023-03-30,109.5500030517578,109.56999969482422,108.5199966430664,109.48999786376952,11578200,98.19273376464844
2023-03-31,109.68000030517578,110.16999816894533,109.0500030517578,109.66000366210938,14418000,98.34519958496094
2023-04-03,113.38999938964844,116.8499984741211,113.12000274658205,116.12999725341795,28087700,104.14759826660156
2023-04-04,116.26000213623048,116.6999969482422,114.16999816894533,115.0199966430664,16365500,103.15215301513672
2023-04-05,115.3499984741211,117.0,114.30999755859376,116.98999786376952,16479500,104.91888427734376
2023-04-06,116.86000061035156,117.18000030517578,114.7699966430664,115.0500030517578,15778000,103.17904663085938
2023-04-10,114.77999877929688,116.18000030517578,114.16999816894533,114.54000091552734,13006600,102.72168731689452
2023-04-11,114.95999908447266,116.1999969482422,114.37999725341795,115.3499984741211,11758500,103.44810485839844
2023-04-12,116.16000366210938,116.58999633789062,114.93000030517578,115.2300033569336,10919000,103.34049987792967
2023-04-13,114.5999984741211,115.88999938964844,114.12999725341795,115.7699966430664,12399700,103.8247528076172
2023-04-14,115.9000015258789,116.66000366210938,115.12000274658205,116.0500030517578,11530800,104.07587432861328
2023-04-17,115.48999786376952,116.51000213623048,114.41999816894533,114.6999969482422,13260400,102.86516571044922
2023-04-18,114.38999938964844,117.20999908447266,114.3000030517578,116.94000244140624,17436100,104.87405395507812
2023-04-19,116.08000183105467,116.9000015258789,115.7699966430664,116.56999969482422,10682600,104.54219818115234
2023-04-20,115.12999725341795,115.68000030517578,113.2300033569336,115.63999938964844,17038700,103.70818328857422
2023-04-21,116.48999786376952,116.87999725341795,115.26000213623048,116.01000213623048,14315300,104.04000091552734
2023-04-24,115.91999816894533,118.88999938964844,115.87999725341795,118.1999969482422,15831300,106.00404357910156
2023-04-25,117.5500030517578,117.73999786376952,115.62999725341795,116.5199966430664,12179800,104.49738311767578
2023-04-26,116.02999877929688,117.08999633789062,114.68000030517578,115.4499969482422,15566100,103.53776550292967
2023-04-27,115.62000274658205,117.01000213623048,114.87999725341795,116.83000183105467,16279200,104.77538299560548
2023-04-28,117.25,119.91999816894533,116.83000183105467,118.33999633789062,24381900,106.1295928955078
2023-05-01,115.98999786376952,117.3000030517578,114.4499969482422,114.66999816894533,17355000,102.83827209472656
2023-05-02,113.94000244140624,113.94000244140624,109.29000091552734,110.0999984741211,24324100,98.73979949951172
2023-05-03,109.08000183105467,109.80999755859376,107.76000213623048,107.93000030517578,16212300,96.79371643066406
2023-05-04,107.9000015258789,108.75,105.91000366210938,106.04000091552734,17177200,95.09871673583984
2023-05-05,108.5500030517578,109.43000030517578,107.52999877929688,108.68000030517578,14968200,97.46632385253906
2023-05-08,110.5,110.97000122070312,109.04000091552734,109.11000061035156,11187800,97.85194396972656
2023-05-09,108.33999633789062,110.2300033569336,108.20999908447266,109.13999938964844,11370800,97.8788604736328
2023-05-10,109.73999786376952,110.01000213623048,106.70999908447266,107.73999786376952,14884800,96.623291015625
2023-05-11,106.48999786376952,106.81999969482422,104.93000030517578,105.79000091552734,17165900,94.87452697753906
2023-05-12,106.30999755859376,107.01000213623048,104.77999877929688,105.77999877929688,12613300,94.86553192138672
2023-05-15,105.51000213623048,105.93000030517578,104.58000183105467,105.06999969482422,13715600,95.04644775390624
2023-05-16,104.62999725341795,104.80999755859376,102.0199966430664,102.5199966430664,14795200,92.7397232055664
2023-05-17,103.38999938964844,105.2300033569336,102.8499984741211,104.81999969482422,14064700,94.8203125
2023-05-18,104.5500030517578,105.91000366210938,104.12999725341795,105.7699966430664,12005600,95.67967987060548
2023-05-19,106.56999969482422,107.0500030517578,105.81999969482422,106.26000213623048,13359600,96.1229248046875
2023-05-22,105.83999633789062,107.04000091552734,104.87999725341795,104.97000122070312,12882000,94.95600128173828
2023-05-23,105.98999786376952,108.22000122070312,105.75,106.4000015258789,14394400,96.24957275390624
2023-05-24,107.37999725341795,108.51000213623048,106.7300033569336,107.58999633789062,16340300,97.32603454589844
2023-05-25,105.94000244140624,106.43000030517578,104.70999908447266,105.66000366210938,14316500,95.58018493652344
2023-05-26,106.47000122070312,106.9499969482422,104.83000183105467,104.97000122070312,12370300,94.95600128173828
2023-05-30,103.29000091552734,104.12000274658205,102.61000061035156,104.04000091552734,11938000,94.1147232055664
2023-05-31,102.29000091552734,103.04000091552734,101.73999786376952,102.18000030517578,24926100,92.4321517944336
2023-06-01,101.75,105.58000183105467,101.26000213623048,103.36000061035156,13551900,93.49958801269533
2023-06-02,105.16000366210938,106.12999725341795,104.52999877929688,105.76000213623048,14112000,95.67064666748048
2023-06-05,107.19000244140624,107.19000244140624,105.08999633789062,105.29000091552734,10628000,95.2454605102539
2023-06-06,104.1500015258789,106.2699966430664,103.9800033569336,106.1500015258789,12209800,96.02342987060548
2023-06-07,106.79000091552734,108.88999938964844,106.7300033569336,108.52999877929688,16027100,98.1763916015625
2023-06-08,108.7699966430664,109.13999938964844,105.9000015258789,108.19000244140624,13517100,97.86882019042967
2023-06-09,108.45999908447266,108.61000061035156,107.16000366210938,107.38999938964844,12251600,97.14513397216795
2023-06-12,105.80999755859376,107.05999755859376,105.55999755859376,106.41999816894533,14112000,96.26766967773438
2023-06-13,107.37999725341795,108.33999633789062,106.27999877929688,106.44000244140624,13533800,96.2857666015625
2023-06-14,107.4499969482422,108.11000061035156,104.38999938964844,105.16000366210938,16627700,95.12787628173828
2023-06-15,105.5,107.02999877929688,105.44000244140624,105.88999938964844,16224100,95.78823852539062
2023-06-16,106.36000061035156,106.7699966430664,104.95999908447266,105.12999725341795,43128900,95.1007308959961
2023-06-20,104.68000030517578,104.7699966430664,102.12000274658205,102.72000122070312,17514100,92.92063903808594
2023-06-21,102.5,104.62999725341795,102.33000183105467,103.87000274658205,13285700,93.9609375
2023-06-22,102.83999633789062,103.88999938964844,102.6500015258789,103.3000030517578,12455300,93.4453125
2023-06-23,102.58999633789062,102.81999969482422,101.62000274658205,102.4000015258789,17933600,92.63117980957033
2023-06-26,102.1999969482422,104.91000366210938,102.1999969482422,104.29000091552734,14283400,94.34087371826172
2023-06-27,104.0500030517578,104.61000061035156,103.2699966430664,104.5500030517578,13227500,94.57606506347656
2023-06-28,104.30999755859376,105.81999969482422,103.1999969482422,105.4000015258789,13084100,95.34498596191406
2023-06-29,105.66000366210938,106.7300033569336,105.12999725341795,106.6999969482422,11364400,96.52095794677734
2023-06-30,107.31999969482422,107.87999725341795,106.80999755859376,107.25,13544700,97.01849365234376
2023-07-03,107.48999786376952,108.45999908447266,107.06999969482422,107.45999908447266,7397000,97.2084503173828
2023-07-05,107.62999725341795,107.91999816894533,106.0999984741211,106.91000366210938,12491200,96.7109375
2023-07-06,105.08999633789062,105.72000122070312,102.43000030517578,102.91999816894533,17961400,93.10157012939452
2023-07-07,101.91999816894533,104.0,101.55999755859376,103.16000366210938,21929200,93.31866455078124
2023-07-10,102.97000122070312,104.75,102.75,104.69000244140624,14877600,94.70272064208984
2023-07-11,105.26000213623048,106.16000366210938,104.80999755859376,105.97000122070312,12576500,95.86060333251952
2023-07-12,107.0,107.6500015258789,106.12999725341795,106.48999786376952,13238200,96.33099365234376
2023-07-13,105.97000122070312,106.2300033569336,103.31999969482422,104.54000091552734,26826800,94.56702423095705
2023-07-14,104.0500030517578,104.0500030517578,100.52999877929688,100.94000244140624,28181900,91.31046295166016
2023-07-17,100.72000122070312,101.66999816894533,100.22000122070312,101.37999725341795,18051300,91.7084732055664
2023-07-18,100.91999816894533,102.1999969482422,100.33999633789062,100.91999816894533,24617800,91.29237365722656
2023-07-19,101.0500030517578,102.4000015258789,100.8000030517578,101.62000274658205,15556500,91.9255828857422
2023-07-20,102.54000091552734,103.66000366210938,102.36000061035156,103.41000366210938,15740200,93.5448226928711
2023-07-21,104.16000366210938,104.37999725341795,103.26000213623048,103.88999938964844,17121500,93.9790267944336
2023-07-24,104.36000061035156,106.16000366210938,103.95999908447266,105.5199966430664,15090900,95.45352935791016
2023-07-25,105.05999755859376,106.08999633789062,104.54000091552734,105.68000030517578,14116100,95.59825897216795
2023-07-26,105.11000061035156,105.72000122070312,104.63999938964844,105.08999633789062,15159600,95.06454467773438
2023-07-27,106.0,106.98999786376952,104.73999786376952,105.41999816894533,17677900,95.36306762695312
2023-07-28,105.11000061035156,105.16000366210938,102.31999969482422,104.16000366210938,17566400,94.22325897216795
2023-07-31,105.19000244140624,107.86000061035156,105.19000244140624,107.23999786376952,24197000,97.0094223022461
2023-08-01,106.9499969482422,107.31999969482422,105.52999877929688,106.62000274658205,14177400,96.44859313964844
2023-08-02,106.26000213623048,106.37999725341795,104.56999969482422,105.29000091552734,13484100,95.2454605102539
2023-08-03,105.88999938964844,107.87999725341795,105.3000030517578,107.12000274658205,16280400,96.90089416503906
2023-08-04,107.95999908447266,109.23999786376952,107.33000183105467,107.41999816894533,14279600,97.1722640991211
2023-08-07,107.9000015258789,108.41999816894533,106.51000213623048,107.1999969482422,12410800,96.9732666015625
2023-08-08,106.04000091552734,107.75,104.83999633789062,107.7300033569336,14065600,97.45269775390624
2023-08-09,108.70999908447266,110.41999816894533,108.30999755859376,109.55999755859376,19919600,99.10812377929688
2023-08-10,110.19000244140624,111.62999725341795,109.44000244140624,110.12000274658205,15837200,99.61468505859376
2023-08-11,110.37000274658205,112.06999969482422,110.0500030517578,111.83000183105467,14047000,101.16156005859376
2023-08-14,111.68000030517578,111.9800033569336,110.77999877929688,111.91999816894533,12973400,101.24298858642578
2023-08-15,110.75,110.86000061035156,107.97000122070312,108.16000366210938,14909600,98.64373016357422
2023-08-16,108.27999877929688,109.33000183105467,106.27999877929688,106.33999633789062,13695100,96.9838409423828
2023-08-17,107.41999816894533,110.1500015258789,107.41999816894533,108.4000015258789,16709500,98.86261749267578
2023-08-18,107.63999938964844,110.1999969482422,107.62000274658205,110.04000091552734,16224000,100.35831451416016
2023-08-21,110.36000061035156,110.9800033569336,108.13999938964844,108.70999908447266,11092400,99.14534759521484
2023-08-22,109.16999816894533,109.72000122070312,107.9499969482422,108.0999984741211,10518800,98.58900451660156
2023-08-23,107.04000091552734,107.3000030517578,105.72000122070312,107.1500015258789,11435600,97.72257995605467
2023-08-24,106.41999816894533,107.7699966430664,106.06999969482422,106.3499984741211,10818500,96.9929656982422
2023-08-25,107.43000030517578,108.93000030517578,106.62000274658205,108.25,13579300,98.72581481933594
2023-08-28,108.4499969482422,110.04000091552734,108.44000244140624,109.16000366210938,10382100,99.55574798583984
2023-08-29,109.66000366210938,110.0199966430664,108.41999816894533,109.80999755859376,9665000,100.14855194091795
2023-08-30,110.44000244140624,111.13999938964844,109.9800033569336,110.87999725341795,11922100,101.12440490722656
2023-08-31,111.12000274658205,111.41999816894533,110.62000274658205,111.19000244140624,17479800,101.40713500976562
2023-09-01,112.1999969482422,113.81999969482422,112.1999969482422,113.5199966430664,14843500,103.5321273803711
2023-09-05,114.0999984741211,115.83000183105467,113.5,113.52999877929688,18304000,103.54124450683594
2023-09-06,113.4800033569336,114.58999633789062,113.2300033569336,114.51000213623048,13325500,104.43504333496094
2023-09-07,114.6500015258789,115.8499984741211,113.6999969482422,113.9499969482422,13248500,103.92430877685548
2023-09-08,114.52999877929688,116.0500030517578,114.31999969482422,115.61000061035156,14283200,105.4382553100586
2023-09-11,116.18000030517578,116.68000030517578,113.56999969482422,114.16000366210938,14383600,104.11583709716795
2023-09-12,115.33999633789062,117.66999816894533,115.2699966430664,117.48999786376952,20145800,107.15284729003906
2023-09-13,117.41000366210938,117.95999908447266,115.9000015258789,116.44000244140624,13472800,106.19522857666016
2023-09-14,117.5500030517578,118.66000366210938,117.33000183105467,118.5199966430664,15210700,108.09221649169922
2023-09-15,117.9000015258789,118.51000213623048,116.5,116.6999969482422,34568400,106.4323501586914
2023-09-18,117.52999877929688,118.23999786376952,116.6999969482422,117.63999938964844,14045300,107.28964233398438
2023-09-19,118.62000274658205,118.83999633789062,116.61000061035156,117.33000183105467,12562900,107.00691986083984
2023-09-20,116.54000091552734,118.0199966430664,116.31999969482422,116.4000015258789,11879900,106.15874481201172
2023-09-21,116.9800033569336,117.37000274658205,114.5999984741211,114.76000213623048,14400600,104.6630401611328
2023-09-22,115.70999908447266,116.68000030517578,114.80999755859376,114.94000244140624,13197300,104.8271942138672
2023-09-25,115.08999633789062,116.6500015258789,114.83000183105467,116.2300033569336,11316000,106.00370025634766
2023-09-26,115.5,116.7300033569336,115.37000274658205,116.41000366210938,11805400,106.16786193847656
2023-09-27,117.88999938964844,120.5,117.4000015258789,120.1999969482422,23976200,109.62442016601562
2023-09-28,119.9800033569336,120.6999969482422,118.19000244140624,119.47000122070312,16808100,108.95864868164062
2023-09-29,119.0999984741211,119.18000030517578,116.7300033569336,117.58000183105467,18813600,107.23492431640624
2023-10-02,117.52999877929688,117.79000091552734,114.5500030517578,115.62999725341795,14395000,105.4564971923828
2023-10-03,115.44000244140624,116.44000244140624,115.02999877929688,115.83000183105467,13297100,105.63890075683594
2023-10-04,114.0500030517578,114.08999633789062,110.5,111.5,19622200,101.68986511230467
2023-10-05,109.8000030517578,110.9000015258789,108.6999969482422,108.98999786376952,20128800,99.40069580078124
2023-10-06,105.7300033569336,108.2699966430664,105.11000061035156,107.16999816894533,25367500,97.74083709716795
2023-10-09,110.44000244140624,112.06999969482422,109.5199966430664,110.91999816894533,22369900,101.160888671875
2023-10-10,111.0199966430664,111.4499969482422,110.12000274658205,110.4499969482422,13892000,100.73224639892578
2023-10-11,106.95999908447266,107.16999816894533,104.83000183105467,106.48999786376952,57939000,97.12066650390624
2023-10-12,107.58999633789062,107.83999633789062,106.08999633789062,106.47000122070312,31183000,97.10243225097656
2023-10-13,108.02999877929688,110.1999969482422,107.83999633789062,109.87000274658205,30276500,100.20327758789062
2023-10-16,110.5,110.68000030517578,109.12999725341795,109.9499969482422,18452000,100.27623748779295
2023-10-17,109.7300033569336,111.8000030517578,109.68000030517578,111.38999938964844,19775400,101.58953857421876
2023-10-18,111.81999969482422,113.38999938964844,111.6999969482422,112.9499969482422,23380300,103.01229095458984
2023-10-19,112.72000122070312,113.97000122070312,111.33000183105467,113.0199966430664,20972500,103.07611846923828
2023-10-20,112.91999816894533,113.31999969482422,110.79000091552734,111.08000183105467,22445300,101.30681610107422
2023-10-23,110.62999725341795,110.95999908447266,108.68000030517578,109.4499969482422,18185000,99.82022094726562
2023-10-24,109.6999969482422,109.81999969482422,108.12000274658205,108.38999938964844,16786100,98.8534927368164
2023-10-25,108.5199966430664,109.5,108.12999725341795,108.58999633789062,22047300,99.035888671875
2023-10-26,107.4499969482422,108.33999633789062,106.5,107.5999984741211,18768300,98.1330108642578
2023-10-27,108.88999938964844,109.86000061035156,104.95999908447266,105.5500030517578,23092000,96.26335906982422
2023-10-30,105.73999786376952,106.41999816894533,105.20999908447266,105.87999725341795,19379900,96.56432342529295
2023-10-31,105.58000183105467,106.16000366210938,104.54000091552734,105.8499984741211,22185200,96.5369644165039
2023-11-01,106.52999877929688,107.16999816894533,105.45999908447266,105.63999938964844,28984900,96.34544372558594
2023-11-02,105.87999725341795,109.19000244140624,105.5,109.11000061035156,25212700,99.51014709472656
2023-11-03,108.4000015258789,108.77999877929688,106.54000091552734,107.77999877929688,30555600,98.29715728759766
2023-11-06,108.16999816894533,108.2699966430664,105.7699966430664,105.87000274658205,19097300,96.55521392822266
2023-11-07,104.47000122070312,104.86000061035156,103.29000091552734,104.20999908447266,20272500,95.04126739501952
2023-11-08,103.7300033569336,104.9000015258789,102.88999938964844,102.93000030517578,19184100,93.87388610839844
2023-11-09,103.66999816894533,103.97000122070312,102.86000061035156,102.95999908447266,18380500,93.9012451171875
2023-11-10,103.93000030517578,104.41000366210938,102.91000366210938,103.75,17825500,94.62173461914062
2023-11-13,104.0500030517578,105.13999938964844,103.80999755859376,104.83999633789062,15308400,95.6158218383789
2023-11-14,104.3000030517578,104.81999969482422,103.87000274658205,104.29000091552734,18260500,95.98397064208984
2023-11-15,103.95999908447266,105.1500015258789,103.5,103.66000366210938,20137600,95.4041519165039
2023-11-16,102.9000015258789,103.2699966430664,101.1500015258789,102.45999908447266,22469100,94.29972839355467
2023-11-17,103.05999755859376,105.43000030517578,102.75,104.95999908447266,22984900,96.60062408447266
2023-11-20,105.37999725341795,105.87999725341795,104.43000030517578,104.5,17458800,96.17726135253906
2023-11-21,104.20999908447266,104.6999969482422,103.22000122070312,104.45999908447266,14989000,96.14044189453124
2023-11-22,102.58000183105467,104.12000274658205,101.94000244140624,104.01000213623048,18072000,95.72628021240234
2023-11-24,104.0199966430664,105.47000122070312,103.91000366210938,104.56999969482422,9480800,96.2416763305664
2023-11-27,104.0999984741211,104.4000015258789,103.18000030517578,103.95999908447266,18013500,95.68026733398438
2023-11-28,104.23999786376952,104.91000366210938,103.87999725341795,103.9000015258789,20629500,95.62503051757812
2023-11-29,104.2699966430664,104.58000183105467,101.63999938964844,102.33999633789062,26802100,94.18928527832033
2023-11-30,103.11000061035156,104.4800033569336,101.80999755859376,102.73999786376952,29254700,94.5574188232422
2023-12-01,102.5,104.22000122070312,102.22000122070312,102.98999786376952,17845300,94.78751373291016
2023-12-04,102.12999725341795,103.36000061035156,101.58999633789062,102.43000030517578,21523900,94.2721176147461
2023-12-05,102.2699966430664,102.33999633789062,100.29000091552734,100.44000244140624,22250300,92.44060516357422
2023-12-06,100.0,100.72000122070312,98.33999633789062,99.11000061035156,31154800,91.2165298461914
2023-12-07,99.86000061035156,100.83999633789062,98.08999633789062,98.41999816894533,29990700,90.58148193359376
2023-12-08,99.0199966430664,99.79000091552734,98.75,99.5500030517578,22074900,91.62149810791016
2023-12-11,99.8000030517578,99.86000061035156,98.58000183105467,99.62000274658205,22252300,91.6859130859375
2023-12-12,98.68000030517578,98.68000030517578,97.4800033569336,98.0500030517578,26084000,90.24095153808594
2023-12-13,98.04000091552734,99.02999877929688,97.66000366210938,98.91999816894533,19915400,91.04166412353516
2023-12-14,99.8499984741211,102.13999938964844,99.72000122070312,101.58000183105467,26165700,93.48980712890624
2023-12-15,100.58999633789062,101.0,100.30999755859376,100.9000015258789,55527000,92.8639678955078
2023-12-18,102.12999725341795,103.11000061035156,101.5199966430664,101.6500015258789,21610400,93.55423736572266
2023-12-19,102.0,103.19000244140624,101.79000091552734,102.98999786376952,18904700,94.78751373291016
2023-12-20,103.5,103.94000244140624,101.12999725341795,101.2699966430664,20988900,93.2044906616211
2023-12-21,101.47000122070312,102.01000213623048,100.80999755859376,101.7300033569336,19250900,93.62786102294922
2023-12-22,102.30999755859376,102.94000244140624,101.81999969482422,101.91000366210938,12927800,93.79353332519533
2023-12-26,102.73999786376952,103.02999877929688,102.12000274658205,102.13999938964844,16835100,94.00521087646484
2023-12-27,102.04000091552734,102.5500030517578,101.33999633789062,101.66000366210938,14558800,93.56344604492188
2023-12-28,101.38999938964844,101.61000061035156,100.12999725341795,100.19000244140624,16329300,92.21052551269533
2023-12-29,100.37000274658205,100.58999633789062,99.62000274658205,99.9800033569336,17746400,92.01724243164062
2024-01-02,100.91999816894533,103.0999984741211,100.8499984741211,102.36000061035156,23483000,94.20768737792967
2024-01-03,102.2699966430664,103.62000274658205,101.66000366210938,103.22000122070312,23490800,94.99919891357422
2024-01-04,104.08000183105467,104.56999969482422,102.0500030517578,102.31999969482422,19395200,94.1708755493164
2024-01-05,103.16999816894533,103.4000015258789,102.12999725341795,102.62999725341795,15827400,94.45618438720705
2024-01-08,100.7300033569336,101.04000091552734,98.9000015258789,100.91999816894533,23370100,92.88235473632812
2024-01-09,101.29000091552734,101.29000091552734,99.19000244140624,99.66999816894533,19496600,91.73194122314452
2024-01-10,99.8000030517578,99.8000030517578,98.16000366210938,98.69000244140624,18206100,90.8299789428711
2024-01-11,99.04000091552734,99.5,98.55999755859376,98.66999816894533,15833400,90.81158447265624
2024-01-12,100.13999938964844,100.6500015258789,99.16999816894533,99.9499969482422,18041700,91.98963165283205
2024-01-16,99.81999969482422,100.01000213623048,97.52999877929688,97.69000244140624,20235700,89.90962219238281
2024-01-17,96.5999984741211,97.95999908447266,96.58000183105467,96.9800033569336,18384000,89.25616455078125
2024-01-18,97.0,97.08999633789062,95.81999969482422,96.8000030517578,20940300,89.09050750732422
2024-01-19,96.72000122070312,97.0199966430664,96.41000366210938,96.9499969482422,20088400,89.22855377197266
2024-01-22,96.6999969482422,97.0999984741211,95.7699966430664,96.81999969482422,19955900,89.10891723632812
2024-01-23,96.80999755859376,98.5,96.7300033569336,97.91000366210938,15863400,90.1121063232422
2024-01-24,98.31999969482422,99.6500015258789,97.73999786376952,99.5999984741211,17330600,91.6675033569336
2024-01-25,100.30999755859376,102.18000030517578,99.62000274658205,102.12999725341795,22089500,93.99600982666016
2024-01-26,101.97000122070312,103.08000183105467,101.19000244140624,103.0,20817200,94.79671478271484
2024-01-29,102.9800033569336,103.1999969482422,101.86000061035156,103.12999725341795,18317500,94.91636657714844
2024-01-30,102.41000366210938,104.87999725341795,102.0999984741211,104.8499984741211,19610900,96.49937438964844
2024-01-31,104.73999786376952,104.87999725341795,102.7699966430664,102.80999755859376,22415300,94.62184143066406
2024-02-01,103.56999969482422,104.01000213623048,101.62000274658205,102.38999938964844,19240700,94.2353057861328
2024-02-02,103.75,104.0,101.61000061035156,101.97000122070312,21973400,93.8487548828125
2024-02-05,101.4499969482422,102.37999725341795,100.5,101.5500030517578,17190900,93.46221160888672
2024-02-06,102.06999969482422,103.04000091552734,101.56999969482422,102.25,13347900,94.1064453125
2024-02-07,102.25,102.7300033569336,101.18000030517578,102.22000122070312,13826800,94.07884216308594
2024-02-08,102.33999633789062,104.41999816894533,102.11000061035156,103.97000122070312,19636900,95.68946075439452
2024-02-09,104.0999984741211,104.83999633789062,101.6999969482422,101.7699966430664,20410500,93.6646728515625
2024-02-12,102.16000366210938,103.4000015258789,102.0,103.16999816894533,18173100,94.95318603515624
2024-02-13,102.76000213623048,103.08999633789062,100.5999984741211,101.33999633789062,18917400,94.13572692871094
2024-02-14,101.87000274658205,102.62000274658205,100.41999816894533,100.83999633789062,17651300,93.67127227783205
2024-02-15,100.5999984741211,103.94000244140624,100.5999984741211,103.7300033569336,23196300,96.35582733154295
2024-02-16,104.01000213623048,104.62999725341795,103.5199966430664,103.7300033569336,20151400,96.35582733154295
2024-02-20,103.83999633789062,104.12000274658205,102.6500015258789,102.75,17650000,95.44550323486328
2024-02-21,103.0199966430664,104.9800033569336,102.98999786376952,104.8499984741211,20991300,97.39620208740234
2024-02-22,104.16000366210938,105.41000366210938,103.4499969482422,104.76000213623048,20470700,97.31260681152344
2024-02-23,103.87999725341795,104.08999633789062,102.87999725341795,103.83999633789062,15975900,96.45799255371094
2024-02-26,103.72000122070312,104.94000244140624,103.0500030517578,104.25,13360800,96.83887481689452
2024-02-27,104.68000030517578,105.1500015258789,103.8499984741211,104.02999877929688,16360000,96.6344985961914
2024-02-28,104.47000122070312,105.43000030517578,104.0,104.31999969482422,14810500,96.90388488769533
2024-02-29,104.68000030517578,105.06999969482422,104.22000122070312,104.5199966430664,17566100,97.08968353271484
2024-03-01,105.72000122070312,106.38999938964844,105.37999725341795,105.83999633789062,18460100,98.31582641601562
2024-03-04,105.66000366210938,105.8499984741211,104.02999877929688,104.36000061035156,18138000,96.9410400390625
2024-03-05,104.52999877929688,106.2699966430664,104.31999969482422,105.63999938964844,19952700,98.1300277709961
2024-03-06,106.62000274658205,107.56999969482422,106.1500015258789,106.7699966430664,20472800,99.1797103881836
2024-03-07,106.5999984741211,107.9800033569336,106.5999984741211,107.37000274658205,15195400,99.737060546875
2024-03-08,107.2300033569336,108.4000015258789,106.7699966430664,108.37999725341795,16281500,100.6752471923828
2024-03-11,108.25,109.12000274658205,107.33999633789062,109.0199966430664,17577300,101.26976013183594
2024-03-12,109.05999755859376,109.27999877929688,108.02999877929688,108.31999969482422,14957200,100.61952209472656
2024-03-13,109.13999938964844,110.3499984741211,109.11000061035156,109.52999877929688,17122200,101.7435073852539
2024-03-14,109.83000183105467,111.5500030517578,109.69000244140624,111.47000122070312,22121000,103.54560089111328
2024-03-15,110.8499984741211,112.3000030517578,110.8499984741211,111.2699966430664,38264400,103.35980224609376
2024-03-18,111.79000091552734,112.86000061035156,111.0999984741211,112.3000030517578,16770500,104.31659698486328
2024-03-19,112.22000122070312,113.48999786376952,112.05999755859376,113.08999633789062,14878800,105.05043029785156
2024-03-20,112.72000122070312,113.4000015258789,112.12999725341795,112.98999786376952,16119700,104.95752716064452
2024-03-21,112.91999816894533,113.91000366210938,112.56999969482422,113.48999786376952,14878000,105.42198944091795
2024-03-22,113.4800033569336,113.69000244140624,112.81999969482422,113.48999786376952,14701900,105.42198944091795
2024-03-25,113.83000183105467,115.77999877929688,113.83000183105467,114.6500015258789,14011700,106.4995346069336
2024-03-26,114.66000366210938,114.9800033569336,113.41000366210938,113.79000091552734,13152300,105.70066833496094
2024-03-27,113.4800033569336,115.05999755859376,113.41000366210938,114.97000122070312,12415700,106.79678344726562
2024-03-28,115.52999877929688,116.4499969482422,115.05999755859376,116.23999786376952,18482100,107.97648620605467
2024-04-01,116.41000366210938,117.23999786376952,115.37999725341795,116.98999786376952,13817000,108.67317199707033
2024-04-02,117.91999816894533,119.5999984741211,117.33000183105467,119.27999877929688,19919600,110.80037689208984
2024-04-03,119.4800033569336,119.75,118.7300033569336,119.3000030517578,16504300,110.81895446777344
2024-04-04,119.0500030517578,119.87999725341795,118.63999938964844,119.72000122070312,18467400,111.2091064453125
2024-04-05,119.9800033569336,122.1500015258789,119.63999938964844,121.37000274658205,21720600,112.74180603027344
2024-04-08,121.08000183105467,121.73999786376952,120.20999908447266,120.5500030517578,17513900,111.98009490966795
2024-04-09,121.0,121.6500015258789,120.33999633789062,121.18000030517578,14132300,112.56531524658205
2024-04-10,121.22000122070312,122.47000122070312,120.7300033569336,122.1999969482422,17409200,113.51280212402344
2024-04-11,122.69000244140624,122.69000244140624,120.33999633789062,121.79000091552734,17555900,113.13195037841795
2024-04-12,122.9499969482422,123.75,119.66999816894533,120.37000274658205,21556200,111.81290435791016
2024-04-15,121.08999633789062,121.69000244140624,119.4499969482422,119.68000030517578,15029500,111.17195129394533
2024-04-16,119.55999755859376,120.22000122070312,117.91999816894533,118.69000244140624,18082200,110.2523193359375
2024-04-17,118.5500030517578,119.3499984741211,117.12000274658205,118.62999725341795,14538600,110.19659423828124
2024-04-18,119.0,119.72000122070312,117.97000122070312,118.5199966430664,13821400,110.09440612792967
2024-04-19,119.16000366210938,120.93000030517578,118.9499969482422,119.87999725341795,21572400,111.35772705078124
2024-04-22,119.26000213623048,121.56999969482422,118.43000030517578,120.55999755859376,16340700,111.9893798828125
2024-04-23,120.0,121.05999755859376,119.4499969482422,121.02999877929688,13929800,112.42597198486328
2024-04-24,120.3000030517578,121.26000213623048,119.38999938964844,121.0500030517578,12101200,112.4445571899414
2024-04-25,121.02999877929688,121.76000213623048,119.4000015258789,121.33000183105467,16041000,112.70465087890624
2024-04-26,119.0,119.0999984741211,116.22000122070312,117.95999908447266,27289500,109.57421875
2024-04-29,117.76000213623048,120.0500030517578,117.76000213623048,119.63999938964844,17309900,111.1347885131836
2024-04-30,119.11000061035156,120.1999969482422,117.9800033569336,118.2699966430664,21083300,109.86217498779295
2024-05-01,118.27999877929688,118.47000122070312,115.66000366210938,116.02999877929688,27777700,107.78141784667967
2024-05-02,116.26000213623048,117.26000213623048,115.9000015258789,116.23999786376952,25513600,107.97648620605467
2024-05-03,116.0,116.06999969482422,114.12999725341795,116.0,28023300,107.75355529785156
2024-05-06,116.66999816894533,118.33999633789062,116.4000015258789,116.75,31401300,108.4502410888672
2024-05-07,117.27999877929688,117.58000183105467,115.93000030517578,116.16999816894533,30122000,107.91146850585938
2024-05-08,115.70999908447266,116.9499969482422,115.41000366210938,116.1500015258789,18957200,107.89289093017578
2024-05-09,116.1999969482422,118.52999877929688,116.19000244140624,118.44000244140624,17564000,110.02011108398438
2024-05-10,118.54000091552734,118.66000366210938,117.58000183105467,117.95999908447266,13648100,109.57421875
2024-05-13,118.41999816894533,119.04000091552734,117.12000274658205,117.91000366210938,15060600,109.5277862548828
2024-05-14,116.79000091552734,117.73999786376952,116.4800033569336,117.66999816894533,15079100,110.19265747070312
2024-05-15,117.61000061035156,118.83999633789062,116.08000183105467,118.58000183105467,18244300,111.04484558105467
2024-05-16,118.54000091552734,119.3000030517578,117.54000091552734,117.87000274658205,15745200,110.37995147705078
2024-05-17,118.3000030517578,119.83000183105467,117.95999908447266,119.63999938964844,15104500,112.03746795654295
2024-05-20,119.7300033569336,119.88999938964844,118.5500030517578,118.66999816894533,11551300,111.1291046142578
2024-05-21,118.4000015258789,119.4499969482422,117.77999877929688,117.8499984741211,14495000,110.36122131347656
2024-05-22,117.45999908447266,117.45999908447266,114.95999908447266,115.4800033569336,17879300,108.14183044433594
2024-05-23,115.5999984741211,117.51000213623048,113.36000061035156,113.51000213623048,15979800,106.29700469970705
2024-05-24,114.83999633789062,115.08000183105467,113.04000091552734,113.41999816894533,12212900,106.21272277832033
2024-05-28,113.5199966430664,115.11000061035156,113.06999969482422,114.86000061035156,13978300,107.56121826171876
2024-05-29,114.52999877929688,114.5500030517578,112.80999755859376,113.62999725341795,13902000,106.40937042236328
2024-05-30,113.2699966430664,114.12999725341795,112.95999908447266,113.98999786376952,14683700,106.74650573730467
2024-05-31,114.12000274658205,117.48999786376952,113.98999786376952,117.26000213623048,29037400,109.8087158203125
2024-06-03,116.3000030517578,116.36000061035156,113.76000213623048,114.4499969482422,19589300,107.17727661132812
2024-06-04,113.0,113.08999633789062,110.91999816894533,112.66999816894533,19412200,105.51038360595705
2024-06-05,112.88999938964844,113.19000244140624,111.4800033569336,113.12000274658205,14863500,105.93180084228516
2024-06-06,112.75,114.04000091552734,112.11000061035156,113.97000122070312,13154100,106.72776794433594
2024-06-07,113.79000091552734,114.9000015258789,112.66999816894533,112.75,13289200,105.58529663085938
2024-06-10,113.05999755859376,114.22000122070312,112.6999969482422,113.08000183105467,15239700,105.89432525634766
2024-06-11,112.48999786376952,112.66999816894533,111.30999755859376,112.16999816894533,12462400,105.04215240478516
2024-06-12,113.3000030517578,113.3000030517578,110.54000091552734,110.93000030517578,13606800,103.88094329833984
2024-06-13,110.83999633789062,110.86000061035156,109.72000122070312,110.04000091552734,14466900,103.04750061035156
2024-06-14,110.0199966430664,110.20999908447266,108.58999633789062,109.11000061035156,13313400,102.17660522460938
2024-06-17,109.16999816894533,109.45999908447266,108.18000030517578,108.36000061035156,21147900,101.47425842285156
2024-06-18,109.02999877929688,110.72000122070312,108.8000030517578,109.37999725341795,17762900,102.429443359375
2024-06-20,109.91000366210938,112.62000274658205,109.58999633789062,111.73999786376952,17433200,104.63948059082033
2024-06-21,111.9000015258789,112.6999969482422,110.76000213623048,110.76000213623048,52212500,103.72176361083984
2024-06-24,111.63999938964844,114.52999877929688,111.63999938964844,114.0500030517578,16266700,106.80269622802734
2024-06-25,114.11000061035156,114.5500030517578,113.45999908447266,114.37000274658205,14188900,107.10235595703124
2024-06-26,114.38999938964844,114.81999969482422,113.13999938964844,114.41000366210938,15771800,107.13981628417967
2024-06-27,114.98999786376952,114.98999786376952,114.11000061035156,114.9000015258789,16812700,107.59867095947266
2024-06-28,115.86000061035156,116.54000091552734,114.68000030517578,115.12000274658205,24565900,107.80470275878906
2024-07-01,115.70999908447266,116.73999786376952,114.52999877929688,114.95999908447266,11972900,107.65486145019533
2024-07-02,115.9000015258789,115.94000244140624,113.48999786376952,114.18000030517578,13326700,106.9244384765625
2024-07-03,114.2699966430664,115.66000366210938,114.2699966430664,114.76000213623048,7732900,107.46756744384766
2024-07-05,114.61000061035156,114.62999725341795,112.69000244140624,113.37000274658205,12631000,106.16590881347656
2024-07-08,112.38999938964844,113.5500030517578,111.41999816894533,112.18000030517578,13350500,105.05152893066406
2024-07-09,111.11000061035156,112.54000091552734,110.62000274658205,110.94000244140624,11727000,103.89031219482422
2024-07-10,110.91999816894533,111.95999908447266,110.41999816894533,111.91999816894533,10004100,104.80802917480467
2024-07-11,111.43000030517578,113.31999969482422,110.93000030517578,113.25,13082700,106.05353546142578
2024-07-12,113.98999786376952,114.1500015258789,112.62999725341795,113.2699966430664,11684900,106.0722427368164
2024-07-15,114.2699966430664,116.16000366210938,113.58000183105467,115.20999908447266,13032500,107.88898468017578
2024-07-16,114.3499984741211,116.3499984741211,113.70999908447266,116.04000091552734,13614100,108.6662368774414
2024-07-17,116.73999786376952,118.18000030517578,116.5500030517578,117.63999938964844,13602800,110.16455841064452
2024-07-18,117.9499969482422,119.91999816894533,117.44000244140624,118.8000030517578,13033600,111.25084686279295
2024-07-19,118.58999633789062,118.87999725341795,115.87000274658205,116.06999969482422,16157700,108.69432830810548
2024-07-22,115.18000030517578,115.94000244140624,114.58000183105467,115.2699966430664,12065900,107.94515991210938
2024-07-23,114.80999755859376,115.16999816894533,113.16999816894533,113.41000366210938,11251700,106.20336151123048
2024-07-24,113.7699966430664,115.1999969482422,113.06999969482422,115.01000213623048,14925200,107.70169067382812
2024-07-25,115.16999816894533,118.02999877929688,114.55999755859376,117.43000030517578,17021700,109.96791076660156
2024-07-26,116.7699966430664,118.02999877929688,116.47000122070312,117.33000183105467,11252500,109.874267578125
2024-07-29,117.31999969482422,117.38999938964844,115.37999725341795,116.0999984741211,8861800,108.72241973876952
2024-07-30,116.36000061035156,118.5999984741211,116.2300033569336,118.16999816894533,12483900,110.66088104248048
2024-07-31,119.63999938964844,119.76000213623048,118.55999755859376,118.58999633789062,15137700,111.05418395996094
2024-08-01,118.3499984741211,119.48999786376952,116.36000061035156,116.9499969482422,15051500,109.5184097290039
2024-08-02,115.97000122070312,118.87000274658205,115.41999816894533,116.87999725341795,20403800,109.45286560058594
2024-08-05,115.54000091552734,116.02999877929688,113.25,114.7699966430664,18025900,107.4769287109375
2024-08-06,114.4499969482422,115.62999725341795,113.62999725341795,114.16000366210938,13647800,106.90570831298828
2024-08-07,115.4499969482422,117.12000274658205,115.26000213623048,115.68000030517578,13660700,108.3291244506836
2024-08-08,116.08000183105467,118.11000061035156,115.7300033569336,117.88999938964844,13851000,110.398681640625
2024-08-09,117.88999938964844,119.30999755859376,117.36000061035156,118.8499984741211,12151900,111.29766845703124
2024-08-12,119.5500030517578,120.16999816894533,118.0199966430664,119.0,13228900,111.43814086914062
2024-08-13,118.27999877929688,118.51000213623048,117.5,117.86000061035156,11585100,110.37059020996094
2024-08-14,118.0999984741211,119.9000015258789,117.62999725341795,118.9499969482422,12194500,111.39131927490234
2024-08-15,118.25,119.62999725341795,118.12000274658205,118.7300033569336,11579400,112.0804443359375
2024-08-16,117.98999786376952,118.4800033569336,117.66000366210938,118.16999816894533,10056000,111.55179595947266
2024-08-19,118.4000015258789,120.5,118.16999816894533,118.52999877929688,12417500,111.89163970947266
2024-08-20,118.6500015258789,118.6500015258789,114.51000213623048,114.58000183105467,15632000,108.16285705566406
2024-08-21,115.01000213623048,115.56999969482422,113.76000213623048,113.8499984741211,11752400,107.47373962402344
2024-08-22,113.77999877929688,115.01000213623048,113.63999938964844,114.7300033569336,10609500,108.30445861816406
2024-08-23,115.02999877929688,116.72000122070312,115.02999877929688,116.31999969482422,10381400,109.80541229248048
2024-08-26,117.76000213623048,118.94000244140624,116.91999816894533,118.80999755859376,13671000,112.15595245361328
2024-08-27,118.95999908447266,119.41000366210938,117.4000015258789,117.68000030517578,9991600,111.08924865722656
2024-08-28,117.0,117.58000183105467,116.26000213623048,116.5199966430664,10742900,109.99420928955078
2024-08-29,117.1999969482422,118.79000091552734,116.3499984741211,118.12999725341795,10753900,111.5140380859375
2024-08-30,116.79000091552734,118.0199966430664,116.29000091552734,117.94000244140624,13284700,111.33468627929688
2024-09-03,115.83999633789062,116.08999633789062,114.04000091552734,115.47000122070312,15725100,109.00302124023438
2024-09-04,115.29000091552734,116.1500015258789,113.9800033569336,114.05999755859376,12620600,107.67198181152344
2024-09-05,115.06999969482422,115.27999877929688,113.06999969482422,113.16999816894533,17200800,106.83181762695312
2024-09-06,113.58999633789062,114.18000030517578,111.7300033569336,112.63999938964844,13467700,106.3314971923828
2024-09-09,112.87000274658205,116.1500015258789,112.66000366210938,115.01000213623048,21645300,108.56877899169922
2024-09-10,115.0999984741211,115.4000015258789,110.16999816894533,110.81999969482422,20913400,104.61343383789062
2024-09-11,110.77999877929688,110.9499969482422,107.7699966430664,109.72000122070312,19571900,103.57505798339844
2024-09-12,109.9000015258789,111.33000183105467,109.76000213623048,111.2300033569336,15919500,105.00048065185548
2024-09-13,111.47000122070312,112.47000122070312,110.93000030517578,111.1500015258789,10035400,104.92496490478516
2024-09-16,112.0500030517578,113.08999633789062,111.69000244140624,112.70999908447266,11729000,106.39759063720705
2024-09-17,112.31999969482422,114.37000274658205,112.12000274658205,114.18000030517578,12202600,107.78526306152344
2024-09-18,114.11000061035156,115.62999725341795,113.80999755859376,114.58000183105467,12569900,108.16285705566406
2024-09-19,116.16000366210938,117.58000183105467,115.19000244140624,116.0,12660600,109.50333404541016
2024-09-20,115.45999908447266,115.51000213623048,114.25,115.2699966430664,36206200,108.81420135498048
2024-09-23,115.33000183105467,117.79000091552734,115.12000274658205,117.36000061035156,16066300,110.78716278076172
2024-09-24,117.83999633789062,118.16000366210938,116.83000183105467,117.0500030517578,11984900,110.4945297241211
2024-09-25,116.48999786376952,117.0500030517578,114.04000091552734,114.7699966430664,13816000,108.34221649169922
2024-09-26,111.13999938964844,113.4800033569336,111.13999938964844,112.8000030517578,16887900,106.4825439453125
2024-09-27,113.76000213623048,116.08999633789062,113.25,115.81999969482422,15964000,109.33341979980467
2024-09-30,115.45999908447266,117.38999938964844,114.95999908447266,117.22000122070312,13247600,110.6550064086914
2024-10-01,116.04000091552734,120.5999984741211,115.93000030517578,119.93000030517578,23235900,113.21321868896484
2024-10-02,121.93000030517578,122.81999969482422,120.1999969482422,121.5199966430664,17129700,114.71417999267578
2024-10-03,121.9000015258789,123.16999816894533,120.93000030517578,122.58000183105467,16524300,115.71481323242188
2024-10-04,123.1999969482422,125.19000244140624,122.43000030517578,124.83000183105467,19752300,117.83879852294922
2024-10-07,125.25,126.33999633789062,124.86000061035156,125.37000274658205,15714400,118.34855651855467
2024-10-08,123.87999725341795,124.0199966430664,121.26000213623048,122.04000091552734,14818500,115.2050552368164
2024-10-09,120.9000015258789,122.58000183105467,120.8000030517578,122.08999633789062,11144900,115.2522430419922
2024-10-10,123.16000366210938,123.6999969482422,122.29000091552734,123.13999938964844,10243300,116.24343872070312
2024-10-11,123.0999984741211,124.02999877929688,122.94000244140624,123.61000061035156,8294800,116.68712615966795
2024-10-14,123.23999786376952,124.26000213623048,122.62000274658205,124.08000183105467,9808100,117.13080596923828
2024-10-15,120.81999969482422,121.9499969482422,119.77999877929688,120.3499984741211,15771300,113.60970306396484
2024-10-16,120.88999938964844,121.44000244140624,120.5999984741211,120.66000366210938,8426800,113.90235137939452
2024-10-17,120.76000213623048,121.58000183105467,119.70999908447266,120.3499984741211,11204900,113.60970306396484
2024-10-18,120.44000244140624,120.63999938964844,119.1500015258789,120.01000213623048,12898600,113.28874206542967
2024-10-21,120.9800033569336,121.4800033569336,119.72000122070312,120.08000183105467,10177800,113.35482788085938
2024-10-22,120.26000213623048,121.19000244140624,119.94000244140624,120.6999969482422,9201400,113.94010162353516
2024-10-23,119.97000122070312,120.75,119.4000015258789,120.2699966430664,8320300,113.53418731689452
2024-10-24,120.0,120.44000244140624,119.12999725341795,119.58999633789062,9905600,112.89226531982422
2024-10-25,120.1999969482422,120.43000030517578,119.31999969482422,119.48999786376952,10714600,112.7978744506836
2024-10-28,116.79000091552734,119.01000213623048,116.7699966430664,118.9000015258789,11844500,112.24091339111328
2024-10-29,118.58000183105467,119.16999816894533,117.06999969482422,117.27999877929688,14731000,110.7116470336914
2024-10-30,117.66000366210938,118.2699966430664,116.4800033569336,116.69000244140624,12303700,110.1546859741211
2024-10-31,117.1500015258789,118.66999816894533,116.68000030517578,116.77999877929688,20512000,110.23965454101562
2024-11-01,119.93000030517578,119.9499969482422,114.83999633789062,114.9499969482422,20939300,108.51213836669922
2024-11-04,116.06999969482422,118.6999969482422,115.93000030517578,118.61000061035156,14965400,111.96714782714844
2024-11-05,119.08000183105467,119.20999908447266,118.01000213623048,118.95999908447266,10436700,112.2975616455078
2024-11-06,121.1500015258789,121.91000366210938,119.3000030517578,121.0,20807700,114.22329711914062
2024-11-07,121.3000030517578,121.5,119.61000061035156,121.1500015258789,12184400,114.36491394042967
2024-11-08,120.9800033569336,121.41999816894533,119.66000366210938,121.11000061035156,12836000,114.32714080810548
2024-11-11,121.0,121.62000274658205,120.06999969482422,120.47000122070312,11969700,113.72298431396484
2024-11-12,121.12999725341795,121.30999755859376,119.83999633789062,120.3499984741211,11972800,113.60970306396484
2024-11-13,120.56999969482422,122.0500030517578,118.8000030517578,121.47000122070312,15127900,114.66698455810548
2024-11-14,121.66000366210938,121.87999725341795,120.33000183105467,120.55999755859376,13041800,114.74311065673828
2024-11-15,120.4000015258789,121.23999786376952,119.12999725341795,119.30999755859376,19051700,113.55342864990234
2024-11-18,119.79000091552734,120.62000274658205,119.2699966430664,120.30999755859376,14239700,114.50518035888672
2024-11-19,119.75,119.75,118.1999969482422,118.62999725341795,11584400,112.90624237060548
2024-11-20,119.16999816894533,120.47000122070312,118.63999938964844,120.31999969482422,11360900,114.51470184326172
2024-11-21,121.08000183105467,122.5500030517578,120.2699966430664,121.93000030517578,14675400,116.04701232910156
2024-11-22,121.81999969482422,123.20999908447266,121.63999938964844,121.79000091552734,13323400,115.9137725830078
2024-11-25,121.43000030517578,121.87999725341795,119.61000061035156,119.97000122070312,26580300,114.18158721923828
2024-11-26,119.52999877929688,119.68000030517578,117.8499984741211,117.97000122070312,14827300,112.278076171875
2024-11-27,118.08999633789062,118.7300033569336,117.43000030517578,117.66000366210938,11079100,111.98303985595705
2024-11-29,117.44000244140624,118.5,116.9499969482422,117.95999908447266,9426500,112.2685775756836
2024-12-02,118.0500030517578,118.1999969482422,116.81999969482422,117.8499984741211,12687300,112.16387939453124
2024-12-03,118.72000122070312,118.72000122070312,117.26000213623048,117.66999816894533,11756600,111.9925537109375
2024-12-04,117.5,117.5500030517578,113.86000061035156,114.27999877929688,19520600,108.76612854003906
2024-12-05,114.70999908447266,115.62000274658205,114.05999755859376,114.77999877929688,15751200,109.24199676513672
2024-12-06,114.54000091552734,114.7699966430664,113.5,113.56999969482422,16171100,108.09038543701172
2024-12-09,114.63999938964844,114.94000244140624,112.75,112.9000015258789,17412600,107.45269775390624
2024-12-10,113.58999633789062,113.87999725341795,111.75,112.66999816894533,20990900,107.23380279541016
2024-12-11,112.0,112.38999938964844,111.11000061035156,111.91999816894533,32392200,106.51998138427734
2024-12-12,111.58999633789062,112.37999725341795,110.77999877929688,111.81999969482422,14543300,106.42481231689452
2024-12-13,111.9000015258789,111.9000015258789,110.25,110.83999633789062,13106100,105.4920883178711
2024-12-16,110.1999969482422,110.4000015258789,108.16000366210938,108.47000122070312,20256100,103.23644256591795
2024-12-17,107.23999786376952,108.16999816894533,106.79000091552734,108.01000213623048,17554000,102.79865264892578
2024-12-18,107.56999969482422,108.83000183105467,106.30999755859376,106.41999816894533,17114500,101.2853546142578
2024-12-19,107.38999938964844,107.66999816894533,105.20999908447266,105.51000213623048,20565600,100.41927337646484
2024-12-20,105.4499969482422,106.13999938964844,104.83999633789062,105.87000274658205,40141200,100.76189422607422
2024-12-23,105.30999755859376,106.5999984741211,104.91999816894533,106.3000030517578,12285100,101.17115783691406
2024-12-24,106.5199966430664,107.19000244140624,105.6999969482422,106.4000015258789,7807000,101.2663116455078
2024-12-26,106.5199966430664,107.02999877929688,105.94000244140624,106.48999786376952,9652400,101.35197448730467
2024-12-27,106.3000030517578,107.98999786376952,105.7699966430664,106.4800033569336,11943900,101.34247589111328
2024-12-30,106.3000030517578,106.55999755859376,105.51000213623048,105.76000213623048,11080800,100.6572036743164
2024-12-31,106.16999816894533,107.9000015258789,105.77999877929688,107.56999969482422,12387800,102.37986755371094
2025-01-02,108.27999877929688,109.0,106.87999725341795,107.30999755859376,12685400,102.13241577148438
2025-01-03,108.0,108.48999786376952,107.45999908447266,107.86000061035156,14237900,102.6558837890625
2025-01-06,108.23999786376952,109.77999877929688,107.5199966430664,107.73999786376952,15623700,102.54167175292967
2025-01-07,108.94000244140624,110.05999755859376,108.27999877929688,108.75,12625900,103.50294494628906
2025-01-08,107.30999755859376,107.70999908447266,106.01000213623048,106.93000030517578,17858100,101.77075958251952
2025-01-10,108.6999969482422,110.0999984741211,105.77999877929688,106.54000091552734,19304500,101.39957427978516
2025-01-13,107.12999725341795,109.62999725341795,107.12999725341795,109.29000091552734,17073400,104.01688385009766
2025-01-14,108.79000091552734,109.76000213623048,107.83000183105467,109.72000122070312,11191200,104.4261474609375
2025-01-15,110.0500030517578,111.7300033569336,109.47000122070312,111.51000213623048,14521100,106.12977600097656
2025-01-16,111.19000244140624,111.69000244140624,110.5500030517578,111.31999969482422,10366600,105.94893646240234
2025-01-17,111.02999877929688,112.87000274658205,110.81999969482422,112.31999969482422,19298500,106.90068817138672
2025-01-21,112.0500030517578,112.18000030517578,111.12999725341795,111.47000122070312,20416300,106.0916976928711
2025-01-22,111.1999969482422,111.56999969482422,109.4000015258789,109.52999877929688,15718000,104.24530029296876
2025-01-23,110.30999755859376,111.13999938964844,109.61000061035156,110.1500015258789,13726800,104.83539581298828
2025-01-24,110.23999786376952,110.70999908447266,108.41000366210938,108.66000366210938,14235900,103.4172821044922
2025-01-27,109.01000213623048,110.4499969482422,108.38999938964844,110.16999816894533,15926700,104.85442352294922
2025-01-28,110.41000366210938,110.87000274658205,107.79000091552734,108.04000091552734,15862000,102.82720184326172
2025-01-29,107.70999908447266,108.77999877929688,107.47000122070312,108.66999816894533,12345500,103.4268035888672
2025-01-30,109.23999786376952,109.8499984741211,108.6999969482422,109.56999969482422,14346300,104.28337097167967
2025-01-31,110.5500030517578,110.5500030517578,106.0999984741211,106.83000183105467,20376500,101.67559051513672
2025-02-03,106.63999938964844,107.3000030517578,105.31999969482422,107.08999633789062,14623200,101.92303466796876
2025-02-04,106.70999908447266,110.27999877929688,106.52999877929688,109.95999908447266,14835700,104.65455627441406
2025-02-05,109.73999786376952,110.01000213623048,109.0999984741211,109.87999725341795,13364400,104.57842254638672
2025-02-06,110.7699966430664,111.0500030517578,107.98999786376952,108.43000030517578,13411400,103.1983642578125
2025-02-07,108.77999877929688,109.7300033569336,108.31999969482422,108.88999938964844,10051600,103.6361846923828
2025-02-10,110.01000213623048,111.02999877929688,109.87999725341795,110.97000122070312,12142200,105.6158218383789
2025-02-11,111.5999984741211,112.51000213623048,110.81999969482422,111.66999816894533,12713100,106.28205108642578
2025-02-12,110.0500030517578,110.2300033569336,107.18000030517578,107.3499984741211,18244100,103.08436584472656
2025-02-13,107.1500015258789,108.41000366210938,106.5199966430664,108.12999725341795,15460000,103.83338165283205
2025-02-14,108.5199966430664,110.2300033569336,108.0999984741211,108.23999786376952,15733500,103.93900299072266
2025-02-18,108.62999725341795,110.98999786376952,108.31999969482422,110.13999938964844,20060300,105.76351165771484
2025-02-19,110.76000213623048,112.12999725341795,110.05999755859376,110.3000030517578,10964700,105.91715240478516
2025-02-20,110.56999969482422,112.41999816894533,109.9499969482422,112.0,16325800,107.54959869384766
2025-02-21,111.31999969482422,111.8499984741211,110.55999755859376,110.69000244140624,14710000,106.29166412353516
2025-02-24,110.93000030517578,111.86000061035156,110.31999969482422,111.2699966430664,13153500,106.84860229492188
2025-02-25,111.3000030517578,112.12999725341795,108.88999938964844,109.7300033569336,14497000,105.36980438232422
2025-02-26,109.73999786376952,109.87000274658205,108.5199966430664,109.45999908447266,10446400,105.11052703857422
2025-02-27,110.01000213623048,111.29000091552734,109.27999877929688,110.1500015258789,15293200,105.77311706542967
2025-02-28,110.11000061035156,111.58000183105467,109.33999633789062,111.33000183105467,18821700,106.90621948242188
2025-03-03,111.6999969482422,112.16000366210938,106.51000213623048,107.76000213623048,18706900,103.47808837890624
2025-03-04,106.36000061035156,108.95999908447266,105.94000244140624,107.54000091552734,19394900,103.2668228149414
2025-03-05,105.83999633789062,106.33000183105467,103.66999816894533,105.44000244140624,24822200,101.2502670288086
2025-03-06,105.43000030517578,108.11000061035156,104.36000061035156,107.62000274658205,17150200,103.34364318847656
2025-03-07,108.41000366210938,110.4000015258789,108.3000030517578,109.0199966430664,19625000,104.68801879882812
2025-03-10,109.27999877929688,112.56999969482422,109.08000183105467,111.8000030517578,22749100,107.3575439453125
2025-03-11,111.91999816894533,112.0999984741211,108.79000091552734,109.16000366210938,19904700,104.82245635986328
2025-03-12,109.0500030517578,110.12999725341795,108.41999816894533,109.12999725341795,14051500,104.79364013671876
2025-03-13,108.33000183105467,110.81999969482422,107.62999725341795,108.66999816894533,17767800,104.35192108154295
2025-03-14,108.94000244140624,112.18000030517578,108.30999755859376,111.9000015258789,15890100,107.45357513427734
2025-03-17,111.8000030517578,114.5,111.7300033569336,113.76000213623048,19908800,109.23966979980467
2025-03-18,114.08999633789062,114.54000091552734,112.56999969482422,113.63999938964844,15998700,109.12442779541016
2025-03-19,114.1999969482422,115.81999969482422,113.83000183105467,115.41000366210938,17315000,110.82410430908205
2025-03-20,114.72000122070312,116.47000122070312,114.20999908447266,115.9000015258789,16230800,111.2946319580078
2025-03-21,115.5,115.98999786376952,114.3499984741211,115.5,41102800,110.91051483154295
2025-03-24,115.68000030517578,116.91000366210938,115.58000183105467,115.8000030517578,14207500,111.1986083984375
2025-03-25,116.43000030517578,117.63999938964844,115.95999908447266,116.58999633789062,12081800,111.95721435546876
2025-03-26,117.68000030517578,119.18000030517578,117.68000030517578,118.2699966430664,14110800,113.57044982910156
2025-03-27,118.0999984741211,119.06999969482422,117.26000213623048,117.88999938964844,12740800,113.20555114746094
2025-03-28,118.0999984741211,118.45999908447266,117.23999786376952,117.7300033569336,10233400,113.05191802978516
2025-03-31,117.79000091552734,119.91000366210938,117.79000091552734,118.93000030517578,21652300,114.20423126220705
2025-04-01,119.22000122070312,119.27999877929688,117.93000030517578,119.04000091552734,12425400,114.30986785888672
2025-04-02,118.38999938964844,118.83999633789062,117.66000366210938,118.66999816894533,12614600,113.95455932617188
2025-04-03,114.37000274658205,115.4499969482422,112.2300033569336,112.43000030517578,21204600,107.96251678466795
2025-04-04,109.87000274658205,110.83000183105467,103.83000183105467,104.33999633789062,30841300,100.19397735595705
2025-04-07,100.38999938964844,105.8000030517578,98.45999908447266,102.94000244140624,35068500,98.84961700439452
2025-04-08,105.45999908447266,105.5999984741211,99.01000213623048,100.7699966430664,27147800,96.76583099365234
2025-04-09,99.37000274658205,106.58000183105467,98.12999725341795,105.8000030517578,30063300,101.5959701538086
2025-04-10,103.70999908447266,103.77999877929688,97.8000030517578,99.93000030517578,33999300,95.95921325683594
2025-04-11,100.3000030517578,103.93000030517578,98.79000091552734,103.13999938964844,22884600,99.04165649414062
2025-04-14,105.02999877929688,105.08999633789062,102.72000122070312,103.38999938964844,18020000,99.28172302246094
2025-04-15,103.63999938964844,105.41000366210938,103.0,103.0999984741211,13164900,99.00325012207033
2025-04-16,103.9499969482422,105.58999633789062,103.6999969482422,104.19000244140624,13607000,100.04994201660156
2025-04-17,104.69000244140624,108.5500030517578,104.45999908447266,106.91999816894533,17916500,102.67145538330078
2025-04-21,105.61000061035156,105.62999725341795,104.12000274658205,105.3499984741211,16926500,101.1638412475586
2025-04-22,106.13999938964844,108.94000244140624,106.13999938964844,108.3000030517578,13147000,103.99663543701172
2025-04-23,108.80999755859376,109.3000030517578,106.47000122070312,107.37000274658205,14235700,103.10358428955078
2025-04-24,107.97000122070312,108.87999725341795,106.95999908447266,108.62999725341795,9849600,104.31350708007812
2025-04-25,108.13999938964844,108.76000213623048,107.41999816894533,108.56999969482422,11245800,104.2559051513672
2025-04-28,108.75,109.25,107.68000030517578,108.62999725341795,13890900,104.31350708007812
2025-04-29,107.73999786376952,108.83000183105467,107.5199966430664,108.36000061035156,9483100,104.0542449951172
2025-04-30,107.41999816894533,107.41999816894533,104.1500015258789,105.62999725341795,20379300,101.4327163696289
2025-05-01,105.0999984741211,106.91999816894533,104.9800033569336,105.77999877929688,18610300,101.5767593383789
2025-05-02,107.72000122070312,109.0,104.5500030517578,106.20999908447266,16581900,101.98966979980467
2025-05-05,104.6500015258789,104.66000366210938,103.06999969482422,103.2699966430664,19624000,99.16649627685548
2025-05-06,103.88999938964844,105.9800033569336,103.4800033569336,104.70999908447266,16303400,100.5492706298828
2025-05-07,104.98999786376952,105.29000091552734,104.06999969482422,104.61000061035156,12332200,100.4532470703125
2025-05-08,105.33999633789062,107.38999938964844,105.33999633789062,106.06999969482422,19196500,101.85523986816406
2025-05-09,107.13999938964844,107.75,106.37999725341795,107.30999755859376,10992100,103.04595947265624
2025-05-12,110.2699966430664,110.44000244140624,108.31999969482422,109.16000366210938,14244600,104.82245635986328
2025-05-13,109.31999969482422,110.51000213623048,109.0199966430664,109.45999908447266,13350800,105.11052703857422
2025-05-14,108.86000061035156,108.86000061035156,107.93000030517578,108.4800033569336,15494900,104.1694793701172
2025-05-15,106.48999786376952,108.6500015258789,105.97000122070312,108.58000183105467,15004300,105.2258071899414
2025-05-16,108.6500015258789,108.88999938964844,107.4499969482422,108.19000244140624,14042500,104.84784698486328
2025-05-19,107.56999969482422,107.56999969482422,105.72000122070312,106.47000122070312,16802700,103.18098449707033
2025-05-20,106.38999938964844,106.72000122070312,104.77999877929688,104.9499969482422,12429300,101.70793151855467
2025-05-21,104.52999877929688,104.97000122070312,103.63999938964844,103.66000366210938,16716100,100.4577865600586
2025-05-22,103.05999755859376,103.47000122070312,101.88999938964844,102.97000122070312,13417400,99.7891082763672
2025-05-23,102.5999984741211,103.47000122070312,102.06999969482422,103.02999877929688,12061600,99.84725189208984
2025-05-27,103.48999786376952,103.86000061035156,102.9000015258789,103.5199966430664,13043600,100.32210540771484
2025-05-28,104.29000091552734,104.43000030517578,101.79000091552734,102.11000061035156,14292400,98.9556655883789
2025-05-29,102.27999877929688,102.8499984741211,101.75,102.69000244140624,13825300,99.51776123046876
2025-05-30,102.16000366210938,102.38999938964844,101.19000244140624,102.3000030517578,28645800,99.13980102539062
2025-06-02,103.75,103.8499984741211,102.22000122070312,103.0500030517578,17290500,99.86663055419922
2025-06-03,102.9000015258789,104.66000366210938,102.20999908447266,103.8000030517578,19194300,100.59346771240234
2025-06-04,103.91999816894533,104.91999816894533,102.3000030517578,102.3000030517578,15648500,99.13980102539062
2025-06-05,102.9800033569336,103.0500030517578,101.7300033569336,101.83000183105467,13924800,98.68431854248048
2025-06-06,102.76000213623048,104.5,102.68000030517578,104.2699966430664,15487800,101.04893493652344
2025-06-09,104.33000183105467,105.8499984741211,103.83000183105467,104.97000122070312,17087300,101.72732543945312
2025-06-10,106.08000183105467,107.6500015258789,105.93000030517578,107.22000122070312,17634800,103.9078140258789
2025-06-11,107.76000213623048,109.38999938964844,106.45999908447266,109.30999755859376,22648200,105.9332504272461
2025-06-12,108.91999816894533,110.19000244140624,108.22000122070312,109.7300033569336,17469400,106.34027862548828
2025-06-13,112.3499984741211,112.52999877929688,110.68000030517578,112.12000274658205,28540200,108.6564483642578
2025-06-16,111.81999969482422,113.16000366210938,111.12999725341795,112.4800033569336,22986100,109.0053253173828
2025-06-17,113.9499969482422,114.93000030517578,113.11000061035156,114.0,19451700,110.47836303710938
2025-06-18,114.61000061035156,115.23999786376952,112.94000244140624,113.19000244140624,17968900,109.69339752197266
2025-06-20,113.4499969482422,115.04000091552734,113.18000030517578,114.6999969482422,36273300,111.15674591064452
2025-06-23,116.6999969482422,116.9499969482422,111.16000366210938,111.73999786376952,26631100,108.2881851196289
2025-06-24,109.25,110.94000244140624,107.91000366210938,108.33999633789062,24828300,104.99320220947266
2025-06-25,108.11000061035156,109.23999786376952,107.6999969482422,108.37000274658205,17483200,105.02229309082033
2025-06-26,108.94000244140624,110.44000244140624,108.5500030517578,109.98999786376952,18304800,106.5922393798828
2025-06-27,109.94000244140624,110.0999984741211,108.37000274658205,109.37999725341795,22002100,106.00108337402344
2025-06-30,108.63999938964844,108.83999633789062,107.72000122070312,107.8000030517578,19199000,104.46990203857422
2025-07-01,108.12999725341795,109.63999938964844,107.1500015258789,109.23999786376952,15536900,105.86540985107422
2025-07-02,110.0,111.36000061035156,108.83000183105467,111.0500030517578,11892200,107.61949920654295
2025-07-03,110.86000061035156,112.47000122070312,110.62000274658205,112.1999969482422,11223600,108.73397064208984
2025-07-07,111.54000091552734,112.0500030517578,110.22000122070312,111.11000061035156,15415900,107.67764282226562
2025-07-08,110.88999938964844,114.45999908447266,110.8499984741211,114.19000244140624,17913400,110.6624984741211
2025-07-09,113.91999816894533,114.2699966430664,113.2699966430664,113.8000030517578,10652100,110.28456115722656
2025-07-10,113.70999908447266,115.2699966430664,113.06999969482422,114.93000030517578,14901700,111.37964630126952
2025-07-11,114.8499984741211,115.76000213623048,114.51000213623048,115.43000030517578,11683900,111.86419677734376
2025-07-14,115.2300033569336,115.2300033569336,113.22000122070312,113.91999816894533,13220300,110.4008331298828
2025-07-15,113.66000366210938,114.05999755859376,112.5999984741211,112.91000366210938,10959300,109.42205047607422
2025-07-16,112.87999725341795,113.5,112.0999984741211,112.2300033569336,11158900,108.76304626464844
2025-07-17,111.48999786376952,112.2300033569336,111.08999633789062,111.66000366210938,13151400,108.21065521240234
2025-07-18,111.11000061035156,111.7300033569336,107.33999633789062,107.7699966430664,32366600,104.4408187866211
2025-07-21,107.5999984741211,108.7699966430664,107.44000244140624,108.0500030517578,17010400,104.71217346191406
2025-07-22,107.9800033569336,109.44000244140624,107.61000061035156,108.54000091552734,13970900,105.18704223632812
2025-07-23,108.93000030517578,110.0,108.8499984741211,109.93000030517578,12002700,106.53409576416016
2025-07-24,109.66000366210938,110.9499969482422,109.12999725341795,110.79000091552734,15647200,107.36753845214844
2025-07-25,110.7300033569336,110.9800033569336,109.6999969482422,110.4000015258789,10548900,106.98957824707033
2025-07-28,111.0,112.11000061035156,110.83999633789062,111.44000244140624,12353000,107.99745178222656
2025-07-29,111.9000015258789,113.0,111.41000366210938,112.87999725341795,15928000,109.39295959472656
2025-07-30,112.41000366210938,112.61000061035156,111.26000213623048,111.9000015258789,12996900,108.44324493408205
2025-07-31,110.36000061035156,112.5,110.36000061035156,111.63999938964844,17233700,108.19127655029295
2025-08-01,112.0,112.54000091552734,108.86000061035156,109.63999938964844,19652000,106.25305938720705
2025-08-04,109.22000122070312,109.91999816894533,107.08999633789062,107.37000274658205,19129500,104.05318450927734
2025-08-05,107.22000122070312,107.81999969482422,106.06999969482422,107.23999786376952,21314300,103.9272003173828
2025-08-06,108.30999755859376,109.0500030517578,106.37000274658205,106.51000213623048,15321800,103.21974182128906
2025-08-07,107.13999938964844,108.05999755859376,105.88999938964844,105.9499969482422,13468300,102.67703247070312
2025-08-08,106.5,107.51000213623048,105.9499969482422,106.8000030517578,14417700,103.50079345703124
2025-08-11,107.11000061035156,107.52999877929688,105.52999877929688,105.83000183105467,13570700,102.56075286865234
2025-08-12,106.33999633789062,107.27999877929688,105.77999877929688,106.12999725341795,14109400,102.85147857666016
2025-08-13,106.0,107.5999984741211,105.73999786376952,107.5999984741211,17958700,104.27606964111328
2025-08-14,107.5500030517578,107.58999633789062,106.44000244140624,107.37999725341795,13683500,104.0628662109375
2025-08-15,106.19000244140624,107.55999755859376,105.9499969482422,106.48999786376952,19271900,104.16068267822266
2025-08-18,106.0999984741211,107.2300033569336,105.66999816894533,106.72000122070312,13040000,104.38565063476562
2025-08-19,106.1999969482422,107.45999908447266,106.1500015258789,107.41999816894533,16113600,105.07034301757812
2025-08-20,107.87999725341795,109.33000183105467,107.68000030517578,108.52999877929688,18959700,106.15605926513672
2025-08-21,108.41999816894533,109.56999969482422,107.95999908447266,109.2300033569336,12194900,106.84075164794922
2025-08-22,109.5999984741211,111.41000366210938,109.5999984741211,111.27999877929688,13586700,108.84590911865234
2025-08-25,110.9000015258789,111.91999816894533,110.54000091552734,111.73999786376952,9744900,109.29584503173828
2025-08-26,111.37000274658205,111.80999755859376,110.36000061035156,111.48999786376952,18143900,109.05130767822266
2025-08-27,111.41999816894533,112.9800033569336,111.41999816894533,112.75,15262600,110.28375244140624
2025-08-28,112.87000274658205,113.6500015258789,112.06999969482422,113.3499984741211,14189800,110.8706283569336
2025-08-29,113.72000122070312,114.79000091552734,113.58000183105467,114.29000091552734,14597900,111.79006958007812
2025-09-02,114.18000030517578,115.23999786376952,113.33000183105467,114.69000244140624,15206700,112.18132019042967
2025-09-03,113.97000122070312,114.43000030517578,111.45999908447266,111.91000366210938,14920100,109.4621353149414
2025-09-04,112.11000061035156,113.12999725341795,111.37999725341795,112.4000015258789,12864400,109.94142150878906
2025-09-05,111.5999984741211,111.77999877929688,109.0199966430664,109.2300033569336,16826700,106.84075164794922
2025-09-08,109.7300033569336,110.0500030517578,108.3499984741211,109.8499984741211,15440500,107.44718933105467
2025-09-09,110.52999877929688,112.51000213623048,110.52999877929688,110.6500015258789,14899500,108.2296905517578
2025-09-10,111.16000366210938,112.55999755859376,110.83999633789062,112.5,15837600,110.03922271728516
2025-09-11,111.4000015258789,112.7699966430664,110.87000274658205,112.13999938964844,11534500,109.68709564208984
2025-09-12,112.86000061035156,113.22000122070312,111.87999725341795,112.16000366210938,11105700,109.7066650390625
2025-09-15,112.18000030517578,112.45999908447266,111.31999969482422,112.3499984741211,12880500,109.89250183105467
2025-09-16,112.95999908447266,115.31999969482422,112.77999877929688,114.68000030517578,17208000,112.17153930664062
2025-09-17,114.52999877929688,115.48999786376952,114.0500030517578,115.29000091552734,13302000,112.76819610595705
2025-09-18,115.16999816894533,115.3499984741211,113.4000015258789,113.93000030517578,14628700,111.43795013427734
2025-09-19,113.9000015258789,113.9800033569336,112.63999938964844,112.81999969482422,38746500,110.35222625732422
2025-09-22,112.4499969482422,112.8000030517578,111.55999755859376,112.0199966430664,15611500,109.56971740722656
2025-09-23,112.72000122070312,114.75,112.4800033569336,113.9499969482422,25369100,111.4574966430664
2025-09-24,114.56999969482422,115.76000213623048,114.47000122070312,114.55999755859376,14756100,112.05416107177734
2025-09-25,114.63999938964844,115.9000015258789,114.41000366210938,115.58999633789062,15012600,113.0616226196289
2025-09-26,115.95999908447266,118.36000061035156,115.91999816894533,117.22000122070312,18568900,114.65599060058594
2025-09-29,116.05999755859376,116.5,113.66999816894533,114.22000122070312,19189300,111.72160339355467
2025-09-30,113.3499984741211,113.48999786376952,111.94000244140624,112.75,18076200,110.28375244140624
2025-10-01,112.55999755859376,113.0199966430664,111.29000091552734,111.98999786376952,16614000,109.54036712646484
2025-10-02,111.97000122070312,113.08999633789062,111.02999877929688,111.29000091552734,13062600,108.8556900024414
2025-10-03,111.9000015258789,113.75,111.9000015258789,113.26000213623048,12950100,110.78260040283205
2025-10-06,113.29000091552734,114.7699966430664,113.18000030517578,114.1999969482422,12036800,111.70203399658205
2025-10-07,114.06999969482422,114.51000213623048,111.73999786376952,114.26000213623048,11945000,111.76072692871094
2025-10-08,114.37999725341795,115.01000213623048,113.41000366210938,114.0199966430664,12301000,111.5259780883789
2025-10-09,114.43000030517578,115.51000213623048,112.73999786376952,112.91000366210938,10976200,110.44026184082033
2025-10-10,112.26000213623048,112.62000274658205,110.70999908447266,110.7300033569336,13811600,108.30793762207033
2025-10-13,111.54000091552734,112.3000030517578,111.31999969482422,112.23999786376952,10296500,109.78490447998048
2025-10-14,110.76000213623048,112.95999908447266,110.70999908447266,112.29000091552734,11167200,109.83381652832033
2025-10-15,112.8000030517578,113.56999969482422,110.97000122070312,111.61000061035156,12182900,109.16868591308594
2025-10-16,111.87999725341795,112.19000244140624,110.38999938964844,110.63999938964844,11782200,108.21990203857422
2025-10-17,111.62999725341795,112.91000366210938,111.18000030517578,112.23999786376952,13460100,109.78490447998048
2025-10-20,112.0,113.1500015258789,111.9800033569336,112.6999969482422,9523600,110.2348403930664
2025-10-21,112.88999938964844,113.36000061035156,111.98999786376952,112.70999908447266,9202300,110.24462890625
2025-10-22,113.4499969482422,115.18000030517578,113.08000183105467,114.70999908447266,12938800,112.2008819580078
2025-10-23,116.62999725341795,116.8499984741211,115.36000061035156,115.9800033569336,15001100,113.44310760498048
2025-10-24,116.3499984741211,116.47000122070312,115.18000030517578,115.38999938964844,9919400,112.8660125732422
2025-10-27,115.6999969482422,115.98999786376952,115.0999984741211,115.94000244140624,10975400,113.40397644042967
2025-10-28,115.48999786376952,116.18000030517578,114.98999786376952,115.02999877929688,9535200,112.51387786865234
2025-10-29,114.91999816894533,117.0500030517578,114.80999755859376,116.4499969482422,12570600,113.90281677246094
2025-10-30,116.43000030517578,116.5199966430664,114.52999877929688,114.69000244140624,16172900,112.18132019042967
2025-10-31,113.9800033569336,115.2300033569336,112.62000274658205,114.36000061035156,20213400,111.8585433959961
2025-11-03,114.5,114.98999786376952,113.63999938964844,113.76000213623048,12290300,111.27166748046876
2025-11-04,113.37999725341795,114.3499984741211,112.51000213623048,114.13999938964844,16860700,111.64334869384766
2025-11-05,114.08999633789062,115.18000030517578,113.66999816894533,113.68000030517578,12400900,111.19341278076172
2025-11-06,113.63999938964844,114.94000244140624,113.63999938964844,114.5,14219700,111.99547576904295
2025-11-07,115.20999908447266,117.51000213623048,114.9000015258789,117.22000122070312,17181100,114.65599060058594
2025-11-10,117.44000244140624,118.4499969482422,115.45999908447266,118.22000122070312,13048000,115.63410949707033
2025-11-11,118.83000183105467,120.80999755859376,118.83000183105467,119.77999877929688,16077100,117.15998077392578
2025-11-12,119.0999984741211,119.27999877929688,117.79000091552734,118.12000274658205,13790900,115.53629302978516
2025-11-13,118.62999725341795,119.76000213623048,118.27999877929688,118.79000091552734,17291900,116.19163513183594
2025-11-14,118.4499969482422,119.4800033569336,116.66000366210938,119.29000091552734,17064300,117.70126342773438
2025-11-17,118.97000122070312,119.5,117.11000061035156,117.68000030517578,16034900,116.11270141601562
2025-11-18,117.26000213623048,119.4800033569336,116.4800033569336,119.02999877929688,15808500,117.4447250366211
2025-11-19,116.8499984741211,118.18000030517578,115.93000030517578,117.3499984741211,15919200,115.78709411621094
2025-11-20,117.9800033569336,119.01000213623048,116.73999786376952,117.0199966430664,14401000,115.46148681640624
2025-11-21,116.98999786376952,117.37999725341795,115.6500015258789,117.08000183105467,15667600,115.52069091796876
2025-11-24,117.1999969482422,117.1999969482422,114.73999786376952,115.97000122070312,18034900,114.42547607421876
2025-11-25,115.18000030517578,115.9000015258789,114.19000244140624,114.51000213623048,14434600,112.98491668701172
2025-11-26,114.41000366210938,115.73999786376952,114.30999755859376,114.7699966430664,11650600,113.241455078125
2025-11-28,114.9499969482422,118.73999786376952,114.81999969482422,115.91999816894533,7240800,114.37614440917967
2025-12-01,116.0999984741211,117.41000366210938,116.0999984741211,116.62999725341795,12658100,115.0766830444336
2025-12-02,116.44000244140624,116.5999984741211,114.69000244140624,115.37999725341795,14607700,113.84333038330078
2025-12-03,115.9499969482422,117.9800033569336,115.87999725341795,117.8000030517578,16819100,116.2311019897461
2025-12-04,117.5,118.33999633789062,116.66000366210938,117.13999938964844,13686900,115.57989501953124
2025-12-05,116.75,118.77999877929688,116.41000366210938,116.54000091552734,12516900,114.98788452148438
2025-12-08,115.83000183105467,117.0,115.04000091552734,115.9800033569336,14904200,114.4353485107422
2025-12-09,116.9000015258789,120.47000122070312,116.88999938964844,118.25,23790800,116.67510986328124
2025-12-10,118.7300033569336,119.87000274658205,118.37000274658205,119.54000091552734,19845200,117.94792938232422
2025-12-11,119.11000061035156,120.36000061035156,119.06999969482422,119.54000091552734,14781800,117.94792938232422
2025-12-12,119.44000244140624,119.91999816894533,118.30999755859376,118.81999969482422,14459500,117.23751831054688
2025-12-15,119.01000213623048,119.02999877929688,116.8499984741211,117.76000213623048,16358700,116.19164276123048
2025-12-16,116.7699966430664,116.83999633789062,114.61000061035156,114.68000030517578,17638700,113.15265655517578
2025-12-17,115.20999908447266,117.62000274658205,115.16999816894533,117.41000366210938,18502200,115.84630584716795
2025-12-18,116.98999786376952,116.98999786376952,115.62999725341795,116.54000091552734,13705600,114.98788452148438
2025-12-19,116.75,117.56999969482422,115.95999908447266,116.69000244140624,45412800,115.1358871459961
2025-12-22,117.33999633789062,118.45999908447266,117.33999633789062,118.1500015258789,11768600,116.5764389038086
2025-12-23,118.47000122070312,120.02999877929688,118.31999969482422,119.41999816894533,12567600,117.82952117919922
2025-12-24,119.33000183105467,120.0500030517578,119.12000274658205,119.22000122070312,6137400,117.63219451904295
2025-12-26,118.88999938964844,119.5500030517578,118.52999877929688,119.11000061035156,8066100,117.5236587524414
2025-12-29,120.1500015258789,121.3000030517578,119.4000015258789,120.52999877929688,14782500,118.92474365234376
2025-12-30,121.0999984741211,121.8000030517578,120.62999725341795,120.98999786376952,11150500,119.3786163330078
2025-12-31,121.18000030517578,121.26000213623048,119.87000274658205,120.33999633789062,10559900,118.73727416992188
2026-01-02,120.08999633789062,122.68000030517578,119.61000061035156,122.6500015258789,14175100,121.01651000976562
2026-01-05,125.20999908447266,125.93000030517578,122.38999938964844,125.36000061035156,30112200,123.69041442871094
2026-01-06,125.3499984741211,125.8000030517578,121.0,121.0500030517578,23328600,119.43782806396484
2026-01-07,119.8000030517578,120.12000274658205,118.2699966430664,118.48999786376952,20353000,116.9119110107422
2026-01-08,118.9800033569336,123.62999725341795,118.66000366210938,122.91000366210938,20232700,121.2730484008789
2026-01-09,123.2300033569336,124.86000061035156,123.0999984741211,124.61000061035156,16137700,122.95040893554688
2026-01-12,124.45999908447266,124.5,122.55999755859376,124.02999877929688,15314900,122.3781280517578
2026-01-13,125.0,127.13999938964844,124.80999755859376,126.54000091552734,21619700,124.85469818115234
2026-01-14,127.3499984741211,131.72000122070312,127.12999725341795,130.1999969482422,27593900,128.4659423828125
2026-01-15,129.1300048828125,130.1999969482422,128.3000030517578,129.1300048828125,17400000,127.41021728515624
2026-01-16,128.91000366210938,130.16000366210938,128.8699951171875,129.88999938964844,16592400,128.1600799560547
2026-01-20,131.50999450683594,131.94000244140625,130.07000732421875,130.4600067138672,16477300,128.72250366210938
2026-01-21,131.91000366210938,133.72999572753906,131.91000366210938,133.61000061035156,18879900,131.83055114746094
2026-01-22,133.0500030517578,134.17999267578125,131.85000610351562,133.63999938964844,16600100,131.8601531982422
2026-01-23,135.08999633789062,135.97999572753906,134.47999572753906,134.97000122070312,17758200,133.1724395751953
2026-01-26,136.92999267578125,136.94000244140625,134.1699981689453,134.83999633789062,16056100,133.04415893554688
2026-01-27,135.25,136.92999267578125,134.7100067138672,136.8300018310547,14517000,135.0076446533203
2026-01-28,137.69000244140625,138.00999450683594,136.6699981689453,137.5800018310547,15637300,135.74766540527344
2026-01-29,140.32000732421875,142.33999633789062,139.11000061035156,140.50999450683594,35760600,138.63864135742188
2026-01-30,138.74000549316406,142.2100067138672,137.8300018310547,141.39999389648438,29657700,139.51678466796875
2026-02-02,139.8300018310547,140.32000732421875,138.05999755859375,138.39999389648438,27735600,136.55673217773438
2026-02-03,138.63999938964844,145.00999450683594,138.30999755859375,143.72999572753906,37577800,141.8157501220703
2026-02-04,144.1199951171875,147.83999633789062,144.1199951171875,147.58999633789062,29426200,145.6243438720703
2026-02-05,146.5800018310547,146.72999572753906,143.8000030517578,146.0800018310547,18431700,144.1344757080078
2026-02-06,146.6199951171875,149.57000732421875,146.08999633789062,149.0500030517578,17216000,147.06491088867188
2026-02-09,149.25999450683594,151.5500030517578,148.6300048828125,151.2100067138672,21297300,149.19613647460938
2026-02-10,151.35000610351562,151.77999877929688,149.82000732421875,151.58999633789062,15800300,149.57107543945312
2026-02-11,153.97000122070312,156.92999267578125,153.57000732421875,155.55999755859375,23091500,153.4882049560547
2026-02-12,153.88999938964844,155.25,149.8800048828125,149.92999267578125,30652500,148.91920471191406
2026-02-13,150.5500030517578,151.66000366210938,147.97999572753906,148.4499969482422,20166000,147.44918823242188
2026-02-17,148.1999969482422,149.1300048828125,145.14999389648438,146.19000244140625,19766600,145.20443725585938
2026-02-18,148.14999389648438,150.97999572753906,147.61000061035156,150.67999267578125,19849700,149.66415405273438
2026-02-19,152.1999969482422,153.3800048828125,150.83999633789062,150.97000122070312,20305000,149.95220947265625
2026-02-20,150.49000549316406,150.80999755859375,146.4600067138672,147.27999877929688,25908600,146.28707885742188
2026-02-23,148.14999389648438,151.27000427246094,148.1300048828125,150.75999450683594,16073100,149.74362182617188
2026-02-24,150.4199981689453,150.72000122070312,148.02999877929688,149.25999450683594,14185500,148.25372314453125
2026-02-25,149.91000366210938,150.17999267578125,147.3300018310547,149.05999755859375,15225700,148.05508422851562
2026-02-26,147.80999755859375,150.9600067138672,146.77000427246094,148.5399932861328,15632100,147.53857421875
2026-02-27,151.0,153.64999389648438,149.25,152.5,30275100,151.47189331054688
2026-03-02,159.35000610351562,159.61000061035156,153.02999877929688,154.22000122070312,31493100,153.1802978515625
2026-03-03,155.42999267578125,156.0500030517578,150.3000030517578,151.8300018310547,25198900,150.80641174316406
2026-03-04,150.72000122070312,151.16000366210938,147.86000061035156,149.82000732421875,16764800,148.80996704101562
2026-03-05,151.0,152.3300018310547,149.47000122070312,150.75999450683594,22969300,149.74362182617188
2026-03-06,153.14999389648438,153.8000030517578,149.9600067138672,151.2100067138672,21136400,150.1905975341797
2026-03-09,152.02000427246094,153.88999938964844,149.47000122070312,150.44000244140625,25532700,149.42578125
2026-03-10,149.25,150.39999389648438,147.6999969482422,148.1300048828125,19617600,147.13136291503906
2026-03-11,147.99000549316406,151.80999755859375,147.66000366210938,151.5800018310547,15297400,150.55809020996094
2026-03-12,152.27000427246094,155.0,151.6300048828125,153.52999877929688,26054000,152.4949493408203
2026-03-13,154.3000030517578,156.88999938964844,152.97999572753906,156.1199951171875,22414100,155.06747436523438
2026-03-16,156.0,157.77999877929688,154.75999450683594,157.22999572753906,22835600,156.1699981689453
2026-03-17,158.25,160.4499969482422,156.8000030517578,158.80999755859375,21592200,157.73934936523438
2026-03-18,159.66000366210938,160.17999267578125,157.52999877929688,157.58999633789062,18947100,156.52757263183594
2026-03-19,158.25999450683594,159.55999755859375,154.83999633789062,158.16000366210938,27082700,157.09373474121094
2026-03-20,159.35000610351562,162.44000244140625,159.10000610351562,159.6699981689453,53942100,158.5935516357422
2026-03-23,156.1199951171875,161.4199981689453,155.02000427246094,161.1300048828125,25021300,160.04371643066406
2026-03-24,161.7100067138672,167.47999572753906,161.25,165.3800048828125,26131800,164.2650604248047
2026-03-25,163.8699951171875,165.0,162.92999267578125,163.25999450683594,17192300,162.1593475341797
2026-03-26,164.08999633789062,165.67999267578125,162.05999755859375,165.42999267578125,18625200,164.31471252441406
2026-03-27,165.5800018310547,171.22999572753906,164.8000030517578,170.99000549316406,30338300,169.8372344970703
2026-03-30,172.50999450683594,176.41000366210938,171.0500030517578,171.47000122070312,29813500,170.31399536132812
2026-03-31,172.6699981689453,174.3800048828125,165.97000122070312,169.66000366210938,32006700,168.51620483398438
2026-04-01,165.77000427246094,168.0,159.52999877929688,160.77999877929688,37927600,159.69607543945312
2026-04-02,164.49000549316406,166.89999389648438,159.58999633789062,160.69000244140625,25377700,159.60667419433594
2026-04-06,160.57000732421875,163.75,159.52999877929688,163.3699951171875,16344300,162.2686004638672
2026-04-07,164.22000122070312,166.24000549316406,161.77000427246094,163.91000366210938,25227500,162.8049774169922
2026-04-08,153.52000427246094,156.35000610351562,150.97999572753906,156.22000122070312,31311200,155.16680908203125
2026-04-09,156.86000061035156,159.22999572753906,154.30999755859375,155.0399932861328,25868400,153.99476623535156
2026-04-10,154.0399932861328,155.1199951171875,151.9199981689453,152.50999450683594,21065000,151.4818115234375
2026-04-13,154.27000427246094,154.6199951171875,151.27999877929688,152.63999938964844,18685600,151.61094665527344
2026-04-14,150.07000732421875,150.11000061035156,146.72000122070312,149.24000549316406,18528200,148.23387145996094
2026-04-15,148.60000610351562,150.22999572753906,146.89999389648438,149.00999450683594,15626500,148.0054168701172
2026-04-16,149.52999877929688,152.77999877929688,149.35000610351562,151.97999572753906,15191000,150.9553985595703
2026-04-17,144.86000061035156,146.8000030517578,141.97000122070312,146.44000244140625,28947400,145.45274353027344
2026-04-20,147.3800048828125,149.3699951171875,146.35000610351562,147.67999267578125,16354400,146.6843719482422
2026-04-21,147.3699951171875,148.80999755859375,146.24000549316406,148.36000061035156,17515900,147.35980224609375
2026-04-22,149.3699951171875,150.67999267578125,148.17999267578125,149.5,13738700,148.4921112060547
2026-04-23,149.85000610351562,151.22999572753906,148.5,150.52999877929688,12970400,149.51516723632812
2026-04-24,149.63999938964844,150.3000030517578,146.9499969482422,148.91000366210938,13735900,147.90609741210938
2026-04-27,149.16000366210938,151.17999267578125,147.97000122070312,148.19000244140625,13940800,147.19094848632812
2026-04-28,151.52999877929688,152.30999755859375,149.8300018310547,150.55999755859375,15173600,149.5449676513672
2026-04-29,152.02000427246094,154.9499969482422,151.00999450683594,154.6699981689453,14669100,153.62725830078125
2026-04-30,152.42999267578125,155.69000244140625,151.33999633789062,154.3300018310547,22885900,153.28955078125
2026-05-01,152.61000061035156,155.00999450683594,151.1300048828125,152.75,15458200,151.72019958496094
2026-05-04,152.6699981689453,154.47000122070312,149.52000427246094,153.69000244140625,14238500,152.65386962890625
2026-05-05,153.10000610351562,155.2899932861328,152.41000366210938,154.8800048828125,12494600,153.83584594726562
2026-05-06,149.07000732421875,150.3300018310547,147.08999633789062,148.69000244140625,20527000,147.6875762939453
2026-05-07,146.8000030517578,147.0800018310547,144.19000244140625,146.5800018310547,22509400,145.591796875
2026-05-08,145.85000610351562,146.5,143.9199981689453,144.57000732421875,19550100,143.59535217285156
2026-05-11,146.02000427246094,149.72000122070312,146.0,149.67999267578125,14849500,148.6708984375
2026-05-12,151.25,151.80999755859375,149.77000427246094,150.6300048828125,16443100,149.614501953125
2026-05-13,150.05999755859375,151.7899932861328,149.67999267578125,151.57000732421875,15772800,150.5481719970703
2026-05-14,151.89999389648438,153.1199951171875,151.25999450683594,152.77999877929688,11331500,151.75
2026-05-15,153.75,158.0,153.0,157.9199981689453,27882400,157.9199981689453
2026-05-18,157.32000732421875,161.72999572753906,155.22999572753906,160.49000549316406,20065200,160.49000549316406
2026-05-19,161.5,163.32000732421875,159.63999938964844,162.5500030517578,20715600,162.5500030517578
2026-05-20,161.61000061035156,163.67999267578125,156.27000427246094,156.27999877929688,18509700,156.27999877929688
2026-05-21,158.4199981689453,159.38999938964844,153.4600067138672,155.2899932861328,17061700,155.2899932861328
2026-05-22,154.02999877929688,155.5500030517578,153.1699981689453,154.9199981689453,12948500,154.9199981689453
2026-05-26,153.5,154.5500030517578,149.47000122070312,149.80999755859375,13057800,149.80999755859375
2026-05-27,147.22999572753906,148.69000244140625,145.75,147.89999389648438,16241100,147.89999389648438
2026-05-28,149.33999633789062,150.2100067138672,146.8699951171875,146.9600067138672,14012500,146.9600067138672
2026-05-29,146.19000244140625,146.92999267578125,144.7100067138672,145.25999450683594,27959900,145.25999450683594
2026-06-01,147.02000427246094,149.64999389648438,147.0,149.3800048828125,16732100,149.3800048828125
2026-06-02,149.02999877929688,150.8300018310547,148.5,149.55999755859375,10462400,148.59780883789062
2026-06-03,150.61000061035156,154.91000366210938,150.02000427246094,152.52999877929688,14373000,151.5487060546875
2026-06-04,152.0500030517578,153.42999267578125,150.94000244140625,152.0399932861328,11799400,151.0618438720703
2026-06-05,152.00999450683594,152.1300048828125,149.3000030517578,149.9199981689453,16584000,148.9554901123047
2026-06-08,151.16000366210938,153.80999755859375,150.89999389648438,151.75,13870900,150.77371215820312
2026-06-09,150.91000366210938,151.1300048828125,147.77999877929688,148.91000366210938,18163500,147.95199584960938
2026-06-10,151.22999572753906,152.49000549316406,149.55999755859375,150.6199951171875,14596500,149.65098571777344
2026-06-11,152.3000030517578,152.49000549316406,146.4199981689453,146.60000610351562,17285800,145.6568603515625
2026-06-12,145.6300048828125,148.91000366210938,145.14999389648438,147.00999450683594,17713100,146.064208984375
2026-06-15,139.74000549316406,141.97999572753906,137.72000122070312,140.9199981689453,23631400,140.01339721679688
2026-06-16,140.19000244140625,142.14999389648438,139.97999572753906,141.86000061035156,18925400,140.9473419189453
2026-06-17,141.22000122070312,142.33999633789062,140.32000732421875,140.74000549316406,16663200,139.8345489501953
2026-06-18,138.32000732421875,138.4600067138672,135.85000610351562,137.80999755859375,48063400,136.92340087890625
2026-06-22,138.5399932861328,139.0,137.02000427246094,138.47000122070312,15783300,137.57916259765625
2026-06-23,139.4600067138672,140.38999938964844,138.5,139.72999572753906,13699400,138.83103942871094
2026-06-24,137.1199951171875,137.63999938964844,135.58999633789062,136.89999389648438,16212900,136.01925659179688
2026-06-25,135.63999938964844,138.07000732421875,134.9499969482422,137.5500030517578,13288800,136.66506958007812
2026-06-26,136.97000122070312,137.5800018310547,135.9199981689453,136.5399932861328,22684200,135.66156005859375
2026-06-29,136.5800018310547,137.38999938964844,135.38999938964844,136.05999755859375,11972700,135.18466186523438
2026-06-30,136.47999572753906,137.3000030517578,135.3300018310547,136.72000122070312,28784000,135.8404083251953
2026-07-01,136.52999877929688,137.49000549316406,135.6300048828125,136.27999877929688,12433400,135.4032440185547
2026-07-02,137.14999389648438,139.13999938964844,136.3300018310547,137.08999633789062,13703300,136.20802307128906
2026-07-06,136.5500030517578,137.3699951171875,136.00999450683594,136.44000244140625,13915100,135.5622100830078
2026-07-07,138.55999755859375,141.74000549316406,138.1300048828125,141.69000244140625,14667800,140.7784423828125
2026-07-08,143.44000244140625,143.99000549316406,139.80999755859375,141.1300048828125,18291400,140.2220458984375
2026-07-09,139.66000366210938,140.0500030517578,137.1199951171875,137.4600067138672,14110200,136.57565307617188
2026-07-10,137.89999389648438,138.97000122070312,137.13999938964844,138.8800048828125,9753500,137.9865264892578
2026-07-13,140.9199981689453,145.22999572753906,140.49000549316406,144.50999450683594,18724300,143.58029174804688
2026-07-14,145.50999450683594,146.0,143.88999938964844,145.08999633789062,16096400,144.15655517578125
2026-07-15,145.08999633789062,145.08999633789062,142.02999877929688,144.50999450683594,13444500,143.58029174804688
2026-07-16,145.27999877929688,146.8699951171875,144.5500030517578,145.9499969482422,13518000,145.0110321044922
2026-07-17,149.02999877929688,150.0,147.1699981689453,147.36000061035156,19031400,146.41195678710938
2026-07-20,146.5,149.08999633789062,146.22999572753906,148.36000061035156,12149200,147.40553283691406
2026-07-21,149.00999450683594,151.75999450683594,148.47999572753906,151.7100067138672,13145300,150.73397827148438
2026-07-22,153.86000061035156,154.8000030517578,152.9499969482422,154.4499969482422,13788700,153.4563446044922
2026-07-23,156.60000610351562,158.57000732421875,156.05999755859375,156.88999938964844,15822800,155.88064575195312
2026-07-24,156.99000549316406,158.7100067138672,155.67999267578125,156.94000244140625,12091600,155.93032836914062
2026-07-27,153.07000732421875,155.4199981689453,152.5,154.77000427246094,13955800,153.7742919921875
2026-07-28,154.1699981689453,156.17999267578125,151.8800048828125,153.0399932861328,16299900,152.055419921875
2026-07-29,157.72000122070312,159.07000732421875,155.86000061035156,156.75,14571300,155.74154663085938
2026-07-30,155.08999633789062,157.77999877929688,154.52999877929688,156.97000122070312,12578100,155.96014404296875
2026-07-31,153.74000549316406,156.16000366210938,152.13999938964844,155.44000244140625,15714200,154.4399871826172
2026-08-03,153.4600067138672,155.91000366210938,152.64999389648438,155.05999755859375,14532800,154.0624237060547
2026-08-04,151.6199951171875,154.83999633789062,149.08999633789062,153.9600067138672,14347900,152.96951293945312
2026-08-05,155.0399932861328,155.0399932861328,151.14999389648438,151.6300048828125,12227500,150.6544952392578
2026-08-06,154.22000122070312,154.8699951171875,151.83999633789062,154.83999633789062,11879100,153.84384155273438
2026-08-07,152.63999938964844,153.6699981689453,151.52999877929688,153.0399932861328,18455200,152.055419921875
2026-08-10,154.5,160.3699951171875,154.4499969482422,159.7899932861328,19761600,158.76199340820312
2026-08-11,159.66000366210938,161.6699981689453,159.27000427246094,159.8000030517578,13744500,158.7719268798828
2026-08-12,158.5500030517578,160.22999572753906,157.55999755859375,159.75,13219500,158.7222442626953
2026-08-13,158.02999877929688,159.75999450683594,157.42999267578125,158.61000061035156,10542800,157.58958435058594
2026-08-14,159.7100067138672,161.25999450683594,159.25,160.10000610351562,10231300,159.07000732421875
2026-08-17,160.10000610351562,162.50999450683594,159.08999633789062,161.4600067138672,12858100,161.4600067138672
2026-08-18,164.35000610351562,165.6699981689453,163.25,165.55999755859375,18952700,165.55999755859375
2026-08-19,166.07000732421875,168.2100067138672,164.66000366210938,164.77000427246094,13648900,164.77000427246094
2026-08-20,167.02000427246094,168.63999938964844,166.07000732421875,166.14999389648438,13803000,166.14999389648438
2026-08-21,166.5399932861328,168.0,164.61000061035156,165.11000061035156,14314300,165.11000061035156
2026-08-24,163.8699951171875,165.22000122070312,162.25,164.0500030517578,10842500,164.0500030517578
2026-08-25,161.4499969482422,162.80999755859375,160.4600067138672,160.63999938964844,17525300,160.63999938964844
2026-08-26,158.0,161.1300048828125,157.75999450683594,158.19000244140625,14838400,158.19000244140625
2026-08-27,157.6300048828125,158.19000244140625,156.13999938964844,156.44000244140625,14288500,156.44000244140625
2026-08-28,156.60000610351562,157.4199981689453,155.32000732421875,156.7100067138672,11352600,156.7100067138672
2026-08-31,159.94000244140625,161.58999633789062,158.74000549316406,160.9499969482422,18363400,160.9499969482422
2026-09-01,163.60000610351562,164.6999969482422,162.22000122070312,164.5500030517578,11381800,164.5500030517578
2026-09-02,163.92999267578125,165.02000427246094,162.75999450683594,164.14999389648438,11287000,164.14999389648438
2026-09-03,164.42999267578125,165.63999938964844,162.74000549316406,162.83999633789062,8186617,162.83999633789062
