portfolio_id,portfolio_name,ticker,model_name,signal_source,strategy_name,label_mode,label_version,decision_id,signal_id,transaction_id,action,decision_timestamp_utc,market_date,execution_date,execution_price,previous_close,open,high,low,close,volume,quantity,shares_before,shares_after,cash_before,cash_after,position_value_before,position_value_after,portfolio_value_before,portfolio_value_after,weight_target,weight_actual_before,weight_actual,score,confidence,probability_up,threshold_used,rsi,macd,macd_signal,macd_hist,bb_upper,bb_lower,bb_middle,sma20,sma50,return_1d_after,return_5d_after,return_20d_after,trade_pnl_abs,trade_pnl_pct,holding_period_days,hit,reason,triggered_rules,data_version,strategy_version,generated_at_utc,cumulative_pnl,drawdown_after_trade,max_drawdown_to_date
ml_lightgbm,ML – LightGBM,PG,lightgbm,lightgbm,lightgbm,binary,binary-2026-05,D-ml_lightgbm-0597fdb4a09c,S-PG-lightgbm-20230613-cb1b7e,T-ml_lightgbm-d008d8f84fe6,BUY,2026-05-17T18:43:33Z,2023-06-13,2023-06-13,144.51,145.41,144.51,145.68,144.28,145.06,5321200,138.0,0.0,138.0,100000.0,80057.62,0.0,19942.38,100000.0,100075.9,0.2,0.0,0.1993,65.28,0.3057,0.6528,0.55,34.77,,,,154.7826,139.7384,147.2605,147.2605,,0.009375,0.030194,0.026816,,,,,prob_above_buy_threshold,prob_above_buy_threshold,2026-05-15,1.0,2026-05-17T18:43:33Z,0.0,0.0,0.0
ml_lightgbm,ML – LightGBM,NEE,lightgbm,lightgbm,lightgbm,binary,binary-2026-05,D-ml_lightgbm-b34622533903,S-NEE-lightgbm-20230614-6ede47,T-ml_lightgbm-9afb6ac35284,BUY,2026-05-17T18:43:33Z,2023-06-14,2023-06-14,74.9,74.35,74.9,74.95,73.29,73.4,8893600,267.0,0.0,267.0,80057.62,60059.32,0.0,19998.3,100263.58,99863.08,0.2,0.0,0.2003,58.63,0.1727,0.5863,0.55,41.58,,,,75.344,72.657,74.0005,74.0005,,0.013079,0.023569,-0.002725,,,,,prob_above_buy_threshold,prob_above_buy_threshold,2026-05-15,1.0,2026-05-17T18:43:33Z,0.0,0.0,0.0
ml_lightgbm,ML – LightGBM,PG,lightgbm,lightgbm,lightgbm,binary,binary-2026-05,D-ml_lightgbm-d50e448aed54,S-PG-lightgbm-20230616-9b9993,T-ml_lightgbm-4f7e1d456788,SELL,2026-05-17T18:43:33Z,2023-06-16,2023-06-16,148.92,148.45,148.92,150.09,148.9,149.54,11244900,138.0,138.0,0.0,60059.32,80610.28,20550.96,0.0,100878.37,100792.81,0.2,0.2037,0.0,44.77,0.1046,0.4477,0.55,54.42,,,,151.0354,141.5916,146.3135,146.3135,,-0.009228,-0.006219,-0.001805,608.58,0.030517,3,True,prob_below_sell_threshold,prob_below_sell_threshold,2026-05-15,1.0,2026-05-17T18:43:33Z,608.58,0.0,0.0
ml_lightgbm,ML – LightGBM,NEE,lightgbm,lightgbm,lightgbm,binary,binary-2026-05,D-ml_lightgbm-95327db466b4,S-NEE-lightgbm-20230616-eee601,T-ml_lightgbm-42e36f295b46,SELL,2026-05-17T18:43:33Z,2023-06-16,2023-06-16,74.75,74.36,74.75,76.42,74.72,75.59,23053600,267.0,267.0,0.0,80610.28,100568.53,19958.25,0.0,100878.37,100568.53,0.2,0.1978,0.0,41.05,0.179,0.4105,0.55,58.23,,,,75.2925,72.6595,73.976,73.976,,-0.01098,-0.017198,-0.046832,-40.05,-0.002003,2,False,prob_below_sell_threshold,prob_below_sell_threshold,2026-05-15,1.0,2026-05-17T18:43:33Z,568.53,-0.065809,-0.065809
ml_lightgbm,ML – LightGBM,DUK,lightgbm,lightgbm,lightgbm,binary,binary-2026-05,D-ml_lightgbm-da6342b95a58,S-DUK-lightgbm-20230623-6e9ded,T-ml_lightgbm-16bb0e869fd9,BUY,2026-05-17T18:43:33Z,2023-06-23,2023-06-23,91.2,90.9,91.2,91.55,89.54,89.72,3800200,220.0,0.0,220.0,100568.53,80504.53,0.0,20064.0,100568.53,100242.93,0.2,0.0,0.2002,59.26,0.1852,0.5926,0.55,40.91,-0.3028,,,92.9273,87.8507,90.389,90.389,,0.012483,0.000223,0.056286,,,,,prob_above_buy_threshold,prob_above_buy_threshold,2026-05-15,1.0,2026-05-17T18:43:33Z,568.53,-0.065809,-0.065809
ml_lightgbm,ML – LightGBM,NEE,lightgbm,lightgbm,lightgbm,binary,binary-2026-05,D-ml_lightgbm-81060f17964a,S-NEE-lightgbm-20230628-fceb92,T-ml_lightgbm-27982f466cf4,BUY,2026-05-17T18:43:33Z,2023-06-28,2023-06-28,73.95,73.91,73.95,74.21,73.22,73.44,8735100,270.0,0.0,270.0,80504.53,60538.03,0.0,19966.5,100106.53,99968.83,0.2,0.0,0.1997,57.14,0.1428,0.5714,0.55,43.18,-0.1334,,,75.6442,72.7098,74.177,74.177,,-0.008578,-0.005719,-0.002315,,,,,prob_above_buy_threshold,prob_above_buy_threshold,2026-05-15,1.0,2026-05-17T18:43:33Z,568.53,-0.065809,-0.065809
ml_lightgbm,ML – LightGBM,JNJ,lightgbm,lightgbm,lightgbm,binary,binary-2026-05,D-ml_lightgbm-4e0538ae3c6e,S-JNJ-lightgbm-20230707-e942ab,T-ml_lightgbm-d59b558fc358,BUY,2026-05-17T18:43:33Z,2023-07-07,2023-07-07,160.47,161.6,160.47,161.04,159.2,159.25,7022200,124.0,0.0,124.0,60538.03,40639.75,0.0,19898.28,99740.93,99589.65,0.2,0.0,0.1998,60.28,0.2055,0.6028,0.55,40.39,0.7355,1.3486,-0.6131,166.6442,158.9608,162.8025,162.8025,,0.001633,0.003893,0.061476,,,,,prob_above_buy_threshold,prob_above_buy_threshold,2026-05-15,1.0,2026-05-17T18:43:33Z,568.53,-0.065809,-0.065809
ml_lightgbm,ML – LightGBM,PG,lightgbm,lightgbm,lightgbm,binary,binary-2026-05,D-ml_lightgbm-d6b7d4af96d0,S-PG-lightgbm-20230711-cfdb94,T-ml_lightgbm-bc7b4fc717a9,BUY,2026-05-17T18:43:33Z,2023-07-11,2023-07-11,148.73,148.86,148.73,149.05,146.96,148.08,5150300,134.0,0.0,134.0,40639.75,20709.93,0.0,19929.82,99794.77,99707.67,0.2,0.0,0.1999,55.64,0.1129,0.5564,0.55,44.6,0.231,0.2791,-0.0481,153.1473,145.1627,149.155,149.155,,0.0052,0.008036,0.060845,,,,,prob_above_buy_threshold,prob_above_buy_threshold,2026-05-15,1.0,2026-05-17T18:43:33Z,568.53,-0.065809,-0.065809
ml_lightgbm,ML – LightGBM,DUK,lightgbm,lightgbm,lightgbm,binary,binary-2026-05,D-ml_lightgbm-06772d416bd3,S-DUK-lightgbm-20230712-4ae88b,T-ml_lightgbm-33619d634180,SELL,2026-05-17T18:43:33Z,2023-07-12,2023-07-12,91.1,90.88,91.1,92.53,90.96,92.36,2566300,220.0,220.0,0.0,20709.93,40751.93,20042.0,0.0,100413.85,100136.65,0.2,0.1996,0.0,42.23,0.1553,0.4223,0.55,57.12,-0.1277,-0.305,0.1773,92.5757,88.7143,90.645,90.645,,0.010286,-0.007687,0.004981,-22.0,-0.001096,19,False,prob_below_sell_threshold,prob_below_sell_threshold,2026-05-15,1.0,2026-05-17T18:43:33Z,546.53,-0.101959,-0.101959
ml_lightgbm,ML – LightGBM,JNJ,lightgbm,lightgbm,lightgbm,binary,binary-2026-05,D-ml_lightgbm-a7f9adfc238d,S-JNJ-lightgbm-20230720-365fe4,T-ml_lightgbm-6d4ca367f836,SELL,2026-05-17T18:43:33Z,2023-07-20,2023-07-20,161.94,158.74,161.94,169.14,161.3,168.38,21892900,124.0,124.0,0.0,40751.93,60832.49,20080.56,0.0,101813.09,101014.53,0.2,0.1972,0.0,29.85,0.4029,0.2985,0.55,69.85,0.1459,-0.025,0.1709,167.7771,155.9989,161.888,161.888,,0.010749,0.031536,0.033436,182.28,0.009161,13,True,prob_below_sell_threshold,prob_below_sell_threshold,2026-05-15,1.0,2026-05-17T18:43:33Z,728.81,0.0,-0.101959
ml_lightgbm,ML – LightGBM,PG,lightgbm,lightgbm,lightgbm,binary,binary-2026-05,D-ml_lightgbm-6a1014950494,S-PG-lightgbm-20230721-ee5285,T-ml_lightgbm-6bdd1ed33f6c,SELL,2026-05-17T18:43:33Z,2023-07-21,2023-07-21,151.15,150.56,151.15,153.67,150.7,152.93,9938400,134.0,134.0,0.0,60832.49,81086.59,20254.1,0.0,101818.11,101579.59,0.2,0.1989,0.0,36.78,0.2645,0.3678,0.55,62.82,0.4371,0.2138,0.2234,152.9372,147.1188,150.028,150.028,,0.003204,0.022756,-0.00255,324.28,0.016271,10,True,prob_below_sell_threshold,prob_below_sell_threshold,2026-05-15,1.0,2026-05-17T18:43:33Z,1053.09,0.0,-0.101959
ml_lightgbm,ML – LightGBM,NEE,lightgbm,lightgbm,lightgbm,binary,binary-2026-05,D-ml_lightgbm-ab04a6e3224d,S-NEE-lightgbm-20230721-be7606,T-ml_lightgbm-e735773aae92,SELL,2026-05-17T18:43:33Z,2023-07-21,2023-07-21,74.42,74.1,74.42,76.27,74.3,75.9,11878400,270.0,270.0,0.0,81086.59,101179.99,20093.4,0.0,101818.11,101179.99,0.2,0.1973,0.0,38.03,0.2394,0.3803,0.55,60.94,-0.1297,-0.3514,0.2216,75.5705,71.2605,73.4155,73.4155,,-0.00527,-0.040184,-0.106324,126.9,0.006356,23,True,prob_below_sell_threshold,prob_below_sell_threshold,2026-05-15,1.0,2026-05-17T18:43:33Z,1179.99,0.0,-0.101959
ml_lightgbm,ML – LightGBM,NEE,lightgbm,lightgbm,lightgbm,binary,binary-2026-05,D-ml_lightgbm-82fcb495482c,S-NEE-lightgbm-20230728-04d82d,T-ml_lightgbm-930d0176642b,BUY,2026-05-17T18:43:33Z,2023-07-28,2023-07-28,73.75,73.27,73.75,74.38,72.48,72.85,6230700,274.0,0.0,274.0,101179.99,80972.49,0.0,20207.5,101179.99,100933.39,0.2,0.0,0.2002,55.41,0.1082,0.5541,0.55,44.93,-0.0021,-0.0577,0.0557,76.0289,71.0831,73.556,73.556,73.9074,0.006177,-0.050515,-0.067124,,,,,prob_above_buy_threshold,prob_above_buy_threshold,2026-05-15,1.0,2026-05-17T18:43:33Z,1179.99,0.0,-0.101959
ml_lightgbm,ML – LightGBM,DUK,lightgbm,lightgbm,lightgbm,binary,binary-2026-05,D-ml_lightgbm-8f228672e4c2,S-DUK-lightgbm-20230803-d1dfa1,T-ml_lightgbm-670e5ea954ca,BUY,2026-05-17T18:43:33Z,2023-08-03,2023-08-03,92.29,92.53,92.29,92.48,90.2,90.37,2880500,217.0,0.0,217.0,80972.49,60945.56,0.0,20026.93,100179.89,99763.25,0.2,0.0,0.2007,59.33,0.1866,0.5933,0.55,41.48,0.3309,0.634,-0.3031,96.2102,89.0838,92.647,92.647,91.272,-0.01007,0.028107,-0.017373,,,,,prob_above_buy_threshold,prob_above_buy_threshold,2026-05-15,1.0,2026-05-17T18:43:33Z,1179.99,0.0,-0.101959
ml_lightgbm,ML – LightGBM,DUK,lightgbm,lightgbm,lightgbm,binary,binary-2026-05,D-ml_lightgbm-be58ca1890bf,S-DUK-lightgbm-20230811-8ed9ec,T-ml_lightgbm-29414f2f6e13,SELL,2026-05-17T18:43:33Z,2023-08-11,2023-08-11,93.0,92.91,93.0,93.99,92.94,93.82,2428700,217.0,217.0,0.0,60945.56,81126.56,20181.0,0.0,100188.58,100010.64,0.2,0.2014,0.0,42.93,0.1414,0.4293,0.55,56.69,0.1548,0.1707,-0.0159,96.2309,89.2881,92.7595,92.7595,91.572,-0.010978,-0.027926,-0.021744,154.07,0.007693,8,True,prob_below_sell_threshold,prob_below_sell_threshold,2026-05-15,1.0,2026-05-17T18:43:33Z,1334.06,0.0,-0.101959
ml_lightgbm,ML – LightGBM,PG,lightgbm,lightgbm,lightgbm,binary,binary-2026-05,D-ml_lightgbm-dc9c9a325ae6,S-PG-lightgbm-20230817-b9b96e,T-ml_lightgbm-c3a85a02649c,BUY,2026-05-17T18:43:33Z,2023-08-17,2023-08-17,153.21,153.21,153.21,153.56,151.79,152.11,6419500,130.0,0.0,130.0,81126.56,61209.26,0.0,19917.3,99624.3,99481.3,0.2,0.0,0.2002,57.83,0.1566,0.5783,0.55,42.85,0.7966,1.3878,-0.5912,158.6023,151.7917,155.197,155.197,151.436,0.002827,0.002827,0.008941,,,,,prob_above_buy_threshold,prob_above_buy_threshold,2026-05-15,1.0,2026-05-17T18:43:33Z,1334.06,0.0,-0.101959
ml_lightgbm,ML – LightGBM,WMT,lightgbm,lightgbm,lightgbm,binary,binary-2026-05,D-ml_lightgbm-3c49cdabd994,S-WMT-lightgbm-20230817-1f5ee1,T-ml_lightgbm-046549d962e6,BUY,2026-05-17T18:43:33Z,2023-08-17,2023-08-17,53.6333,53.0867,53.6333,53.7133,51.6733,51.8967,53614200,371.0,0.0,371.0,61209.26,41311.29,0.0,19897.97,99624.3,98837.0,0.2,0.0,0.2013,61.52,0.2305,0.6152,0.55,39.15,0.2235,0.3879,-0.1644,53.914,52.3887,53.1513,53.1513,52.2788,0.014388,0.007708,0.057486,,,,,prob_above_buy_threshold,prob_above_buy_threshold,2026-05-15,1.0,2026-05-17T18:43:33Z,1334.06,0.0,-0.101959
ml_lightgbm,ML – LightGBM,DUK,lightgbm,lightgbm,lightgbm,binary,binary-2026-05,D-ml_lightgbm-d5d86b778f89,S-DUK-lightgbm-20230817-6e1752,T-ml_lightgbm-c3f8344cab69,BUY,2026-05-17T18:43:33Z,2023-08-17,2023-08-17,90.84,91.7,90.84,92.19,90.54,90.7,2578600,219.0,0.0,219.0,41311.29,21417.33,0.0,19893.96,99624.3,98806.34,0.2,0.0,0.2013,56.72,0.1344,0.5672,0.55,44.06,-0.1017,0.0805,-0.1822,96.2215,89.2065,92.714,92.714,91.7504,0.005513,-0.007828,0.049394,,,,,prob_above_buy_threshold,prob_above_buy_threshold,2026-05-15,1.0,2026-05-17T18:43:33Z,1334.06,0.0,-0.101959
ml_lightgbm,ML – LightGBM,JNJ,lightgbm,lightgbm,lightgbm,binary,binary-2026-05,D-ml_lightgbm-a27603e9b96d,S-JNJ-lightgbm-20230821-0859b3,T-ml_lightgbm-0a942cfd4316,BUY,2026-05-17T18:43:33Z,2023-08-21,2023-08-21,169.69,172.49,169.69,169.85,165.96,167.35,151319500,116.0,0.0,116.0,21417.33,1733.29,0.0,19684.04,98635.06,98363.62,0.2,0.0,0.2001,56.69,0.1339,0.5669,0.55,44.25,1.6662,2.2865,-0.6203,176.1102,167.6178,171.864,171.864,166.2898,-0.007947,-0.018285,-0.030774,,,,,prob_above_buy_threshold,prob_above_buy_threshold,2026-05-15,1.0,2026-05-17T18:43:33Z,1334.06,0.0,-0.101959
ml_lightgbm,ML – LightGBM,WMT,lightgbm,lightgbm,lightgbm,binary,binary-2026-05,D-ml_lightgbm-b882d73167bc,S-WMT-lightgbm-20230829-4308a0,T-ml_lightgbm-c3cf4763c5e2,SELL,2026-05-17T18:43:33Z,2023-08-29,2023-08-29,53.0,52.9067,53.0,53.41,52.9533,53.35,12702300,371.0,371.0,0.0,1733.29,21396.29,19663.0,0.0,98860.45,98730.6,0.2,0.1989,0.0,42.67,0.1466,0.4267,0.55,57.12,0.0719,0.1101,-0.0382,53.9486,52.001,52.9748,52.9748,52.4737,0.007185,0.008872,0.010434,-234.97,-0.011809,12,False,prob_below_sell_threshold,prob_below_sell_threshold,2026-05-15,1.0,2026-05-17T18:43:33Z,1099.09,-0.176132,-0.176132
ml_lightgbm,ML – LightGBM,PG,lightgbm,lightgbm,lightgbm,binary,binary-2026-05,D-ml_lightgbm-bb2a95f8c1cb,S-PG-lightgbm-20230911-c1825a,T-ml_lightgbm-23b1d3309717,SELL,2026-05-17T18:43:33Z,2023-09-11,2023-09-11,153.33,152.93,153.33,155.1,153.08,154.75,4288500,130.0,130.0,0.0,21396.29,41329.19,19932.9,0.0,98985.39,98800.79,0.2,0.2014,0.0,44.29,0.1141,0.4429,0.55,55.4,0.02,0.0435,-0.0235,155.5543,151.2217,153.388,153.388,153.1394,-0.017577,-0.004523,-0.073603,15.6,0.000783,25,True,prob_below_sell_threshold,prob_below_sell_threshold,2026-05-15,1.0,2026-05-17T18:43:33Z,1114.69,-0.164438,-0.176132
ml_lightgbm,ML – LightGBM,DUK,lightgbm,lightgbm,lightgbm,binary,binary-2026-05,D-ml_lightgbm-ebd20b9e706d,S-DUK-lightgbm-20230911-0bd146,T-ml_lightgbm-0a22b686485f,SELL,2026-05-17T18:43:33Z,2023-09-11,2023-09-11,90.85,91.02,90.85,92.47,90.73,91.78,3992900,219.0,219.0,0.0,41329.19,61225.34,19896.15,0.0,98985.39,98597.12,0.2,0.201,0.0,43.39,0.1322,0.4339,0.55,55.94,-0.5214,-0.7257,0.2043,93.0058,87.1232,90.0645,90.0645,91.3532,0.003705,0.034648,-0.038679,2.19,0.00011,25,True,prob_below_sell_threshold,prob_below_sell_threshold,2026-05-15,1.0,2026-05-17T18:43:33Z,1116.88,-0.162796,-0.176132
ml_lightgbm,ML – LightGBM,PG,lightgbm,lightgbm,lightgbm,binary,binary-2026-05,D-ml_lightgbm-7b82fd2c9dad,S-PG-lightgbm-20230912-07cf3d,T-ml_lightgbm-d9a257e64ece,BUY,2026-05-17T18:43:33Z,2023-09-12,2023-09-12,154.99,154.75,154.99,155.15,151.57,152.03,4537800,127.0,0.0,127.0,61225.34,41541.61,0.0,19683.73,98758.65,98382.72,0.2,0.0,0.2001,55.7,0.114,0.557,0.55,44.56,-0.105,0.0138,-0.1188,155.1407,151.2593,153.2,153.2,153.1452,0.006972,0.010327,-0.047688,,,,,prob_above_buy_threshold,prob_above_buy_threshold,2026-05-15,1.0,2026-05-17T18:43:33Z,1116.88,-0.162796,-0.176132
ml_lightgbm,ML – LightGBM,PG,lightgbm,lightgbm,lightgbm,binary,binary-2026-05,D-ml_lightgbm-fa69b91f1396,S-PG-lightgbm-20230914-05067f,T-ml_lightgbm-b1c186670267,SELL,2026-05-17T18:43:33Z,2023-09-14,2023-09-14,153.85,153.09,153.85,154.92,153.37,154.77,4606800,127.0,127.0,0.0,41541.61,61080.56,19538.95,0.0,99173.96,99057.12,0.2,0.197,0.0,44.99,0.1002,0.4499,0.55,54.64,0.0087,-0.0082,0.0169,155.131,151.255,153.193,153.193,153.2076,-0.0084,-0.016993,-0.073981,-144.78,-0.007355,2,False,prob_below_sell_threshold,prob_below_sell_threshold,2026-05-15,1.0,2026-05-17T18:43:33Z,972.1,-0.271322,-0.271322
ml_lightgbm,ML – LightGBM,NEE,lightgbm,lightgbm,lightgbm,binary,binary-2026-05,D-ml_lightgbm-3a31f7f777fa,S-NEE-lightgbm-20230914-d71a55,T-ml_lightgbm-43d1ccc57067,SELL,2026-05-17T18:43:33Z,2023-09-14,2023-09-14,68.9,68.43,68.9,69.35,68.42,69.28,7944900,274.0,274.0,0.0,61080.56,79959.16,18878.6,0.0,99173.96,98953.01,0.2,0.1904,0.0,41.42,0.1716,0.4142,0.55,57.6,-0.5052,-0.9337,0.4285,68.9581,65.7659,67.362,67.362,69.9686,-0.009238,-0.034209,-0.234988,-1328.9,-0.065763,48,False,prob_below_sell_threshold,prob_below_sell_threshold,2026-05-15,1.0,2026-05-17T18:43:33Z,-356.8,-1.267454,-1.267454
ml_lightgbm,ML – LightGBM,NEE,lightgbm,lightgbm,lightgbm,binary,binary-2026-05,D-ml_lightgbm-7496caa1517b,S-NEE-lightgbm-20230920-e191b9,T-ml_lightgbm-93873131c56b,BUY,2026-05-17T18:43:33Z,2023-09-20,2023-09-20,68.07,67.59,68.07,68.14,67.24,67.35,5804000,290.0,0.0,290.0,79959.16,60218.86,0.0,19740.3,98856.73,98647.92,0.2,0.0,0.2001,55.74,0.1148,0.5574,0.55,44.29,-0.3357,-0.5823,0.2466,69.169,65.743,67.456,67.456,69.6256,-0.006533,-0.109725,-0.209503,,,,,prob_above_buy_threshold,prob_above_buy_threshold,2026-05-15,1.0,2026-05-17T18:43:33Z,-356.8,-1.267454,-1.267454
ml_lightgbm,ML – LightGBM,PG,lightgbm,lightgbm,lightgbm,binary,binary-2026-05,D-ml_lightgbm-3ba227a4befe,S-PG-lightgbm-20230921-5ed3d4,T-ml_lightgbm-86b048a29de0,BUY,2026-05-17T18:43:33Z,2023-09-21,2023-09-21,153.45,153.47,153.45,153.71,152.07,152.14,5096400,128.0,0.0,128.0,60218.86,40577.27,0.0,19641.6,98375.33,98207.65,0.2,0.0,0.2,55.53,0.1107,0.5553,0.55,44.76,-0.0883,-0.0054,-0.0829,155.1331,151.7759,153.4545,153.4545,153.6106,-0.003681,-0.038123,-0.025569,,,,,prob_above_buy_threshold,prob_above_buy_threshold,2026-05-15,1.0,2026-05-17T18:43:33Z,-356.8,-1.267454,-1.267454
ml_lightgbm,ML – LightGBM,DUK,lightgbm,lightgbm,lightgbm,binary,binary-2026-05,D-ml_lightgbm-898c7d2b6f6b,S-DUK-lightgbm-20230927-b362a1,T-ml_lightgbm-8e2ce26855a0,BUY,2026-05-17T18:43:33Z,2023-09-27,2023-09-27,91.1,91.12,91.1,91.41,89.26,90.09,3715400,208.0,0.0,208.0,40577.27,21628.47,0.0,18948.8,95049.94,94839.86,0.2,0.0,0.1998,58.98,0.1796,0.5898,0.55,41.58,0.353,0.5652,-0.2122,96.9805,86.4275,91.704,91.704,91.897,-0.015651,-0.044067,-0.021534,,,,,prob_above_buy_threshold,prob_above_buy_threshold,2026-05-15,1.0,2026-05-17T18:43:33Z,-356.8,-1.267454,-1.267454
ml_lightgbm,ML – LightGBM,WMT,lightgbm,lightgbm,lightgbm,binary,binary-2026-05,D-ml_lightgbm-68283e9be9d2,S-WMT-lightgbm-20230929-089435,T-ml_lightgbm-872103530046,BUY,2026-05-17T18:43:33Z,2023-09-29,2023-09-29,54.3433,54.18,54.3433,54.3767,53.0633,53.31,18842400,343.0,0.0,343.0,21628.47,2988.7,0.0,18639.76,93337.73,92983.29,0.2,0.0,0.2005,58.27,0.1655,0.5827,0.55,42.34,0.1317,0.2978,-0.1662,55.2658,53.3542,54.31,54.31,53.5701,0.001063,-0.02201,0.007753,,,,,prob_above_buy_threshold,prob_above_buy_threshold,2026-05-15,1.0,2026-05-17T18:43:33Z,-356.8,-1.267454,-1.267454
ml_lightgbm,ML – LightGBM,PG,lightgbm,lightgbm,lightgbm,binary,binary-2026-05,D-ml_lightgbm-1d140c1e2630,S-PG-lightgbm-20231018-499a81,T-ml_lightgbm-2d04d5703707,SELL,2026-05-17T18:43:33Z,2023-10-18,2023-10-18,150.06,146.26,150.06,151.3,148.77,150.03,10508500,128.0,128.0,0.0,2988.7,22196.38,19207.68,0.0,92161.75,92165.59,0.2,0.2084,0.0,41.47,0.1706,0.4147,0.55,57.7,-1.4095,-1.9996,0.5901,151.9648,140.9642,146.4645,146.4645,150.831,-0.011864,0.003799,0.009265,-433.92,-0.022092,27,False,prob_below_sell_threshold,prob_below_sell_threshold,2026-05-15,1.0,2026-05-17T18:43:33Z,-790.72,-1.592717,-1.592717
ml_lightgbm,ML – LightGBM,WMT,lightgbm,lightgbm,lightgbm,binary,binary-2026-05,D-ml_lightgbm-f8163ad29811,S-WMT-lightgbm-20231024-0bf12d,T-ml_lightgbm-be5bd0794f6b,SELL,2026-05-17T18:43:33Z,2023-10-24,2023-10-24,53.8,53.67,53.8,54.4933,53.7967,54.4167,17535000,343.0,343.0,0.0,22196.38,40649.78,18453.4,0.0,92642.86,92431.34,0.2,0.1992,0.0,40.66,0.1867,0.4066,0.55,58.67,0.0239,-0.0946,0.1185,54.5672,52.0421,53.3047,53.3047,53.5644,-0.003002,0.00098,-0.045268,-186.36,-0.009998,25,False,prob_below_sell_threshold,prob_below_sell_threshold,2026-05-15,1.0,2026-05-17T18:43:33Z,-977.08,-1.732411,-1.732411
ml_lightgbm,ML – LightGBM,NEE,lightgbm,lightgbm,lightgbm,binary,binary-2026-05,D-ml_lightgbm-8c9de3683626,S-NEE-lightgbm-20231026-c4b58b,T-ml_lightgbm-c55df69678fe,SELL,2026-05-17T18:43:33Z,2023-10-26,2023-10-26,56.77,56.46,56.77,58.24,56.68,57.57,17357800,290.0,290.0,0.0,40649.78,57113.08,16463.3,0.0,93182.68,92950.68,0.2,0.1767,0.0,43.42,0.1317,0.4342,0.55,53.44,-1.7667,-2.7868,1.0201,57.6976,48.4294,53.0635,53.0635,61.2958,-0.023102,0.040646,-0.000347,-3277.0,-0.166006,36,False,prob_below_sell_threshold,prob_below_sell_threshold,2026-05-15,1.0,2026-05-17T18:43:33Z,-4254.08,-4.188822,-4.188822
ml_lightgbm,ML – LightGBM,DUK,lightgbm,lightgbm,lightgbm,binary,binary-2026-05,D-ml_lightgbm-ba54ba23a872,S-DUK-lightgbm-20231102-e70ef1,T-ml_lightgbm-7f576596800b,SELL,2026-05-17T18:43:33Z,2023-11-02,2023-11-02,89.5,89.54,89.5,90.6,88.99,89.89,4553000,208.0,208.0,0.0,57113.08,75729.08,18616.0,0.0,93238.04,93156.92,0.2,0.1997,0.0,44.46,0.1107,0.4446,0.55,54.91,-0.1628,-0.4862,0.3234,90.3014,86.4266,88.364,88.364,89.6396,0.004339,-0.021471,0.030593,-332.8,-0.017563,36,False,prob_below_sell_threshold,prob_below_sell_threshold,2026-05-15,1.0,2026-05-17T18:43:33Z,-4586.88,-4.438286,-4.438286
ml_lightgbm,ML – LightGBM,NEE,lightgbm,lightgbm,lightgbm,binary,binary-2026-05,D-ml_lightgbm-286ba678b8d4,S-NEE-lightgbm-20231109-9086e4,T-ml_lightgbm-97f2b6d6daa9,BUY,2026-05-17T18:43:33Z,2023-11-09,2023-11-09,57.12,57.5,57.12,57.27,54.62,54.72,17147900,325.0,0.0,325.0,75729.08,57165.08,0.0,18564.0,92829.8,92049.8,0.2,0.0,0.2017,59.13,0.1827,0.5913,0.55,41.64,-0.0284,-0.3856,0.3573,61.0702,50.9778,56.024,56.024,59.3668,0.007675,0.034357,0.091009,,,,,prob_above_buy_threshold,prob_above_buy_threshold,2026-05-15,1.0,2026-05-17T18:43:33Z,-4586.88,-4.438286,-4.438286
ml_lightgbm,ML – LightGBM,DUK,lightgbm,lightgbm,lightgbm,binary,binary-2026-05,D-ml_lightgbm-d68b179c5585,S-DUK-lightgbm-20231113-87a694,T-ml_lightgbm-4fbccc4b00a5,BUY,2026-05-17T18:43:33Z,2023-11-13,2023-11-13,88.19,88.27,88.19,88.39,86.61,87.02,3396400,208.0,0.0,208.0,57165.08,38821.56,0.0,18343.52,92002.66,91759.3,0.2,0.0,0.1999,58.99,0.1799,0.5899,0.55,41.49,-0.2326,-0.1652,-0.0674,90.449,86.355,88.402,88.402,89.5062,0.032521,0.026201,0.095495,,,,,prob_above_buy_threshold,prob_above_buy_threshold,2026-05-15,1.0,2026-05-17T18:43:33Z,-4586.88,-4.438286,-4.438286
ml_lightgbm,ML – LightGBM,DUK,lightgbm,lightgbm,lightgbm,binary,binary-2026-05,D-ml_lightgbm-ee92e38ac503,S-DUK-lightgbm-20231114-82a16c,T-ml_lightgbm-c1802d6cbe6f,SELL,2026-05-17T18:43:33Z,2023-11-14,2023-11-14,88.63,87.02,88.63,89.9,88.5,89.85,5739200,208.0,208.0,0.0,38821.56,57256.6,18435.04,0.0,93342.67,93088.91,0.2,0.1975,0.0,44.92,0.1017,0.4492,0.55,54.51,-0.1036,-0.1529,0.0493,90.577,86.316,88.4465,88.4465,89.5702,-0.002671,0.000334,0.091597,91.52,0.004989,1,True,prob_below_sell_threshold,prob_below_sell_threshold,2026-05-15,1.0,2026-05-17T18:43:33Z,-4495.36,-4.369684,-4.438286
ml_lightgbm,ML – LightGBM,WMT,lightgbm,lightgbm,lightgbm,binary,binary-2026-05,D-ml_lightgbm-cbb7221e7eb7,S-WMT-lightgbm-20231116-6fca49,T-ml_lightgbm-f7737901d587,BUY,2026-05-17T18:43:33Z,2023-11-16,2023-11-16,52.9167,56.5933,52.9167,53.15,51.8333,52.0133,97658700,351.0,0.0,351.0,57256.6,38682.85,0.0,18573.75,93063.2,92746.13,0.2,0.0,0.2003,65.4,0.3081,0.654,0.55,35.86,0.2941,0.4011,-0.107,56.6468,52.5629,54.6048,54.6048,54.1279,-0.004422,0.000128,-0.021148,,,,,prob_above_buy_threshold,prob_above_buy_threshold,2026-05-15,1.0,2026-05-17T18:43:33Z,-4495.36,-4.369684,-4.438286
ml_lightgbm,ML – LightGBM,JNJ,lightgbm,lightgbm,lightgbm,binary,binary-2026-05,D-ml_lightgbm-b4937fc675dd,S-JNJ-lightgbm-20231124-83a5d5,T-ml_lightgbm-04a508328cff,SELL,2026-05-17T18:43:33Z,2023-11-24,2023-11-24,150.86,150.82,150.86,152.68,150.86,152.5,3351400,116.0,116.0,0.0,38682.85,56182.61,17499.76,0.0,93335.62,93145.38,0.2,0.1875,0.0,43.65,0.1269,0.4365,0.55,55.59,-0.7495,-1.4585,0.709,152.9682,145.7508,149.3595,149.3595,153.7862,-0.008,0.038557,0.01941,-2184.28,-0.110967,95,False,prob_below_sell_threshold,prob_below_sell_threshold,2026-05-15,1.0,2026-05-17T18:43:33Z,-6679.64,-6.007001,-6.007001
ml_lightgbm,ML – LightGBM,NEE,lightgbm,lightgbm,lightgbm,binary,binary-2026-05,D-ml_lightgbm-659170b24f86,S-NEE-lightgbm-20231129-2314c4,T-ml_lightgbm-3569f58506f3,SELL,2026-05-17T18:43:33Z,2023-11-29,2023-11-29,58.53,58.16,58.53,59.23,57.98,58.36,17019100,325.0,325.0,0.0,56182.61,75204.86,19022.25,0.0,93410.97,93466.22,0.2,0.2036,0.0,44.05,0.1189,0.4405,0.55,55.41,0.2512,0.0587,0.1926,60.2704,54.7336,57.502,57.502,56.6972,0.00257,0.031528,0.045579,458.25,0.024685,20,True,prob_below_sell_threshold,prob_below_sell_threshold,2026-05-15,1.0,2026-05-17T18:43:33Z,-6221.39,-5.663501,-6.007001
ml_lightgbm,ML – LightGBM,PG,lightgbm,lightgbm,lightgbm,binary,binary-2026-05,D-ml_lightgbm-bf00be41f63e,S-PG-lightgbm-20231205-d6c071,T-ml_lightgbm-304a8ea2e49b,BUY,2026-05-17T18:43:33Z,2023-12-05,2023-12-05,152.14,152.06,152.14,152.61,146.18,146.76,11895800,122.0,0.0,122.0,75204.86,56643.78,0.0,18561.08,93425.27,92768.91,0.2,0.0,0.2001,62.27,0.2454,0.6227,0.55,38.58,0.2888,0.6116,-0.3228,154.05,148.37,151.21,151.21,148.8474,-0.00075,-0.005587,0.012878,,,,,prob_above_buy_threshold,prob_above_buy_threshold,2026-05-15,1.0,2026-05-17T18:43:33Z,-6221.39,-5.663501,-6.007001
ml_lightgbm,ML – LightGBM,WMT,lightgbm,lightgbm,lightgbm,binary,binary-2026-05,D-ml_lightgbm-34081a0f8458,S-WMT-lightgbm-20231227-daba3b,T-ml_lightgbm-ea6fd1242217,SELL,2026-05-17T18:43:33Z,2023-12-27,2023-12-27,52.1033,52.1367,52.1033,52.65,52.0533,52.6267,19896000,351.0,351.0,0.0,56643.78,74932.05,18288.27,0.0,92935.06,92751.37,0.2,0.1968,0.0,43.54,0.1292,0.4354,0.55,55.62,-0.191,-0.4557,0.2647,52.6885,50.1451,51.4168,51.4168,52.9179,-0.001964,-0.00076,0.040474,-285.48,-0.01537,41,False,prob_below_sell_threshold,prob_below_sell_threshold,2026-05-15,1.0,2026-05-17T18:43:33Z,-6506.87,-5.877494,-6.007001
ml_lightgbm,ML – LightGBM,PG,lightgbm,lightgbm,lightgbm,binary,binary-2026-05,D-ml_lightgbm-c8aa009d9284,S-PG-lightgbm-20240102-53d399,T-ml_lightgbm-59c528638d25,SELL,2026-05-17T18:43:33Z,2024-01-02,2024-01-02,146.36,146.54,146.36,149.41,146.31,148.74,7238400,122.0,122.0,0.0,74932.05,92787.97,17855.92,0.0,93078.33,92787.97,0.2,0.1918,0.0,44.27,0.1146,0.4427,0.55,55.12,-0.7296,-1.085,0.3554,149.8774,142.6106,146.244,146.244,148.9054,-0.006051,0.003765,0.056474,-705.16,-0.037991,28,False,prob_below_sell_threshold,prob_below_sell_threshold,2026-05-15,1.0,2026-05-17T18:43:33Z,-7212.03,-6.406076,-6.406076
ml_lightgbm,ML – LightGBM,NEE,lightgbm,lightgbm,lightgbm,binary,binary-2026-05,D-ml_lightgbm-e054ca322782,S-NEE-lightgbm-20240117-0f1346,T-ml_lightgbm-5a74a355194f,BUY,2026-05-17T18:43:33Z,2024-01-17,2024-01-17,59.46,60.35,59.46,60.01,57.8,58.27,11543100,312.0,0.0,312.0,92787.97,74236.45,0.0,18551.52,92787.97,92416.69,0.2,0.0,0.2007,63.0,0.26,0.63,0.55,38.35,0.2261,0.6125,-0.3864,63.1327,58.8013,60.967,60.967,59.4278,-0.01064,-0.021624,-0.038785,,,,,prob_above_buy_threshold,prob_above_buy_threshold,2026-05-15,1.0,2026-05-17T18:43:33Z,-7212.03,-6.406076,-6.406076
ml_lightgbm,ML – LightGBM,DUK,lightgbm,lightgbm,lightgbm,binary,binary-2026-05,D-ml_lightgbm-9568e4d40637,S-DUK-lightgbm-20240119-036b55,T-ml_lightgbm-65956cb6b569,BUY,2026-05-17T18:43:33Z,2024-01-19,2024-01-19,96.3,95.86,96.3,96.3,95.2,95.56,2965100,191.0,0.0,191.0,74236.45,55843.15,0.0,18393.3,92101.57,91960.23,0.2,0.0,0.2,56.07,0.1213,0.5607,0.55,44.63,0.6001,1.1337,-0.5336,99.8605,95.0555,97.458,97.458,94.267,-0.005232,0.003244,-0.03851,,,,,prob_above_buy_threshold,prob_above_buy_threshold,2026-05-15,1.0,2026-05-17T18:43:33Z,-7212.03,-6.406076,-6.406076
ml_lightgbm,ML – LightGBM,DUK,lightgbm,lightgbm,lightgbm,binary,binary-2026-05,D-ml_lightgbm-6b316d97e34e,S-DUK-lightgbm-20240201-0652b6,T-ml_lightgbm-bea4a96759be,SELL,2026-05-17T18:43:33Z,2024-02-01,2024-02-01,95.35,95.83,95.35,97.85,94.75,97.79,2745900,191.0,191.0,0.0,55843.15,74055.0,18211.85,0.0,93163.04,92697.0,0.2,0.1955,0.0,41.26,0.1749,0.4126,0.55,58.5,0.0352,0.1455,-0.1103,99.9755,93.8655,96.9205,96.9205,95.4908,-0.016055,-0.052562,-0.070866,-181.45,-0.009865,13,False,prob_below_sell_threshold,prob_below_sell_threshold,2026-05-15,1.0,2026-05-17T18:43:33Z,-7393.48,-6.54209,-6.54209
ml_lightgbm,ML – LightGBM,JNJ,lightgbm,lightgbm,lightgbm,binary,binary-2026-05,D-ml_lightgbm-ec96f08c1f23,S-JNJ-lightgbm-20240202-828b68,T-ml_lightgbm-155b9998ff60,BUY,2026-05-17T18:43:33Z,2024-02-02,2024-02-02,157.97,158.36,157.97,158.31,155.94,156.61,8295900,116.0,0.0,116.0,74055.0,55730.48,0.0,18324.52,92197.8,92040.04,0.2,0.0,0.1991,61.51,0.2302,0.6151,0.55,39.14,0.1147,0.7404,-0.6256,163.286,157.298,160.292,160.292,157.4602,-0.005172,0.000958,0.020624,,,,,prob_above_buy_threshold,prob_above_buy_threshold,2026-05-15,1.0,2026-05-17T18:43:33Z,-7393.48,-6.54209,-6.54209
ml_lightgbm,ML – LightGBM,DUK,lightgbm,lightgbm,lightgbm,binary,binary-2026-05,D-ml_lightgbm-512136908074,S-DUK-lightgbm-20240206-6a27bc,T-ml_lightgbm-273e298fb43b,BUY,2026-05-17T18:43:33Z,2024-02-06,2024-02-06,95.09,95.25,95.09,95.41,94.75,95.06,2171800,192.0,0.0,192.0,55730.48,37473.2,0.0,18257.28,91609.2,91603.44,0.2,0.0,0.1993,55.77,0.1154,0.5577,0.55,44.73,-0.137,0.0415,-0.1785,99.1585,93.6935,96.426,96.426,95.8306,0.004629,-0.036293,-0.010414,,,,,prob_above_buy_threshold,prob_above_buy_threshold,2026-05-15,1.0,2026-05-17T18:43:33Z,-7393.48,-6.54209,-6.54209
ml_lightgbm,ML – LightGBM,JNJ,lightgbm,lightgbm,lightgbm,binary,binary-2026-05,D-ml_lightgbm-408cd7c15509,S-JNJ-lightgbm-20240222-edc34d,T-ml_lightgbm-07e1d447572b,SELL,2026-05-17T18:43:33Z,2024-02-22,2024-02-22,158.98,158.68,158.98,160.74,157.77,160.45,8065000,116.0,116.0,0.0,37473.2,55914.88,18441.68,0.0,91455.4,91284.88,0.2,0.2016,0.0,41.16,0.1767,0.4116,0.55,58.32,-0.0787,-0.303,0.2243,160.5138,155.2442,157.879,157.879,158.2632,0.008663,0.005796,-0.029293,117.16,0.006394,20,True,prob_below_sell_threshold,prob_below_sell_threshold,2026-05-15,1.0,2026-05-17T18:43:33Z,-7276.32,-6.454267,-6.54209
ml_lightgbm,ML – LightGBM,DUK,lightgbm,lightgbm,lightgbm,binary,binary-2026-05,D-ml_lightgbm-e74a40f0009a,S-DUK-lightgbm-20240306-1492e0,T-ml_lightgbm-85de1e28a88f,SELL,2026-05-17T18:43:33Z,2024-03-06,2024-03-06,93.47,92.69,93.47,94.32,92.97,94.07,4229900,192.0,192.0,0.0,55914.88,73861.12,17946.24,0.0,91301.68,91186.48,0.2,0.1966,0.0,44.61,0.1078,0.4461,0.55,54.64,-0.637,-0.9493,0.3123,94.4512,89.9068,92.179,92.179,94.9792,0.004358,0.015201,0.021792,-311.04,-0.017036,29,False,prob_below_sell_threshold,prob_below_sell_threshold,2026-05-15,1.0,2026-05-17T18:43:33Z,-7587.36,-6.68742,-6.68742
ml_lightgbm,ML – LightGBM,NEE,lightgbm,lightgbm,lightgbm,binary,binary-2026-05,D-ml_lightgbm-8c9de736bd5b,S-NEE-lightgbm-20240308-162708,T-ml_lightgbm-0d09c6778e6d,SELL,2026-05-17T18:43:33Z,2024-03-08,2024-03-08,56.72,56.25,56.72,58.16,56.31,57.81,12735600,312.0,312.0,0.0,73861.12,91557.76,17696.64,0.0,91897.84,91557.76,0.2,0.1926,0.0,41.71,0.1659,0.4171,0.55,57.26,-0.4616,-0.7044,0.2428,57.9522,54.3438,56.148,56.148,58.0638,0.001038,0.039267,0.121951,-854.88,-0.046081,51,False,prob_below_sell_threshold,prob_below_sell_threshold,2026-05-15,1.0,2026-05-17T18:43:33Z,-8442.24,-7.328231,-7.328231
ml_lightgbm,ML – LightGBM,JNJ,lightgbm,lightgbm,lightgbm,binary,binary-2026-05,D-ml_lightgbm-6b633112c8d7,S-JNJ-lightgbm-20240315-3ad34d,T-ml_lightgbm-ae5f98284c51,BUY,2026-05-17T18:43:33Z,2024-03-15,2024-03-15,158.06,159.21,158.06,159.19,157.1,158.18,13165500,115.0,0.0,115.0,91557.76,73380.86,0.0,18176.9,91557.76,91571.56,0.2,0.0,0.1985,55.7,0.1139,0.557,0.55,44.73,0.3025,0.4975,-0.1949,163.2114,157.0086,160.11,160.11,159.633,-0.008977,-0.01865,-0.066949,,,,,prob_above_buy_threshold,prob_above_buy_threshold,2026-05-15,1.0,2026-05-17T18:43:33Z,-8442.24,-7.328231,-7.328231
ml_lightgbm,ML – LightGBM,WMT,lightgbm,lightgbm,lightgbm,binary,binary-2026-05,D-ml_lightgbm-eca5bf644025,S-WMT-lightgbm-20240402-62cb13,T-ml_lightgbm-cabd27d5edb7,BUY,2026-05-17T18:43:33Z,2024-04-02,2024-04-02,59.9,60.0,59.9,60.1,58.88,59.16,19510100,305.0,0.0,305.0,73380.86,55111.36,0.0,18269.5,91519.81,91294.11,0.2,0.0,0.2001,57.26,0.1451,0.5726,0.55,43.6,0.4614,0.8094,-0.3479,61.714,59.543,60.6285,60.6285,58.3029,0.004564,0.010649,0.003212,,,,,prob_above_buy_threshold,prob_above_buy_threshold,2026-05-15,1.0,2026-05-17T18:43:33Z,-8442.24,-7.328231,-7.328231
ml_lightgbm,ML – LightGBM,PG,lightgbm,lightgbm,lightgbm,binary,binary-2026-05,D-ml_lightgbm-f98a0eebe59e,S-PG-lightgbm-20240403-eec7a4,T-ml_lightgbm-4457138877aa,BUY,2026-05-17T18:43:33Z,2024-04-03,2024-04-03,160.63,160.57,160.63,160.88,155.68,156.15,9601800,113.0,0.0,113.0,55111.36,36960.17,0.0,18151.19,90977.41,90471.17,0.2,0.0,0.2006,66.29,0.3257,0.6629,0.55,34.24,0.2606,0.8534,-0.5928,163.7758,158.2892,161.0325,161.0325,159.1838,-0.004483,0.006981,0.04643,,,,,prob_above_buy_threshold,prob_above_buy_threshold,2026-05-15,1.0,2026-05-17T18:43:33Z,-8442.24,-7.328231,-7.328231
ml_lightgbm,ML – LightGBM,WMT,lightgbm,lightgbm,lightgbm,binary,binary-2026-05,D-ml_lightgbm-7dd1ecd6ebc8,S-WMT-lightgbm-20240410-b1fa67,T-ml_lightgbm-401a0720bfd8,SELL,2026-05-17T18:43:33Z,2024-04-10,2024-04-10,59.62,59.79,59.62,60.76,59.39,60.62,15097600,305.0,305.0,0.0,36960.17,55144.27,18184.1,0.0,90490.39,90185.39,0.2,0.201,0.0,40.98,0.1803,0.4098,0.55,58.99,0.2106,0.3782,-0.1676,61.7198,59.1182,60.419,60.419,58.9633,-0.008743,-0.016001,-0.005279,-85.4,-0.004675,8,False,prob_below_sell_threshold,prob_below_sell_threshold,2026-05-15,1.0,2026-05-17T18:43:33Z,-8527.64,-7.392246,-7.392246
ml_lightgbm,ML – LightGBM,DUK,lightgbm,lightgbm,lightgbm,binary,binary-2026-05,D-ml_lightgbm-635cdabef2b7,S-DUK-lightgbm-20240415-21b09f,T-ml_lightgbm-5c4a9e068f3b,BUY,2026-05-17T18:43:33Z,2024-04-15,2024-04-15,95.45,94.9,95.45,95.63,93.68,94.13,2623100,187.0,0.0,187.0,55144.27,37295.12,0.0,17849.15,89682.97,89436.13,0.2,0.0,0.1996,56.41,0.1283,0.5641,0.55,44.09,0.2447,0.4774,-0.2328,97.2813,93.7527,95.517,95.517,94.1196,-0.013386,0.042388,0.093063,,,,,prob_above_buy_threshold,prob_above_buy_threshold,2026-05-15,1.0,2026-05-17T18:43:33Z,-8527.64,-7.392246,-7.392246
ml_lightgbm,ML – LightGBM,WMT,lightgbm,lightgbm,lightgbm,binary,binary-2026-05,D-ml_lightgbm-912e4011e1e1,S-WMT-lightgbm-20240418-4b2ae9,T-ml_lightgbm-0d92aa085f02,BUY,2026-05-17T18:43:33Z,2024-04-18,2024-04-18,59.83,59.65,59.83,59.94,59.22,59.26,12061500,300.0,0.0,300.0,37295.12,19346.12,0.0,17949.0,89767.9,89596.9,0.2,0.0,0.2003,57.28,0.1457,0.5728,0.55,43.17,0.0304,0.1822,-0.1518,61.1989,58.9341,60.0665,60.0665,59.4269,0.004556,0.016031,0.080155,,,,,prob_above_buy_threshold,prob_above_buy_threshold,2026-05-15,1.0,2026-05-17T18:43:33Z,-8527.64,-7.392246,-7.392246
ml_lightgbm,ML – LightGBM,DUK,lightgbm,lightgbm,lightgbm,binary,binary-2026-05,D-ml_lightgbm-8e847efe852e,S-DUK-lightgbm-20240419-2d99a8,T-ml_lightgbm-14fbcfd22a24,SELL,2026-05-17T18:43:33Z,2024-04-19,2024-04-19,96.1,95.93,96.1,98.41,95.98,98.24,4212800,187.0,187.0,0.0,19346.12,37316.82,17970.7,0.0,90455.47,90055.29,0.2,0.1987,0.0,37.01,0.2598,0.3701,0.55,62.25,0.3029,0.2647,0.0383,98.0346,93.1084,95.5715,95.5715,94.1098,-0.001221,-0.005395,0.057512,121.55,0.00681,4,True,prob_below_sell_threshold,prob_below_sell_threshold,2026-05-15,1.0,2026-05-17T18:43:33Z,-8406.09,-7.301133,-7.392246
ml_lightgbm,ML – LightGBM,PG,lightgbm,lightgbm,lightgbm,binary,binary-2026-05,D-ml_lightgbm-1656b458be78,S-PG-lightgbm-20240422-00d65c,T-ml_lightgbm-d4ea8230b3d5,SELL,2026-05-17T18:43:33Z,2024-04-22,2024-04-22,158.43,158.14,158.43,161.29,157.25,160.54,8926300,113.0,113.0,0.0,37316.82,55219.41,17902.59,0.0,90648.64,90410.21,0.2,0.1975,0.0,39.14,0.2172,0.3914,0.55,60.43,-0.4529,-0.7238,0.2709,162.7732,153.2158,157.9945,157.9945,159.1066,0.00598,0.006977,0.04217,-248.6,-0.013696,19,False,prob_below_sell_threshold,prob_below_sell_threshold,2026-05-15,1.0,2026-05-17T18:43:33Z,-8654.69,-7.487482,-7.487482
ml_lightgbm,ML – LightGBM,WMT,lightgbm,lightgbm,lightgbm,binary,binary-2026-05,D-ml_lightgbm-e097bda43fb4,S-WMT-lightgbm-20240507-f232d5,T-ml_lightgbm-0ebe6edd0ae7,SELL,2026-05-17T18:43:33Z,2024-05-07,2024-05-07,60.17,59.87,60.17,60.8,60.05,60.62,14520200,300.0,300.0,0.0,55219.41,73270.41,18051.0,0.0,90508.21,90373.21,0.2,0.1994,0.0,42.11,0.1577,0.4211,0.55,57.47,0.0434,0.0027,0.0406,60.7589,58.9401,59.8495,59.8495,60.0758,-0.005279,-0.012537,0.10673,102.0,0.005683,19,True,prob_below_sell_threshold,prob_below_sell_threshold,2026-05-15,1.0,2026-05-17T18:43:33Z,-8552.69,-7.411023,-7.487482
ml_lightgbm,ML – LightGBM,JNJ,lightgbm,lightgbm,lightgbm,binary,binary-2026-05,D-ml_lightgbm-27e38e25f67f,S-JNJ-lightgbm-20240513-19d91e,T-ml_lightgbm-5e02ec367eee,SELL,2026-05-17T18:43:33Z,2024-05-13,2024-05-13,150.04,149.91,150.04,152.0,149.71,151.22,5628500,115.0,115.0,0.0,73270.41,90525.01,17254.6,0.0,90660.71,90525.01,0.2,0.1903,0.0,44.95,0.101,0.4495,0.55,54.28,-0.5535,-1.2264,0.6729,152.2108,143.9942,148.1025,148.1025,152.8308,0.001058,0.000331,-0.029493,-922.3,-0.05074,59,False,prob_below_sell_threshold,prob_below_sell_threshold,2026-05-15,1.0,2026-05-17T18:43:33Z,-9474.99,-8.102372,-8.102372
ml_lightgbm,ML – LightGBM,JNJ,lightgbm,lightgbm,lightgbm,binary,binary-2026-05,D-ml_lightgbm-82e82a9ee400,S-JNJ-lightgbm-20240524-5ff33e,T-ml_lightgbm-f46853119e83,BUY,2026-05-17T18:43:33Z,2024-05-24,2024-05-24,149.53,149.7,149.53,149.81,146.76,146.97,9520600,121.0,0.0,121.0,90525.01,72431.88,0.0,18093.13,90525.01,90215.25,0.2,0.0,0.2006,60.13,0.2025,0.6013,0.55,40.55,0.0228,0.1052,-0.0824,155.1331,145.3329,150.233,150.233,151.3074,-0.017623,0.005239,0.001497,,,,,prob_above_buy_threshold,prob_above_buy_threshold,2026-05-15,1.0,2026-05-17T18:43:33Z,-9474.99,-8.102372,-8.102372
ml_lightgbm,ML – LightGBM,PG,lightgbm,lightgbm,lightgbm,binary,binary-2026-05,D-ml_lightgbm-78af792fd732,S-PG-lightgbm-20240528-3b6214,T-ml_lightgbm-596099c9e664,BUY,2026-05-17T18:43:33Z,2024-05-28,2024-05-28,164.49,165.33,164.49,164.76,162.26,163.11,6466200,109.0,0.0,109.0,72431.88,54502.47,0.0,17929.41,89901.86,89751.44,0.2,0.0,0.1998,56.25,0.1249,0.5625,0.55,44.31,1.2103,1.7014,-0.4911,168.8684,162.5416,165.705,165.705,161.8428,-0.008951,0.02391,0.026608,,,,,prob_above_buy_threshold,prob_above_buy_threshold,2026-05-15,1.0,2026-05-17T18:43:33Z,-9474.99,-8.102372,-8.102372
ml_lightgbm,ML – LightGBM,PG,lightgbm,lightgbm,lightgbm,binary,binary-2026-05,D-ml_lightgbm-db667966221d,S-PG-lightgbm-20240604-e3d79b,T-ml_lightgbm-8074907fe8e2,SELL,2026-05-17T18:43:33Z,2024-06-04,2024-06-04,164.79,164.65,164.79,167.12,164.4,167.01,6277000,109.0,109.0,0.0,54502.47,72464.58,17962.11,0.0,90590.36,90348.38,0.2,0.1983,0.0,40.22,0.1957,0.4022,0.55,59.63,0.5929,0.9276,-0.3347,169.2849,162.2341,165.7595,165.7595,162.0804,-0.005748,0.002814,-0.019041,32.7,0.001824,7,True,prob_below_sell_threshold,prob_below_sell_threshold,2026-05-15,1.0,2026-05-17T18:43:33Z,-9442.29,-8.07786,-8.102372
ml_lightgbm,ML – LightGBM,NEE,lightgbm,lightgbm,lightgbm,binary,binary-2026-05,D-ml_lightgbm-b9b71002a50c,S-NEE-lightgbm-20240611-349b50,T-ml_lightgbm-85c52a474816,BUY,2026-05-17T18:43:33Z,2024-06-11,2024-06-11,75.3,76.97,75.3,75.32,71.55,72.74,22781500,239.0,0.0,239.0,72464.58,54467.87,0.0,17996.7,90222.53,89610.69,0.2,0.0,0.2008,57.64,0.1529,0.5764,0.55,44.19,1.3463,2.1355,-0.7892,79.351,73.866,76.6085,76.6085,70.7056,-0.006599,-0.031619,0.026945,,,,,prob_above_buy_threshold,prob_above_buy_threshold,2026-05-15,1.0,2026-05-17T18:43:33Z,-9442.29,-8.07786,-8.102372
ml_lightgbm,ML – LightGBM,DUK,lightgbm,lightgbm,lightgbm,binary,binary-2026-05,D-ml_lightgbm-04124507ed76,S-DUK-lightgbm-20240617-a0309f,T-ml_lightgbm-65b48be7ad03,BUY,2026-05-17T18:43:33Z,2024-06-17,2024-06-17,101.95,102.36,101.95,102.1,100.69,100.8,2953100,175.0,0.0,175.0,54467.87,36626.62,0.0,17841.25,89409.91,89208.66,0.2,0.0,0.2,55.44,0.1088,0.5544,0.55,45.15,0.2283,0.595,-0.3667,104.7732,100.1488,102.461,102.461,100.3702,-0.007639,-0.005952,0.066667,,,,,prob_above_buy_threshold,prob_above_buy_threshold,2026-05-15,1.0,2026-05-17T18:43:33Z,-9442.29,-8.07786,-8.102372
ml_lightgbm,ML – LightGBM,JNJ,lightgbm,lightgbm,lightgbm,binary,binary-2026-05,D-ml_lightgbm-4d12f107ccdb,S-JNJ-lightgbm-20240621-3c5ed6,T-ml_lightgbm-4584ff30eebc,SELL,2026-05-17T18:43:33Z,2024-06-21,2024-06-21,147.89,147.78,147.89,149.08,147.37,148.75,15172300,121.0,121.0,0.0,36626.62,54521.31,17894.69,0.0,89498.96,89394.9,0.2,0.1999,0.0,44.94,0.1012,0.4494,0.55,54.51,-0.6463,-0.9402,0.2939,149.2243,143.8627,146.5435,146.5435,148.116,0.002487,-0.017412,0.036908,-198.44,-0.010968,28,False,prob_below_sell_threshold,prob_below_sell_threshold,2026-05-15,1.0,2026-05-17T18:43:33Z,-9640.73,-8.226609,-8.226609
ml_lightgbm,ML – LightGBM,JNJ,lightgbm,lightgbm,lightgbm,binary,binary-2026-05,D-ml_lightgbm-bccecc3be88b,S-JNJ-lightgbm-20240627-4f2960,T-ml_lightgbm-7d574219e661,BUY,2026-05-17T18:43:33Z,2024-06-27,2024-06-27,146.8,146.82,146.8,147.36,144.84,145.8,5739200,122.0,0.0,122.0,54521.31,36611.71,0.0,17909.6,89743.64,89621.64,0.2,0.0,0.1998,56.94,0.1388,0.5694,0.55,43.25,-0.4788,-0.6384,0.1596,148.8961,144.5349,146.7155,146.7155,148.1276,0.002469,0.004664,0.101783,,,,,prob_above_buy_threshold,prob_above_buy_threshold,2026-05-15,1.0,2026-05-17T18:43:33Z,-9640.73,-8.226609,-8.226609
ml_lightgbm,ML – LightGBM,PG,lightgbm,lightgbm,lightgbm,binary,binary-2026-05,D-ml_lightgbm-c81728bc4dae,S-PG-lightgbm-20240628-5a6b6c,T-ml_lightgbm-fc24382954f5,BUY,2026-05-17T18:43:33Z,2024-06-28,2024-06-28,166.0,166.62,166.0,167.24,164.58,164.92,9253100,107.0,0.0,107.0,36611.71,18849.71,0.0,17762.0,88907.07,88791.51,0.2,0.0,0.2,55.73,0.1145,0.5573,0.55,44.69,0.4741,0.7707,-0.2966,169.3066,164.4204,166.8635,166.8635,165.2234,-0.01334,0.009702,0.030378,,,,,prob_above_buy_threshold,prob_above_buy_threshold,2026-05-15,1.0,2026-05-17T18:43:33Z,-9640.73,-8.226609,-8.226609
ml_lightgbm,ML – LightGBM,JNJ,lightgbm,lightgbm,lightgbm,binary,binary-2026-05,D-ml_lightgbm-5f5eec4c10d7,S-JNJ-lightgbm-20240710-008ddf,T-ml_lightgbm-7f835c3cbd31,SELL,2026-05-17T18:43:33Z,2024-07-10,2024-07-10,147.26,147.05,147.26,149.47,146.68,149.43,6093200,122.0,122.0,0.0,18849.71,36815.43,17965.72,0.0,90346.12,90081.38,0.2,0.1989,0.0,40.42,0.1915,0.4042,0.55,58.98,-0.197,-0.4757,0.2787,149.0747,144.2233,146.649,146.649,148.011,0.001807,0.047849,0.063374,56.12,0.003133,13,True,prob_below_sell_threshold,prob_below_sell_threshold,2026-05-15,1.0,2026-05-17T18:43:33Z,-9584.61,-8.184542,-8.226609
ml_lightgbm,ML – LightGBM,DUK,lightgbm,lightgbm,lightgbm,binary,binary-2026-05,D-ml_lightgbm-f4028f300269,S-DUK-lightgbm-20240710-7edb7c,T-ml_lightgbm-4e5ac248ad06,SELL,2026-05-17T18:43:33Z,2024-07-10,2024-07-10,101.25,100.94,101.25,102.9,100.9,102.83,3128400,175.0,175.0,0.0,36815.43,54534.18,17718.75,0.0,90346.12,89804.88,0.2,0.1961,0.0,39.12,0.2175,0.3912,0.55,60.27,-0.101,-0.2812,0.1802,102.593,98.859,100.726,100.726,101.5602,0.015851,0.045609,0.103861,-122.5,-0.006866,23,False,prob_below_sell_threshold,prob_below_sell_threshold,2026-05-15,1.0,2026-05-17T18:43:33Z,-9707.11,-8.276367,-8.276367
ml_lightgbm,ML – LightGBM,NEE,lightgbm,lightgbm,lightgbm,binary,binary-2026-05,D-ml_lightgbm-eed891314b8a,S-NEE-lightgbm-20240711-a95244,T-ml_lightgbm-b6890517dfcc,SELL,2026-05-17T18:43:33Z,2024-07-11,2024-07-11,73.5,72.9,73.5,75.21,73.46,74.7,12188700,239.0,239.0,0.0,54534.18,72100.68,17566.5,0.0,90100.26,89813.46,0.2,0.195,0.0,41.6,0.168,0.416,0.55,57.27,-0.25,-0.4314,0.1814,74.7691,69.9679,72.3685,72.3685,73.8622,0.017403,-0.040562,0.038019,-430.2,-0.023904,30,False,prob_below_sell_threshold,prob_below_sell_threshold,2026-05-15,1.0,2026-05-17T18:43:33Z,-10137.31,-8.598841,-8.598841
ml_lightgbm,ML – LightGBM,NEE,lightgbm,lightgbm,lightgbm,binary,binary-2026-05,D-ml_lightgbm-cdd8b173bb93,S-NEE-lightgbm-20240715-a3c80b,T-ml_lightgbm-bece2b5dde8a,BUY,2026-05-17T18:43:33Z,2024-07-15,2024-07-15,74.17,76.0,74.17,74.4,70.76,70.97,19575400,241.0,0.0,241.0,72100.68,54225.71,0.0,17874.97,89710.74,88939.54,0.2,0.0,0.201,56.76,0.1352,0.5676,0.55,43.96,-0.1416,-0.2987,0.157,75.3834,69.5066,72.445,72.445,74.09,0.013104,0.027195,0.093138,,,,,prob_above_buy_threshold,prob_above_buy_threshold,2026-05-15,1.0,2026-05-17T18:43:33Z,-10137.31,-8.598841,-8.598841
ml_lightgbm,ML – LightGBM,PG,lightgbm,lightgbm,lightgbm,binary,binary-2026-05,D-ml_lightgbm-ec96b4049124,S-PG-lightgbm-20240717-c6a242,T-ml_lightgbm-6db1ba8f6390,SELL,2026-05-17T18:43:33Z,2024-07-17,2024-07-17,167.75,166.95,167.75,170.17,167.33,169.44,7982300,107.0,107.0,0.0,54225.71,72174.96,17949.25,0.0,89442.69,89261.86,0.2,0.2007,0.0,39.78,0.2044,0.3978,0.55,59.67,0.2975,0.0714,0.2261,169.7782,162.8758,166.327,166.327,166.1692,-0.005902,-0.008499,-0.003777,187.25,0.010542,19,True,prob_below_sell_threshold,prob_below_sell_threshold,2026-05-15,1.0,2026-05-17T18:43:33Z,-9950.06,-8.45848,-8.598841
ml_lightgbm,ML – LightGBM,NEE,lightgbm,lightgbm,lightgbm,binary,binary-2026-05,D-ml_lightgbm-4d56ac68a4cd,S-NEE-lightgbm-20240724-b710fa,T-ml_lightgbm-8ac23b133f26,SELL,2026-05-17T18:43:33Z,2024-07-24,2024-07-24,72.73,72.11,72.73,75.75,72.29,75.41,17813700,241.0,241.0,0.0,72174.96,89702.9,17527.93,0.0,90348.78,89702.9,0.2,0.194,0.0,40.54,0.1893,0.4054,0.55,58.02,-0.0142,-0.2467,0.2325,75.5213,69.2667,72.394,72.394,74.1596,-0.026124,0.012996,0.056093,-347.04,-0.019415,9,False,prob_below_sell_threshold,prob_below_sell_threshold,2026-05-15,1.0,2026-05-17T18:43:33Z,-10297.1,-8.718618,-8.718618
ml_lightgbm,ML – LightGBM,PG,lightgbm,lightgbm,lightgbm,binary,binary-2026-05,D-ml_lightgbm-1da9f2c99ed1,S-PG-lightgbm-20240730-691dbf,T-ml_lightgbm-8180713124eb,BUY,2026-05-17T18:43:33Z,2024-07-30,2024-07-30,161.79,169.93,161.79,162.38,158.04,161.7,15746300,110.0,0.0,110.0,89702.9,71906.0,0.0,17796.9,89702.9,89693.0,0.2,0.0,0.1984,61.84,0.2368,0.6184,0.55,39.03,0.192,0.4272,-0.2352,170.6626,162.5324,166.5975,166.5975,166.4242,-0.005813,0.039518,0.046691,,,,,prob_above_buy_threshold,prob_above_buy_threshold,2026-05-15,1.0,2026-05-17T18:43:33Z,-10297.1,-8.718618,-8.718618
ml_lightgbm,ML – LightGBM,WMT,lightgbm,lightgbm,lightgbm,binary,binary-2026-05,D-ml_lightgbm-2baf7dd48db0,S-WMT-lightgbm-20240731-becec6,T-ml_lightgbm-d42acc0b56a6,BUY,2026-05-17T18:43:33Z,2024-07-31,2024-07-31,69.18,69.19,69.18,69.25,68.29,68.64,22908800,259.0,0.0,259.0,71906.0,53988.38,0.0,17917.62,89589.6,89449.73,0.2,0.0,0.2003,55.01,0.1002,0.5501,0.55,45.66,0.5042,0.8445,-0.3403,71.3296,68.5094,69.9195,69.9195,67.935,0.016754,-0.025204,0.108392,,,,,prob_above_buy_threshold,prob_above_buy_threshold,2026-05-15,1.0,2026-05-17T18:43:33Z,-10297.1,-8.718618,-8.718618
ml_lightgbm,ML – LightGBM,PG,lightgbm,lightgbm,lightgbm,binary,binary-2026-05,D-ml_lightgbm-635a2bdb8f1d,S-PG-lightgbm-20240802-3c4550,T-ml_lightgbm-f752415d91fa,SELL,2026-05-17T18:43:33Z,2024-08-02,2024-08-02,167.44,165.69,167.44,170.35,165.15,170.08,11899000,110.0,110.0,0.0,53988.38,72406.78,18418.4,0.0,90428.32,90137.92,0.2,0.2037,0.0,42.72,0.1455,0.4272,0.55,56.58,0.0464,0.1387,-0.0922,171.513,162.041,166.777,166.777,166.2888,-0.011877,0.002705,0.008584,621.5,0.034922,3,True,prob_below_sell_threshold,prob_below_sell_threshold,2026-05-15,1.0,2026-05-17T18:43:33Z,-9675.6,-8.252747,-8.718618
ml_lightgbm,ML – LightGBM,WMT,lightgbm,lightgbm,lightgbm,binary,binary-2026-05,D-ml_lightgbm-524c84129b24,S-WMT-lightgbm-20240815-e731f6,T-ml_lightgbm-bdf698d39803,SELL,2026-05-17T18:43:33Z,2024-08-15,2024-08-15,74.12,68.66,74.12,74.44,72.78,73.18,49567500,259.0,259.0,0.0,72406.78,91603.86,19197.08,0.0,91360.4,91603.86,0.2,0.2101,0.0,29.81,0.4038,0.2981,0.55,69.26,0.2151,0.0266,0.1885,72.107,66.333,69.22,69.22,68.6738,0.003689,0.032796,0.101394,1279.46,0.071408,15,True,prob_below_sell_threshold,prob_below_sell_threshold,2026-05-15,1.0,2026-05-17T18:43:33Z,-8396.14,-7.293675,-8.718618
ml_lightgbm,ML – LightGBM,JNJ,lightgbm,lightgbm,lightgbm,binary,binary-2026-05,D-ml_lightgbm-340b6beaf8ac,S-JNJ-lightgbm-20240925-914ad1,T-ml_lightgbm-ed9c674f5462,BUY,2026-05-17T18:43:33Z,2024-09-25,2024-09-25,163.0,162.78,163.0,163.32,160.36,160.6,5420000,112.0,0.0,112.0,91603.86,73347.86,0.0,18256.0,91603.86,91335.06,0.2,0.0,0.1999,60.69,0.2139,0.6069,0.55,40.17,0.4653,1.3158,-0.8506,168.5744,161.6916,165.133,165.133,161.7118,0.004919,0.003549,0.032752,,,,,prob_above_buy_threshold,prob_above_buy_threshold,2026-05-15,1.0,2026-05-17T18:43:33Z,-8396.14,-7.293675,-8.718618
ml_lightgbm,ML – LightGBM,PG,lightgbm,lightgbm,lightgbm,binary,binary-2026-05,D-ml_lightgbm-d8e13c73ae00,S-PG-lightgbm-20241003-963b87,T-ml_lightgbm-16a349c1e00a,BUY,2026-05-17T18:43:33Z,2024-10-03,2024-10-03,171.37,171.92,171.37,171.37,169.77,170.12,4794300,106.0,0.0,106.0,73347.86,55182.64,0.0,18165.22,91323.86,91191.36,0.2,0.0,0.1992,58.7,0.1741,0.587,0.55,42.02,0.0803,0.6457,-0.5654,177.5561,170.2459,173.901,173.901,171.0582,-0.007289,-0.006877,-0.029038,,,,,prob_above_buy_threshold,prob_above_buy_threshold,2026-05-15,1.0,2026-05-17T18:43:33Z,-8396.14,-7.293675,-8.718618
ml_lightgbm,ML – LightGBM,DUK,lightgbm,lightgbm,lightgbm,binary,binary-2026-05,D-ml_lightgbm-56e243729a59,S-DUK-lightgbm-20241004-f0a9e8,T-ml_lightgbm-c4aebaab3d07,BUY,2026-05-17T18:43:33Z,2024-10-04,2024-10-04,114.63,115.76,114.63,114.87,113.81,114.05,3512900,158.0,0.0,158.0,55182.64,37071.1,0.0,18111.54,91036.4,90944.76,0.2,0.0,0.1991,56.1,0.122,0.561,0.55,44.56,0.4107,0.7813,-0.3706,117.9211,114.4829,116.202,116.202,114.162,-0.033494,0.001052,-0.012012,,,,,prob_above_buy_threshold,prob_above_buy_threshold,2026-05-15,1.0,2026-05-17T18:43:33Z,-8396.14,-7.293675,-8.718618
ml_lightgbm,ML – LightGBM,NEE,lightgbm,lightgbm,lightgbm,binary,binary-2026-05,D-ml_lightgbm-d1a1393d81bc,S-NEE-lightgbm-20241007-443f90,T-ml_lightgbm-95d38e10a2a9,BUY,2026-05-17T18:43:33Z,2024-10-07,2024-10-07,83.55,83.85,83.55,83.55,80.19,80.29,11971600,215.0,0.0,215.0,37071.1,19107.85,0.0,17963.25,90069.52,89368.62,0.2,0.0,0.201,61.41,0.2281,0.6141,0.55,40.02,0.8265,1.2979,-0.4714,86.4088,81.4842,83.9465,83.9465,80.7338,0.002616,0.032632,-0.023913,,,,,prob_above_buy_threshold,prob_above_buy_threshold,2026-05-15,1.0,2026-05-17T18:43:33Z,-8396.14,-7.293675,-8.718618
ml_lightgbm,ML – LightGBM,JNJ,lightgbm,lightgbm,lightgbm,binary,binary-2026-05,D-ml_lightgbm-8fd1972a08d8,S-JNJ-lightgbm-20241015-5980a8,T-ml_lightgbm-1ee372d3ce7e,SELL,2026-05-17T18:43:33Z,2024-10-15,2024-10-15,160.0,161.6,160.0,166.75,159.0,164.1,10548000,112.0,112.0,0.0,19107.85,37027.85,17920.0,0.0,92190.28,91731.08,0.2,0.1944,0.0,40.39,0.1922,0.4039,0.55,59.22,-0.3641,-0.5015,0.1375,165.3863,158.4207,161.9035,161.9035,162.564,0.001097,-0.003961,-0.069836,-336.0,-0.018405,20,False,prob_below_sell_threshold,prob_below_sell_threshold,2026-05-15,1.0,2026-05-17T18:43:33Z,-8732.14,-7.545538,-8.718618
ml_lightgbm,ML – LightGBM,PG,lightgbm,lightgbm,lightgbm,binary,binary-2026-05,D-ml_lightgbm-fdcdd0da1bcf,S-PG-lightgbm-20241015-8da12b,T-ml_lightgbm-9d3a5ab61103,SELL,2026-05-17T18:43:33Z,2024-10-15,2024-10-15,172.89,172.51,172.89,174.91,172.82,173.57,7172200,106.0,106.0,0.0,37027.85,55354.19,18326.34,0.0,92190.28,91659.0,0.2,0.1988,0.0,43.32,0.1336,0.4332,0.55,56.3,-0.341,-0.4311,0.0901,175.9199,167.4341,171.677,171.677,171.6046,-0.006856,-0.022297,-0.044535,161.12,0.00887,12,True,prob_below_sell_threshold,prob_below_sell_threshold,2026-05-15,1.0,2026-05-17T18:43:33Z,-8571.02,-7.424764,-8.718618
ml_lightgbm,ML – LightGBM,DUK,lightgbm,lightgbm,lightgbm,binary,binary-2026-05,D-ml_lightgbm-86a831bfc98a,S-DUK-lightgbm-20241015-6c4af3,T-ml_lightgbm-fc592a59c9a4,SELL,2026-05-17T18:43:33Z,2024-10-15,2024-10-15,116.5,115.09,116.5,118.07,115.7,117.12,2863200,158.0,158.0,0.0,55354.19,73761.19,18407.0,0.0,92190.28,91561.04,0.2,0.1997,0.0,40.39,0.1922,0.4039,0.55,59.0,-0.0936,-0.1196,0.026,118.908,110.868,114.888,114.888,114.5282,0.022712,0.023566,-0.04474,295.46,0.016313,11,True,prob_below_sell_threshold,prob_below_sell_threshold,2026-05-15,1.0,2026-05-17T18:43:33Z,-8275.56,-7.203289,-8.718618
ml_lightgbm,ML – LightGBM,NEE,lightgbm,lightgbm,lightgbm,binary,binary-2026-05,D-ml_lightgbm-be7e87f45413,S-NEE-lightgbm-20241016-70567b,T-ml_lightgbm-a993e9329294,SELL,2026-05-17T18:43:33Z,2024-10-16,2024-10-16,83.08,82.79,83.08,84.64,82.73,84.39,8061600,215.0,215.0,0.0,73761.19,91623.39,17862.2,0.0,91905.04,91623.39,0.2,0.1944,0.0,41.04,0.1791,0.4104,0.55,58.54,0.2409,0.4036,-0.1628,86.5664,79.9506,83.2585,83.2585,81.4882,-0.007228,0.006754,-0.120275,-101.05,-0.005625,9,False,prob_below_sell_threshold,prob_below_sell_threshold,2026-05-15,1.0,2026-05-17T18:43:33Z,-8376.61,-7.279035,-8.718618
ml_lightgbm,ML – LightGBM,PG,lightgbm,lightgbm,lightgbm,binary,binary-2026-05,D-ml_lightgbm-7037ae81469a,S-PG-lightgbm-20241021-e36848,T-ml_lightgbm-32b4c8f484c5,BUY,2026-05-17T18:43:33Z,2024-10-21,2024-10-21,170.98,171.28,170.98,171.48,168.45,169.54,5522500,107.0,0.0,107.0,91623.39,73328.53,0.0,18294.86,91623.39,91469.31,0.2,0.0,0.2,56.71,0.1342,0.5671,0.55,43.63,-0.2914,-0.2985,0.0072,175.1905,167.3665,171.2785,171.2785,171.7238,0.000944,-0.001416,0.007137,,,,,prob_above_buy_threshold,prob_above_buy_threshold,2026-05-15,1.0,2026-05-17T18:43:33Z,-8376.61,-7.279035,-8.718618
ml_lightgbm,ML – LightGBM,JNJ,lightgbm,lightgbm,lightgbm,binary,binary-2026-05,D-ml_lightgbm-5c672bfeaaeb,S-JNJ-lightgbm-20241025-631615,T-ml_lightgbm-f35a07667878,BUY,2026-05-17T18:43:33Z,2024-10-25,2024-10-25,163.68,163.67,163.68,163.92,160.61,160.88,6400400,111.0,0.0,111.0,73328.53,55160.05,0.0,18168.48,91328.07,91017.27,0.2,0.0,0.1996,56.5,0.13,0.565,0.55,43.77,0.2421,0.1716,0.0705,165.8969,158.5141,162.2055,162.2055,163.2842,0.004475,-0.004662,-0.035492,,,,,prob_above_buy_threshold,prob_above_buy_threshold,2026-05-15,1.0,2026-05-17T18:43:33Z,-8376.61,-7.279035,-8.718618
ml_lightgbm,ML – LightGBM,NEE,lightgbm,lightgbm,lightgbm,binary,binary-2026-05,D-ml_lightgbm-d06a3fecc7b0,S-NEE-lightgbm-20241025-6f3cdd,T-ml_lightgbm-a1ef33545289,BUY,2026-05-17T18:43:33Z,2024-10-25,2024-10-25,82.9,82.81,82.9,83.13,81.29,81.43,6580700,220.0,0.0,220.0,55160.05,36922.05,0.0,18238.0,91328.07,90693.87,0.2,0.0,0.2011,56.99,0.1398,0.5699,0.55,43.75,0.2257,0.3849,-0.1592,86.4937,79.8543,83.174,83.174,82.3164,0.017684,-0.050104,-0.066683,,,,,prob_above_buy_threshold,prob_above_buy_threshold,2026-05-15,1.0,2026-05-17T18:43:33Z,-8376.61,-7.279035,-8.718618
ml_lightgbm,ML – LightGBM,DUK,lightgbm,lightgbm,lightgbm,binary,binary-2026-05,D-ml_lightgbm-b9cde8137c84,S-DUK-lightgbm-20241029-317f09,T-ml_lightgbm-5f0b70c81cdd,BUY,2026-05-17T18:43:33Z,2024-10-29,2024-10-29,116.0,117.06,116.0,116.35,114.38,114.41,3478800,155.0,0.0,155.0,36922.05,18942.05,0.0,17980.0,90082.43,89835.98,0.2,0.0,0.2001,58.05,0.1609,0.5805,0.55,42.52,0.7083,0.9567,-0.2484,123.0343,109.7027,116.3685,116.3685,115.7072,-0.003584,-0.002884,0.022987,,,,,prob_above_buy_threshold,prob_above_buy_threshold,2026-05-15,1.0,2026-05-17T18:43:33Z,-8376.61,-7.279035,-8.718618
ml_lightgbm,ML – LightGBM,PG,lightgbm,lightgbm,lightgbm,binary,binary-2026-05,D-ml_lightgbm-6b795701b641,S-PG-lightgbm-20241115-d5ee73,T-ml_lightgbm-b29838f65fa2,SELL,2026-05-17T18:43:33Z,2024-11-15,2024-11-15,167.94,167.08,167.94,170.57,166.88,169.54,9939400,107.0,107.0,0.0,18942.05,36911.63,17969.58,0.0,88360.18,88188.98,0.2,0.2034,0.0,44.41,0.1117,0.4441,0.55,55.01,-0.8799,-1.3594,0.4795,171.4511,162.3139,166.8825,166.8825,170.3114,0.007137,0.039755,0.009437,-325.28,-0.01778,25,False,prob_below_sell_threshold,prob_below_sell_threshold,2026-05-15,1.0,2026-05-17T18:43:33Z,-8701.89,-7.522863,-8.718618
ml_lightgbm,ML – LightGBM,DUK,lightgbm,lightgbm,lightgbm,binary,binary-2026-05,D-ml_lightgbm-4a38304f581c,S-DUK-lightgbm-20241126-2d7672,T-ml_lightgbm-b1754bd116f2,SELL,2026-05-17T18:43:33Z,2024-11-26,2024-11-26,115.39,115.0,115.39,117.1,115.08,117.04,2850500,155.0,155.0,0.0,36911.63,54797.08,17885.45,0.0,89252.35,88996.6,0.2,0.2004,0.0,38.56,0.2289,0.3856,0.55,60.44,-0.0325,-0.5449,0.5124,116.4493,110.2957,113.3725,113.3725,115.0874,0.003247,-0.032126,-0.07459,-94.55,-0.005259,28,False,prob_below_sell_threshold,prob_below_sell_threshold,2026-05-15,1.0,2026-05-17T18:43:33Z,-8796.44,-7.593736,-8.718618
ml_lightgbm,ML – LightGBM,DUK,lightgbm,lightgbm,lightgbm,binary,binary-2026-05,D-ml_lightgbm-a7bd0f8156f8,S-DUK-lightgbm-20241204-7dca7e,T-ml_lightgbm-e2c30296d7b2,BUY,2026-05-17T18:43:33Z,2024-12-04,2024-12-04,113.45,113.64,113.45,113.75,112.72,113.28,2218900,155.0,0.0,155.0,54797.08,37212.33,0.0,17584.75,88162.05,88135.7,0.2,0.0,0.1995,55.34,0.1069,0.5534,0.55,44.8,0.0681,-0.0275,0.0956,117.5595,109.9875,113.7735,113.7735,115.0052,0.006444,-0.032574,-0.048552,,,,,prob_above_buy_threshold,prob_above_buy_threshold,2026-05-15,1.0,2026-05-17T18:43:33Z,-8796.44,-7.593736,-8.718618
ml_lightgbm,ML – LightGBM,PG,lightgbm,lightgbm,lightgbm,binary,binary-2026-05,D-ml_lightgbm-2f9a3a970b4e,S-PG-lightgbm-20241209-eff096,T-ml_lightgbm-5bb661ecde1f,BUY,2026-05-17T18:43:33Z,2024-12-09,2024-12-09,173.64,173.82,173.64,173.76,170.43,170.79,7164300,100.0,0.0,100.0,37212.33,19848.33,0.0,17364.0,87590.23,87305.23,0.2,0.0,0.1989,55.78,0.1156,0.5578,0.55,44.7,1.5563,1.9229,-0.3666,182.3185,163.9505,173.1345,173.1345,170.5808,0.008724,0.002049,-0.050881,,,,,prob_above_buy_threshold,prob_above_buy_threshold,2026-05-15,1.0,2026-05-17T18:43:33Z,-8796.44,-7.593736,-8.718618
ml_lightgbm,ML – LightGBM,WMT,lightgbm,lightgbm,lightgbm,binary,binary-2026-05,D-ml_lightgbm-f364cc7ba7a5,S-WMT-lightgbm-20241223-78629f,T-ml_lightgbm-0a39e0b7b49d,BUY,2026-05-17T18:43:33Z,2024-12-23,2024-12-23,91.5,92.24,91.5,91.5,88.91,90.35,26205400,187.0,0.0,187.0,19848.33,2737.83,0.0,17110.5,85558.9,85343.85,0.2,0.0,0.2005,55.62,0.1123,0.5562,0.55,45.59,1.5181,2.2736,-0.7556,96.7418,90.0882,93.415,93.415,87.473,0.025789,0.0,0.04881,,,,,prob_above_buy_threshold,prob_above_buy_threshold,2026-05-15,1.0,2026-05-17T18:43:33Z,-8796.44,-7.593736,-8.718618
ml_lightgbm,ML – LightGBM,WMT,lightgbm,lightgbm,lightgbm,binary,binary-2026-05,D-ml_lightgbm-08475f5de461,S-WMT-lightgbm-20250110-edf577,T-ml_lightgbm-ff155fd1ffe1,SELL,2026-05-17T18:43:33Z,2025-01-10,2025-01-10,92.49,91.8,92.49,93.58,92.2,93.0,18140900,187.0,187.0,0.0,2737.83,20033.46,17295.63,0.0,82986.94,82891.57,0.2,0.2084,0.0,42.79,0.1443,0.4279,0.55,57.04,0.2741,0.5314,-0.2573,95.7804,89.1196,92.45,92.45,89.5952,-0.015806,-0.011398,0.106667,185.13,0.01082,18,True,prob_below_sell_threshold,prob_below_sell_threshold,2026-05-15,1.0,2026-05-17T18:43:33Z,-8611.31,-7.454965,-8.718618
ml_lightgbm,ML – LightGBM,JNJ,lightgbm,lightgbm,lightgbm,binary,binary-2026-05,D-ml_lightgbm-0998700a91eb,S-JNJ-lightgbm-20250116-4fb1d0,T-ml_lightgbm-e056d6af3825,SELL,2026-05-17T18:43:33Z,2025-01-16,2025-01-16,144.32,144.97,144.32,148.07,144.06,147.77,8964000,111.0,111.0,0.0,20033.46,36052.98,16019.52,0.0,85091.63,84708.68,0.2,0.1883,0.0,44.87,0.1025,0.4487,0.55,54.34,-1.2423,-1.9056,0.6633,147.3182,142.0128,144.6655,144.6655,149.5534,-0.005008,-0.006429,0.05671,-2148.96,-0.118279,83,False,prob_below_sell_threshold,prob_below_sell_threshold,2026-05-15,1.0,2026-05-17T18:43:33Z,-10760.27,-9.065807,-9.065807
ml_lightgbm,ML – LightGBM,DUK,lightgbm,lightgbm,lightgbm,binary,binary-2026-05,D-ml_lightgbm-b68ec7b530de,S-DUK-lightgbm-20250121-aadbef,T-ml_lightgbm-1a919e0195be,SELL,2026-05-17T18:43:33Z,2025-01-21,2025-01-21,110.0,109.26,110.0,111.35,109.3,110.77,3144100,155.0,155.0,0.0,36052.98,53102.98,17050.0,0.0,84981.33,84861.98,0.2,0.2006,0.0,40.76,0.1847,0.4076,0.55,58.32,-0.5245,-1.0821,0.5576,110.1952,105.4448,107.82,107.82,110.5922,-0.017604,0.004875,0.009208,-534.75,-0.03041,48,False,prob_below_sell_threshold,prob_below_sell_threshold,2026-05-15,1.0,2026-05-17T18:43:33Z,-11295.02,-9.466651,-9.466651
ml_lightgbm,ML – LightGBM,NEE,lightgbm,lightgbm,lightgbm,binary,binary-2026-05,D-ml_lightgbm-23e95a2e7972,S-NEE-lightgbm-20250124-385fb1,T-ml_lightgbm-e611c110057e,SELL,2026-05-17T18:43:33Z,2025-01-24,2025-01-24,68.1,69.23,68.1,74.05,68.0,72.83,24588500,220.0,220.0,0.0,53102.98,68084.98,14982.0,0.0,85537.58,84496.98,0.2,0.1752,0.0,43.69,0.1261,0.4369,0.55,55.15,-0.8717,-1.2477,0.376,74.0843,67.1067,70.5955,70.5955,73.2538,0.013731,-0.017438,-0.027873,-3256.0,-0.178528,91,False,prob_below_sell_threshold,prob_below_sell_threshold,2026-05-15,1.0,2026-05-17T18:43:33Z,-14551.02,-11.907321,-11.907321
ml_lightgbm,ML – LightGBM,PG,lightgbm,lightgbm,lightgbm,binary,binary-2026-05,D-ml_lightgbm-712abfa3c4c5,S-PG-lightgbm-20250127-b876ff,T-ml_lightgbm-667699f4bbfe,SELL,2026-05-17T18:43:33Z,2025-01-27,2025-01-27,166.72,164.12,166.72,169.94,166.11,169.66,9170800,100.0,100.0,0.0,68084.98,84756.98,16672.0,0.0,85050.98,84756.98,0.2,0.196,0.0,38.37,0.2326,0.3837,0.55,60.49,-0.9907,-2.0306,1.0399,171.1155,156.3195,163.7175,163.7175,168.8136,-0.020453,-0.005305,0.017623,-692.0,-0.039853,49,False,prob_below_sell_threshold,prob_below_sell_threshold,2026-05-15,1.0,2026-05-17T18:43:33Z,-15243.02,-12.426038,-12.426038
ml_lightgbm,ML – LightGBM,NEE,lightgbm,lightgbm,lightgbm,binary,binary-2026-05,D-ml_lightgbm-60e5f5433621,S-NEE-lightgbm-20250204-0e61f1,T-ml_lightgbm-18d27cf0391a,BUY,2026-05-17T18:43:33Z,2025-02-04,2025-02-04,70.25,71.05,70.25,70.85,69.62,69.9,10574700,241.0,0.0,241.0,84756.98,67826.73,0.0,16930.25,84756.98,84672.63,0.2,0.0,0.1999,55.17,0.1034,0.5517,0.55,45.04,-0.3647,-0.5661,0.2013,73.6664,66.9876,70.327,70.327,72.645,-0.010014,0.006152,0.008298,,,,,prob_above_buy_threshold,prob_above_buy_threshold,2026-05-15,1.0,2026-05-17T18:43:33Z,-15243.02,-12.426038,-12.426038
ml_lightgbm,ML – LightGBM,PG,lightgbm,lightgbm,lightgbm,binary,binary-2026-05,D-ml_lightgbm-017d266d2fa3,S-PG-lightgbm-20250214-951512,T-ml_lightgbm-750f7ee71600,BUY,2026-05-17T18:43:33Z,2025-02-14,2025-02-14,169.79,171.02,169.79,170.0,162.3,162.89,13179500,99.0,0.0,99.0,67826.73,51017.52,0.0,16809.21,84229.19,83546.09,0.2,0.0,0.2012,59.48,0.1896,0.5948,0.55,41.29,0.549,0.5111,0.0379,172.1965,161.4575,166.827,166.827,167.2842,0.015593,0.046964,0.042176,,,,,prob_above_buy_threshold,prob_above_buy_threshold,2026-05-15,1.0,2026-05-17T18:43:33Z,-15243.02,-12.426038,-12.426038
ml_lightgbm,ML – LightGBM,WMT,lightgbm,lightgbm,lightgbm,binary,binary-2026-05,D-ml_lightgbm-1ba0ba558ae7,S-WMT-lightgbm-20250220-c75436,T-ml_lightgbm-72c219b51cb1,BUY,2026-05-17T18:43:33Z,2025-02-20,2025-02-20,98.78,104.0,98.78,100.12,96.68,97.21,55450900,171.0,0.0,171.0,51017.52,34126.14,0.0,16891.38,84475.05,84206.58,0.2,0.0,0.2006,56.62,0.1323,0.5662,0.55,44.53,2.2767,2.6381,-0.3614,106.8893,93.8527,100.371,100.371,95.6742,-0.024997,-0.004321,-0.117272,,,,,prob_above_buy_threshold,prob_above_buy_threshold,2026-05-15,1.0,2026-05-17T18:43:33Z,-15243.02,-12.426038,-12.426038
ml_lightgbm,ML – LightGBM,PG,lightgbm,lightgbm,lightgbm,binary,binary-2026-05,D-ml_lightgbm-c11123c25bcb,S-PG-lightgbm-20250221-1aec20,T-ml_lightgbm-fd6edad383dd,SELL,2026-05-17T18:43:33Z,2025-02-21,2025-02-21,167.44,167.21,167.44,170.55,165.92,170.23,9813700,99.0,99.0,0.0,34126.14,50702.7,16576.56,0.0,84437.07,84160.86,0.2,0.1963,0.0,42.74,0.1452,0.4274,0.55,56.72,0.4868,0.4165,0.0703,171.6676,163.5484,167.608,167.608,166.6638,0.001821,0.021207,-0.020795,-232.65,-0.013841,7,False,prob_below_sell_threshold,prob_below_sell_threshold,2026-05-15,1.0,2026-05-17T18:43:33Z,-15475.67,-12.60043,-12.60043
ml_lightgbm,ML – LightGBM,NEE,lightgbm,lightgbm,lightgbm,binary,binary-2026-05,D-ml_lightgbm-243ea6fcccab,S-NEE-lightgbm-20250221-ec5d34,T-ml_lightgbm-77c61537d6c5,SELL,2026-05-17T18:43:33Z,2025-02-21,2025-02-21,70.14,70.14,70.14,71.97,70.01,71.58,16742500,241.0,241.0,0.0,50702.7,67606.44,16903.74,0.0,84437.07,83813.82,0.2,0.2002,0.0,43.47,0.1306,0.4347,0.55,55.83,-0.3895,-0.6042,0.2147,73.1777,67.2113,70.1945,70.1945,70.8428,-0.010897,-0.019698,-0.009779,-26.51,-0.001566,17,False,prob_below_sell_threshold,prob_below_sell_threshold,2026-05-15,1.0,2026-05-17T18:43:33Z,-15502.18,-12.620302,-12.620302
ml_lightgbm,ML – LightGBM,PG,lightgbm,lightgbm,lightgbm,binary,binary-2026-05,D-ml_lightgbm-6faf5ca2d235,S-PG-lightgbm-20250312-2c6c27,T-ml_lightgbm-4b194ba04714,BUY,2026-05-17T18:43:33Z,2025-03-12,2025-03-12,169.7,173.12,169.7,171.83,167.77,168.37,10158800,96.0,0.0,96.0,67606.44,51315.24,0.0,16291.2,82175.64,82047.96,0.2,0.0,0.1986,56.04,0.1209,0.5604,0.55,44.56,1.5638,1.807,-0.2431,178.4663,164.0227,171.2445,171.2445,167.4922,0.001307,0.001188,-0.035933,,,,,prob_above_buy_threshold,prob_above_buy_threshold,2026-05-15,1.0,2026-05-17T18:43:33Z,-15502.18,-12.620302,-12.620302
ml_lightgbm,ML – LightGBM,NEE,lightgbm,lightgbm,lightgbm,binary,binary-2026-05,D-ml_lightgbm-864ae5fc2229,S-NEE-lightgbm-20250324-6c9d13,T-ml_lightgbm-3b88c94ff387,BUY,2026-05-17T18:43:33Z,2025-03-24,2025-03-24,70.95,70.88,70.95,71.79,69.91,70.07,12385400,231.0,0.0,231.0,51315.24,34925.79,0.0,16389.45,82178.43,81975.15,0.2,0.0,0.1999,55.57,0.1113,0.5557,0.55,45.22,0.0712,0.3542,-0.283,74.8506,68.3924,71.6215,71.6215,70.5886,-0.021122,0.011703,-0.048951,,,,,prob_above_buy_threshold,prob_above_buy_threshold,2026-05-15,1.0,2026-05-17T18:43:33Z,-15502.18,-12.620302,-12.620302
ml_lightgbm,ML – LightGBM,JNJ,lightgbm,lightgbm,lightgbm,binary,binary-2026-05,D-ml_lightgbm-95bf6e8a4add,S-JNJ-lightgbm-20250401-936948,T-ml_lightgbm-101402b40f3d,BUY,2026-05-17T18:43:33Z,2025-04-01,2025-04-01,160.73,165.84,160.73,161.81,153.13,153.25,23303100,103.0,0.0,103.0,34925.79,18370.6,0.0,16555.19,82872.0,82101.56,0.2,0.0,0.2016,67.67,0.3534,0.6767,0.55,33.87,0.1689,1.1558,-0.9869,169.1555,157.6985,163.427,163.427,158.9958,0.013768,-0.021207,0.019967,,,,,prob_above_buy_threshold,prob_above_buy_threshold,2026-05-15,1.0,2026-05-17T18:43:33Z,-15502.18,-12.620302,-12.620302
ml_lightgbm,ML – LightGBM,PG,lightgbm,lightgbm,lightgbm,binary,binary-2026-05,D-ml_lightgbm-b9f1793cb990,S-PG-lightgbm-20250403-f19ed8,T-ml_lightgbm-e5bf9d4bdcf1,SELL,2026-05-17T18:43:33Z,2025-04-03,2025-04-03,174.23,169.5,174.23,174.8,170.73,172.39,9393300,96.0,96.0,0.0,18370.6,35096.68,16726.08,0.0,82967.3,83143.94,0.2,0.2016,0.0,42.18,0.1563,0.4218,0.55,57.19,0.0363,-0.3457,0.3819,175.5896,162.9334,169.2615,169.2615,169.2376,-0.050119,-0.051221,-0.068855,434.88,0.026694,22,True,prob_below_sell_threshold,prob_below_sell_threshold,2026-05-15,1.0,2026-05-17T18:43:33Z,-15067.3,-12.29432,-12.620302
ml_lightgbm,ML – LightGBM,NEE,lightgbm,lightgbm,lightgbm,binary,binary-2026-05,D-ml_lightgbm-e80be3d56952,S-NEE-lightgbm-20250403-187d0c,T-ml_lightgbm-586c411ccab9,SELL,2026-05-17T18:43:33Z,2025-04-03,2025-04-03,71.67,70.48,71.67,72.96,71.37,72.14,13652700,231.0,231.0,0.0,35096.68,51652.45,16555.77,0.0,82967.3,83035.37,0.2,0.1995,0.0,44.54,0.1091,0.4454,0.55,55.17,-0.0682,-0.0963,0.0281,74.983,68.103,71.543,71.543,70.7916,-0.072498,-0.075132,-0.070003,166.32,0.010148,10,True,prob_below_sell_threshold,prob_below_sell_threshold,2026-05-15,1.0,2026-05-17T18:43:33Z,-14900.98,-12.169648,-12.620302
ml_lightgbm,ML – LightGBM,PG,lightgbm,lightgbm,lightgbm,binary,binary-2026-05,D-ml_lightgbm-0949f5f806b1,S-PG-lightgbm-20250404-3aabee,T-ml_lightgbm-3967eb28c012,BUY,2026-05-17T18:43:33Z,2025-04-04,2025-04-04,171.77,172.39,171.77,173.6,163.47,163.75,13454200,95.0,0.0,95.0,51652.45,35334.3,0.0,16318.15,81661.66,80899.76,0.2,0.0,0.2017,60.05,0.201,0.6005,0.55,40.9,-0.41,-0.3585,-0.0515,174.6252,162.6778,168.6515,168.6515,169.1896,-0.021496,0.019298,-0.030046,,,,,prob_above_buy_threshold,prob_above_buy_threshold,2026-05-15,1.0,2026-05-17T18:43:33Z,-14900.98,-12.169648,-12.620302
ml_lightgbm,ML – LightGBM,NEE,lightgbm,lightgbm,lightgbm,binary,binary-2026-05,D-ml_lightgbm-31f542170da7,S-NEE-lightgbm-20250404-80a899,T-ml_lightgbm-035551a7ec6e,BUY,2026-05-17T18:43:33Z,2025-04-04,2025-04-04,72.79,72.14,72.79,73.42,66.86,66.91,20993500,224.0,0.0,224.0,35334.3,19029.34,0.0,16304.96,81661.66,79582.64,0.2,0.0,0.2049,64.1,0.282,0.641,0.55,37.79,-0.3809,-0.1532,-0.2277,75.177,67.317,71.247,71.247,70.7452,-0.027649,-0.01644,-0.012106,,,,,prob_above_buy_threshold,prob_above_buy_threshold,2026-05-15,1.0,2026-05-17T18:43:33Z,-14900.98,-12.169648,-12.620302
ml_lightgbm,ML – LightGBM,DUK,lightgbm,lightgbm,lightgbm,binary,binary-2026-05,D-ml_lightgbm-29133f137819,S-DUK-lightgbm-20250408-d0ea08,T-ml_lightgbm-5923424c5e72,BUY,2026-05-17T18:43:33Z,2025-04-08,2025-04-08,118.17,116.86,118.17,118.36,114.7,115.95,4976200,131.0,0.0,131.0,19029.34,3549.07,0.0,15480.27,77873.12,77582.3,0.2,0.0,0.1995,56.25,0.125,0.5625,0.55,44.72,0.6388,1.1117,-0.473,123.2387,115.0343,119.1365,119.1365,116.49,0.003105,0.039155,0.057352,,,,,prob_above_buy_threshold,prob_above_buy_threshold,2026-05-15,1.0,2026-05-17T18:43:33Z,-14900.98,-12.169648,-12.620302
ml_lightgbm,ML – LightGBM,WMT,lightgbm,lightgbm,lightgbm,binary,binary-2026-05,D-ml_lightgbm-e1ebb7a4823f,S-WMT-lightgbm-20250410-07732f,T-ml_lightgbm-bed59392231f,SELL,2026-05-17T18:43:33Z,2025-04-10,2025-04-10,88.73,89.6,88.73,91.87,88.16,90.61,34735300,171.0,171.0,0.0,3549.07,18721.9,15172.83,0.0,80147.97,79826.49,0.2,0.1893,0.0,43.62,0.1277,0.4362,0.55,54.58,-1.2542,-1.9356,0.6814,90.7718,81.9702,86.371,86.371,93.0336,0.02417,0.028805,0.067432,-1718.55,-0.101741,49,False,prob_below_sell_threshold,prob_below_sell_threshold,2026-05-15,1.0,2026-05-17T18:43:33Z,-16619.53,-13.457858,-13.457858
ml_lightgbm,ML – LightGBM,DUK,lightgbm,lightgbm,lightgbm,binary,binary-2026-05,D-ml_lightgbm-0349ba206a07,S-DUK-lightgbm-20250414-7fd64c,T-ml_lightgbm-5734cd4868ab,SELL,2026-05-17T18:43:33Z,2025-04-14,2025-04-14,118.69,118.94,118.69,121.19,118.07,120.6,3226200,131.0,131.0,0.0,18721.9,34270.29,15548.39,0.0,81649.49,81399.28,0.2,0.1904,0.0,43.5,0.1299,0.435,0.55,56.02,0.4241,0.6507,-0.2266,123.1831,114.7809,118.982,118.982,117.0202,-0.000912,0.016003,-0.062438,68.12,0.0044,6,True,prob_below_sell_threshold,prob_below_sell_threshold,2026-05-15,1.0,2026-05-17T18:43:33Z,-16551.41,-13.406796,-13.457858
ml_lightgbm,ML – LightGBM,PG,lightgbm,lightgbm,lightgbm,binary,binary-2026-05,D-ml_lightgbm-c78864aef3f1,S-PG-lightgbm-20250417-7a5d8c,T-ml_lightgbm-e27abe81fcbc,SELL,2026-05-17T18:43:33Z,2025-04-17,2025-04-17,167.53,166.39,167.53,171.65,167.35,170.63,7227100,95.0,95.0,0.0,34270.29,50185.64,15915.35,0.0,81552.99,81258.49,0.2,0.1952,0.0,43.8,0.124,0.438,0.55,55.32,-0.3619,-0.9087,0.5468,173.8187,159.2973,166.558,166.558,168.8002,-0.0286,-0.056321,-0.043076,-402.8,-0.024684,13,False,prob_below_sell_threshold,prob_below_sell_threshold,2026-05-15,1.0,2026-05-17T18:43:33Z,-16954.21,-13.708731,-13.708731
ml_lightgbm,ML – LightGBM,PG,lightgbm,lightgbm,lightgbm,binary,binary-2026-05,D-ml_lightgbm-651e26399c68,S-PG-lightgbm-20250424-1b6f3c,T-ml_lightgbm-87b5dfe553ac,BUY,2026-05-17T18:43:33Z,2025-04-24,2025-04-24,160.5,165.73,160.5,160.96,156.58,159.53,20077700,100.0,0.0,100.0,50185.64,34135.64,0.0,16050.0,81005.83,80908.83,0.2,0.0,0.1984,61.31,0.2261,0.6131,0.55,40.05,-0.937,-0.7062,-0.2307,174.1736,158.6544,166.414,166.414,168.5018,0.00934,0.002821,0.034476,,,,,prob_above_buy_threshold,prob_above_buy_threshold,2026-05-15,1.0,2026-05-17T18:43:33Z,-16954.21,-13.708731,-13.708731
ml_lightgbm,ML – LightGBM,NEE,lightgbm,lightgbm,lightgbm,binary,binary-2026-05,D-ml_lightgbm-60e912004f78,S-NEE-lightgbm-20250509-cfcfbf,T-ml_lightgbm-1f0f860ef714,SELL,2026-05-17T18:43:33Z,2025-05-09,2025-05-09,68.68,68.32,68.68,70.49,68.45,70.31,17326200,224.0,224.0,0.0,34135.64,49519.96,15384.32,0.0,81535.74,81170.62,0.2,0.1887,0.0,38.39,0.2322,0.3839,0.55,59.86,-0.1011,-0.5898,0.4887,69.1037,64.5193,66.8115,66.8115,69.012,-0.008818,0.066705,0.022614,-920.64,-0.056464,35,False,prob_below_sell_threshold,prob_below_sell_threshold,2026-05-15,1.0,2026-05-17T18:43:33Z,-17874.85,-14.398835,-14.398835
ml_lightgbm,ML – LightGBM,DUK,lightgbm,lightgbm,lightgbm,binary,binary-2026-05,D-ml_lightgbm-cedae9f162bc,S-DUK-lightgbm-20250512-ad7727,T-ml_lightgbm-b7e479a788b9,BUY,2026-05-17T18:43:33Z,2025-05-12,2025-05-12,119.01,120.33,119.01,120.32,115.45,115.85,5661200,136.0,0.0,136.0,49519.96,33334.6,0.0,16185.36,81486.38,81056.62,0.2,0.0,0.1997,63.08,0.2616,0.6308,0.55,38.17,0.147,0.6585,-0.5115,123.7917,117.9763,120.884,120.884,119.4118,-0.023997,0.00984,0.004143,,,,,prob_above_buy_threshold,prob_above_buy_threshold,2026-05-15,1.0,2026-05-17T18:43:33Z,-17874.85,-14.398835,-14.398835
ml_lightgbm,ML – LightGBM,PG,lightgbm,lightgbm,lightgbm,binary,binary-2026-05,D-ml_lightgbm-7be3ac12920b,S-PG-lightgbm-20250519-82ddf1,T-ml_lightgbm-5fe6c768375a,SELL,2026-05-17T18:43:33Z,2025-05-19,2025-05-19,163.47,163.28,163.47,165.15,163.41,164.77,8119900,100.0,100.0,0.0,33334.6,49681.6,16347.0,0.0,81428.71,81298.71,0.2,0.2008,0.0,44.24,0.1152,0.4424,0.55,54.94,-0.9446,-1.6415,0.6969,166.4526,155.8604,161.1565,161.1565,164.9588,0.00528,0.018146,-0.037932,297.0,0.018505,25,True,prob_below_sell_threshold,prob_below_sell_threshold,2026-05-15,1.0,2026-05-17T18:43:33Z,-17577.85,-14.176206,-14.398835
ml_lightgbm,ML – LightGBM,NEE,lightgbm,lightgbm,lightgbm,binary,binary-2026-05,D-ml_lightgbm-5a6d8c2b0145,S-NEE-lightgbm-20250522-0c46d7,T-ml_lightgbm-3116b1d3e3da,BUY,2026-05-17T18:43:33Z,2025-05-22,2025-05-22,68.9,71.54,68.9,69.0,63.88,66.94,40207600,235.0,0.0,235.0,49681.6,33490.1,0.0,16191.5,81117.95,80657.35,0.2,0.0,0.2007,58.99,0.1799,0.5899,0.55,42.25,1.0657,0.9993,0.0664,75.791,63.056,69.4235,69.4235,69.0364,0.01225,0.055273,0.056618,,,,,prob_above_buy_threshold,prob_above_buy_threshold,2026-05-15,1.0,2026-05-17T18:43:33Z,-17577.85,-14.176206,-14.398835
ml_lightgbm,ML – LightGBM,JNJ,lightgbm,lightgbm,lightgbm,binary,binary-2026-05,D-ml_lightgbm-263b6f2091d1,S-JNJ-lightgbm-20250602-3f6530,T-ml_lightgbm-49cdfba0ca9d,SELL,2026-05-17T18:43:33Z,2025-06-02,2025-06-02,154.48,155.21,154.48,155.54,152.3,155.4,6669300,103.0,103.0,0.0,33490.1,49401.54,15911.44,0.0,81924.83,81830.07,0.2,0.1942,0.0,44.84,0.1031,0.4484,0.55,54.6,-0.2564,-0.7676,0.5112,158.0809,148.0471,153.064,153.064,155.0874,-0.006306,-0.001094,0.003346,-643.75,-0.038885,62,False,prob_below_sell_threshold,prob_below_sell_threshold,2026-05-15,1.0,2026-05-17T18:43:33Z,-18221.6,-14.658756,-14.658756
ml_lightgbm,ML – LightGBM,PG,lightgbm,lightgbm,lightgbm,binary,binary-2026-05,D-ml_lightgbm-90d6510f9218,S-PG-lightgbm-20250605-cf7c06,T-ml_lightgbm-c62da58d8f6e,BUY,2026-05-17T18:43:33Z,2025-06-05,2025-06-05,165.43,165.95,165.43,165.44,162.51,162.8,10351800,99.0,0.0,99.0,49401.54,33023.97,0.0,16377.57,81944.68,81684.31,0.2,0.0,0.2005,55.42,0.1085,0.5542,0.55,44.87,0.8483,0.8001,0.0482,171.4173,156.9157,164.1665,164.1665,164.4752,0.007494,0.002334,-0.014128,,,,,prob_above_buy_threshold,prob_above_buy_threshold,2026-05-15,1.0,2026-05-17T18:43:33Z,-18221.6,-14.658756,-14.658756
ml_lightgbm,ML – LightGBM,NEE,lightgbm,lightgbm,lightgbm,binary,binary-2026-05,D-ml_lightgbm-ff30ba807057,S-NEE-lightgbm-20250605-3cb0c3,T-ml_lightgbm-d7cbdf9ee95b,SELL,2026-05-17T18:43:33Z,2025-06-05,2025-06-05,70.3,69.88,70.3,72.0,69.75,71.5,10967200,235.0,235.0,0.0,33023.97,49544.47,16520.5,0.0,81944.68,81402.31,0.2,0.2016,0.0,44.26,0.1147,0.4426,0.55,55.34,0.3997,0.4156,-0.0159,75.5073,65.8967,70.702,70.702,68.7332,0.009231,0.032727,0.045455,329.0,0.020319,14,True,prob_below_sell_threshold,prob_below_sell_threshold,2026-05-15,1.0,2026-05-17T18:43:33Z,-17892.6,-14.41214,-14.658756
ml_lightgbm,ML – LightGBM,WMT,lightgbm,lightgbm,lightgbm,binary,binary-2026-05,D-ml_lightgbm-608d6d97db13,S-WMT-lightgbm-20250611-217f05,T-ml_lightgbm-79f2f9d24711,BUY,2026-05-17T18:43:33Z,2025-06-11,2025-06-11,97.29,97.32,97.29,97.29,95.35,95.8,16389600,167.0,0.0,167.0,49544.47,33297.04,0.0,16247.43,81416.96,81168.13,0.2,0.0,0.2002,56.45,0.129,0.5645,0.55,44.2,0.4817,0.8546,-0.373,99.9204,95.2576,97.589,97.589,95.0774,-0.010125,-0.007411,-0.014614,,,,,prob_above_buy_threshold,prob_above_buy_threshold,2026-05-15,1.0,2026-05-17T18:43:33Z,-17892.6,-14.41214,-14.658756
ml_lightgbm,ML – LightGBM,JNJ,lightgbm,lightgbm,lightgbm,binary,binary-2026-05,D-ml_lightgbm-fbaa3b78e110,S-JNJ-lightgbm-20250617-4f5153,T-ml_lightgbm-68562437cb65,BUY,2026-05-17T18:43:33Z,2025-06-17,2025-06-17,154.97,155.22,154.97,155.28,152.1,152.38,6407100,103.0,0.0,103.0,33297.04,17335.13,0.0,15961.91,80341.71,80074.94,0.2,0.0,0.1993,56.72,0.1344,0.5672,0.55,43.72,0.2832,0.2293,0.0539,157.1715,151.5175,154.3445,154.3445,153.8998,-0.010828,-0.000656,0.069563,,,,,prob_above_buy_threshold,prob_above_buy_threshold,2026-05-15,1.0,2026-05-17T18:43:33Z,-17892.6,-14.41214,-14.658756
ml_lightgbm,ML – LightGBM,WMT,lightgbm,lightgbm,lightgbm,binary,binary-2026-05,D-ml_lightgbm-f22ab26d896d,S-WMT-lightgbm-20250623-d82827,T-ml_lightgbm-5ec16264e721,SELL,2026-05-17T18:43:33Z,2025-06-23,2025-06-23,95.92,96.12,95.92,97.93,95.67,97.87,20432400,167.0,167.0,0.0,17335.13,33353.77,16018.64,0.0,81115.27,80789.62,0.2,0.1975,0.0,42.47,0.1506,0.4247,0.55,57.23,-0.1673,-0.001,-0.1663,100.4142,93.4828,96.9485,96.9485,96.33,0.001328,-0.00092,-0.02064,-228.79,-0.014082,12,False,prob_below_sell_threshold,prob_below_sell_threshold,2026-05-15,1.0,2026-05-17T18:43:33Z,-18121.39,-14.583639,-14.658756
ml_lightgbm,ML – LightGBM,NEE,lightgbm,lightgbm,lightgbm,binary,binary-2026-05,D-ml_lightgbm-adf0882fea5b,S-NEE-lightgbm-20250630-834669,T-ml_lightgbm-654960c1b109,BUY,2026-05-17T18:43:33Z,2025-06-30,2025-06-30,67.83,70.89,67.83,69.68,67.2,69.42,20894500,238.0,0.0,238.0,33353.77,17210.23,0.0,16143.54,80907.7,81286.12,0.2,0.0,0.1986,57.93,0.1586,0.5793,0.55,43.18,0.0511,0.4346,-0.3835,74.4009,68.9471,71.674,71.674,69.9168,0.052434,0.043791,0.036445,,,,,prob_above_buy_threshold,prob_above_buy_threshold,2026-05-15,1.0,2026-05-17T18:43:33Z,-18121.39,-14.583639,-14.658756
ml_lightgbm,ML – LightGBM,DUK,lightgbm,lightgbm,lightgbm,binary,binary-2026-05,D-ml_lightgbm-676e018020df,S-DUK-lightgbm-20250630-a6e0e3,T-ml_lightgbm-83ad21616fa2,SELL,2026-05-17T18:43:33Z,2025-06-30,2025-06-30,116.62,116.92,116.62,118.06,116.3,118.0,3486700,136.0,136.0,0.0,17210.23,33070.55,15860.32,0.0,80907.7,81098.44,0.2,0.196,0.0,42.81,0.1437,0.4281,0.55,56.66,-0.0659,-0.3491,0.2833,117.9857,114.4553,116.2205,116.2205,117.7036,0.007373,-0.014322,0.012627,-325.04,-0.020082,49,False,prob_below_sell_threshold,prob_below_sell_threshold,2026-05-15,1.0,2026-05-17T18:43:33Z,-18446.43,-14.827287,-14.827287
ml_lightgbm,ML – LightGBM,JNJ,lightgbm,lightgbm,lightgbm,binary,binary-2026-05,D-ml_lightgbm-b10f65d626f8,S-JNJ-lightgbm-20250701-e13f50,T-ml_lightgbm-1ca4eac748f1,SELL,2026-05-17T18:43:33Z,2025-07-01,2025-07-01,153.0,152.75,153.0,157.75,152.81,155.92,10896700,103.0,103.0,0.0,33070.55,48829.55,15759.0,0.0,82479.37,82178.61,0.2,0.1911,0.0,41.59,0.1682,0.4159,0.55,57.95,-0.2596,-0.3866,0.127,157.7918,149.6112,153.7015,153.7015,153.8604,-0.002309,0.002309,0.07273,-202.91,-0.012712,14,False,prob_below_sell_threshold,prob_below_sell_threshold,2026-05-15,1.0,2026-05-17T18:43:33Z,-18649.34,-14.979386,-14.979386
ml_lightgbm,ML – LightGBM,NEE,lightgbm,lightgbm,lightgbm,binary,binary-2026-05,D-ml_lightgbm-f317f1daad3e,S-NEE-lightgbm-20250701-9eeb2d,T-ml_lightgbm-a8a7ee6e07d2,SELL,2026-05-17T18:43:33Z,2025-07-01,2025-07-01,69.57,69.42,69.57,73.15,67.54,73.06,23841100,238.0,238.0,0.0,48829.55,65387.21,16557.66,0.0,82479.37,81347.99,0.2,0.2007,0.0,42.84,0.1433,0.4284,0.55,56.57,0.2033,0.3883,-0.185,74.516,69.123,71.8195,71.8195,70.0518,-0.000548,0.008076,-0.028333,414.12,0.025652,1,True,prob_below_sell_threshold,prob_below_sell_threshold,2026-05-15,1.0,2026-05-17T18:43:33Z,-18235.22,-14.668965,-14.979386
ml_lightgbm,ML – LightGBM,WMT,lightgbm,lightgbm,lightgbm,binary,binary-2026-05,D-ml_lightgbm-3ba05616aa62,S-WMT-lightgbm-20250710-508fd1,T-ml_lightgbm-4f9c2c21c3a1,BUY,2026-05-17T18:43:33Z,2025-07-10,2025-07-10,96.66,96.81,96.66,96.78,94.74,94.86,18894800,167.0,0.0,167.0,65387.21,49244.99,0.0,16142.22,81077.72,80777.12,0.2,0.0,0.1998,59.18,0.1836,0.5918,0.55,41.38,0.0947,0.2431,-0.1483,99.5887,93.5453,96.567,96.567,97.2052,-0.004849,0.002425,0.087076,,,,,prob_above_buy_threshold,prob_above_buy_threshold,2026-05-15,1.0,2026-05-17T18:43:33Z,-18235.22,-14.668965,-14.979386
ml_lightgbm,ML – LightGBM,NEE,lightgbm,lightgbm,lightgbm,binary,binary-2026-05,D-ml_lightgbm-23157fa44750,S-NEE-lightgbm-20250724-c01ae0,T-ml_lightgbm-ce643c08152f,BUY,2026-05-17T18:43:33Z,2025-07-24,2025-07-24,72.93,72.82,72.93,72.97,71.35,71.97,11166100,222.0,0.0,222.0,49244.99,33054.53,0.0,16190.46,81099.38,80886.26,0.2,0.0,0.2002,56.2,0.1239,0.562,0.55,44.68,0.7367,0.9598,-0.2231,77.6173,69.9127,73.765,73.765,72.4144,-0.001667,-0.012644,0.057107,,,,,prob_above_buy_threshold,prob_above_buy_threshold,2026-05-15,1.0,2026-05-17T18:43:33Z,-18235.22,-14.668965,-14.979386
ml_lightgbm,ML – LightGBM,WMT,lightgbm,lightgbm,lightgbm,binary,binary-2026-05,D-ml_lightgbm-2ac5422df802,S-WMT-lightgbm-20250725-52c48f,T-ml_lightgbm-acbb52657833,SELL,2026-05-17T18:43:33Z,2025-07-25,2025-07-25,96.84,96.6,96.84,97.65,96.53,97.47,12868500,167.0,167.0,0.0,33054.53,49226.81,16172.28,0.0,80954.42,80849.21,0.2,0.1998,0.0,43.02,0.1396,0.4302,0.55,56.64,-0.1315,-0.249,0.1175,99.1584,93.7916,96.475,96.475,96.789,0.001436,0.010465,-0.006566,30.06,0.001862,15,True,prob_below_sell_threshold,prob_below_sell_threshold,2026-05-15,1.0,2026-05-17T18:43:33Z,-18205.16,-14.646433,-14.979386
ml_lightgbm,ML – LightGBM,NEE,lightgbm,lightgbm,lightgbm,binary,binary-2026-05,D-ml_lightgbm-047e0c6a53f2,S-NEE-lightgbm-20250815-29a487,T-ml_lightgbm-926fdd9a483f,SELL,2026-05-17T18:43:33Z,2025-08-15,2025-08-15,72.24,72.24,72.24,76.69,71.78,75.41,23398400,222.0,222.0,0.0,49226.81,65264.09,16037.28,0.0,81249.47,80545.73,0.2,0.1974,0.0,36.09,0.2782,0.3609,0.55,62.71,0.0546,-0.2076,0.2622,76.0745,68.6845,72.3795,72.3795,72.7118,0.004111,0.012067,-0.05185,-153.18,-0.009461,22,False,prob_below_sell_threshold,prob_below_sell_threshold,2026-05-15,1.0,2026-05-17T18:43:33Z,-18358.34,-14.761255,-14.979386
ml_lightgbm,ML – LightGBM,PG,lightgbm,lightgbm,lightgbm,binary,binary-2026-05,D-ml_lightgbm-0f8da599889c,S-PG-lightgbm-20250819-efda25,T-ml_lightgbm-e368343a96ef,SELL,2026-05-17T18:43:33Z,2025-08-19,2025-08-19,155.73,155.72,155.73,158.7,155.67,158.4,7868100,99.0,99.0,0.0,65264.09,80681.36,15417.27,0.0,80945.69,80681.36,0.2,0.1905,0.0,39.36,0.2127,0.3936,0.55,59.88,-0.3745,-1.0492,0.6746,159.989,149.205,154.597,154.597,157.1304,0.007008,-0.015341,0.012184,-960.3,-0.058635,75,False,prob_below_sell_threshold,prob_below_sell_threshold,2026-05-15,1.0,2026-05-17T18:43:33Z,-19318.64,-15.481088,-15.481088
ml_lightgbm,ML – LightGBM,WMT,lightgbm,lightgbm,lightgbm,binary,binary-2026-05,D-ml_lightgbm-9e7bb58d5a78,S-WMT-lightgbm-20250821-987a3c,T-ml_lightgbm-99158aed6321,BUY,2026-05-17T18:43:33Z,2025-08-21,2025-08-21,99.41,102.57,99.41,99.45,96.95,97.96,51825100,162.0,0.0,162.0,80681.36,64576.94,0.0,16104.42,80681.36,80446.46,0.2,0.0,0.2002,57.06,0.1413,0.5706,0.55,43.81,0.8869,1.2032,-0.3163,104.946,95.903,100.4245,100.4245,97.8898,-0.011535,-0.018885,0.04461,,,,,prob_above_buy_threshold,prob_above_buy_threshold,2026-05-15,1.0,2026-05-17T18:43:33Z,-19318.64,-15.481088,-15.481088
ml_lightgbm,ML – LightGBM,NEE,lightgbm,lightgbm,lightgbm,binary,binary-2026-05,D-ml_lightgbm-7d22cb80be8a,S-NEE-lightgbm-20250828-769249,T-ml_lightgbm-4e363bb8bdd2,BUY,2026-05-17T18:43:33Z,2025-08-28,2025-08-28,73.26,73.89,73.26,73.48,71.9,72.09,10917200,218.0,0.0,218.0,64576.94,48606.26,0.0,15970.68,80146.76,79891.7,0.2,0.0,0.1999,58.39,0.1678,0.5839,0.55,42.22,0.4732,0.5898,-0.1165,77.6387,69.2463,73.4425,73.4425,73.1382,-0.000555,-0.016507,0.052157,,,,,prob_above_buy_threshold,prob_above_buy_threshold,2026-05-15,1.0,2026-05-17T18:43:33Z,-19318.64,-15.481088,-15.481088
ml_lightgbm,ML – LightGBM,DUK,lightgbm,lightgbm,lightgbm,binary,binary-2026-05,D-ml_lightgbm-a0a7d32fd11e,S-DUK-lightgbm-20250903-d276af,T-ml_lightgbm-44ee597a5c70,BUY,2026-05-17T18:43:33Z,2025-09-03,2025-09-03,121.3,121.89,121.3,121.89,120.62,121.5,2152100,132.0,0.0,132.0,48606.26,32594.66,0.0,16011.6,80330.88,80357.28,0.2,0.0,0.1993,55.32,0.1064,0.5532,0.55,45.35,0.2935,0.779,-0.4855,126.523,121.02,123.7715,123.7715,120.7576,-0.005185,-0.001235,0.007325,,,,,prob_above_buy_threshold,prob_above_buy_threshold,2026-05-15,1.0,2026-05-17T18:43:33Z,-19318.64,-15.481088,-15.481088
ml_lightgbm,ML – LightGBM,WMT,lightgbm,lightgbm,lightgbm,binary,binary-2026-05,D-ml_lightgbm-f87a73f5b5c3,S-WMT-lightgbm-20250904-da26ec,T-ml_lightgbm-9905761c69c9,SELL,2026-05-17T18:43:33Z,2025-09-04,2025-09-04,99.91,99.44,99.91,101.35,99.65,100.93,15640900,162.0,162.0,0.0,32594.66,48780.08,16185.42,0.0,80349.82,80184.58,0.2,0.2014,0.0,40.81,0.1838,0.4081,0.55,58.85,-0.1277,-0.0987,-0.029,105.2711,94.2389,99.755,99.755,98.2028,-0.004161,0.017042,0.007629,81.0,0.00503,14,True,prob_below_sell_threshold,prob_below_sell_threshold,2026-05-15,1.0,2026-05-17T18:43:33Z,-19237.64,-15.420371,-15.481088
ml_lightgbm,ML – LightGBM,JNJ,lightgbm,lightgbm,lightgbm,binary,binary-2026-05,D-ml_lightgbm-24a39711cb67,S-JNJ-lightgbm-20250918-94c58e,T-ml_lightgbm-64e2f8056c81,BUY,2026-05-17T18:43:33Z,2025-09-18,2025-09-18,176.6,177.2,176.6,177.02,173.87,174.16,8200900,90.0,0.0,90.0,48780.08,32886.08,0.0,15894.0,80103.78,79884.18,0.2,0.0,0.199,55.26,0.1053,0.5526,0.55,45.41,1.1117,1.8713,-0.7596,179.9546,174.8894,177.422,177.422,172.0378,0.011656,0.020498,0.103124,,,,,prob_above_buy_threshold,prob_above_buy_threshold,2026-05-15,1.0,2026-05-17T18:43:33Z,-19237.64,-15.420371,-15.481088
ml_lightgbm,ML – LightGBM,PG,lightgbm,lightgbm,lightgbm,binary,binary-2026-05,D-ml_lightgbm-52ea58f313d0,S-PG-lightgbm-20250922-07f528,T-ml_lightgbm-e17296415add,BUY,2026-05-17T18:43:33Z,2025-09-22,2025-09-22,156.08,156.04,156.08,156.08,153.05,153.07,8712900,103.0,0.0,103.0,32886.08,16809.84,0.0,16076.24,80385.84,80075.81,0.2,0.0,0.2008,62.02,0.2403,0.6202,0.55,38.81,-0.0749,0.4165,-0.4914,160.9047,154.2083,157.5565,157.5565,156.0844,-0.003724,0.003005,-0.007252,,,,,prob_above_buy_threshold,prob_above_buy_threshold,2026-05-15,1.0,2026-05-17T18:43:33Z,-19237.64,-15.420371,-15.481088
ml_lightgbm,ML – LightGBM,DUK,lightgbm,lightgbm,lightgbm,binary,binary-2026-05,D-ml_lightgbm-95174e1a0c09,S-DUK-lightgbm-20250923-8bf87a,T-ml_lightgbm-6ba84ffc4fce,SELL,2026-05-17T18:43:33Z,2025-09-23,2025-09-23,121.46,121.58,121.46,123.24,120.97,123.1,2123700,132.0,132.0,0.0,16809.84,32842.56,16032.72,0.0,80424.5,80208.02,0.2,0.1994,0.0,43.08,0.1383,0.4308,0.55,56.51,-0.1374,-0.2057,0.0683,123.6635,119.5885,121.626,121.626,121.871,0.004387,0.00528,0.042486,21.12,0.001319,20,True,prob_below_sell_threshold,prob_below_sell_threshold,2026-05-15,1.0,2026-05-17T18:43:33Z,-19216.52,-15.40454,-15.481088
ml_lightgbm,ML – LightGBM,NEE,lightgbm,lightgbm,lightgbm,binary,binary-2026-05,D-ml_lightgbm-8a6c57f1a033,S-NEE-lightgbm-20250924-ccfcc2,T-ml_lightgbm-3ec312b5f884,SELL,2026-05-17T18:43:33Z,2025-09-24,2025-09-24,72.19,72.32,72.19,73.88,72.05,73.83,11281800,218.0,218.0,0.0,32842.56,48579.98,15737.42,0.0,80538.86,80181.34,0.2,0.1954,0.0,39.27,0.2146,0.3927,0.55,59.68,-0.1995,-0.4903,0.2908,73.7535,69.2395,71.4965,71.4965,72.6878,0.011107,0.065556,0.122037,-233.26,-0.014606,27,False,prob_below_sell_threshold,prob_below_sell_threshold,2026-05-15,1.0,2026-05-17T18:43:33Z,-19449.78,-15.579389,-15.579389
ml_lightgbm,ML – LightGBM,JNJ,lightgbm,lightgbm,lightgbm,binary,binary-2026-05,D-ml_lightgbm-66e3b6e9b259,S-JNJ-lightgbm-20250925-c0bb6d,T-ml_lightgbm-8bd859165f6c,SELL,2026-05-17T18:43:33Z,2025-09-25,2025-09-25,177.2,176.69,177.2,178.4,175.91,177.73,8475000,90.0,90.0,0.0,48579.98,64527.98,15948.0,0.0,80247.13,80199.43,0.2,0.1987,0.0,43.93,0.1214,0.4393,0.55,55.95,0.7108,1.0998,-0.389,179.5894,174.4036,176.9965,176.9965,173.8386,0.011141,0.046419,0.082935,54.0,0.003397,7,True,prob_below_sell_threshold,prob_below_sell_threshold,2026-05-15,1.0,2026-05-17T18:43:33Z,-19395.78,-15.538911,-15.579389
ml_lightgbm,ML – LightGBM,WMT,lightgbm,lightgbm,lightgbm,binary,binary-2026-05,D-ml_lightgbm-67ff92aac1ec,S-WMT-lightgbm-20251029-8b531e,T-ml_lightgbm-fe1fec533971,BUY,2026-05-17T18:43:33Z,2025-10-29,2025-10-29,102.91,103.17,102.91,103.67,102.11,102.46,11986400,155.0,0.0,155.0,64527.98,48576.93,0.0,15951.05,79851.29,79781.54,0.2,0.0,0.1999,57.41,0.1483,0.5741,0.55,43.3,0.5769,1.0418,-0.4649,109.39,99.842,104.616,104.616,102.4102,-0.002245,-0.009662,0.064806,,,,,prob_above_buy_threshold,prob_above_buy_threshold,2026-05-15,1.0,2026-05-17T18:43:33Z,-19395.78,-15.538911,-15.579389
ml_lightgbm,ML – LightGBM,DUK,lightgbm,lightgbm,lightgbm,binary,binary-2026-05,D-ml_lightgbm-01982431fb2c,S-DUK-lightgbm-20251029-d70ec8,T-ml_lightgbm-e87f09e6b7e0,BUY,2026-05-17T18:43:33Z,2025-10-29,2025-10-29,125.65,125.65,125.65,126.07,123.82,124.29,3686400,127.0,0.0,127.0,48576.93,32619.38,0.0,15957.55,79851.29,79608.82,0.2,0.0,0.2004,56.25,0.1251,0.5625,0.55,44.35,0.842,1.264,-0.422,130.41,122.478,126.444,126.444,123.9078,0.007402,-0.004184,-0.006919,,,,,prob_above_buy_threshold,prob_above_buy_threshold,2026-05-15,1.0,2026-05-17T18:43:33Z,-19395.78,-15.538911,-15.579389
ml_lightgbm,ML – LightGBM,JNJ,lightgbm,lightgbm,lightgbm,binary,binary-2026-05,D-ml_lightgbm-dcea9cf6fe21,S-JNJ-lightgbm-20251105-ac8ec1,T-ml_lightgbm-80a8c1ca5a87,BUY,2026-05-17T18:43:33Z,2025-11-05,2025-11-05,186.64,186.86,186.64,187.83,185.4,186.0,5049400,84.0,0.0,84.0,32619.38,16941.62,0.0,15677.76,79082.39,79028.63,0.2,0.0,0.1984,55.51,0.1102,0.5551,0.55,45.28,0.6893,1.7703,-1.081,194.9035,185.3305,190.117,190.117,183.8644,0.005215,0.045108,0.088602,,,,,prob_above_buy_threshold,prob_above_buy_threshold,2026-05-15,1.0,2026-05-17T18:43:33Z,-19395.78,-15.538911,-15.579389
ml_lightgbm,ML – LightGBM,JNJ,lightgbm,lightgbm,lightgbm,binary,binary-2026-05,D-ml_lightgbm-057dc065bf01,S-JNJ-lightgbm-20251111-75d55d,T-ml_lightgbm-065d7baa4136,SELL,2026-05-17T18:43:33Z,2025-11-11,2025-11-11,189.39,188.41,189.39,193.92,189.05,193.83,7465600,84.0,84.0,0.0,16941.62,32850.38,15908.76,0.0,80262.25,79889.29,0.2,0.1982,0.0,34.14,0.3173,0.3414,0.55,65.62,0.8378,1.0591,-0.2213,195.1742,184.2828,189.7285,189.7285,184.8306,0.002889,0.031832,0.065573,231.0,0.014734,6,True,prob_below_sell_threshold,prob_below_sell_threshold,2026-05-15,1.0,2026-05-17T18:43:33Z,-19164.78,-15.365756,-15.579389
ml_lightgbm,ML – LightGBM,WMT,lightgbm,lightgbm,lightgbm,binary,binary-2026-05,D-ml_lightgbm-c4682daf536a,S-WMT-lightgbm-20251120-9f6713,T-ml_lightgbm-b7b4ccab412e,SELL,2026-05-17T18:43:33Z,2025-11-20,2025-11-20,103.94,100.61,103.94,107.91,102.68,107.11,50375900,155.0,155.0,0.0,32850.38,48961.08,16110.7,0.0,80278.58,79787.23,0.2,0.2007,0.0,35.82,0.2837,0.3582,0.55,63.01,-0.0882,-0.2685,0.1802,105.903,99.663,102.783,102.783,103.4978,-0.016712,0.031743,0.067687,159.65,0.010009,22,True,prob_below_sell_threshold,prob_below_sell_threshold,2026-05-15,1.0,2026-05-17T18:43:33Z,-19005.13,-15.246083,-15.579389
ml_lightgbm,ML – LightGBM,PG,lightgbm,lightgbm,lightgbm,binary,binary-2026-05,D-ml_lightgbm-d36e81aea76c,S-PG-lightgbm-20251121-684c65,T-ml_lightgbm-232cf41ed63b,SELL,2026-05-17T18:43:33Z,2025-11-21,2025-11-21,148.38,148.19,148.38,151.5,148.3,150.92,12018000,103.0,103.0,0.0,48961.08,64244.22,15283.14,0.0,80101.44,79839.82,0.2,0.1908,0.0,42.67,0.1467,0.4267,0.55,56.68,-0.7413,-1.1598,0.4185,151.7547,144.4964,148.1255,148.1255,150.7572,-0.026107,-0.023059,-0.054532,-793.1,-0.049334,60,False,prob_below_sell_threshold,prob_below_sell_threshold,2026-05-15,1.0,2026-05-17T18:43:33Z,-19798.23,-15.840584,-15.840584
ml_lightgbm,ML – LightGBM,PG,lightgbm,lightgbm,lightgbm,binary,binary-2026-05,D-ml_lightgbm-887ac734d909,S-PG-lightgbm-20251124-5fd1d6,T-ml_lightgbm-990cc15728af,BUY,2026-05-17T18:43:33Z,2025-11-24,2025-11-24,150.1,150.92,150.1,150.41,146.54,146.98,13846900,106.0,0.0,106.0,64244.22,48333.62,0.0,15910.6,79749.65,79418.93,0.2,0.0,0.2003,55.29,0.1059,0.5529,0.55,44.92,-0.7755,-1.083,0.3074,151.1423,144.6327,147.8875,147.8875,150.5602,0.010274,-0.00762,-0.025854,,,,,prob_above_buy_threshold,prob_above_buy_threshold,2026-05-15,1.0,2026-05-17T18:43:33Z,-19798.23,-15.840584,-15.840584
ml_lightgbm,ML – LightGBM,NEE,lightgbm,lightgbm,lightgbm,binary,binary-2026-05,D-ml_lightgbm-1ed7c212ad47,S-NEE-lightgbm-20251208-f5454e,T-ml_lightgbm-4c2a5fc459a1,BUY,2026-05-17T18:43:33Z,2025-12-08,2025-12-08,83.14,83.13,83.14,83.16,80.41,80.55,18136600,186.0,0.0,186.0,48333.62,32869.58,0.0,15464.04,77630.6,77148.86,0.2,0.0,0.2004,64.26,0.2852,0.6426,0.55,37.06,0.0824,0.588,-0.5056,86.9052,81.9818,84.4435,84.4435,83.2682,-0.011297,0.013656,-0.027064,,,,,prob_above_buy_threshold,prob_above_buy_threshold,2026-05-15,1.0,2026-05-17T18:43:33Z,-19798.23,-15.840584,-15.840584
ml_lightgbm,ML – LightGBM,PG,lightgbm,lightgbm,lightgbm,binary,binary-2026-05,D-ml_lightgbm-92b2020a6535,S-PG-lightgbm-20251217-92ca4c,T-ml_lightgbm-82963af6df53,SELL,2026-05-17T18:43:33Z,2025-12-17,2025-12-17,146.69,145.21,146.69,148.45,146.45,147.81,9833300,106.0,106.0,0.0,32869.58,48418.72,15549.14,0.0,78384.99,78266.27,0.2,0.1984,0.0,43.61,0.1278,0.4361,0.55,55.78,-1.1208,-1.5695,0.4486,152.049,138.585,145.317,145.317,147.5852,-0.015493,-0.022461,-0.022191,-361.46,-0.022718,23,False,prob_below_sell_threshold,prob_below_sell_threshold,2026-05-15,1.0,2026-05-17T18:43:33Z,-20159.69,-16.111532,-16.111532
ml_lightgbm,ML – LightGBM,PG,lightgbm,lightgbm,lightgbm,binary,binary-2026-05,D-ml_lightgbm-4bb63f6922d8,S-PG-lightgbm-20251222-abba93,T-ml_lightgbm-467d4b9b6dce,BUY,2026-05-17T18:43:33Z,2025-12-22,2025-12-22,143.71,144.46,143.71,144.4,142.42,142.69,11731400,108.0,0.0,108.0,48418.72,32898.04,0.0,15520.68,78076.26,77966.1,0.2,0.0,0.1991,57.12,0.1424,0.5712,0.55,43.34,-0.9686,-1.2604,0.2917,150.6921,138.5989,144.6455,144.6455,147.2194,0.003434,0.009531,0.050739,,,,,prob_above_buy_threshold,prob_above_buy_threshold,2026-05-15,1.0,2026-05-17T18:43:33Z,-20159.69,-16.111532,-16.111532
ml_lightgbm,ML – LightGBM,PG,lightgbm,lightgbm,lightgbm,binary,binary-2026-05,D-ml_lightgbm-92b5e488db9c,S-PG-lightgbm-20260114-03a086,T-ml_lightgbm-8ba17cfbfed5,SELL,2026-05-17T18:43:33Z,2026-01-14,2026-01-14,144.68,144.24,144.68,146.9,144.37,146.35,13475000,108.0,108.0,0.0,32898.04,48523.48,15625.44,0.0,79024.48,78844.12,0.2,0.1977,0.0,41.47,0.1705,0.4147,0.55,57.83,-0.4832,-0.9766,0.4934,147.8873,138.8717,143.3795,143.3795,144.9098,-0.011753,0.024462,0.101537,104.76,0.00675,23,True,prob_below_sell_threshold,prob_below_sell_threshold,2026-05-15,1.0,2026-05-17T18:43:33Z,-20054.93,-16.033005,-16.111532
ml_lightgbm,ML – LightGBM,NEE,lightgbm,lightgbm,lightgbm,binary,binary-2026-05,D-ml_lightgbm-1c355b5b0d17,S-NEE-lightgbm-20260114-cc527d,T-ml_lightgbm-dfbdc84d253c,SELL,2026-05-17T18:43:33Z,2026-01-14,2026-01-14,80.94,81.64,80.94,82.63,80.94,81.98,10282400,186.0,186.0,0.0,48523.48,63578.32,15054.84,0.0,79024.48,78650.68,0.2,0.1905,0.0,44.48,0.1104,0.4448,0.55,54.84,-0.2783,-0.5465,0.2682,82.1238,78.8322,80.478,80.478,82.3078,0.002562,0.037692,0.121371,-409.2,-0.026461,37,False,prob_below_sell_threshold,prob_below_sell_threshold,2026-05-15,1.0,2026-05-17T18:43:33Z,-20464.13,-16.339737,-16.339737
ml_lightgbm,ML – LightGBM,DUK,lightgbm,lightgbm,lightgbm,binary,binary-2026-05,D-ml_lightgbm-2c5cee56bc8c,S-DUK-lightgbm-20260115-e0aee8,T-ml_lightgbm-90da3f3dee49,SELL,2026-05-17T18:43:33Z,2026-01-15,2026-01-15,118.63,118.68,118.63,119.41,118.45,118.9,3716400,127.0,127.0,0.0,63578.32,78644.33,15066.01,0.0,78678.62,78644.33,0.2,0.1915,0.0,44.07,0.1186,0.4407,0.55,55.43,-0.2319,-0.6166,0.3847,118.7363,115.7317,117.234,117.234,119.294,0.002691,-0.012363,0.078217,-891.54,-0.05587,78,False,prob_below_sell_threshold,prob_below_sell_threshold,2026-05-15,1.0,2026-05-17T18:43:33Z,-21355.67,-17.008028,-17.008028
ml_lightgbm,ML – LightGBM,PG,lightgbm,lightgbm,lightgbm,binary,binary-2026-05,D-ml_lightgbm-9a3fd76d8e3b,S-PG-lightgbm-20260305-b0c2d9,T-ml_lightgbm-c4d2cbd8cb6e,BUY,2026-05-17T18:43:33Z,2026-03-05,2026-03-05,156.94,158.3,156.94,157.1,153.77,153.99,10060300,100.0,0.0,100.0,78644.33,62950.33,0.0,15694.0,78644.33,78349.33,0.2,0.0,0.2003,58.6,0.172,0.586,0.55,42.85,2.1092,3.2904,-1.1811,166.9259,154.2271,160.5765,160.5765,151.8128,-0.002338,-0.022664,-0.070589,,,,,prob_above_buy_threshold,prob_above_buy_threshold,2026-05-15,1.0,2026-05-17T18:43:33Z,-21355.67,-17.008028,-17.008028
ml_lightgbm,ML – LightGBM,JNJ,lightgbm,lightgbm,lightgbm,binary,binary-2026-05,D-ml_lightgbm-ef041cd7f536,S-JNJ-lightgbm-20260318-ea6277,T-ml_lightgbm-804aa398687c,BUY,2026-05-17T18:43:33Z,2026-03-18,2026-03-18,237.87,238.11,237.87,239.11,235.42,237.28,6811500,65.0,0.0,65.0,62950.33,47488.78,0.0,15461.55,77621.33,77582.98,0.2,0.0,0.1993,55.99,0.1198,0.5599,0.55,44.94,1.4091,3.0164,-1.6073,249.7288,237.3372,243.533,243.533,232.9308,0.001349,0.011168,-0.011548,,,,,prob_above_buy_threshold,prob_above_buy_threshold,2026-05-15,1.0,2026-05-17T18:43:33Z,-21355.67,-17.008028,-17.008028
ml_lightgbm,ML – LightGBM,WMT,lightgbm,lightgbm,lightgbm,binary,binary-2026-05,D-ml_lightgbm-4b28315cbc5c,S-WMT-lightgbm-20260318-cffb21,T-ml_lightgbm-dd1584e0fdbf,BUY,2026-05-17T18:43:33Z,2026-03-18,2026-03-18,124.33,125.08,124.33,124.61,121.83,121.98,19734900,124.0,0.0,124.0,47488.78,32071.86,0.0,15416.92,77621.33,77291.58,0.2,0.0,0.1995,57.68,0.1537,0.5768,0.55,43.25,0.0738,0.5789,-0.5051,128.6539,121.9781,125.316,125.316,123.2992,-0.007296,0.008854,0.023282,,,,,prob_above_buy_threshold,prob_above_buy_threshold,2026-05-15,1.0,2026-05-17T18:43:33Z,-21355.67,-17.008028,-17.008028
ml_lightgbm,ML – LightGBM,NEE,lightgbm,lightgbm,lightgbm,binary,binary-2026-05,D-ml_lightgbm-f4340fbc7178,S-NEE-lightgbm-20260320-1615d9,T-ml_lightgbm-1cd509d95e97,BUY,2026-05-17T18:43:33Z,2026-03-20,2026-03-20,92.74,92.41,92.74,94.21,89.17,89.5,21860800,165.0,0.0,165.0,32071.86,16769.76,0.0,15302.1,76557.38,76022.79,0.2,0.0,0.2013,57.89,0.1578,0.5789,0.55,43.23,0.392,0.8425,-0.4505,95.233,89.627,92.43,92.43,89.22,0.008156,0.021229,0.028045,,,,,prob_above_buy_threshold,prob_above_buy_threshold,2026-05-15,1.0,2026-05-17T18:43:33Z,-21355.67,-17.008028,-17.008028
ml_lightgbm,ML – LightGBM,DUK,lightgbm,lightgbm,lightgbm,binary,binary-2026-05,D-ml_lightgbm-32d65fcbf8df,S-DUK-lightgbm-20260320-7d80ad,T-ml_lightgbm-e08fe03d1acf,BUY,2026-05-17T18:43:33Z,2026-03-20,2026-03-20,130.43,129.74,130.43,130.54,126.77,126.81,7644800,117.0,0.0,117.0,16769.76,1509.45,0.0,15260.31,76557.38,75599.25,0.2,0.0,0.2019,58.27,0.1654,0.5827,0.55,42.77,1.3651,2.0867,-0.7216,134.2466,127.1324,130.6895,130.6895,125.0606,0.004179,0.025077,0.00828,,,,,prob_above_buy_threshold,prob_above_buy_threshold,2026-05-15,1.0,2026-05-17T18:43:33Z,-21355.67,-17.008028,-17.008028
ml_lightgbm,ML – LightGBM,JNJ,lightgbm,lightgbm,lightgbm,binary,binary-2026-05,D-ml_lightgbm-913edea368f1,S-JNJ-lightgbm-20260330-4202df,T-ml_lightgbm-0cab681714e5,SELL,2026-05-17T18:43:33Z,2026-03-30,2026-03-30,243.49,240.45,243.49,244.21,240.51,242.49,7241300,65.0,65.0,0.0,1509.45,17336.3,15826.85,0.0,77655.62,77720.62,0.2,0.2038,0.0,42.46,0.1509,0.4246,0.55,57.29,0.3087,0.6064,-0.2977,246.8547,234.0733,240.464,240.464,237.368,0.008042,-0.016825,-0.060621,365.3,0.023626,12,True,prob_below_sell_threshold,prob_below_sell_threshold,2026-05-15,1.0,2026-05-17T18:43:33Z,-20990.37,-16.734202,-17.008028
ml_lightgbm,ML – LightGBM,DUK,lightgbm,lightgbm,lightgbm,binary,binary-2026-05,D-ml_lightgbm-be570d65f595,S-DUK-lightgbm-20260330-8a89a4,T-ml_lightgbm-7b58275e818b,SELL,2026-05-17T18:43:33Z,2026-03-30,2026-03-30,131.45,129.99,131.45,132.71,131.07,131.71,3968800,117.0,117.0,0.0,17336.3,32715.95,15379.65,0.0,77655.62,77690.2,0.2,0.198,0.0,39.87,0.2026,0.3987,0.55,59.94,0.6834,1.0241,-0.3407,134.4195,126.6665,130.543,130.543,126.4238,-0.005846,0.000835,-0.029686,119.34,0.00782,10,True,prob_below_sell_threshold,prob_below_sell_threshold,2026-05-15,1.0,2026-05-17T18:43:33Z,-20871.03,-16.644746,-17.008028
ml_lightgbm,ML – LightGBM,NEE,lightgbm,lightgbm,lightgbm,binary,binary-2026-05,D-ml_lightgbm-92ace505ab06,S-NEE-lightgbm-20260331-3c0646,T-ml_lightgbm-5f1d32ca1971,SELL,2026-05-17T18:43:33Z,2026-03-31,2026-03-31,92.26,92.05,92.26,92.99,91.36,92.88,13914200,165.0,165.0,0.0,32715.95,47938.85,15222.9,0.0,77895.87,77793.57,0.2,0.1954,0.0,42.7,0.1461,0.427,0.55,56.86,0.2812,0.3413,-0.0601,93.3942,89.9248,91.6595,91.6595,90.6312,-0.000323,0.013889,0.013889,-79.2,-0.005176,11,False,prob_below_sell_threshold,prob_below_sell_threshold,2026-05-15,1.0,2026-05-17T18:43:33Z,-20950.23,-16.704114,-17.008028
ml_lightgbm,ML – LightGBM,WMT,lightgbm,lightgbm,lightgbm,binary,binary-2026-05,D-ml_lightgbm-72c3b47ac4eb,S-WMT-lightgbm-20260402-03fcf9,T-ml_lightgbm-5e5a0ddbff25,SELL,2026-05-17T18:43:33Z,2026-04-02,2026-04-02,125.15,124.74,125.15,125.9,124.15,125.79,11898400,124.0,124.0,0.0,47938.85,63457.45,15518.6,0.0,77848.81,77769.45,0.2,0.1993,0.0,43.4,0.1319,0.434,0.55,55.95,-0.0854,-0.3723,0.2869,127.35,119.747,123.5485,123.5485,124.4856,0.00795,0.007791,0.046188,101.68,0.006595,15,True,prob_below_sell_threshold,prob_below_sell_threshold,2026-05-15,1.0,2026-05-17T18:43:33Z,-20848.55,-16.627895,-17.008028
ml_lightgbm,ML – LightGBM,NEE,lightgbm,lightgbm,lightgbm,binary,binary-2026-05,D-ml_lightgbm-27c5e4363f2c,S-NEE-lightgbm-20260414-513b2c,T-ml_lightgbm-57e9ed8b4453,BUY,2026-05-17T18:43:33Z,2026-04-14,2026-04-14,91.69,92.3,91.69,91.87,90.58,91.31,9370600,169.0,0.0,169.0,63457.45,47961.84,0.0,15495.61,77895.45,77831.23,0.2,0.0,0.1991,55.03,0.1006,0.5503,0.55,45.33,0.4587,0.5522,-0.0935,94.8262,89.6378,92.232,92.232,91.9358,-0.000767,-0.007776,0.035922,,,,,prob_above_buy_threshold,prob_above_buy_threshold,2026-05-15,1.0,2026-05-17T18:43:33Z,-20848.55,-16.627895,-17.008028
ml_lightgbm,ML – LightGBM,DUK,lightgbm,lightgbm,lightgbm,binary,binary-2026-05,D-ml_lightgbm-c6888633c4c1,S-DUK-lightgbm-20260415-09b9b2,T-ml_lightgbm-a5a145fdf63f,BUY,2026-05-17T18:43:33Z,2026-04-15,2026-04-15,129.25,129.78,129.25,129.25,127.93,127.98,3294800,120.0,0.0,120.0,47961.84,32451.84,0.0,15510.0,77719.4,77567.0,0.2,0.0,0.2,58.57,0.1715,0.5857,0.55,41.97,0.3707,0.763,-0.3923,133.6745,126.6355,130.155,130.155,128.9742,0.005079,-0.021331,-0.03188,,,,,prob_above_buy_threshold,prob_above_buy_threshold,2026-05-15,1.0,2026-05-17T18:43:33Z,-20848.55,-16.627895,-17.008028
ml_lightgbm,ML – LightGBM,JNJ,lightgbm,lightgbm,lightgbm,binary,binary-2026-05,D-ml_lightgbm-e3eec40bc337,S-JNJ-lightgbm-20260416-212a00,T-ml_lightgbm-a2febc0a495a,BUY,2026-05-17T18:43:33Z,2026-04-16,2026-04-16,237.42,238.67,237.42,238.14,232.12,234.54,8668900,65.0,0.0,65.0,32451.84,17019.54,0.0,15432.3,77717.71,77530.51,0.2,0.0,0.199,60.96,0.2193,0.6096,0.55,39.62,-0.4473,0.1903,-0.6376,245.1555,233.7535,239.4545,239.4545,241.3234,-0.001535,-0.016586,-0.015946,,,,,prob_above_buy_threshold,prob_above_buy_threshold,2026-05-15,1.0,2026-05-17T18:43:33Z,-20848.55,-16.627895,-17.008028
ml_lightgbm,ML – LightGBM,NEE,lightgbm,lightgbm,lightgbm,binary,binary-2026-05,D-ml_lightgbm-3a2de1cf1b37,S-NEE-lightgbm-20260423-c3f69d,T-ml_lightgbm-a467bb2f0b24,SELL,2026-05-17T18:43:33Z,2026-04-23,2026-04-23,92.6,90.0,92.6,96.7,92.32,96.25,17524900,169.0,169.0,0.0,17019.54,32668.94,15649.4,0.0,78213.84,77596.99,0.2,0.2001,0.0,34.42,0.3116,0.3442,0.55,64.6,0.2051,0.1883,0.0168,95.4207,89.5933,92.507,92.507,92.3318,-0.010078,0.016935,,153.79,0.009925,9,True,prob_below_sell_threshold,prob_below_sell_threshold,2026-05-15,1.0,2026-05-17T18:43:33Z,-20694.76,-16.512616,-17.008028
ml_lightgbm,ML – LightGBM,PG,lightgbm,lightgbm,lightgbm,binary,binary-2026-05,D-ml_lightgbm-f9e41e0b7296,S-PG-lightgbm-20260424-b1e7dd,T-ml_lightgbm-a2d0b6f9e237,SELL,2026-05-17T18:43:33Z,2026-04-24,2026-04-24,152.01,145.71,152.01,152.42,147.62,148.18,13786200,100.0,100.0,0.0,32668.94,47869.94,15201.0,0.0,77546.84,77929.84,0.2,0.196,0.0,43.9,0.122,0.439,0.55,55.11,-0.9467,-1.6525,0.7058,147.5537,140.9263,144.24,144.24,150.6878,0.001485,-0.006209,,-493.0,-0.031413,50,False,prob_below_sell_threshold,prob_below_sell_threshold,2026-05-15,1.0,2026-05-17T18:43:33Z,-21187.76,-16.882164,-17.008028
ml_lightgbm,ML – LightGBM,PG,lightgbm,lightgbm,lightgbm,binary,binary-2026-05,D-ml_lightgbm-1d9fdec42124,S-PG-lightgbm-20260504-f78691,T-ml_lightgbm-e6ce9d1bb98f,BUY,2026-05-17T18:43:33Z,2026-05-04,2026-05-04,146.06,147.26,146.06,146.06,143.27,143.42,9642800,106.0,0.0,106.0,47869.94,32387.58,0.0,15482.36,77736.94,77457.1,0.2,0.0,0.1999,57.14,0.1427,0.5714,0.55,43.28,-0.2497,-0.5789,0.3292,149.5597,140.9153,145.2375,145.2375,149.1832,0.010319,-0.000418,,,,,,prob_above_buy_threshold,prob_above_buy_threshold,2026-05-15,1.0,2026-05-17T18:43:33Z,-21187.76,-16.882164,-17.008028
